client_id,source_row_index,Width,Height,Roi.X1,Roi.Y1,Roi.X2,Roi.Y2,ClassId,Path
client_3,4025,27,27,5,5,22,22,2,Train/2/00002_00041_00005.png
client_3,24360,26,27,6,6,21,22,16,Train/16/00016_00011_00000.png
client_3,19823,70,73,6,6,64,67,12,Train/12/00012_00048_00023.png
client_3,14735,41,41,5,5,36,36,9,Train/9/00009_00039_00005.png
client_3,33515,37,38,6,6,32,33,33,Train/33/00033_00014_00005.png
client_3,4655,36,36,5,5,31,31,2,Train/2/00002_00062_00005.png
client_3,9915,37,39,6,6,32,34,5,Train/5/00005_00049_00015.png
client_3,38705,44,46,6,6,39,41,40,Train/40/00040_00011_00006.png
client_3,3862,54,54,5,5,49,49,2,Train/2/00002_00035_00022.png
client_3,17216,119,108,10,10,109,98,11,Train/11/00011_00005_00026.png
client_3,14803,34,33,6,5,29,28,9,Train/9/00009_00041_00013.png
client_3,14379,32,32,6,6,27,27,9,Train/9/00009_00027_00009.png
client_3,7170,33,33,6,6,28,28,4,Train/4/00004_00024_00000.png
client_3,14997,57,60,6,5,52,55,9,Train/9/00009_00047_00027.png
client_3,20329,68,70,6,7,62,64,12,Train/12/00012_00065_00019.png
client_3,3116,82,78,7,7,74,71,2,Train/2/00002_00010_00026.png
client_3,13913,71,71,6,6,65,65,9,Train/9/00009_00011_00023.png
client_3,27935,46,42,6,5,41,37,23,Train/23/00023_00008_00005.png
client_3,34143,30,30,5,5,25,25,34,Train/34/00034_00012_00004.png
client_3,11175,42,47,5,6,37,42,7,Train/7/00007_00015_00015.png
client_3,38584,30,30,6,6,25,25,40,Train/40/00040_00007_00005.png
client_3,18397,34,32,6,6,29,26,12,Train/12/00012_00001_00007.png
client_3,33394,30,29,6,5,25,24,33,Train/33/00033_00010_00004.png
client_3,18524,60,60,6,6,54,55,12,Train/12/00012_00005_00014.png
client_3,34870,42,43,5,6,37,38,35,Train/35/00035_00022_00011.png
client_3,2866,33,34,5,5,28,29,2,Train/2/00002_00002_00016.png
client_3,26775,89,78,7,7,81,71,19,Train/19/00019_00000_00015.png
client_3,14936,95,101,9,8,86,92,9,Train/9/00009_00045_00026.png
client_3,20126,99,84,9,8,91,77,12,Train/12/00012_00058_00026.png
client_3,14322,36,37,5,6,31,32,9,Train/9/00009_00025_00012.png
client_3,14098,106,108,10,10,97,99,9,Train/9/00009_00017_00028.png
client_3,19877,46,48,5,6,41,43,12,Train/12/00012_00050_00017.png
client_3,33292,68,68,7,6,62,62,33,Train/33/00033_00006_00022.png
client_3,7685,32,33,5,6,27,28,4,Train/4/00004_00041_00005.png
client_3,11900,47,46,6,5,42,41,7,Train/7/00007_00039_00020.png
client_3,33372,85,85,7,7,78,78,33,Train/33/00033_00009_00012.png
client_3,8048,41,40,6,5,36,35,4,Train/4/00004_00053_00008.png
client_3,9739,43,42,6,5,38,37,5,Train/5/00005_00043_00019.png
client_3,27049,49,45,6,6,44,40,21,Train/21/00021_00002_00019.png
client_3,28055,27,28,5,5,22,22,23,Train/23/00023_00012_00005.png
client_3,29801,44,43,6,5,39,38,25,Train/25/00025_00044_00011.png
client_3,7018,76,82,7,7,70,75,4,Train/4/00004_00018_00028.png
client_3,34920,29,31,5,5,24,26,35,Train/35/00035_00024_00001.png
client_3,31107,93,82,8,8,85,75,28,Train/28/00028_00009_00027.png
client_3,10031,35,31,6,5,30,26,5,Train/5/00005_00053_00011.png
client_3,19620,56,56,6,6,51,51,12,Train/12/00012_00042_00000.png
client_3,8650,36,36,5,5,31,31,5,Train/5/00005_00007_00010.png
client_3,33275,30,30,5,5,24,25,33,Train/33/00033_00006_00005.png
client_3,28020,50,45,5,6,45,40,23,Train/23/00023_00011_00000.png
client_3,32988,42,42,5,5,36,37,32,Train/32/00032_00004_00018.png
client_3,712,41,41,6,6,36,36,1,Train/1/00001_00004_00022.png
client_3,28198,74,69,7,7,68,63,23,Train/23/00023_00016_00028.png
client_3,20325,59,60,6,5,54,55,12,Train/12/00012_00065_00015.png
client_3,22642,100,99,8,8,92,91,14,Train/14/00014_00000_00022.png
client_3,4157,38,39,5,6,33,34,2,Train/2/00002_00045_00017.png
client_3,34540,35,35,6,6,30,30,35,Train/35/00035_00011_00011.png
client_3,24277,62,62,5,5,57,57,16,Train/16/00016_00008_00007.png
client_3,36132,35,37,5,5,30,32,38,Train/38/00038_00004_00013.png
client_3,24417,57,59,6,6,52,54,16,Train/16/00016_00012_00027.png
client_3,29693,87,80,7,8,80,73,25,Train/25/00025_00040_00023.png
client_3,34314,41,45,5,5,36,40,35,Train/35/00035_00003_00025.png
client_3,27285,44,39,5,5,38,34,21,Train/21/00021_00010_00015.png
client_3,27795,71,64,6,5,65,59,23,Train/23/00023_00003_00015.png
client_3,35012,30,29,5,5,25,24,35,Train/35/00035_00027_00003.png
client_3,14460,26,27,5,6,21,22,9,Train/9/00009_00030_00000.png
client_3,9007,35,34,6,5,30,29,5,Train/5/00005_00019_00007.png
client_3,23190,36,40,5,6,31,35,14,Train/14/00014_00019_00000.png
client_3,3895,63,63,6,5,58,58,2,Train/2/00002_00036_00025.png
client_3,7448,32,34,5,6,27,29,4,Train/4/00004_00033_00008.png
client_3,19769,69,65,7,6,63,60,12,Train/12/00012_00046_00029.png
client_3,34471,26,27,5,6,21,22,35,Train/35/00035_00009_00002.png
client_3,38476,60,58,6,6,55,53,40,Train/40/00040_00003_00017.png
client_3,14387,41,40,5,6,36,35,9,Train/9/00009_00027_00017.png
client_3,18545,35,34,5,6,30,29,12,Train/12/00012_00006_00005.png
client_3,12454,32,31,6,5,27,26,8,Train/8/00008_00010_00004.png
client_3,34606,41,42,5,6,36,37,35,Train/35/00035_00013_00017.png
client_3,18169,44,47,6,5,39,41,11,Train/11/00011_00037_00019.png
client_3,33703,41,41,5,5,36,36,33,Train/33/00033_00020_00014.png
client_3,7158,37,38,6,6,32,32,4,Train/4/00004_00023_00018.png
client_3,2648,36,36,5,5,31,31,1,Train/1/00001_00069_00008.png
client_3,17059,51,45,5,5,46,40,11,Train/11/00011_00000_00019.png
client_3,8126,55,53,6,6,50,48,4,Train/4/00004_00055_00026.png
client_3,3387,63,68,6,7,58,62,2,Train/2/00002_00019_00027.png
client_3,34339,46,47,6,6,41,42,35,Train/35/00035_00004_00020.png
client_3,34693,51,52,5,5,46,47,35,Train/35/00035_00016_00014.png
client_3,34475,30,29,6,5,25,24,35,Train/35/00035_00009_00006.png
client_3,2008,97,97,8,8,89,89,1,Train/1/00001_00047_00028.png
client_3,8959,54,55,5,6,49,50,5,Train/5/00005_00017_00019.png
client_3,38208,50,51,6,5,45,46,39,Train/39/00039_00004_00019.png
client_3,7321,30,31,5,6,25,26,4,Train/4/00004_00029_00001.png
client_3,10262,27,29,6,6,22,23,5,Train/5/00005_00061_00002.png
client_3,8033,48,47,6,5,43,42,4,Train/4/00004_00052_00023.png
client_3,13802,28,28,6,6,23,23,9,Train/9/00009_00008_00002.png
client_3,27126,34,33,5,5,29,28,21,Train/21/00021_00005_00006.png
client_3,3716,56,49,6,5,51,43,2,Train/2/00002_00030_00026.png
client_3,32882,28,28,6,6,23,23,32,Train/32/00032_00001_00002.png
client_3,30917,52,50,5,6,47,45,28,Train/28/00028_00003_00017.png
client_3,30117,115,96,10,8,105,88,26,Train/26/00026_00004_00027.png
client_3,3586,45,45,6,6,40,40,2,Train/2/00002_00026_00016.png
client_3,6847,30,29,6,5,25,24,4,Train/4/00004_00013_00007.png
client_3,32325,49,45,5,5,44,40,31,Train/31/00031_00008_00015.png
client_3,19031,40,38,6,5,35,33,12,Train/12/00012_00022_00011.png
client_3,34577,44,45,5,6,38,40,35,Train/35/00035_00012_00018.png
client_3,14943,45,43,5,6,40,38,9,Train/9/00009_00046_00003.png
client_3,14380,33,33,6,6,27,28,9,Train/9/00009_00027_00010.png
client_3,34199,37,37,6,6,32,32,35,Train/35/00035_00000_00000.png
client_3,39135,35,34,6,6,29,28,42,Train/42/00042_00005_00016.png
client_3,3109,48,48,5,6,43,43,2,Train/2/00002_00010_00019.png
client_3,33577,38,39,6,5,33,34,33,Train/33/00033_00016_00007.png
client_3,7516,43,43,6,5,38,38,4,Train/4/00004_00035_00016.png
client_3,14737,41,41,5,5,36,36,9,Train/9/00009_00039_00007.png
client_3,3253,64,70,5,7,58,63,2,Train/2/00002_00015_00013.png
client_3,37935,40,42,6,5,35,37,38,Train/38/00038_00064_00016.png
client_3,18518,52,52,6,6,47,47,12,Train/12/00012_00005_00008.png
client_3,2022,41,42,5,6,36,37,1,Train/1/00001_00048_00012.png
client_3,13989,39,40,6,6,34,35,9,Train/9/00009_00014_00009.png
client_3,27306,39,38,6,5,33,32,22,Train/22/00022_00000_00006.png
client_3,38474,57,56,5,6,51,50,40,Train/40/00040_00003_00015.png
client_3,38416,50,50,5,6,44,45,40,Train/40/00040_00001_00017.png
client_3,28538,33,31,6,5,28,26,25,Train/25/00025_00002_00008.png
client_3,24069,47,50,5,5,42,45,16,Train/16/00016_00001_00009.png
client_3,27831,51,49,6,6,46,44,23,Train/23/00023_00004_00021.png
client_3,20247,128,127,12,11,117,116,12,Train/12/00012_00062_00027.png
client_3,34497,120,119,10,10,109,109,35,Train/35/00035_00009_00028.png
client_3,3555,36,36,6,6,31,31,2,Train/2/00002_00025_00015.png
client_3,3471,50,51,6,5,45,46,2,Train/2/00002_00022_00021.png
client_3,38482,81,77,8,7,74,70,40,Train/40/00040_00003_00023.png
client_3,14690,58,58,5,5,53,53,9,Train/9/00009_00037_00020.png
client_3,17899,29,44,5,5,24,39,11,Train/11/00011_00028_00019.png
client_3,31467,99,93,8,8,91,85,29,Train/29/00029_00003_00027.png
client_3,3134,37,32,5,5,31,27,2,Train/2/00002_00011_00014.png
client_3,24449,100,100,8,9,91,92,16,Train/16/00016_00013_00029.png
client_3,33570,36,38,5,5,31,33,33,Train/33/00033_00016_00000.png
client_3,19655,27,28,5,6,22,23,12,Train/12/00012_00043_00005.png
client_3,24354,55,56,6,5,50,51,16,Train/16/00016_00010_00024.png
client_3,9186,31,31,6,6,26,26,5,Train/5/00005_00025_00006.png
client_3,19970,64,55,5,5,59,50,12,Train/12/00012_00053_00020.png
client_3,29954,49,47,5,6,44,42,25,Train/25/00025_00049_00014.png
client_3,14827,38,40,5,6,33,35,9,Train/9/00009_00042_00007.png
client_3,29206,62,58,5,5,57,53,25,Train/25/00025_00024_00016.png
client_3,27816,32,30,6,5,27,25,23,Train/23/00023_00004_00006.png
client_3,24434,56,54,6,5,50,49,16,Train/16/00016_00013_00014.png
client_3,34566,34,35,5,5,29,30,35,Train/35/00035_00012_00007.png
client_3,28199,79,75,7,6,72,69,23,Train/23/00023_00016_00029.png
client_3,17609,143,128,13,12,131,117,11,Train/11/00011_00018_00029.png
client_3,27140,58,55,6,6,53,50,21,Train/21/00021_00005_00020.png
client_3,18495,31,28,5,6,26,23,12,Train/12/00012_00004_00015.png
client_3,14904,67,66,6,6,61,60,9,Train/9/00009_00044_00024.png
client_3,4646,93,94,9,8,85,86,2,Train/2/00002_00061_00026.png
client_3,13895,35,36,6,6,30,31,9,Train/9/00009_00011_00005.png
client_3,14826,37,39,5,6,31,33,9,Train/9/00009_00042_00006.png
client_3,23185,116,119,10,11,106,109,14,Train/14/00014_00018_00025.png
client_3,6963,30,31,6,6,25,26,4,Train/4/00004_00017_00003.png
client_3,11043,35,35,5,5,30,30,7,Train/7/00007_00011_00003.png
client_3,39042,34,35,6,6,29,29,42,Train/42/00042_00002_00013.png
client_3,3713,51,45,6,6,46,40,2,Train/2/00002_00030_00023.png
client_3,24101,32,33,5,6,27,28,16,Train/16/00016_00002_00011.png
client_3,14907,84,84,8,8,77,76,9,Train/9/00009_00044_00027.png
client_3,4662,43,45,5,6,38,40,2,Train/2/00002_00062_00012.png
client_3,8890,39,38,6,5,34,33,5,Train/5/00005_00015_00010.png
client_3,31494,75,70,7,6,69,64,29,Train/29/00029_00004_00024.png
client_3,27929,88,76,7,6,81,70,23,Train/23/00023_00007_00029.png
client_3,4348,113,110,9,10,103,101,2,Train/2/00002_00051_00028.png
client_3,38487,110,107,9,9,100,98,40,Train/40/00040_00003_00028.png
client_3,4566,44,44,6,6,39,39,2,Train/2/00002_00059_00006.png
client_3,28781,50,47,6,6,44,42,25,Train/25/00025_00010_00011.png
client_3,14613,32,33,6,6,27,28,9,Train/9/00009_00035_00003.png
client_3,19392,68,68,6,7,61,62,12,Train/12/00012_00034_00012.png
client_3,19889,101,100,8,8,92,92,12,Train/12/00012_00050_00029.png
client_3,4737,64,62,5,6,59,57,2,Train/2/00002_00064_00027.png
client_3,2843,62,62,6,6,56,57,2,Train/2/00002_00001_00023.png
client_3,10113,28,30,5,5,23,25,5,Train/5/00005_00056_00003.png
client_3,19164,68,68,6,6,62,62,12,Train/12/00012_00026_00024.png
client_3,33801,58,68,6,6,52,62,34,Train/34/00034_00000_00022.png
client_3,13609,44,44,6,6,39,39,9,Train/9/00009_00001_00019.png
client_3,32326,52,47,6,6,47,42,31,Train/31/00031_00008_00016.png
client_3,34843,36,38,5,6,31,33,35,Train/35/00035_00021_00014.png
client_3,36058,99,128,8,11,91,116,38,Train/38/00038_00001_00029.png
client_3,13773,29,29,5,5,24,24,9,Train/9/00009_00007_00003.png
client_3,27644,45,44,5,6,40,39,22,Train/22/00022_00011_00014.png
client_3,19067,44,45,5,6,39,40,12,Train/12/00012_00023_00017.png
client_3,18412,58,54,6,5,52,49,12,Train/12/00012_00001_00022.png
client_3,34384,31,31,6,5,26,26,35,Train/35/00035_00006_00005.png
client_3,18746,106,104,10,9,97,95,12,Train/12/00012_00012_00026.png
client_3,33445,79,80,7,8,72,73,33,Train/33/00033_00011_00025.png
client_3,31631,44,39,6,5,39,34,30,Train/30/00030_00000_00011.png
client_3,20037,95,94,9,9,86,86,12,Train/12/00012_00055_00027.png
client_3,30995,44,41,5,6,38,36,28,Train/28/00028_00006_00005.png
client_3,4734,52,52,5,6,47,47,2,Train/2/00002_00064_00024.png
client_3,2954,38,38,5,5,33,33,2,Train/2/00002_00005_00014.png
client_3,35306,75,71,6,6,69,65,35,Train/35/00035_00036_00027.png
client_3,3160,52,51,5,5,47,46,2,Train/2/00002_00012_00010.png
client_3,31359,32,42,6,5,27,37,29,Train/29/00029_00000_00009.png
client_3,39009,34,36,5,6,29,31,42,Train/42/00042_00001_00010.png
client_3,20429,95,88,9,8,87,81,12,Train/12/00012_00068_00029.png
client_3,39200,44,46,5,5,39,41,42,Train/42/00042_00007_00021.png
client_3,4235,31,29,6,5,26,24,2,Train/2/00002_00048_00005.png
client_3,27787,58,53,6,5,53,48,23,Train/23/00023_00003_00007.png
client_3,6563,51,52,6,6,46,47,4,Train/4/00004_00003_00023.png
client_3,24370,30,32,5,6,25,27,16,Train/16/00016_00011_00010.png
client_3,7168,44,45,5,6,39,40,4,Train/4/00004_00023_00028.png
client_3,2235,62,72,5,6,57,66,1,Train/1/00001_00055_00015.png
client_3,3382,52,53,6,6,47,48,2,Train/2/00002_00019_00022.png
client_3,11389,56,55,6,5,51,50,7,Train/7/00007_00022_00019.png
client_3,34796,56,57,5,6,51,52,35,Train/35/00035_00019_00027.png
client_3,18443,81,82,7,7,73,75,12,Train/12/00012_00002_00023.png
client_3,38611,28,32,5,5,23,27,40,Train/40/00040_00008_00002.png
client_3,38493,42,41,6,5,37,36,40,Train/40/00040_00004_00004.png
client_3,21099,36,33,6,6,31,28,13,Train/13/00013_00021_00009.png
client_3,27648,51,48,6,5,46,43,22,Train/22/00022_00011_00018.png
client_3,24436,59,58,6,6,53,53,16,Train/16/00016_00013_00016.png
client_3,4074,53,54,6,6,48,49,2,Train/2/00002_00042_00024.png
client_3,14948,48,46,5,6,43,41,9,Train/9/00009_00046_00008.png
client_3,19634,74,74,6,6,68,68,12,Train/12/00012_00042_00014.png
client_3,32603,108,99,9,9,99,91,31,Train/31/00031_00017_00023.png
client_3,38575,105,104,10,10,96,95,40,Train/40/00040_00006_00026.png
client_3,33779,26,31,6,5,21,25,34,Train/34/00034_00000_00000.png
client_3,38437,37,36,6,5,31,30,40,Train/40/00040_00002_00008.png
client_3,3380,48,50,5,5,43,45,2,Train/2/00002_00019_00020.png
client_3,14109,32,32,5,5,27,27,9,Train/9/00009_00018_00009.png
client_3,24114,49,49,5,5,44,44,16,Train/16/00016_00002_00024.png
client_3,14193,40,40,6,6,35,35,9,Train/9/00009_00021_00003.png
client_3,11415,36,36,5,5,31,31,7,Train/7/00007_00023_00015.png
client_3,14326,43,43,6,6,38,38,9,Train/9/00009_00025_00016.png
client_3,14641,34,34,5,5,29,29,9,Train/9/00009_00036_00001.png
client_3,28617,72,63,6,6,65,58,25,Train/25/00025_00004_00027.png
client_3,4559,72,73,6,6,66,67,2,Train/2/00002_00058_00029.png
client_3,14543,63,63,6,6,58,58,9,Train/9/00009_00032_00023.png
client_3,18694,38,40,5,5,33,34,12,Train/12/00012_00011_00004.png
client_3,14194,39,41,5,6,34,35,9,Train/9/00009_00021_00004.png
client_3,4516,44,42,6,5,39,37,2,Train/2/00002_00057_00016.png
client_3,33743,47,52,6,6,42,47,33,Train/33/00033_00021_00024.png
client_3,28581,136,119,12,11,125,109,25,Train/25/00025_00003_00021.png
client_3,14761,42,42,6,5,37,37,9,Train/9/00009_00040_00001.png
client_3,27680,57,53,5,5,52,48,22,Train/22/00022_00012_00020.png
client_3,34248,40,41,5,6,34,35,35,Train/35/00035_00001_00019.png
client_3,14165,29,30,5,5,24,25,9,Train/9/00009_00020_00005.png
client_3,33260,72,70,7,7,66,64,33,Train/33/00033_00005_00020.png
client_3,27137,50,47,6,6,45,42,21,Train/21/00021_00005_00017.png
client_3,14364,99,97,8,8,91,89,9,Train/9/00009_00026_00024.png
client_3,14089,46,50,6,6,41,45,9,Train/9/00009_00017_00019.png
client_3,14470,31,31,6,5,26,26,9,Train/9/00009_00030_00010.png
client_3,19120,36,43,5,5,31,38,12,Train/12/00012_00025_00010.png
client_3,18528,71,70,6,7,65,64,12,Train/12/00012_00005_00018.png
client_3,27890,53,47,6,5,48,42,23,Train/23/00023_00006_00020.png
client_3,4532,26,27,5,6,21,22,2,Train/2/00002_00058_00002.png
client_3,18935,33,32,6,5,28,27,12,Train/12/00012_00019_00005.png
client_3,19222,50,50,5,5,45,45,12,Train/12/00012_00028_00022.png
client_3,38529,63,63,5,5,58,58,40,Train/40/00040_00005_00010.png
client_3,14199,43,42,6,6,37,37,9,Train/9/00009_00021_00009.png
client_3,30900,34,33,5,6,29,28,28,Train/28/00028_00003_00000.png
client_3,38576,113,110,10,9,103,101,40,Train/40/00040_00006_00027.png
client_3,6658,116,118,10,10,106,108,4,Train/4/00004_00006_00028.png
client_3,4362,65,64,6,6,59,58,2,Train/2/00002_00052_00012.png
client_3,3860,50,49,6,5,45,44,2,Train/2/00002_00035_00020.png
client_3,18094,52,57,5,6,47,52,11,Train/11/00011_00035_00004.png
client_3,19109,88,89,7,8,81,82,12,Train/12/00012_00024_00029.png
client_3,34960,38,37,6,5,33,32,35,Train/35/00035_00025_00011.png
client_3,31612,84,75,7,6,77,69,29,Train/29/00029_00008_00022.png
client_3,36371,30,30,5,6,25,25,38,Train/38/00038_00012_00012.png
client_3,33144,63,63,6,6,58,58,33,Train/33/00033_00001_00024.png
client_3,12822,36,35,5,6,30,29,8,Train/8/00008_00022_00012.png
client_3,33334,50,50,6,5,45,45,33,Train/33/00033_00008_00004.png
client_3,3544,28,28,5,5,23,23,2,Train/2/00002_00025_00004.png
client_3,28168,189,164,17,14,173,150,23,Train/23/00023_00015_00028.png
client_3,20002,60,58,5,5,55,53,12,Train/12/00012_00054_00022.png
client_3,4818,47,46,5,5,41,40,2,Train/2/00002_00067_00018.png
client_3,33757,27,27,5,5,22,22,33,Train/33/00033_00022_00008.png
client_3,4191,46,49,6,6,41,44,2,Train/2/00002_00046_00021.png
client_3,7327,32,33,5,6,27,28,4,Train/4/00004_00029_00007.png
client_3,38711,46,49,5,6,41,44,40,Train/40/00040_00011_00012.png
client_3,24229,107,108,9,10,97,98,16,Train/16/00016_00006_00019.png
client_3,34640,51,52,6,6,46,47,35,Train/35/00035_00014_00021.png
client_3,2917,34,33,6,5,28,27,2,Train/2/00002_00004_00007.png
client_3,14662,69,70,6,7,63,64,9,Train/9/00009_00036_00022.png
client_3,14382,35,33,5,5,29,28,9,Train/9/00009_00027_00012.png
client_3,38627,71,73,6,7,65,66,40,Train/40/00040_00008_00018.png
client_3,4913,47,45,5,5,42,40,2,Train/2/00002_00070_00023.png
client_3,27809,170,151,14,13,156,138,23,Train/23/00023_00003_00029.png
client_3,18926,98,101,9,9,90,93,12,Train/12/00012_00018_00026.png
client_3,34727,56,57,6,5,51,52,35,Train/35/00035_00017_00018.png
client_3,4696,35,34,6,5,30,29,2,Train/2/00002_00063_00016.png
client_3,34735,106,105,9,10,97,96,35,Train/35/00035_00017_00026.png
client_3,19594,30,31,5,6,25,26,12,Train/12/00012_00041_00004.png
client_3,5658,42,42,6,6,37,37,3,Train/3/00003_00020_00018.png
client_3,35614,30,32,5,6,25,27,36,Train/36/00036_00007_00005.png
client_3,4438,63,64,5,6,58,59,2,Train/2/00002_00054_00028.png
client_3,27201,69,61,7,6,63,56,21,Train/21/00021_00007_00021.png
client_3,15007,29,31,6,6,24,25,9,Train/9/00009_00048_00007.png
client_3,24198,36,37,5,6,31,32,16,Train/16/00016_00005_00018.png
client_3,30507,82,69,7,6,75,63,26,Train/26/00026_00017_00027.png
client_3,4972,42,45,6,6,36,39,2,Train/2/00002_00072_00022.png
client_3,27043,40,39,5,5,35,34,21,Train/21/00021_00002_00013.png
client_3,14276,48,50,6,5,43,45,9,Train/9/00009_00023_00026.png
client_3,27545,30,26,6,5,24,21,22,Train/22/00022_00008_00005.png
client_3,19895,35,34,6,5,30,29,12,Train/12/00012_00051_00005.png
client_3,18358,56,55,5,6,51,50,11,Train/11/00011_00043_00028.png
client_3,7553,69,68,6,6,62,62,4,Train/4/00004_00036_00023.png
client_3,30953,60,55,6,6,54,50,28,Train/28/00028_00004_00023.png
client_3,18861,44,43,6,5,39,37,12,Train/12/00012_00016_00021.png
client_3,31599,48,44,5,5,43,39,29,Train/29/00029_00008_00009.png
client_3,14386,40,37,6,5,35,32,9,Train/9/00009_00027_00016.png
client_3,19314,68,67,7,6,62,61,12,Train/12/00012_00031_00024.png
client_3,4864,29,30,6,6,24,25,2,Train/2/00002_00069_00004.png
client_3,33093,28,27,6,5,23,22,33,Train/33/00033_00000_00003.png
client_3,38275,41,41,5,5,36,36,39,Train/39/00039_00006_00026.png
client_3,3919,43,42,5,5,38,37,2,Train/2/00002_00037_00019.png
client_3,3826,40,43,5,6,35,38,2,Train/2/00002_00034_00016.png
client_3,27020,53,49,6,5,48,44,21,Train/21/00021_00001_00020.png
client_3,33280,34,36,5,6,28,30,33,Train/33/00033_00006_00010.png
client_3,13660,32,33,5,6,27,28,9,Train/9/00009_00003_00010.png
client_3,14062,57,56,6,5,52,51,9,Train/9/00009_00016_00022.png
client_3,4892,30,29,6,5,25,24,2,Train/2/00002_00070_00002.png
client_3,4641,68,69,6,6,62,63,2,Train/2/00002_00061_00021.png
client_3,7092,38,38,6,6,33,33,4,Train/4/00004_00021_00012.png
client_3,14065,60,62,5,6,55,57,9,Train/9/00009_00016_00025.png
client_3,14494,29,28,5,5,23,23,9,Train/9/00009_00031_00004.png
client_3,17442,52,49,5,5,46,44,11,Train/11/00011_00013_00012.png
client_3,4473,32,31,6,6,27,26,2,Train/2/00002_00056_00003.png
client_3,13761,47,46,6,6,42,41,9,Train/9/00009_00006_00021.png
client_3,8998,47,44,6,5,42,39,5,Train/5/00005_00018_00028.png
client_3,38724,56,59,5,5,51,54,40,Train/40/00040_00011_00025.png
client_3,2985,36,36,6,5,30,30,2,Train/2/00002_00006_00015.png
client_3,32382,37,34,6,6,31,28,31,Train/31/00031_00010_00012.png
client_3,19697,47,47,6,6,42,42,12,Train/12/00012_00044_00017.png
client_3,7624,34,33,6,5,29,28,4,Train/4/00004_00039_00004.png
client_3,19010,57,57,6,5,52,52,12,Train/12/00012_00021_00020.png
client_3,4083,27,27,6,5,22,22,2,Train/2/00002_00043_00003.png
client_3,18667,40,35,6,5,35,30,12,Train/12/00012_00010_00007.png
client_3,33468,40,40,5,6,35,35,33,Train/33/00033_00012_00018.png
client_3,33473,43,39,6,5,38,34,33,Train/33/00033_00012_00023.png
client_3,31473,39,39,6,6,34,34,29,Train/29/00029_00004_00003.png
client_3,27006,35,34,5,6,30,29,21,Train/21/00021_00001_00006.png
client_3,33220,34,36,5,6,29,31,33,Train/33/00033_00004_00010.png
client_3,35339,27,26,6,5,22,21,35,Train/35/00035_00038_00000.png
client_3,27726,74,72,6,7,67,65,23,Train/23/00023_00001_00006.png
client_3,27842,31,31,5,6,26,26,23,Train/23/00023_00005_00002.png
client_3,1678,81,81,7,7,74,74,1,Train/1/00001_00036_00028.png
client_3,27991,39,37,6,6,34,32,23,Train/23/00023_00010_00001.png
client_3,27443,56,52,5,5,50,47,22,Train/22/00022_00004_00023.png
client_3,24384,46,46,6,5,41,41,16,Train/16/00016_00011_00024.png
client_3,33733,41,44,6,6,36,39,33,Train/33/00033_00021_00014.png
client_3,13570,38,40,5,6,33,35,9,Train/9/00009_00000_00010.png
client_3,27763,49,46,5,5,44,41,23,Train/23/00023_00002_00013.png
client_3,20304,77,82,7,8,71,75,12,Train/12/00012_00064_00024.png
client_3,19110,31,34,6,5,26,29,12,Train/12/00012_00025_00000.png
client_3,8039,74,71,7,6,67,65,4,Train/4/00004_00052_00029.png
client_3,4754,61,61,6,6,55,56,2,Train/2/00002_00065_00014.png
client_3,19049,81,76,8,7,74,70,12,Train/12/00012_00022_00029.png
client_3,24421,50,49,5,5,44,44,16,Train/16/00016_00013_00001.png
client_3,14042,44,44,6,5,39,39,9,Train/9/00009_00016_00002.png
client_3,38566,57,58,5,6,52,53,40,Train/40/00040_00006_00017.png
client_3,17147,58,54,6,6,52,48,11,Train/11/00011_00003_00017.png
client_3,27552,37,35,6,6,32,30,22,Train/22/00022_00008_00012.png
client_3,8330,46,46,6,6,41,41,4,Train/4/00004_00062_00020.png
client_3,3965,29,29,6,6,24,24,2,Train/2/00002_00039_00005.png
client_3,27574,35,33,5,5,30,28,22,Train/22/00022_00009_00004.png
client_3,5396,79,79,7,7,72,72,3,Train/3/00003_00011_00026.png
client_3,24050,95,95,8,9,87,87,16,Train/16/00016_00000_00020.png
client_3,19917,56,57,6,6,51,52,12,Train/12/00012_00051_00027.png
client_3,8781,57,58,6,6,52,53,5,Train/5/00005_00011_00021.png
client_3,33315,68,70,6,6,62,64,33,Train/33/00033_00007_00015.png
client_3,27034,32,31,5,6,27,26,21,Train/21/00021_00002_00004.png
client_3,4644,81,81,8,8,74,74,2,Train/2/00002_00061_00024.png
client_3,8114,38,37,5,5,33,32,4,Train/4/00004_00055_00014.png
client_3,9850,34,36,5,6,29,30,5,Train/5/00005_00047_00010.png
client_3,6575,48,48,6,6,43,43,4,Train/4/00004_00004_00005.png
client_3,34927,33,33,6,5,28,28,35,Train/35/00035_00024_00008.png
client_3,13800,27,26,6,5,21,20,9,Train/9/00009_00008_00000.png
client_3,27179,141,124,13,10,129,114,21,Train/21/00021_00006_00029.png
client_3,19669,42,41,6,5,37,36,12,Train/12/00012_00043_00019.png
client_3,13810,29,29,5,5,24,24,9,Train/9/00009_00008_00010.png
client_3,14173,30,30,6,5,25,25,9,Train/9/00009_00020_00013.png
client_3,3115,74,71,7,7,67,64,2,Train/2/00002_00010_00025.png
client_3,32159,191,176,16,15,175,161,31,Train/31/00031_00002_00029.png
client_3,6987,47,50,5,5,42,45,4,Train/4/00004_00017_00027.png
client_3,1656,33,34,5,5,28,29,1,Train/1/00001_00036_00006.png
client_3,8524,29,27,6,5,24,22,5,Train/5/00005_00003_00004.png
client_3,9999,34,34,5,5,29,29,5,Train/5/00005_00052_00009.png
client_3,14708,37,37,6,6,32,32,9,Train/9/00009_00038_00008.png
client_3,3926,59,58,6,6,54,53,2,Train/2/00002_00037_00026.png
client_3,7341,53,53,5,5,48,48,4,Train/4/00004_00029_00021.png
client_3,38478,64,61,6,6,58,55,40,Train/40/00040_00003_00019.png
client_3,11148,54,55,5,5,49,50,7,Train/7/00007_00014_00018.png
client_3,34100,44,53,6,6,39,48,34,Train/34/00034_00010_00021.png
client_3,19308,56,56,5,5,51,51,12,Train/12/00012_00031_00018.png
client_3,27045,41,41,5,6,36,36,21,Train/21/00021_00002_00015.png
client_3,20276,73,76,7,7,67,70,12,Train/12/00012_00063_00026.png
client_3,20144,38,38,6,6,33,33,12,Train/12/00012_00059_00014.png
client_3,20323,56,57,6,6,51,52,12,Train/12/00012_00065_00013.png
client_3,14260,33,36,5,6,28,31,9,Train/9/00009_00023_00010.png
client_3,20410,34,36,6,6,29,31,12,Train/12/00012_00068_00010.png
client_3,33676,33,36,5,6,28,31,33,Train/33/00033_00019_00016.png
client_3,3795,34,36,6,6,29,31,2,Train/2/00002_00033_00015.png
client_3,14960,74,73,7,7,68,67,9,Train/9/00009_00046_00020.png
client_3,8195,30,31,5,6,25,26,4,Train/4/00004_00058_00005.png
client_3,38374,38,36,5,6,33,31,40,Train/40/00040_00000_00005.png
client_3,1799,130,128,11,12,119,117,1,Train/1/00001_00040_00029.png
client_3,33629,53,94,5,8,48,86,33,Train/33/00033_00017_00029.png
client_3,33293,74,74,7,6,68,68,33,Train/33/00033_00006_00023.png
client_3,13985,35,35,6,6,30,30,9,Train/9/00009_00014_00005.png
client_3,14163,29,29,5,5,24,24,9,Train/9/00009_00020_00003.png
client_3,33729,38,43,5,6,33,37,33,Train/33/00033_00021_00010.png
client_3,9481,28,28,6,6,23,23,5,Train/5/00005_00035_00001.png
client_3,18475,72,73,6,6,66,67,12,Train/12/00012_00003_00025.png
client_3,4444,29,29,6,5,24,23,2,Train/2/00002_00055_00004.png
client_3,23756,71,80,7,7,65,73,15,Train/15/00015_00011_00026.png
client_3,38631,89,88,8,8,81,81,40,Train/40/00040_00008_00022.png
client_3,29749,57,53,5,5,52,48,25,Train/25/00025_00042_00019.png
client_3,28469,57,57,5,5,52,52,24,Train/24/00024_00008_00029.png
client_3,7606,42,41,6,5,37,36,4,Train/4/00004_00038_00016.png
client_3,19828,100,97,9,9,92,89,12,Train/12/00012_00048_00028.png
client_3,4975,48,50,6,5,42,45,2,Train/2/00002_00072_00025.png
client_3,29351,60,58,5,6,55,53,25,Train/25/00025_00029_00011.png
client_3,20379,39,37,6,5,34,32,12,Train/12/00012_00067_00009.png
client_3,38550,35,35,6,5,30,29,40,Train/40/00040_00006_00001.png
client_3,15517,33,33,5,5,28,28,10,Train/10/00010_00016_00007.png
client_3,29697,134,120,11,10,123,109,25,Train/25/00025_00040_00027.png
client_3,11608,72,76,7,7,66,70,7,Train/7/00007_00029_00028.png
client_3,22052,39,38,6,5,34,33,13,Train/13/00013_00053_00002.png
client_3,14557,34,32,6,6,29,27,9,Train/9/00009_00033_00007.png
client_3,3510,30,31,5,6,25,26,2,Train/2/00002_00024_00000.png
client_3,24388,55,53,6,5,49,48,16,Train/16/00016_00011_00028.png
client_3,23927,44,44,5,6,39,39,15,Train/15/00015_00017_00017.png
client_3,34042,53,56,5,6,48,51,34,Train/34/00034_00008_00023.png
client_3,1992,41,40,6,5,36,35,1,Train/1/00001_00047_00012.png
client_3,21342,37,34,6,5,32,29,13,Train/13/00013_00029_00012.png
client_3,8396,52,50,6,6,47,45,4,Train/4/00004_00064_00026.png
client_3,20302,60,64,5,6,55,59,12,Train/12/00012_00064_00022.png
client_3,495,72,75,7,6,65,68,0,Train/0/00000_00004_00015.png
client_3,31190,53,48,6,5,48,43,28,Train/28/00028_00012_00020.png
client_3,3849,38,38,6,6,33,33,2,Train/2/00002_00035_00009.png
client_3,30859,58,54,6,6,52,49,28,Train/28/00028_00001_00019.png
client_3,29400,33,33,6,6,28,28,25,Train/25/00025_00031_00000.png
client_3,33187,35,34,6,5,30,29,33,Train/33/00033_00003_00007.png
client_3,31314,71,72,6,6,65,66,28,Train/28/00028_00016_00024.png
client_3,32414,40,41,5,5,35,36,31,Train/31/00031_00011_00014.png
client_3,27114,57,50,6,6,52,45,21,Train/21/00021_00004_00024.png
client_3,33549,31,35,5,5,26,30,33,Train/33/00033_00015_00009.png
client_3,6979,39,41,5,5,34,36,4,Train/4/00004_00017_00019.png
client_3,26995,99,94,9,9,91,86,21,Train/21/00021_00000_00025.png
client_3,8134,30,31,5,6,25,26,4,Train/4/00004_00056_00004.png
client_3,8599,39,39,6,5,34,34,5,Train/5/00005_00005_00019.png
client_3,34121,32,31,6,5,27,26,34,Train/34/00034_00011_00012.png
client_3,18558,68,68,6,7,62,62,12,Train/12/00012_00006_00018.png
client_3,33647,38,51,6,5,32,45,33,Train/33/00033_00018_00017.png
client_3,1068,51,51,6,6,46,46,1,Train/1/00001_00016_00018.png
client_3,7219,55,55,5,6,50,50,4,Train/4/00004_00025_00019.png
client_3,2404,33,35,5,5,28,30,1,Train/1/00001_00061_00004.png
client_3,3506,52,52,6,6,47,47,2,Train/2/00002_00023_00026.png
client_3,22750,46,47,5,6,41,41,14,Train/14/00014_00004_00010.png
client_3,14821,32,34,5,5,27,29,9,Train/9/00009_00042_00001.png
client_3,27585,49,43,6,6,44,38,22,Train/22/00022_00009_00015.png
client_3,27993,40,39,5,6,35,34,23,Train/23/00023_00010_00003.png
client_3,20113,50,48,5,6,45,43,12,Train/12/00012_00058_00013.png
client_3,3762,35,34,5,6,30,29,2,Train/2/00002_00032_00012.png
client_3,22931,71,81,7,8,65,74,14,Train/14/00014_00010_00011.png
client_3,14474,36,38,6,6,31,32,9,Train/9/00009_00030_00014.png
client_3,28704,107,93,10,9,97,85,25,Train/25/00025_00007_00024.png
client_3,38385,49,47,5,6,44,42,40,Train/40/00040_00000_00016.png
client_3,8009,117,111,10,9,107,102,4,Train/4/00004_00051_00029.png
client_3,19845,40,41,6,6,35,36,12,Train/12/00012_00049_00015.png
client_3,38593,37,37,6,5,32,32,40,Train/40/00040_00007_00014.png
client_3,18890,59,59,5,5,53,53,12,Train/12/00012_00017_00020.png
client_3,14991,43,46,5,6,38,41,9,Train/9/00009_00047_00021.png
client_3,13702,47,48,5,6,42,43,9,Train/9/00009_00004_00022.png
client_3,19761,48,48,5,5,43,43,12,Train/12/00012_00046_00021.png
client_3,39019,48,49,5,6,43,44,42,Train/42/00042_00001_00020.png
client_3,27136,47,45,5,5,42,40,21,Train/21/00021_00005_00016.png
client_3,31485,52,48,5,5,47,43,29,Train/29/00029_00004_00015.png
client_3,19821,64,69,5,6,59,63,12,Train/12/00012_00048_00021.png
client_3,3727,33,36,5,6,28,30,2,Train/2/00002_00031_00007.png
client_3,27065,34,32,6,5,29,27,21,Train/21/00021_00003_00005.png
client_3,11058,51,50,6,5,46,45,7,Train/7/00007_00011_00018.png
client_3,13910,58,59,6,6,53,53,9,Train/9/00009_00011_00020.png
client_3,18720,32,32,5,5,27,27,12,Train/12/00012_00012_00000.png
client_3,34265,34,35,5,5,29,30,35,Train/35/00035_00002_00006.png
client_3,8537,36,36,6,6,31,30,5,Train/5/00005_00003_00017.png
client_3,9588,39,39,5,5,33,34,5,Train/5/00005_00038_00018.png
client_3,6701,34,34,6,5,28,29,4,Train/4/00004_00008_00011.png
client_3,29531,37,35,6,5,32,30,25,Train/25/00025_00035_00011.png
client_3,13684,29,29,6,6,24,24,9,Train/9/00009_00004_00004.png
client_3,27315,52,49,5,6,47,43,22,Train/22/00022_00000_00015.png
client_3,14222,32,32,6,6,27,27,9,Train/9/00009_00022_00002.png
client_3,14029,43,43,5,5,38,38,9,Train/9/00009_00015_00019.png
client_3,20167,45,45,6,6,40,40,12,Train/12/00012_00060_00007.png
client_3,510,27,27,5,6,22,22,0,Train/0/00000_00005_00000.png
client_3,14938,119,130,11,12,109,119,9,Train/9/00009_00045_00028.png
client_3,28669,38,36,5,5,32,31,25,Train/25/00025_00006_00019.png
client_3,27708,44,43,6,6,39,38,23,Train/23/00023_00000_00018.png
client_3,3994,26,27,5,5,21,21,2,Train/2/00002_00040_00004.png
client_3,3923,49,50,5,5,44,45,2,Train/2/00002_00037_00023.png
client_3,19767,60,59,5,6,55,54,12,Train/12/00012_00046_00027.png
client_3,4012,43,44,6,6,38,39,2,Train/2/00002_00040_00022.png
client_3,13641,58,61,5,6,53,56,9,Train/9/00009_00002_00021.png
client_3,39144,49,49,6,6,44,44,42,Train/42/00042_00005_00025.png
client_3,22874,43,49,5,5,38,44,14,Train/14/00014_00008_00014.png
client_3,8012,27,29,6,6,22,23,4,Train/4/00004_00052_00002.png
client_3,14720,44,47,5,6,39,42,9,Train/9/00009_00038_00020.png
client_3,7885,86,83,8,8,78,76,4,Train/4/00004_00047_00025.png
client_3,18569,98,97,9,8,90,88,12,Train/12/00012_00006_00029.png
client_3,4321,30,30,5,6,25,25,2,Train/2/00002_00051_00001.png
client_3,14406,48,49,5,5,43,44,9,Train/9/00009_00028_00006.png
client_3,31490,57,55,6,5,52,49,29,Train/29/00029_00004_00020.png
client_3,33864,65,63,6,5,59,58,34,Train/34/00034_00002_00025.png
client_3,14287,33,35,6,5,28,29,9,Train/9/00009_00024_00007.png
client_3,31008,61,55,6,5,56,50,28,Train/28/00028_00006_00018.png
client_3,33020,32,35,5,6,27,30,32,Train/32/00032_00005_00020.png
client_3,33313,62,63,6,6,56,58,33,Train/33/00033_00007_00013.png
client_3,18657,86,85,8,7,79,77,12,Train/12/00012_00009_00027.png
client_3,7438,95,96,9,8,87,88,4,Train/4/00004_00032_00028.png
client_3,8154,46,52,6,6,41,47,4,Train/4/00004_00056_00024.png
client_3,8510,38,38,6,5,33,33,5,Train/5/00005_00002_00020.png
client_3,19358,40,46,5,5,35,41,12,Train/12/00012_00033_00008.png
client_3,18154,34,36,5,6,28,31,11,Train/11/00011_00037_00004.png
client_3,37132,62,64,5,6,57,59,38,Train/38/00038_00037_00023.png
client_3,10786,55,58,6,6,49,53,7,Train/7/00007_00002_00016.png
client_3,38972,28,29,5,6,23,24,42,Train/42/00042_00000_00003.png
client_3,13685,29,28,6,5,24,23,9,Train/9/00009_00004_00005.png
client_3,17154,98,87,9,7,90,79,11,Train/11/00011_00003_00024.png
client_3,13268,34,34,5,6,29,29,8,Train/8/00008_00037_00008.png
client_3,34534,33,33,5,5,28,28,35,Train/35/00035_00011_00005.png
client_3,27937,46,43,5,5,41,38,23,Train/23/00023_00008_00007.png
client_3,8320,36,37,5,6,31,32,4,Train/4/00004_00062_00010.png
client_3,27187,38,39,5,6,33,33,21,Train/21/00021_00007_00007.png
client_3,19385,57,56,6,5,52,51,12,Train/12/00012_00034_00005.png
client_3,33593,49,55,6,6,44,50,33,Train/33/00033_00016_00023.png
client_3,27918,52,47,6,6,47,42,23,Train/23/00023_00007_00018.png
client_3,14156,54,54,6,6,49,49,9,Train/9/00009_00019_00026.png
client_3,3583,38,40,5,6,33,35,2,Train/2/00002_00026_00013.png
client_3,14747,41,41,5,5,36,36,9,Train/9/00009_00039_00017.png
client_3,38570,72,72,6,7,66,66,40,Train/40/00040_00006_00021.png
client_3,27700,34,31,6,5,28,26,23,Train/23/00023_00000_00010.png
client_3,5011,29,30,5,6,24,25,2,Train/2/00002_00074_00001.png
client_3,4640,62,63,5,5,57,58,2,Train/2/00002_00061_00020.png
client_3,5537,41,42,6,5,36,37,3,Train/3/00003_00016_00017.png
client_3,27661,31,29,5,5,26,24,22,Train/22/00022_00012_00001.png
client_3,8393,47,47,5,6,42,41,4,Train/4/00004_00064_00023.png
client_3,2910,29,29,6,5,24,24,2,Train/2/00002_00004_00000.png
client_3,4325,33,33,5,6,27,28,2,Train/2/00002_00051_00005.png
client_3,14762,41,42,6,6,36,37,9,Train/9/00009_00040_00002.png
client_3,14206,46,47,5,6,41,42,9,Train/9/00009_00021_00016.png
client_3,3080,76,74,6,7,69,68,2,Train/2/00002_00009_00020.png
client_3,8901,61,61,6,5,56,56,5,Train/5/00005_00015_00021.png
client_3,13928,33,34,5,5,27,28,9,Train/9/00009_00012_00008.png
client_3,18801,59,58,6,5,54,53,12,Train/12/00012_00014_00021.png
client_3,3751,29,28,6,6,24,23,2,Train/2/00002_00032_00001.png
client_3,33592,48,52,5,5,43,47,33,Train/33/00033_00016_00022.png
client_3,31294,36,36,5,5,31,31,28,Train/28/00028_00016_00004.png
client_3,38592,38,38,6,6,33,33,40,Train/40/00040_00007_00013.png
client_3,18766,37,37,5,5,32,32,12,Train/12/00012_00013_00016.png
client_3,8387,37,36,5,5,32,31,4,Train/4/00004_00064_00017.png
client_3,38158,117,119,11,11,107,109,39,Train/39/00039_00002_00029.png
client_3,27205,92,83,8,8,84,76,21,Train/21/00021_00007_00025.png
client_3,23989,33,33,5,5,28,28,15,Train/15/00015_00019_00019.png
client_3,38555,40,40,5,5,35,35,40,Train/40/00040_00006_00006.png
client_3,24331,30,31,5,5,25,26,16,Train/16/00016_00010_00001.png
client_3,2157,92,93,8,8,84,84,1,Train/1/00001_00052_00027.png
client_3,4523,56,57,5,6,50,51,2,Train/2/00002_00057_00023.png
client_3,33927,95,94,8,8,86,86,34,Train/34/00034_00004_00028.png
client_3,33164,46,45,6,6,41,40,33,Train/33/00033_00002_00014.png
client_3,15021,44,44,5,5,39,39,9,Train/9/00009_00048_00021.png
client_3,14476,38,39,6,6,33,34,9,Train/9/00009_00030_00016.png
client_3,15414,47,47,5,5,42,42,10,Train/10/00010_00012_00024.png
client_3,1759,59,62,6,6,54,57,1,Train/1/00001_00039_00019.png
client_3,13682,27,27,6,6,22,22,9,Train/9/00009_00004_00002.png
client_3,20398,88,83,7,8,81,76,12,Train/12/00012_00067_00028.png
client_3,33550,32,35,6,5,27,30,33,Train/33/00033_00015_00010.png
client_3,2895,56,56,5,5,51,51,2,Train/2/00002_00003_00015.png
client_3,38510,79,81,7,8,72,74,40,Train/40/00040_00004_00021.png
client_3,34860,38,39,5,6,33,34,35,Train/35/00035_00022_00001.png
client_3,14919,36,41,5,6,31,35,9,Train/9/00009_00045_00009.png
client_3,20390,57,52,6,5,52,47,12,Train/12/00012_00067_00020.png
client_3,13874,50,51,5,6,45,46,9,Train/9/00009_00010_00014.png
client_3,14683,43,42,6,6,37,37,9,Train/9/00009_00037_00013.png
client_3,18768,41,40,6,5,36,35,12,Train/12/00012_00013_00018.png
client_3,18539,94,93,8,9,86,85,12,Train/12/00012_00005_00029.png
client_3,9805,61,60,5,5,56,54,5,Train/5/00005_00045_00025.png
client_3,24393,29,30,5,6,24,25,16,Train/16/00016_00012_00003.png
client_3,33626,50,81,5,8,45,74,33,Train/33/00033_00017_00026.png
client_3,8193,30,29,6,5,25,24,4,Train/4/00004_00058_00003.png
client_3,38422,62,62,6,5,57,56,40,Train/40/00040_00001_00023.png
client_3,6666,32,32,5,5,26,26,4,Train/4/00004_00007_00006.png
client_3,14696,96,95,9,8,88,87,9,Train/9/00009_00037_00026.png
client_3,31088,42,42,5,6,37,37,28,Train/28/00028_00009_00008.png
client_3,23330,63,65,6,6,58,60,14,Train/14/00014_00023_00020.png
client_3,33482,40,41,5,5,35,35,33,Train/33/00033_00013_00002.png
client_3,6820,35,34,6,5,30,29,4,Train/4/00004_00012_00010.png
client_3,20099,48,53,5,6,45,48,12,Train/12/00012_00057_00029.png
client_3,13768,70,69,6,6,64,63,9,Train/9/00009_00006_00028.png
client_3,24146,52,53,5,6,47,48,16,Train/16/00016_00003_00026.png
client_3,27536,130,117,11,11,118,106,22,Train/22/00022_00007_00026.png
client_3,19002,46,48,5,6,41,43,12,Train/12/00012_00021_00012.png
client_3,27780,51,50,5,6,46,45,23,Train/23/00023_00003_00000.png
client_3,3351,50,50,6,6,45,45,2,Train/2/00002_00018_00021.png
client_3,32860,31,31,5,5,26,26,32,Train/32/00032_00000_00010.png
client_3,4513,40,39,6,6,34,33,2,Train/2/00002_00057_00013.png
client_3,23751,58,62,5,5,53,57,15,Train/15/00015_00011_00021.png
client_3,39203,51,53,6,5,46,48,42,Train/42/00042_00007_00024.png
client_3,31206,47,47,5,5,42,42,28,Train/28/00028_00013_00006.png
client_3,3016,46,45,6,6,41,40,2,Train/2/00002_00007_00016.png
client_3,14145,36,35,6,5,31,30,9,Train/9/00009_00019_00015.png
client_3,31183,38,36,5,5,33,31,28,Train/28/00028_00012_00013.png
client_3,14262,36,36,6,5,31,31,9,Train/9/00009_00023_00012.png
client_3,28021,51,45,5,5,45,39,23,Train/23/00023_00011_00001.png
client_3,14888,32,32,5,5,26,26,9,Train/9/00009_00044_00008.png
client_3,6960,30,31,6,6,25,26,4,Train/4/00004_00017_00000.png
client_3,8749,43,42,6,5,37,36,5,Train/5/00005_00010_00019.png
client_3,7342,58,58,6,6,53,53,4,Train/4/00004_00029_00022.png
client_3,9056,45,42,6,6,40,37,5,Train/5/00005_00020_00026.png
client_3,20233,42,43,5,6,37,38,12,Train/12/00012_00062_00013.png
client_3,3666,39,40,5,6,34,35,2,Train/2/00002_00029_00006.png
client_3,19949,166,168,14,14,152,154,12,Train/12/00012_00052_00029.png
client_3,38418,53,53,5,5,48,48,40,Train/40/00040_00001_00019.png
client_3,3673,46,45,6,5,41,40,2,Train/2/00002_00029_00013.png
client_3,13864,39,38,6,5,34,33,9,Train/9/00009_00010_00004.png
client_3,38523,55,52,6,5,50,47,40,Train/40/00040_00005_00004.png
client_3,3284,39,42,5,5,34,37,2,Train/2/00002_00016_00014.png
client_3,14686,46,46,5,5,41,41,9,Train/9/00009_00037_00016.png
client_3,11955,39,39,5,5,34,34,7,Train/7/00007_00041_00015.png
client_3,39075,38,38,6,6,33,33,42,Train/42/00042_00003_00016.png
client_3,19886,81,84,7,7,74,76,12,Train/12/00012_00050_00026.png
client_3,3612,35,35,6,6,29,29,2,Train/2/00002_00027_00012.png
client_3,19607,38,39,5,6,33,34,12,Train/12/00012_00041_00017.png
client_3,13929,34,36,5,6,29,31,9,Train/9/00009_00012_00009.png
client_3,3385,58,59,6,5,53,54,2,Train/2/00002_00019_00025.png
client_3,7537,34,35,5,6,29,30,4,Train/4/00004_00036_00007.png
client_3,7957,31,32,6,6,26,27,4,Train/4/00004_00050_00007.png
client_3,30362,29,28,6,6,24,23,26,Train/26/00026_00013_00002.png
client_3,20428,80,77,7,7,73,71,12,Train/12/00012_00068_00028.png
client_3,4193,47,53,6,6,42,48,2,Train/2/00002_00046_00023.png
client_3,4300,30,30,6,5,25,24,2,Train/2/00002_00050_00010.png
client_3,33532,42,44,5,5,37,39,33,Train/33/00033_00014_00022.png
client_3,4273,37,38,5,6,31,32,2,Train/2/00002_00049_00013.png
client_3,34001,38,37,6,5,33,32,34,Train/34/00034_00007_00012.png
client_3,24188,31,31,5,5,26,26,16,Train/16/00016_00005_00008.png
client_3,28434,94,82,9,7,86,75,24,Train/24/00024_00007_00024.png
client_3,34012,55,55,6,6,50,50,34,Train/34/00034_00007_00023.png
client_3,3001,34,33,5,5,29,28,2,Train/2/00002_00007_00001.png
client_3,6533,61,62,6,6,56,57,4,Train/4/00004_00002_00023.png
client_3,14691,61,61,5,5,56,56,9,Train/9/00009_00037_00021.png
client_3,29963,73,69,7,7,66,63,25,Train/25/00025_00049_00023.png
client_3,4471,31,29,6,5,26,24,2,Train/2/00002_00056_00001.png
client_3,27861,61,59,5,6,56,53,23,Train/23/00023_00005_00021.png
client_3,6604,46,45,6,5,41,40,4,Train/4/00004_00005_00004.png
client_3,19577,55,55,6,6,50,50,12,Train/12/00012_00040_00017.png
client_3,23722,53,52,6,6,48,47,15,Train/15/00015_00010_00022.png
client_3,10247,33,38,5,6,28,32,5,Train/5/00005_00060_00017.png
client_3,14818,44,47,5,6,39,42,9,Train/9/00009_00041_00028.png
client_3,24124,35,35,6,5,30,30,16,Train/16/00016_00003_00004.png
client_3,4708,42,42,5,5,37,37,2,Train/2/00002_00063_00028.png
client_3,9357,54,53,5,6,49,48,5,Train/5/00005_00030_00027.png
client_3,39073,36,36,6,5,31,31,42,Train/42/00042_00003_00014.png
client_3,29312,46,44,5,5,41,39,25,Train/25/00025_00028_00002.png
client_3,24304,29,31,5,6,24,26,16,Train/16/00016_00009_00004.png
client_3,8124,49,48,5,5,44,43,4,Train/4/00004_00055_00024.png
client_3,2864,32,33,5,5,27,28,2,Train/2/00002_00002_00014.png
client_3,24323,42,46,5,5,37,41,16,Train/16/00016_00009_00023.png
client_3,35075,42,41,6,6,36,35,35,Train/35/00035_00029_00006.png
client_3,12378,44,45,5,6,39,40,8,Train/8/00008_00007_00018.png
client_3,35132,27,27,5,5,22,21,35,Train/35/00035_00031_00003.png
client_3,14268,41,42,6,5,36,37,9,Train/9/00009_00023_00018.png
client_3,13744,28,28,5,5,23,23,9,Train/9/00009_00006_00004.png
client_3,4797,45,47,5,6,39,42,2,Train/2/00002_00066_00027.png
client_3,28133,100,89,8,8,92,82,23,Train/23/00023_00014_00023.png
client_3,4419,33,33,5,5,28,28,2,Train/2/00002_00054_00009.png
client_3,21298,41,38,6,5,36,33,13,Train/13/00013_00027_00028.png
client_3,2673,50,54,6,5,45,49,1,Train/1/00001_00070_00003.png
client_3,19984,34,34,5,5,29,29,12,Train/12/00012_00054_00004.png
client_3,9814,31,33,5,6,26,28,5,Train/5/00005_00046_00004.png
client_3,19558,129,130,11,12,118,119,12,Train/12/00012_00039_00028.png
client_3,34251,44,44,5,6,38,39,35,Train/35/00035_00001_00022.png
client_3,9988,71,73,7,7,65,67,5,Train/5/00005_00051_00028.png
client_3,28184,51,51,5,6,46,46,23,Train/23/00023_00016_00014.png
client_3,24226,98,98,8,8,90,90,16,Train/16/00016_00006_00016.png
client_3,31613,89,82,8,7,82,75,29,Train/29/00029_00008_00023.png
client_3,14901,52,52,5,6,47,46,9,Train/9/00009_00044_00021.png
client_3,33318,82,84,8,8,74,77,33,Train/33/00033_00007_00018.png
client_3,966,46,45,6,5,41,40,1,Train/1/00001_00013_00006.png
client_3,6576,48,48,5,5,43,43,4,Train/4/00004_00004_00006.png
client_3,7294,33,33,6,6,28,28,4,Train/4/00004_00028_00004.png
client_3,27191,45,42,6,5,40,37,21,Train/21/00021_00007_00011.png
client_3,10055,31,30,6,6,26,25,5,Train/5/00005_00054_00005.png
client_3,13687,30,30,6,6,25,25,9,Train/9/00009_00004_00007.png
client_3,13575,43,42,5,5,38,37,9,Train/9/00009_00000_00015.png
client_3,4349,132,124,12,10,121,114,2,Train/2/00002_00051_00029.png
client_3,4151,31,31,5,5,26,26,2,Train/2/00002_00045_00011.png
client_3,18878,38,37,6,5,33,32,12,Train/12/00012_00017_00008.png
client_3,17294,65,60,6,6,60,54,11,Train/11/00011_00008_00014.png
client_3,28984,32,34,5,5,27,28,25,Train/25/00025_00017_00004.png
client_3,11732,30,31,5,5,25,26,7,Train/7/00007_00034_00002.png
client_3,7139,50,49,6,5,45,44,4,Train/4/00004_00022_00029.png
client_3,7367,45,45,5,5,40,40,4,Train/4/00004_00030_00017.png
client_3,37366,36,38,5,6,31,33,38,Train/38/00038_00045_00017.png
client_3,1755,51,52,6,6,46,47,1,Train/1/00001_00039_00015.png
client_3,27513,39,35,6,6,34,30,22,Train/22/00022_00007_00003.png
client_3,4187,43,45,6,5,38,40,2,Train/2/00002_00046_00017.png
client_3,24224,93,93,9,9,85,85,16,Train/16/00016_00006_00014.png
client_3,7043,70,70,6,6,64,64,4,Train/4/00004_00019_00023.png
client_3,1767,94,100,8,9,86,92,1,Train/1/00001_00039_00027.png
client_3,34030,37,38,6,5,32,33,34,Train/34/00034_00008_00011.png
client_3,27151,33,32,6,6,28,26,21,Train/21/00021_00006_00001.png
client_3,34021,29,31,6,6,24,26,34,Train/34/00034_00008_00002.png
client_3,14935,83,93,7,9,76,85,9,Train/9/00009_00045_00025.png
client_3,14924,43,47,5,6,37,42,9,Train/9/00009_00045_00014.png
client_3,12111,37,38,5,6,32,33,7,Train/7/00007_00046_00021.png
client_3,6548,32,32,5,6,26,26,4,Train/4/00004_00003_00008.png
client_3,27245,38,36,6,6,33,31,21,Train/21/00021_00009_00005.png
client_3,27781,53,49,6,5,48,44,23,Train/23/00023_00003_00001.png
client_3,27989,99,85,8,8,91,78,23,Train/23/00023_00009_00029.png
client_3,36419,26,28,6,6,21,23,38,Train/38/00038_00014_00000.png
client_3,3784,29,31,5,6,24,26,2,Train/2/00002_00033_00004.png
client_3,14518,41,43,5,5,36,37,9,Train/9/00009_00031_00028.png
client_3,19720,51,51,6,6,46,46,12,Train/12/00012_00045_00010.png
client_3,24111,42,42,6,5,37,37,16,Train/16/00016_00002_00021.png
client_3,24153,27,27,5,5,22,22,16,Train/16/00016_00004_00003.png
client_3,28573,96,86,8,8,87,78,25,Train/25/00025_00003_00013.png
client_3,7981,29,30,5,6,24,25,4,Train/4/00004_00051_00001.png
client_3,3022,55,54,5,5,49,48,2,Train/2/00002_00007_00022.png
client_3,3204,42,45,5,6,36,39,2,Train/2/00002_00013_00024.png
client_3,27161,40,37,6,6,35,32,21,Train/21/00021_00006_00011.png
client_3,3211,28,28,6,6,23,23,2,Train/2/00002_00014_00001.png
client_3,4342,63,62,6,6,58,57,2,Train/2/00002_00051_00022.png
client_3,4801,34,35,5,6,28,29,2,Train/2/00002_00067_00001.png
client_3,31338,59,56,5,6,53,51,28,Train/28/00028_00017_00018.png
client_3,28064,35,37,5,6,30,31,23,Train/23/00023_00012_00014.png
client_3,27119,71,58,6,5,65,53,21,Train/21/00021_00004_00029.png
client_3,38604,65,70,6,6,60,64,40,Train/40/00040_00007_00025.png
client_3,4652,34,34,5,5,29,29,2,Train/2/00002_00062_00002.png
client_3,30814,38,35,5,5,32,29,28,Train/28/00028_00000_00004.png
client_3,31424,49,44,6,5,44,39,29,Train/29/00029_00002_00014.png
client_3,38078,92,92,9,8,84,84,39,Train/39/00039_00000_00009.png
client_3,20014,34,34,6,6,29,29,12,Train/12/00012_00055_00004.png
client_3,27796,76,68,7,7,70,62,23,Train/23/00023_00003_00016.png
client_3,14727,54,58,6,5,49,52,9,Train/9/00009_00038_00027.png
client_3,33748,51,56,6,5,46,51,33,Train/33/00033_00021_00029.png
client_3,34247,37,38,5,5,32,33,35,Train/35/00035_00001_00018.png
client_3,20245,93,92,9,8,85,84,12,Train/12/00012_00062_00025.png
client_3,19407,123,124,11,10,113,114,12,Train/12/00012_00034_00027.png
client_3,18884,45,45,5,6,40,40,12,Train/12/00012_00017_00014.png
client_3,30941,41,38,5,5,35,33,28,Train/28/00028_00004_00011.png
client_3,26970,34,34,5,5,29,29,21,Train/21/00021_00000_00000.png
client_3,4596,55,54,6,5,50,49,2,Train/2/00002_00060_00006.png
client_3,21680,60,53,5,5,55,48,13,Train/13/00013_00040_00020.png
client_3,33711,67,65,6,6,61,60,33,Train/33/00033_00020_00022.png
client_3,28177,46,43,6,5,41,38,23,Train/23/00023_00016_00007.png
client_3,13806,28,29,5,6,23,24,9,Train/9/00009_00008_00006.png
client_3,14024,43,43,5,5,38,38,9,Train/9/00009_00015_00014.png
client_3,3552,34,34,6,6,29,29,2,Train/2/00002_00025_00012.png
client_3,28971,54,52,5,5,48,47,25,Train/25/00025_00016_00021.png
client_3,11486,62,58,6,5,57,53,7,Train/7/00007_00025_00026.png
client_3,28318,158,140,13,13,145,128,24,Train/24/00024_00003_00028.png
client_3,13350,30,31,5,6,25,26,8,Train/8/00008_00040_00000.png
client_3,2868,35,37,5,5,30,32,2,Train/2/00002_00002_00018.png
client_3,18944,42,41,5,5,37,36,12,Train/12/00012_00019_00014.png
client_3,28789,62,55,5,5,57,50,25,Train/25/00025_00010_00019.png
client_3,33078,40,39,6,5,35,34,32,Train/32/00032_00007_00018.png
client_3,22762,87,88,7,7,80,81,14,Train/14/00014_00004_00022.png
client_3,37771,37,36,6,5,32,31,38,Train/38/00038_00059_00002.png
client_3,20022,41,41,5,5,35,35,12,Train/12/00012_00055_00012.png
client_3,19876,47,47,6,5,42,42,12,Train/12/00012_00050_00016.png
client_3,27039,37,35,5,5,32,30,21,Train/21/00021_00002_00009.png
client_3,18864,49,48,6,6,44,43,12,Train/12/00012_00016_00024.png
client_3,14851,28,27,6,5,23,22,9,Train/9/00009_00043_00001.png
client_3,26500,43,38,6,5,38,33,18,Train/18/00018_00031_00010.png
client_3,14248,77,81,7,7,71,74,9,Train/9/00009_00022_00028.png
client_3,34804,32,33,5,6,27,28,35,Train/35/00035_00020_00005.png
client_3,3182,32,31,6,5,27,26,2,Train/2/00002_00013_00002.png
client_3,7993,41,39,6,6,35,34,4,Train/4/00004_00051_00013.png
client_3,24055,135,133,12,12,124,122,16,Train/16/00016_00000_00025.png
client_3,8029,38,40,5,6,33,34,4,Train/4/00004_00052_00019.png
client_3,31158,49,46,6,5,44,41,28,Train/28/00028_00011_00018.png
client_3,4617,116,116,10,11,106,106,2,Train/2/00002_00060_00027.png
client_3,13245,46,45,6,5,41,40,8,Train/8/00008_00036_00015.png
client_3,3918,42,43,5,5,37,38,2,Train/2/00002_00037_00018.png
client_3,35377,36,35,6,5,31,30,35,Train/35/00035_00039_00008.png
client_3,14597,42,42,5,6,36,36,9,Train/9/00009_00034_00017.png
client_3,19041,52,51,5,6,47,46,12,Train/12/00012_00022_00021.png
client_3,13783,37,36,6,6,32,31,9,Train/9/00009_00007_00013.png
client_3,31170,31,29,6,6,26,24,28,Train/28/00028_00012_00000.png
client_3,4372,91,88,8,7,83,81,2,Train/2/00002_00052_00022.png
client_3,38681,42,43,6,5,36,38,40,Train/40/00040_00010_00012.png
client_3,3438,39,40,6,5,34,35,2,Train/2/00002_00021_00018.png
client_3,22076,115,105,10,10,105,96,13,Train/13/00013_00053_00026.png
client_3,1704,59,57,5,5,53,52,1,Train/1/00001_00037_00024.png
client_3,14490,26,26,5,5,20,20,9,Train/9/00009_00031_00000.png
client_3,27640,42,39,6,5,37,34,22,Train/22/00022_00011_00010.png
client_3,27073,44,41,5,5,39,36,21,Train/21/00021_00003_00013.png
client_3,33332,47,50,5,6,42,44,33,Train/33/00033_00008_00002.png
client_3,34643,62,62,6,6,57,56,35,Train/35/00035_00014_00024.png
client_3,38209,52,55,5,6,47,50,39,Train/39/00039_00004_00020.png
client_3,8216,58,59,6,6,53,54,4,Train/4/00004_00058_00026.png
client_3,3813,29,30,5,5,24,25,2,Train/2/00002_00034_00003.png
client_3,14770,42,45,5,6,37,40,9,Train/9/00009_00040_00010.png
client_3,2902,63,64,6,6,58,59,2,Train/2/00002_00003_00022.png
client_3,30026,88,86,8,7,81,79,26,Train/26/00026_00001_00026.png
client_3,14651,43,43,5,6,37,38,9,Train/9/00009_00036_00011.png
client_3,31282,59,54,5,6,54,49,28,Train/28/00028_00015_00022.png
client_3,7749,34,33,6,5,29,28,4,Train/4/00004_00043_00009.png
client_3,34465,93,87,9,7,85,80,35,Train/35/00035_00008_00026.png
client_3,29024,43,40,5,6,37,34,25,Train/25/00025_00018_00014.png
client_3,4679,115,125,10,11,105,115,2,Train/2/00002_00062_00029.png
client_3,11591,33,32,5,6,27,27,7,Train/7/00007_00029_00011.png
client_3,8851,30,29,6,5,25,24,5,Train/5/00005_00014_00001.png
client_3,14858,31,30,5,5,26,25,9,Train/9/00009_00043_00008.png
client_3,13237,36,36,5,5,31,31,8,Train/8/00008_00036_00007.png
client_3,27465,42,39,5,5,37,34,22,Train/22/00022_00005_00015.png
client_3,8931,53,54,5,6,48,49,5,Train/5/00005_00016_00021.png
client_3,26608,100,86,9,7,92,79,18,Train/18/00018_00034_00028.png
client_3,36701,38,38,6,6,33,33,38,Train/38/00038_00023_00012.png
client_3,27690,26,26,5,6,21,21,23,Train/23/00023_00000_00000.png
client_3,33737,43,48,5,6,37,42,33,Train/33/00033_00021_00018.png
client_3,13233,34,33,6,6,28,28,8,Train/8/00008_00036_00003.png
client_3,14000,53,55,5,5,48,50,9,Train/9/00009_00014_00020.png
client_3,15028,71,72,6,7,64,66,9,Train/9/00009_00048_00028.png
client_3,2981,31,33,5,6,26,28,2,Train/2/00002_00006_00011.png
client_3,4282,48,48,6,5,43,43,2,Train/2/00002_00049_00022.png
client_3,14369,141,136,12,12,129,125,9,Train/9/00009_00026_00029.png
client_3,14959,71,69,7,6,65,63,9,Train/9/00009_00046_00019.png
client_3,28336,50,47,5,5,45,42,24,Train/24/00024_00004_00016.png
client_3,4016,52,52,6,6,47,47,2,Train/2/00002_00040_00026.png
client_3,28668,38,36,6,5,33,31,25,Train/25/00025_00006_00018.png
client_3,33786,33,38,6,5,27,33,34,Train/34/00034_00000_00007.png
client_3,18712,74,79,6,7,68,72,12,Train/12/00012_00011_00022.png
client_3,19741,28,30,5,5,23,25,12,Train/12/00012_00046_00001.png
client_3,39091,33,32,6,5,28,27,42,Train/42/00042_00004_00002.png
client_3,15011,34,32,6,5,28,27,9,Train/9/00009_00048_00011.png
client_3,18741,64,65,5,6,59,60,12,Train/12/00012_00012_00021.png
client_3,29369,144,136,12,12,132,125,25,Train/25/00025_00029_00029.png
client_3,28129,94,82,9,7,86,75,23,Train/23/00023_00014_00019.png
client_3,14823,35,36,6,6,30,31,9,Train/9/00009_00042_00003.png
client_3,4926,28,29,6,6,23,24,2,Train/2/00002_00071_00006.png
client_3,1269,38,37,5,6,32,31,1,Train/1/00001_00023_00009.png
client_3,34077,82,81,8,7,75,74,34,Train/34/00034_00009_00028.png
client_3,27169,49,47,5,6,44,42,21,Train/21/00021_00006_00019.png
client_3,24288,80,79,7,7,73,72,16,Train/16/00016_00008_00018.png
client_3,37304,44,52,5,6,39,47,38,Train/38/00038_00043_00015.png
client_3,11966,58,59,5,6,53,54,7,Train/7/00007_00041_00026.png
client_3,9875,30,31,5,5,25,26,5,Train/5/00005_00048_00005.png
client_3,32639,169,155,15,14,155,142,31,Train/31/00031_00018_00029.png
client_3,19875,44,45,5,5,38,39,12,Train/12/00012_00050_00015.png
client_3,3532,48,48,5,5,43,43,2,Train/2/00002_00024_00022.png
client_3,4285,55,54,6,6,50,49,2,Train/2/00002_00049_00025.png
client_3,3039,31,31,6,5,26,26,2,Train/2/00002_00008_00009.png
client_3,2437,35,35,5,5,30,30,1,Train/1/00001_00062_00007.png
client_3,28195,69,68,6,7,63,62,23,Train/23/00023_00016_00025.png
client_3,38371,35,34,5,5,30,29,40,Train/40/00040_00000_00002.png
client_3,18885,47,46,6,6,42,41,12,Train/12/00012_00017_00015.png
client_3,13716,31,31,6,6,26,26,9,Train/9/00009_00005_00006.png
client_3,34263,32,31,6,5,27,26,35,Train/35/00035_00002_00004.png
client_3,39157,33,34,5,6,28,29,42,Train/42/00042_00006_00008.png
client_3,13873,48,48,5,5,43,43,9,Train/9/00009_00010_00013.png
client_3,19076,68,62,7,5,62,57,12,Train/12/00012_00023_00026.png
client_3,3504,47,48,5,6,42,43,2,Train/2/00002_00023_00024.png
client_3,975,52,54,5,5,47,49,1,Train/1/00001_00013_00015.png
client_3,20305,88,92,8,8,81,84,12,Train/12/00012_00064_00025.png
client_3,39114,64,61,6,5,59,56,42,Train/42/00042_00004_00025.png
client_3,27405,53,47,6,5,48,42,22,Train/22/00022_00003_00015.png
client_3,33645,35,47,5,5,30,42,33,Train/33/00033_00018_00015.png
client_3,39147,60,56,5,6,54,51,42,Train/42/00042_00005_00028.png
client_3,14530,39,39,5,5,34,34,9,Train/9/00009_00032_00010.png
client_3,3409,42,42,6,5,37,37,2,Train/2/00002_00020_00019.png
client_3,18465,47,46,6,6,42,41,12,Train/12/00012_00003_00015.png
client_3,39083,55,54,6,5,50,49,42,Train/42/00042_00003_00024.png
client_3,14503,33,33,6,6,27,27,9,Train/9/00009_00031_00013.png
client_3,14953,57,53,5,5,52,48,9,Train/9/00009_00046_00013.png
client_3,18181,47,41,5,5,42,36,11,Train/11/00011_00038_00001.png
client_3,2967,68,71,6,6,62,65,2,Train/2/00002_00005_00027.png
client_3,29027,49,46,6,5,44,41,25,Train/25/00025_00018_00017.png
client_3,28032,64,58,5,6,58,53,23,Train/23/00023_00011_00012.png
client_3,14493,28,28,5,5,22,22,9,Train/9/00009_00031_00003.png
client_3,12677,44,42,6,5,39,37,8,Train/8/00008_00017_00017.png
client_3,33138,42,43,5,5,37,38,33,Train/33/00033_00001_00018.png
client_3,27336,33,31,5,5,28,26,22,Train/22/00022_00001_00006.png
client_3,6495,49,49,6,6,44,44,4,Train/4/00004_00001_00015.png
client_3,8333,53,53,6,6,48,48,4,Train/4/00004_00062_00023.png
client_3,6624,98,100,8,9,90,92,4,Train/4/00004_00005_00024.png
client_3,28048,142,124,13,10,130,114,23,Train/23/00023_00011_00028.png
client_3,13755,36,36,6,6,30,30,9,Train/9/00009_00006_00015.png
client_3,13720,33,32,6,5,28,27,9,Train/9/00009_00005_00010.png
client_3,8259,33,34,5,6,28,29,4,Train/4/00004_00060_00009.png
client_3,17092,98,93,8,8,90,85,11,Train/11/00011_00001_00022.png
client_3,34122,31,32,5,6,26,27,34,Train/34/00034_00011_00013.png
client_3,3660,35,37,5,6,30,32,2,Train/2/00002_00029_00000.png
client_3,24294,96,95,9,8,88,87,16,Train/16/00016_00008_00024.png
client_3,27986,81,69,8,6,74,63,23,Train/23/00023_00009_00026.png
client_3,9981,51,51,6,6,46,46,5,Train/5/00005_00051_00021.png
client_3,17361,88,80,8,8,81,73,11,Train/11/00011_00010_00021.png
client_3,33656,47,80,6,8,42,73,33,Train/33/00033_00018_00026.png
client_3,6549,32,32,5,6,27,27,4,Train/4/00004_00003_00009.png
client_3,7272,36,36,5,5,31,31,4,Train/4/00004_00027_00012.png
client_3,31549,50,47,5,5,45,42,29,Train/29/00029_00006_00019.png
client_3,13872,46,46,5,5,41,41,9,Train/9/00009_00010_00012.png
client_3,2267,55,57,5,6,50,52,1,Train/1/00001_00056_00017.png
client_3,4423,36,35,6,5,31,30,2,Train/2/00002_00054_00013.png
client_3,33153,44,39,6,5,38,34,33,Train/33/00033_00002_00003.png
client_3,8483,39,39,5,5,34,34,5,Train/5/00005_00001_00023.png
client_3,15026,59,60,5,5,54,55,9,Train/9/00009_00048_00026.png
client_3,14933,70,75,6,6,63,69,9,Train/9/00009_00045_00023.png
client_3,20384,45,41,6,6,40,36,12,Train/12/00012_00067_00014.png
client_3,13719,31,31,5,5,26,26,9,Train/9/00009_00005_00009.png
client_3,14282,30,33,5,6,25,28,9,Train/9/00009_00024_00002.png
client_3,4860,28,28,6,5,23,23,2,Train/2/00002_00069_00000.png
client_3,3894,56,56,6,6,51,51,2,Train/2/00002_00036_00024.png
client_3,38222,34,34,6,6,29,29,39,Train/39/00039_00005_00003.png
client_3,13725,37,38,6,6,32,32,9,Train/9/00009_00005_00015.png
client_3,6501,54,57,6,6,49,52,4,Train/4/00004_00001_00021.png
client_3,8222,30,30,6,6,25,25,4,Train/4/00004_00059_00002.png
client_3,14491,27,28,5,6,22,23,9,Train/9/00009_00031_00001.png
client_3,29893,84,74,8,7,77,68,25,Train/25/00025_00047_00013.png
client_3,3982,46,46,6,5,41,41,2,Train/2/00002_00039_00022.png
client_3,19447,42,42,5,5,37,37,12,Train/12/00012_00036_00007.png
client_3,4628,45,47,6,6,40,41,2,Train/2/00002_00061_00008.png
client_3,4108,68,68,7,7,62,62,2,Train/2/00002_00043_00028.png
client_3,33233,62,64,5,5,57,59,33,Train/33/00033_00004_00023.png
client_3,28487,62,62,5,6,57,57,25,Train/25/00025_00000_00017.png
client_3,14830,43,45,5,6,38,40,9,Train/9/00009_00042_00010.png
client_3,28565,67,63,6,5,61,58,25,Train/25/00025_00003_00005.png
client_3,3995,27,27,6,6,22,22,2,Train/2/00002_00040_00005.png
client_3,4178,36,36,6,5,31,31,2,Train/2/00002_00046_00008.png
client_3,2823,27,28,6,5,22,23,2,Train/2/00002_00001_00003.png
client_3,18649,50,49,6,6,45,44,12,Train/12/00012_00009_00019.png
client_3,27361,34,29,6,5,29,24,22,Train/22/00022_00002_00001.png
client_3,9522,36,35,6,6,31,30,5,Train/5/00005_00036_00012.png
client_3,33854,39,39,5,6,34,34,34,Train/34/00034_00002_00015.png
client_3,679,54,53,6,5,49,48,1,Train/1/00001_00003_00019.png
client_3,20174,52,52,5,5,47,47,12,Train/12/00012_00060_00014.png
client_3,7889,110,108,10,10,101,99,4,Train/4/00004_00047_00029.png
client_3,28201,28,27,6,6,23,22,24,Train/24/00024_00000_00001.png
client_3,19305,51,52,5,6,46,47,12,Train/12/00012_00031_00015.png
client_3,38597,43,45,6,6,38,40,40,Train/40/00040_00007_00018.png
client_3,3268,118,129,10,11,108,118,2,Train/2/00002_00015_00028.png
client_3,13208,33,34,5,6,28,29,8,Train/8/00008_00035_00008.png
client_3,24348,44,46,5,6,39,41,16,Train/16/00016_00010_00018.png
client_3,13830,29,31,6,6,24,26,9,Train/9/00009_00009_00000.png
client_3,27895,63,58,5,5,58,53,23,Train/23/00023_00006_00025.png
client_3,19699,52,52,6,6,47,47,12,Train/12/00012_00044_00019.png
client_3,33019,32,35,5,6,27,30,32,Train/32/00032_00005_00019.png
client_3,1335,37,35,5,5,31,30,1,Train/1/00001_00025_00015.png
client_3,31306,50,52,6,6,45,47,28,Train/28/00028_00016_00016.png
client_3,3592,55,55,6,5,50,50,2,Train/2/00002_00026_00022.png
client_3,14967,107,106,10,10,98,97,9,Train/9/00009_00046_00027.png
client_3,14285,31,33,5,5,26,28,9,Train/9/00009_00024_00005.png
client_3,34698,63,63,6,5,58,58,35,Train/35/00035_00016_00019.png
client_3,31299,42,43,6,6,37,38,28,Train/28/00028_00016_00009.png
client_3,28116,80,72,8,7,73,66,23,Train/23/00023_00014_00006.png
client_3,27590,62,56,5,6,57,51,22,Train/22/00022_00009_00020.png
client_3,3891,50,50,6,6,45,45,2,Train/2/00002_00036_00021.png
client_3,14240,48,49,5,5,43,44,9,Train/9/00009_00022_00020.png
client_3,35069,39,40,5,6,34,35,35,Train/35/00035_00029_00000.png
client_3,38985,41,43,5,5,36,37,42,Train/42/00042_00000_00016.png
client_3,33181,31,30,6,5,26,25,33,Train/33/00033_00003_00001.png
client_3,4613,93,92,9,9,85,84,2,Train/2/00002_00060_00023.png
client_3,13250,55,55,5,5,50,50,8,Train/8/00008_00036_00020.png
client_3,15382,61,60,6,5,56,55,10,Train/10/00010_00011_00022.png
client_3,31545,43,41,6,5,38,36,29,Train/29/00029_00006_00015.png
client_3,4651,34,34,5,6,28,29,2,Train/2/00002_00062_00001.png
client_3,20047,41,42,5,6,36,36,12,Train/12/00012_00056_00007.png
client_3,34567,35,36,5,5,30,31,35,Train/35/00035_00012_00008.png
client_3,13591,26,27,5,6,21,22,9,Train/9/00009_00001_00001.png
client_3,20010,30,31,5,6,25,26,12,Train/12/00012_00055_00000.png
client_3,24071,50,53,5,6,45,48,16,Train/16/00016_00001_00011.png
client_3,39001,29,29,5,5,24,24,42,Train/42/00042_00001_00002.png
client_3,24184,29,28,6,5,24,23,16,Train/16/00016_00005_00004.png
client_3,14085,37,42,5,6,32,37,9,Train/9/00009_00017_00015.png
client_3,11017,36,36,5,6,31,31,7,Train/7/00007_00010_00007.png
client_3,4477,34,34,5,5,29,28,2,Train/2/00002_00056_00007.png
client_3,7411,28,28,6,6,23,23,4,Train/4/00004_00032_00001.png
client_3,39190,33,34,6,6,28,29,42,Train/42/00042_00007_00011.png
client_3,9227,39,35,6,6,34,30,5,Train/5/00005_00026_00017.png
client_3,14619,36,37,5,6,31,32,9,Train/9/00009_00035_00009.png
client_3,39123,29,28,6,6,23,23,42,Train/42/00042_00005_00004.png
client_3,14680,38,37,6,5,33,32,9,Train/9/00009_00037_00010.png
client_3,9714,61,62,5,5,56,57,5,Train/5/00005_00042_00024.png
client_3,7648,110,110,9,9,101,101,4,Train/4/00004_00039_00028.png
client_3,3193,35,36,6,5,30,30,2,Train/2/00002_00013_00013.png
client_3,34149,34,33,5,6,29,28,34,Train/34/00034_00012_00010.png
client_3,13205,32,33,5,6,27,28,8,Train/8/00008_00035_00005.png
client_3,32851,28,28,6,6,23,23,32,Train/32/00032_00000_00001.png
client_3,8242,61,60,6,5,56,55,4,Train/4/00004_00059_00022.png
client_3,18086,123,111,10,10,113,101,11,Train/11/00011_00034_00026.png
client_3,7740,26,27,5,6,21,22,4,Train/4/00004_00043_00000.png
client_3,19075,62,60,5,6,57,55,12,Train/12/00012_00023_00025.png
client_3,31270,34,32,5,5,28,26,28,Train/28/00028_00015_00010.png
client_3,33188,35,35,6,6,30,30,33,Train/33/00033_00003_00008.png
client_3,5315,29,31,5,5,24,26,3,Train/3/00003_00009_00005.png
client_3,4855,70,71,7,7,64,65,2,Train/2/00002_00068_00025.png
client_3,24212,74,73,7,6,68,67,16,Train/16/00016_00006_00002.png
client_3,29137,46,45,5,6,41,40,25,Train/25/00025_00022_00007.png
client_3,34649,29,29,6,5,24,24,35,Train/35/00035_00015_00000.png
client_3,14811,38,40,5,6,33,35,9,Train/9/00009_00041_00021.png
client_3,37242,33,36,5,6,28,31,38,Train/38/00038_00041_00013.png
client_3,27464,40,41,6,6,35,36,22,Train/22/00022_00005_00014.png
client_3,28902,47,42,6,5,41,37,25,Train/25/00025_00014_00012.png
client_3,14549,104,103,9,9,95,94,9,Train/9/00009_00032_00029.png
client_3,28422,50,45,6,5,45,40,24,Train/24/00024_00007_00012.png
client_3,14242,53,54,6,6,48,49,9,Train/9/00009_00022_00022.png
client_3,34730,69,70,7,7,63,64,35,Train/35/00035_00017_00021.png
client_3,38221,32,33,5,5,27,27,39,Train/39/00039_00005_00002.png
client_3,33148,99,104,9,10,91,95,33,Train/33/00033_00001_00028.png
client_3,29785,91,83,8,7,83,76,25,Train/25/00025_00043_00025.png
client_3,28378,99,94,8,9,90,86,24,Train/24/00024_00005_00028.png
client_3,27278,32,32,6,6,26,26,21,Train/21/00021_00010_00008.png
client_3,35133,27,29,5,6,22,24,35,Train/35/00035_00031_00004.png
client_3,11895,38,38,5,5,33,33,7,Train/7/00007_00039_00015.png
client_3,4660,40,40,6,5,35,35,2,Train/2/00002_00062_00010.png
client_3,7640,55,56,5,6,50,51,4,Train/4/00004_00039_00020.png
client_3,3057,65,70,5,6,59,63,2,Train/2/00002_00008_00027.png
client_3,27751,38,34,6,6,32,29,23,Train/23/00023_00002_00001.png
client_3,3954,86,84,7,7,79,77,2,Train/2/00002_00038_00024.png
client_3,8462,26,27,5,5,21,22,5,Train/5/00005_00001_00002.png
client_3,18608,37,37,6,6,32,32,12,Train/12/00012_00008_00008.png
client_3,34297,27,27,5,5,22,22,35,Train/35/00035_00003_00008.png
client_3,19252,63,61,6,6,58,56,12,Train/12/00012_00029_00022.png
client_3,19482,55,56,5,6,50,51,12,Train/12/00012_00037_00012.png
client_3,3299,133,131,12,11,122,120,2,Train/2/00002_00016_00029.png
client_3,7734,53,52,5,5,48,47,4,Train/4/00004_00042_00024.png
client_3,4461,48,51,5,5,43,46,2,Train/2/00002_00055_00021.png
client_3,6941,32,35,5,5,27,30,4,Train/4/00004_00016_00011.png
client_3,29850,39,41,6,6,34,36,25,Train/25/00025_00046_00000.png
client_3,27783,55,52,5,6,50,47,23,Train/23/00023_00003_00003.png
client_3,13616,74,73,7,7,68,67,9,Train/9/00009_00001_00026.png
client_3,4614,98,97,9,9,90,89,2,Train/2/00002_00060_00024.png
client_3,1377,108,108,9,9,99,99,1,Train/1/00001_00026_00027.png
client_3,3605,30,30,6,6,25,25,2,Train/2/00002_00027_00005.png
client_3,27664,33,31,5,5,28,26,22,Train/22/00022_00012_00004.png
client_3,14405,48,50,5,6,43,45,9,Train/9/00009_00028_00005.png
client_3,14689,55,53,6,5,49,48,9,Train/9/00009_00037_00019.png
client_3,14016,43,43,5,5,38,38,9,Train/9/00009_00015_00006.png
client_3,31982,34,34,6,6,29,29,30,Train/30/00030_00012_00002.png
client_3,1404,60,63,5,6,55,58,1,Train/1/00001_00027_00024.png
client_3,28892,39,36,6,6,34,31,25,Train/25/00025_00014_00002.png
client_3,28967,44,43,6,5,39,38,25,Train/25/00025_00016_00017.png
client_3,19106,74,75,6,7,68,69,12,Train/12/00012_00024_00026.png
client_3,14670,28,28,6,6,23,23,9,Train/9/00009_00037_00000.png
client_3,4486,42,42,6,6,37,37,2,Train/2/00002_00056_00016.png
client_3,27386,96,96,8,8,88,88,22,Train/22/00022_00002_00026.png
client_3,27996,44,41,5,6,38,36,23,Train/23/00023_00010_00006.png
client_3,19202,29,29,5,5,24,24,12,Train/12/00012_00028_00002.png
client_3,28231,54,63,6,6,49,58,24,Train/24/00024_00001_00001.png
client_3,23892,32,33,5,5,27,28,15,Train/15/00015_00016_00012.png
client_3,18759,33,32,6,6,27,27,12,Train/12/00012_00013_00009.png
client_3,29052,55,54,6,5,50,49,25,Train/25/00025_00019_00012.png
client_3,31116,47,42,5,5,42,37,28,Train/28/00028_00010_00006.png
client_3,19730,71,73,7,6,65,67,12,Train/12/00012_00045_00020.png
client_3,14837,57,56,6,6,51,51,9,Train/9/00009_00042_00017.png
client_3,18438,55,58,5,6,50,53,12,Train/12/00012_00002_00018.png
client_3,19538,44,45,5,6,39,40,12,Train/12/00012_00039_00008.png
client_3,34896,32,32,6,5,27,27,35,Train/35/00035_00023_00007.png
client_3,38974,30,30,5,5,24,24,42,Train/42/00042_00000_00005.png
client_3,24402,34,34,6,6,29,29,16,Train/16/00016_00012_00012.png
client_3,11884,30,31,5,6,25,26,7,Train/7/00007_00039_00004.png
client_3,4748,49,50,5,5,43,44,2,Train/2/00002_00065_00008.png
client_3,19124,44,49,6,6,39,44,12,Train/12/00012_00025_00014.png
client_3,4704,38,39,5,6,33,34,2,Train/2/00002_00063_00024.png
client_3,24049,91,91,8,8,83,83,16,Train/16/00016_00000_00019.png
client_3,8175,40,39,6,5,35,34,4,Train/4/00004_00057_00015.png
client_3,19186,49,49,6,6,44,44,12,Train/12/00012_00027_00016.png
client_3,27790,61,55,5,6,56,50,23,Train/23/00023_00003_00010.png
client_3,30850,45,40,6,6,40,35,28,Train/28/00028_00001_00010.png
client_3,9437,36,37,6,5,31,32,5,Train/5/00005_00033_00017.png
client_3,6834,65,64,6,5,60,59,4,Train/4/00004_00012_00024.png
client_3,9416,52,53,6,6,46,47,5,Train/5/00005_00032_00026.png
client_3,19544,50,50,5,5,45,45,12,Train/12/00012_00039_00014.png
client_3,9632,27,27,6,6,22,22,5,Train/5/00005_00040_00002.png
client_3,2384,45,47,5,6,40,42,1,Train/1/00001_00060_00014.png
client_3,9520,34,33,6,5,29,28,5,Train/5/00005_00036_00010.png
client_3,33149,116,119,11,11,106,109,33,Train/33/00033_00001_00029.png
client_3,27941,52,49,6,6,47,44,23,Train/23/00023_00008_00011.png
client_3,13571,40,41,6,6,35,36,9,Train/9/00009_00000_00011.png
client_3,19152,39,39,5,5,34,34,12,Train/12/00012_00026_00012.png
client_3,28069,41,42,5,6,36,37,23,Train/23/00023_00012_00019.png
client_3,2749,74,74,7,7,68,68,1,Train/1/00001_00072_00019.png
client_3,13819,39,38,6,5,34,33,9,Train/9/00009_00008_00019.png
client_3,31329,41,39,5,5,36,34,28,Train/28/00028_00017_00009.png
client_3,5016,32,31,6,5,27,26,2,Train/2/00002_00074_00006.png
client_3,4804,36,36,6,6,30,30,2,Train/2/00002_00067_00004.png
client_3,14064,60,59,6,5,55,54,9,Train/9/00009_00016_00024.png
client_3,34994,44,44,5,5,39,39,35,Train/35/00035_00026_00015.png
client_3,20309,168,178,15,15,154,163,12,Train/12/00012_00064_00029.png
client_3,24239,148,150,12,13,135,137,16,Train/16/00016_00006_00029.png
client_3,14129,47,46,5,6,42,41,9,Train/9/00009_00018_00029.png
client_3,7037,49,50,5,6,44,45,4,Train/4/00004_00019_00017.png
client_3,32772,38,37,6,6,32,32,31,Train/31/00031_00023_00012.png
client_3,572,56,56,5,6,51,51,1,Train/1/00001_00000_00002.png
client_3,24327,48,51,5,5,42,46,16,Train/16/00016_00009_00027.png
client_3,3067,45,43,6,5,40,38,2,Train/2/00002_00009_00007.png
client_3,26985,54,50,6,5,49,45,21,Train/21/00021_00000_00015.png
client_3,4549,37,36,6,5,32,31,2,Train/2/00002_00058_00019.png
client_3,38618,38,40,5,6,33,34,40,Train/40/00040_00008_00009.png
client_3,18355,52,52,6,6,47,47,11,Train/11/00011_00043_00025.png
client_3,14927,47,52,5,6,42,47,9,Train/9/00009_00045_00017.png
client_3,2872,39,43,5,6,34,37,2,Train/2/00002_00002_00022.png
client_3,4594,51,52,5,5,46,47,2,Train/2/00002_00060_00004.png
client_3,38401,30,30,5,5,24,24,40,Train/40/00040_00001_00002.png
client_3,9490,36,37,5,6,31,32,5,Train/5/00005_00035_00010.png
client_3,33150,41,40,5,5,36,35,33,Train/33/00033_00002_00000.png
client_3,24362,26,28,6,6,21,22,16,Train/16/00016_00011_00002.png
client_3,26978,42,42,5,6,37,36,21,Train/21/00021_00000_00008.png
client_3,4618,121,119,10,10,111,109,2,Train/2/00002_00060_00028.png
client_3,19373,56,61,5,5,51,56,12,Train/12/00012_00033_00023.png
client_3,38534,74,72,6,6,68,66,40,Train/40/00040_00005_00015.png
client_3,1882,65,64,6,5,60,59,1,Train/1/00001_00043_00022.png
client_3,4428,42,41,5,5,36,35,2,Train/2/00002_00054_00018.png
client_3,3428,33,32,6,5,28,27,2,Train/2/00002_00021_00008.png
client_3,8244,70,69,7,6,64,63,4,Train/4/00004_00059_00024.png
client_3,33984,39,42,5,5,34,37,34,Train/34/00034_00006_00025.png
client_3,616,44,45,5,6,38,39,1,Train/1/00001_00001_00016.png
client_3,14870,49,44,6,5,43,39,9,Train/9/00009_00043_00020.png
client_3,39167,38,38,5,5,33,33,42,Train/42/00042_00006_00018.png
client_3,3685,84,83,7,8,76,76,2,Train/2/00002_00029_00025.png
client_3,23735,45,53,6,6,40,48,15,Train/15/00015_00011_00005.png
client_3,28886,86,84,8,8,79,77,25,Train/25/00025_00013_00026.png
client_3,27206,103,93,9,8,94,85,21,Train/21/00021_00007_00026.png
client_3,3094,28,27,5,5,23,22,2,Train/2/00002_00010_00004.png
client_3,14978,34,34,5,5,29,29,9,Train/9/00009_00047_00008.png
client_3,7936,38,38,6,5,33,33,4,Train/4/00004_00049_00016.png
client_3,34634,41,41,5,5,36,36,35,Train/35/00035_00014_00015.png
client_3,3731,35,37,6,5,30,31,2,Train/2/00002_00031_00011.png
client_3,35219,32,35,6,6,27,30,35,Train/35/00035_00034_00000.png
client_3,24178,94,94,8,8,86,86,16,Train/16/00016_00004_00028.png
client_3,27232,97,76,8,6,89,70,21,Train/21/00021_00008_00022.png
client_3,3635,32,34,5,6,27,29,2,Train/2/00002_00028_00005.png
client_3,34485,44,45,6,6,39,40,35,Train/35/00035_00009_00016.png
client_3,29045,46,43,6,5,41,38,25,Train/25/00025_00019_00005.png
client_3,8228,34,35,6,6,29,30,4,Train/4/00004_00059_00008.png
client_3,12134,31,33,5,5,26,28,7,Train/7/00007_00047_00014.png
client_3,33171,60,59,6,6,55,54,33,Train/33/00033_00002_00021.png
client_3,22677,159,157,14,14,146,144,14,Train/14/00014_00001_00027.png
client_3,33032,29,29,6,6,24,24,32,Train/32/00032_00006_00002.png
client_3,39058,51,52,6,6,46,47,42,Train/42/00042_00002_00029.png
client_3,23174,62,63,5,5,57,58,14,Train/14/00014_00018_00014.png
client_3,14650,41,42,5,6,36,37,9,Train/9/00009_00036_00010.png
client_3,39129,29,29,5,5,24,24,42,Train/42/00042_00005_00010.png
client_3,3724,33,35,5,6,27,29,2,Train/2/00002_00031_00004.png
client_3,39092,33,33,5,5,28,28,42,Train/42/00042_00004_00003.png
client_3,1118,47,48,5,5,41,42,1,Train/1/00001_00018_00008.png
client_3,4422,35,36,5,6,29,30,2,Train/2/00002_00054_00012.png
client_3,33644,35,46,6,5,30,41,33,Train/33/00033_00018_00014.png
client_3,7496,57,58,5,6,52,53,4,Train/4/00004_00034_00026.png
client_3,24343,38,40,5,6,33,35,16,Train/16/00016_00010_00013.png
client_3,27369,40,39,6,6,35,34,22,Train/22/00022_00002_00009.png
client_3,20096,48,51,5,6,43,46,12,Train/12/00012_00057_00026.png
client_3,3560,44,45,6,6,39,40,2,Train/2/00002_00025_00020.png
client_3,3625,55,52,6,5,50,47,2,Train/2/00002_00027_00025.png
client_3,27696,29,28,6,5,24,23,23,Train/23/00023_00000_00006.png
client_3,20064,63,65,6,6,58,60,12,Train/12/00012_00056_00024.png
client_3,13645,70,72,6,6,64,66,9,Train/9/00009_00002_00025.png
client_3,33724,35,38,5,5,29,32,33,Train/33/00033_00021_00005.png
client_3,31484,53,49,6,6,48,44,29,Train/29/00029_00004_00014.png
client_3,33689,27,28,5,6,22,23,33,Train/33/00033_00020_00000.png
client_3,31142,36,34,5,5,31,29,28,Train/28/00028_00011_00002.png
client_3,6541,28,28,5,5,23,23,4,Train/4/00004_00003_00001.png
client_3,14653,46,46,5,6,41,41,9,Train/9/00009_00036_00013.png
client_3,27642,43,41,6,5,38,36,22,Train/22/00022_00011_00012.png
client_3,33717,95,92,9,8,87,84,33,Train/33/00033_00020_00028.png
client_3,39007,31,30,6,5,26,25,42,Train/42/00042_00001_00008.png
client_3,792,62,63,5,6,57,57,1,Train/1/00001_00007_00012.png
client_3,4589,145,143,13,12,133,131,2,Train/2/00002_00059_00029.png
client_3,28230,54,63,6,6,49,58,24,Train/24/00024_00001_00000.png
client_3,3937,49,53,5,6,44,47,2,Train/2/00002_00038_00007.png
client_3,4910,43,42,6,6,38,37,2,Train/2/00002_00070_00020.png
client_3,27210,38,37,5,5,33,32,21,Train/21/00021_00008_00000.png
client_3,20293,36,43,5,6,31,38,12,Train/12/00012_00064_00013.png
client_3,33516,36,37,5,5,31,32,33,Train/33/00033_00014_00006.png
client_3,39000,28,29,5,6,23,24,42,Train/42/00042_00001_00001.png
client_3,37669,70,71,7,6,64,65,38,Train/38/00038_00055_00020.png
client_3,32360,63,56,6,5,57,51,31,Train/31/00031_00009_00020.png
client_3,9059,48,44,5,5,43,39,5,Train/5/00005_00020_00029.png
client_3,18875,36,35,6,5,30,30,12,Train/12/00012_00017_00005.png
client_3,20628,52,46,6,5,47,41,13,Train/13/00013_00005_00018.png
client_3,31535,31,30,5,5,26,24,29,Train/29/00029_00006_00005.png
client_3,28083,41,40,5,6,36,35,23,Train/23/00023_00013_00003.png
client_3,15009,32,31,6,5,26,25,9,Train/9/00009_00048_00009.png
client_3,31597,44,43,5,6,39,38,29,Train/29/00029_00008_00007.png
client_3,27200,62,57,6,5,57,52,21,Train/21/00021_00007_00020.png
client_3,4113,31,30,6,5,26,25,2,Train/2/00002_00044_00003.png
client_3,1492,58,73,5,6,52,66,1,Train/1/00001_00030_00022.png
client_3,26733,39,38,5,6,34,33,18,Train/18/00018_00039_00003.png
client_3,17772,42,37,6,5,37,32,11,Train/11/00011_00024_00012.png
client_3,38650,33,33,5,5,28,27,40,Train/40/00040_00009_00011.png
client_3,14359,77,77,6,7,70,71,9,Train/9/00009_00026_00019.png
client_3,4611,84,85,7,8,77,78,2,Train/2/00002_00060_00021.png
client_3,14429,134,129,11,12,122,118,9,Train/9/00009_00028_00029.png
client_3,4247,35,34,5,6,30,29,2,Train/2/00002_00048_00017.png
client_3,14377,31,31,5,6,25,26,9,Train/9/00009_00027_00007.png
client_3,9205,43,42,6,5,38,37,5,Train/5/00005_00025_00025.png
client_3,2069,111,111,10,10,102,102,1,Train/1/00001_00049_00029.png
client_3,6713,59,58,6,5,54,53,4,Train/4/00004_00008_00023.png
client_3,27138,52,49,5,6,47,44,21,Train/21/00021_00005_00018.png
client_3,20420,42,41,6,6,37,36,12,Train/12/00012_00068_00020.png
client_3,23871,51,59,6,6,46,54,15,Train/15/00015_00015_00021.png
client_3,4597,56,55,6,5,51,50,2,Train/2/00002_00060_00007.png
client_3,3432,34,35,5,6,29,30,2,Train/2/00002_00021_00012.png
client_3,28430,71,61,6,5,65,56,24,Train/24/00024_00007_00020.png
client_3,18031,34,32,6,5,29,27,11,Train/11/00011_00033_00001.png
client_3,14771,43,45,6,6,38,40,9,Train/9/00009_00040_00011.png
client_3,14738,41,41,5,5,36,36,9,Train/9/00009_00039_00008.png
client_3,20239,53,53,6,6,48,48,12,Train/12/00012_00062_00019.png
client_3,38393,59,58,6,6,53,53,40,Train/40/00040_00000_00024.png
client_3,14800,32,32,6,5,27,27,9,Train/9/00009_00041_00010.png
client_3,4743,42,43,5,5,37,38,2,Train/2/00002_00065_00003.png
client_3,1402,55,56,5,5,50,51,1,Train/1/00001_00027_00022.png
client_3,18523,58,58,5,6,52,53,12,Train/12/00012_00005_00013.png
client_3,22969,58,58,5,5,53,53,14,Train/14/00014_00011_00019.png
client_3,14533,42,43,5,6,37,38,9,Train/9/00009_00032_00013.png
client_3,27032,32,30,6,6,27,25,21,Train/21/00021_00002_00002.png
client_3,7210,41,40,5,5,36,35,4,Train/4/00004_00025_00010.png
client_3,6749,65,64,6,6,60,59,4,Train/4/00004_00009_00029.png
client_3,3295,79,77,7,7,72,71,2,Train/2/00002_00016_00025.png
client_3,35272,48,46,5,5,42,41,35,Train/35/00035_00035_00023.png
client_3,4815,43,42,6,5,38,36,2,Train/2/00002_00067_00015.png
client_3,4332,40,40,5,5,35,34,2,Train/2/00002_00051_00012.png
client_3,14311,29,29,6,6,24,24,9,Train/9/00009_00025_00001.png
client_3,28760,49,48,5,5,44,43,25,Train/25/00025_00009_00020.png
client_3,18957,117,117,10,11,107,107,12,Train/12/00012_00019_00027.png
client_3,29006,100,93,8,9,91,84,25,Train/25/00025_00017_00026.png
client_3,14459,121,117,10,10,111,107,9,Train/9/00009_00029_00029.png
client_3,38269,36,37,5,6,30,31,39,Train/39/00039_00006_00020.png
client_3,4785,39,42,5,6,33,37,2,Train/2/00002_00066_00015.png
client_3,11306,57,61,5,5,52,56,7,Train/7/00007_00019_00026.png
client_3,7524,69,70,7,6,63,64,4,Train/4/00004_00035_00024.png
client_3,18780,34,33,6,5,29,28,12,Train/12/00012_00014_00000.png
client_3,19571,44,44,5,5,39,39,12,Train/12/00012_00040_00011.png
client_3,18376,37,41,6,6,32,36,12,Train/12/00012_00000_00016.png
client_3,34646,75,76,7,7,69,70,35,Train/35/00035_00014_00027.png
client_3,8560,33,35,5,6,28,30,5,Train/5/00005_00004_00010.png
client_3,30991,41,37,6,5,36,32,28,Train/28/00028_00006_00001.png
client_3,33503,73,72,6,6,67,66,33,Train/33/00033_00013_00023.png
client_3,13704,52,52,6,6,47,47,9,Train/9/00009_00004_00024.png
client_3,3086,122,115,10,10,112,105,2,Train/2/00002_00009_00026.png
client_3,28749,31,30,5,5,26,25,25,Train/25/00025_00009_00009.png
client_3,27718,110,103,10,9,101,94,23,Train/23/00023_00000_00028.png
client_3,14725,51,53,6,5,46,48,9,Train/9/00009_00038_00025.png
client_3,13655,29,30,5,6,24,25,9,Train/9/00009_00003_00005.png
client_3,23194,38,44,5,6,32,38,14,Train/14/00014_00019_00004.png
client_3,1137,109,114,9,10,100,104,1,Train/1/00001_00018_00027.png
client_3,19617,77,76,7,6,71,70,12,Train/12/00012_00041_00027.png
client_3,21906,53,50,5,5,48,44,13,Train/13/00013_00048_00006.png
client_3,18068,44,42,6,5,38,36,11,Train/11/00011_00034_00008.png
client_3,15027,63,64,5,5,58,59,9,Train/9/00009_00048_00027.png
client_3,28877,45,42,6,6,39,37,25,Train/25/00025_00013_00017.png
client_3,38545,111,108,9,10,102,99,40,Train/40/00040_00005_00026.png
client_3,19033,42,41,6,6,37,36,12,Train/12/00012_00022_00013.png
client_3,38505,60,61,5,6,54,55,40,Train/40/00040_00004_00016.png
client_3,17098,130,122,12,10,119,112,11,Train/11/00011_00001_00028.png
client_3,33863,60,59,6,5,55,53,34,Train/34/00034_00002_00024.png
client_3,14067,67,69,6,7,61,63,9,Train/9/00009_00016_00027.png
client_3,14453,74,73,7,7,68,67,9,Train/9/00009_00029_00023.png
client_3,34965,44,44,6,5,39,39,35,Train/35/00035_00025_00016.png
client_3,4270,33,33,5,5,28,28,2,Train/2/00002_00049_00010.png
client_3,33756,27,27,5,5,22,22,33,Train/33/00033_00022_00007.png
client_3,14143,35,35,5,5,30,30,9,Train/9/00009_00019_00013.png
client_3,3359,120,117,11,10,110,107,2,Train/2/00002_00018_00029.png
client_3,29811,68,61,7,6,62,56,25,Train/25/00025_00044_00021.png
client_3,7221,59,57,6,5,54,52,4,Train/4/00004_00025_00021.png
client_3,3677,54,52,6,5,48,47,2,Train/2/00002_00029_00017.png
client_3,14945,47,45,5,6,41,39,9,Train/9/00009_00046_00005.png
client_3,33319,85,87,8,8,77,80,33,Train/33/00033_00007_00019.png
client_3,31053,59,54,5,6,53,48,28,Train/28/00028_00008_00003.png
client_3,18949,51,51,6,6,46,46,12,Train/12/00012_00019_00019.png
client_3,27022,61,55,6,5,56,50,21,Train/21/00021_00001_00022.png
client_3,11010,32,32,5,5,27,27,7,Train/7/00007_00010_00000.png
client_3,20172,48,48,5,5,43,43,12,Train/12/00012_00060_00012.png
client_3,39108,48,47,6,6,43,42,42,Train/42/00042_00004_00019.png
client_3,13924,31,32,6,6,26,27,9,Train/9/00009_00012_00004.png
client_3,28077,55,54,6,6,50,48,23,Train/23/00023_00012_00027.png
client_3,31495,79,74,7,7,72,68,29,Train/29/00029_00004_00025.png
client_3,31319,107,101,10,9,98,93,28,Train/28/00028_00016_00029.png
client_3,13567,34,36,5,6,29,31,9,Train/9/00009_00000_00007.png
client_3,14343,53,50,6,6,48,45,9,Train/9/00009_00026_00003.png
client_3,33258,70,70,6,7,64,64,33,Train/33/00033_00005_00018.png
client_3,14787,59,62,6,5,54,57,9,Train/9/00009_00040_00027.png
client_3,13824,48,48,5,5,43,43,9,Train/9/00009_00008_00024.png
client_3,29508,80,70,7,6,73,64,25,Train/25/00025_00034_00018.png
client_3,18262,75,69,6,6,69,63,11,Train/11/00011_00040_00022.png
client_3,33106,30,32,5,5,25,27,33,Train/33/00033_00000_00016.png
client_3,38360,43,48,5,6,38,43,39,Train/39/00039_00009_00021.png
client_3,11588,31,30,6,5,25,24,7,Train/7/00007_00029_00008.png
client_3,4291,26,26,5,5,21,21,2,Train/2/00002_00050_00001.png
client_3,31094,49,44,6,5,44,39,28,Train/28/00028_00009_00014.png
client_3,7503,31,30,6,5,26,25,4,Train/4/00004_00035_00003.png
client_3,11028,43,41,5,5,37,36,7,Train/7/00007_00010_00018.png
client_3,3697,36,33,5,5,31,27,2,Train/2/00002_00030_00007.png
client_3,36098,42,43,6,5,36,37,38,Train/38/00038_00003_00009.png
client_3,20149,47,46,6,6,41,41,12,Train/12/00012_00059_00019.png
client_3,23349,33,33,6,6,27,27,14,Train/14/00014_00024_00009.png
client_3,32681,38,37,5,6,33,32,31,Train/31/00031_00020_00011.png
client_3,7098,44,44,6,5,39,39,4,Train/4/00004_00021_00018.png
client_3,4727,38,39,5,6,33,33,2,Train/2/00002_00064_00017.png
client_3,28008,63,58,5,5,57,53,23,Train/23/00023_00010_00018.png
client_3,35022,38,39,6,6,33,34,35,Train/35/00035_00027_00013.png
client_3,8417,39,38,6,5,34,33,4,Train/4/00004_00065_00017.png
client_3,38166,32,31,6,5,27,26,39,Train/39/00039_00003_00007.png
client_3,6855,36,38,5,6,31,33,4,Train/4/00004_00013_00015.png
client_3,14219,88,92,8,9,81,84,9,Train/9/00009_00021_00029.png
client_3,27228,74,62,6,6,68,57,21,Train/21/00021_00008_00018.png
client_3,18463,44,42,5,6,39,37,12,Train/12/00012_00003_00013.png
client_3,19228,101,101,9,9,93,93,12,Train/12/00012_00028_00028.png
client_3,4162,49,49,6,6,44,43,2,Train/2/00002_00045_00022.png
client_3,14672,30,29,6,5,25,24,9,Train/9/00009_00037_00002.png
client_3,19471,40,40,5,5,35,35,12,Train/12/00012_00037_00001.png
client_3,20030,56,56,6,5,51,51,12,Train/12/00012_00055_00020.png
client_3,6167,43,43,5,5,38,38,3,Train/3/00003_00037_00017.png
client_3,2831,33,34,5,6,28,29,2,Train/2/00002_00001_00011.png
client_3,35213,70,72,7,7,64,66,35,Train/35/00035_00033_00024.png
client_3,35156,52,56,5,5,47,50,35,Train/35/00035_00031_00027.png
client_3,38653,37,36,6,5,32,31,40,Train/40/00040_00009_00014.png
client_3,38583,29,30,5,6,24,25,40,Train/40/00040_00007_00004.png
client_3,34046,70,71,6,6,64,65,34,Train/34/00034_00008_00027.png
client_3,415,50,52,5,5,45,47,0,Train/0/00000_00001_00025.png
client_3,2805,48,42,5,5,43,37,2,Train/2/00002_00000_00015.png
client_3,38473,53,52,5,5,48,47,40,Train/40/00040_00003_00014.png
client_3,11550,30,32,6,6,25,27,7,Train/7/00007_00028_00000.png
client_3,18623,70,73,6,6,64,67,12,Train/12/00012_00008_00023.png
client_3,18619,53,54,5,5,48,49,12,Train/12/00012_00008_00019.png
client_3,30980,62,62,5,5,56,57,28,Train/28/00028_00005_00020.png
client_3,30882,54,48,6,5,49,43,28,Train/28/00028_00002_00012.png
client_3,29180,75,74,7,6,69,68,25,Train/25/00025_00023_00020.png
client_3,8873,53,52,6,5,48,47,5,Train/5/00005_00014_00023.png
client_3,14148,38,39,5,5,33,34,9,Train/9/00009_00019_00018.png
client_3,1113,40,41,6,6,35,36,1,Train/1/00001_00018_00003.png
client_3,3518,34,34,5,6,29,29,2,Train/2/00002_00024_00008.png
client_3,8157,51,59,5,6,46,54,4,Train/4/00004_00056_00027.png
client_3,20136,33,32,6,6,28,27,12,Train/12/00012_00059_00006.png
client_3,33177,106,103,10,9,97,94,33,Train/33/00033_00002_00027.png
client_3,17665,104,92,9,8,95,84,11,Train/11/00011_00020_00025.png
client_3,29926,46,51,5,5,41,46,25,Train/25/00025_00048_00016.png
client_3,6936,31,34,6,6,26,29,4,Train/4/00004_00016_00006.png
client_3,34230,28,30,5,6,23,25,35,Train/35/00035_00001_00001.png
client_3,23691,59,59,5,5,54,54,15,Train/15/00015_00009_00021.png
client_3,29360,84,83,7,7,77,76,25,Train/25/00025_00029_00020.png
client_3,7842,36,37,5,5,31,31,4,Train/4/00004_00046_00012.png
client_3,29411,43,40,6,5,38,35,25,Train/25/00025_00031_00011.png
client_3,3913,36,38,5,6,31,33,2,Train/2/00002_00037_00013.png
client_3,18485,32,25,6,5,26,20,12,Train/12/00012_00004_00005.png
client_3,1038,46,46,5,5,40,40,1,Train/1/00001_00015_00018.png
client_3,24359,71,73,7,7,65,67,16,Train/16/00016_00010_00029.png
client_3,24110,40,41,5,5,35,36,16,Train/16/00016_00002_00020.png
client_3,34491,61,59,6,5,56,54,35,Train/35/00035_00009_00022.png
client_3,36645,40,39,5,5,34,34,38,Train/38/00038_00021_00016.png
client_3,2908,72,72,7,7,66,66,2,Train/2/00002_00003_00028.png
client_3,4674,70,75,6,6,64,69,2,Train/2/00002_00062_00024.png
client_3,18417,81,81,8,7,74,74,12,Train/12/00012_00001_00027.png
client_3,14108,32,32,5,5,27,27,9,Train/9/00009_00018_00008.png
client_3,24194,34,33,6,5,29,28,16,Train/16/00016_00005_00014.png
client_3,19187,48,49,5,6,43,44,12,Train/12/00012_00027_00017.png
client_3,4316,52,51,6,5,46,46,2,Train/2/00002_00050_00026.png
client_3,3312,37,37,6,5,32,32,2,Train/2/00002_00017_00012.png
client_3,19844,39,39,6,6,34,34,12,Train/12/00012_00049_00014.png
client_3,19867,35,36,6,5,30,31,12,Train/12/00012_00050_00007.png
client_3,24258,38,38,6,5,33,33,16,Train/16/00016_00007_00018.png
client_3,39197,39,40,5,5,34,35,42,Train/42/00042_00007_00018.png
client_3,17581,43,42,6,6,38,37,11,Train/11/00011_00018_00001.png
client_3,27562,62,57,6,5,57,52,22,Train/22/00022_00008_00022.png
client_3,35108,30,31,6,6,25,26,35,Train/35/00035_00030_00009.png
client_3,20983,58,53,5,5,53,48,13,Train/13/00013_00017_00013.png
client_3,2948,35,34,6,5,29,28,2,Train/2/00002_00005_00008.png
client_3,7373,65,64,6,6,60,59,4,Train/4/00004_00030_00023.png
client_3,19608,38,38,5,5,33,33,12,Train/12/00012_00041_00018.png
client_3,13617,84,82,8,8,77,75,9,Train/9/00009_00001_00027.png
client_3,34505,45,44,6,5,39,39,35,Train/35/00035_00010_00006.png
client_3,27882,42,38,5,5,37,33,23,Train/23/00023_00006_00012.png
client_3,17169,44,43,6,6,39,38,11,Train/11/00011_00004_00009.png
client_3,27157,36,36,5,6,31,31,21,Train/21/00021_00006_00007.png
client_3,10063,36,35,5,5,31,30,5,Train/5/00005_00054_00013.png
client_3,36568,73,74,7,6,67,68,38,Train/38/00038_00018_00029.png
client_3,14767,42,43,6,6,37,38,9,Train/9/00009_00040_00007.png
client_3,4427,40,40,5,6,35,35,2,Train/2/00002_00054_00017.png
client_3,14303,55,60,6,6,49,55,9,Train/9/00009_00024_00023.png
client_3,18482,29,26,6,6,24,21,12,Train/12/00012_00004_00002.png
client_3,3475,70,70,7,6,64,64,2,Train/2/00002_00022_00025.png
client_3,34194,59,58,6,5,54,53,34,Train/34/00034_00013_00025.png
client_3,7146,31,31,5,5,25,25,4,Train/4/00004_00023_00006.png
client_3,29839,51,47,5,6,46,42,25,Train/25/00025_00045_00019.png
client_3,13741,28,28,5,5,23,23,9,Train/9/00009_00006_00001.png
client_3,4087,29,29,5,5,23,24,2,Train/2/00002_00043_00007.png
client_3,17573,71,64,7,6,65,59,11,Train/11/00011_00017_00023.png
client_3,38271,39,37,6,5,34,32,39,Train/39/00039_00006_00022.png
client_3,8702,32,32,6,6,27,27,5,Train/5/00005_00009_00002.png
client_3,4159,42,41,6,5,37,36,2,Train/2/00002_00045_00019.png
client_3,34526,77,80,7,8,71,73,35,Train/35/00035_00010_00027.png
client_3,26993,85,80,8,8,78,73,21,Train/21/00021_00000_00023.png
client_3,9125,33,32,6,5,28,27,5,Train/5/00005_00023_00005.png
client_3,14028,43,43,5,5,38,38,9,Train/9/00009_00015_00018.png
client_3,9441,40,43,5,6,35,38,5,Train/5/00005_00033_00021.png
client_3,27927,77,70,7,6,71,64,23,Train/23/00023_00007_00027.png
client_3,14985,39,40,5,6,34,35,9,Train/9/00009_00047_00015.png
client_3,35440,37,38,6,5,32,32,36,Train/36/00036_00001_00011.png
client_3,38396,68,64,7,5,62,59,40,Train/40/00040_00000_00027.png
client_3,629,71,67,6,6,65,61,1,Train/1/00001_00001_00029.png
client_3,32776,43,42,6,6,38,37,31,Train/31/00031_00023_00016.png
client_3,3951,73,71,7,6,67,65,2,Train/2/00002_00038_00021.png
client_3,26757,97,93,8,9,88,85,18,Train/18/00018_00039_00027.png
client_3,14559,35,33,5,5,29,27,9,Train/9/00009_00033_00009.png
client_3,3013,41,40,5,5,36,35,2,Train/2/00002_00007_00013.png
client_3,24169,43,44,5,6,38,39,16,Train/16/00016_00004_00019.png
client_3,14509,35,34,6,5,29,29,9,Train/9/00009_00031_00019.png
client_3,29881,54,54,5,5,49,49,25,Train/25/00025_00047_00001.png
client_3,18520,52,53,5,5,47,48,12,Train/12/00012_00005_00010.png
client_3,2205,50,50,5,6,45,45,1,Train/1/00001_00054_00015.png
client_3,34608,47,46,6,5,41,40,35,Train/35/00035_00013_00019.png
client_3,33168,52,51,6,6,47,46,33,Train/33/00033_00002_00018.png
client_3,21725,39,35,5,6,34,30,13,Train/13/00013_00042_00005.png
client_3,27131,38,36,5,5,33,31,21,Train/21/00021_00005_00011.png
client_3,36506,68,81,7,7,62,74,38,Train/38/00038_00016_00027.png
client_3,8264,37,37,5,5,32,32,4,Train/4/00004_00060_00014.png
client_3,19671,45,44,6,5,40,39,12,Train/12/00012_00043_00021.png
client_3,4234,30,28,6,5,25,23,2,Train/2/00002_00048_00004.png
client_3,32880,28,28,6,6,23,23,32,Train/32/00032_00001_00000.png
client_3,3651,44,44,6,5,39,39,2,Train/2/00002_00028_00021.png
client_3,33224,40,42,5,6,35,37,33,Train/33/00033_00004_00014.png
client_3,3256,72,74,6,6,65,67,2,Train/2/00002_00015_00016.png
client_3,27075,47,45,5,6,42,40,21,Train/21/00021_00003_00015.png
client_3,4402,48,48,5,6,42,43,2,Train/2/00002_00053_00022.png
client_3,33755,27,28,5,6,22,23,33,Train/33/00033_00022_00006.png
client_3,7027,36,35,6,5,31,30,4,Train/4/00004_00019_00007.png
client_3,3371,39,39,6,5,34,34,2,Train/2/00002_00019_00011.png
client_3,13689,30,31,5,6,25,26,9,Train/9/00009_00004_00009.png
client_3,18820,40,42,5,6,35,37,12,Train/12/00012_00015_00010.png
client_3,4176,33,34,5,5,28,29,2,Train/2/00002_00046_00006.png
client_3,14780,49,51,6,6,44,46,9,Train/9/00009_00040_00020.png
client_3,27764,51,49,5,6,46,43,23,Train/23/00023_00002_00014.png
client_3,23497,31,33,6,5,26,28,15,Train/15/00015_00003_00007.png
client_3,33527,40,44,5,6,35,38,33,Train/33/00033_00014_00017.png
client_3,17993,97,86,9,7,89,78,11,Train/11/00011_00031_00023.png
client_3,8279,62,65,5,6,57,60,4,Train/4/00004_00060_00029.png
client_3,30862,69,60,7,5,62,55,28,Train/28/00028_00001_00022.png
client_3,15029,77,81,6,8,70,74,9,Train/9/00009_00048_00029.png
client_3,14753,41,41,5,5,36,36,9,Train/9/00009_00039_00023.png
client_3,31243,48,47,5,6,43,42,28,Train/28/00028_00014_00013.png
client_3,11132,36,37,5,6,31,32,7,Train/7/00007_00014_00002.png
client_3,8056,52,50,6,6,47,45,4,Train/4/00004_00053_00016.png
client_3,24430,54,53,6,6,48,48,16,Train/16/00016_00013_00010.png
client_3,24313,34,35,5,5,29,30,16,Train/16/00016_00009_00013.png
client_3,6839,119,115,10,10,109,105,4,Train/4/00004_00012_00029.png
client_3,29753,75,68,6,6,69,62,25,Train/25/00025_00042_00023.png
client_3,14455,86,83,8,7,79,76,9,Train/9/00009_00029_00025.png
client_3,8881,30,30,5,5,25,25,5,Train/5/00005_00015_00001.png
client_3,29551,40,37,5,6,34,32,25,Train/25/00025_00036_00001.png
client_3,9454,28,30,5,5,23,25,5,Train/5/00005_00034_00004.png
client_3,38483,85,81,8,7,78,74,40,Train/40/00040_00003_00024.png
client_3,19517,48,48,5,5,43,43,12,Train/12/00012_00038_00017.png
client_3,14061,56,56,6,6,51,51,9,Train/9/00009_00016_00021.png
client_3,3641,37,38,5,6,32,33,2,Train/2/00002_00028_00011.png
client_3,35055,43,42,6,5,37,36,35,Train/35/00035_00028_00016.png
client_3,14103,31,31,5,5,26,26,9,Train/9/00009_00018_00003.png
client_3,3556,38,37,6,5,33,32,2,Train/2/00002_00025_00016.png
client_3,24220,85,85,8,8,78,78,16,Train/16/00016_00006_00010.png
client_3,33166,48,48,5,6,43,43,33,Train/33/00033_00002_00016.png
client_3,39064,29,29,6,5,24,23,42,Train/42/00042_00003_00005.png
client_3,7853,61,61,6,6,56,55,4,Train/4/00004_00046_00023.png
client_3,14385,38,37,5,6,32,31,9,Train/9/00009_00027_00015.png
client_3,8808,48,48,6,6,43,43,5,Train/5/00005_00012_00018.png
client_3,13846,44,44,6,5,39,39,9,Train/9/00009_00009_00016.png
client_3,24167,39,40,5,6,34,35,16,Train/16/00016_00004_00017.png
client_3,3626,55,55,5,6,50,50,2,Train/2/00002_00027_00026.png
client_3,31327,39,36,6,5,34,31,28,Train/28/00028_00017_00007.png
client_3,28137,111,99,9,8,102,91,23,Train/23/00023_00014_00027.png
client_3,8045,38,37,6,5,33,32,4,Train/4/00004_00053_00005.png
client_3,1433,60,72,6,6,55,66,1,Train/1/00001_00028_00023.png
client_3,27813,29,29,5,5,24,24,23,Train/23/00023_00004_00003.png
client_3,6513,34,33,6,5,29,28,4,Train/4/00004_00002_00003.png
client_3,27273,29,28,6,5,23,22,21,Train/21/00021_00010_00003.png
client_3,33151,42,40,5,5,37,35,33,Train/33/00033_00002_00001.png
client_3,19933,111,108,9,9,102,99,12,Train/12/00012_00052_00013.png
client_3,35054,41,42,6,6,35,37,35,Train/35/00035_00028_00015.png
client_3,2885,51,50,5,5,45,44,2,Train/2/00002_00003_00005.png
client_3,3404,35,39,5,6,29,33,2,Train/2/00002_00020_00014.png
client_3,14281,30,32,6,6,25,27,9,Train/9/00009_00024_00001.png
client_3,23232,58,60,6,5,52,54,14,Train/14/00014_00020_00012.png
client_3,38264,33,34,5,6,28,29,39,Train/39/00039_00006_00015.png
client_3,33762,28,28,5,5,23,23,33,Train/33/00033_00022_00013.png
client_3,29078,38,35,6,6,33,30,25,Train/25/00025_00020_00008.png
client_3,33359,86,92,8,8,82,84,33,Train/33/00033_00008_00029.png
client_3,31291,36,35,6,5,31,30,28,Train/28/00028_00016_00001.png
client_3,27827,45,38,5,5,39,33,23,Train/23/00023_00004_00017.png
client_3,19574,49,49,5,5,44,44,12,Train/12/00012_00040_00014.png
client_3,39204,52,56,5,6,47,51,42,Train/42/00042_00007_00025.png
client_3,20436,52,54,5,6,47,49,12,Train/12/00012_00069_00006.png
client_3,19955,44,40,5,6,39,35,12,Train/12/00012_00053_00005.png
client_3,6947,40,43,6,6,35,38,4,Train/4/00004_00016_00017.png
client_3,14048,46,45,6,5,41,40,9,Train/9/00009_00016_00008.png
client_3,27259,60,56,6,6,55,51,21,Train/21/00021_00009_00019.png
client_3,13918,124,133,10,12,114,122,9,Train/9/00009_00011_00028.png
client_3,1466,96,98,8,9,87,90,1,Train/1/00001_00029_00026.png
client_3,4726,38,36,6,5,33,31,2,Train/2/00002_00064_00016.png
client_3,38433,36,35,6,5,30,29,40,Train/40/00040_00002_00004.png
client_3,28120,82,74,7,7,75,68,23,Train/23/00023_00014_00010.png
client_3,31332,45,41,6,5,40,36,28,Train/28/00028_00017_00012.png
client_3,25160,41,41,5,5,35,36,17,Train/17/00017_00023_00020.png
client_3,28653,28,28,5,6,23,23,25,Train/25/00025_00006_00003.png
client_3,14157,56,56,6,5,51,51,9,Train/9/00009_00019_00027.png
client_3,23574,48,48,5,5,43,43,15,Train/15/00015_00005_00024.png
client_3,13596,29,29,5,6,24,24,9,Train/9/00009_00001_00006.png
client_3,1212,32,34,6,6,27,29,1,Train/1/00001_00021_00012.png
client_3,7310,44,45,5,6,39,40,4,Train/4/00004_00028_00020.png
client_3,7116,32,31,6,5,27,26,4,Train/4/00004_00022_00006.png
client_3,32858,29,30,5,5,24,25,32,Train/32/00032_00000_00008.png
client_3,30969,45,46,6,5,40,41,28,Train/28/00028_00005_00009.png
client_3,31149,41,39,5,5,36,34,28,Train/28/00028_00011_00009.png
client_3,4561,39,40,6,6,34,35,2,Train/2/00002_00059_00001.png
client_3,38989,47,49,6,6,42,43,42,Train/42/00042_00000_00020.png
client_3,35093,55,58,6,6,50,53,35,Train/35/00035_00029_00024.png
client_3,18140,72,74,6,6,65,68,11,Train/11/00011_00036_00020.png
client_3,17152,83,74,7,6,76,68,11,Train/11/00011_00003_00022.png
client_3,14367,119,122,10,11,109,112,9,Train/9/00009_00026_00027.png
client_3,14481,45,45,6,5,40,40,9,Train/9/00009_00030_00021.png
client_3,8966,83,83,8,8,76,76,5,Train/5/00005_00017_00026.png
client_3,4522,55,55,5,5,50,50,2,Train/2/00002_00057_00022.png
client_3,2947,34,34,6,6,29,29,2,Train/2/00002_00005_00007.png
client_3,1122,55,55,6,6,50,50,1,Train/1/00001_00018_00012.png
client_3,6825,41,42,5,6,36,37,4,Train/4/00004_00012_00015.png
client_3,19170,36,36,5,5,31,31,12,Train/12/00012_00027_00000.png
client_3,14254,30,33,5,6,25,28,9,Train/9/00009_00023_00004.png
client_3,2856,28,28,5,5,23,23,2,Train/2/00002_00002_00006.png
client_3,13627,43,41,6,5,38,36,9,Train/9/00009_00002_00007.png
client_3,13930,36,38,5,6,30,32,9,Train/9/00009_00012_00010.png
client_3,33582,40,42,5,6,35,37,33,Train/33/00033_00016_00012.png
client_3,28186,52,51,6,5,47,46,23,Train/23/00023_00016_00016.png
client_3,14679,36,35,6,5,31,30,9,Train/9/00009_00037_00009.png
client_3,28848,76,73,7,7,70,67,25,Train/25/00025_00012_00018.png
client_3,28489,67,65,6,6,61,60,25,Train/25/00025_00000_00019.png
client_3,12127,28,27,6,5,23,22,7,Train/7/00007_00047_00007.png
client_3,28045,116,101,11,9,106,93,23,Train/23/00023_00011_00025.png
client_3,39040,33,33,6,6,27,27,42,Train/42/00042_00002_00011.png
client_3,9189,31,30,6,5,26,25,5,Train/5/00005_00025_00009.png
client_3,4185,40,43,6,6,35,37,2,Train/2/00002_00046_00015.png
client_3,4793,42,45,6,6,37,40,2,Train/2/00002_00066_00023.png
client_3,29754,83,75,7,7,76,69,25,Train/25/00025_00042_00024.png
client_3,1449,40,41,6,6,35,36,1,Train/1/00001_00029_00009.png
client_3,36755,33,34,6,6,28,29,38,Train/38/00038_00025_00006.png
client_3,24303,28,31,5,6,23,26,16,Train/16/00016_00009_00003.png
client_3,14094,63,68,5,6,58,62,9,Train/9/00009_00017_00024.png
client_3,13698,41,41,6,6,36,36,9,Train/9/00009_00004_00018.png
client_3,14731,41,41,5,5,36,36,9,Train/9/00009_00039_00001.png
client_3,13908,52,53,5,5,47,48,9,Train/9/00009_00011_00018.png
client_3,4312,41,44,5,6,36,39,2,Train/2/00002_00050_00022.png
client_3,28151,54,49,5,5,49,44,23,Train/23/00023_00015_00011.png
client_3,28734,164,154,14,13,149,140,25,Train/25/00025_00008_00024.png
client_3,4899,33,33,6,6,28,28,2,Train/2/00002_00070_00009.png
client_3,11840,44,43,5,5,39,38,7,Train/7/00007_00037_00020.png
client_3,3062,39,39,5,6,34,34,2,Train/2/00002_00009_00002.png
client_3,31603,54,50,5,6,49,45,29,Train/29/00029_00008_00013.png
client_3,31389,45,41,5,5,39,36,29,Train/29/00029_00001_00009.png
client_3,27913,45,40,5,5,40,35,23,Train/23/00023_00007_00013.png
client_3,19530,35,34,6,5,30,29,12,Train/12/00012_00039_00000.png
client_3,4049,57,61,5,6,51,56,2,Train/2/00002_00041_00029.png
client_3,27524,53,50,6,6,48,45,22,Train/22/00022_00007_00014.png
client_3,17898,30,45,6,6,24,40,11,Train/11/00011_00028_00018.png
client_3,4056,29,29,6,5,24,23,2,Train/2/00002_00042_00006.png
client_3,38503,56,56,5,5,50,51,40,Train/40/00040_00004_00014.png
client_3,14871,51,48,6,6,45,42,9,Train/9/00009_00043_00021.png
client_3,1271,38,36,5,5,33,31,1,Train/1/00001_00023_00011.png
client_3,25846,40,35,6,5,34,30,18,Train/18/00018_00009_00016.png
client_3,14781,49,52,5,6,44,47,9,Train/9/00009_00040_00021.png
client_3,27047,46,42,6,6,41,37,21,Train/21/00021_00002_00017.png
client_3,19402,105,97,10,9,96,89,12,Train/12/00012_00034_00022.png
client_3,20366,58,68,5,7,53,62,12,Train/12/00012_00066_00026.png
client_3,8786,76,82,6,7,70,75,5,Train/5/00005_00011_00026.png
client_3,33531,43,45,6,6,37,39,33,Train/33/00033_00014_00021.png
client_3,9675,37,38,5,6,32,33,5,Train/5/00005_00041_00015.png
client_3,33465,39,39,5,6,33,33,33,Train/33/00033_00012_00015.png
client_3,28936,61,57,6,6,56,51,25,Train/25/00025_00015_00016.png
client_3,13771,26,27,5,5,21,22,9,Train/9/00009_00007_00001.png
client_3,35517,85,93,8,9,78,85,36,Train/36/00036_00003_00028.png
client_3,24091,27,26,6,5,22,21,16,Train/16/00016_00002_00001.png
client_3,10160,45,45,6,6,40,40,5,Train/5/00005_00057_00020.png
client_3,19217,37,37,6,6,32,32,12,Train/12/00012_00028_00017.png
client_3,14170,30,31,6,6,25,26,9,Train/9/00009_00020_00010.png
client_3,19676,74,74,7,7,68,68,12,Train/12/00012_00043_00026.png
client_3,20034,70,69,6,6,63,63,12,Train/12/00012_00055_00024.png
client_3,24443,73,72,6,6,66,66,16,Train/16/00016_00013_00023.png
client_3,31595,43,40,6,5,37,34,29,Train/29/00029_00008_00005.png
client_3,39121,27,27,5,5,21,21,42,Train/42/00042_00005_00002.png
client_3,35912,26,28,5,6,21,22,37,Train/37/00037_00004_00003.png
client_3,20291,35,40,5,6,30,35,12,Train/12/00012_00064_00011.png
client_3,35330,55,60,5,6,50,55,35,Train/35/00035_00037_00021.png
client_3,33918,73,74,6,7,67,68,34,Train/34/00034_00004_00019.png
client_3,28635,47,44,6,6,42,39,25,Train/25/00025_00005_00015.png
client_3,1977,105,104,10,9,96,95,1,Train/1/00001_00046_00027.png
client_3,11190,31,31,5,5,26,26,7,Train/7/00007_00016_00000.png
client_3,11910,28,27,6,5,23,22,7,Train/7/00007_00040_00000.png
client_3,4099,41,41,5,6,35,36,2,Train/2/00002_00043_00019.png
client_3,19425,46,45,6,5,41,40,12,Train/12/00012_00035_00015.png
client_3,27583,45,42,5,6,40,37,22,Train/22/00022_00009_00013.png
client_3,14022,43,43,5,5,38,38,9,Train/9/00009_00015_00012.png
client_3,18554,56,56,5,5,51,51,12,Train/12/00012_00006_00014.png
client_3,11226,33,33,5,5,28,28,7,Train/7/00007_00017_00006.png
client_3,31022,58,51,6,5,53,46,28,Train/28/00028_00007_00002.png
client_3,38656,42,41,5,5,37,36,40,Train/40/00040_00009_00017.png
client_3,39063,29,28,5,6,24,23,42,Train/42/00042_00003_00004.png
client_3,6900,28,29,5,6,23,24,4,Train/4/00004_00015_00000.png
client_3,2634,70,70,7,7,64,64,1,Train/1/00001_00068_00024.png
client_3,677,46,45,5,5,40,40,1,Train/1/00001_00003_00017.png
client_3,13733,51,51,6,5,46,45,9,Train/9/00009_00005_00023.png
client_3,7786,38,38,5,5,33,33,4,Train/4/00004_00044_00016.png
client_3,19541,44,45,5,6,39,40,12,Train/12/00012_00039_00011.png
client_3,19289,58,57,5,6,53,52,12,Train/12/00012_00030_00029.png
client_3,13776,31,31,6,6,26,26,9,Train/9/00009_00007_00006.png
client_3,28098,61,54,6,5,56,49,23,Train/23/00023_00013_00018.png
client_3,1792,67,68,6,7,61,62,1,Train/1/00001_00040_00022.png
client_3,35438,37,35,6,6,32,30,36,Train/36/00036_00001_00009.png
client_3,34791,43,46,5,6,38,40,35,Train/35/00035_00019_00022.png
client_3,23841,45,49,5,5,39,44,15,Train/15/00015_00014_00021.png
client_3,24260,41,40,6,5,36,35,16,Train/16/00016_00007_00020.png
client_3,24038,60,60,6,5,55,55,16,Train/16/00016_00000_00008.png
client_3,24379,40,41,6,6,35,36,16,Train/16/00016_00011_00019.png
client_3,4505,29,29,6,5,23,23,2,Train/2/00002_00057_00005.png
client_3,4186,41,43,5,6,36,38,2,Train/2/00002_00046_00016.png
client_3,33764,45,44,6,6,40,39,33,Train/33/00033_00022_00015.png
client_3,4289,74,71,6,6,67,65,2,Train/2/00002_00049_00029.png
client_3,38270,38,37,6,5,33,32,39,Train/39/00039_00006_00021.png
client_3,33316,71,74,6,7,65,68,33,Train/33/00033_00007_00016.png
client_3,38682,43,46,6,6,38,41,40,Train/40/00040_00010_00013.png
client_3,13748,31,29,6,5,25,24,9,Train/9/00009_00006_00008.png
client_3,7680,29,30,5,6,24,25,4,Train/4/00004_00041_00000.png
client_3,7203,36,34,5,6,31,29,4,Train/4/00004_00025_00003.png
client_3,19971,68,57,6,5,62,52,12,Train/12/00012_00053_00021.png
client_3,32058,44,40,6,6,39,35,30,Train/30/00030_00014_00018.png
client_3,28728,120,111,11,9,110,101,25,Train/25/00025_00008_00018.png
client_3,3853,38,39,5,6,33,34,2,Train/2/00002_00035_00013.png
client_3,14394,53,52,5,6,48,47,9,Train/9/00009_00027_00024.png
client_3,8696,82,82,7,7,75,75,5,Train/5/00005_00008_00026.png
client_3,38983,39,39,5,5,33,34,42,Train/42/00042_00000_00014.png
client_3,17668,152,133,14,11,139,122,11,Train/11/00011_00020_00028.png
client_3,10252,36,42,6,6,31,37,5,Train/5/00005_00060_00022.png
client_3,823,49,53,5,6,44,48,1,Train/1/00001_00008_00013.png
client_3,1162,46,47,6,6,41,42,1,Train/1/00001_00019_00022.png
client_3,33128,31,30,5,5,25,25,33,Train/33/00033_00001_00008.png
client_3,3642,39,38,6,5,34,33,2,Train/2/00002_00028_00012.png
client_3,3589,48,48,6,6,43,43,2,Train/2/00002_00026_00019.png
client_3,27292,61,57,5,5,56,52,21,Train/21/00021_00010_00022.png
client_3,4196,51,58,5,5,46,53,2,Train/2/00002_00046_00026.png
client_3,14581,27,26,6,5,22,21,9,Train/9/00009_00034_00001.png
client_3,9023,53,53,5,5,48,48,5,Train/5/00005_00019_00023.png
client_3,33250,69,70,6,7,63,63,33,Train/33/00033_00005_00010.png
client_3,14051,49,46,6,5,43,41,9,Train/9/00009_00016_00011.png
client_3,18905,35,34,6,5,30,29,12,Train/12/00012_00018_00005.png
client_3,20212,61,61,6,5,56,56,12,Train/12/00012_00061_00022.png
client_3,13230,32,32,6,6,27,27,8,Train/8/00008_00036_00000.png
client_3,38665,82,77,8,7,74,71,40,Train/40/00040_00009_00026.png
client_3,13829,70,69,6,6,63,63,9,Train/9/00009_00008_00029.png
client_3,3002,34,33,5,5,29,28,2,Train/2/00002_00007_00002.png
client_3,14587,29,30,5,6,24,25,9,Train/9/00009_00034_00007.png
client_3,13977,93,94,8,9,85,86,9,Train/9/00009_00013_00027.png
client_3,20434,53,52,6,6,48,47,12,Train/12/00012_00069_00004.png
client_3,20077,44,46,5,6,38,41,12,Train/12/00012_00057_00007.png
client_3,38058,48,49,6,5,43,44,38,Train/38/00038_00068_00019.png
client_3,7012,58,63,5,6,53,58,4,Train/4/00004_00018_00022.png
client_3,4504,28,29,6,6,23,24,2,Train/2/00002_00057_00004.png
client_3,38403,32,31,6,5,27,26,40,Train/40/00040_00001_00004.png
client_3,34221,68,72,6,7,62,66,35,Train/35/00035_00000_00022.png
client_3,34449,50,49,5,5,45,44,35,Train/35/00035_00008_00010.png
client_3,4026,28,27,6,5,23,22,2,Train/2/00002_00041_00006.png
client_3,33664,32,31,6,5,26,26,33,Train/33/00033_00019_00004.png
client_3,9411,41,43,5,5,36,37,5,Train/5/00005_00032_00021.png
client_3,27702,36,36,6,6,30,30,23,Train/23/00023_00000_00012.png
client_3,19846,41,41,6,5,36,36,12,Train/12/00012_00049_00016.png
client_3,28770,37,40,0,6,32,35,25,Train/25/00025_00010_00000.png
client_3,9235,47,42,5,6,42,36,5,Train/5/00005_00026_00025.png
client_3,38980,36,37,5,6,30,32,42,Train/42/00042_00000_00011.png
client_3,29190,38,38,5,6,33,33,25,Train/25/00025_00024_00000.png
client_3,34378,68,69,6,6,62,63,35,Train/35/00035_00005_00029.png
client_3,6177,104,106,10,10,95,97,3,Train/3/00003_00037_00027.png
client_3,34811,39,39,6,6,34,34,35,Train/35/00035_00020_00012.png
client_3,24409,41,42,5,6,36,37,16,Train/16/00016_00012_00019.png
client_3,7986,33,33,5,6,28,28,4,Train/4/00004_00051_00006.png
client_3,38285,58,60,6,6,53,55,39,Train/39/00039_00007_00006.png
client_3,31113,44,40,6,6,39,35,28,Train/28/00028_00010_00003.png
client_3,10798,123,136,11,12,112,124,7,Train/7/00007_00002_00028.png
client_3,3802,36,39,5,6,31,34,2,Train/2/00002_00033_00022.png
client_3,6545,31,30,5,5,25,25,4,Train/4/00004_00003_00005.png
client_3,33369,82,81,8,7,75,74,33,Train/33/00033_00009_00009.png
client_3,14865,40,37,6,5,35,32,9,Train/9/00009_00043_00015.png
client_3,6756,31,30,6,5,25,25,4,Train/4/00004_00010_00006.png
client_3,34664,42,43,5,6,37,38,35,Train/35/00035_00015_00015.png
client_3,30835,49,47,5,6,44,41,28,Train/28/00028_00000_00025.png
client_3,4916,52,49,5,6,47,44,2,Train/2/00002_00070_00026.png
client_3,14917,35,38,5,5,30,33,9,Train/9/00009_00045_00007.png
client_3,10820,55,56,5,6,50,51,7,Train/7/00007_00003_00020.png
client_3,31448,49,43,5,5,44,38,29,Train/29/00029_00003_00008.png
client_3,28063,35,36,5,5,30,31,23,Train/23/00023_00012_00013.png
client_3,13911,61,63,6,6,56,57,9,Train/9/00009_00011_00021.png
client_3,19674,57,57,5,5,52,52,12,Train/12/00012_00043_00024.png
client_3,27788,58,54,6,6,53,49,23,Train/23/00023_00003_00008.png
client_3,1116,45,46,6,5,40,41,1,Train/1/00001_00018_00006.png
client_3,14179,31,31,6,6,26,26,9,Train/9/00009_00020_00019.png
client_3,6485,42,42,5,5,37,37,4,Train/4/00004_00001_00005.png
client_3,912,38,39,6,6,33,33,1,Train/1/00001_00011_00012.png
client_3,14957,67,61,6,6,61,56,9,Train/9/00009_00046_00017.png
client_3,7489,40,40,5,5,35,35,4,Train/4/00004_00034_00019.png
client_3,9928,53,53,5,5,48,48,5,Train/5/00005_00049_00028.png
client_3,18980,43,48,5,6,38,43,12,Train/12/00012_00020_00020.png
client_3,12150,36,36,6,6,31,31,8,Train/8/00008_00000_00000.png
client_3,8687,48,48,6,6,43,43,5,Train/5/00005_00008_00017.png
client_3,28209,33,30,5,5,28,25,24,Train/24/00024_00000_00009.png
client_3,29631,56,53,5,5,51,47,25,Train/25/00025_00038_00021.png
client_3,38558,43,45,5,6,38,39,40,Train/40/00040_00006_00009.png
client_3,27958,154,141,14,13,141,129,23,Train/23/00023_00008_00028.png
client_3,30003,42,40,6,6,37,35,26,Train/26/00026_00001_00003.png
client_3,8334,51,51,5,5,46,46,4,Train/4/00004_00062_00024.png
client_3,14502,32,32,6,6,27,27,9,Train/9/00009_00031_00012.png
client_3,31780,42,38,6,6,37,33,30,Train/30/00030_00005_00010.png
client_3,9865,64,67,6,6,59,61,5,Train/5/00005_00047_00025.png
client_3,19978,95,82,8,8,87,75,12,Train/12/00012_00053_00028.png
client_3,34482,37,38,5,5,32,33,35,Train/35/00035_00009_00013.png
client_3,3102,36,34,6,5,31,29,2,Train/2/00002_00010_00012.png
client_3,19194,60,60,6,6,55,55,12,Train/12/00012_00027_00024.png
client_3,38227,36,38,5,6,31,32,39,Train/39/00039_00005_00008.png
client_3,36253,32,33,6,6,27,27,38,Train/38/00038_00008_00014.png
client_3,35250,27,26,5,5,21,20,35,Train/35/00035_00035_00001.png
client_3,29425,75,71,7,6,69,65,25,Train/25/00025_00031_00025.png
client_3,3169,80,74,7,6,73,68,2,Train/2/00002_00012_00019.png
client_3,13954,34,35,6,6,29,30,9,Train/9/00009_00013_00004.png
client_3,28132,98,87,9,8,90,80,23,Train/23/00023_00014_00022.png
client_3,7902,37,37,5,5,32,32,4,Train/4/00004_00048_00012.png
client_3,3654,48,47,6,5,43,42,2,Train/2/00002_00028_00024.png
client_3,4487,44,43,6,5,39,38,2,Train/2/00002_00056_00017.png
client_3,35945,42,44,6,5,37,38,37,Train/37/00037_00005_00006.png
client_3,32991,51,51,6,6,45,46,32,Train/32/00032_00004_00021.png
client_3,34286,53,55,6,6,48,49,35,Train/35/00035_00002_00027.png
client_3,14167,30,31,6,6,25,26,9,Train/9/00009_00020_00007.png
client_3,27067,37,37,5,5,32,32,21,Train/21/00021_00003_00007.png
client_3,13767,64,62,5,5,58,57,9,Train/9/00009_00006_00027.png
client_3,27629,64,62,6,5,59,57,22,Train/22/00022_00010_00029.png
client_3,3350,48,47,6,6,42,42,2,Train/2/00002_00018_00020.png
client_3,31105,80,71,7,6,73,65,28,Train/28/00028_00009_00025.png
client_3,19882,63,62,6,6,57,56,12,Train/12/00012_00050_00022.png
client_3,15001,27,28,6,6,21,22,9,Train/9/00009_00048_00001.png
client_3,29661,63,57,6,6,58,52,25,Train/25/00025_00039_00021.png
client_3,34539,34,35,5,6,29,30,35,Train/35/00035_00011_00010.png
client_3,20069,88,95,7,9,81,87,12,Train/12/00012_00056_00029.png
client_3,34814,41,41,5,5,36,36,35,Train/35/00035_00020_00015.png
client_3,28082,42,39,5,5,36,34,23,Train/23/00023_00013_00002.png
client_3,11528,30,30,5,5,25,25,7,Train/7/00007_00027_00008.png
client_3,10165,51,52,5,5,46,47,5,Train/5/00005_00057_00025.png
client_3,7509,36,35,6,5,31,30,4,Train/4/00004_00035_00009.png
client_3,18731,42,40,6,5,36,35,12,Train/12/00012_00012_00011.png
client_3,8766,38,38,6,6,32,33,5,Train/5/00005_00011_00006.png
client_3,27693,27,27,6,5,22,21,23,Train/23/00023_00000_00003.png
client_3,34638,48,47,5,5,42,42,35,Train/35/00035_00014_00019.png
client_3,29667,117,112,10,10,107,103,25,Train/25/00025_00039_00027.png
client_3,10372,55,59,5,6,50,54,6,Train/6/00006_00002_00022.png
client_3,13681,26,27,5,6,21,22,9,Train/9/00009_00004_00001.png
client_3,26998,141,127,12,11,129,116,21,Train/21/00021_00000_00028.png
client_3,39100,38,38,6,6,33,33,42,Train/42/00042_00004_00011.png
client_3,3093,27,26,5,5,22,21,2,Train/2/00002_00010_00003.png
client_3,33242,65,66,6,6,60,60,33,Train/33/00033_00005_00002.png
client_3,38475,57,56,5,6,52,51,40,Train/40/00040_00003_00016.png
client_3,4459,46,48,5,6,41,43,2,Train/2/00002_00055_00019.png
client_3,13749,30,31,5,6,25,26,9,Train/9/00009_00006_00009.png
client_3,7935,36,37,5,5,31,32,4,Train/4/00004_00049_00015.png
client_3,9724,32,32,6,6,27,27,5,Train/5/00005_00043_00004.png
client_3,31362,36,52,5,6,31,47,29,Train/29/00029_00000_00012.png
client_3,30755,43,38,6,5,38,33,27,Train/27/00027_00006_00005.png
client_3,33235,70,73,6,6,64,67,33,Train/33/00033_00004_00025.png
client_3,28056,30,30,6,6,24,24,23,Train/23/00023_00012_00006.png
client_3,14963,85,84,8,8,78,77,9,Train/9/00009_00046_00023.png
client_3,14555,33,30,6,5,27,24,9,Train/9/00009_00033_00005.png
client_3,3548,30,31,5,6,25,26,2,Train/2/00002_00025_00008.png
client_3,14908,89,94,8,9,82,86,9,Train/9/00009_00044_00028.png
client_3,27076,49,47,5,6,44,42,21,Train/21/00021_00003_00016.png
client_3,34130,73,73,7,7,67,67,34,Train/34/00034_00011_00021.png
client_3,33616,40,53,6,6,35,48,33,Train/33/00033_00017_00016.png
client_3,34890,29,30,5,6,24,25,35,Train/35/00035_00023_00001.png
client_3,29462,37,34,6,6,32,29,25,Train/25/00025_00033_00002.png
client_3,3491,32,33,5,5,27,28,2,Train/2/00002_00023_00011.png
client_3,28043,105,93,9,8,96,85,23,Train/23/00023_00011_00023.png
client_3,37012,55,64,6,6,50,59,38,Train/38/00038_00033_00023.png
client_3,35773,57,56,5,5,51,51,36,Train/36/00036_00012_00014.png
client_3,32381,36,32,6,5,31,27,31,Train/31/00031_00010_00011.png
client_3,27323,80,71,7,7,73,65,22,Train/22/00022_00000_00023.png
client_3,17614,34,30,5,6,29,25,11,Train/11/00011_00019_00004.png
client_3,13590,26,27,5,6,20,21,9,Train/9/00009_00001_00000.png
client_3,35028,42,43,6,6,37,38,35,Train/35/00035_00027_00019.png
client_3,33349,70,70,6,6,64,64,33,Train/33/00033_00008_00019.png
client_3,14208,48,47,6,5,43,42,9,Train/9/00009_00021_00018.png
client_3,17886,28,43,6,5,23,38,11,Train/11/00011_00028_00006.png
client_3,38372,37,35,6,6,31,30,40,Train/40/00040_00000_00003.png
client_3,20092,48,49,6,5,43,44,12,Train/12/00012_00057_00022.png
client_3,7033,43,43,5,5,38,38,4,Train/4/00004_00019_00013.png
client_3,27429,32,30,5,6,27,25,22,Train/22/00022_00004_00009.png
client_3,21723,37,33,6,6,32,28,13,Train/13/00013_00042_00003.png
client_3,9228,39,34,5,5,34,29,5,Train/5/00005_00026_00018.png
client_3,39181,28,29,5,5,23,24,42,Train/42/00042_00007_00002.png
client_3,14473,34,35,5,5,29,29,9,Train/9/00009_00030_00013.png
client_3,33345,62,63,5,6,57,58,33,Train/33/00033_00008_00015.png
client_3,13743,28,28,5,5,23,23,9,Train/9/00009_00006_00003.png
client_3,14050,47,47,5,6,41,41,9,Train/9/00009_00016_00010.png
client_3,38544,107,104,9,10,98,95,40,Train/40/00040_00005_00025.png
client_3,6935,30,34,5,6,24,28,4,Train/4/00004_00016_00005.png
client_3,13784,38,36,6,5,33,31,9,Train/9/00009_00007_00014.png
client_3,17687,45,42,5,5,40,37,11,Train/11/00011_00021_00017.png
client_3,30924,76,71,6,6,70,65,28,Train/28/00028_00003_00024.png
client_3,27360,32,30,6,6,27,25,22,Train/22/00022_00002_00000.png
client_3,10763,40,39,5,5,35,34,7,Train/7/00007_00001_00023.png
client_3,33087,62,61,5,5,56,55,32,Train/32/00032_00007_00027.png
client_3,24087,132,133,11,12,121,122,16,Train/16/00016_00001_00027.png
client_3,14515,40,41,6,6,34,35,9,Train/9/00009_00031_00025.png
client_3,8838,44,43,6,5,39,38,5,Train/5/00005_00013_00018.png
client_3,4315,50,49,6,6,45,44,2,Train/2/00002_00050_00025.png
client_3,14349,60,58,6,5,55,52,9,Train/9/00009_00026_00009.png
client_3,23533,37,38,5,5,31,32,15,Train/15/00015_00004_00013.png
client_3,28031,63,57,6,6,58,52,23,Train/23/00023_00011_00011.png
client_3,27553,37,35,5,5,32,29,22,Train/22/00022_00008_00013.png
client_3,29275,71,69,7,6,65,63,25,Train/25/00025_00026_00025.png
client_3,31422,47,43,6,5,42,38,29,Train/29/00029_00002_00012.png
client_3,3292,57,58,5,5,52,53,2,Train/2/00002_00016_00022.png
client_3,14600,46,45,5,5,41,40,9,Train/9/00009_00034_00020.png
client_3,19292,39,40,5,6,34,35,12,Train/12/00012_00031_00002.png
client_3,14272,43,44,5,5,38,39,9,Train/9/00009_00023_00022.png
client_3,18639,35,35,5,5,30,30,12,Train/12/00012_00009_00009.png
client_3,14644,36,36,5,5,31,31,9,Train/9/00009_00036_00004.png
client_3,14704,34,36,5,6,29,30,9,Train/9/00009_00038_00004.png
client_3,7915,72,72,7,6,66,66,4,Train/4/00004_00048_00025.png
client_3,14330,47,47,5,5,42,42,9,Train/9/00009_00025_00020.png
client_3,33772,52,51,5,5,46,46,33,Train/33/00033_00022_00023.png
client_3,18867,55,55,5,5,50,49,12,Train/12/00012_00016_00027.png
client_3,37167,98,99,9,8,90,91,38,Train/38/00038_00038_00028.png
client_3,33548,30,35,5,6,25,30,33,Train/33/00033_00015_00008.png
client_3,19062,41,42,5,6,36,37,12,Train/12/00012_00023_00012.png
client_3,34834,32,33,6,6,27,28,35,Train/35/00035_00021_00005.png
client_3,8927,43,43,6,6,38,38,5,Train/5/00005_00016_00017.png
client_3,10896,38,38,6,6,33,33,7,Train/7/00007_00006_00006.png
client_3,13792,56,55,6,5,50,49,9,Train/9/00009_00007_00022.png
client_3,17787,104,92,10,9,95,84,11,Train/11/00011_00024_00027.png
client_3,24322,41,45,5,6,36,39,16,Train/16/00016_00009_00022.png
client_3,38424,71,71,7,7,65,65,40,Train/40/00040_00001_00025.png
client_3,13769,77,75,6,6,70,69,9,Train/9/00009_00006_00029.png
client_3,21796,53,49,6,6,48,44,13,Train/13/00013_00044_00016.png
client_3,29118,52,50,5,6,47,45,25,Train/25/00025_00021_00018.png
client_3,33618,41,55,5,5,36,50,33,Train/33/00033_00017_00018.png
client_3,27870,38,34,6,6,33,29,23,Train/23/00023_00006_00000.png
client_3,14018,43,43,5,5,38,38,9,Train/9/00009_00015_00008.png
client_3,12327,59,60,6,6,54,55,8,Train/8/00008_00005_00027.png
client_3,4380,30,29,6,5,25,24,2,Train/2/00002_00053_00000.png
client_3,33296,104,103,10,9,95,94,33,Train/33/00033_00006_00026.png
client_3,18823,41,44,5,6,36,39,12,Train/12/00012_00015_00013.png
client_3,32974,27,29,5,5,22,24,32,Train/32/00032_00004_00004.png
client_3,18606,35,34,6,5,30,29,12,Train/12/00012_00008_00006.png
client_3,39023,69,68,7,7,63,62,42,Train/42/00042_00001_00024.png
client_3,2894,56,55,6,5,50,49,2,Train/2/00002_00003_00014.png
client_3,9558,37,34,5,5,32,29,5,Train/5/00005_00037_00018.png
client_3,17405,40,38,6,5,35,33,11,Train/11/00011_00012_00005.png
client_3,13472,30,32,6,5,25,26,8,Train/8/00008_00044_00002.png
client_3,3524,38,37,6,5,33,32,2,Train/2/00002_00024_00014.png
client_3,33730,40,42,6,5,35,37,33,Train/33/00033_00021_00011.png
client_3,3154,46,46,5,6,40,40,2,Train/2/00002_00012_00004.png
client_3,18144,91,86,8,7,83,79,11,Train/11/00011_00036_00024.png
client_3,24032,53,57,5,6,48,52,16,Train/16/00016_00000_00002.png
client_3,3091,28,27,6,6,23,22,2,Train/2/00002_00010_00001.png
client_3,3349,45,46,5,6,39,40,2,Train/2/00002_00018_00019.png
client_3,33491,50,50,6,6,44,44,33,Train/33/00033_00013_00011.png
client_3,13740,27,27,5,5,22,22,9,Train/9/00009_00006_00000.png
client_3,27025,76,65,6,6,70,60,21,Train/21/00021_00001_00025.png
client_3,28193,62,61,5,5,57,56,23,Train/23/00023_00016_00023.png
client_3,14510,36,36,6,6,31,31,9,Train/9/00009_00031_00020.png
client_3,14181,31,31,6,6,26,26,9,Train/9/00009_00020_00021.png
client_3,19753,37,38,6,5,32,33,12,Train/12/00012_00046_00013.png
client_3,35422,55,54,6,6,49,49,36,Train/36/00036_00000_00023.png
client_3,37323,37,36,6,5,32,31,38,Train/38/00038_00044_00004.png
client_3,10154,39,38,6,6,34,33,5,Train/5/00005_00057_00014.png
client_3,18892,68,67,7,6,62,61,12,Train/12/00012_00017_00022.png
client_3,34647,83,84,8,8,76,77,35,Train/35/00035_00014_00028.png
client_3,3125,30,30,5,6,24,24,2,Train/2/00002_00011_00005.png
client_3,28447,42,44,6,5,37,39,24,Train/24/00024_00008_00007.png
client_3,14318,34,34,6,6,29,29,9,Train/9/00009_00025_00008.png
client_3,27418,97,84,8,7,89,77,22,Train/22/00022_00003_00028.png
client_3,19623,57,58,5,6,52,53,12,Train/12/00012_00042_00003.png
client_3,33827,38,38,5,5,33,33,34,Train/34/00034_00001_00018.png
client_3,38674,34,38,6,6,29,32,40,Train/40/00040_00010_00005.png
client_3,18840,27,28,5,6,22,23,12,Train/12/00012_00016_00000.png
client_3,27784,56,51,6,5,51,46,23,Train/23/00023_00003_00004.png
client_3,15690,33,35,6,6,28,30,10,Train/10/00010_00022_00000.png
client_3,14980,35,36,6,6,30,31,9,Train/9/00009_00047_00010.png
client_3,33946,38,43,5,6,32,37,34,Train/34/00034_00005_00017.png
client_3,13588,64,64,5,5,59,59,9,Train/9/00009_00000_00028.png
client_3,27924,64,57,5,5,59,52,23,Train/23/00023_00007_00024.png
client_3,28444,38,40,5,5,33,35,24,Train/24/00024_00008_00004.png
client_3,31477,39,39,6,6,34,34,29,Train/29/00029_00004_00007.png
client_3,7513,40,40,5,5,35,35,4,Train/4/00004_00035_00013.png
client_3,17532,55,53,5,6,50,48,11,Train/11/00011_00016_00012.png
client_3,23062,101,109,9,9,93,100,14,Train/14/00014_00014_00022.png
client_3,14681,40,40,6,6,35,35,9,Train/9/00009_00037_00011.png
client_3,29121,64,61,5,6,59,56,25,Train/25/00025_00021_00021.png
client_3,39186,30,32,5,6,25,27,42,Train/42/00042_00007_00007.png
client_3,14659,59,58,6,6,53,53,9,Train/9/00009_00036_00019.png
client_3,20318,48,50,5,6,43,45,12,Train/12/00012_00065_00008.png
client_3,4553,43,42,6,5,38,37,2,Train/2/00002_00058_00023.png
client_3,6667,33,32,6,5,28,27,4,Train/4/00004_00007_00007.png
client_3,19696,44,45,5,6,39,40,12,Train/12/00012_00044_00016.png
client_3,8566,37,39,5,5,32,34,5,Train/5/00005_00004_00016.png
client_3,28501,69,62,7,6,63,57,25,Train/25/00025_00001_00001.png
client_3,8080,44,44,6,5,39,39,4,Train/4/00004_00054_00010.png
client_3,24422,51,49,6,5,45,44,16,Train/16/00016_00013_00002.png
client_3,20234,44,44,5,5,39,39,12,Train/12/00012_00062_00014.png
client_3,24336,34,33,5,5,28,28,16,Train/16/00016_00010_00006.png
client_3,19943,139,141,12,12,127,129,12,Train/12/00012_00052_00023.png
client_3,4266,32,31,6,6,26,26,2,Train/2/00002_00049_00006.png
client_3,14313,30,30,6,6,25,25,9,Train/9/00009_00025_00003.png
client_3,1723,33,34,5,5,28,29,1,Train/1/00001_00038_00013.png
client_3,19508,37,37,5,5,32,32,12,Train/12/00012_00038_00008.png
client_3,13657,29,29,5,5,24,24,9,Train/9/00009_00003_00007.png
client_3,27774,95,85,8,8,87,78,23,Train/23/00023_00002_00024.png
client_3,33518,38,38,6,5,32,32,33,Train/33/00033_00014_00008.png
client_3,29808,56,52,6,5,51,47,25,Train/25/00025_00044_00018.png
client_3,4249,36,35,5,6,31,30,2,Train/2/00002_00048_00019.png
client_3,19827,94,94,9,9,86,86,12,Train/12/00012_00048_00027.png
client_3,7029,38,39,5,5,33,34,4,Train/4/00004_00019_00009.png
client_3,13625,40,40,5,6,35,35,9,Train/9/00009_00002_00005.png
client_3,14707,36,35,5,5,30,30,9,Train/9/00009_00038_00007.png
client_3,30418,158,136,14,12,145,124,26,Train/26/00026_00014_00028.png
client_3,879,34,33,6,5,29,28,1,Train/1/00001_00010_00009.png
client_3,19640,95,95,8,8,87,87,12,Train/12/00012_00042_00020.png
client_3,14676,33,33,6,6,28,28,9,Train/9/00009_00037_00006.png
client_3,33718,95,94,8,8,87,86,33,Train/33/00033_00020_00029.png
client_3,8820,28,28,5,5,23,23,5,Train/5/00005_00013_00000.png
client_3,19519,52,52,5,5,47,47,12,Train/12/00012_00038_00019.png
client_3,20417,37,36,5,6,32,31,12,Train/12/00012_00068_00017.png
client_3,4787,39,42,6,5,34,36,2,Train/2/00002_00066_00017.png
client_3,1146,31,31,6,5,26,26,1,Train/1/00001_00019_00006.png
client_3,30963,39,40,5,5,34,35,28,Train/28/00028_00005_00003.png
client_3,7923,30,30,6,6,24,25,4,Train/4/00004_00049_00003.png
client_3,36988,98,101,8,9,90,93,38,Train/38/00038_00032_00029.png
client_3,4320,31,29,6,5,26,24,2,Train/2/00002_00051_00000.png
client_3,28672,42,40,6,6,36,35,25,Train/25/00025_00006_00022.png
client_3,4131,55,55,6,6,50,50,2,Train/2/00002_00044_00021.png
client_3,3558,41,41,6,6,36,36,2,Train/2/00002_00025_00018.png
client_3,7273,38,37,6,5,33,32,4,Train/4/00004_00027_00013.png
client_3,33696,33,33,6,6,28,28,33,Train/33/00033_00020_00007.png
client_3,9492,38,38,5,5,33,32,5,Train/5/00005_00035_00012.png
client_3,33472,42,38,5,5,37,33,33,Train/33/00033_00012_00022.png
client_3,2950,36,36,6,6,31,31,2,Train/2/00002_00005_00010.png
client_3,33377,93,92,9,9,85,84,33,Train/33/00033_00009_00017.png
client_3,31440,43,37,6,6,38,32,29,Train/29/00029_00003_00000.png
client_3,24270,57,56,6,6,52,51,16,Train/16/00016_00008_00000.png
client_3,9561,42,37,6,5,36,32,5,Train/5/00005_00037_00021.png
client_3,33000,26,27,6,6,21,21,32,Train/32/00032_00005_00000.png
client_3,32877,92,92,8,9,84,84,32,Train/32/00032_00000_00027.png
client_3,22700,53,53,6,6,48,48,14,Train/14/00014_00002_00020.png
client_3,19336,48,48,6,5,43,43,12,Train/12/00012_00032_00016.png
client_3,3858,46,45,6,5,41,40,2,Train/2/00002_00035_00018.png
client_3,4115,32,32,5,5,26,26,2,Train/2/00002_00044_00005.png
client_3,38722,56,59,6,6,50,53,40,Train/40/00040_00011_00023.png
client_3,4154,35,33,5,5,30,28,2,Train/2/00002_00045_00014.png
client_3,19163,62,62,6,6,57,57,12,Train/12/00012_00026_00023.png
client_3,14305,62,71,6,7,57,64,9,Train/9/00009_00024_00025.png
client_3,33681,35,38,6,6,30,32,33,Train/33/00033_00019_00021.png
client_3,4080,26,27,6,5,21,22,2,Train/2/00002_00043_00000.png
client_3,18843,29,28,6,5,24,23,12,Train/12/00012_00016_00003.png
client_3,14300,49,52,6,5,43,46,9,Train/9/00009_00024_00020.png
client_3,7100,50,49,6,6,45,44,4,Train/4/00004_00021_00020.png
client_3,4627,45,45,6,5,40,40,2,Train/2/00002_00061_00007.png
client_3,3110,51,50,6,6,46,45,2,Train/2/00002_00010_00020.png
client_3,6753,28,29,5,6,23,24,4,Train/4/00004_00010_00003.png
client_3,38984,40,43,5,6,35,37,42,Train/42/00042_00000_00015.png
client_3,35141,32,33,5,6,27,28,35,Train/35/00035_00031_00012.png
client_3,1574,37,37,5,5,32,32,1,Train/1/00001_00033_00014.png
client_3,13561,34,34,6,6,29,29,9,Train/9/00009_00000_00001.png
client_3,13713,28,28,5,5,23,23,9,Train/9/00009_00005_00003.png
client_3,4678,109,116,10,10,100,106,2,Train/2/00002_00062_00028.png
client_3,27577,39,36,5,6,34,31,22,Train/22/00022_00009_00007.png
client_3,32226,35,36,5,6,30,31,31,Train/31/00031_00005_00006.png
client_3,4996,40,40,5,5,35,35,2,Train/2/00002_00073_00016.png
client_3,13654,29,29,6,6,24,24,9,Train/9/00009_00003_00004.png
client_3,610,38,39,5,6,33,34,1,Train/1/00001_00001_00010.png
client_3,20190,38,43,6,5,33,38,12,Train/12/00012_00061_00000.png
client_3,35357,40,41,6,6,35,35,35,Train/35/00035_00038_00018.png
client_3,38466,42,42,6,6,37,37,40,Train/40/00040_00003_00007.png
client_3,9122,32,33,5,6,27,28,5,Train/5/00005_00023_00002.png
client_3,7808,36,36,6,5,31,31,4,Train/4/00004_00045_00008.png
client_3,27060,30,32,5,6,25,27,21,Train/21/00021_00003_00000.png
client_3,30854,50,45,6,5,45,40,28,Train/28/00028_00001_00014.png
client_3,24418,62,63,6,5,57,58,16,Train/16/00016_00012_00028.png
client_3,31376,62,121,6,11,56,111,29,Train/29/00029_00000_00026.png
client_3,8269,42,44,5,6,37,39,4,Train/4/00004_00060_00019.png
client_3,14931,59,64,6,6,54,59,9,Train/9/00009_00045_00021.png
client_3,38508,71,73,6,7,65,67,40,Train/40/00040_00004_00019.png
client_3,6846,28,29,5,6,23,24,4,Train/4/00004_00013_00006.png
client_3,22187,109,95,10,8,99,87,13,Train/13/00013_00057_00017.png
client_3,14875,68,68,6,6,62,61,9,Train/9/00009_00043_00025.png
client_3,16693,37,36,6,5,32,31,10,Train/10/00010_00055_00013.png
client_3,6985,45,49,5,6,40,44,4,Train/4/00004_00017_00025.png
client_3,33819,33,33,5,6,28,28,34,Train/34/00034_00001_00010.png
client_3,27129,38,35,6,5,33,30,21,Train/21/00021_00005_00009.png
client_3,30817,38,38,5,6,33,33,28,Train/28/00028_00000_00007.png
client_3,18813,36,37,6,5,31,32,12,Train/12/00012_00015_00003.png
client_3,38621,48,52,5,6,43,46,40,Train/40/00040_00008_00012.png
client_3,33467,40,40,5,6,34,34,33,Train/33/00033_00012_00017.png
client_3,8247,95,94,9,8,87,86,4,Train/4/00004_00059_00027.png
client_3,37379,27,25,6,5,22,20,38,Train/38/00038_00046_00000.png
client_3,7736,63,62,6,6,58,57,4,Train/4/00004_00042_00026.png
client_3,35200,34,35,5,5,29,30,35,Train/35/00035_00033_00011.png
client_3,8073,38,39,5,6,33,34,4,Train/4/00004_00054_00003.png
client_3,35107,30,30,6,6,24,25,35,Train/35/00035_00030_00008.png
client_3,24097,31,31,5,5,26,26,16,Train/16/00016_00002_00007.png
client_3,14848,145,144,12,12,132,131,9,Train/9/00009_00042_00028.png
client_3,18754,28,28,5,5,23,23,12,Train/12/00012_00013_00004.png
client_3,24378,38,38,5,5,32,33,16,Train/16/00016_00011_00018.png
client_3,13856,84,84,8,8,76,76,9,Train/9/00009_00009_00026.png
client_3,18425,35,37,5,6,30,32,12,Train/12/00012_00002_00005.png
client_3,19021,35,34,6,5,30,29,12,Train/12/00012_00022_00001.png
client_3,15000,26,28,6,6,21,22,9,Train/9/00009_00048_00000.png
client_3,27056,69,59,7,5,63,54,21,Train/21/00021_00002_00026.png
client_3,35007,117,120,10,11,107,110,35,Train/35/00035_00026_00028.png
client_3,24099,33,32,6,5,28,27,16,Train/16/00016_00002_00009.png
client_3,11707,33,32,6,5,27,26,7,Train/7/00007_00033_00007.png
client_3,39089,31,31,5,5,26,26,42,Train/42/00042_00004_00000.png
client_3,35417,52,51,6,5,46,46,36,Train/36/00036_00000_00018.png
client_3,31072,111,98,10,8,102,90,28,Train/28/00028_00008_00022.png
client_3,19723,59,58,6,5,54,53,12,Train/12/00012_00045_00013.png
client_3,34166,37,39,5,5,32,34,34,Train/34/00034_00012_00027.png
client_3,19409,129,132,12,11,118,121,12,Train/12/00012_00034_00029.png
client_3,11576,45,50,5,6,40,45,7,Train/7/00007_00028_00026.png
client_3,17353,63,59,5,5,58,54,11,Train/11/00011_00010_00013.png
client_3,3369,37,38,6,6,32,33,2,Train/2/00002_00019_00009.png
client_3,14930,55,60,5,5,50,55,9,Train/9/00009_00045_00020.png
client_3,1949,119,118,11,10,109,108,1,Train/1/00001_00045_00029.png
client_3,13644,69,71,7,7,63,65,9,Train/9/00009_00002_00024.png
client_3,27970,47,44,6,6,42,39,23,Train/23/00023_00009_00010.png
client_3,28057,32,31,6,5,27,25,23,Train/23/00023_00012_00007.png
client_3,14535,46,45,6,6,40,40,9,Train/9/00009_00032_00015.png
client_3,3902,29,30,6,6,24,25,2,Train/2/00002_00037_00002.png
client_3,7184,43,42,6,5,38,37,4,Train/4/00004_00024_00014.png
client_3,30874,44,40,6,6,38,35,28,Train/28/00028_00002_00004.png
client_3,7536,34,34,5,6,28,29,4,Train/4/00004_00036_00006.png
client_3,27215,53,47,6,6,48,42,21,Train/21/00021_00008_00005.png
client_3,3140,46,43,6,6,41,37,2,Train/2/00002_00011_00020.png
client_3,4524,61,61,6,6,56,56,2,Train/2/00002_00057_00024.png
client_3,19825,80,83,7,8,73,75,12,Train/12/00012_00048_00025.png
client_3,19774,41,44,6,5,36,38,12,Train/12/00012_00047_00004.png
client_3,3304,30,29,6,5,24,24,2,Train/2/00002_00017_00004.png
client_3,2912,30,31,6,6,25,26,2,Train/2/00002_00004_00002.png
client_3,19363,45,49,6,5,40,44,12,Train/12/00012_00033_00013.png
client_3,7217,52,49,6,5,47,44,4,Train/4/00004_00025_00017.png
client_3,14443,39,40,5,5,34,35,9,Train/9/00009_00029_00013.png
client_3,23881,28,29,6,6,22,23,15,Train/15/00015_00016_00001.png
client_3,19926,98,97,9,9,89,89,12,Train/12/00012_00052_00006.png
client_3,38987,43,44,5,5,38,39,42,Train/42/00042_00000_00018.png
client_3,18303,35,35,5,5,30,30,11,Train/11/00011_00042_00003.png
client_3,19052,32,32,6,6,27,27,12,Train/12/00012_00023_00002.png
client_3,17155,109,96,10,8,100,88,11,Train/11/00011_00003_00025.png
client_3,28870,37,36,6,6,32,30,25,Train/25/00025_00013_00010.png
client_3,21027,93,85,9,8,85,78,13,Train/13/00013_00018_00027.png
client_3,2944,31,32,6,6,26,26,2,Train/2/00002_00005_00004.png
client_3,8079,42,43,6,6,37,38,4,Train/4/00004_00054_00009.png
client_3,18725,36,34,6,5,31,29,12,Train/12/00012_00012_00005.png
client_3,29714,56,52,6,5,51,47,25,Train/25/00025_00041_00014.png
client_3,28276,64,58,6,5,58,53,24,Train/24/00024_00002_00016.png
client_3,35990,64,71,6,6,59,64,37,Train/37/00037_00006_00021.png
client_3,12567,100,106,9,10,92,97,8,Train/8/00008_00013_00027.png
client_3,3275,30,32,5,6,25,27,2,Train/2/00002_00016_00005.png
client_3,3628,68,64,6,6,62,59,2,Train/2/00002_00027_00028.png
client_3,19924,93,93,9,9,85,85,12,Train/12/00012_00052_00004.png
client_3,3758,34,31,6,5,29,26,2,Train/2/00002_00032_00008.png
client_3,14712,38,39,5,6,32,34,9,Train/9/00009_00038_00012.png
client_3,1485,41,53,6,5,36,48,1,Train/1/00001_00030_00015.png
client_3,34910,53,52,5,6,48,47,35,Train/35/00035_00023_00021.png
client_3,14804,35,36,6,6,30,31,9,Train/9/00009_00041_00014.png
client_3,27227,72,59,7,6,66,54,21,Train/21/00021_00008_00017.png
client_3,35157,56,60,5,6,51,55,35,Train/35/00035_00031_00028.png
client_3,13275,40,40,6,6,35,35,8,Train/8/00008_00037_00015.png
client_3,19297,43,43,6,6,38,38,12,Train/12/00012_00031_00007.png
client_3,13887,95,92,8,8,87,84,9,Train/9/00009_00010_00027.png
client_3,19714,35,36,5,5,30,31,12,Train/12/00012_00045_00004.png
client_3,6901,30,29,6,5,24,23,4,Train/4/00004_00015_00001.png
client_3,14816,44,46,6,6,39,41,9,Train/9/00009_00041_00026.png
client_3,14056,51,50,6,6,46,45,9,Train/9/00009_00016_00016.png
client_3,24381,42,43,5,6,36,38,16,Train/16/00016_00011_00021.png
client_3,31358,32,43,6,6,27,38,29,Train/29/00029_00000_00008.png
client_3,7636,48,47,6,5,43,42,4,Train/4/00004_00039_00016.png
client_3,14425,88,86,7,7,81,79,9,Train/9/00009_00028_00025.png
client_3,14882,29,28,6,5,23,22,9,Train/9/00009_00044_00002.png
client_3,14905,72,74,7,6,66,68,9,Train/9/00009_00044_00025.png
client_3,14015,43,43,5,5,38,38,9,Train/9/00009_00015_00005.png
client_3,33504,77,75,7,6,71,69,33,Train/33/00033_00013_00024.png
client_3,804,88,86,7,7,81,79,1,Train/1/00001_00007_00024.png
client_3,18573,33,33,6,5,28,28,12,Train/12/00012_00007_00003.png
client_3,19702,60,60,5,5,55,55,12,Train/12/00012_00044_00022.png
client_3,27344,39,38,5,6,34,33,22,Train/22/00022_00001_00014.png
client_3,34433,65,64,6,5,60,59,35,Train/35/00035_00007_00024.png
client_3,38612,28,33,5,6,23,27,40,Train/40/00040_00008_00003.png
client_3,4792,42,45,6,6,37,40,2,Train/2/00002_00066_00022.png
client_3,14951,54,50,5,5,49,45,9,Train/9/00009_00046_00011.png
client_3,13739,85,89,8,8,78,81,9,Train/9/00009_00005_00029.png
client_3,31125,68,56,7,6,62,51,28,Train/28/00028_00010_00015.png
client_3,7134,43,44,5,6,38,39,4,Train/4/00004_00022_00024.png
client_3,28948,144,130,13,11,132,119,25,Train/25/00025_00015_00028.png
client_3,22085,72,69,6,7,65,62,13,Train/13/00013_00054_00005.png
client_3,14674,33,32,6,5,28,27,9,Train/9/00009_00037_00004.png
client_3,33101,27,29,5,6,22,24,33,Train/33/00033_00000_00011.png
client_3,31012,72,64,7,6,66,59,28,Train/28/00028_00006_00022.png
client_3,2270,60,62,5,5,55,57,1,Train/1/00001_00056_00020.png
client_3,6988,49,52,6,5,44,46,4,Train/4/00004_00017_00028.png
client_3,38515,110,105,9,10,101,96,40,Train/40/00040_00004_00026.png
client_3,23998,41,40,6,6,36,35,15,Train/15/00015_00019_00028.png
client_3,2215,82,81,8,8,75,73,1,Train/1/00001_00054_00025.png
client_3,4346,86,87,7,8,79,80,2,Train/2/00002_00051_00026.png
client_3,22697,48,48,6,6,43,43,14,Train/14/00014_00002_00017.png
client_3,35388,56,57,6,6,50,51,35,Train/35/00035_00039_00019.png
client_3,2803,45,42,6,5,40,37,2,Train/2/00002_00000_00013.png
client_3,19154,39,38,5,6,34,33,12,Train/12/00012_00026_00014.png
client_3,19137,86,87,7,7,79,80,12,Train/12/00012_00025_00027.png
client_3,33139,44,46,5,6,39,40,33,Train/33/00033_00001_00019.png
client_3,17136,40,38,6,5,35,33,11,Train/11/00011_00003_00006.png
client_3,19957,49,42,6,6,44,37,12,Train/12/00012_00053_00007.png
client_3,1870,47,46,6,5,42,41,1,Train/1/00001_00043_00010.png
client_3,27027,93,76,8,7,85,70,21,Train/21/00021_00001_00027.png
client_3,19506,37,37,6,6,32,32,12,Train/12/00012_00038_00006.png
client_3,27620,44,42,6,5,39,37,22,Train/22/00022_00010_00020.png
client_3,24121,33,33,6,5,28,28,16,Train/16/00016_00003_00001.png
client_3,14862,36,35,6,6,31,29,9,Train/9/00009_00043_00012.png
client_3,23374,29,29,6,5,24,24,14,Train/14/00014_00025_00004.png
client_3,14566,45,43,6,6,39,37,9,Train/9/00009_00033_00016.png
client_3,28070,44,44,6,6,39,39,23,Train/23/00023_00012_00020.png
client_3,11377,38,39,5,6,32,33,7,Train/7/00007_00022_00007.png
client_3,13886,92,87,9,8,84,80,9,Train/9/00009_00010_00026.png
client_3,10071,41,40,5,5,36,35,5,Train/5/00005_00054_00021.png
client_3,14128,45,44,5,6,40,39,9,Train/9/00009_00018_00028.png
client_3,38494,43,43,6,6,38,38,40,Train/40/00040_00004_00005.png
client_3,11841,46,46,5,6,40,40,7,Train/7/00007_00037_00021.png
client_3,9868,84,88,7,7,77,81,5,Train/5/00005_00047_00028.png
client_3,24134,40,41,5,5,35,36,16,Train/16/00016_00003_00014.png
client_3,19810,44,48,6,6,39,43,12,Train/12/00012_00048_00010.png
client_3,4403,50,49,6,6,45,44,2,Train/2/00002_00053_00023.png
client_3,11403,30,30,6,6,25,25,7,Train/7/00007_00023_00003.png
client_3,17918,57,54,5,6,52,48,11,Train/11/00011_00029_00008.png
client_3,34683,40,42,5,6,35,37,35,Train/35/00035_00016_00004.png
client_3,27900,33,31,5,5,28,26,23,Train/23/00023_00007_00000.png
client_3,19437,61,60,6,5,56,55,12,Train/12/00012_00035_00027.png
client_3,3957,99,97,8,9,91,89,2,Train/2/00002_00038_00027.png
client_3,18821,41,43,6,6,36,38,12,Train/12/00012_00015_00011.png
client_3,17827,54,51,5,5,49,46,11,Train/11/00011_00026_00007.png
client_3,35064,55,53,5,5,50,48,35,Train/35/00035_00028_00025.png
client_3,28092,51,49,6,6,46,43,23,Train/23/00023_00013_00012.png
client_3,6814,32,32,6,6,27,27,4,Train/4/00004_00012_00004.png
client_3,33498,59,57,6,6,54,52,33,Train/33/00033_00013_00018.png
client_3,39094,34,33,6,5,29,28,42,Train/42/00042_00004_00005.png
client_3,30870,39,37,5,5,34,32,28,Train/28/00028_00002_00000.png
client_3,14946,47,46,5,6,41,40,9,Train/9/00009_00046_00006.png
client_3,6830,51,51,6,6,46,46,4,Train/4/00004_00012_00020.png
client_3,3482,29,30,5,6,24,25,2,Train/2/00002_00023_00002.png
client_3,35150,41,43,6,6,35,37,35,Train/35/00035_00031_00021.png
client_3,33517,36,39,5,6,31,33,33,Train/33/00033_00014_00007.png
client_3,31167,57,55,5,6,52,50,28,Train/28/00028_00011_00027.png
client_3,22333,43,42,6,6,38,37,13,Train/13/00013_00062_00013.png
client_3,18527,70,67,6,6,63,61,12,Train/12/00012_00005_00017.png
client_3,6705,37,40,5,6,32,35,4,Train/4/00004_00008_00015.png
client_3,14030,43,43,5,5,38,38,9,Train/9/00009_00015_00020.png
client_3,18413,60,59,6,5,55,53,12,Train/12/00012_00001_00023.png
client_3,27910,42,38,5,5,37,33,23,Train/23/00023_00007_00010.png
client_3,3089,146,144,14,12,141,132,2,Train/2/00002_00009_00029.png
client_3,14047,46,45,6,5,41,40,9,Train/9/00009_00016_00007.png
client_3,8295,39,39,6,6,34,34,4,Train/4/00004_00061_00015.png
client_3,19047,71,68,6,7,65,62,12,Train/12/00012_00022_00027.png
client_3,18621,60,61,5,5,54,56,12,Train/12/00012_00008_00021.png
client_3,14795,30,30,6,6,25,25,9,Train/9/00009_00041_00005.png
client_3,14778,46,49,5,6,41,43,9,Train/9/00009_00040_00018.png
client_3,30932,33,31,6,6,28,26,28,Train/28/00028_00004_00002.png
client_3,33501,67,64,6,5,61,59,33,Train/33/00033_00013_00021.png
client_3,14245,59,62,6,6,54,57,9,Train/9/00009_00022_00025.png
client_3,34700,70,72,7,7,64,66,35,Train/35/00035_00016_00021.png
client_3,6809,86,93,8,8,79,85,4,Train/4/00004_00011_00029.png
client_3,34335,38,39,5,5,33,34,35,Train/35/00035_00004_00016.png
client_3,4588,130,129,11,11,119,118,2,Train/2/00002_00059_00028.png
client_3,21743,62,54,5,6,57,49,13,Train/13/00013_00042_00023.png
client_3,14647,39,39,6,6,34,34,9,Train/9/00009_00036_00007.png
client_3,17587,52,48,6,6,47,43,11,Train/11/00011_00018_00007.png
client_3,7966,38,40,5,6,33,35,4,Train/4/00004_00050_00016.png
client_3,13931,36,37,5,5,31,32,9,Train/9/00009_00012_00011.png
client_3,4706,40,41,5,6,35,36,2,Train/2/00002_00063_00026.png
client_3,4307,36,38,5,6,31,33,2,Train/2/00002_00050_00017.png
client_3,18679,59,51,5,6,54,46,12,Train/12/00012_00010_00019.png
client_3,31509,40,37,6,6,35,32,29,Train/29/00029_00005_00009.png
client_3,27356,64,58,5,5,58,53,22,Train/22/00022_00001_00026.png
client_3,8958,52,52,5,5,47,47,5,Train/5/00005_00017_00018.png
client_3,34579,46,48,5,6,41,42,35,Train/35/00035_00012_00020.png
client_3,13993,43,43,6,5,38,38,9,Train/9/00009_00014_00013.png
client_3,14958,69,64,6,6,62,59,9,Train/9/00009_00046_00018.png
client_3,14357,70,72,6,7,63,66,9,Train/9/00009_00026_00017.png
client_3,19941,131,134,11,12,120,122,12,Train/12/00012_00052_00021.png
client_3,14105,32,31,6,5,27,26,9,Train/9/00009_00018_00005.png
client_3,9972,38,39,5,6,33,34,5,Train/5/00005_00051_00012.png
client_3,14444,39,40,5,5,34,35,9,Train/9/00009_00029_00014.png
client_3,2942,29,30,5,5,24,25,2,Train/2/00002_00005_00002.png
client_3,3434,36,36,6,6,31,31,2,Train/2/00002_00021_00014.png
client_3,14176,30,30,6,5,25,25,9,Train/9/00009_00020_00016.png
client_3,14041,44,45,5,6,39,40,9,Train/9/00009_00016_00001.png
client_3,28135,108,94,10,9,99,86,23,Train/23/00023_00014_00025.png
client_3,13925,32,33,6,6,26,27,9,Train/9/00009_00012_00005.png
client_3,33599,60,72,6,7,55,66,33,Train/33/00033_00016_00029.png
client_3,9258,43,43,6,6,38,38,5,Train/5/00005_00027_00018.png
client_3,14664,80,81,7,8,73,74,9,Train/9/00009_00036_00024.png
client_3,6621,83,84,7,8,75,76,4,Train/4/00004_00005_00021.png
client_3,10090,34,35,5,6,29,30,5,Train/5/00005_00055_00010.png
client_3,19293,40,40,5,5,35,35,12,Train/12/00012_00031_00003.png
client_3,39049,38,38,5,5,33,33,42,Train/42/00042_00002_00020.png
client_3,14706,35,36,5,6,30,31,9,Train/9/00009_00038_00006.png
client_3,4118,32,33,5,5,27,27,2,Train/2/00002_00044_00008.png
client_3,18914,47,47,5,5,42,42,12,Train/12/00012_00018_00014.png
client_3,17825,52,48,6,5,47,43,11,Train/11/00011_00026_00005.png
client_3,34836,32,33,6,6,27,28,35,Train/35/00035_00021_00007.png
client_3,26649,51,49,6,5,46,44,18,Train/18/00018_00036_00009.png
client_3,17965,111,98,10,8,101,90,11,Train/11/00011_00030_00025.png
client_3,18906,34,34,5,5,29,29,12,Train/12/00012_00018_00006.png
client_3,31247,55,51,6,6,50,46,28,Train/28/00028_00014_00017.png
client_3,38217,119,121,10,11,109,111,39,Train/39/00039_00004_00028.png
client_3,2197,42,41,5,6,37,36,1,Train/1/00001_00054_00007.png
client_3,9307,30,32,5,6,25,27,5,Train/5/00005_00029_00007.png
client_3,24333,32,31,5,5,26,26,16,Train/16/00016_00010_00003.png
client_3,31512,44,39,6,6,39,34,29,Train/29/00029_00005_00012.png
client_3,33563,44,54,6,5,39,48,33,Train/33/00033_00015_00023.png
client_3,3015,44,43,6,6,39,38,2,Train/2/00002_00007_00015.png
client_3,35269,43,41,6,5,38,36,35,Train/35/00035_00035_00020.png
client_3,13899,39,38,6,5,34,33,9,Train/9/00009_00011_00009.png
client_3,27695,28,28,6,6,23,22,23,Train/23/00023_00000_00005.png
client_3,20051,44,44,6,6,39,39,12,Train/12/00012_00056_00011.png
client_3,4322,29,29,5,6,24,24,2,Train/2/00002_00051_00002.png
client_3,34357,32,31,5,5,26,26,35,Train/35/00035_00005_00008.png
client_3,34883,49,48,5,6,44,43,35,Train/35/00035_00022_00024.png
client_3,14002,59,61,5,6,54,56,9,Train/9/00009_00014_00022.png
client_3,28134,105,88,10,7,96,81,23,Train/23/00023_00014_00024.png
client_3,31024,58,54,6,5,53,49,28,Train/28/00028_00007_00004.png
client_3,34119,31,30,6,5,26,25,34,Train/34/00034_00011_00010.png
client_3,4572,53,53,6,6,48,48,2,Train/2/00002_00059_00012.png
client_3,19740,27,31,5,6,22,26,12,Train/12/00012_00046_00000.png
client_3,3838,91,88,8,7,83,81,2,Train/2/00002_00034_00028.png
client_3,27547,29,28,5,5,24,23,22,Train/22/00022_00008_00007.png
client_3,6622,88,89,8,8,81,82,4,Train/4/00004_00005_00022.png
client_3,21502,46,44,6,5,41,38,13,Train/13/00013_00034_00022.png
client_3,13703,49,49,5,5,44,44,9,Train/9/00009_00004_00023.png
client_3,2399,88,92,8,9,81,84,1,Train/1/00001_00060_00029.png
client_3,33196,45,47,6,5,40,42,33,Train/33/00033_00003_00016.png
client_3,34215,55,54,6,5,50,49,35,Train/35/00035_00000_00016.png
client_3,13869,45,44,6,5,39,38,9,Train/9/00009_00010_00009.png
client_3,6455,44,44,5,5,39,39,4,Train/4/00004_00000_00005.png
client_3,34206,43,43,6,6,37,37,35,Train/35/00035_00000_00007.png
client_3,14374,30,29,6,5,25,24,9,Train/9/00009_00027_00004.png
client_3,29909,230,201,20,18,211,184,25,Train/25/00025_00047_00029.png
client_3,1892,38,37,6,5,33,32,1,Train/1/00001_00044_00002.png
client_3,33712,73,72,7,7,66,65,33,Train/33/00033_00020_00023.png
client_3,7627,34,33,6,5,29,28,4,Train/4/00004_00039_00007.png
client_3,33761,29,29,6,6,24,24,33,Train/33/00033_00022_00012.png
client_3,38522,53,52,5,5,48,47,40,Train/40/00040_00005_00003.png
client_3,27957,135,124,12,10,124,114,23,Train/23/00023_00008_00027.png
client_3,30111,73,63,6,5,67,58,26,Train/26/00026_00004_00021.png
client_3,27817,31,31,5,6,26,26,23,Train/23/00023_00004_00007.png
client_3,6784,31,30,6,6,25,25,4,Train/4/00004_00011_00004.png
client_3,1458,53,55,5,6,47,49,1,Train/1/00001_00029_00018.png
client_3,7940,42,43,6,6,37,38,4,Train/4/00004_00049_00020.png
client_3,19381,53,53,6,6,47,47,12,Train/12/00012_00034_00001.png
client_3,38467,43,43,5,5,37,38,40,Train/40/00040_00003_00008.png
client_3,14578,90,83,8,7,82,76,9,Train/9/00009_00033_00028.png
client_3,8180,47,48,5,6,42,43,4,Train/4/00004_00057_00020.png
client_3,13995,47,46,6,5,42,41,9,Train/9/00009_00014_00015.png
client_3,15005,28,29,6,6,22,23,9,Train/9/00009_00048_00005.png
client_3,7722,35,35,5,5,29,30,4,Train/4/00004_00042_00012.png
client_3,20335,89,87,8,7,82,80,12,Train/12/00012_00065_00025.png
client_3,21776,74,69,6,7,68,63,13,Train/13/00013_00043_00026.png
client_3,38536,76,75,7,6,70,69,40,Train/40/00040_00005_00017.png
client_3,31256,81,72,8,6,74,66,28,Train/28/00028_00014_00026.png
client_3,14419,62,63,5,5,57,58,9,Train/9/00009_00028_00019.png
client_3,19939,121,123,10,11,111,113,12,Train/12/00012_00052_00019.png
client_3,34269,34,35,5,5,28,29,35,Train/35/00035_00002_00010.png
client_3,20119,64,57,5,5,59,52,12,Train/12/00012_00058_00019.png
client_3,18508,36,31,6,6,30,26,12,Train/12/00012_00004_00028.png
client_3,3226,36,37,5,6,31,32,2,Train/2/00002_00014_00016.png
client_3,33198,47,52,5,6,42,47,33,Train/33/00033_00003_00018.png
client_3,30886,62,58,6,5,57,53,28,Train/28/00028_00002_00016.png
client_3,4066,37,39,5,6,32,33,2,Train/2/00002_00042_00016.png
client_3,31394,52,49,5,5,47,43,29,Train/29/00029_00001_00014.png
client_3,13105,73,76,7,7,67,70,8,Train/8/00008_00031_00025.png
client_3,34971,61,60,6,6,55,54,35,Train/35/00035_00025_00022.png
client_3,14950,52,48,5,5,47,43,9,Train/9/00009_00046_00010.png
client_3,27103,39,34,5,5,34,29,21,Train/21/00021_00004_00013.png
client_3,27352,54,49,5,6,49,44,22,Train/22/00022_00001_00022.png
client_3,9565,47,43,5,5,42,38,5,Train/5/00005_00037_00025.png
client_3,14078,33,35,6,6,28,30,9,Train/9/00009_00017_00008.png
client_3,18588,51,51,6,6,46,45,12,Train/12/00012_00007_00018.png
client_3,27208,127,113,11,10,116,104,21,Train/21/00021_00007_00028.png
client_3,23673,36,37,5,6,31,32,15,Train/15/00015_00009_00003.png
client_3,13652,28,28,6,6,22,22,9,Train/9/00009_00003_00002.png
client_3,13577,46,45,5,5,41,40,9,Train/9/00009_00000_00017.png
client_3,28718,83,79,7,7,76,72,25,Train/25/00025_00008_00008.png
client_3,14456,94,92,8,8,85,83,9,Train/9/00009_00029_00026.png
client_3,28913,75,68,7,6,68,61,25,Train/25/00025_00014_00023.png
client_3,11530,32,33,5,6,26,27,7,Train/7/00007_00027_00010.png
client_3,3581,37,39,6,6,32,34,2,Train/2/00002_00026_00011.png
client_3,33363,75,75,7,7,69,69,33,Train/33/00033_00009_00003.png
client_3,39008,33,32,6,5,28,27,42,Train/42/00042_00001_00009.png
client_3,18347,44,42,6,5,39,37,11,Train/11/00011_00043_00017.png
client_3,13724,37,36,6,5,31,30,9,Train/9/00009_00005_00014.png
client_3,14556,33,31,5,5,27,25,9,Train/9/00009_00033_00006.png
client_3,31160,50,47,5,6,45,42,28,Train/28/00028_00011_00020.png
client_3,10790,65,71,6,7,60,65,7,Train/7/00007_00002_00020.png
client_3,27533,95,82,9,7,87,74,22,Train/22/00022_00007_00023.png
client_3,29081,37,34,6,5,32,29,25,Train/25/00025_00020_00011.png
client_3,19756,40,42,6,6,35,37,12,Train/12/00012_00046_00016.png
client_3,18510,45,39,6,5,40,34,12,Train/12/00012_00005_00000.png
client_3,38986,43,45,5,6,37,39,42,Train/42/00042_00000_00017.png
client_3,3215,27,26,6,5,22,21,2,Train/2/00002_00014_00005.png
client_3,27779,192,157,17,14,176,144,23,Train/23/00023_00002_00029.png
client_3,22766,129,130,11,12,118,119,14,Train/14/00014_00004_00026.png
client_3,14615,34,34,6,5,29,29,9,Train/9/00009_00035_00005.png
client_3,18734,46,45,6,5,41,40,12,Train/12/00012_00012_00014.png
client_3,14202,43,44,5,6,38,39,9,Train/9/00009_00021_00012.png
client_3,18533,85,81,8,7,78,74,12,Train/12/00012_00005_00023.png
client_3,34054,33,33,6,6,28,28,34,Train/34/00034_00009_00005.png
client_3,20056,49,48,6,5,43,42,12,Train/12/00012_00056_00016.png
client_3,14384,37,36,5,6,31,30,9,Train/9/00009_00027_00014.png
client_3,3386,61,63,6,5,56,58,2,Train/2/00002_00019_00026.png
client_3,14301,50,56,5,6,44,50,9,Train/9/00009_00024_00021.png
client_3,38047,32,33,5,5,27,28,38,Train/38/00038_00068_00008.png
client_3,19649,143,143,13,13,131,131,12,Train/12/00012_00042_00029.png
client_3,19327,35,37,6,5,30,32,12,Train/12/00012_00032_00007.png
client_3,3443,45,46,5,5,40,41,2,Train/2/00002_00021_00023.png
client_3,20208,52,53,6,5,47,48,12,Train/12/00012_00061_00018.png
client_3,13981,33,33,5,5,28,28,9,Train/9/00009_00014_00001.png
client_3,4272,37,36,6,5,31,30,2,Train/2/00002_00049_00012.png
client_3,3572,32,32,6,5,27,27,2,Train/2/00002_00026_00002.png
client_3,38996,61,62,6,5,56,56,42,Train/42/00042_00000_00027.png
client_3,13836,33,35,6,5,28,29,9,Train/9/00009_00009_00006.png
client_3,2249,95,111,9,10,87,102,1,Train/1/00001_00055_00029.png
client_3,33767,47,46,5,5,42,41,33,Train/33/00033_00022_00018.png
client_3,18964,30,32,5,6,25,27,12,Train/12/00012_00020_00004.png
client_3,4770,34,37,6,5,29,32,2,Train/2/00002_00066_00000.png
client_3,37440,29,26,6,5,24,21,38,Train/38/00038_00048_00001.png
client_3,27003,33,33,5,6,28,28,21,Train/21/00021_00001_00003.png
client_3,7079,44,42,5,5,39,37,4,Train/4/00004_00020_00029.png
client_3,4245,36,34,6,6,31,29,2,Train/2/00002_00048_00015.png
client_3,17988,71,64,6,5,65,59,11,Train/11/00011_00031_00018.png
client_3,31442,45,38,6,6,40,32,29,Train/29/00029_00003_00002.png
client_3,28727,118,108,11,9,108,99,25,Train/25/00025_00008_00017.png
client_3,31520,61,55,5,6,56,50,29,Train/29/00029_00005_00020.png
client_3,13998,51,51,6,5,46,46,9,Train/9/00009_00014_00018.png
client_3,7657,31,30,6,5,26,25,4,Train/4/00004_00040_00007.png
client_3,19464,95,95,9,9,87,87,12,Train/12/00012_00036_00024.png
client_3,17182,83,80,8,7,76,73,11,Train/11/00011_00004_00022.png
client_3,33112,69,72,7,6,63,66,33,Train/33/00033_00000_00022.png
client_3,4820,51,49,6,5,46,44,2,Train/2/00002_00067_00020.png
client_3,14388,42,41,5,6,37,36,9,Train/9/00009_00027_00018.png
client_3,4950,27,26,6,5,21,21,2,Train/2/00002_00072_00000.png
client_3,19279,41,42,5,6,36,37,12,Train/12/00012_00030_00019.png
client_3,7393,32,35,5,6,27,30,4,Train/4/00004_00031_00013.png
client_3,14457,100,98,8,8,92,90,9,Train/9/00009_00029_00027.png
client_3,3509,59,60,5,5,54,55,2,Train/2/00002_00023_00029.png
client_3,3173,95,88,8,8,87,81,2,Train/2/00002_00012_00023.png
client_3,13870,44,45,5,6,39,40,9,Train/9/00009_00010_00010.png
client_3,27445,64,61,5,6,59,55,22,Train/22/00022_00004_00025.png
client_3,9823,41,40,6,5,36,35,5,Train/5/00005_00046_00013.png
client_3,33709,58,58,6,6,53,53,33,Train/33/00033_00020_00020.png
client_3,19800,38,40,5,5,33,35,12,Train/12/00012_00048_00000.png
client_3,36639,35,34,6,5,30,29,38,Train/38/00038_00021_00010.png
client_3,27805,116,106,11,10,106,97,23,Train/23/00023_00003_00025.png
client_3,14719,43,45,5,5,38,40,9,Train/9/00009_00038_00019.png
client_3,14922,40,45,6,6,35,39,9,Train/9/00009_00045_00012.png
client_3,18525,63,62,6,5,58,57,12,Train/12/00012_00005_00015.png
client_3,4656,36,36,5,5,31,31,2,Train/2/00002_00062_00006.png
client_3,20246,101,101,9,9,93,93,12,Train/12/00012_00062_00026.png
client_3,9776,63,71,5,6,58,65,5,Train/5/00005_00044_00026.png
client_3,29792,36,34,6,6,31,29,25,Train/25/00025_00044_00002.png
client_3,34137,106,106,10,9,97,97,34,Train/34/00034_00011_00028.png
client_3,1249,53,52,6,5,48,47,1,Train/1/00001_00022_00019.png
client_3,31592,39,37,5,5,34,32,29,Train/29/00029_00008_00002.png
client_3,19411,34,34,6,5,29,29,12,Train/12/00012_00035_00001.png
client_3,38394,60,61,5,6,55,56,40,Train/40/00040_00000_00025.png
client_3,3372,39,41,5,6,33,36,2,Train/2/00002_00019_00012.png
client_3,13987,37,38,5,5,32,33,9,Train/9/00009_00014_00007.png
client_3,11409,33,32,6,5,28,27,7,Train/7/00007_00023_00009.png
client_3,2497,30,30,5,6,25,25,1,Train/1/00001_00064_00007.png
client_3,7013,60,64,5,5,55,59,4,Train/4/00004_00018_00023.png
client_3,469,50,50,5,5,45,45,0,Train/0/00000_00003_00019.png
client_3,18776,60,60,5,5,55,55,12,Train/12/00012_00013_00026.png
client_3,13646,75,76,7,6,69,70,9,Train/9/00009_00002_00026.png
client_3,14201,43,44,5,6,38,39,9,Train/9/00009_00021_00011.png
client_3,3576,33,34,5,5,28,29,2,Train/2/00002_00026_00006.png
client_3,27806,129,112,11,9,118,102,23,Train/23/00023_00003_00026.png
client_3,38163,29,29,5,5,24,24,39,Train/39/00039_00003_00004.png
client_3,14529,38,39,5,5,33,33,9,Train/9/00009_00032_00009.png
client_3,19278,39,39,5,5,34,34,12,Train/12/00012_00030_00018.png
client_3,27512,38,34,6,6,33,29,22,Train/22/00022_00007_00002.png
client_3,27199,60,54,6,5,55,49,21,Train/21/00021_00007_00019.png
client_3,1215,36,36,6,5,31,31,1,Train/1/00001_00021_00015.png
client_3,24283,70,69,7,6,64,63,16,Train/16/00016_00008_00013.png
client_3,33298,141,140,13,13,129,128,33,Train/33/00033_00006_00028.png
client_3,19444,41,41,6,6,36,36,12,Train/12/00012_00036_00004.png
client_3,13842,39,41,5,6,34,36,9,Train/9/00009_00009_00012.png
client_3,24344,39,38,6,5,34,33,16,Train/16/00016_00010_00014.png
client_3,33813,30,31,5,6,25,25,34,Train/34/00034_00001_00004.png
client_3,24129,36,38,5,6,31,33,16,Train/16/00016_00003_00009.png
client_3,7470,29,29,5,5,24,24,4,Train/4/00004_00034_00000.png
client_3,7182,40,40,5,5,35,35,4,Train/4/00004_00024_00012.png
client_3,34493,71,70,7,6,64,64,35,Train/35/00035_00009_00024.png
client_3,33658,49,89,5,7,43,81,33,Train/33/00033_00018_00028.png
client_3,33476,43,41,6,6,38,36,33,Train/33/00033_00012_00026.png
client_3,33785,32,37,6,5,27,31,34,Train/34/00034_00000_00006.png
client_3,31038,77,65,7,5,71,59,28,Train/28/00028_00007_00018.png
client_3,12142,38,41,5,6,33,36,7,Train/7/00007_00047_00022.png
client_3,2184,83,97,7,9,76,89,1,Train/1/00001_00053_00024.png
client_3,6587,69,70,6,7,63,64,4,Train/4/00004_00004_00017.png
client_3,14710,38,37,6,5,33,32,9,Train/9/00009_00038_00010.png
client_3,14604,60,59,5,6,55,54,9,Train/9/00009_00034_00024.png
client_3,14271,41,44,5,6,36,39,9,Train/9/00009_00023_00021.png
client_3,4688,32,32,6,6,27,27,2,Train/2/00002_00063_00008.png
client_3,7914,64,65,6,6,59,60,4,Train/4/00004_00048_00024.png
client_3,8604,41,44,5,5,36,39,5,Train/5/00005_00005_00024.png
client_3,13757,37,37,5,5,32,32,9,Train/9/00009_00006_00017.png
client_3,9789,34,33,6,6,29,27,5,Train/5/00005_00045_00009.png
client_3,29549,193,170,16,14,177,156,25,Train/25/00025_00035_00029.png
client_3,4420,34,35,5,6,29,30,2,Train/2/00002_00054_00010.png
client_3,34921,30,32,5,5,25,27,35,Train/35/00035_00024_00002.png
client_3,31179,34,32,5,5,29,27,28,Train/28/00028_00012_00009.png
client_3,31006,56,52,5,6,51,47,28,Train/28/00028_00006_00016.png
client_3,13732,48,48,5,5,43,43,9,Train/9/00009_00005_00022.png
client_3,34658,35,38,5,6,30,33,35,Train/35/00035_00015_00009.png
client_3,7053,30,29,6,5,24,23,4,Train/4/00004_00020_00003.png
client_3,35294,39,39,5,6,34,34,35,Train/35/00035_00036_00015.png
client_3,38480,69,64,6,5,63,59,40,Train/40/00040_00003_00021.png
client_3,19838,34,35,5,6,29,30,12,Train/12/00012_00049_00008.png
client_3,32515,101,91,9,8,93,83,31,Train/31/00031_00014_00025.png
client_3,13670,41,42,5,6,36,37,9,Train/9/00009_00003_00020.png
client_3,24357,62,63,6,5,57,58,16,Train/16/00016_00010_00027.png
client_3,21574,38,38,6,6,33,33,13,Train/13/00013_00037_00004.png
client_3,27838,82,76,7,7,75,69,23,Train/23/00023_00004_00028.png
client_3,6983,43,47,6,6,38,41,4,Train/4/00004_00017_00023.png
client_3,15848,31,32,6,5,26,27,10,Train/10/00010_00027_00008.png
client_3,14331,51,51,5,5,46,46,9,Train/9/00009_00025_00021.png
client_3,18481,30,26,6,6,25,21,12,Train/12/00012_00004_00001.png
client_3,6897,63,68,5,6,58,62,4,Train/4/00004_00014_00027.png
client_3,38565,55,56,5,6,50,51,40,Train/40/00040_00006_00016.png
client_3,38999,28,29,5,6,23,24,42,Train/42/00042_00001_00000.png
client_3,19985,35,34,6,5,30,29,12,Train/12/00012_00054_00005.png
client_3,7924,30,29,6,5,24,24,4,Train/4/00004_00049_00004.png
client_3,13772,28,29,5,6,23,24,9,Train/9/00009_00007_00002.png
client_3,17363,94,84,9,7,86,77,11,Train/11/00011_00010_00023.png
client_3,29163,44,44,6,6,39,39,25,Train/25/00025_00023_00003.png
client_3,8170,34,34,6,6,29,29,4,Train/4/00004_00057_00010.png
client_3,31355,32,42,6,5,27,37,29,Train/29/00029_00000_00005.png
client_3,38486,98,98,8,9,90,89,40,Train/40/00040_00003_00027.png
client_3,39002,29,29,5,5,24,24,42,Train/42/00042_00001_00003.png
client_3,28952,31,32,5,6,25,27,25,Train/25/00025_00016_00002.png
client_3,3961,27,27,5,5,22,22,2,Train/2/00002_00039_00001.png
client_3,9969,35,36,5,6,30,31,5,Train/5/00005_00051_00009.png
client_3,22387,30,29,6,5,25,24,13,Train/13/00013_00064_00007.png
client_3,35045,30,32,5,5,25,26,35,Train/35/00035_00028_00006.png
client_3,20214,70,71,6,6,64,65,12,Train/12/00012_00061_00024.png
client_3,27014,43,42,5,6,38,37,21,Train/21/00021_00001_00014.png
client_3,12302,30,32,5,5,25,27,8,Train/8/00008_00005_00002.png
client_3,27172,59,54,6,6,54,49,21,Train/21/00021_00006_00022.png
client_3,4303,33,33,6,6,27,27,2,Train/2/00002_00050_00013.png
client_3,14286,32,35,5,6,27,30,9,Train/9/00009_00024_00006.png
client_3,2473,35,36,5,5,30,31,1,Train/1/00001_00063_00013.png
client_3,12153,37,37,5,5,32,32,8,Train/8/00008_00000_00003.png
client_3,3939,51,53,5,5,46,48,2,Train/2/00002_00038_00009.png
client_3,28603,45,41,5,5,40,36,25,Train/25/00025_00004_00013.png
client_3,18973,36,37,5,5,31,32,12,Train/12/00012_00020_00013.png
client_3,4922,27,27,6,6,21,22,2,Train/2/00002_00071_00002.png
client_3,3977,38,38,6,5,33,33,2,Train/2/00002_00039_00017.png
client_3,14721,45,48,5,6,40,43,9,Train/9/00009_00038_00021.png
client_3,7724,37,36,6,6,32,31,4,Train/4/00004_00042_00014.png
client_3,28479,51,51,5,6,46,46,25,Train/25/00025_00000_00009.png
client_3,33948,40,45,5,6,35,40,34,Train/34/00034_00005_00019.png
client_3,5031,45,45,6,6,40,40,2,Train/2/00002_00074_00021.png
client_3,14654,48,48,5,6,43,43,9,Train/9/00009_00036_00014.png
client_3,14840,63,64,5,6,58,59,9,Train/9/00009_00042_00020.png
client_3,19811,45,47,6,5,40,42,12,Train/12/00012_00048_00011.png
client_3,29560,46,43,6,6,41,37,25,Train/25/00025_00036_00010.png
client_3,2848,115,116,10,10,105,106,2,Train/2/00002_00001_00028.png
client_3,17537,67,61,6,6,61,56,11,Train/11/00011_00016_00017.png
client_3,27193,46,45,5,6,41,40,21,Train/21/00021_00007_00013.png
client_3,21769,56,50,5,6,51,45,13,Train/13/00013_00043_00019.png
client_3,3672,45,44,6,5,40,39,2,Train/2/00002_00029_00012.png
client_3,14381,33,33,5,6,27,28,9,Train/9/00009_00027_00011.png
client_3,14246,63,70,5,7,58,64,9,Train/9/00009_00022_00026.png
client_3,22978,120,116,11,11,110,106,14,Train/14/00014_00011_00028.png
client_3,11649,30,31,6,6,25,25,7,Train/7/00007_00031_00009.png
client_3,24074,55,59,5,6,50,54,16,Train/16/00016_00001_00014.png
client_3,4731,46,46,6,6,41,41,2,Train/2/00002_00064_00021.png
client_3,27389,134,139,12,12,123,127,22,Train/22/00022_00002_00029.png
client_3,3987,58,58,6,5,52,52,2,Train/2/00002_00039_00027.png
client_3,6461,54,54,6,6,49,49,4,Train/4/00004_00000_00011.png
client_3,24240,27,26,6,5,21,21,16,Train/16/00016_00007_00000.png
client_3,13055,27,28,5,6,22,23,8,Train/8/00008_00030_00005.png
client_3,18942,37,38,5,5,32,33,12,Train/12/00012_00019_00012.png
client_3,28076,53,51,5,5,48,45,23,Train/23/00023_00012_00026.png
client_3,20128,123,100,10,8,113,92,12,Train/12/00012_00058_00028.png
client_3,33474,42,40,5,5,37,34,33,Train/33/00033_00012_00024.png
client_3,27657,74,72,6,6,68,66,22,Train/22/00022_00011_00027.png
client_3,27598,129,109,12,9,118,100,22,Train/22/00022_00009_00028.png
client_3,13936,44,45,6,5,39,40,9,Train/9/00009_00012_00016.png
client_3,17856,54,49,6,6,49,44,11,Train/11/00011_00027_00006.png
client_3,10163,49,49,6,6,44,44,5,Train/5/00005_00057_00023.png
client_3,11752,44,47,6,6,39,42,7,Train/7/00007_00034_00022.png
client_3,14027,43,43,5,5,38,38,9,Train/9/00009_00015_00017.png
client_3,28856,110,105,9,10,100,96,25,Train/25/00025_00012_00026.png
client_3,33682,35,38,5,6,30,33,33,Train/33/00033_00019_00022.png
client_3,3775,57,53,6,5,52,48,2,Train/2/00002_00032_00025.png
client_3,34355,29,29,5,5,24,24,35,Train/35/00035_00005_00006.png
client_3,14718,43,43,6,5,38,38,9,Train/9/00009_00038_00018.png
client_3,29583,32,29,6,6,27,24,25,Train/25/00025_00037_00003.png
client_3,19570,44,43,6,5,39,38,12,Train/12/00012_00040_00010.png
client_3,9093,35,34,6,5,30,29,5,Train/5/00005_00022_00003.png
client_3,2937,71,74,6,7,65,68,2,Train/2/00002_00004_00027.png
client_3,7560,30,30,6,6,25,25,4,Train/4/00004_00037_00000.png
client_3,7319,69,69,7,7,63,63,4,Train/4/00004_00028_00029.png
client_3,7297,33,33,5,5,28,28,4,Train/4/00004_00028_00007.png
client_3,3076,64,61,6,5,59,56,2,Train/2/00002_00009_00016.png
client_3,38695,80,82,8,7,73,75,40,Train/40/00040_00010_00026.png
client_3,11341,28,29,5,6,23,24,7,Train/7/00007_00021_00001.png
client_3,17753,68,58,7,6,62,53,11,Train/11/00011_00023_00023.png
client_3,9444,48,51,6,6,43,46,5,Train/5/00005_00033_00024.png
client_3,19393,70,72,6,7,64,65,12,Train/12/00012_00034_00013.png
client_3,24420,51,49,6,5,45,44,16,Train/16/00016_00013_00000.png
client_3,38470,49,47,6,5,43,41,40,Train/40/00040_00003_00011.png
client_3,14055,50,49,5,5,44,44,9,Train/9/00009_00016_00015.png
client_3,39111,55,54,5,5,50,49,42,Train/42/00042_00004_00022.png
client_3,31200,40,43,6,5,35,38,28,Train/28/00028_00013_00000.png
client_3,34113,29,30,5,6,24,25,34,Train/34/00034_00011_00004.png
client_3,14813,41,42,6,5,36,37,9,Train/9/00009_00041_00023.png
client_3,14992,45,47,6,5,40,42,9,Train/9/00009_00047_00022.png
client_3,8370,28,27,6,6,22,21,4,Train/4/00004_00064_00000.png
client_3,4571,49,49,5,5,44,44,2,Train/2/00002_00059_00011.png
client_3,38634,108,108,10,9,99,99,40,Train/40/00040_00008_00025.png
client_3,8364,53,53,6,6,48,48,4,Train/4/00004_00063_00024.png
client_3,33965,28,31,5,6,23,26,34,Train/34/00034_00006_00006.png
client_3,14329,47,47,6,6,42,42,9,Train/9/00009_00025_00019.png
client_3,24148,58,56,5,6,53,51,16,Train/16/00016_00003_00028.png
client_3,4789,40,44,5,5,35,38,2,Train/2/00002_00066_00019.png
client_3,34510,48,50,5,6,43,45,35,Train/35/00035_00010_00011.png
client_3,27384,83,82,8,7,76,75,22,Train/22/00022_00002_00024.png
client_3,18947,45,46,5,5,40,41,12,Train/12/00012_00019_00017.png
client_3,24272,57,57,5,6,52,52,16,Train/16/00016_00008_00002.png
client_3,27811,30,29,5,5,25,24,23,Train/23/00023_00004_00001.png
client_3,33393,29,27,6,5,23,22,33,Train/33/00033_00010_00003.png
client_3,4575,56,56,5,5,51,51,2,Train/2/00002_00059_00015.png
client_3,14909,105,107,9,10,95,97,9,Train/9/00009_00044_00029.png
client_3,19848,43,44,6,6,38,39,12,Train/12/00012_00049_00018.png
client_3,8819,123,123,10,10,113,113,5,Train/5/00005_00012_00029.png
client_3,29233,46,39,6,5,41,34,25,Train/25/00025_00025_00013.png
client_3,28102,70,62,6,6,64,57,23,Train/23/00023_00013_00022.png
client_3,33566,50,64,6,6,44,58,33,Train/33/00033_00015_00026.png
client_3,13774,31,31,6,6,26,26,9,Train/9/00009_00007_00004.png
client_3,14760,42,42,6,5,37,37,9,Train/9/00009_00040_00000.png
client_3,27437,43,40,6,5,38,35,22,Train/22/00022_00004_00017.png
client_3,4866,29,30,5,5,24,25,2,Train/2/00002_00069_00006.png
client_3,38723,56,59,6,6,51,54,40,Train/40/00040_00011_00024.png
client_3,13766,60,59,6,6,55,54,9,Train/9/00009_00006_00026.png
client_3,14999,70,73,7,7,64,67,9,Train/9/00009_00047_00029.png
client_3,20004,66,65,6,5,60,59,12,Train/12/00012_00054_00024.png
client_3,27722,68,63,7,6,62,58,23,Train/23/00023_00001_00002.png
client_3,35188,68,72,7,6,62,66,35,Train/35/00035_00032_00029.png
client_3,14057,51,51,5,6,45,46,9,Train/9/00009_00016_00017.png
client_3,33508,106,104,9,9,97,95,33,Train/33/00033_00013_00028.png
client_3,7153,35,35,6,6,29,29,4,Train/4/00004_00023_00013.png
client_3,38458,128,131,11,12,116,120,40,Train/40/00040_00002_00029.png
client_3,13979,115,116,10,10,105,106,9,Train/9/00009_00013_00029.png
client_3,35027,40,42,5,5,35,36,35,Train/35/00035_00027_00018.png
client_3,39185,31,31,6,5,26,26,42,Train/42/00042_00007_00006.png
client_3,18383,49,55,5,5,44,50,12,Train/12/00012_00000_00023.png
client_3,9268,109,89,9,8,100,82,5,Train/5/00005_00027_00028.png
client_3,38540,88,85,8,7,81,78,40,Train/40/00040_00005_00021.png
client_3,33990,29,29,6,6,24,24,34,Train/34/00034_00007_00001.png
client_3,27502,55,53,5,6,50,48,22,Train/22/00022_00006_00022.png
client_3,27634,36,35,6,5,31,29,22,Train/22/00022_00011_00004.png
client_3,22847,64,62,6,5,59,57,14,Train/14/00014_00007_00017.png
client_3,3729,34,35,5,5,28,30,2,Train/2/00002_00031_00009.png
client_3,27667,36,33,5,5,31,28,22,Train/22/00022_00012_00007.png
client_3,32261,38,39,5,6,33,34,31,Train/31/00031_00006_00011.png
client_3,20362,53,61,5,5,48,56,12,Train/12/00012_00066_00022.png
client_3,14486,58,59,6,6,53,54,9,Train/9/00009_00030_00026.png
client_3,20223,38,38,5,5,33,33,12,Train/12/00012_00062_00003.png
client_3,39134,34,31,6,5,29,26,42,Train/42/00042_00005_00015.png
client_3,13763,52,52,5,6,47,47,9,Train/9/00009_00006_00023.png
client_3,7199,86,82,7,8,79,75,4,Train/4/00004_00024_00029.png
client_3,24406,37,38,5,6,32,33,16,Train/16/00016_00012_00016.png
client_3,12049,36,38,5,5,30,32,7,Train/7/00007_00044_00019.png
client_3,33267,72,69,6,6,66,63,33,Train/33/00033_00005_00027.png
client_3,18703,49,53,5,6,44,48,12,Train/12/00012_00011_00013.png
client_3,27994,43,40,6,6,37,35,23,Train/23/00023_00010_00004.png
client_3,27893,58,54,5,5,53,49,23,Train/23/00023_00006_00023.png
client_3,4492,54,55,6,6,48,50,2,Train/2/00002_00056_00022.png
client_3,34120,32,31,6,5,27,26,34,Train/34/00034_00011_00011.png
client_3,4908,42,40,6,5,37,35,2,Train/2/00002_00070_00018.png
client_3,33643,34,47,5,6,29,42,33,Train/33/00033_00018_00013.png
client_3,14492,28,27,6,5,23,22,9,Train/9/00009_00031_00002.png
client_3,29976,33,32,6,5,28,27,26,Train/26/00026_00000_00006.png
client_3,37986,36,38,5,6,31,33,38,Train/38/00038_00066_00007.png
client_3,10070,40,39,5,5,35,34,5,Train/5/00005_00054_00020.png
client_3,31360,33,43,6,5,27,38,29,Train/29/00029_00000_00010.png
client_3,14642,36,36,6,6,31,31,9,Train/9/00009_00036_00002.png
client_3,4927,29,28,6,5,23,23,2,Train/2/00002_00071_00007.png
client_3,14471,32,31,6,5,27,26,9,Train/9/00009_00030_00011.png
client_3,8782,58,60,5,6,53,55,5,Train/5/00005_00011_00022.png
client_3,14053,48,48,5,5,43,42,9,Train/9/00009_00016_00013.png
client_3,4534,27,28,5,6,22,23,2,Train/2/00002_00058_00004.png
client_3,3087,133,124,12,10,122,114,2,Train/2/00002_00009_00027.png
client_3,38707,45,46,6,5,39,40,40,Train/40/00040_00011_00008.png
client_3,14104,32,32,6,6,27,27,9,Train/9/00009_00018_00004.png
client_3,3487,32,31,6,5,27,26,2,Train/2/00002_00023_00007.png
client_3,15017,38,37,6,5,33,32,9,Train/9/00009_00048_00017.png
client_3,3744,44,48,5,6,39,43,2,Train/2/00002_00031_00024.png
client_3,30875,42,39,5,5,37,34,28,Train/28/00028_00002_00005.png
client_3,27233,100,82,9,8,92,75,21,Train/21/00021_00008_00023.png
client_3,14902,56,56,6,6,51,50,9,Train/9/00009_00044_00022.png
client_3,13705,53,53,5,5,48,48,9,Train/9/00009_00004_00025.png
client_3,2982,33,34,6,6,28,29,2,Train/2/00002_00006_00012.png
client_3,8951,41,40,6,5,36,35,5,Train/5/00005_00017_00011.png
client_3,14278,52,54,6,5,47,49,9,Train/9/00009_00023_00028.png
client_3,34901,37,36,6,5,32,31,35,Train/35/00035_00023_00012.png
client_3,3342,34,33,6,5,29,28,2,Train/2/00002_00018_00012.png
client_3,20784,74,71,7,6,67,64,13,Train/13/00013_00010_00024.png
client_3,4268,31,32,5,6,26,27,2,Train/2/00002_00049_00008.png
client_3,22682,33,33,6,5,27,27,14,Train/14/00014_00002_00002.png
client_3,3818,34,34,5,5,29,29,2,Train/2/00002_00034_00008.png
client_3,39069,32,33,5,6,27,28,42,Train/42/00042_00003_00010.png
client_3,3245,54,56,6,6,49,51,2,Train/2/00002_00015_00005.png
client_3,33060,25,27,5,6,20,21,32,Train/32/00032_00007_00000.png
client_3,39137,37,36,6,6,31,30,42,Train/42/00042_00005_00018.png
client_3,3864,58,59,5,6,53,54,2,Train/2/00002_00035_00024.png
client_3,4564,41,43,5,5,36,37,2,Train/2/00002_00059_00004.png
client_3,3785,29,30,5,5,24,25,2,Train/2/00002_00033_00005.png
client_3,34899,36,35,6,5,31,30,35,Train/35/00035_00023_00010.png
client_3,27633,36,35,6,5,31,29,22,Train/22/00022_00011_00003.png
client_3,33908,58,57,6,5,53,52,34,Train/34/00034_00004_00009.png
client_3,33191,38,42,5,6,33,37,33,Train/33/00033_00003_00011.png
client_3,31085,36,35,5,5,31,30,28,Train/28/00028_00009_00005.png
client_3,33281,37,37,6,5,32,32,33,Train/33/00033_00006_00011.png
client_3,24082,84,86,7,7,77,79,16,Train/16/00016_00001_00022.png
client_3,8812,59,59,5,5,54,54,5,Train/5/00005_00012_00022.png
client_3,31021,59,50,6,5,53,45,28,Train/28/00028_00007_00001.png
client_3,6505,58,60,5,6,53,55,4,Train/4/00004_00001_00025.png
client_3,31328,39,39,5,6,34,34,28,Train/28/00028_00017_00008.png
client_3,14981,35,36,5,5,30,31,9,Train/9/00009_00047_00011.png
client_3,31267,35,32,6,6,30,27,28,Train/28/00028_00015_00007.png
client_3,17332,74,64,7,5,68,59,11,Train/11/00011_00009_00022.png
client_3,14639,153,151,14,13,140,138,9,Train/9/00009_00035_00029.png
client_3,3720,31,32,5,5,26,27,2,Train/2/00002_00031_00000.png
client_3,13834,32,33,6,5,27,28,9,Train/9/00009_00009_00004.png
client_3,11432,32,32,5,5,27,27,7,Train/7/00007_00024_00002.png
client_3,28153,56,50,6,5,51,45,23,Train/23/00023_00015_00013.png
client_3,36883,42,41,6,5,37,36,38,Train/38/00038_00029_00014.png
client_3,4498,80,84,8,8,73,77,2,Train/2/00002_00056_00028.png
client_3,8475,35,35,6,5,29,29,5,Train/5/00005_00001_00015.png
client_3,29172,55,55,6,6,50,50,25,Train/25/00025_00023_00012.png
client_3,33525,39,42,5,5,34,36,33,Train/33/00033_00014_00015.png
client_3,28078,53,54,5,6,48,49,23,Train/23/00023_00012_00028.png
client_3,27810,30,29,6,6,25,24,23,Train/23/00023_00004_00000.png
client_3,4701,38,37,6,5,33,32,2,Train/2/00002_00063_00021.png
client_3,27095,34,33,6,6,29,28,21,Train/21/00021_00004_00005.png
client_3,30983,75,72,7,6,68,66,28,Train/28/00028_00005_00023.png
client_3,39117,75,74,7,7,69,68,42,Train/42/00042_00004_00028.png
client_3,35047,32,33,5,5,27,28,35,Train/35/00035_00028_00008.png
client_3,37729,54,60,5,6,49,54,38,Train/38/00038_00057_00020.png
client_3,6966,32,33,6,6,27,28,4,Train/4/00004_00017_00006.png
client_3,4601,61,61,6,6,56,55,2,Train/2/00002_00060_00011.png
client_3,5021,35,35,6,6,30,30,2,Train/2/00002_00074_00011.png
client_3,2900,60,61,5,6,55,56,2,Train/2/00002_00003_00020.png
client_3,39044,36,37,6,6,31,31,42,Train/42/00042_00002_00015.png
client_3,34304,32,34,5,6,26,28,35,Train/35/00035_00003_00015.png
client_3,14694,80,79,8,7,73,72,9,Train/9/00009_00037_00024.png
client_3,4418,32,33,5,6,27,28,2,Train/2/00002_00054_00008.png
client_3,14228,35,36,5,6,30,31,9,Train/9/00009_00022_00008.png
client_3,7266,34,34,6,6,29,29,4,Train/4/00004_00027_00006.png
client_3,30937,36,34,5,6,31,29,28,Train/28/00028_00004_00007.png
client_3,31470,39,40,5,6,34,35,29,Train/29/00029_00004_00000.png
client_3,14390,46,43,6,5,41,38,9,Train/9/00009_00027_00020.png
client_3,24365,26,29,5,6,21,23,16,Train/16/00016_00011_00005.png
client_3,6464,53,53,5,5,48,48,4,Train/4/00004_00000_00014.png
client_3,28973,60,59,6,6,55,54,25,Train/25/00025_00016_00023.png
client_3,14752,41,41,5,5,36,36,9,Train/9/00009_00039_00022.png
client_3,18572,31,33,5,6,26,28,12,Train/12/00012_00007_00002.png
client_3,28472,49,46,5,6,44,41,25,Train/25/00025_00000_00002.png
client_3,20347,41,45,6,5,36,40,12,Train/12/00012_00066_00007.png
client_3,28798,119,105,10,10,109,96,25,Train/25/00025_00010_00028.png
client_3,27357,72,64,7,6,66,59,22,Train/22/00022_00001_00027.png
client_3,630,46,48,6,6,41,43,1,Train/1/00001_00002_00000.png
client_3,4212,30,29,6,5,25,24,2,Train/2/00002_00047_00012.png
client_3,38485,93,88,8,7,84,80,40,Train/40/00040_00003_00026.png
client_3,22584,135,123,11,11,124,113,13,Train/13/00013_00070_00024.png
client_3,27567,99,100,8,9,91,92,22,Train/22/00022_00008_00027.png
client_3,4469,86,94,7,9,79,86,2,Train/2/00002_00055_00029.png
client_3,31056,63,57,6,5,58,52,28,Train/28/00028_00008_00006.png
client_3,33627,51,86,6,8,46,79,33,Train/33/00033_00017_00027.png
client_3,9862,55,57,6,6,50,52,5,Train/5/00005_00047_00022.png
client_3,4153,33,33,5,5,28,28,2,Train/2/00002_00045_00013.png
client_3,24177,87,87,8,8,80,80,16,Train/16/00016_00004_00027.png
client_3,14572,58,55,5,6,53,50,9,Train/9/00009_00033_00022.png
client_3,14673,31,31,5,5,26,26,9,Train/9/00009_00037_00003.png
client_3,22352,31,30,6,6,26,25,13,Train/13/00013_00063_00002.png
client_3,33665,32,31,6,5,26,26,33,Train/33/00033_00019_00005.png
client_3,14538,49,49,5,5,44,44,9,Train/9/00009_00032_00018.png
client_3,38441,40,40,5,5,35,35,40,Train/40/00040_00002_00012.png
client_3,30931,30,29,5,5,25,24,28,Train/28/00028_00004_00001.png
client_3,34793,46,47,5,5,41,42,35,Train/35/00035_00019_00024.png
client_3,17949,29,31,5,6,24,26,11,Train/11/00011_00030_00009.png
client_3,14665,87,88,7,8,80,81,9,Train/9/00009_00036_00025.png
client_3,7738,74,73,7,7,68,67,4,Train/4/00004_00042_00028.png
client_3,18860,43,43,5,6,37,37,12,Train/12/00012_00016_00020.png
client_3,9820,37,37,6,5,32,32,5,Train/5/00005_00046_00010.png
client_3,6949,43,46,6,6,38,41,4,Train/4/00004_00016_00019.png
client_3,34963,41,40,5,5,36,35,35,Train/35/00035_00025_00014.png
client_3,13935,40,43,5,5,35,38,9,Train/9/00009_00012_00015.png
client_3,14039,43,43,5,5,38,38,9,Train/9/00009_00015_00029.png
client_3,13707,64,65,5,6,59,60,9,Train/9/00009_00004_00027.png
client_3,13927,33,34,6,6,27,28,9,Train/9/00009_00012_00007.png
client_3,11969,69,72,6,7,63,66,7,Train/7/00007_00041_00029.png
client_3,7861,38,37,6,5,33,32,4,Train/4/00004_00047_00001.png
client_3,8075,38,39,5,6,33,34,4,Train/4/00004_00054_00005.png
client_3,24145,51,51,6,6,46,46,16,Train/16/00016_00003_00025.png
client_3,35587,34,34,6,6,29,29,36,Train/36/00036_00006_00008.png
client_3,33575,38,40,6,5,33,35,33,Train/33/00033_00016_00005.png
client_3,14505,32,33,5,6,26,28,9,Train/9/00009_00031_00015.png
client_3,34761,43,46,5,6,37,40,35,Train/35/00035_00018_00022.png
client_3,19178,40,39,6,5,35,34,12,Train/12/00012_00027_00008.png
client_3,18700,47,47,5,5,41,42,12,Train/12/00012_00011_00010.png
client_3,23899,41,41,5,5,36,36,15,Train/15/00015_00016_00019.png
client_3,27288,48,44,5,5,43,39,21,Train/21/00021_00010_00018.png
client_3,14775,46,46,6,5,41,41,9,Train/9/00009_00040_00015.png
client_3,34428,47,47,5,5,42,42,35,Train/35/00035_00007_00019.png
client_3,3661,35,37,5,5,30,31,2,Train/2/00002_00029_00001.png
client_3,34368,37,38,5,5,32,32,35,Train/35/00035_00005_00019.png
client_3,34514,55,54,6,6,49,49,35,Train/35/00035_00010_00015.png
client_3,13664,35,35,5,5,30,30,9,Train/9/00009_00003_00014.png
client_3,39194,36,37,5,5,31,32,42,Train/42/00042_00007_00015.png
client_3,7886,89,86,8,7,82,79,4,Train/4/00004_00047_00026.png
client_3,14411,51,52,5,6,46,47,9,Train/9/00009_00028_00011.png
client_3,32427,63,61,6,5,58,56,31,Train/31/00031_00011_00027.png
client_3,2227,57,63,6,6,52,58,1,Train/1/00001_00055_00007.png
client_3,39102,39,40,5,6,34,35,42,Train/42/00042_00004_00013.png
client_3,13956,36,36,6,6,31,31,9,Train/9/00009_00013_00006.png
client_3,6838,105,103,9,9,96,94,4,Train/4/00004_00012_00028.png
client_3,7334,41,42,5,6,36,37,4,Train/4/00004_00029_00014.png
client_3,13868,43,43,6,6,38,38,9,Train/9/00009_00010_00008.png
client_3,33715,86,84,7,8,79,77,33,Train/33/00033_00020_00026.png
client_3,12968,30,29,6,6,25,24,8,Train/8/00008_00027_00008.png
client_3,39143,49,46,6,6,43,40,42,Train/42/00042_00005_00024.png
client_3,33966,28,31,5,6,23,26,34,Train/34/00034_00006_00007.png
client_3,12618,43,40,6,5,38,35,8,Train/8/00008_00015_00018.png
client_3,38640,26,26,5,5,21,21,40,Train/40/00040_00009_00001.png
client_3,20288,30,31,5,5,25,26,12,Train/12/00012_00064_00008.png
client_3,18853,35,36,5,6,30,30,12,Train/12/00012_00016_00013.png
client_3,13680,27,26,6,6,21,21,9,Train/9/00009_00004_00000.png
client_3,34619,30,30,6,6,25,25,35,Train/35/00035_00014_00000.png
client_3,18497,31,28,5,6,26,23,12,Train/12/00012_00004_00017.png
client_3,33595,54,61,6,6,49,56,33,Train/33/00033_00016_00025.png
client_3,9648,39,39,6,5,34,34,5,Train/5/00005_00040_00018.png
client_3,7467,83,85,8,7,76,78,4,Train/4/00004_00033_00027.png
client_3,4697,35,35,5,5,30,30,2,Train/2/00002_00063_00017.png
client_3,39158,33,34,5,6,28,29,42,Train/42/00042_00006_00009.png
client_3,29840,49,45,5,5,44,40,25,Train/25/00025_00045_00020.png
client_3,33992,28,28,5,5,23,23,34,Train/34/00034_00007_00003.png
client_3,8255,32,32,5,5,27,27,4,Train/4/00004_00060_00005.png
client_3,6558,42,39,6,5,37,34,4,Train/4/00004_00003_00018.png
client_3,35361,45,47,6,5,40,42,35,Train/35/00035_00038_00022.png
client_3,2386,48,48,6,5,43,43,1,Train/1/00001_00060_00016.png
client_3,39196,38,40,5,6,33,35,42,Train/42/00042_00007_00017.png
client_3,31574,46,49,6,6,41,44,29,Train/29/00029_00007_00014.png
client_3,20265,36,39,5,6,31,34,12,Train/12/00012_00063_00015.png
client_3,35619,32,33,6,6,27,28,36,Train/36/00036_00007_00010.png
client_3,7527,84,92,7,8,77,84,4,Train/4/00004_00035_00027.png
client_3,3107,42,42,5,6,37,37,2,Train/2/00002_00010_00017.png
client_3,3171,86,81,7,7,79,74,2,Train/2/00002_00012_00021.png
client_3,33950,42,48,5,5,37,42,34,Train/34/00034_00005_00021.png
client_3,27325,93,82,8,7,85,75,22,Train/22/00022_00000_00025.png
client_3,27898,76,68,7,6,70,62,23,Train/23/00023_00006_00028.png
client_3,14883,29,28,6,5,24,23,9,Train/9/00009_00044_00003.png
client_3,29823,36,32,6,5,31,27,25,Train/25/00025_00045_00003.png
client_3,13063,32,31,6,5,26,25,8,Train/8/00008_00030_00013.png
client_3,18653,61,59,6,6,56,54,12,Train/12/00012_00009_00023.png
client_3,3998,29,29,6,6,24,24,2,Train/2/00002_00040_00008.png
client_3,18403,38,39,5,5,33,33,12,Train/12/00012_00001_00013.png
client_3,13941,59,60,6,5,54,55,9,Train/9/00009_00012_00021.png
client_3,31034,71,60,7,6,65,55,28,Train/28/00028_00007_00014.png
client_3,9807,73,71,7,7,67,65,5,Train/5/00005_00045_00027.png
client_3,34203,39,39,6,6,34,34,35,Train/35/00035_00000_00004.png
client_3,20272,50,53,5,6,45,48,12,Train/12/00012_00063_00022.png
client_3,14860,34,33,6,6,28,27,9,Train/9/00009_00043_00010.png
client_3,35468,37,36,6,5,32,31,36,Train/36/00036_00002_00009.png
client_3,18690,35,37,6,6,30,32,12,Train/12/00012_00011_00000.png
client_3,17848,167,143,15,12,153,131,11,Train/11/00011_00026_00028.png
client_3,39051,39,39,5,5,34,34,42,Train/42/00042_00002_00022.png
client_3,27242,35,35,6,6,30,30,21,Train/21/00021_00009_00002.png
client_3,33768,48,47,5,5,43,42,33,Train/33/00033_00022_00019.png
client_3,3836,75,77,6,7,69,71,2,Train/2/00002_00034_00026.png
client_3,38120,44,44,5,5,38,39,39,Train/39/00039_00001_00021.png
client_3,14754,41,41,5,5,36,36,9,Train/9/00009_00039_00024.png
client_3,39155,32,32,6,6,27,27,42,Train/42/00042_00006_00006.png
client_3,8027,37,38,5,6,32,33,4,Train/4/00004_00052_00017.png
client_3,17505,38,38,6,6,32,32,11,Train/11/00011_00015_00015.png
client_3,14021,43,43,5,5,38,38,9,Train/9/00009_00015_00011.png
client_3,10086,33,33,6,6,28,28,5,Train/5/00005_00055_00006.png
client_3,3348,43,43,5,6,37,38,2,Train/2/00002_00018_00018.png
client_3,19512,38,38,5,5,33,33,12,Train/12/00012_00038_00012.png
client_3,13893,34,35,6,6,29,30,9,Train/9/00009_00011_00003.png
client_3,33862,58,54,5,5,52,49,34,Train/34/00034_00002_00023.png
client_3,27971,47,44,6,6,42,39,23,Train/23/00023_00009_00011.png
client_3,13938,48,50,5,5,43,45,9,Train/9/00009_00012_00018.png
client_3,39026,87,85,7,8,80,78,42,Train/42/00042_00001_00027.png
client_3,4077,62,65,5,6,57,60,2,Train/2/00002_00042_00027.png
client_3,24662,28,30,5,6,23,25,17,Train/17/00017_00007_00002.png
client_3,34655,32,34,5,6,27,29,35,Train/35/00035_00015_00006.png
client_3,4044,44,47,6,5,39,41,2,Train/2/00002_00041_00024.png
client_3,4396,40,38,6,5,35,33,2,Train/2/00002_00053_00016.png
client_3,27497,44,41,5,6,39,36,22,Train/22/00022_00006_00017.png
client_3,14545,72,72,7,7,66,66,9,Train/9/00009_00032_00025.png
client_3,7377,97,95,9,8,89,87,4,Train/4/00004_00030_00027.png
client_3,14174,30,31,6,6,25,26,9,Train/9/00009_00020_00014.png
client_3,4091,32,31,6,5,27,26,2,Train/2/00002_00043_00011.png
client_3,9267,93,79,8,7,84,72,5,Train/5/00005_00027_00027.png
client_3,39136,35,34,5,5,29,28,42,Train/42/00042_00005_00017.png
client_3,17885,28,43,6,5,23,38,11,Train/11/00011_00028_00005.png
client_3,29277,75,73,7,6,69,67,25,Train/25/00025_00026_00027.png
client_3,34903,38,39,5,5,33,34,35,Train/35/00035_00023_00014.png
client_3,4237,31,30,5,5,26,25,2,Train/2/00002_00048_00007.png
client_3,19008,52,53,6,5,47,48,12,Train/12/00012_00021_00018.png
client_3,14059,54,53,6,6,48,47,9,Train/9/00009_00016_00019.png
client_3,18431,39,42,5,5,34,37,12,Train/12/00012_00002_00011.png
client_3,34379,26,27,5,5,21,22,35,Train/35/00035_00006_00000.png
client_3,8452,51,52,5,5,46,47,5,Train/5/00005_00000_00022.png
client_3,38415,49,47,6,5,43,42,40,Train/40/00040_00001_00016.png
client_3,28119,83,73,8,7,76,67,23,Train/23/00023_00014_00009.png
client_3,14093,58,62,5,5,53,57,9,Train/9/00009_00017_00023.png
client_3,3290,53,53,6,6,47,47,2,Train/2/00002_00016_00020.png
client_3,34229,29,29,6,6,24,24,35,Train/35/00035_00001_00000.png
client_3,34657,36,36,6,5,30,31,35,Train/35/00035_00015_00008.png
client_3,29485,74,69,6,7,68,63,25,Train/25/00025_00033_00025.png
client_3,9959,64,67,5,6,59,61,5,Train/5/00005_00050_00029.png
client_3,29628,51,46,6,6,45,41,25,Train/25/00025_00038_00018.png
client_3,22158,56,53,5,6,51,48,13,Train/13/00013_00056_00018.png
client_3,28113,75,69,6,6,69,63,23,Train/23/00023_00014_00003.png
client_3,6716,83,83,7,8,76,76,4,Train/4/00004_00008_00026.png
client_3,13862,37,38,5,6,32,33,9,Train/9/00009_00010_00002.png
client_3,12580,37,39,5,6,32,34,8,Train/8/00008_00014_00010.png
client_3,19159,49,50,5,6,44,45,12,Train/12/00012_00026_00019.png
client_3,9738,40,40,5,5,35,35,5,Train/5/00005_00043_00018.png
client_3,1517,47,46,6,5,42,41,1,Train/1/00001_00031_00017.png
client_3,24079,68,71,7,7,62,65,16,Train/16/00016_00001_00019.png
client_3,9650,42,43,6,6,37,38,5,Train/5/00005_00040_00020.png
client_3,33279,32,34,5,5,27,28,33,Train/33/00033_00006_00009.png
client_3,27224,61,52,5,5,56,47,21,Train/21/00021_00008_00014.png
client_3,14601,49,49,5,6,44,44,9,Train/9/00009_00034_00021.png
client_3,23252,32,32,6,5,27,26,14,Train/14/00014_00021_00002.png
client_3,13963,44,43,6,5,38,38,9,Train/9/00009_00013_00013.png
client_3,28799,134,117,12,11,123,107,25,Train/25/00025_00010_00029.png
client_3,27933,44,41,5,5,39,36,23,Train/23/00023_00008_00003.png
client_3,14378,31,32,5,6,25,27,9,Train/9/00009_00027_00008.png
client_3,28146,44,40,6,6,39,35,23,Train/23/00023_00015_00006.png
client_3,13560,34,33,6,5,29,28,9,Train/9/00009_00000_00000.png
client_3,27725,74,70,7,7,68,64,23,Train/23/00023_00001_00005.png
client_3,38530,67,68,6,7,61,62,40,Train/40/00040_00005_00011.png
client_3,2337,97,94,9,8,89,86,1,Train/1/00001_00058_00027.png
client_3,38390,52,52,6,6,47,47,40,Train/40/00040_00000_00021.png
client_3,27132,40,38,5,5,35,33,21,Train/21/00021_00005_00012.png
client_3,20224,38,38,5,5,33,33,12,Train/12/00012_00062_00004.png
client_3,29094,56,50,5,5,51,45,25,Train/25/00025_00020_00024.png
client_3,2217,95,93,9,8,87,84,1,Train/1/00001_00054_00027.png
client_3,28024,55,49,6,6,50,44,23,Train/23/00023_00011_00004.png
client_3,3319,49,50,5,6,44,45,2,Train/2/00002_00017_00019.png
client_3,33085,53,54,5,6,48,49,32,Train/32/00032_00007_00025.png
client_3,840,28,30,5,6,23,25,1,Train/1/00001_00009_00000.png
client_3,3604,29,28,6,5,24,23,2,Train/2/00002_00027_00004.png
client_3,32390,46,44,5,6,40,38,31,Train/31/00031_00010_00020.png
client_3,13994,45,45,6,6,40,40,9,Train/9/00009_00014_00014.png
client_3,7337,46,46,5,5,41,41,4,Train/4/00004_00029_00017.png
client_3,35001,64,61,6,6,59,56,35,Train/35/00035_00026_00022.png
client_3,4002,31,32,5,6,26,27,2,Train/2/00002_00040_00012.png
client_3,28338,54,51,5,5,48,45,24,Train/24/00024_00004_00018.png
client_3,33820,33,34,5,6,28,29,34,Train/34/00034_00001_00011.png
client_3,23526,32,33,6,6,26,28,15,Train/15/00015_00004_00006.png
client_3,14436,31,32,5,5,26,27,9,Train/9/00009_00029_00006.png
client_3,28403,86,77,8,7,79,71,24,Train/24/00024_00006_00023.png
client_3,14889,33,32,6,5,28,27,9,Train/9/00009_00044_00009.png
client_3,4742,42,43,6,6,37,38,2,Train/2/00002_00065_00002.png
client_3,20339,118,116,10,11,108,106,12,Train/12/00012_00065_00029.png
client_3,31119,53,47,6,6,48,42,28,Train/28/00028_00010_00009.png
client_3,27247,40,38,6,5,35,33,21,Train/21/00021_00009_00007.png
client_3,24185,29,30,5,6,24,25,16,Train/16/00016_00005_00005.png
client_3,7351,31,30,6,5,26,25,4,Train/4/00004_00030_00001.png
client_3,3771,47,45,5,6,42,40,2,Train/2/00002_00032_00021.png
client_3,32702,33,33,6,6,28,28,31,Train/31/00031_00021_00002.png
client_3,14066,64,64,6,5,59,59,9,Train/9/00009_00016_00026.png
client_3,33038,33,32,6,5,27,26,32,Train/32/00032_00006_00008.png
client_3,12202,51,51,5,6,45,45,8,Train/8/00008_00001_00022.png
client_3,29281,35,35,6,6,30,30,25,Train/25/00025_00027_00001.png
client_3,38489,37,39,5,6,32,34,40,Train/40/00040_00004_00000.png
client_3,11787,59,62,5,6,54,57,7,Train/7/00007_00035_00027.png
client_3,4093,33,32,6,5,28,27,2,Train/2/00002_00043_00013.png
client_3,32886,31,29,6,5,25,24,32,Train/32/00032_00001_00006.png
client_3,8826,32,32,6,6,27,27,5,Train/5/00005_00013_00006.png
client_3,13883,74,71,7,6,67,65,9,Train/9/00009_00010_00023.png
client_3,19502,33,33,6,6,28,28,12,Train/12/00012_00038_00002.png
client_3,11009,48,50,6,6,43,45,7,Train/7/00007_00009_00029.png
client_3,8540,39,39,6,6,34,33,5,Train/5/00005_00003_00020.png
client_3,18897,98,97,9,8,90,89,12,Train/12/00012_00017_00027.png
client_3,19374,58,63,5,5,53,58,12,Train/12/00012_00033_00024.png
client_3,4398,42,41,6,5,36,35,2,Train/2/00002_00053_00018.png
client_3,19042,54,53,5,5,49,48,12,Train/12/00012_00022_00022.png
client_3,39029,28,29,5,6,23,24,42,Train/42/00042_00002_00000.png
client_3,31508,39,35,6,5,34,30,29,Train/29/00029_00005_00008.png
client_3,7320,29,29,5,5,24,24,4,Train/4/00004_00029_00000.png
client_3,35242,39,46,5,6,33,40,35,Train/35/00035_00034_00023.png
client_3,24319,39,40,6,6,34,35,16,Train/16/00016_00009_00019.png
client_3,24280,65,66,6,6,60,60,16,Train/16/00016_00008_00010.png
client_3,29204,54,52,5,6,49,47,25,Train/25/00025_00024_00014.png
client_3,9372,32,33,5,6,27,28,5,Train/5/00005_00031_00012.png
client_3,38657,43,43,5,6,38,38,40,Train/40/00040_00009_00018.png
client_3,35381,38,39,5,6,33,34,35,Train/35/00035_00039_00012.png
client_3,14763,41,43,5,6,36,38,9,Train/9/00009_00040_00003.png
client_3,3100,33,32,5,6,27,27,2,Train/2/00002_00010_00010.png
client_3,33537,44,47,6,6,39,41,33,Train/33/00033_00014_00027.png
client_3,21869,117,106,11,10,107,97,13,Train/13/00013_00046_00029.png
client_3,33576,38,40,5,5,33,35,33,Train/33/00033_00016_00006.png
client_3,27600,30,30,6,6,25,25,22,Train/22/00022_00010_00000.png
client_3,33649,39,55,5,5,34,50,33,Train/33/00033_00018_00019.png
client_3,13592,26,27,5,6,21,22,9,Train/9/00009_00001_00002.png
client_3,8980,32,32,6,6,27,27,5,Train/5/00005_00018_00010.png
client_3,13770,25,26,5,5,20,21,9,Train/9/00009_00007_00000.png
client_3,4126,43,43,5,5,38,38,2,Train/2/00002_00044_00016.png
client_3,3623,48,48,5,5,43,43,2,Train/2/00002_00027_00023.png
client_3,35457,80,82,7,7,73,75,36,Train/36/00036_00001_00028.png
client_3,8416,37,37,5,5,32,32,4,Train/4/00004_00065_00016.png
client_3,34439,39,40,5,6,34,35,35,Train/35/00035_00008_00000.png
client_3,14536,47,46,6,6,41,41,9,Train/9/00009_00032_00016.png
client_3,9856,42,42,5,5,36,37,5,Train/5/00005_00047_00016.png
client_3,4983,29,30,5,6,24,25,2,Train/2/00002_00073_00003.png
client_3,13650,26,27,5,6,21,22,9,Train/9/00009_00003_00000.png
client_3,14138,29,31,5,6,24,26,9,Train/9/00009_00019_00008.png
client_3,13967,49,50,6,5,44,45,9,Train/9/00009_00013_00017.png
client_3,11338,64,69,5,6,59,63,7,Train/7/00007_00020_00028.png
client_3,33672,33,35,6,6,28,29,33,Train/33/00033_00019_00012.png
client_3,24368,30,30,6,6,24,25,16,Train/16/00016_00011_00008.png
client_3,33877,53,55,5,5,47,49,34,Train/34/00034_00003_00008.png
client_3,14294,38,41,5,5,33,36,9,Train/9/00009_00024_00014.png
client_3,19239,47,44,6,5,41,38,12,Train/12/00012_00029_00009.png
client_3,31146,39,38,5,6,34,33,28,Train/28/00028_00011_00006.png
client_3,7602,38,38,5,5,33,33,4,Train/4/00004_00038_00012.png
client_3,6133,35,37,6,6,30,32,3,Train/3/00003_00036_00013.png
client_3,2148,47,50,5,6,41,44,1,Train/1/00001_00052_00018.png
client_3,27105,40,36,6,5,35,31,21,Train/21/00021_00004_00015.png
client_3,39101,37,38,5,6,32,33,42,Train/42/00042_00004_00012.png
client_3,33415,55,56,6,6,50,50,33,Train/33/00033_00010_00025.png
client_3,848,33,33,5,5,28,28,1,Train/1/00001_00009_00008.png
client_3,22878,50,57,6,5,45,51,14,Train/14/00014_00008_00018.png
client_3,27338,37,31,6,5,31,26,22,Train/22/00022_00001_00008.png
client_3,13579,46,46,5,6,41,41,9,Train/9/00009_00000_00019.png
client_3,39106,45,44,6,5,40,39,42,Train/42/00042_00004_00017.png
client_3,14693,72,71,7,6,66,65,9,Train/9/00009_00037_00023.png
client_3,33027,39,42,6,5,34,37,32,Train/32/00032_00005_00027.png
client_3,13822,44,44,5,5,38,38,9,Train/9/00009_00008_00022.png
client_3,38471,49,48,5,5,44,43,40,Train/40/00040_00003_00012.png
client_3,14845,98,97,8,9,89,89,9,Train/9/00009_00042_00025.png
client_3,2151,55,54,6,5,50,49,1,Train/1/00001_00052_00021.png
client_3,2090,54,52,6,5,49,47,1,Train/1/00001_00050_00020.png
client_3,27807,139,132,12,12,127,121,23,Train/23/00023_00003_00027.png
client_3,7673,48,49,5,6,43,44,4,Train/4/00004_00040_00023.png
client_3,3009,39,39,5,6,33,33,2,Train/2/00002_00007_00009.png
client_3,11741,32,36,5,6,27,31,7,Train/7/00007_00034_00011.png
client_3,33492,50,49,6,5,45,44,33,Train/33/00033_00013_00012.png
client_3,7561,30,31,5,6,25,26,4,Train/4/00004_00037_00001.png
client_3,29272,62,60,6,5,57,55,25,Train/25/00025_00026_00022.png
client_3,10133,60,59,5,5,55,54,5,Train/5/00005_00056_00023.png
client_3,3801,35,38,5,6,30,33,2,Train/2/00002_00033_00021.png
client_3,34818,47,47,5,5,42,42,35,Train/35/00035_00020_00019.png
client_3,20962,75,71,6,6,69,65,13,Train/13/00013_00016_00022.png
client_3,9718,87,91,8,8,80,83,5,Train/5/00005_00042_00028.png
client_3,3005,37,35,5,5,31,30,2,Train/2/00002_00007_00005.png
client_3,36649,44,44,5,5,39,39,38,Train/38/00038_00021_00020.png
client_3,8622,43,42,6,5,38,37,5,Train/5/00005_00006_00012.png
client_3,24339,37,37,6,6,32,32,16,Train/16/00016_00010_00009.png
client_3,19763,49,52,5,6,44,47,12,Train/12/00012_00046_00023.png
client_3,19480,50,51,5,6,45,46,12,Train/12/00012_00037_00010.png
client_3,33236,74,80,6,8,68,73,33,Train/33/00033_00004_00026.png
client_3,998,32,33,5,6,27,28,1,Train/1/00001_00014_00008.png
client_3,29155,124,116,11,11,114,106,25,Train/25/00025_00022_00025.png
client_3,15019,41,41,6,6,36,36,9,Train/9/00009_00048_00019.png
client_3,24070,47,50,5,6,42,45,16,Train/16/00016_00001_00010.png
client_3,18586,48,48,6,6,43,43,12,Train/12/00012_00007_00016.png
client_3,38409,38,38,5,5,33,33,40,Train/40/00040_00001_00010.png
client_3,29013,32,30,6,5,27,24,25,Train/25/00025_00018_00003.png
client_3,11172,40,44,5,6,35,39,7,Train/7/00007_00015_00012.png
client_3,32983,35,35,6,6,30,30,32,Train/32/00032_00004_00013.png
client_3,3540,25,27,5,6,20,22,2,Train/2/00002_00025_00000.png
client_3,6482,39,39,6,6,34,34,4,Train/4/00004_00001_00002.png
client_3,9974,40,41,6,6,35,35,5,Train/5/00005_00051_00014.png
client_3,18090,50,53,6,5,45,48,11,Train/11/00011_00035_00000.png
client_3,28577,110,100,10,9,101,91,25,Train/25/00025_00003_00017.png
client_3,4293,27,26,6,5,22,21,2,Train/2/00002_00050_00003.png
client_3,34427,45,45,6,6,39,39,35,Train/35/00035_00007_00018.png
client_3,3932,45,47,5,5,40,42,2,Train/2/00002_00038_00002.png
client_3,20020,38,37,6,5,33,32,12,Train/12/00012_00055_00010.png
client_3,18927,104,110,9,10,95,101,12,Train/12/00012_00018_00027.png
client_3,39148,62,59,6,5,56,54,42,Train/42/00042_00005_00029.png
client_3,14972,32,32,6,6,27,27,9,Train/9/00009_00047_00002.png
client_3,4256,45,42,6,5,40,37,2,Train/2/00002_00048_00026.png
client_3,19869,37,38,5,6,32,33,12,Train/12/00012_00050_00009.png
client_3,12050,37,39,5,5,32,34,7,Train/7/00007_00044_00020.png
client_3,21880,71,60,7,5,65,55,13,Train/13/00013_00047_00010.png
client_3,20254,28,28,6,5,23,23,12,Train/12/00012_00063_00004.png
client_3,27682,64,58,6,5,59,53,22,Train/22/00022_00012_00022.png
client_3,31009,63,57,5,6,57,52,28,Train/28/00028_00006_00019.png
client_3,17193,42,37,6,5,37,32,11,Train/11/00011_00005_00003.png
client_3,33440,59,59,5,5,54,54,33,Train/33/00033_00011_00020.png
client_3,27370,41,39,6,5,36,34,22,Train/22/00022_00002_00010.png
client_3,22640,88,89,7,8,81,82,14,Train/14/00014_00000_00020.png
client_3,17939,144,129,13,12,131,118,11,Train/11/00011_00029_00029.png
client_3,4449,33,34,5,6,27,28,2,Train/2/00002_00055_00009.png
client_3,28072,48,48,6,6,43,42,23,Train/23/00023_00012_00022.png
client_3,34295,29,29,6,6,24,24,35,Train/35/00035_00003_00006.png
client_3,7230,37,38,5,6,32,33,4,Train/4/00004_00026_00000.png
client_3,13903,43,44,6,5,37,38,9,Train/9/00009_00011_00013.png
client_3,14007,80,81,8,7,73,74,9,Train/9/00009_00014_00027.png
client_3,4058,30,30,6,6,24,25,2,Train/2/00002_00042_00008.png
client_3,33425,34,33,6,5,29,28,33,Train/33/00033_00011_00005.png
client_3,38700,40,42,6,6,35,36,40,Train/40/00040_00011_00001.png
client_3,4296,28,28,6,5,23,22,2,Train/2/00002_00050_00006.png
client_3,14541,56,57,5,6,51,52,9,Train/9/00009_00032_00021.png
client_3,3178,131,123,11,10,119,113,2,Train/2/00002_00012_00028.png
client_3,15023,51,51,6,6,45,46,9,Train/9/00009_00048_00023.png
client_3,35185,57,58,6,5,52,53,35,Train/35/00035_00032_00026.png
client_3,18933,29,30,5,5,24,25,12,Train/12/00012_00019_00003.png
client_3,7542,40,40,5,5,35,35,4,Train/4/00004_00036_00012.png
client_3,31316,83,82,8,8,76,75,28,Train/28/00028_00016_00026.png
client_3,27724,71,68,6,6,65,61,23,Train/23/00023_00001_00004.png
client_3,24037,59,60,5,5,54,55,16,Train/16/00016_00000_00007.png
client_3,33134,37,36,6,5,32,31,33,Train/33/00033_00001_00014.png
client_3,34766,54,58,5,6,49,53,35,Train/35/00035_00018_00027.png
client_3,19333,40,44,5,6,35,39,12,Train/12/00012_00032_00013.png
client_3,34461,74,72,7,7,68,66,35,Train/35/00035_00008_00022.png
client_3,33572,36,38,6,5,31,33,33,Train/33/00033_00016_00002.png
client_3,34492,64,64,5,6,58,59,35,Train/35/00035_00009_00023.png
client_3,4292,26,26,5,5,21,21,2,Train/2/00002_00050_00002.png
client_3,35963,91,92,8,9,83,84,37,Train/37/00037_00005_00024.png
client_3,34917,103,99,9,9,94,91,35,Train/35/00035_00023_00028.png
client_3,3943,56,57,6,6,51,52,2,Train/2/00002_00038_00013.png
client_3,19629,64,64,6,6,59,59,12,Train/12/00012_00042_00009.png
client_3,20313,42,44,6,5,37,39,12,Train/12/00012_00065_00003.png
client_3,31248,55,52,5,6,50,46,28,Train/28/00028_00014_00018.png
client_3,33740,46,51,6,6,40,45,33,Train/33/00033_00021_00021.png
client_3,13623,40,39,6,6,34,33,9,Train/9/00009_00002_00003.png
client_3,30892,85,76,7,6,78,70,28,Train/28/00028_00002_00022.png
client_3,38345,30,31,6,5,25,25,39,Train/39/00039_00009_00006.png
client_3,33606,32,39,5,6,26,34,33,Train/33/00033_00017_00006.png
client_3,33325,121,120,10,11,110,110,33,Train/33/00033_00007_00025.png
client_3,20049,40,41,5,6,35,36,12,Train/12/00012_00056_00009.png
client_3,3479,120,117,11,10,110,107,2,Train/2/00002_00022_00029.png
client_3,27928,80,71,7,6,73,65,23,Train/23/00023_00007_00028.png
client_3,14534,43,44,5,6,38,39,9,Train/9/00009_00032_00014.png
client_3,35121,52,49,5,5,47,44,35,Train/35/00035_00030_00022.png
client_3,3567,75,76,7,7,69,70,2,Train/2/00002_00025_00027.png
client_3,2887,53,51,6,6,47,46,2,Train/2/00002_00003_00007.png
client_3,6860,46,47,5,5,40,42,4,Train/4/00004_00013_00020.png
client_3,19040,51,49,5,5,46,44,12,Train/12/00012_00022_00020.png
client_3,14449,56,56,6,6,50,50,9,Train/9/00009_00029_00019.png
client_3,13691,34,35,5,6,29,30,9,Train/9/00009_00004_00011.png
client_3,39118,80,76,7,6,73,70,42,Train/42/00042_00004_00029.png
client_3,24432,54,54,5,6,48,49,16,Train/16/00016_00013_00012.png
client_3,19499,152,153,13,13,139,140,12,Train/12/00012_00037_00029.png
client_3,19015,63,69,6,6,58,63,12,Train/12/00012_00021_00025.png
client_3,3797,34,36,5,5,29,31,2,Train/2/00002_00033_00017.png
client_3,9238,53,45,6,6,48,40,5,Train/5/00005_00026_00028.png
client_3,39151,31,30,6,5,26,25,42,Train/42/00042_00006_00002.png
client_3,6709,44,45,5,5,39,40,4,Train/4/00004_00008_00019.png
client_3,3030,26,27,5,5,20,21,2,Train/2/00002_00008_00000.png
client_3,31052,59,53,6,6,54,48,28,Train/28/00028_00008_00002.png
client_3,3189,32,34,5,6,27,29,2,Train/2/00002_00013_00009.png
client_3,27239,152,128,13,11,139,117,21,Train/21/00021_00008_00029.png
client_3,36573,31,30,6,5,26,25,38,Train/38/00038_00019_00004.png
client_3,9586,37,39,5,6,32,34,5,Train/5/00005_00038_00016.png
client_3,14207,48,48,6,6,43,43,9,Train/9/00009_00021_00017.png
client_3,2171,60,64,5,6,55,59,1,Train/1/00001_00053_00011.png
client_3,28255,74,73,7,7,68,67,24,Train/24/00024_00001_00025.png
client_3,27488,35,31,5,5,30,26,22,Train/22/00022_00006_00008.png
client_3,14168,30,30,6,5,25,25,9,Train/9/00009_00020_00008.png
client_3,3466,40,42,6,6,34,36,2,Train/2/00002_00022_00016.png
client_3,10080,32,30,6,6,27,25,5,Train/5/00005_00055_00000.png
client_3,31240,45,43,6,6,39,37,28,Train/28/00028_00014_00010.png
client_3,18371,33,37,5,5,27,31,12,Train/12/00012_00000_00011.png
client_3,33077,38,37,5,5,32,32,32,Train/32/00032_00007_00017.png
client_3,19668,40,39,6,5,35,34,12,Train/12/00012_00043_00018.png
client_3,33564,47,57,6,5,42,52,33,Train/33/00033_00015_00024.png
client_3,29096,59,53,6,5,54,48,25,Train/25/00025_00020_00026.png
client_3,18073,56,49,5,6,51,44,11,Train/11/00011_00034_00013.png
client_3,18868,59,59,5,5,54,54,12,Train/12/00012_00016_00028.png
client_3,2081,42,41,5,5,37,35,1,Train/1/00001_00050_00011.png
client_3,14576,76,72,6,7,70,66,9,Train/9/00009_00033_00026.png
client_3,11985,42,41,6,5,37,36,7,Train/7/00007_00042_00015.png
client_3,11347,31,31,5,5,26,26,7,Train/7/00007_00021_00007.png
client_3,9689,76,83,7,8,70,76,5,Train/5/00005_00041_00029.png
client_3,19733,72,73,7,6,66,67,12,Train/12/00012_00045_00023.png
client_3,17077,59,56,5,5,53,51,11,Train/11/00011_00001_00007.png
client_3,27084,83,74,7,6,76,68,21,Train/21/00021_00003_00024.png
client_3,8153,44,50,6,6,39,45,4,Train/4/00004_00056_00023.png
client_3,453,29,30,5,6,24,25,0,Train/0/00000_00003_00003.png
client_3,19662,32,31,6,5,27,26,12,Train/12/00012_00043_00012.png
client_3,19806,41,44,6,5,35,38,12,Train/12/00012_00048_00006.png
client_3,4687,31,31,5,5,26,26,2,Train/2/00002_00063_00007.png
client_3,7186,46,46,5,5,41,41,4,Train/4/00004_00024_00016.png
client_3,6861,48,50,5,5,42,45,4,Train/4/00004_00013_00021.png
client_3,19958,48,42,5,6,42,37,12,Train/12/00012_00053_00008.png
client_3,29029,51,51,5,6,46,46,25,Train/25/00025_00018_00019.png
client_3,6862,51,55,5,6,46,50,4,Train/4/00004_00013_00022.png
client_3,29783,81,72,8,6,74,66,25,Train/25/00025_00043_00023.png
client_3,2465,29,30,6,6,24,25,1,Train/1/00001_00063_00005.png
client_3,4530,26,25,6,5,21,20,2,Train/2/00002_00058_00000.png
client_3,27528,60,60,5,6,55,54,22,Train/22/00022_00007_00018.png
client_3,14797,31,32,6,6,26,27,9,Train/9/00009_00041_00007.png
client_3,14807,35,36,6,5,30,31,9,Train/9/00009_00041_00017.png
client_3,2928,41,43,5,6,36,38,2,Train/2/00002_00004_00018.png
client_3,20023,42,42,5,5,37,37,12,Train/12/00012_00055_00013.png
client_3,27221,58,46,6,5,53,41,21,Train/21/00021_00008_00011.png
client_3,33120,26,26,6,5,21,20,33,Train/33/00033_00001_00000.png
client_3,3288,46,47,5,5,41,42,2,Train/2/00002_00016_00018.png
client_3,4894,30,30,5,5,25,25,2,Train/2/00002_00070_00004.png
client_3,28940,79,70,7,7,72,64,25,Train/25/00025_00015_00020.png
client_3,17201,58,51,5,5,53,46,11,Train/11/00011_00005_00011.png
client_3,7386,28,29,5,5,23,24,4,Train/4/00004_00031_00006.png
client_3,39016,42,41,6,5,37,36,42,Train/42/00042_00001_00017.png
client_3,28564,62,61,6,5,56,55,25,Train/25/00025_00003_00004.png
client_3,33734,42,45,6,6,36,39,33,Train/33/00033_00021_00015.png
client_3,20001,55,56,5,6,50,51,12,Train/12/00012_00054_00021.png
client_3,33392,27,28,5,6,22,23,33,Train/33/00033_00010_00002.png
client_3,38709,45,48,6,6,40,42,40,Train/40/00040_00011_00010.png
client_3,24390,27,27,6,6,22,22,16,Train/16/00016_00012_00000.png
client_3,4129,50,49,6,5,45,44,2,Train/2/00002_00044_00019.png
client_3,13610,46,45,6,5,41,40,9,Train/9/00009_00001_00020.png
client_3,28440,34,37,5,5,29,32,24,Train/24/00024_00008_00000.png
client_3,27658,81,80,8,7,74,73,22,Train/22/00022_00011_00028.png
client_3,6486,42,42,5,5,37,37,4,Train/4/00004_00001_00006.png
client_3,8713,42,41,6,5,37,36,5,Train/5/00005_00009_00013.png
client_3,33746,49,54,5,5,44,49,33,Train/33/00033_00021_00027.png
client_3,27185,36,36,5,6,31,31,21,Train/21/00021_00007_00005.png
client_3,39054,42,44,5,5,37,39,42,Train/42/00042_00002_00025.png
client_3,38694,72,76,7,7,66,69,40,Train/40/00040_00010_00025.png
client_3,14675,33,33,6,6,28,28,9,Train/9/00009_00037_00005.png
client_3,6465,56,56,6,6,51,51,4,Train/4/00004_00000_00015.png
client_3,19707,107,108,9,10,98,99,12,Train/12/00012_00044_00027.png
client_3,7447,32,33,5,5,27,28,4,Train/4/00004_00033_00007.png
client_3,29372,53,47,6,5,47,42,25,Train/25/00025_00030_00002.png
client_3,14362,89,90,8,8,82,82,9,Train/9/00009_00026_00022.png
client_3,13923,30,32,6,6,25,26,9,Train/9/00009_00012_00003.png
client_3,27691,26,27,5,6,21,22,23,Train/23/00023_00000_00001.png
client_3,7578,44,45,5,6,39,40,4,Train/4/00004_00037_00018.png
client_3,11292,37,38,6,5,31,32,7,Train/7/00007_00019_00012.png
client_3,19998,50,49,6,5,45,44,12,Train/12/00012_00054_00018.png
client_3,3316,42,43,5,6,36,38,2,Train/2/00002_00017_00016.png
client_3,24120,33,33,6,6,28,28,16,Train/16/00016_00003_00000.png
client_3,24254,36,36,6,5,30,30,16,Train/16/00016_00007_00014.png
client_3,27134,43,42,5,6,38,37,21,Train/21/00021_00005_00014.png
client_3,29068,176,165,16,15,161,151,25,Train/25/00025_00019_00028.png
client_3,24248,30,31,6,6,25,25,16,Train/16/00016_00007_00008.png
client_3,14736,41,41,5,5,36,36,9,Train/9/00009_00039_00006.png
client_3,2797,37,33,5,5,32,28,2,Train/2/00002_00000_00007.png
client_3,17650,43,40,5,5,37,34,11,Train/11/00011_00020_00010.png
client_3,34787,38,38,6,5,33,33,35,Train/35/00035_00019_00018.png
client_3,4929,28,29,5,6,23,24,2,Train/2/00002_00071_00009.png
client_3,33603,31,38,6,6,26,32,33,Train/33/00033_00017_00003.png
client_3,17580,43,40,6,5,38,35,11,Train/11/00011_00018_00000.png
client_3,13337,44,46,5,5,39,41,8,Train/8/00008_00039_00017.png
client_3,14695,86,85,8,7,79,78,9,Train/9/00009_00037_00025.png
client_3,9499,51,50,6,6,46,45,5,Train/5/00005_00035_00019.png
client_3,27069,40,39,5,6,35,34,21,Train/21/00021_00003_00009.png
client_3,8026,35,36,5,5,30,30,4,Train/4/00004_00052_00016.png
client_3,18715,98,100,9,8,90,92,12,Train/12/00012_00011_00025.png
client_3,3686,92,87,8,7,83,80,2,Train/2/00002_00029_00026.png
client_3,30936,34,31,5,5,29,26,28,Train/28/00028_00004_00006.png
client_3,38780,45,47,6,5,40,42,41,Train/41/00041_00001_00021.png
client_3,20290,33,37,6,6,28,32,12,Train/12/00012_00064_00010.png
client_3,28004,54,50,5,6,49,45,23,Train/23/00023_00010_00014.png
client_3,10326,34,35,5,5,29,30,6,Train/6/00006_00001_00006.png
client_3,18517,50,52,5,6,44,46,12,Train/12/00012_00005_00007.png
client_3,3427,32,32,6,6,27,27,2,Train/2/00002_00021_00007.png
client_3,33489,46,46,5,5,41,41,33,Train/33/00033_00013_00009.png
client_3,4360,61,61,5,5,55,56,2,Train/2/00002_00052_00010.png
client_3,13820,41,41,6,6,36,36,9,Train/9/00009_00008_00020.png
client_3,4368,76,75,6,7,70,69,2,Train/2/00002_00052_00018.png
client_3,34559,33,31,6,5,28,26,35,Train/35/00035_00012_00000.png
client_3,2717,52,52,5,5,47,47,1,Train/1/00001_00071_00017.png
client_3,3411,42,46,5,6,37,41,2,Train/2/00002_00020_00021.png
client_3,14346,57,53,6,5,52,48,9,Train/9/00009_00026_00006.png
client_3,4276,40,40,5,6,34,35,2,Train/2/00002_00049_00016.png
client_3,38613,30,33,6,5,25,28,40,Train/40/00040_00008_00004.png
client_3,14849,170,171,14,15,156,156,9,Train/9/00009_00042_00029.png
client_3,664,27,30,5,6,22,24,1,Train/1/00001_00003_00004.png
client_3,32827,41,39,5,5,36,34,31,Train/31/00031_00025_00007.png
client_3,28140,39,36,5,5,34,31,23,Train/23/00023_00015_00000.png
client_3,27972,47,44,6,6,42,39,23,Train/23/00023_00009_00012.png
client_3,38035,77,83,7,8,71,76,38,Train/38/00038_00067_00026.png
client_3,34273,35,36,5,5,30,31,35,Train/35/00035_00002_00014.png
client_3,6593,94,92,8,8,86,84,4,Train/4/00004_00004_00023.png
client_3,13665,36,36,5,5,31,31,9,Train/9/00009_00003_00015.png
client_3,4410,27,26,6,6,22,21,2,Train/2/00002_00054_00000.png
client_3,17727,154,135,14,12,141,124,11,Train/11/00011_00022_00027.png
client_3,34926,34,35,6,6,29,30,35,Train/35/00035_00024_00007.png
client_3,14722,47,50,6,6,42,45,9,Train/9/00009_00038_00022.png
client_3,33308,53,52,6,5,47,47,33,Train/33/00033_00007_00008.png
client_3,4712,27,27,5,5,22,22,2,Train/2/00002_00064_00002.png
client_3,27059,92,76,9,7,84,70,21,Train/21/00021_00002_00029.png
client_3,4767,138,137,12,11,126,125,2,Train/2/00002_00065_00027.png
client_3,9623,41,42,6,6,36,37,5,Train/5/00005_00039_00023.png
client_3,14213,63,64,6,6,58,59,9,Train/9/00009_00021_00023.png
client_3,10002,37,37,6,6,32,32,5,Train/5/00005_00052_00012.png
client_3,20100,38,37,5,5,33,32,12,Train/12/00012_00058_00000.png
client_3,3282,35,38,5,5,30,32,2,Train/2/00002_00016_00012.png
client_3,28446,41,43,6,5,36,38,24,Train/24/00024_00008_00006.png
client_3,32938,79,74,7,7,72,68,32,Train/32/00032_00002_00028.png
client_3,31401,76,70,7,7,70,64,29,Train/29/00029_00001_00021.png
client_3,27234,110,92,9,8,101,84,21,Train/21/00021_00008_00024.png
client_3,28088,46,44,5,6,41,39,23,Train/23/00023_00013_00008.png
client_3,39095,34,33,5,5,28,28,42,Train/42/00042_00004_00006.png
client_3,19627,61,62,5,6,56,57,12,Train/12/00012_00042_00007.png
client_3,9459,31,34,5,6,26,29,5,Train/5/00005_00034_00009.png
client_3,13673,48,49,5,6,43,44,9,Train/9/00009_00003_00023.png
client_3,24100,32,32,5,5,27,27,16,Train/16/00016_00002_00010.png
client_3,9691,30,31,5,5,25,26,5,Train/5/00005_00042_00001.png
client_3,4629,47,47,6,5,42,41,2,Train/2/00002_00061_00009.png
client_3,33438,55,54,6,5,50,49,33,Train/33/00033_00011_00018.png
client_3,24125,34,36,5,6,29,31,16,Train/16/00016_00003_00005.png
client_3,13916,99,101,9,9,90,92,9,Train/9/00009_00011_00026.png
client_3,4155,37,35,6,5,32,30,2,Train/2/00002_00045_00015.png
client_3,19272,36,36,6,6,31,31,12,Train/12/00012_00030_00012.png
client_3,4007,36,36,6,6,31,31,2,Train/2/00002_00040_00017.png
client_3,9284,41,39,6,5,36,34,5,Train/5/00005_00028_00014.png
client_3,19446,41,41,6,6,36,36,12,Train/12/00012_00036_00006.png
client_3,30477,60,54,5,6,55,49,26,Train/26/00026_00016_00027.png
client_3,7130,40,41,6,6,35,36,4,Train/4/00004_00022_00020.png
client_3,19225,63,63,5,5,58,58,12,Train/12/00012_00028_00025.png
client_3,24244,30,30,6,5,25,25,16,Train/16/00016_00007_00004.png
client_3,30190,35,32,6,5,30,27,26,Train/26/00026_00007_00010.png
client_3,34098,39,47,5,5,34,42,34,Train/34/00034_00010_00019.png
client_3,38451,62,62,5,5,56,56,40,Train/40/00040_00002_00022.png
client_3,38580,26,26,5,5,21,21,40,Train/40/00040_00007_00001.png
client_3,19540,45,44,6,5,40,39,12,Train/12/00012_00039_00010.png
client_3,1363,69,68,6,6,63,61,1,Train/1/00001_00026_00013.png
client_3,9910,34,36,5,6,29,31,5,Train/5/00005_00049_00010.png
client_3,35165,31,30,6,6,25,25,35,Train/35/00035_00032_00006.png
client_3,8430,29,30,5,6,24,25,5,Train/5/00005_00000_00000.png
client_3,30909,42,37,6,5,36,32,28,Train/28/00028_00003_00009.png
client_3,27154,35,33,6,5,30,28,21,Train/21/00021_00006_00004.png
client_3,31171,31,28,6,6,26,23,28,Train/28/00028_00012_00001.png
client_3,23345,30,28,6,5,25,23,14,Train/14/00014_00024_00005.png
client_3,27638,40,38,6,5,35,33,22,Train/22/00022_00011_00008.png
client_3,9037,28,28,5,5,23,23,5,Train/5/00005_00020_00007.png
client_3,27968,45,41,6,5,40,36,23,Train/23/00023_00009_00008.png
client_3,10048,72,71,7,7,66,65,5,Train/5/00005_00053_00028.png
client_3,38603,59,64,5,5,54,58,40,Train/40/00040_00007_00024.png
client_3,35302,54,52,6,6,49,47,35,Train/35/00035_00036_00023.png
client_3,20283,29,30,6,6,24,25,12,Train/12/00012_00064_00003.png
client_3,12263,54,54,5,5,49,49,8,Train/8/00008_00003_00023.png
client_3,8299,47,47,6,6,42,42,4,Train/4/00004_00061_00019.png
client_3,3395,30,30,6,6,25,25,2,Train/2/00002_00020_00005.png
client_3,19687,35,36,5,6,30,31,12,Train/12/00012_00044_00007.png
client_3,3124,30,29,6,6,24,23,2,Train/2/00002_00011_00004.png
client_3,11189,77,89,7,8,71,82,7,Train/7/00007_00015_00029.png
client_3,28567,71,69,7,7,65,63,25,Train/25/00025_00003_00007.png
client_3,7481,36,36,6,6,31,31,4,Train/4/00004_00034_00011.png
client_3,3401,34,36,6,6,29,31,2,Train/2/00002_00020_00011.png
client_3,18630,32,32,5,6,27,27,12,Train/12/00012_00009_00000.png
client_3,4097,38,38,6,6,33,33,2,Train/2/00002_00043_00017.png
client_3,24398,30,31,5,6,25,26,16,Train/16/00016_00012_00008.png
client_3,3155,47,46,6,6,42,41,2,Train/2/00002_00012_00005.png
client_3,25721,95,86,8,8,87,79,18,Train/18/00018_00005_00011.png
client_3,9603,28,29,6,6,22,24,5,Train/5/00005_00039_00003.png
client_3,39127,31,31,6,6,25,25,42,Train/42/00042_00005_00008.png
client_3,13647,82,84,8,8,74,76,9,Train/9/00009_00002_00027.png
client_3,4947,44,45,5,6,39,40,2,Train/2/00002_00071_00027.png
client_3,27311,46,43,6,5,41,38,22,Train/22/00022_00000_00011.png
client_3,6732,37,37,6,5,32,31,4,Train/4/00004_00009_00012.png
client_3,9494,41,40,5,5,36,35,5,Train/5/00005_00035_00014.png
client_3,4426,38,39,5,6,33,34,2,Train/2/00002_00054_00016.png
client_3,20039,117,117,10,10,107,107,12,Train/12/00012_00055_00029.png
client_3,23193,37,42,5,5,32,36,14,Train/14/00014_00019_00003.png
client_3,34998,52,51,6,5,47,46,35,Train/35/00035_00026_00019.png
client_3,19230,40,38,6,6,35,33,12,Train/12/00012_00029_00000.png
client_3,11833,34,35,5,5,29,30,7,Train/7/00007_00037_00013.png
client_3,17566,43,42,5,6,38,36,11,Train/11/00011_00017_00016.png
client_3,38638,177,173,15,15,161,159,40,Train/40/00040_00008_00029.png
client_3,4052,26,28,5,6,21,23,2,Train/2/00002_00042_00002.png
client_3,4407,64,63,5,5,59,58,2,Train/2/00002_00053_00027.png
client_3,6950,44,47,6,6,39,42,4,Train/4/00004_00016_00020.png
client_3,19911,47,48,6,6,41,42,12,Train/12/00012_00051_00021.png
client_3,18739,58,57,6,5,53,52,12,Train/12/00012_00012_00019.png
client_3,10772,39,42,5,6,33,37,7,Train/7/00007_00002_00002.png
client_3,3526,42,42,6,6,37,37,2,Train/2/00002_00024_00016.png
client_3,8016,27,30,5,6,22,24,4,Train/4/00004_00052_00006.png
client_3,4179,35,39,5,6,30,34,2,Train/2/00002_00046_00009.png
client_3,13890,31,33,6,6,26,28,9,Train/9/00009_00011_00000.png
client_3,24392,29,29,6,6,24,24,16,Train/16/00016_00012_00002.png
client_3,34298,29,28,6,6,23,23,35,Train/35/00035_00003_00009.png
client_3,1864,41,41,6,6,36,36,1,Train/1/00001_00043_00004.png
client_3,2821,27,27,6,6,22,22,2,Train/2/00002_00001_00001.png
client_3,8545,45,45,6,5,40,40,5,Train/5/00005_00003_00025.png
client_3,20376,35,35,5,5,30,30,12,Train/12/00012_00067_00006.png
client_3,34279,42,43,6,6,37,38,35,Train/35/00035_00002_00020.png
client_3,3486,30,30,5,5,25,25,2,Train/2/00002_00023_00006.png
client_3,22436,91,76,8,6,83,70,13,Train/13/00013_00065_00026.png
client_3,27905,36,33,5,5,31,28,23,Train/23/00023_00007_00005.png
client_3,19079,83,81,7,8,76,74,12,Train/12/00012_00023_00029.png
client_3,10884,82,83,7,8,75,76,7,Train/7/00007_00005_00024.png
client_3,29148,72,69,7,7,66,63,25,Train/25/00025_00022_00018.png
client_3,39055,45,47,6,6,40,42,42,Train/42/00042_00002_00026.png
client_3,7844,38,38,5,5,33,33,4,Train/4/00004_00046_00014.png
client_3,15025,57,57,6,5,51,51,9,Train/9/00009_00048_00025.png
client_3,14507,33,34,6,6,28,28,9,Train/9/00009_00031_00017.png
client_3,29320,59,54,6,5,54,49,25,Train/25/00025_00028_00010.png
client_3,39207,63,69,5,7,58,63,42,Train/42/00042_00007_00028.png
client_3,24183,27,28,5,6,22,23,16,Train/16/00016_00005_00003.png
client_3,38569,69,69,6,7,63,63,40,Train/40/00040_00006_00020.png
client_3,19197,72,72,6,6,66,66,12,Train/12/00012_00027_00027.png
client_3,4798,45,49,5,6,40,43,2,Train/2/00002_00066_00028.png
client_3,13520,52,53,5,6,47,48,8,Train/8/00008_00045_00020.png
client_3,28341,64,61,6,6,59,56,24,Train/24/00024_00004_00021.png
client_3,2975,28,28,5,5,22,22,2,Train/2/00002_00006_00005.png
client_3,15918,38,40,5,6,33,35,10,Train/10/00010_00029_00018.png
client_3,32916,33,32,6,5,28,27,32,Train/32/00032_00002_00006.png
client_3,10977,67,71,6,7,61,65,7,Train/7/00007_00008_00027.png
client_3,28035,73,65,6,6,67,60,23,Train/23/00023_00011_00015.png
client_3,6782,30,28,6,5,24,23,4,Train/4/00004_00011_00002.png
client_3,1883,69,70,6,7,63,64,1,Train/1/00001_00043_00023.png
client_3,20342,36,42,5,6,31,37,12,Train/12/00012_00066_00002.png
client_3,27070,41,39,5,6,36,34,21,Train/21/00021_00003_00010.png
client_3,33155,41,40,5,5,35,34,33,Train/33/00033_00002_00005.png
client_3,14678,35,35,6,6,30,30,9,Train/9/00009_00037_00008.png
client_3,33567,51,68,5,6,45,62,33,Train/33/00033_00015_00027.png
client_3,20397,83,80,8,7,76,73,12,Train/12/00012_00067_00027.png
client_3,4888,35,34,6,5,30,29,2,Train/2/00002_00069_00028.png
client_3,38532,69,69,7,7,63,63,40,Train/40/00040_00005_00013.png
client_3,3328,96,97,9,9,88,88,2,Train/2/00002_00017_00028.png
client_3,31415,41,38,6,5,36,33,29,Train/29/00029_00002_00005.png
client_3,19710,30,32,5,6,25,27,12,Train/12/00012_00045_00000.png
client_3,19443,39,38,6,5,34,33,12,Train/12/00012_00036_00003.png
client_3,31203,44,45,5,6,39,40,28,Train/28/00028_00013_00003.png
client_3,4914,48,47,5,6,43,42,2,Train/2/00002_00070_00024.png
client_3,17923,68,62,6,6,61,56,11,Train/11/00011_00029_00013.png
client_3,27845,34,34,5,5,29,28,23,Train/23/00023_00005_00005.png
client_3,33352,77,75,7,6,70,68,33,Train/33/00033_00008_00022.png
client_3,18675,53,43,6,6,47,37,12,Train/12/00012_00010_00015.png
client_3,3308,33,33,5,5,27,28,2,Train/2/00002_00017_00008.png
client_3,28042,99,89,8,8,91,81,23,Train/23/00023_00011_00022.png
client_3,17266,61,56,5,5,55,51,11,Train/11/00011_00007_00016.png
client_3,31288,105,92,10,9,95,84,28,Train/28/00028_00015_00028.png
client_3,38629,76,76,6,6,70,70,40,Train/40/00040_00008_00020.png
client_3,11079,31,30,6,5,26,25,7,Train/7/00007_00012_00009.png
client_3,18514,47,45,5,5,42,40,12,Train/12/00012_00005_00004.png
client_3,1898,36,36,6,6,31,31,1,Train/1/00001_00044_00008.png
client_3,3373,39,41,5,5,34,35,2,Train/2/00002_00019_00013.png
client_3,27133,44,40,6,5,38,35,21,Train/21/00021_00005_00013.png
client_3,4544,32,31,6,5,27,26,2,Train/2/00002_00058_00014.png
client_3,19515,45,45,6,6,40,40,12,Train/12/00012_00038_00015.png
client_3,11749,41,43,6,5,36,38,7,Train/7/00007_00034_00019.png
client_3,33285,44,44,6,5,38,38,33,Train/33/00033_00006_00015.png
client_3,28443,38,40,6,5,33,35,24,Train/24/00024_00008_00003.png
client_3,35110,31,32,5,6,26,27,35,Train/35/00035_00030_00011.png
client_3,34587,68,70,6,7,62,64,35,Train/35/00035_00012_00028.png
client_3,31090,44,42,6,5,39,37,28,Train/28/00028_00009_00010.png
client_3,18577,35,35,6,5,30,30,12,Train/12/00012_00007_00007.png
client_3,35551,30,30,5,5,25,25,36,Train/36/00036_00005_00002.png
client_3,20371,33,33,6,5,28,28,12,Train/12/00012_00067_00001.png
client_3,38378,44,40,6,5,39,35,40,Train/40/00040_00000_00009.png
client_3,33609,33,42,5,6,28,37,33,Train/33/00033_00017_00009.png
client_3,33956,55,62,5,5,50,56,34,Train/34/00034_00005_00027.png
client_3,38835,51,53,6,6,46,48,41,Train/41/00041_00003_00016.png
client_3,14524,35,36,5,6,30,31,9,Train/9/00009_00032_00004.png
client_3,3770,45,42,5,5,40,37,2,Train/2/00002_00032_00020.png
client_3,33486,43,43,5,5,38,38,33,Train/33/00033_00013_00006.png
client_3,6833,61,59,6,5,56,54,4,Train/4/00004_00012_00023.png
client_3,19968,61,52,6,5,56,47,12,Train/12/00012_00053_00018.png
client_3,24067,43,45,5,5,38,40,16,Train/16/00016_00001_00007.png
client_3,34354,28,29,5,6,23,24,35,Train/35/00035_00005_00005.png
client_3,38496,46,46,6,6,41,41,40,Train/40/00040_00004_00007.png
client_3,27961,39,38,6,5,34,33,23,Train/23/00023_00009_00001.png
client_3,14730,41,41,5,5,36,36,9,Train/9/00009_00039_00000.png
client_3,2862,31,33,6,6,26,28,2,Train/2/00002_00002_00012.png
client_3,34763,46,48,5,6,41,43,35,Train/35/00035_00018_00024.png
client_3,14054,49,50,5,6,44,45,9,Train/9/00009_00016_00014.png
client_3,3059,76,84,6,8,70,76,2,Train/2/00002_00008_00029.png
client_3,13991,40,40,5,5,35,35,9,Train/9/00009_00014_00011.png
client_3,39153,30,29,6,5,25,24,42,Train/42/00042_00006_00004.png
client_3,20095,50,52,6,6,45,47,12,Train/12/00012_00057_00025.png
client_3,14579,100,95,9,9,91,86,9,Train/9/00009_00033_00029.png
client_3,4967,36,37,6,5,31,32,2,Train/2/00002_00072_00017.png
client_3,24247,30,32,6,6,25,26,16,Train/16/00016_00007_00007.png
client_3,31049,111,98,9,9,102,90,28,Train/28/00028_00007_00029.png
client_3,27862,68,60,7,5,62,55,23,Train/23/00023_00005_00022.png
client_3,27771,72,67,6,6,66,61,23,Train/23/00023_00002_00021.png
client_3,34582,52,52,5,5,47,47,35,Train/35/00035_00012_00023.png
client_3,34477,31,31,6,5,25,25,35,Train/35/00035_00009_00008.png
client_3,18430,40,42,6,6,35,37,12,Train/12/00012_00002_00010.png
client_3,23079,40,40,6,6,35,35,14,Train/14/00014_00015_00009.png
client_3,19700,53,53,5,5,48,48,12,Train/12/00012_00044_00020.png
client_3,935,30,32,6,6,25,27,1,Train/1/00001_00012_00005.png
client_3,35931,47,47,6,6,41,42,37,Train/37/00037_00004_00022.png
client_3,33875,49,52,5,6,44,46,34,Train/34/00034_00003_00006.png
client_3,2940,28,30,5,6,23,25,2,Train/2/00002_00005_00000.png
client_3,1189,65,65,6,6,60,60,1,Train/1/00001_00020_00019.png
client_3,4394,38,37,6,5,33,32,2,Train/2/00002_00053_00014.png
client_3,34692,51,51,6,6,46,46,35,Train/35/00035_00016_00013.png
client_3,27209,148,136,12,12,136,125,21,Train/21/00021_00007_00029.png
client_3,39180,28,27,6,5,23,22,42,Train/42/00042_00007_00001.png
client_3,27097,35,32,6,5,30,27,21,Train/21/00021_00004_00007.png
client_3,37082,48,46,6,6,43,41,38,Train/38/00038_00036_00003.png
client_3,19492,84,85,7,8,77,78,12,Train/12/00012_00037_00022.png
client_3,14372,27,30,5,6,22,24,9,Train/9/00009_00027_00002.png
client_3,37718,35,38,5,6,29,32,38,Train/38/00038_00057_00009.png
client_3,19100,59,58,6,5,54,53,12,Train/12/00012_00024_00020.png
client_3,39010,35,37,5,6,30,32,42,Train/42/00042_00001_00011.png
client_3,33299,161,160,14,14,147,147,33,Train/33/00033_00006_00029.png
client_3,9048,36,35,6,6,31,30,5,Train/5/00005_00020_00018.png
client_3,6672,34,35,5,6,29,30,4,Train/4/00004_00007_00012.png
client_3,4095,37,36,6,6,31,30,2,Train/2/00002_00043_00015.png
client_3,13948,112,120,9,11,103,110,9,Train/9/00009_00012_00028.png
client_3,19237,45,44,6,6,40,38,12,Train/12/00012_00029_00007.png
client_3,3587,46,46,6,6,41,41,2,Train/2/00002_00026_00017.png
client_3,14422,72,73,6,6,65,66,9,Train/9/00009_00028_00022.png
client_3,7932,35,34,6,5,29,29,4,Train/4/00004_00049_00012.png
client_3,27031,30,30,5,5,25,25,21,Train/21/00021_00002_00001.png
client_3,23916,35,36,6,5,30,30,15,Train/15/00015_00017_00006.png
client_3,11369,73,74,7,7,67,68,7,Train/7/00007_00021_00029.png
client_3,35520,28,29,6,5,23,24,36,Train/36/00036_00004_00001.png
client_3,14786,55,60,5,6,50,55,9,Train/9/00009_00040_00026.png
client_3,34866,40,40,5,5,35,35,35,Train/35/00035_00022_00007.png
client_3,11766,33,34,6,6,28,29,7,Train/7/00007_00035_00006.png
client_3,34651,30,31,5,5,25,26,35,Train/35/00035_00015_00002.png
client_3,14267,38,40,5,5,33,35,9,Train/9/00009_00023_00017.png
client_3,38596,41,43,6,6,36,38,40,Train/40/00040_00007_00017.png
client_3,3806,41,43,6,6,36,38,2,Train/2/00002_00033_00026.png
client_3,3264,98,99,8,9,90,91,2,Train/2/00002_00015_00024.png
client_3,19920,89,89,8,8,82,82,12,Train/12/00012_00052_00000.png
client_3,4096,37,36,6,6,32,31,2,Train/2/00002_00043_00016.png
client_3,2677,53,57,5,6,48,52,1,Train/1/00001_00070_00007.png
client_3,476,76,75,6,6,70,69,0,Train/0/00000_00003_00026.png
client_3,27128,37,35,6,6,32,30,21,Train/21/00021_00005_00008.png
client_3,13814,34,34,6,6,28,28,9,Train/9/00009_00008_00014.png
client_3,3024,59,58,5,5,53,52,2,Train/2/00002_00007_00024.png
client_3,13728,41,42,5,6,35,36,9,Train/9/00009_00005_00018.png
client_3,27230,81,70,8,7,74,64,21,Train/21/00021_00008_00020.png
client_3,14414,53,53,5,5,48,48,9,Train/9/00009_00028_00014.png
client_3,19118,33,40,5,5,28,35,12,Train/12/00012_00025_00008.png
client_3,946,43,43,6,5,38,38,1,Train/1/00001_00012_00016.png
client_3,30300,39,37,5,5,34,32,26,Train/26/00026_00011_00000.png
client_3,34750,37,38,6,6,32,33,35,Train/35/00035_00018_00011.png
client_3,39086,63,67,6,6,58,61,42,Train/42/00042_00003_00027.png
client_3,14100,30,30,5,5,25,25,9,Train/9/00009_00018_00000.png
client_3,8359,39,40,5,6,34,35,4,Train/4/00004_00063_00019.png
client_3,27186,38,37,6,6,33,32,21,Train/21/00021_00007_00006.png
client_3,24445,82,81,7,7,74,74,16,Train/16/00016_00013_00025.png
client_3,27106,41,37,6,5,36,32,21,Train/21/00021_00004_00016.png
client_3,13638,56,58,6,6,50,52,9,Train/9/00009_00002_00018.png
client_3,22752,50,49,6,5,44,44,14,Train/14/00014_00004_00012.png
client_3,38154,86,92,7,8,79,84,39,Train/39/00039_00002_00025.png
client_3,14628,49,49,6,6,44,44,9,Train/9/00009_00035_00018.png
client_3,17124,158,142,14,12,145,130,11,Train/11/00011_00002_00024.png
client_3,29493,50,50,5,6,45,45,25,Train/25/00025_00034_00003.png
client_3,2955,41,41,6,6,36,36,2,Train/2/00002_00005_00015.png
client_3,14880,27,28,5,6,22,23,9,Train/9/00009_00044_00000.png
client_3,33294,85,86,8,7,78,79,33,Train/33/00033_00006_00024.png
client_3,4907,40,39,5,5,35,34,2,Train/2/00002_00070_00017.png
client_3,28115,80,71,8,6,73,65,23,Train/23/00023_00014_00005.png
client_3,27782,55,52,5,6,50,47,23,Train/23/00023_00003_00002.png
client_3,13786,39,42,5,6,34,36,9,Train/9/00009_00007_00016.png
client_3,27521,51,47,6,5,45,41,22,Train/22/00022_00007_00011.png
client_3,24350,48,47,5,6,43,42,16,Train/16/00016_00010_00020.png
client_3,27885,45,40,5,5,40,35,23,Train/23/00023_00006_00015.png
client_3,29594,42,38,6,6,37,33,25,Train/25/00025_00037_00014.png
client_3,39099,37,37,6,6,32,32,42,Train/42/00042_00004_00010.png
client_3,4944,39,40,5,6,34,35,2,Train/2/00002_00071_00024.png
client_3,29471,43,41,6,6,38,36,25,Train/25/00025_00033_00011.png
client_3,381,59,58,6,6,53,53,0,Train/0/00000_00000_00021.png
client_3,24268,55,54,6,6,49,49,16,Train/16/00016_00007_00028.png
client_3,2047,35,35,6,6,30,30,1,Train/1/00001_00049_00007.png
client_3,29956,52,49,5,5,47,44,25,Train/25/00025_00049_00016.png
client_3,33052,47,49,5,5,42,44,32,Train/32/00032_00006_00022.png
client_3,12661,30,29,5,6,25,24,8,Train/8/00008_00017_00001.png
client_3,20193,36,40,5,5,31,35,12,Train/12/00012_00061_00003.png
client_3,34820,51,50,6,5,46,45,35,Train/35/00035_00020_00021.png
client_3,14159,63,67,5,6,58,61,9,Train/9/00009_00019_00029.png
client_3,37970,45,47,5,5,40,42,38,Train/38/00038_00065_00021.png
client_3,5033,47,47,5,5,42,42,2,Train/2/00002_00074_00023.png
client_3,14929,53,57,5,5,47,51,9,Train/9/00009_00045_00019.png
client_3,18953,72,69,7,6,66,63,12,Train/12/00012_00019_00023.png
client_3,33560,40,48,6,6,35,43,33,Train/33/00033_00015_00020.png
client_3,34822,55,55,6,6,50,50,35,Train/35/00035_00020_00023.png
client_3,24385,47,48,5,5,42,43,16,Train/16/00016_00011_00025.png
client_3,13694,37,36,5,5,31,31,9,Train/9/00009_00004_00014.png
client_3,35344,28,29,5,5,23,24,35,Train/35/00035_00038_00005.png
client_3,5327,42,43,6,6,37,38,3,Train/3/00003_00009_00017.png
client_3,13960,39,39,5,5,34,34,9,Train/9/00009_00013_00010.png
client_3,8817,98,98,9,9,90,90,5,Train/5/00005_00012_00027.png
client_3,19256,75,74,7,7,69,68,12,Train/12/00012_00029_00026.png
client_3,327,81,71,8,7,74,65,20,Train/20/00020_00010_00027.png
client_3,38661,55,55,5,6,50,50,40,Train/40/00040_00009_00022.png
client_3,14442,38,38,6,5,32,32,9,Train/9/00009_00029_00012.png
client_3,33137,42,42,6,5,37,37,33,Train/33/00033_00001_00017.png
client_3,3629,74,72,7,7,68,66,2,Train/2/00002_00027_00029.png
client_3,19430,50,51,6,6,45,46,12,Train/12/00012_00035_00020.png
client_3,14746,41,41,5,5,36,36,9,Train/9/00009_00039_00016.png
client_3,23041,39,47,6,5,34,42,14,Train/14/00014_00014_00001.png
client_3,31026,61,53,5,5,55,48,28,Train/28/00028_00007_00006.png
client_3,8706,34,34,6,6,29,29,5,Train/5/00005_00009_00006.png
client_3,38548,131,122,12,11,120,112,40,Train/40/00040_00005_00029.png
client_3,2956,43,42,6,5,38,37,2,Train/2/00002_00005_00016.png
client_3,13151,31,30,6,5,26,25,8,Train/8/00008_00033_00011.png
client_3,14215,68,71,6,7,62,65,9,Train/9/00009_00021_00025.png
client_3,6997,41,43,5,5,35,38,4,Train/4/00004_00018_00007.png
client_3,24086,118,119,10,11,108,109,16,Train/16/00016_00001_00026.png
client_3,9725,33,31,6,5,27,26,5,Train/5/00005_00043_00005.png
client_3,3472,52,55,5,6,47,50,2,Train/2/00002_00022_00022.png
client_3,34945,50,55,5,6,45,50,35,Train/35/00035_00024_00026.png
client_3,7220,57,55,6,6,52,50,4,Train/4/00004_00025_00020.png
client_3,28310,92,85,8,8,84,78,24,Train/24/00024_00003_00020.png
client_3,23124,84,84,7,8,76,77,14,Train/14/00014_00016_00024.png
client_3,24264,46,47,5,6,41,42,16,Train/16/00016_00007_00024.png
client_3,27551,34,32,5,5,29,27,22,Train/22/00022_00008_00011.png
client_3,8119,43,43,5,6,38,38,4,Train/4/00004_00055_00019.png
client_3,39163,37,37,6,6,32,32,42,Train/42/00042_00006_00014.png
client_3,3162,58,55,6,5,53,50,2,Train/2/00002_00012_00012.png
client_3,8677,35,35,6,6,30,30,5,Train/5/00005_00008_00007.png
client_3,28823,113,128,10,12,103,117,25,Train/25/00025_00011_00023.png
client_3,22984,44,44,6,6,39,39,14,Train/14/00014_00012_00004.png
client_3,18274,35,32,6,6,30,27,11,Train/11/00011_00041_00004.png
client_3,29075,38,35,6,6,33,30,25,Train/25/00025_00020_00005.png
client_3,34272,36,37,6,6,31,32,35,Train/35/00035_00002_00013.png
client_3,11974,32,33,6,6,27,27,7,Train/7/00007_00042_00004.png
client_3,17748,50,45,6,5,45,40,11,Train/11/00011_00023_00018.png
client_3,19211,33,33,5,5,28,28,12,Train/12/00012_00028_00011.png
client_3,27840,31,30,5,6,26,25,23,Train/23/00023_00005_00000.png
client_3,27894,61,57,6,6,56,52,23,Train/23/00023_00006_00024.png
client_3,33190,37,39,6,6,32,34,33,Train/33/00033_00003_00010.png
client_3,14154,49,50,6,6,44,45,9,Train/9/00009_00019_00024.png
client_3,36387,45,46,5,5,40,41,38,Train/38/00038_00012_00028.png
client_3,35325,45,50,5,5,39,45,35,Train/35/00035_00037_00016.png
client_3,33183,33,34,6,6,28,29,33,Train/33/00033_00003_00003.png
client_3,33203,62,69,5,7,57,63,33,Train/33/00033_00003_00023.png
client_3,19677,85,86,7,8,78,79,12,Train/12/00012_00043_00027.png
client_3,33367,79,81,7,8,72,74,33,Train/33/00033_00009_00007.png
client_3,29011,27,27,6,5,22,22,25,Train/25/00025_00018_00001.png
client_3,11933,38,38,5,5,33,33,7,Train/7/00007_00040_00023.png
client_3,28851,85,82,7,8,77,75,25,Train/25/00025_00012_00021.png
client_3,4009,39,38,6,5,34,33,2,Train/2/00002_00040_00019.png
client_3,14701,33,33,5,5,27,27,9,Train/9/00009_00038_00001.png
client_3,19176,40,39,6,5,35,34,12,Train/12/00012_00027_00006.png
client_3,14705,36,35,6,5,31,29,9,Train/9/00009_00038_00005.png
client_3,29726,119,109,11,10,109,100,25,Train/25/00025_00041_00026.png
client_3,11090,41,42,6,6,36,37,7,Train/7/00007_00012_00020.png
client_3,17544,97,87,8,8,88,80,11,Train/11/00011_00016_00024.png
client_3,38993,53,54,5,5,48,49,42,Train/42/00042_00000_00024.png
client_3,27618,41,40,5,5,35,34,22,Train/22/00022_00010_00018.png
client_3,29906,177,154,16,14,162,141,25,Train/25/00025_00047_00026.png
client_3,24088,148,145,13,12,136,133,16,Train/16/00016_00001_00028.png
client_3,10235,28,29,6,6,23,24,5,Train/5/00005_00060_00005.png
client_3,14853,27,26,6,5,22,21,9,Train/9/00009_00043_00003.png
client_3,24375,35,35,6,5,30,29,16,Train/16/00016_00011_00015.png
client_3,17488,119,106,11,10,108,97,11,Train/11/00011_00014_00028.png
client_3,28442,36,39,5,5,31,34,24,Train/24/00024_00008_00002.png
client_3,35370,30,30,5,5,25,25,35,Train/35/00035_00039_00001.png
client_3,13729,43,44,5,6,37,38,9,Train/9/00009_00005_00019.png
client_3,4109,71,72,6,7,65,66,2,Train/2/00002_00043_00029.png
client_3,28142,40,36,5,5,35,31,23,Train/23/00023_00015_00002.png
client_3,34642,56,57,5,6,51,52,35,Train/35/00035_00014_00023.png
client_3,18576,35,36,5,5,30,31,12,Train/12/00012_00007_00006.png
client_3,33152,42,40,5,5,37,35,33,Train/33/00033_00002_00002.png
client_3,34536,33,33,6,5,28,28,35,Train/35/00035_00011_00007.png
client_3,35327,50,54,6,6,44,49,35,Train/35/00035_00037_00018.png
client_3,27202,73,64,7,5,67,59,21,Train/21/00021_00007_00022.png
client_3,17425,122,111,11,9,112,102,11,Train/11/00011_00012_00025.png
client_3,4341,60,58,6,5,55,53,2,Train/2/00002_00051_00021.png
client_3,31025,59,53,5,5,54,47,28,Train/28/00028_00007_00005.png
client_3,27291,57,53,6,6,52,48,21,Train/21/00021_00010_00021.png
client_3,14749,41,41,5,5,36,36,9,Train/9/00009_00039_00019.png
client_3,4439,72,70,6,6,66,64,2,Train/2/00002_00054_00029.png
client_3,14785,53,57,5,5,48,52,9,Train/9/00009_00040_00025.png
client_3,4281,45,45,5,5,40,40,2,Train/2/00002_00049_00021.png
client_3,3776,59,55,5,5,54,50,2,Train/2/00002_00032_00026.png
client_3,13688,30,29,6,5,25,24,9,Train/9/00009_00004_00008.png
client_3,33499,60,59,5,5,55,54,33,Train/33/00033_00013_00019.png
client_3,3543,28,27,5,5,22,22,2,Train/2/00002_00025_00003.png
client_3,13974,71,71,6,6,65,65,9,Train/9/00009_00013_00024.png
client_3,28361,30,30,5,6,25,25,24,Train/24/00024_00005_00011.png
client_3,19458,60,61,5,6,55,56,12,Train/12/00012_00036_00018.png
client_3,38140,53,57,5,5,47,52,39,Train/39/00039_00002_00011.png
client_3,21054,84,73,8,7,77,67,13,Train/13/00013_00019_00024.png
client_3,33613,36,47,6,6,31,42,33,Train/33/00033_00017_00013.png
client_3,24149,62,56,6,5,57,51,16,Train/16/00016_00003_00029.png
client_3,23159,138,142,12,12,126,129,14,Train/14/00014_00017_00029.png
client_3,3052,48,49,6,6,43,44,2,Train/2/00002_00008_00022.png
client_3,17500,31,32,5,6,26,27,11,Train/11/00011_00015_00010.png
client_3,27348,46,42,5,6,41,37,22,Train/22/00022_00001_00018.png
client_3,14900,51,49,5,6,45,44,9,Train/9/00009_00044_00020.png
client_3,33987,46,46,5,5,41,41,34,Train/34/00034_00006_00028.png
client_3,27791,61,56,5,6,56,51,23,Train/23/00023_00003_00011.png
client_3,8831,35,34,6,5,30,29,5,Train/5/00005_00013_00011.png
client_3,14462,27,29,5,5,22,24,9,Train/9/00009_00030_00002.png
client_3,4387,34,32,6,5,29,27,2,Train/2/00002_00053_00007.png
client_3,18387,63,73,5,6,58,67,12,Train/12/00012_00000_00027.png
client_3,28499,121,112,10,10,111,103,25,Train/25/00025_00000_00029.png
client_3,24151,28,27,6,5,23,22,16,Train/16/00016_00004_00001.png
client_3,39172,46,46,5,5,41,41,42,Train/42/00042_00006_00023.png
client_3,35633,37,38,6,6,32,33,36,Train/36/00036_00007_00024.png
client_3,15024,53,53,6,5,48,48,9,Train/9/00009_00048_00024.png
client_3,14423,75,76,6,6,69,70,9,Train/9/00009_00028_00023.png
client_3,18747,124,123,11,10,114,112,12,Train/12/00012_00012_00027.png
client_3,8106,37,33,6,5,32,28,4,Train/4/00004_00055_00006.png
client_3,10034,37,34,6,5,32,29,5,Train/5/00005_00053_00014.png
client_3,4725,37,36,6,6,32,31,2,Train/2/00002_00064_00015.png
client_3,27668,38,35,6,5,33,30,22,Train/22/00022_00012_00008.png
client_3,24195,34,34,5,5,29,29,16,Train/16/00016_00005_00015.png
client_3,3070,50,48,6,5,44,42,2,Train/2/00002_00009_00010.png
client_3,11180,50,55,5,6,45,50,7,Train/7/00007_00015_00020.png
client_3,3425,31,31,6,6,26,26,2,Train/2/00002_00021_00005.png
client_3,13879,59,59,6,6,54,54,9,Train/9/00009_00010_00019.png
client_3,17457,109,97,9,9,100,89,11,Train/11/00011_00013_00027.png
client_3,33641,32,44,5,6,27,38,33,Train/33/00033_00018_00011.png
client_3,35369,28,29,5,6,23,24,35,Train/35/00035_00039_00000.png
client_3,28441,36,39,6,6,31,34,24,Train/24/00024_00008_00001.png
client_3,30894,105,89,10,8,96,82,28,Train/28/00028_00002_00024.png
client_3,35284,29,31,5,6,24,26,35,Train/35/00035_00036_00005.png
client_3,31413,38,36,5,5,33,31,29,Train/29/00029_00002_00003.png
client_3,11610,27,25,5,5,21,20,7,Train/7/00007_00030_00000.png
client_3,35128,83,76,7,6,76,70,35,Train/35/00035_00030_00029.png
client_3,2906,69,70,6,6,63,64,2,Train/2/00002_00003_00026.png
client_3,7064,35,35,6,6,30,30,4,Train/4/00004_00020_00014.png
client_3,13695,37,38,5,6,32,33,9,Train/9/00009_00004_00015.png
client_3,33850,35,34,6,5,30,28,34,Train/34/00034_00002_00011.png
client_3,27826,43,37,5,5,37,32,23,Train/23/00023_00004_00016.png
client_3,7264,31,30,6,5,26,25,4,Train/4/00004_00027_00004.png
client_3,3417,59,64,5,5,54,59,2,Train/2/00002_00020_00027.png
client_3,3420,28,29,5,6,23,24,2,Train/2/00002_00021_00000.png
client_3,24320,39,40,5,5,34,35,16,Train/16/00016_00009_00020.png
client_3,14334,61,61,5,5,56,56,9,Train/9/00009_00025_00024.png
client_3,3690,33,30,5,5,28,25,2,Train/2/00002_00030_00000.png
client_3,14072,27,29,5,5,22,24,9,Train/9/00009_00017_00002.png
client_3,38658,46,46,5,6,41,41,40,Train/40/00040_00009_00019.png
client_3,4933,30,31,6,6,25,26,2,Train/2/00002_00071_00013.png
client_3,38404,32,33,5,6,27,28,40,Train/40/00040_00001_00005.png
client_3,14790,28,29,6,6,23,24,9,Train/9/00009_00041_00000.png
client_3,18441,64,69,5,7,59,63,12,Train/12/00012_00002_00021.png
client_3,13844,41,41,6,5,36,36,9,Train/9/00009_00009_00014.png
client_3,20053,46,46,6,6,41,41,12,Train/12/00012_00056_00013.png
client_3,1007,41,41,5,5,35,35,1,Train/1/00001_00014_00017.png
client_3,29491,47,45,6,5,42,40,25,Train/25/00025_00034_00001.png
client_3,29014,33,30,5,5,28,25,25,Train/25/00025_00018_00004.png
client_3,33910,59,59,5,5,54,54,34,Train/34/00034_00004_00011.png
client_3,3192,33,36,5,6,28,30,2,Train/2/00002_00013_00012.png
client_3,18793,41,39,5,6,36,34,12,Train/12/00012_00014_00013.png
client_3,27797,81,71,8,7,73,64,23,Train/23/00023_00003_00017.png
client_3,13238,38,37,6,5,33,32,8,Train/8/00008_00036_00008.png
client_3,33245,69,67,6,6,62,61,33,Train/33/00033_00005_00005.png
client_3,31001,50,44,6,5,44,39,28,Train/28/00028_00006_00011.png
client_3,27152,34,33,5,6,29,28,21,Train/21/00021_00006_00002.png
client_3,33422,30,31,5,6,25,26,33,Train/33/00033_00011_00002.png
client_3,11927,33,34,5,6,28,29,7,Train/7/00007_00040_00017.png
client_3,6487,42,42,5,5,37,37,4,Train/4/00004_00001_00007.png
client_3,28761,54,52,5,6,49,47,25,Train/25/00025_00009_00021.png
client_3,3283,37,39,5,5,32,34,2,Train/2/00002_00016_00013.png
client_3,4248,36,35,5,6,30,29,2,Train/2/00002_00048_00018.png
client_3,29927,48,52,6,5,43,47,25,Train/25/00025_00048_00017.png
client_3,8460,26,28,5,6,21,23,5,Train/5/00005_00001_00000.png
client_3,27656,69,69,7,7,63,63,22,Train/22/00022_00011_00026.png
client_3,34886,52,53,5,6,47,48,35,Train/35/00035_00022_00027.png
client_3,13975,80,80,8,7,73,73,9,Train/9/00009_00013_00025.png
client_3,6591,85,84,8,8,78,76,4,Train/4/00004_00004_00021.png
client_3,20333,80,81,7,7,73,74,12,Train/12/00012_00065_00023.png
client_3,34775,28,29,6,5,23,23,35,Train/35/00035_00019_00006.png
client_3,35123,58,53,6,5,52,48,35,Train/35/00035_00030_00024.png
client_3,3530,45,47,5,6,40,42,2,Train/2/00002_00024_00020.png
client_3,14044,45,46,6,6,40,41,9,Train/9/00009_00016_00004.png
client_3,37096,67,65,6,6,61,60,38,Train/38/00038_00036_00017.png
client_3,3671,44,43,6,5,39,38,2,Train/2/00002_00029_00011.png
client_3,38328,47,48,6,6,41,42,39,Train/39/00039_00008_00019.png
client_3,4005,33,35,5,6,28,30,2,Train/2/00002_00040_00015.png
client_3,19146,34,34,6,6,29,29,12,Train/12/00012_00026_00006.png
client_3,28010,71,65,7,6,65,60,23,Train/23/00023_00010_00020.png
client_3,14005,70,72,6,6,64,66,9,Train/9/00009_00014_00025.png
client_3,14776,47,46,6,5,41,41,9,Train/9/00009_00040_00016.png
client_3,4417,33,32,6,5,27,26,2,Train/2/00002_00054_00007.png
client_3,13611,49,49,5,6,44,43,9,Train/9/00009_00001_00021.png
client_3,14993,50,54,5,6,45,49,9,Train/9/00009_00047_00023.png
client_3,35469,37,38,5,5,32,32,36,Train/36/00036_00002_00010.png
client_3,33604,31,37,6,5,26,32,33,Train/33/00033_00017_00004.png
client_3,19966,58,49,5,5,53,44,12,Train/12/00012_00053_00016.png
client_3,3286,41,44,5,6,36,39,2,Train/2/00002_00016_00016.png
client_3,19070,49,48,5,5,44,43,12,Train/12/00012_00023_00020.png
client_3,6892,48,51,6,6,43,46,4,Train/4/00004_00014_00022.png
client_3,10049,74,74,6,7,68,68,5,Train/5/00005_00053_00029.png
client_3,4391,36,36,5,6,31,31,2,Train/2/00002_00053_00011.png
client_3,24317,37,37,5,5,32,32,16,Train/16/00016_00009_00017.png
client_3,2791,35,31,5,5,30,26,2,Train/2/00002_00000_00001.png
client_3,38588,33,32,5,5,27,27,40,Train/40/00040_00007_00009.png
client_3,38706,44,47,6,6,39,41,40,Train/40/00040_00011_00007.png
client_3,30923,71,63,7,5,65,58,28,Train/28/00028_00003_00023.png
client_3,18680,63,55,5,6,58,49,12,Train/12/00012_00010_00020.png
client_3,27770,69,62,7,6,63,57,23,Train/23/00023_00002_00020.png
client_3,39070,33,33,6,6,28,28,42,Train/42/00042_00003_00011.png
client_3,19477,47,48,5,6,42,43,12,Train/12/00012_00037_00007.png
client_3,3973,35,36,6,6,30,31,2,Train/2/00002_00039_00013.png
client_3,28060,34,33,6,5,29,28,23,Train/23/00023_00012_00010.png
client_3,13679,71,72,6,7,65,66,9,Train/9/00009_00003_00029.png
client_3,17829,56,51,6,5,51,46,11,Train/11/00011_00026_00009.png
client_3,4581,75,74,6,6,69,68,2,Train/2/00002_00059_00021.png
client_3,7234,41,41,6,6,36,36,4,Train/4/00004_00026_00004.png
client_3,19842,38,37,6,5,33,32,12,Train/12/00012_00049_00012.png
client_3,32867,39,39,5,5,34,34,32,Train/32/00032_00000_00017.png
client_3,18783,34,36,5,6,29,31,12,Train/12/00012_00014_00003.png
client_3,35124,61,57,6,6,56,52,35,Train/35/00035_00030_00025.png
client_3,23241,94,100,8,9,86,92,14,Train/14/00014_00020_00021.png
client_3,8806,45,45,6,6,40,40,5,Train/5/00005_00012_00016.png
client_3,14743,41,41,5,5,36,36,9,Train/9/00009_00039_00013.png
client_3,24297,112,110,10,10,102,100,16,Train/16/00016_00008_00027.png
client_3,29138,49,44,6,5,44,39,25,Train/25/00025_00022_00008.png
client_3,14551,29,26,6,5,24,21,9,Train/9/00009_00033_00001.png
client_3,34992,41,42,5,6,36,37,35,Train/35/00035_00026_00013.png
client_3,2409,37,39,5,5,32,33,1,Train/1/00001_00061_00009.png
client_3,13605,36,38,5,6,31,32,9,Train/9/00009_00001_00015.png
client_3,6462,54,54,6,6,49,49,4,Train/4/00004_00000_00012.png
client_3,14879,112,114,10,10,102,104,9,Train/9/00009_00043_00029.png
client_3,13867,41,41,6,6,36,36,9,Train/9/00009_00010_00007.png
client_3,39030,29,30,5,6,24,25,42,Train/42/00042_00002_00001.png
client_3,29917,36,42,6,6,31,37,25,Train/25/00025_00048_00007.png
client_3,11159,149,144,13,12,137,132,7,Train/7/00007_00014_00029.png
client_3,35811,47,47,5,6,42,42,37,Train/37/00037_00000_00022.png
client_3,39018,47,49,5,6,42,44,42,Train/42/00042_00001_00019.png
client_3,27954,106,97,9,9,97,89,23,Train/23/00023_00008_00024.png
client_3,30993,42,39,6,6,37,34,28,Train/28/00028_00006_00003.png
client_3,33404,36,35,6,5,31,30,33,Train/33/00033_00010_00014.png
client_3,1588,72,69,7,6,66,63,1,Train/1/00001_00033_00028.png
client_3,11702,27,27,6,6,22,22,7,Train/7/00007_00033_00002.png
client_3,24250,30,31,5,6,25,26,16,Train/16/00016_00007_00010.png
client_3,3855,40,39,6,5,35,34,2,Train/2/00002_00035_00015.png
client_3,14257,31,32,6,5,26,27,9,Train/9/00009_00023_00007.png
client_3,6893,50,53,5,5,45,48,4,Train/4/00004_00014_00023.png
client_3,11501,32,32,6,5,27,27,7,Train/7/00007_00026_00011.png
client_3,17873,99,85,9,7,91,78,11,Train/11/00011_00027_00023.png
client_3,29536,43,39,6,5,38,34,25,Train/25/00025_00035_00016.png
client_3,17383,58,53,6,6,52,47,11,Train/11/00011_00011_00013.png
client_3,27892,55,50,5,5,50,45,23,Train/23/00023_00006_00022.png
client_3,18699,46,45,6,5,41,40,12,Train/12/00012_00011_00009.png
client_3,13934,39,42,5,5,34,37,9,Train/9/00009_00012_00014.png
client_3,3084,98,91,9,8,90,83,2,Train/2/00002_00009_00024.png
client_3,33295,93,93,9,9,85,85,33,Train/33/00033_00006_00025.png
client_3,12170,47,50,6,6,42,45,8,Train/8/00008_00000_00020.png
client_3,4791,42,45,6,6,37,40,2,Train/2/00002_00066_00021.png
client_3,37068,44,44,6,5,39,39,38,Train/38/00038_00035_00019.png
client_3,983,64,69,6,7,59,63,1,Train/1/00001_00013_00023.png
client_3,20083,46,48,6,6,41,43,12,Train/12/00012_00057_00013.png
client_3,7748,33,32,6,5,28,27,4,Train/4/00004_00043_00008.png
client_3,18836,61,63,5,5,56,58,12,Train/12/00012_00015_00026.png
client_3,33328,143,151,13,13,130,138,33,Train/33/00033_00007_00028.png
client_3,13758,39,39,5,5,34,34,9,Train/9/00009_00006_00018.png
client_3,1357,57,59,5,6,51,53,1,Train/1/00001_00026_00007.png
client_3,9579,31,33,6,6,26,27,5,Train/5/00005_00038_00009.png
client_3,4626,45,45,6,6,39,39,2,Train/2/00002_00061_00006.png
client_3,24397,30,31,6,6,25,26,16,Train/16/00016_00012_00007.png
client_3,2655,43,43,5,5,38,38,1,Train/1/00001_00069_00015.png
client_3,38847,70,71,6,7,64,65,41,Train/41/00041_00003_00028.png
client_3,14802,32,34,5,6,27,29,9,Train/9/00009_00041_00012.png
client_3,7474,31,30,6,5,26,25,4,Train/4/00004_00034_00004.png
client_3,34180,41,42,5,6,36,37,34,Train/34/00034_00013_00011.png
client_3,14178,31,30,6,5,26,25,9,Train/9/00009_00020_00018.png
client_3,28052,27,26,6,5,22,21,23,Train/23/00023_00012_00002.png
client_3,6921,40,39,6,6,35,34,4,Train/4/00004_00015_00021.png
client_3,28865,31,31,6,6,26,26,25,Train/25/00025_00013_00005.png
client_3,29038,111,100,10,9,102,92,25,Train/25/00025_00018_00028.png
client_3,33933,30,32,6,6,25,26,34,Train/34/00034_00005_00004.png
client_3,29896,94,85,8,8,86,78,25,Train/25/00025_00047_00016.png
client_3,27112,52,45,6,5,47,40,21,Train/21/00021_00004_00022.png
client_3,28147,45,42,6,6,40,37,23,Train/23/00023_00015_00007.png
client_3,5096,49,50,5,6,44,44,3,Train/3/00003_00001_00026.png
client_3,18876,36,36,6,6,31,31,12,Train/12/00012_00017_00006.png
client_3,39098,36,35,6,5,31,30,42,Train/42/00042_00004_00009.png
client_3,34549,41,42,5,5,36,37,35,Train/35/00035_00011_00020.png
client_3,29258,38,37,5,5,33,32,25,Train/25/00025_00026_00008.png
client_3,2535,41,42,6,6,35,37,1,Train/1/00001_00065_00015.png
client_3,28808,67,72,6,7,61,66,25,Train/25/00025_00011_00008.png
client_3,3177,124,117,10,10,114,107,2,Train/2/00002_00012_00027.png
client_3,13961,41,41,6,6,36,36,9,Train/9/00009_00013_00011.png
client_3,14488,69,69,7,6,63,63,9,Train/9/00009_00030_00028.png
client_3,7521,55,56,6,6,50,51,4,Train/4/00004_00035_00021.png
client_3,36717,108,112,9,10,99,103,38,Train/38/00038_00023_00028.png
client_3,29196,44,43,6,6,39,38,25,Train/25/00025_00024_00006.png
client_3,18009,46,45,6,5,40,40,11,Train/11/00011_00032_00009.png
client_3,24269,57,55,6,5,51,50,16,Train/16/00016_00007_00029.png
client_3,8757,58,59,6,6,53,54,5,Train/5/00005_00010_00027.png
client_3,14302,53,58,6,5,48,52,9,Train/9/00009_00024_00022.png
client_3,36820,31,30,6,5,26,25,38,Train/38/00038_00027_00011.png
client_3,6468,56,55,6,5,51,50,4,Train/4/00004_00000_00018.png
client_3,27009,40,37,6,6,35,32,21,Train/21/00021_00001_00009.png
client_3,31193,64,59,6,5,59,54,28,Train/28/00028_00012_00023.png
client_3,7710,26,25,6,5,21,20,4,Train/4/00004_00042_00000.png
client_3,17637,56,54,6,6,51,49,11,Train/11/00011_00019_00027.png
client_3,19757,40,41,5,5,35,36,12,Train/12/00012_00046_00017.png
client_3,4851,51,49,6,5,46,44,2,Train/2/00002_00068_00021.png
client_3,2851,26,27,5,5,21,22,2,Train/2/00002_00002_00001.png
client_3,14031,43,43,5,5,38,38,9,Train/9/00009_00015_00021.png
client_3,33818,33,32,5,5,28,26,34,Train/34/00034_00001_00009.png
client_3,35991,69,75,6,7,62,68,37,Train/37/00037_00006_00022.png
client_3,7632,41,42,5,6,36,37,4,Train/4/00004_00039_00012.png
client_3,2141,36,36,6,5,30,31,1,Train/1/00001_00052_00011.png
client_3,29216,117,105,11,9,107,96,25,Train/25/00025_00024_00026.png
client_3,33544,28,30,6,5,23,25,33,Train/33/00033_00015_00004.png
client_3,39038,31,31,6,6,26,26,42,Train/42/00042_00002_00009.png
client_3,14861,35,33,6,6,30,28,9,Train/9/00009_00043_00011.png
client_3,27871,37,33,6,6,32,28,23,Train/23/00023_00006_00001.png
client_3,28588,231,213,20,19,212,194,25,Train/25/00025_00003_00028.png
client_3,18982,51,51,6,5,46,46,12,Train/12/00012_00020_00022.png
client_3,24321,41,42,6,5,36,37,16,Train/16/00016_00009_00021.png
client_3,6920,39,37,5,5,33,32,4,Train/4/00004_00015_00020.png
client_3,4551,40,40,6,6,35,35,2,Train/2/00002_00058_00021.png
client_3,14117,37,38,5,6,32,32,9,Train/9/00009_00018_00017.png
client_3,4517,43,44,5,6,38,39,2,Train/2/00002_00057_00017.png
client_3,30914,47,43,5,5,42,38,28,Train/28/00028_00003_00014.png
client_3,14563,41,39,6,6,36,34,9,Train/9/00009_00033_00013.png
client_3,13124,36,37,6,5,31,31,8,Train/8/00008_00032_00014.png
client_3,4773,36,38,6,5,30,33,2,Train/2/00002_00066_00003.png
client_3,16698,41,42,5,6,36,37,10,Train/10/00010_00055_00018.png
client_3,4836,31,30,6,5,26,25,2,Train/2/00002_00068_00006.png
client_3,10144,31,32,6,5,26,27,5,Train/5/00005_00057_00004.png
client_3,393,31,31,6,6,26,26,0,Train/0/00000_00001_00003.png
client_3,37559,41,56,6,6,36,51,38,Train/38/00038_00052_00000.png
client_3,4149,30,31,5,6,25,26,2,Train/2/00002_00045_00009.png
client_3,8610,30,31,5,5,25,26,5,Train/5/00005_00006_00000.png
client_3,24324,44,48,5,5,38,42,16,Train/16/00016_00009_00024.png
client_3,38525,57,57,5,6,52,52,40,Train/40/00040_00005_00006.png
client_3,14075,30,31,6,5,25,26,9,Train/9/00009_00017_00005.png
client_3,13587,57,57,5,5,52,52,9,Train/9/00009_00000_00027.png
client_3,14499,30,31,5,6,25,26,9,Train/9/00009_00031_00009.png
client_3,7011,56,60,5,5,51,55,4,Train/4/00004_00018_00021.png
client_3,33407,39,38,5,5,33,33,33,Train/33/00033_00010_00017.png
client_3,33140,48,48,6,5,43,43,33,Train/33/00033_00001_00020.png
client_3,8642,32,31,6,5,26,25,5,Train/5/00005_00007_00002.png
client_3,14989,42,43,5,5,37,38,9,Train/9/00009_00047_00019.png
client_3,14212,58,61,5,6,53,56,9,Train/9/00009_00021_00022.png
client_3,27274,29,28,6,5,24,23,21,Train/21/00021_00010_00004.png
client_3,14757,41,41,5,5,36,36,9,Train/9/00009_00039_00027.png
client_3,14186,30,31,6,5,25,26,9,Train/9/00009_00020_00026.png
client_3,35908,80,75,7,7,72,69,37,Train/37/00037_00003_00029.png
client_3,38971,29,29,6,6,24,24,42,Train/42/00042_00000_00002.png
client_3,3271,27,29,5,5,22,24,2,Train/2/00002_00016_00001.png
client_3,4622,40,40,6,5,35,34,2,Train/2/00002_00061_00002.png
client_3,28879,48,47,5,6,43,42,25,Train/25/00025_00013_00019.png
client_3,27406,54,50,5,6,49,45,22,Train/22/00022_00003_00016.png
client_3,14640,33,33,5,5,28,28,9,Train/9/00009_00036_00000.png
client_3,17750,56,52,5,6,51,47,11,Train/11/00011_00023_00020.png
client_3,38507,69,70,7,7,63,64,40,Train/40/00040_00004_00018.png
client_3,15290,50,51,5,6,45,46,10,Train/10/00010_00008_00020.png
client_3,19419,41,40,6,5,36,35,12,Train/12/00012_00035_00009.png
client_3,4893,30,31,5,6,25,26,2,Train/2/00002_00070_00003.png
client_3,13723,35,36,5,6,29,30,9,Train/9/00009_00005_00013.png
client_3,13656,30,30,6,6,25,25,9,Train/9/00009_00003_00006.png
client_3,24064,40,44,5,5,35,39,16,Train/16/00016_00001_00004.png
client_3,20161,40,40,5,5,35,35,12,Train/12/00012_00060_00001.png
client_3,19476,46,45,6,5,41,40,12,Train/12/00012_00037_00006.png
client_3,3344,38,37,6,5,33,32,2,Train/2/00002_00018_00014.png
client_3,4957,29,29,6,5,23,24,2,Train/2/00002_00072_00007.png
client_3,13912,65,68,6,7,60,62,9,Train/9/00009_00011_00022.png
client_3,8574,54,58,5,6,49,52,5,Train/5/00005_00004_00024.png
client_3,38900,44,43,6,5,39,38,41,Train/41/00041_00005_00021.png
client_3,14782,51,52,6,5,46,47,9,Train/9/00009_00040_00022.png
client_3,6828,47,45,6,5,42,40,4,Train/4/00004_00012_00018.png
client_3,14728,56,60,5,5,51,55,9,Train/9/00009_00038_00028.png
client_3,33455,37,35,6,6,31,29,33,Train/33/00033_00012_00005.png
client_3,14368,133,130,11,12,122,119,9,Train/9/00009_00026_00028.png
client_3,4137,92,88,8,7,84,80,2,Train/2/00002_00044_00027.png
client_3,28298,58,55,5,5,53,50,24,Train/24/00024_00003_00008.png
client_3,33588,45,50,5,6,40,45,33,Train/33/00033_00016_00018.png
client_3,19229,123,124,10,11,113,114,12,Train/12/00012_00028_00029.png
client_3,33413,49,51,5,6,44,45,33,Train/33/00033_00010_00023.png
client_3,4876,30,30,6,5,25,25,2,Train/2/00002_00069_00016.png
client_3,27038,35,33,5,5,30,28,21,Train/21/00021_00002_00008.png
client_3,34715,38,38,6,5,33,33,35,Train/35/00035_00017_00006.png
client_3,29851,38,39,5,5,33,34,25,Train/25/00025_00046_00001.png
client_3,8548,50,51,6,6,45,46,5,Train/5/00005_00003_00028.png
client_3,18422,33,34,6,6,28,29,12,Train/12/00012_00002_00002.png
client_3,19462,76,76,6,6,70,70,12,Train/12/00012_00036_00022.png
client_3,20382,40,39,6,6,35,34,12,Train/12/00012_00067_00012.png
client_3,8351,33,33,6,6,28,28,4,Train/4/00004_00063_00011.png
client_3,14723,47,51,5,5,42,45,9,Train/9/00009_00038_00023.png
client_3,13933,39,40,5,5,33,35,9,Train/9/00009_00012_00013.png
client_3,18877,36,36,5,5,31,31,12,Train/12/00012_00017_00007.png
client_3,18435,48,51,6,6,43,46,12,Train/12/00012_00002_00015.png
client_3,29683,47,43,5,5,42,38,25,Train/25/00025_00040_00013.png
client_3,39206,58,62,5,6,53,57,42,Train/42/00042_00007_00027.png
client_3,4238,32,31,5,5,26,25,2,Train/2/00002_00048_00008.png
client_3,3156,48,47,6,6,43,42,2,Train/2/00002_00012_00006.png
client_3,39014,39,40,6,6,34,35,42,Train/42/00042_00001_00015.png
client_3,39120,27,25,5,5,21,20,42,Train/42/00042_00005_00001.png
client_3,38564,54,54,5,5,49,49,40,Train/40/00040_00006_00015.png
client_3,38961,52,52,6,6,47,47,41,Train/41/00041_00007_00022.png
client_3,7028,38,37,6,5,33,32,4,Train/4/00004_00019_00008.png
client_3,33125,27,28,5,6,22,23,33,Train/33/00033_00001_00005.png
client_3,33777,58,57,6,5,53,51,33,Train/33/00033_00022_00028.png
client_3,27550,33,31,5,5,27,26,22,Train/22/00022_00008_00010.png
client_3,34162,38,38,5,6,33,33,34,Train/34/00034_00012_00023.png
client_3,19988,35,37,5,5,30,31,12,Train/12/00012_00054_00008.png
client_3,6572,44,44,5,5,39,39,4,Train/4/00004_00004_00002.png
client_3,13604,36,35,6,5,31,30,9,Train/9/00009_00001_00014.png
client_3,35700,30,30,5,5,25,25,36,Train/36/00036_00010_00001.png
client_3,7735,57,56,6,6,52,51,4,Train/4/00004_00042_00025.png
client_3,17690,52,46,6,6,47,41,11,Train/11/00011_00021_00020.png
client_3,31451,50,46,5,6,44,40,29,Train/29/00029_00003_00011.png
client_3,14234,41,41,6,5,36,36,9,Train/9/00009_00022_00014.png
client_3,27125,34,31,6,5,29,26,21,Train/21/00021_00005_00005.png
client_3,17812,62,58,6,5,57,53,11,Train/11/00011_00025_00022.png
client_3,13914,80,81,8,8,73,74,9,Train/9/00009_00011_00024.png
client_3,38607,91,100,8,8,83,92,40,Train/40/00040_00007_00028.png
client_3,14564,43,39,6,5,37,34,9,Train/9/00009_00033_00014.png
client_3,1009,44,44,5,5,39,39,1,Train/1/00001_00014_00019.png
client_3,2891,54,53,5,5,49,48,2,Train/2/00002_00003_00011.png
client_3,24186,29,30,5,6,24,25,16,Train/16/00016_00005_00006.png
client_3,8426,55,55,5,5,50,50,4,Train/4/00004_00065_00026.png
client_3,29026,48,46,5,5,42,40,25,Train/25/00025_00018_00016.png
client_3,7730,45,45,5,5,40,40,4,Train/4/00004_00042_00020.png
client_3,13711,27,26,6,5,22,21,9,Train/9/00009_00005_00001.png
client_3,14944,46,44,5,6,40,39,9,Train/9/00009_00046_00004.png
client_3,9314,36,36,6,5,31,31,5,Train/5/00005_00029_00014.png
client_3,6962,29,30,5,5,24,25,4,Train/4/00004_00017_00002.png
client_3,32957,38,38,5,5,32,33,32,Train/32/00032_00003_00017.png
client_3,15002,26,28,5,6,21,23,9,Train/9/00009_00048_00002.png
client_3,13709,81,82,8,8,74,74,9,Train/9/00009_00004_00029.png
client_3,14427,107,103,10,9,98,94,9,Train/9/00009_00028_00027.png
client_3,28206,31,29,5,6,26,24,24,Train/24/00024_00000_00006.png
client_3,3914,37,38,5,5,32,33,2,Train/2/00002_00037_00014.png
client_3,27231,96,75,8,6,88,69,21,Train/21/00021_00008_00021.png
client_3,3898,76,80,7,8,70,73,2,Train/2/00002_00036_00028.png
client_3,27930,39,40,5,6,34,35,23,Train/23/00023_00008_00000.png
client_3,35524,33,33,6,6,28,28,36,Train/36/00036_00004_00005.png
client_3,24349,46,46,5,6,41,41,16,Train/16/00016_00010_00019.png
client_3,34936,39,42,5,6,34,37,35,Train/35/00035_00024_00017.png
client_3,28484,57,56,6,6,52,51,25,Train/25/00025_00000_00014.png
client_3,14413,52,52,5,5,47,47,9,Train/9/00009_00028_00013.png
client_3,10043,50,49,6,6,45,44,5,Train/5/00005_00053_00023.png
client_3,24075,55,58,5,5,50,53,16,Train/16/00016_00001_00015.png
client_3,36183,61,75,5,7,55,68,38,Train/38/00038_00006_00004.png
client_3,33147,86,89,8,8,79,82,33,Train/33/00033_00001_00027.png
client_3,27333,31,30,5,6,26,25,22,Train/22/00022_00001_00003.png
client_3,14238,45,47,5,6,40,42,9,Train/9/00009_00022_00018.png
client_3,17523,39,39,5,6,34,34,11,Train/11/00011_00016_00003.png
client_3,34049,30,32,6,6,25,27,34,Train/34/00034_00009_00000.png
client_3,8366,64,63,6,5,59,58,4,Train/4/00004_00063_00026.png
client_3,27174,68,61,7,6,62,56,21,Train/21/00021_00006_00024.png
client_3,20728,70,107,6,9,64,98,13,Train/13/00013_00008_00028.png
client_3,7891,30,30,5,6,24,25,4,Train/4/00004_00048_00001.png
client_3,39071,33,34,5,6,28,29,42,Train/42/00042_00003_00012.png
client_3,13734,54,54,5,5,48,49,9,Train/9/00009_00005_00024.png
client_3,3648,41,42,5,6,36,37,2,Train/2/00002_00028_00018.png
client_3,23340,26,27,6,6,21,21,14,Train/14/00014_00024_00000.png
client_3,29489,107,98,9,8,98,90,25,Train/25/00025_00033_00029.png
client_3,14130,27,29,6,6,22,24,9,Train/9/00009_00019_00000.png
client_3,4620,38,39,5,6,33,34,2,Train/2/00002_00061_00000.png
client_3,34377,64,64,5,5,59,59,35,Train/35/00035_00005_00028.png
client_3,4610,82,81,8,7,75,74,2,Train/2/00002_00060_00020.png
client_3,34779,31,33,6,6,26,27,35,Train/35/00035_00019_00010.png
client_3,6607,49,48,5,5,43,43,4,Train/4/00004_00005_00007.png
client_3,13818,38,37,6,5,33,32,9,Train/9/00009_00008_00018.png
client_3,38644,28,29,5,6,22,24,40,Train/40/00040_00009_00005.png
client_3,19500,30,30,5,5,25,25,12,Train/12/00012_00038_00000.png
client_3,14239,48,48,6,6,43,43,9,Train/9/00009_00022_00019.png
client_3,33237,83,87,7,7,76,80,33,Train/33/00033_00004_00027.png
client_3,31262,31,30,5,5,26,25,28,Train/28/00028_00015_00002.png
client_3,8199,31,32,5,5,26,27,4,Train/4/00004_00058_00009.png
client_3,18421,32,32,6,5,26,27,12,Train/12/00012_00002_00001.png
client_3,24271,58,56,6,5,53,51,16,Train/16/00016_00008_00001.png
client_3,3710,47,41,5,5,42,36,2,Train/2/00002_00030_00020.png
client_3,3867,76,75,7,6,70,69,2,Train/2/00002_00035_00027.png
client_3,27178,110,100,9,8,101,91,21,Train/21/00021_00006_00028.png
client_3,18522,56,55,6,5,51,50,12,Train/12/00012_00005_00012.png
client_3,10106,51,54,6,6,46,49,5,Train/5/00005_00055_00026.png
client_3,4072,48,47,6,5,43,42,2,Train/2/00002_00042_00022.png
client_3,3600,28,28,6,6,23,23,2,Train/2/00002_00027_00000.png
client_3,24282,69,68,7,6,63,62,16,Train/16/00016_00008_00012.png
client_3,30650,62,58,5,5,57,52,27,Train/27/00027_00002_00020.png
client_3,3339,33,32,6,5,27,26,2,Train/2/00002_00018_00009.png
client_3,3794,33,35,6,6,28,30,2,Train/2/00002_00033_00014.png
client_3,5029,41,42,5,5,36,37,2,Train/2/00002_00074_00019.png
client_3,19974,78,64,7,6,71,58,12,Train/12/00012_00053_00024.png
client_3,3679,58,57,5,5,53,52,2,Train/2/00002_00029_00019.png
client_3,37485,35,34,6,5,30,29,38,Train/38/00038_00049_00016.png
client_3,14264,35,36,5,5,30,31,9,Train/9/00009_00023_00014.png
client_3,13898,38,37,6,5,33,32,9,Train/9/00009_00011_00008.png
client_3,13701,45,46,5,6,40,41,9,Train/9/00009_00004_00021.png
client_3,3566,67,69,6,6,61,63,2,Train/2/00002_00025_00026.png
client_3,14498,30,30,6,6,25,25,9,Train/9/00009_00031_00008.png
client_3,34928,35,35,6,5,30,30,35,Train/35/00035_00024_00009.png
client_3,14842,73,74,6,7,67,68,9,Train/9/00009_00042_00022.png
client_3,31195,76,72,7,7,70,66,28,Train/28/00028_00012_00025.png
client_3,14825,35,35,5,5,29,30,9,Train/9/00009_00042_00005.png
client_3,20216,80,79,8,7,73,72,12,Train/12/00012_00061_00026.png
client_3,8841,46,46,5,5,41,41,5,Train/5/00005_00013_00021.png
client_3,39061,29,27,6,6,23,22,42,Train/42/00042_00003_00002.png
client_3,31433,65,58,6,5,60,53,29,Train/29/00029_00002_00023.png
client_3,4378,131,127,11,11,120,116,2,Train/2/00002_00052_00028.png
client_3,8130,28,28,6,5,23,23,4,Train/4/00004_00056_00000.png
client_3,31497,101,97,9,9,93,88,29,Train/29/00029_00004_00027.png
client_3,9528,43,41,6,5,38,36,5,Train/5/00005_00036_00018.png
client_3,711,39,39,5,5,34,34,1,Train/1/00001_00004_00021.png
client_3,39179,27,28,5,6,22,23,42,Train/42/00042_00007_00000.png
client_3,14230,36,37,5,6,31,32,9,Train/9/00009_00022_00010.png
client_3,4930,29,29,5,5,24,24,2,Train/2/00002_00071_00010.png
client_3,28053,27,25,6,5,22,20,23,Train/23/00023_00012_00003.png
client_3,19597,31,31,5,5,26,26,12,Train/12/00012_00041_00007.png
client_3,27379,61,57,6,5,56,52,22,Train/22/00022_00002_00019.png
client_3,6664,30,32,5,6,25,26,4,Train/4/00004_00007_00004.png
client_3,8803,40,39,6,5,35,34,5,Train/5/00005_00012_00013.png
client_3,39004,29,29,5,5,24,24,42,Train/42/00042_00001_00005.png
client_3,13601,33,33,6,6,28,28,9,Train/9/00009_00001_00011.png
client_3,747,62,62,5,6,57,57,1,Train/1/00001_00005_00027.png
client_3,14594,37,36,6,6,32,31,9,Train/9/00009_00034_00014.png
client_3,34448,49,47,5,5,43,42,35,Train/35/00035_00008_00009.png
client_3,3260,84,84,7,8,76,76,2,Train/2/00002_00015_00020.png
client_3,3238,112,110,10,9,103,101,2,Train/2/00002_00014_00028.png
client_3,19807,42,45,6,5,37,40,12,Train/12/00012_00048_00007.png
client_3,31341,69,63,6,6,63,58,28,Train/28/00028_00017_00021.png
client_3,31431,60,56,6,6,55,51,29,Train/29/00029_00002_00021.png
client_3,14805,35,37,5,6,30,32,9,Train/9/00009_00041_00015.png
client_3,6261,38,40,5,6,33,35,3,Train/3/00003_00040_00021.png
client_3,27673,43,42,5,6,38,37,22,Train/22/00022_00012_00013.png
client_3,14356,72,70,6,6,65,63,9,Train/9/00009_00026_00016.png
client_3,35483,69,70,6,7,63,64,36,Train/36/00036_00002_00024.png
client_3,31095,50,45,6,5,45,40,28,Train/28/00028_00009_00015.png
client_3,31198,113,105,9,10,103,95,28,Train/28/00028_00012_00028.png
client_3,28080,42,39,5,5,37,34,23,Train/23/00023_00013_00000.png
client_3,14857,31,30,6,6,26,25,9,Train/9/00009_00043_00007.png
client_3,2043,34,33,6,5,29,28,1,Train/1/00001_00049_00003.png
client_3,9305,28,30,5,6,23,25,5,Train/5/00005_00029_00005.png
client_3,14297,43,46,5,5,37,41,9,Train/9/00009_00024_00017.png
client_3,20232,42,41,6,5,37,36,12,Train/12/00012_00062_00012.png
client_3,18644,40,40,5,5,35,35,12,Train/12/00012_00009_00014.png
client_3,11392,67,68,6,7,61,62,7,Train/7/00007_00022_00022.png
client_3,13538,30,32,5,6,24,26,8,Train/8/00008_00046_00008.png
client_3,28189,58,56,6,6,53,51,23,Train/23/00023_00016_00019.png
client_3,13628,43,43,5,5,38,37,9,Train/9/00009_00002_00008.png
client_3,9975,43,43,6,6,37,37,5,Train/5/00005_00051_00015.png
client_3,9831,58,59,5,6,53,54,5,Train/5/00005_00046_00021.png
client_3,4027,28,27,6,5,23,22,2,Train/2/00002_00041_00007.png
client_3,33552,34,39,6,6,29,34,33,Train/33/00033_00015_00012.png
client_3,33219,33,36,5,6,28,31,33,Train/33/00033_00004_00009.png
client_3,3054,53,54,5,5,48,49,2,Train/2/00002_00008_00024.png
client_3,20255,28,28,6,5,23,23,12,Train/12/00012_00063_00005.png
client_3,24045,75,76,6,6,69,70,16,Train/16/00016_00000_00015.png
client_3,2164,53,56,5,5,48,51,1,Train/1/00001_00053_00004.png
client_3,2733,37,37,5,5,32,32,1,Train/1/00001_00072_00003.png
client_3,19368,49,56,5,5,44,51,12,Train/12/00012_00033_00018.png
client_3,19914,50,52,5,6,45,47,12,Train/12/00012_00051_00024.png
client_3,10870,41,41,6,6,36,36,7,Train/7/00007_00005_00010.png
client_3,28183,51,49,6,5,46,44,23,Train/23/00023_00016_00013.png
client_3,13959,37,39,5,6,32,34,9,Train/9/00009_00013_00009.png
client_3,29520,26,25,5,5,21,20,25,Train/25/00025_00035_00000.png
client_3,27981,60,56,5,6,55,51,23,Train/23/00023_00009_00021.png
client_3,33494,54,53,6,6,49,48,33,Train/33/00033_00013_00014.png
client_3,19241,49,47,6,6,44,42,12,Train/12/00012_00029_00011.png
client_3,22971,65,66,6,6,60,60,14,Train/14/00014_00011_00021.png
client_3,4048,53,55,6,5,47,50,2,Train/2/00002_00041_00028.png
client_3,2799,40,36,6,5,35,31,2,Train/2/00002_00000_00009.png
client_3,27631,33,33,5,6,28,28,22,Train/22/00022_00011_00001.png
client_3,32891,33,33,5,6,28,28,32,Train/32/00032_00001_00011.png
client_3,14783,51,54,6,5,46,48,9,Train/9/00009_00040_00023.png
client_3,2881,49,49,6,6,44,44,2,Train/2/00002_00003_00001.png
client_3,20606,94,81,9,7,86,74,13,Train/13/00013_00004_00026.png
client_3,39053,40,43,5,6,35,38,42,Train/42/00042_00002_00024.png
client_3,29970,30,29,6,6,25,24,26,Train/26/00026_00000_00000.png
client_3,27720,62,60,6,6,57,55,23,Train/23/00023_00001_00000.png
client_3,24446,86,85,7,7,78,78,16,Train/16/00016_00013_00026.png
client_3,14141,33,32,6,5,28,27,9,Train/9/00009_00019_00011.png
client_3,14971,30,31,5,6,25,26,9,Train/9/00009_00047_00001.png
client_3,14001,56,58,5,6,51,53,9,Train/9/00009_00014_00021.png
client_3,34723,46,48,5,5,41,42,35,Train/35/00035_00017_00014.png
client_3,11320,34,35,5,5,28,29,7,Train/7/00007_00020_00010.png
client_3,14315,31,31,5,5,26,26,9,Train/9/00009_00025_00005.png
client_3,14391,48,46,6,6,43,41,9,Train/9/00009_00027_00021.png
client_3,39022,61,60,6,6,56,55,42,Train/42/00042_00001_00023.png
client_3,28408,156,139,13,12,143,127,24,Train/24/00024_00006_00028.png
client_3,31416,40,38,5,5,35,33,29,Train/29/00029_00002_00006.png
client_3,31530,29,29,5,6,24,24,29,Train/29/00029_00006_00000.png
client_3,27530,69,65,6,6,63,60,22,Train/22/00022_00007_00020.png
client_3,17303,94,86,8,7,86,79,11,Train/11/00011_00008_00023.png
client_3,3151,43,43,5,6,37,37,2,Train/2/00002_00012_00001.png
client_3,27284,42,38,6,5,37,33,21,Train/21/00021_00010_00014.png
client_3,14798,31,32,5,6,26,27,9,Train/9/00009_00041_00008.png
client_3,33231,54,57,5,5,49,52,33,Train/33/00033_00004_00021.png
client_3,20441,56,58,5,6,51,53,12,Train/12/00012_00069_00011.png
client_3,14275,48,50,6,5,43,45,9,Train/9/00009_00023_00025.png
client_3,24138,45,44,6,5,40,39,16,Train/16/00016_00003_00018.png
client_3,19346,72,81,7,7,66,74,12,Train/12/00012_00032_00026.png
client_3,2746,69,69,7,7,63,63,1,Train/1/00001_00072_00016.png
client_3,38442,42,43,5,6,37,38,40,Train/40/00040_00002_00013.png
client_3,13780,34,33,6,6,29,28,9,Train/9/00009_00007_00010.png
client_3,7785,38,39,6,5,33,34,4,Train/4/00004_00044_00015.png
client_3,18457,40,41,5,5,35,36,12,Train/12/00012_00003_00007.png
client_3,9909,33,35,5,6,28,30,5,Train/5/00005_00049_00009.png
client_3,11838,41,41,6,6,36,36,7,Train/7/00007_00037_00018.png
client_3,28688,64,57,5,5,59,52,25,Train/25/00025_00007_00008.png
client_3,33338,53,54,6,6,48,49,33,Train/33/00033_00008_00008.png
client_3,13990,39,39,5,5,34,34,9,Train/9/00009_00014_00010.png
client_3,27024,72,60,7,5,66,55,21,Train/21/00021_00001_00024.png
client_3,4252,38,37,5,5,33,31,2,Train/2/00002_00048_00022.png
client_3,39182,31,31,6,5,26,26,42,Train/42/00042_00007_00003.png
client_3,29677,37,35,5,5,32,30,25,Train/25/00025_00040_00007.png
client_3,9012,37,38,5,6,32,33,5,Train/5/00005_00019_00012.png
client_3,38600,49,51,6,5,44,46,40,Train/40/00040_00007_00021.png
client_3,23261,42,44,6,5,36,38,14,Train/14/00014_00021_00011.png
client_3,14291,36,39,6,6,31,34,9,Train/9/00009_00024_00011.png
client_3,35172,38,37,6,5,32,31,35,Train/35/00035_00032_00013.png
client_3,6638,34,33,6,5,29,28,4,Train/4/00004_00006_00008.png
client_3,3816,32,34,5,6,27,29,2,Train/2/00002_00034_00006.png
client_3,18745,92,94,8,8,84,86,12,Train/12/00012_00012_00025.png
client_3,7837,33,33,6,6,28,28,4,Train/4/00004_00046_00007.png
client_3,31028,62,55,5,5,56,49,28,Train/28/00028_00007_00008.png
client_3,33839,29,27,6,5,24,22,34,Train/34/00034_00002_00000.png
client_3,13519,50,50,5,5,45,45,8,Train/8/00008_00045_00019.png
client_3,8563,35,38,5,6,30,33,5,Train/5/00005_00004_00013.png
client_3,9343,38,38,6,6,33,33,5,Train/5/00005_00030_00013.png
client_3,31027,62,54,6,6,57,49,28,Train/28/00028_00007_00007.png
client_3,17509,43,42,5,5,37,37,11,Train/11/00011_00015_00019.png
client_3,19542,47,46,6,5,42,41,12,Train/12/00012_00039_00012.png
client_3,34430,53,54,5,6,48,49,35,Train/35/00035_00007_00021.png
client_3,38970,29,27,6,5,23,22,42,Train/42/00042_00000_00001.png
client_3,894,57,56,6,5,52,51,1,Train/1/00001_00010_00024.png
client_3,19893,32,32,6,6,27,27,12,Train/12/00012_00051_00003.png
client_3,37617,50,50,5,5,45,45,38,Train/38/00038_00053_00028.png
client_3,18370,33,37,6,6,27,31,12,Train/12/00012_00000_00010.png
client_3,13982,33,34,5,5,28,29,9,Train/9/00009_00014_00002.png
client_3,3674,48,47,6,5,43,42,2,Train/2/00002_00029_00014.png
client_3,13855,75,74,7,6,69,68,9,Train/9/00009_00009_00025.png
client_3,20369,68,75,6,6,62,69,12,Train/12/00012_00066_00029.png
client_3,34592,28,28,6,6,23,23,35,Train/35/00035_00013_00003.png
client_3,19698,48,47,6,5,43,42,12,Train/12/00012_00044_00018.png
client_3,18631,33,32,6,6,28,27,12,Train/12/00012_00009_00001.png
client_3,14088,44,48,6,6,39,43,9,Train/9/00009_00017_00018.png
client_3,4945,42,42,6,6,37,37,2,Train/2/00002_00071_00025.png
client_3,31163,54,49,6,5,49,44,28,Train/28/00028_00011_00023.png
client_3,27050,51,47,5,6,46,42,21,Train/21/00021_00002_00020.png
client_3,3095,29,28,6,6,24,23,2,Train/2/00002_00010_00005.png
client_3,27623,49,47,6,5,44,42,22,Train/22/00022_00010_00023.png
client_3,34091,37,40,6,5,31,35,34,Train/34/00034_00010_00012.png
client_3,34858,152,146,14,13,139,134,35,Train/35/00035_00021_00029.png
client_3,30248,35,34,6,6,30,28,26,Train/26/00026_00009_00008.png
client_3,14996,54,58,5,5,49,53,9,Train/9/00009_00047_00026.png
client_3,35348,31,33,5,6,26,28,35,Train/35/00035_00038_00009.png
client_3,27411,67,59,6,6,61,54,22,Train/22/00022_00003_00021.png
client_3,3823,37,38,5,6,32,33,2,Train/2/00002_00034_00013.png
client_3,28007,60,55,5,5,55,50,23,Train/23/00023_00010_00017.png
client_3,4650,33,33,5,6,28,28,2,Train/2/00002_00062_00000.png
client_3,12616,41,38,6,5,36,33,8,Train/8/00008_00015_00016.png
client_3,19250,60,58,5,6,55,53,12,Train/12/00012_00029_00020.png
client_3,4242,34,33,5,6,29,28,2,Train/2/00002_00048_00012.png
client_3,38703,44,45,6,6,38,40,40,Train/40/00040_00011_00004.png
client_3,35088,50,53,5,6,45,48,35,Train/35/00035_00029_00019.png
client_3,19259,94,89,8,8,86,82,12,Train/12/00012_00029_00029.png
client_3,3752,29,28,6,6,24,23,2,Train/2/00002_00032_00002.png
client_3,11918,30,30,6,6,25,25,7,Train/7/00007_00040_00008.png
client_3,3682,70,68,6,6,63,62,2,Train/2/00002_00029_00022.png
client_3,27821,37,34,5,5,32,29,23,Train/23/00023_00004_00011.png
client_3,18785,36,35,6,5,31,30,12,Train/12/00012_00014_00005.png
client_3,14361,87,85,8,8,80,78,9,Train/9/00009_00026_00021.png
client_3,9764,42,42,5,5,36,37,5,Train/5/00005_00044_00014.png
client_3,19014,61,63,6,5,56,58,12,Train/12/00012_00021_00024.png
client_3,3896,68,69,7,7,62,63,2,Train/2/00002_00036_00026.png
client_3,4476,33,33,5,5,28,27,2,Train/2/00002_00056_00006.png
client_3,14586,29,30,5,6,24,25,9,Train/9/00009_00034_00006.png
client_3,14892,37,37,6,6,32,31,9,Train/9/00009_00044_00012.png
client_3,13706,58,58,5,5,53,53,9,Train/9/00009_00004_00026.png
client_3,4429,43,42,5,5,38,37,2,Train/2/00002_00054_00019.png
client_3,27158,37,35,6,5,32,30,21,Train/21/00021_00006_00008.png
client_3,1812,50,50,5,5,45,45,1,Train/1/00001_00041_00012.png
client_3,27626,55,52,6,5,49,47,22,Train/22/00022_00010_00026.png
client_3,7468,87,92,8,8,80,84,4,Train/4/00004_00033_00028.png
client_3,30852,48,42,6,5,42,37,28,Train/28/00028_00001_00012.png
client_3,28085,45,43,6,6,39,37,23,Train/23/00023_00013_00005.png
client_3,8865,40,39,6,5,35,34,5,Train/5/00005_00014_00015.png
client_3,21805,80,70,8,7,73,64,13,Train/13/00013_00044_00025.png
client_3,1631,32,31,6,5,27,26,1,Train/1/00001_00035_00011.png
client_3,24216,77,78,6,7,70,71,16,Train/16/00016_00006_00006.png
client_3,28003,54,50,6,6,49,45,23,Train/23/00023_00010_00013.png
client_3,3143,51,46,5,5,46,41,2,Train/2/00002_00011_00023.png
client_3,34192,53,54,5,6,48,49,34,Train/34/00034_00013_00023.png
client_3,3906,33,33,6,6,28,28,2,Train/2/00002_00037_00006.png
client_3,20458,92,94,8,9,84,86,12,Train/12/00012_00069_00028.png
client_3,4920,26,26,6,6,21,21,2,Train/2/00002_00071_00000.png
client_3,38071,82,81,8,7,75,74,39,Train/39/00039_00000_00002.png
client_3,18242,33,28,6,5,28,23,11,Train/11/00011_00040_00002.png
client_3,31239,42,40,5,5,37,35,28,Train/28/00028_00014_00009.png
client_3,30842,38,34,6,5,33,29,28,Train/28/00028_00001_00002.png
client_3,27264,84,82,8,8,77,75,21,Train/21/00021_00009_00024.png
client_3,2550,34,37,5,6,29,32,1,Train/1/00001_00066_00000.png
client_3,35436,35,33,5,6,29,28,36,Train/36/00036_00001_00007.png
client_3,4728,40,40,5,6,34,34,2,Train/2/00002_00064_00018.png
client_3,19602,34,35,5,6,29,30,12,Train/12/00012_00041_00012.png
client_3,34487,47,46,6,5,42,41,35,Train/35/00035_00009_00018.png
client_3,36606,30,29,6,5,24,24,38,Train/38/00038_00020_00007.png
client_3,28334,44,41,5,5,39,36,24,Train/24/00024_00004_00014.png
client_3,4904,36,37,5,6,31,32,2,Train/2/00002_00070_00014.png
client_3,6639,34,35,6,6,29,30,4,Train/4/00004_00006_00009.png
client_3,17780,57,52,5,6,52,47,11,Train/11/00011_00024_00020.png
client_3,27701,34,34,5,6,29,29,23,Train/23/00023_00000_00011.png
client_3,38447,52,51,6,5,47,46,40,Train/40/00040_00002_00018.png
client_3,33794,48,53,6,6,43,48,34,Train/34/00034_00000_00015.png
client_3,7425,41,42,6,6,36,37,4,Train/4/00004_00032_00015.png
client_3,39205,56,58,5,5,51,53,42,Train/42/00042_00007_00026.png
client_3,29261,43,40,6,5,38,35,25,Train/25/00025_00026_00011.png
client_3,16825,68,70,6,6,62,64,10,Train/10/00010_00059_00025.png
client_3,10223,57,55,6,5,52,50,5,Train/5/00005_00059_00023.png
client_3,27057,72,61,7,5,66,56,21,Train/21/00021_00002_00027.png
client_3,3332,30,29,6,5,25,24,2,Train/2/00002_00018_00002.png
client_3,4562,39,40,5,6,34,35,2,Train/2/00002_00059_00002.png
client_3,14034,43,43,5,5,38,38,9,Train/9/00009_00015_00024.png
client_3,4050,27,27,6,6,22,22,2,Train/2/00002_00042_00000.png
client_3,20036,84,83,8,7,77,76,12,Train/12/00012_00055_00026.png
client_3,23157,104,106,10,9,95,97,14,Train/14/00014_00017_00027.png
client_3,8098,128,135,11,11,117,124,4,Train/4/00004_00054_00028.png
client_3,5035,52,52,5,5,47,47,2,Train/2/00002_00074_00025.png
client_3,19398,88,89,7,8,81,82,12,Train/12/00012_00034_00018.png
client_3,14146,36,37,5,6,31,32,9,Train/9/00009_00019_00016.png
client_3,28179,46,45,5,6,41,40,23,Train/23/00023_00016_00009.png
client_3,9092,35,35,6,6,30,30,5,Train/5/00005_00022_00002.png
client_3,7942,45,46,5,6,40,41,4,Train/4/00004_00049_00022.png
client_3,24259,39,40,5,6,34,35,16,Train/16/00016_00007_00019.png
client_3,38123,49,50,6,6,44,45,39,Train/39/00039_00001_00024.png
client_3,9683,50,54,5,6,45,49,5,Train/5/00005_00041_00023.png
client_3,27016,46,43,6,5,41,38,21,Train/21/00021_00001_00016.png
client_3,33141,50,51,5,5,45,46,33,Train/33/00033_00001_00021.png
client_3,967,47,46,6,5,42,41,1,Train/1/00001_00013_00007.png
client_3,36101,42,44,5,5,37,38,38,Train/38/00038_00003_00012.png
client_3,14983,38,39,6,6,33,34,9,Train/9/00009_00047_00013.png
client_3,4463,54,57,5,6,48,52,2,Train/2/00002_00055_00023.png
client_3,3364,33,33,5,5,28,28,2,Train/2/00002_00019_00004.png
client_3,28096,57,52,6,5,52,47,23,Train/23/00023_00013_00016.png
client_3,18782,34,35,5,6,29,30,12,Train/12/00012_00014_00002.png
client_3,3103,37,36,6,6,32,31,2,Train/2/00002_00010_00013.png
client_3,4886,33,34,6,6,28,29,2,Train/2/00002_00069_00026.png
client_3,31016,94,83,9,7,86,76,28,Train/28/00028_00006_00026.png
client_3,8191,28,29,5,6,23,24,4,Train/4/00004_00058_00001.png
client_3,29017,36,34,6,6,31,28,25,Train/25/00025_00018_00007.png
client_3,8103,35,32,6,5,30,27,4,Train/4/00004_00055_00003.png
client_3,36084,71,72,6,6,65,65,38,Train/38/00038_00002_00025.png
client_3,2830,33,33,6,6,27,28,2,Train/2/00002_00001_00010.png
client_3,3423,29,29,6,6,24,24,2,Train/2/00002_00021_00003.png
client_3,13833,30,32,5,5,25,27,9,Train/9/00009_00009_00003.png
client_3,35314,38,42,6,5,33,36,35,Train/35/00035_00037_00005.png
client_3,14447,50,50,6,6,44,44,9,Train/9/00009_00029_00017.png
client_3,7988,35,33,5,5,29,28,4,Train/4/00004_00051_00008.png
client_3,33133,37,36,6,6,32,31,33,Train/33/00033_00001_00013.png
client_3,27328,129,116,11,11,118,106,22,Train/22/00022_00000_00028.png
client_3,31480,41,40,5,5,35,35,29,Train/29/00029_00004_00010.png
client_3,30858,55,51,6,6,50,46,28,Train/28/00028_00001_00018.png
client_3,33959,27,28,6,5,22,23,34,Train/34/00034_00006_00000.png
client_3,14283,31,33,6,6,26,28,9,Train/9/00009_00024_00003.png
client_3,27460,38,38,6,5,33,33,22,Train/22/00022_00005_00010.png
client_3,19133,63,68,5,7,58,62,12,Train/12/00012_00025_00023.png
client_3,19001,44,46,5,5,39,41,12,Train/12/00012_00021_00011.png
client_3,18958,130,130,11,12,119,119,12,Train/12/00012_00019_00028.png
client_3,4295,28,27,6,5,23,22,2,Train/2/00002_00050_00005.png
client_3,903,30,33,5,6,25,28,1,Train/1/00001_00011_00003.png
client_3,9328,63,59,5,6,58,54,5,Train/5/00005_00029_00028.png
client_3,24396,28,29,5,6,23,24,16,Train/16/00016_00012_00006.png
client_3,19090,51,50,6,5,46,45,12,Train/12/00012_00024_00010.png
client_3,10927,35,36,5,6,30,31,7,Train/7/00007_00007_00007.png
client_3,27955,115,106,10,10,105,97,23,Train/23/00023_00008_00025.png
client_3,34311,39,40,6,5,34,35,35,Train/35/00035_00003_00022.png
client_3,13815,34,34,5,5,28,28,9,Train/9/00009_00008_00015.png
client_3,14621,39,38,6,5,34,33,9,Train/9/00009_00035_00011.png
client_3,2984,34,35,5,5,29,30,2,Train/2/00002_00006_00014.png
client_3,26977,42,40,6,6,37,35,21,Train/21/00021_00000_00007.png
client_3,28099,61,56,5,6,56,51,23,Train/23/00023_00013_00019.png
client_3,19084,45,44,6,5,40,39,12,Train/12/00012_00024_00004.png
client_3,31590,39,36,6,5,34,31,29,Train/29/00029_00008_00000.png
client_3,10978,77,83,7,8,71,76,7,Train/7/00007_00008_00028.png
client_3,25937,37,39,6,6,32,33,18,Train/18/00018_00012_00017.png
client_3,33953,48,54,6,6,43,49,34,Train/34/00034_00005_00024.png
client_3,35495,29,29,5,5,24,24,36,Train/36/00036_00003_00006.png
client_3,19097,55,54,6,5,50,49,12,Train/12/00012_00024_00017.png
client_3,1972,70,71,6,7,64,65,1,Train/1/00001_00046_00022.png
client_3,6763,34,36,5,6,29,31,4,Train/4/00004_00010_00013.png
client_3,20158,93,91,8,8,85,83,12,Train/12/00012_00059_00028.png
client_3,31010,67,60,6,6,61,55,28,Train/28/00028_00006_00020.png
client_3,35628,36,38,6,6,31,33,36,Train/36/00036_00007_00019.png
client_3,34307,34,36,5,6,29,31,35,Train/35/00035_00003_00018.png
client_3,4839,33,34,6,6,28,29,2,Train/2/00002_00068_00009.png
client_3,21180,34,34,5,5,29,29,13,Train/13/00013_00024_00000.png
client_3,2903,64,64,6,5,58,58,2,Train/2/00002_00003_00023.png
client_3,28093,53,49,6,5,48,44,23,Train/23/00023_00013_00013.png
client_3,27823,40,36,5,5,35,31,23,Train/23/00023_00004_00013.png
client_3,13997,48,49,5,5,43,44,9,Train/9/00009_00014_00017.png
client_3,14119,40,39,6,6,34,33,9,Train/9/00009_00018_00019.png
client_3,8183,61,61,6,6,56,56,4,Train/4/00004_00057_00023.png
client_3,28158,72,61,7,5,66,56,23,Train/23/00023_00015_00018.png
client_3,13805,28,28,5,5,23,23,9,Train/9/00009_00008_00005.png
client_3,34708,128,123,12,10,117,113,35,Train/35/00035_00016_00029.png
client_3,39160,36,37,5,6,31,32,42,Train/42/00042_00006_00011.png
client_3,3501,43,42,6,6,37,37,2,Train/2/00002_00023_00021.png
client_3,14874,62,61,6,6,56,55,9,Train/9/00009_00043_00024.png
client_3,35073,41,38,6,5,36,33,35,Train/35/00035_00029_00004.png
client_3,33999,34,34,6,6,29,29,34,Train/34/00034_00007_00010.png
client_3,36817,28,29,5,6,23,24,38,Train/38/00038_00027_00008.png
client_3,37378,46,48,5,6,41,43,38,Train/38/00038_00045_00029.png
client_3,19777,42,46,5,6,37,41,12,Train/12/00012_00047_00007.png
client_3,3263,96,95,9,8,88,86,2,Train/2/00002_00015_00023.png
client_3,33947,40,43,6,5,34,37,34,Train/34/00034_00005_00018.png
client_3,3712,50,44,6,6,45,39,2,Train/2/00002_00030_00022.png
client_3,4416,31,32,5,6,26,27,2,Train/2/00002_00054_00006.png
client_3,24068,44,48,5,5,39,43,16,Train/16/00016_00001_00008.png
client_3,3285,40,42,6,6,35,36,2,Train/2/00002_00016_00015.png
client_3,19242,50,47,6,5,45,42,12,Train/12/00012_00029_00012.png
client_3,33646,36,50,5,5,31,44,33,Train/33/00033_00018_00016.png
client_3,12044,33,32,6,5,28,27,7,Train/7/00007_00044_00014.png
client_3,3394,28,28,5,5,23,23,2,Train/2/00002_00020_00004.png
client_3,33475,43,40,6,6,38,35,33,Train/33/00033_00012_00025.png
client_3,14389,44,43,6,6,39,38,9,Train/9/00009_00027_00019.png
client_3,14487,62,64,5,6,57,59,9,Train/9/00009_00030_00027.png
client_3,14975,31,31,5,5,26,26,9,Train/9/00009_00047_00005.png
client_3,22657,38,38,6,5,33,32,14,Train/14/00014_00001_00007.png
client_3,7296,33,33,5,5,28,28,4,Train/4/00004_00028_00006.png
client_3,33222,39,39,5,5,34,34,33,Train/33/00033_00004_00012.png
client_3,8602,41,44,6,6,36,39,5,Train/5/00005_00005_00022.png
client_3,20009,101,101,9,9,93,93,12,Train/12/00012_00054_00029.png
client_3,28507,74,70,6,7,68,64,25,Train/25/00025_00001_00007.png
client_3,2920,33,34,5,6,28,29,2,Train/2/00002_00004_00010.png
client_3,11661,40,41,5,5,35,36,7,Train/7/00007_00031_00021.png
client_3,19938,119,121,10,10,109,111,12,Train/12/00012_00052_00018.png
client_3,14575,71,64,7,5,65,58,9,Train/9/00009_00033_00025.png
client_3,31196,85,80,7,7,78,73,28,Train/28/00028_00012_00026.png
client_3,18032,34,34,6,6,29,28,11,Train/11/00011_00033_00002.png
client_3,19453,50,49,6,5,45,44,12,Train/12/00012_00036_00013.png
client_3,24437,60,60,5,6,54,55,16,Train/16/00016_00013_00017.png
client_3,27637,39,37,6,6,34,32,22,Train/22/00022_00011_00007.png
client_3,13865,39,40,5,6,34,35,9,Train/9/00009_00010_00005.png
client_3,3464,35,38,5,6,30,33,2,Train/2/00002_00022_00014.png
client_3,4286,58,56,6,5,53,51,2,Train/2/00002_00049_00026.png
client_3,14203,44,44,6,6,39,39,9,Train/9/00009_00021_00013.png
client_3,17320,52,46,6,5,47,41,11,Train/11/00011_00009_00010.png
client_3,14308,82,92,7,8,75,84,9,Train/9/00009_00024_00028.png
client_3,7668,41,40,6,5,36,35,4,Train/4/00004_00040_00018.png
client_3,14255,31,33,5,6,26,28,9,Train/9/00009_00023_00005.png
client_3,3964,29,29,6,6,24,24,2,Train/2/00002_00039_00004.png
client_3,8777,48,49,6,5,43,44,5,Train/5/00005_00011_00017.png
client_3,20330,71,71,7,6,65,65,12,Train/12/00012_00065_00020.png
client_3,3875,33,34,6,6,28,29,2,Train/2/00002_00036_00005.png
client_3,8286,32,33,5,6,27,28,4,Train/4/00004_00061_00006.png
client_3,31141,37,34,6,5,32,29,28,Train/28/00028_00011_00001.png
client_3,20350,41,46,5,5,36,41,12,Train/12/00012_00066_00010.png
client_3,2735,40,40,5,5,35,35,1,Train/1/00001_00072_00005.png
client_3,36660,27,28,5,6,22,23,38,Train/38/00038_00022_00001.png
client_3,14348,58,57,5,6,53,51,9,Train/9/00009_00026_00008.png
client_3,19091,51,50,6,5,46,45,12,Train/12/00012_00024_00011.png
client_3,27268,119,108,10,9,109,99,21,Train/21/00021_00009_00028.png
client_3,14726,51,56,5,6,46,51,9,Train/9/00009_00038_00026.png
client_3,27332,32,28,6,5,27,23,22,Train/22/00022_00001_00002.png
client_3,8357,37,37,6,6,32,32,4,Train/4/00004_00063_00017.png
client_3,38680,41,43,6,6,36,38,40,Train/40/00040_00010_00011.png
client_3,13904,45,46,6,6,39,41,9,Train/9/00009_00011_00014.png
client_3,5017,33,32,6,5,28,27,2,Train/2/00002_00074_00007.png
client_3,38581,28,28,6,6,23,23,40,Train/40/00040_00007_00002.png
client_3,13424,41,41,6,6,36,36,8,Train/8/00008_00042_00014.png
client_3,14482,47,48,6,6,42,43,9,Train/9/00009_00030_00022.png
client_3,35907,72,70,7,7,66,64,37,Train/37/00037_00003_00028.png
client_3,27588,55,49,5,5,50,44,22,Train/22/00022_00009_00018.png
client_3,7403,39,41,5,6,34,36,4,Train/4/00004_00031_00023.png
client_3,6492,46,47,5,6,41,42,4,Train/4/00004_00001_00012.png
client_3,31150,41,39,5,5,36,34,28,Train/28/00028_00011_00010.png
client_3,38408,38,38,6,6,32,32,40,Train/40/00040_00001_00009.png
client_3,26974,38,38,6,6,33,33,21,Train/21/00021_00000_00004.png
client_3,24142,48,48,6,6,43,43,16,Train/16/00016_00003_00022.png
client_3,30933,33,30,5,5,28,25,28,Train/28/00028_00004_00003.png
client_3,27168,47,44,5,5,42,39,21,Train/21/00021_00006_00018.png
client_3,14010,43,43,5,5,38,38,9,Train/9/00009_00015_00000.png
client_3,2814,72,71,6,7,66,65,2,Train/2/00002_00000_00024.png
client_3,14025,43,43,5,5,38,38,9,Train/9/00009_00015_00015.png
client_3,14344,54,52,6,6,49,46,9,Train/9/00009_00026_00004.png
client_3,6808,75,83,7,8,69,76,4,Train/4/00004_00011_00028.png
client_3,13659,32,33,5,6,27,28,9,Train/9/00009_00003_00009.png
client_3,7312,47,47,6,6,42,42,4,Train/4/00004_00028_00022.png
client_3,28511,80,73,8,7,73,67,25,Train/25/00025_00001_00011.png
client_3,14415,56,56,5,6,51,51,9,Train/9/00009_00028_00015.png
client_3,4606,70,70,6,6,64,64,2,Train/2/00002_00060_00016.png
client_3,32147,59,55,5,5,54,50,31,Train/31/00031_00002_00017.png
client_3,27746,175,160,15,13,160,147,23,Train/23/00023_00001_00026.png
client_3,18404,42,42,5,5,37,37,12,Train/12/00012_00001_00014.png
client_3,23511,40,43,6,6,35,38,15,Train/15/00015_00003_00021.png
client_3,33336,50,51,5,5,45,46,33,Train/33/00033_00008_00006.png
client_3,27108,44,39,6,5,39,34,21,Train/21/00021_00004_00018.png
client_3,27857,52,48,6,5,47,42,23,Train/23/00023_00005_00017.png
client_3,6726,33,34,5,6,28,29,4,Train/4/00004_00009_00006.png
client_3,33623,46,70,5,6,41,64,33,Train/33/00033_00017_00023.png
client_3,19883,65,69,6,7,60,63,12,Train/12/00012_00050_00023.png
client_3,13192,60,64,5,6,55,59,8,Train/8/00008_00034_00022.png
client_3,30972,50,51,6,5,44,45,28,Train/28/00028_00005_00012.png
client_3,7270,33,33,5,5,28,28,4,Train/4/00004_00027_00010.png
client_3,9031,27,27,6,5,22,21,5,Train/5/00005_00020_00001.png
client_3,4448,33,33,6,5,28,27,2,Train/2/00002_00055_00008.png
client_3,2304,52,53,5,6,47,48,1,Train/1/00001_00057_00024.png
client_3,34184,43,43,5,5,38,38,34,Train/34/00034_00013_00015.png
client_3,14133,28,28,6,5,23,23,9,Train/9/00009_00019_00003.png
client_3,12721,33,33,6,6,28,28,8,Train/8/00008_00019_00001.png
client_3,8996,43,43,5,6,38,38,5,Train/5/00005_00018_00026.png
client_3,8611,32,32,6,5,27,27,5,Train/5/00005_00006_00001.png
client_3,1655,33,35,5,6,28,30,1,Train/1/00001_00036_00005.png
client_3,38585,29,30,5,6,24,25,40,Train/40/00040_00007_00006.png
client_3,4978,53,57,5,6,47,52,2,Train/2/00002_00072_00028.png
client_3,38655,41,40,6,6,35,35,40,Train/40/00040_00009_00016.png
client_3,9366,27,28,5,5,22,23,5,Train/5/00005_00031_00006.png
client_3,2971,26,27,5,6,21,22,2,Train/2/00002_00006_00001.png
client_3,2793,37,33,6,6,32,28,2,Train/2/00002_00000_00003.png
client_3,32906,53,50,6,5,48,45,32,Train/32/00032_00001_00026.png
client_3,31493,70,65,6,6,64,60,29,Train/29/00029_00004_00023.png
client_3,18516,49,48,5,5,44,43,12,Train/12/00012_00005_00006.png
client_3,14966,100,98,9,8,91,89,9,Train/9/00009_00046_00026.png
client_3,17327,61,56,6,5,56,50,11,Train/11/00011_00009_00017.png
client_3,33758,27,28,5,5,22,22,33,Train/33/00033_00022_00009.png
client_3,37286,69,69,7,7,63,63,38,Train/38/00038_00042_00027.png
client_3,9294,52,48,6,5,47,43,5,Train/5/00005_00028_00024.png
client_3,9221,34,32,6,6,29,27,5,Train/5/00005_00026_00011.png
client_3,39079,45,46,5,6,40,41,42,Train/42/00042_00003_00020.png
client_3,31575,48,49,5,5,42,44,29,Train/29/00029_00007_00015.png
client_3,8094,85,93,7,9,78,85,4,Train/4/00004_00054_00024.png
client_3,3584,40,40,6,5,35,35,2,Train/2/00002_00026_00014.png
client_3,10053,29,27,6,5,24,22,5,Train/5/00005_00054_00003.png
client_3,35243,41,46,6,5,35,40,35,Train/35/00035_00034_00024.png
client_3,18666,38,34,5,5,33,29,12,Train/12/00012_00010_00006.png
client_3,29059,81,75,8,6,74,69,25,Train/25/00025_00019_00019.png
client_3,23063,109,119,10,11,100,109,14,Train/14/00014_00014_00023.png
client_3,30929,123,111,10,10,113,102,28,Train/28/00028_00003_00029.png
client_3,36943,48,48,5,5,43,43,38,Train/38/00038_00031_00014.png
client_3,29488,99,92,8,8,90,84,25,Train/25/00025_00033_00028.png
client_3,34689,46,47,5,6,41,42,35,Train/35/00035_00016_00010.png
client_3,31551,55,51,5,6,50,46,29,Train/29/00029_00006_00021.png
client_3,35026,41,41,6,5,36,36,35,Train/35/00035_00027_00017.png
client_3,32874,64,62,6,5,59,57,32,Train/32/00032_00000_00024.png
client_3,13999,52,53,5,5,47,48,9,Train/9/00009_00014_00019.png
client_3,33122,27,27,5,6,22,22,33,Train/33/00033_00001_00002.png
client_3,19495,106,107,9,10,97,98,12,Train/12/00012_00037_00025.png
client_3,31231,36,36,5,6,30,30,28,Train/28/00028_00014_00001.png
client_3,37484,34,35,5,6,29,30,38,Train/38/00038_00049_00015.png
client_3,4856,80,81,7,8,72,74,2,Train/2/00002_00068_00026.png
client_3,19604,34,35,5,6,29,30,12,Train/12/00012_00041_00014.png
client_3,38524,56,56,5,6,51,51,40,Train/40/00040_00005_00005.png
client_3,14404,48,48,6,5,43,43,9,Train/9/00009_00028_00004.png
client_3,6564,55,54,6,5,50,49,4,Train/4/00004_00003_00024.png
client_3,23235,63,70,5,7,58,64,14,Train/14/00014_00020_00015.png
client_3,20407,33,34,5,5,28,29,12,Train/12/00012_00068_00007.png
client_3,34848,44,44,5,5,39,39,35,Train/35/00035_00021_00019.png
client_3,33282,38,40,5,6,32,34,33,Train/33/00033_00006_00012.png
client_3,3848,36,36,5,5,31,31,2,Train/2/00002_00035_00008.png
client_3,23072,34,33,6,5,29,28,14,Train/14/00014_00015_00002.png
client_3,28291,50,49,5,6,45,44,24,Train/24/00024_00003_00001.png
client_3,37568,45,57,6,5,40,52,38,Train/38/00038_00052_00009.png
client_3,34724,50,51,6,5,45,45,35,Train/35/00035_00017_00015.png
client_3,31489,55,52,6,5,50,46,29,Train/29/00029_00004_00019.png
client_3,38406,35,36,6,6,30,30,40,Train/40/00040_00001_00007.png
client_3,27433,37,36,6,6,32,31,22,Train/22/00022_00004_00013.png
client_3,11358,42,41,6,6,37,36,7,Train/7/00007_00021_00018.png
client_3,35981,51,54,6,5,46,49,37,Train/37/00037_00006_00012.png
client_3,31412,36,34,5,5,31,29,29,Train/29/00029_00002_00002.png
client_3,3468,44,44,6,5,38,39,2,Train/2/00002_00022_00018.png
client_3,33356,80,84,7,7,73,76,33,Train/33/00033_00008_00026.png
client_3,23703,28,28,5,5,23,23,15,Train/15/00015_00010_00003.png
client_3,678,50,49,6,5,45,44,1,Train/1/00001_00003_00018.png
client_3,18477,87,91,7,8,80,83,12,Train/12/00012_00003_00027.png
client_3,7572,37,38,5,6,32,33,4,Train/4/00004_00037_00012.png
client_3,8381,34,34,5,6,28,28,4,Train/4/00004_00064_00011.png
client_3,28664,37,36,6,6,31,30,25,Train/25/00025_00006_00014.png
client_3,9145,59,59,6,6,54,54,5,Train/5/00005_00023_00025.png
client_3,38595,39,41,5,5,34,35,40,Train/40/00040_00007_00016.png
client_3,17531,53,51,5,5,48,45,11,Train/11/00011_00016_00011.png
client_3,24132,38,41,5,6,33,36,16,Train/16/00016_00003_00012.png
client_3,27946,63,60,5,6,58,55,23,Train/23/00023_00008_00016.png
client_3,14191,41,40,6,6,36,35,9,Train/9/00009_00021_00001.png
client_3,2825,29,29,6,6,23,24,2,Train/2/00002_00001_00005.png
client_3,13894,35,36,6,5,29,30,9,Train/9/00009_00011_00004.png
client_3,39020,52,52,6,6,47,47,42,Train/42/00042_00001_00021.png
client_3,27078,55,51,6,6,50,46,21,Train/21/00021_00003_00018.png
client_3,14589,32,31,6,6,27,26,9,Train/9/00009_00034_00009.png
client_3,14043,43,45,5,6,38,40,9,Train/9/00009_00016_00003.png
client_3,29518,169,149,14,13,155,137,25,Train/25/00025_00034_00028.png
client_3,14058,52,53,6,6,47,47,9,Train/9/00009_00016_00018.png
client_3,24306,31,30,6,5,26,25,16,Train/16/00016_00009_00006.png
client_3,19429,48,48,6,5,43,43,12,Train/12/00012_00035_00019.png
client_3,2953,39,39,6,6,34,34,2,Train/2/00002_00005_00013.png
client_3,36327,52,51,5,5,47,46,38,Train/38/00038_00010_00028.png
client_3,33374,86,86,8,8,79,79,33,Train/33/00033_00009_00014.png
client_3,2976,29,29,5,5,24,24,2,Train/2/00002_00006_00006.png
client_3,38389,52,52,5,6,47,46,40,Train/40/00040_00000_00020.png
client_3,14741,41,41,5,5,36,36,9,Train/9/00009_00039_00011.png
client_3,38988,45,46,5,5,39,40,42,Train/42/00042_00000_00019.png
client_3,24030,53,55,5,5,48,50,16,Train/16/00016_00000_00000.png
client_3,18571,31,32,6,6,26,27,12,Train/12/00012_00007_00001.png
client_3,4493,56,57,5,5,50,52,2,Train/2/00002_00056_00023.png
client_3,3699,38,35,6,6,33,29,2,Train/2/00002_00030_00009.png
client_3,7806,34,34,6,5,29,29,4,Train/4/00004_00045_00006.png
client_3,4607,72,73,6,6,66,67,2,Train/2/00002_00060_00017.png
client_3,14649,40,40,5,5,35,35,9,Train/9/00009_00036_00009.png
client_3,39060,26,27,5,6,21,22,42,Train/42/00042_00003_00001.png
client_3,14599,44,43,5,5,39,38,9,Train/9/00009_00034_00019.png
client_3,27373,47,45,6,5,42,40,22,Train/22/00022_00002_00013.png
client_3,34607,44,44,6,6,38,38,35,Train/35/00035_00013_00018.png
client_3,19588,123,122,11,10,113,112,12,Train/12/00012_00040_00028.png
client_3,7911,54,55,6,6,49,50,4,Train/4/00004_00048_00021.png
client_3,24305,31,32,6,6,26,27,16,Train/16/00016_00009_00005.png
client_3,28152,54,50,5,6,49,45,23,Train/23/00023_00015_00012.png
client_3,13632,48,48,5,6,43,43,9,Train/9/00009_00002_00012.png
client_3,9311,34,34,6,5,29,29,5,Train/5/00005_00029_00011.png
client_3,14080,32,38,5,6,27,33,9,Train/9/00009_00017_00010.png
client_3,7707,61,62,6,6,56,57,4,Train/4/00004_00041_00027.png
client_3,38472,51,50,5,5,45,44,40,Train/40/00040_00003_00013.png
client_3,9250,34,32,6,6,29,27,5,Train/5/00005_00027_00010.png
client_3,3653,47,47,6,6,42,42,2,Train/2/00002_00028_00023.png
client_3,4139,120,117,11,11,110,107,2,Train/2/00002_00044_00029.png
client_3,38606,80,87,7,8,73,80,40,Train/40/00040_00007_00027.png
client_3,7476,31,32,5,6,26,27,4,Train/4/00004_00034_00006.png
client_3,34677,105,98,9,8,95,90,35,Train/35/00035_00015_00028.png
client_3,14437,32,33,5,5,27,28,9,Train/9/00009_00029_00007.png
client_3,13790,50,50,6,6,45,45,9,Train/9/00009_00007_00020.png
client_3,13823,46,47,5,6,41,42,9,Train/9/00009_00008_00023.png
client_3,39130,31,31,6,6,26,26,42,Train/42/00042_00005_00011.png
client_3,14469,30,32,5,6,25,27,9,Train/9/00009_00030_00009.png
client_3,6781,28,29,5,6,22,23,4,Train/4/00004_00011_00001.png
client_3,29584,33,29,5,5,27,24,25,Train/25/00025_00037_00004.png
client_3,24085,108,109,9,9,99,100,16,Train/16/00016_00001_00025.png
client_3,33497,58,57,5,6,52,52,33,Train/33/00033_00013_00017.png
client_3,3461,33,34,6,6,28,29,2,Train/2/00002_00022_00011.png
client_3,13978,107,107,10,10,98,98,9,Train/9/00009_00013_00028.png
client_3,27235,118,97,11,9,108,89,21,Train/21/00021_00008_00025.png
client_3,13125,38,38,6,6,32,33,8,Train/8/00008_00032_00015.png
client_3,18952,65,63,6,6,60,58,12,Train/12/00012_00019_00022.png
client_3,1432,56,69,5,7,51,63,1,Train/1/00001_00028_00022.png
client_3,28934,55,50,5,5,49,45,25,Train/25/00025_00015_00014.png
client_3,3948,65,65,6,6,60,60,2,Train/2/00002_00038_00018.png
client_3,7605,43,42,6,5,38,37,4,Train/4/00004_00038_00015.png
client_3,4260,30,30,6,6,25,25,2,Train/2/00002_00049_00000.png
client_3,10003,37,36,6,5,32,31,5,Train/5/00005_00052_00013.png
client_3,34494,81,77,8,7,74,71,35,Train/35/00035_00009_00025.png
client_3,8801,38,38,6,6,33,33,5,Train/5/00005_00012_00011.png
client_3,19622,57,58,5,6,52,53,12,Train/12/00012_00042_00002.png
client_3,14096,80,83,8,8,73,76,9,Train/9/00009_00017_00026.png
client_3,14401,47,49,5,6,42,44,9,Train/9/00009_00028_00001.png
client_3,671,37,38,5,6,31,32,1,Train/1/00001_00003_00011.png
client_3,33640,33,41,6,5,28,36,33,Train/33/00033_00018_00010.png
client_3,27891,54,49,5,5,49,44,23,Train/23/00023_00006_00021.png
client_3,29430,27,26,5,6,21,21,25,Train/25/00025_00032_00000.png
client_3,19762,47,49,6,6,42,44,12,Train/12/00012_00046_00022.png
client_3,34789,42,42,6,6,36,37,35,Train/35/00035_00019_00020.png
client_3,28375,62,57,6,5,57,52,24,Train/24/00024_00005_00025.png
client_3,27229,79,67,7,6,72,61,21,Train/21/00021_00008_00019.png
client_3,4480,37,37,6,6,32,31,2,Train/2/00002_00056_00010.png
client_3,19591,28,29,5,6,23,24,12,Train/12/00012_00041_00001.png
client_3,35037,46,47,6,6,41,42,35,Train/35/00035_00027_00028.png
client_3,4647,98,105,9,10,90,96,2,Train/2/00002_00061_00027.png
client_3,19590,29,29,6,6,24,24,12,Train/12/00012_00041_00000.png
client_3,17888,27,43,5,5,22,37,11,Train/11/00011_00028_00008.png
client_3,8482,40,39,6,5,35,34,5,Train/5/00005_00001_00022.png
client_3,7061,32,31,6,5,27,26,4,Train/4/00004_00020_00011.png
client_3,14478,39,40,6,5,34,34,9,Train/9/00009_00030_00018.png
client_3,14137,30,31,6,6,25,26,9,Train/9/00009_00019_00007.png
client_3,8318,35,35,6,6,30,30,4,Train/4/00004_00062_00008.png
client_3,18341,41,40,6,5,36,35,11,Train/11/00011_00043_00011.png
client_3,6885,37,38,6,5,32,33,4,Train/4/00004_00014_00015.png
client_3,28584,164,152,14,13,150,139,25,Train/25/00025_00003_00024.png
client_3,10272,31,32,5,5,26,26,5,Train/5/00005_00061_00012.png
client_3,27818,34,31,6,5,29,26,23,Train/23/00023_00004_00008.png
client_3,38717,51,51,6,5,45,46,40,Train/40/00040_00011_00018.png
client_3,7823,49,47,6,5,43,42,4,Train/4/00004_00045_00023.png
client_3,17125,166,146,15,12,152,134,11,Train/11/00011_00002_00025.png
client_3,24127,35,37,6,6,30,32,16,Train/16/00016_00003_00007.png
client_3,19612,45,46,5,6,40,41,12,Train/12/00012_00041_00022.png
client_3,10114,28,31,5,6,23,26,5,Train/5/00005_00056_00004.png
client_3,28319,190,158,17,13,174,145,24,Train/24/00024_00003_00029.png
client_3,16748,37,35,6,6,32,30,10,Train/10/00010_00057_00008.png
client_3,27289,50,46,5,5,45,41,21,Train/21/00021_00010_00019.png
client_3,6952,46,51,5,6,40,45,4,Train/4/00004_00016_00022.png
client_3,17859,56,49,6,6,51,44,11,Train/11/00011_00027_00009.png
client_3,6727,34,35,5,6,28,29,4,Train/4/00004_00009_00007.png
client_3,23247,177,171,16,14,161,157,14,Train/14/00014_00020_00027.png
client_3,33488,46,46,6,6,40,40,33,Train/33/00033_00013_00008.png
client_3,31404,94,84,9,8,86,77,29,Train/29/00029_00001_00024.png
client_3,9032,28,27,6,5,23,22,5,Train/5/00005_00020_00002.png
client_3,27649,53,48,6,5,48,43,22,Train/22/00022_00011_00019.png
client_3,14506,33,32,6,5,28,27,9,Train/9/00009_00031_00016.png
client_3,7151,34,33,6,5,29,28,4,Train/4/00004_00023_00011.png
client_3,14316,31,31,5,5,26,26,9,Train/9/00009_00025_00006.png
client_3,39093,34,34,6,6,29,29,42,Train/42/00042_00004_00004.png
client_3,8573,52,54,6,6,47,49,5,Train/5/00005_00004_00023.png
client_3,680,54,56,5,6,48,50,1,Train/1/00001_00003_00020.png
client_3,35261,36,35,5,5,31,30,35,Train/35/00035_00035_00012.png
client_3,1980,35,35,5,5,30,30,1,Train/1/00001_00047_00000.png
client_3,3591,52,52,5,5,47,47,2,Train/2/00002_00026_00021.png
client_3,33214,29,30,5,5,24,24,33,Train/33/00033_00004_00004.png
client_3,29734,36,34,6,6,31,29,25,Train/25/00025_00042_00004.png
client_3,3485,31,31,6,6,26,26,2,Train/2/00002_00023_00005.png
client_3,5708,30,32,5,6,25,27,3,Train/3/00003_00022_00008.png
client_3,10081,31,30,6,5,26,25,5,Train/5/00005_00055_00001.png
client_3,15008,30,30,6,5,25,25,9,Train/9/00009_00048_00008.png
client_3,4456,41,41,6,6,36,36,2,Train/2/00002_00055_00016.png
client_3,14081,32,38,5,6,27,33,9,Train/9/00009_00017_00011.png
client_3,14561,36,34,5,5,31,29,9,Train/9/00009_00033_00011.png
client_3,13637,54,55,6,5,49,49,9,Train/9/00009_00002_00017.png
client_3,13779,33,32,6,6,28,27,9,Train/9/00009_00007_00009.png
client_3,13622,39,38,6,6,34,33,9,Train/9/00009_00002_00002.png
client_3,14685,45,45,5,5,40,40,9,Train/9/00009_00037_00015.png
client_3,1506,30,32,5,6,25,27,1,Train/1/00001_00031_00006.png
client_3,34223,79,81,7,7,72,74,35,Train/35/00035_00000_00024.png
client_3,14926,46,50,5,5,40,44,9,Train/9/00009_00045_00016.png
client_3,34141,30,30,6,5,25,25,34,Train/34/00034_00012_00002.png
client_3,31521,67,58,6,6,61,53,29,Train/29/00029_00005_00021.png
client_3,3883,39,38,6,5,34,33,2,Train/2/00002_00036_00013.png
client_3,34414,28,29,5,5,23,24,35,Train/35/00035_00007_00005.png
client_3,7258,59,59,6,5,54,54,4,Train/4/00004_00026_00028.png
client_3,10022,28,28,6,6,23,23,5,Train/5/00005_00053_00002.png
client_3,33251,69,70,6,7,63,63,33,Train/33/00033_00005_00011.png
client_3,31137,121,109,11,10,111,100,28,Train/28/00028_00010_00027.png
client_3,15747,54,55,5,5,49,50,10,Train/10/00010_00023_00027.png
client_3,27830,48,44,6,5,43,39,23,Train/23/00023_00004_00020.png
client_3,14941,45,41,6,6,39,36,9,Train/9/00009_00046_00001.png
client_3,31122,58,52,5,6,53,47,28,Train/28/00028_00010_00012.png
client_3,14261,33,34,5,5,28,29,9,Train/9/00009_00023_00011.png
client_3,13816,35,35,6,6,30,30,9,Train/9/00009_00008_00016.png
client_3,20194,38,43,5,6,33,38,12,Train/12/00012_00061_00004.png
client_3,14373,29,29,6,5,24,24,9,Train/9/00009_00027_00003.png
client_3,33585,44,48,6,6,39,43,33,Train/33/00033_00016_00015.png
client_3,33988,48,49,5,6,43,44,34,Train/34/00034_00006_00029.png
client_3,35331,57,61,6,6,52,56,35,Train/35/00035_00037_00022.png
client_3,28610,53,47,6,5,48,42,25,Train/25/00025_00004_00020.png
client_3,12786,29,29,5,6,24,23,8,Train/8/00008_00021_00006.png
client_3,38651,34,35,5,6,29,29,40,Train/40/00040_00009_00012.png
client_3,25993,46,45,6,5,41,40,18,Train/18/00018_00014_00013.png
client_3,38635,118,120,10,10,107,109,40,Train/40/00040_00008_00026.png
client_3,38380,45,42,5,6,40,37,40,Train/40/00040_00000_00011.png
client_3,2085,47,46,6,6,42,41,1,Train/1/00001_00050_00015.png
client_3,27907,39,36,5,6,34,31,23,Train/23/00023_00007_00007.png
client_3,480,55,59,6,6,50,54,0,Train/0/00000_00004_00000.png
client_3,14113,36,36,5,6,30,30,9,Train/9/00009_00018_00013.png
client_3,19231,40,39,5,6,34,33,12,Train/12/00012_00029_00001.png
client_3,897,71,71,7,7,65,65,1,Train/1/00001_00010_00027.png
client_3,17079,62,60,5,6,56,55,11,Train/11/00011_00001_00009.png
client_3,18687,111,95,9,9,101,87,12,Train/12/00012_00010_00027.png
client_3,38310,33,34,6,6,28,29,39,Train/39/00039_00008_00001.png
client_3,8140,32,35,5,5,27,30,4,Train/4/00004_00056_00010.png
client_3,39178,59,62,5,5,54,57,42,Train/42/00042_00006_00029.png
client_3,33355,81,83,8,8,74,76,33,Train/33/00033_00008_00025.png
client_3,31594,41,38,6,5,36,33,29,Train/29/00029_00008_00004.png
client_3,15014,35,34,5,5,29,29,9,Train/9/00009_00048_00014.png
client_3,3870,28,30,5,6,23,25,2,Train/2/00002_00036_00000.png
client_3,29528,33,33,5,6,28,28,25,Train/25/00025_00035_00008.png
client_3,7582,55,55,6,6,50,50,4,Train/4/00004_00037_00022.png
client_3,10112,28,30,5,5,23,25,5,Train/5/00005_00056_00002.png
client_3,7249,46,49,5,6,41,44,4,Train/4/00004_00026_00019.png
client_3,3050,44,44,6,5,39,39,2,Train/2/00002_00008_00020.png
client_3,3451,27,29,5,6,22,24,2,Train/2/00002_00022_00001.png
client_3,12613,37,35,5,5,32,30,8,Train/8/00008_00015_00013.png
client_3,19051,31,31,5,5,26,26,12,Train/12/00012_00023_00001.png
client_3,4923,26,28,5,6,21,23,2,Train/2/00002_00071_00003.png
client_3,33809,28,27,5,5,23,22,34,Train/34/00034_00001_00000.png
client_3,4510,35,33,6,5,30,28,2,Train/2/00002_00057_00010.png
client_3,33157,40,40,5,6,35,35,33,Train/33/00033_00002_00007.png
client_3,39082,51,51,6,5,46,45,42,Train/42/00042_00003_00023.png
client_3,29897,96,85,8,7,88,78,25,Train/25/00025_00047_00017.png
client_3,3739,39,42,5,5,34,37,2,Train/2/00002_00031_00019.png
client_3,34473,28,27,6,5,23,22,35,Train/35/00035_00009_00004.png
client_3,31443,44,37,5,6,39,32,29,Train/29/00029_00003_00003.png
client_3,9184,30,30,5,5,25,25,5,Train/5/00005_00025_00004.png
client_3,37265,27,27,6,5,22,22,38,Train/38/00038_00042_00006.png
client_3,20612,29,29,6,5,24,24,13,Train/13/00013_00005_00002.png
client_3,7670,42,42,5,5,37,37,4,Train/4/00004_00040_00020.png
client_3,38413,46,44,6,5,40,39,40,Train/40/00040_00001_00014.png
client_3,18941,37,36,6,5,32,31,12,Train/12/00012_00019_00011.png
client_3,14150,41,41,6,5,36,36,9,Train/9/00009_00019_00020.png
client_3,1734,43,46,5,6,38,41,1,Train/1/00001_00038_00024.png
client_3,19379,73,80,6,8,67,73,12,Train/12/00012_00033_00029.png
client_3,34112,29,29,6,5,24,24,34,Train/34/00034_00011_00003.png
client_3,14317,32,32,6,6,27,27,9,Train/9/00009_00025_00007.png
client_3,20404,33,35,5,6,28,30,12,Train/12/00012_00068_00004.png
client_3,27490,37,33,5,5,32,28,22,Train/22/00022_00006_00010.png
client_3,38104,29,30,6,6,24,25,39,Train/39/00039_00001_00005.png
client_3,33384,99,99,8,8,91,90,33,Train/33/00033_00009_00024.png
client_3,24077,60,65,5,6,55,60,16,Train/16/00016_00001_00017.png
client_3,18986,60,61,5,5,55,56,12,Train/12/00012_00020_00026.png
client_3,33399,31,31,6,6,25,26,33,Train/33/00033_00010_00009.png
client_3,8763,34,36,5,5,29,30,5,Train/5/00005_00011_00003.png
client_3,18535,87,84,8,7,79,76,12,Train/12/00012_00005_00025.png
client_3,15440,58,59,5,6,53,54,10,Train/10/00010_00013_00020.png
client_3,34810,36,36,5,5,31,31,35,Train/35/00035_00020_00011.png
client_3,31140,37,34,6,5,32,29,28,Train/28/00028_00011_00000.png
client_3,39048,39,39,6,6,34,34,42,Train/42/00042_00002_00019.png
client_3,27046,44,42,6,6,39,37,21,Train/21/00021_00002_00016.png
client_3,8354,35,34,6,5,30,29,4,Train/4/00004_00063_00014.png
client_3,14876,74,74,6,6,67,68,9,Train/9/00009_00043_00026.png
client_3,12437,40,40,5,5,35,35,8,Train/8/00008_00009_00017.png
client_3,18380,44,50,6,5,39,44,12,Train/12/00012_00000_00020.png
client_3,17803,39,38,5,6,34,33,11,Train/11/00011_00025_00013.png
client_3,18613,40,42,5,6,35,37,12,Train/12/00012_00008_00013.png
client_3,13847,47,47,6,6,42,42,9,Train/9/00009_00009_00017.png
client_3,27214,47,47,5,6,42,42,21,Train/21/00021_00008_00004.png
client_3,10042,45,45,6,6,40,40,5,Train/5/00005_00053_00022.png
client_3,38421,60,61,6,6,55,55,40,Train/40/00040_00001_00022.png
client_3,28006,58,54,5,6,53,49,23,Train/23/00023_00010_00016.png
client_3,2938,84,87,8,7,77,80,2,Train/2/00002_00004_00028.png
client_3,27066,36,36,6,6,31,31,21,Train/21/00021_00003_00006.png
client_3,33243,67,65,6,5,61,59,33,Train/33/00033_00005_00003.png
client_3,28483,56,55,6,6,51,50,25,Train/25/00025_00000_00013.png
client_3,35343,27,29,5,5,21,23,35,Train/35/00035_00038_00004.png
client_3,8160,27,27,6,6,22,22,4,Train/4/00004_00057_00000.png
client_3,30826,42,40,5,6,37,35,28,Train/28/00028_00000_00016.png
client_3,27018,49,45,5,6,44,40,21,Train/21/00021_00001_00018.png
client_3,3063,40,40,5,6,35,35,2,Train/2/00002_00009_00003.png
client_3,19906,42,41,6,5,37,36,12,Train/12/00012_00051_00016.png
client_3,2454,51,52,5,6,46,47,1,Train/1/00001_00062_00024.png
client_3,3912,36,36,6,6,31,31,2,Train/2/00002_00037_00012.png
client_3,3508,58,56,6,5,52,51,2,Train/2/00002_00023_00028.png
client_3,6977,38,40,5,5,32,34,4,Train/4/00004_00017_00017.png
client_3,33109,59,60,6,5,54,55,33,Train/33/00033_00000_00019.png
client_3,7711,27,26,5,5,21,21,4,Train/4/00004_00042_00001.png
client_3,19071,52,49,5,5,47,44,12,Train/12/00012_00023_00021.png
client_3,8518,47,49,6,6,42,44,5,Train/5/00005_00002_00028.png
client_3,32879,135,133,11,12,124,122,32,Train/32/00032_00000_00029.png
client_3,27000,32,31,6,6,27,26,21,Train/21/00021_00001_00000.png
client_3,19028,39,38,6,6,34,33,12,Train/12/00012_00022_00008.png
client_3,33225,42,42,6,5,37,37,33,Train/33/00033_00004_00015.png
client_3,24166,37,37,5,5,32,32,16,Train/16/00016_00004_00016.png
client_3,7383,27,29,5,5,22,24,4,Train/4/00004_00031_00003.png
client_3,19457,59,59,6,6,54,54,12,Train/12/00012_00036_00017.png
client_3,39005,29,29,5,5,24,24,42,Train/42/00042_00001_00006.png
client_3,3645,40,40,5,5,35,35,2,Train/2/00002_00028_00015.png
client_3,34935,38,40,5,5,33,35,35,Train/35/00035_00024_00016.png
client_3,27889,51,46,5,6,46,41,23,Train/23/00023_00006_00019.png
client_3,14177,31,31,6,6,26,26,9,Train/9/00009_00020_00017.png
client_3,13828,65,63,6,5,60,58,9,Train/9/00009_00008_00028.png
client_3,29192,39,39,5,6,34,34,25,Train/25/00025_00024_00002.png
client_3,19888,95,96,8,8,86,87,12,Train/12/00012_00050_00028.png
client_3,33439,56,57,5,6,51,52,33,Train/33/00033_00011_00019.png
client_3,19255,74,73,7,7,68,67,12,Train/12/00012_00029_00025.png
client_3,27865,87,81,7,8,80,74,23,Train/23/00023_00005_00025.png
client_3,18963,31,31,6,6,26,26,12,Train/12/00012_00020_00003.png
client_3,24447,89,89,7,8,81,82,16,Train/16/00016_00013_00027.png
client_3,18407,42,43,5,5,37,38,12,Train/12/00012_00001_00017.png
client_3,19300,46,46,6,6,41,41,12,Train/12/00012_00031_00010.png
client_3,31098,56,49,6,5,51,44,28,Train/28/00028_00009_00018.png
client_3,1337,40,40,5,6,35,35,1,Train/1/00001_00025_00017.png
client_3,13661,33,32,6,5,28,27,9,Train/9/00009_00003_00011.png
client_3,29225,38,36,5,5,33,31,25,Train/25/00025_00025_00005.png
client_3,14799,32,32,6,5,27,27,9,Train/9/00009_00041_00009.png
client_3,19962,50,44,6,6,45,39,12,Train/12/00012_00053_00012.png
client_3,17192,40,36,5,5,35,31,11,Train/11/00011_00005_00002.png
client_3,24210,74,74,7,7,68,68,16,Train/16/00016_00006_00000.png
client_3,27272,29,30,5,6,24,25,21,Train/21/00021_00010_00002.png
client_3,1879,61,61,6,6,56,56,1,Train/1/00001_00043_00019.png
client_3,24424,50,49,5,5,44,44,16,Train/16/00016_00013_00004.png
client_3,21586,49,49,5,5,44,44,13,Train/13/00013_00037_00016.png
client_3,14942,45,43,6,6,40,37,9,Train/9/00009_00046_00002.png
client_3,27100,39,34,5,5,34,29,21,Train/21/00021_00004_00010.png
client_3,7947,61,62,5,6,56,56,4,Train/4/00004_00049_00027.png
client_3,4577,61,61,6,6,56,56,2,Train/2/00002_00059_00017.png
client_3,11356,40,39,6,5,35,34,7,Train/7/00007_00021_00016.png
client_3,27692,27,28,6,6,22,22,23,Train/23/00023_00000_00002.png
client_3,18004,37,39,5,6,32,34,11,Train/11/00011_00032_00004.png
client_3,13600,33,33,6,6,28,28,9,Train/9/00009_00001_00010.png
client_3,3011,41,39,6,5,36,34,2,Train/2/00002_00007_00011.png
client_3,2899,60,60,6,6,55,55,2,Train/2/00002_00003_00019.png
client_3,21517,47,54,5,5,42,49,13,Train/13/00013_00035_00007.png
client_3,20317,48,49,6,6,43,44,12,Train/12/00012_00065_00007.png
client_3,29649,34,33,5,6,29,28,25,Train/25/00025_00039_00009.png
client_3,39125,29,28,6,5,24,23,42,Train/42/00042_00005_00006.png
client_3,9749,58,57,6,5,53,52,5,Train/5/00005_00043_00029.png
client_3,4000,31,30,6,5,26,25,2,Train/2/00002_00040_00010.png
client_3,14182,31,30,6,5,26,25,9,Train/9/00009_00020_00022.png
client_3,14068,71,71,7,7,65,65,9,Train/9/00009_00016_00028.png
client_3,3341,34,34,6,6,29,28,2,Train/2/00002_00018_00011.png
client_3,13797,92,95,9,8,84,87,9,Train/9/00009_00007_00027.png
client_3,18713,82,85,8,7,75,77,12,Train/12/00012_00011_00023.png
client_3,28061,33,34,5,6,28,29,23,Train/23/00023_00012_00011.png
client_3,4771,35,39,6,6,30,34,2,Train/2/00002_00066_00001.png
client_3,39109,50,50,5,6,45,45,42,Train/42/00042_00004_00020.png
client_3,14086,38,43,5,5,33,38,9,Train/9/00009_00017_00016.png
client_3,24152,27,27,5,5,22,22,16,Train/16/00016_00004_00002.png
client_3,18921,65,65,6,6,60,60,12,Train/12/00012_00018_00021.png
client_3,38369,32,34,5,5,27,29,40,Train/40/00040_00000_00000.png
client_3,35978,46,52,5,6,41,46,37,Train/37/00037_00006_00009.png
client_3,1372,86,88,7,8,79,80,1,Train/1/00001_00026_00022.png
client_3,1896,34,35,5,6,29,30,1,Train/1/00001_00044_00006.png
client_3,4954,27,27,5,5,22,22,2,Train/2/00002_00072_00004.png
client_3,17725,133,122,12,11,122,112,11,Train/11/00011_00022_00025.png
client_3,31564,36,37,5,6,30,31,29,Train/29/00029_00007_00004.png
client_3,8520,27,26,6,6,22,21,5,Train/5/00005_00003_00000.png
client_3,2792,35,31,5,5,30,26,2,Train/2/00002_00000_00002.png
client_3,10062,36,35,5,5,31,30,5,Train/5/00005_00054_00012.png
client_3,34874,45,44,6,6,40,39,35,Train/35/00035_00022_00015.png
client_3,38460,37,38,5,6,32,33,40,Train/40/00040_00003_00001.png
client_3,33583,41,43,5,5,36,38,33,Train/33/00033_00016_00013.png
client_3,14979,35,35,6,6,30,30,9,Train/9/00009_00047_00009.png
client_3,17653,47,44,5,5,42,38,11,Train/11/00011_00020_00013.png
client_3,30847,41,37,5,6,35,32,28,Train/28/00028_00001_00007.png
client_3,20035,77,76,7,6,71,70,12,Train/12/00012_00055_00025.png
client_3,19787,62,64,6,6,57,59,12,Train/12/00012_00047_00017.png
client_3,34575,42,41,5,5,36,36,35,Train/35/00035_00012_00016.png
client_3,33617,41,55,5,5,36,50,33,Train/33/00033_00017_00017.png
client_3,38685,49,52,6,6,43,47,40,Train/40/00040_00010_00016.png
client_3,31452,51,47,5,6,46,42,29,Train/29/00029_00003_00012.png
client_3,4985,31,31,6,5,26,25,2,Train/2/00002_00073_00005.png
client_3,2614,27,28,5,5,22,23,1,Train/1/00001_00068_00004.png
client_3,14833,48,49,6,6,43,44,9,Train/9/00009_00042_00013.png
client_3,17343,52,48,6,6,46,43,11,Train/11/00011_00010_00003.png
client_3,5955,39,40,5,5,33,34,3,Train/3/00003_00030_00015.png
client_3,27399,46,41,5,5,41,36,22,Train/22/00022_00003_00009.png
client_3,18856,40,39,6,6,35,34,12,Train/12/00012_00016_00016.png
client_3,36157,32,34,6,5,26,28,38,Train/38/00038_00005_00008.png
client_3,7486,39,40,6,6,34,35,4,Train/4/00004_00034_00016.png
client_3,21330,29,30,5,6,24,25,13,Train/13/00013_00029_00000.png
client_3,37142,29,28,6,5,24,23,38,Train/38/00038_00038_00003.png
client_3,28156,62,57,5,5,57,52,23,Train/23/00023_00015_00016.png
client_3,16251,46,46,5,6,41,41,10,Train/10/00010_00040_00021.png
client_3,27204,84,76,7,7,77,70,21,Train/21/00021_00007_00024.png
client_3,9282,39,38,6,5,34,33,5,Train/5/00005_00028_00012.png
client_3,11142,46,47,5,6,41,42,7,Train/7/00007_00014_00012.png
client_3,35092,54,56,6,5,49,51,35,Train/35/00035_00029_00023.png
client_3,19103,68,69,6,7,62,63,12,Train/12/00012_00024_00023.png
client_3,18701,47,48,5,5,42,43,12,Train/12/00012_00011_00011.png
client_3,34798,62,65,6,6,57,60,35,Train/35/00035_00019_00029.png
client_3,15573,34,34,6,6,29,29,10,Train/10/00010_00018_00003.png
client_3,3326,80,79,8,7,73,72,2,Train/2/00002_00017_00026.png
client_3,14878,96,97,9,9,88,89,9,Train/9/00009_00043_00028.png
client_3,20241,62,62,5,5,57,57,12,Train/12/00012_00062_00021.png
client_3,20401,32,33,5,6,27,28,12,Train/12/00012_00068_00001.png
client_3,14046,44,44,5,5,39,39,9,Train/9/00009_00016_00006.png
client_3,29622,41,37,6,5,36,32,25,Train/25/00025_00038_00012.png
client_3,11452,46,45,6,5,41,40,7,Train/7/00007_00024_00022.png
client_3,33981,35,38,5,5,30,33,34,Train/34/00034_00006_00022.png
client_3,39201,47,50,5,6,42,45,42,Train/42/00042_00007_00022.png
client_3,33135,38,38,6,5,33,33,33,Train/33/00033_00001_00015.png
client_3,14808,36,38,5,5,31,33,9,Train/9/00009_00041_00018.png
client_3,19166,88,87,8,7,81,80,12,Train/12/00012_00026_00026.png
client_3,4194,49,56,5,6,44,51,2,Train/2/00002_00046_00024.png
client_3,14895,40,38,5,6,34,33,9,Train/9/00009_00044_00015.png
client_3,23214,99,104,8,9,91,94,14,Train/14/00014_00019_00024.png
client_3,28457,47,50,6,6,42,45,24,Train/24/00024_00008_00017.png
client_3,7593,33,33,6,6,28,28,4,Train/4/00004_00038_00003.png
client_3,10093,37,36,6,5,32,31,5,Train/5/00005_00055_00013.png
client_3,13962,42,42,6,5,37,37,9,Train/9/00009_00013_00012.png
client_3,34420,33,35,5,5,28,29,35,Train/35/00035_00007_00011.png
client_3,27241,34,33,6,5,29,28,21,Train/21/00021_00009_00001.png
client_3,20225,39,39,6,6,34,34,12,Train/12/00012_00062_00005.png
client_3,17420,76,72,7,7,70,66,11,Train/11/00011_00012_00020.png
client_3,28058,32,32,5,6,26,27,23,Train/23/00023_00012_00008.png
client_3,6802,49,52,5,6,44,47,4,Train/4/00004_00011_00022.png
client_3,4351,52,54,5,6,47,48,2,Train/2/00002_00052_00001.png
client_3,33230,52,53,5,5,47,48,33,Train/33/00033_00004_00020.png
client_3,14496,29,29,5,5,24,24,9,Train/9/00009_00031_00006.png
client_3,31472,39,39,6,6,34,34,29,Train/29/00029_00004_00002.png
client_3,36139,44,46,6,5,39,41,38,Train/38/00038_00004_00020.png
client_3,14327,42,42,5,5,37,37,9,Train/9/00009_00025_00017.png
client_3,28027,54,50,5,6,49,45,23,Train/23/00023_00011_00007.png
client_3,23380,32,35,5,5,26,29,14,Train/14/00014_00025_00010.png
client_3,38397,70,68,7,6,63,62,40,Train/40/00040_00000_00028.png
client_3,24106,38,38,6,5,33,33,16,Train/16/00016_00002_00016.png
client_3,8004,63,62,5,5,58,57,4,Train/4/00004_00051_00024.png
client_3,30496,46,39,6,5,41,34,26,Train/26/00026_00017_00016.png
client_3,38578,144,141,13,12,132,129,40,Train/40/00040_00006_00029.png
client_3,19215,35,35,6,6,30,30,12,Train/12/00012_00028_00015.png
client_3,6531,53,55,5,6,48,50,4,Train/4/00004_00002_00021.png
client_3,14512,39,38,6,5,33,33,9,Train/9/00009_00031_00022.png
client_3,34990,40,40,5,5,35,35,35,Train/35/00035_00026_00011.png
client_3,28986,35,36,5,6,29,31,25,Train/25/00025_00017_00006.png
client_3,4326,34,33,6,6,29,28,2,Train/2/00002_00051_00006.png
client_3,3696,36,33,6,6,31,27,2,Train/2/00002_00030_00006.png
client_3,9657,55,58,5,5,50,53,5,Train/5/00005_00040_00027.png
client_3,29573,60,54,5,5,55,49,25,Train/25/00025_00036_00023.png
client_3,1629,29,30,6,6,24,25,1,Train/1/00001_00035_00009.png
client_3,26975,39,38,6,6,34,33,21,Train/21/00021_00000_00005.png
client_3,4468,77,82,7,7,71,75,2,Train/2/00002_00055_00028.png
client_3,24040,64,63,6,5,59,58,16,Train/16/00016_00000_00010.png
client_3,34673,70,71,6,7,64,65,35,Train/35/00035_00015_00024.png
client_3,19143,32,31,6,5,27,26,12,Train/12/00012_00026_00003.png
client_3,20244,82,83,7,8,75,76,12,Train/12/00012_00062_00024.png
client_3,13593,28,27,6,6,23,22,9,Train/9/00009_00001_00003.png
client_3,1198,83,84,8,8,76,77,1,Train/1/00001_00020_00028.png
client_3,34068,47,48,5,5,42,43,34,Train/34/00034_00009_00019.png
client_3,36726,35,36,5,6,30,31,38,Train/38/00038_00024_00007.png
client_3,24047,83,83,7,7,76,76,16,Train/16/00016_00000_00017.png
client_3,7974,50,54,5,5,45,48,4,Train/4/00004_00050_00024.png
client_3,29327,75,71,7,7,69,65,25,Train/25/00025_00028_00017.png
client_3,34148,34,32,6,6,29,27,34,Train/34/00034_00012_00009.png
client_3,30944,44,40,6,5,39,35,28,Train/28/00028_00004_00014.png
client_3,10132,58,57,6,6,53,52,5,Train/5/00005_00056_00022.png
client_3,33309,53,55,5,6,47,49,33,Train/33/00033_00007_00009.png
client_3,27007,36,34,6,6,31,29,21,Train/21/00021_00001_00007.png
client_3,13850,53,52,5,5,47,47,9,Train/9/00009_00009_00020.png
client_3,29588,36,32,6,5,31,27,25,Train/25/00025_00037_00008.png
client_3,4761,87,89,8,8,80,81,2,Train/2/00002_00065_00021.png
client_3,8081,46,47,5,5,41,42,4,Train/4/00004_00054_00011.png
client_3,4414,30,31,5,6,25,26,2,Train/2/00002_00054_00004.png
client_3,14479,40,41,5,5,35,36,9,Train/9/00009_00030_00019.png
client_3,4076,58,59,6,5,53,54,2,Train/2/00002_00042_00026.png
client_3,30539,118,98,10,8,107,89,26,Train/26/00026_00018_00029.png
client_3,38714,49,51,6,6,44,46,40,Train/40/00040_00011_00015.png
client_3,3352,52,53,5,6,47,48,2,Train/2/00002_00018_00022.png
client_3,9373,33,32,6,5,28,27,5,Train/5/00005_00031_00013.png
client_3,35598,48,48,6,6,43,43,36,Train/36/00036_00006_00019.png
client_3,27883,43,41,5,6,38,36,23,Train/23/00023_00006_00013.png
client_3,8829,35,33,6,5,29,28,5,Train/5/00005_00013_00009.png
client_3,32455,84,75,8,7,77,69,31,Train/31/00031_00012_00025.png
client_3,33736,43,45,6,5,38,40,33,Train/33/00033_00021_00017.png
client_3,33339,54,56,6,6,49,50,33,Train/33/00033_00008_00009.png
client_3,13747,30,30,6,6,25,25,9,Train/9/00009_00006_00007.png
client_3,7465,65,67,6,6,60,61,4,Train/4/00004_00033_00025.png
client_3,4936,33,32,6,5,28,27,2,Train/2/00002_00071_00016.png
client_3,27077,53,48,6,5,48,43,21,Train/21/00021_00003_00017.png
client_3,14622,41,40,6,5,35,34,9,Train/9/00009_00035_00012.png
client_3,39087,68,71,6,6,62,65,42,Train/42/00042_00003_00028.png
client_3,28025,52,47,5,5,47,42,23,Train/23/00023_00011_00005.png
client_3,39191,32,34,5,6,27,29,42,Train/42/00042_00007_00012.png
client_3,10245,33,36,6,6,28,31,5,Train/5/00005_00060_00015.png
client_3,3765,39,37,5,5,34,32,2,Train/2/00002_00032_00015.png
client_3,24219,84,83,8,7,77,76,16,Train/16/00016_00006_00009.png
client_3,27662,33,31,6,6,28,26,22,Train/22/00022_00012_00002.png
client_3,27732,92,82,9,7,84,75,23,Train/23/00023_00001_00012.png
client_3,3812,29,29,6,5,24,24,2,Train/2/00002_00034_00002.png
client_3,19350,35,42,5,5,30,37,12,Train/12/00012_00033_00000.png
client_3,13996,47,47,5,5,42,42,9,Train/9/00009_00014_00016.png
client_3,20188,86,87,7,8,79,80,12,Train/12/00012_00060_00028.png
client_3,31363,37,53,5,5,32,48,29,Train/29/00029_00000_00013.png
client_3,31544,41,40,6,5,36,34,29,Train/29/00029_00006_00014.png
client_3,27493,40,35,5,5,35,30,22,Train/22/00022_00006_00013.png
client_3,14838,58,59,5,6,53,54,9,Train/9/00009_00042_00018.png
client_3,12233,56,53,6,5,51,48,8,Train/8/00008_00002_00023.png
client_3,20217,86,86,7,7,79,79,12,Train/12/00012_00061_00027.png
client_3,934,30,32,6,6,25,27,1,Train/1/00001_00012_00004.png
client_3,18432,44,46,6,6,38,41,12,Train/12/00012_00002_00012.png
client_3,13791,53,53,6,6,48,48,9,Train/9/00009_00007_00021.png
client_3,14912,31,35,5,6,26,30,9,Train/9/00009_00045_00002.png
client_3,39119,26,25,5,5,20,20,42,Train/42/00042_00005_00000.png
client_3,28160,81,71,8,6,74,65,23,Train/23/00023_00015_00020.png
client_3,8161,29,30,5,6,24,25,4,Train/4/00004_00057_00001.png
client_3,33684,37,38,6,6,31,33,33,Train/33/00033_00019_00024.png
client_3,38667,98,96,8,9,89,88,40,Train/40/00040_00009_00028.png
client_3,34460,71,69,6,6,65,63,35,Train/35/00035_00008_00021.png
client_3,28425,53,50,5,6,48,45,24,Train/24/00024_00007_00015.png
client_3,27096,34,31,6,5,29,26,21,Train/21/00021_00004_00006.png
client_3,14298,44,47,5,5,38,42,9,Train/9/00009_00024_00018.png
client_3,38117,40,41,5,5,35,36,39,Train/39/00039_00001_00018.png
client_3,33634,31,35,6,5,25,29,33,Train/33/00033_00018_00004.png
client_3,33639,32,40,5,5,26,35,33,Train/33/00033_00018_00009.png
client_3,27744,158,147,13,12,144,134,23,Train/23/00023_00001_00024.png
client_3,13397,40,41,5,6,35,36,8,Train/8/00008_00041_00017.png
client_3,22919,140,134,13,11,128,123,14,Train/14/00014_00009_00029.png
client_3,34756,40,40,5,5,34,35,35,Train/35/00035_00018_00017.png
client_3,22078,137,124,12,10,126,113,13,Train/13/00013_00053_00028.png
client_3,38145,57,62,6,5,52,57,39,Train/39/00039_00002_00016.png
client_3,13992,41,43,5,6,36,38,9,Train/9/00009_00014_00012.png
client_3,17082,70,67,7,6,64,61,11,Train/11/00011_00001_00012.png
client_3,38428,95,94,8,8,86,86,40,Train/40/00040_00001_00029.png
client_3,18684,85,71,8,6,78,65,12,Train/12/00012_00010_00024.png
client_3,19406,117,117,11,11,107,107,12,Train/12/00012_00034_00026.png
client_3,7563,32,32,6,6,27,27,4,Train/4/00004_00037_00003.png
client_3,14630,55,56,6,6,50,50,9,Train/9/00009_00035_00020.png
client_3,33555,34,41,5,6,29,36,33,Train/33/00033_00015_00015.png
client_3,35300,48,48,5,6,43,43,35,Train/35/00035_00036_00021.png
client_3,3484,30,31,6,6,25,26,2,Train/2/00002_00023_00004.png
client_3,14183,30,31,5,6,25,26,9,Train/9/00009_00020_00023.png
client_3,19388,60,61,6,6,55,55,12,Train/12/00012_00034_00008.png
client_3,33557,37,42,5,5,31,37,33,Train/33/00033_00015_00017.png
client_3,23106,57,57,5,5,52,52,14,Train/14/00014_00016_00006.png
client_3,24377,38,38,6,6,32,33,16,Train/16/00016_00011_00017.png
client_3,3164,61,58,6,5,56,53,2,Train/2/00002_00012_00014.png
client_3,17261,53,51,5,6,48,45,11,Train/11/00011_00007_00011.png
client_3,17704,55,51,6,5,50,46,11,Train/11/00011_00022_00004.png
client_3,26990,69,64,7,6,63,59,21,Train/21/00021_00000_00020.png
client_3,14152,45,44,6,5,40,39,9,Train/9/00009_00019_00022.png
client_3,34895,33,34,6,6,28,29,35,Train/35/00035_00023_00006.png
client_3,18374,35,38,6,5,30,33,12,Train/12/00012_00000_00014.png
client_3,18686,101,84,9,8,93,77,12,Train/12/00012_00010_00026.png
client_3,27150,32,32,5,6,27,27,21,Train/21/00021_00006_00000.png
client_3,9166,37,37,6,6,32,32,5,Train/5/00005_00024_00016.png
client_3,38728,62,69,6,7,57,62,40,Train/40/00040_00011_00029.png
client_3,4181,37,40,6,6,32,35,2,Train/2/00002_00046_00011.png
client_3,36940,43,43,5,5,38,38,38,Train/38/00038_00031_00011.png
client_3,13764,54,54,5,6,49,49,9,Train/9/00009_00006_00024.png
client_3,9984,59,59,6,6,54,54,5,Train/5/00005_00051_00024.png
client_3,38402,30,32,5,6,25,26,40,Train/40/00040_00001_00003.png
client_3,19266,34,34,5,5,29,29,12,Train/12/00012_00030_00006.png
client_3,13586,55,55,5,5,50,50,9,Train/9/00009_00000_00026.png
client_3,14646,39,37,6,5,33,32,9,Train/9/00009_00036_00006.png
client_3,34233,29,30,6,6,24,25,35,Train/35/00035_00001_00004.png
client_3,31020,58,50,6,5,53,45,28,Train/28/00028_00007_00000.png
client_3,33031,28,28,5,5,22,22,32,Train/32/00032_00006_00001.png
client_3,27880,40,36,6,6,35,31,23,Train/23/00023_00006_00010.png
client_3,35223,33,36,6,6,28,31,35,Train/35/00035_00034_00004.png
client_3,31039,81,69,8,7,74,63,28,Train/28/00028_00007_00019.png
client_3,8076,39,40,5,6,34,35,4,Train/4/00004_00054_00006.png
client_3,13737,70,71,6,6,64,65,9,Train/9/00009_00005_00027.png
client_3,20147,42,41,6,5,37,36,12,Train/12/00012_00059_00017.png
client_3,11859,35,35,5,5,30,30,7,Train/7/00007_00038_00009.png
client_3,13727,41,41,6,6,35,35,9,Train/9/00009_00005_00017.png
client_3,38449,56,55,6,5,50,49,40,Train/40/00040_00002_00020.png
client_3,3262,92,93,8,9,84,84,2,Train/2/00002_00015_00022.png
client_3,3756,32,32,5,6,27,27,2,Train/2/00002_00032_00006.png
client_3,28658,32,30,6,5,27,25,25,Train/25/00025_00006_00008.png
client_3,38997,64,64,6,5,59,59,42,Train/42/00042_00000_00028.png
client_3,38601,54,56,6,6,49,51,40,Train/40/00040_00007_00022.png
client_3,20204,47,49,5,5,42,44,12,Train/12/00012_00061_00014.png
client_3,20101,38,37,5,5,33,32,12,Train/12/00012_00058_00001.png
client_3,7972,46,49,5,5,41,44,4,Train/4/00004_00050_00022.png
client_3,4778,36,41,5,6,31,36,2,Train/2/00002_00066_00008.png
client_3,13133,47,47,5,5,41,42,8,Train/8/00008_00032_00023.png
client_3,3551,34,33,6,5,28,27,2,Train/2/00002_00025_00011.png
client_3,18381,45,51,5,5,40,46,12,Train/12/00012_00000_00021.png
client_3,4389,35,34,5,5,30,28,2,Train/2/00002_00053_00009.png
client_3,24090,26,27,5,6,21,22,16,Train/16/00016_00002_00000.png
client_3,2000,56,55,6,5,51,50,1,Train/1/00001_00047_00020.png
client_3,28139,116,104,11,9,111,95,23,Train/23/00023_00014_00029.png
client_3,7493,49,49,5,5,44,44,4,Train/4/00004_00034_00023.png
client_3,18673,48,40,6,6,43,35,12,Train/12/00012_00010_00013.png
client_3,8069,127,122,11,11,116,112,4,Train/4/00004_00053_00029.png
client_3,19367,47,54,5,5,42,49,12,Train/12/00012_00033_00017.png
client_3,27293,70,62,7,5,64,57,21,Train/21/00021_00010_00023.png
client_3,19851,45,47,5,5,40,41,12,Train/12/00012_00049_00021.png
client_3,13635,52,52,6,5,47,46,9,Train/9/00009_00002_00015.png
client_3,31357,32,42,6,5,27,37,29,Train/29/00029_00000_00007.png
client_3,14645,38,37,6,5,33,32,9,Train/9/00009_00036_00005.png
client_3,4333,42,42,5,5,37,37,2,Train/2/00002_00051_00013.png
client_3,4250,38,35,6,5,33,30,2,Train/2/00002_00048_00020.png
client_3,34880,49,48,5,6,44,43,35,Train/35/00035_00022_00021.png
client_3,22880,52,63,5,6,47,58,14,Train/14/00014_00008_00020.png
client_3,13595,29,28,5,5,23,22,9,Train/9/00009_00001_00005.png
client_3,4937,33,34,5,6,28,29,2,Train/2/00002_00071_00017.png
client_3,20029,53,52,6,5,48,47,12,Train/12/00012_00055_00019.png
client_3,17391,75,69,7,7,69,62,11,Train/11/00011_00011_00021.png
client_3,33679,35,37,6,6,30,32,33,Train/33/00033_00019_00019.png
client_3,29402,34,33,5,6,29,28,25,Train/25/00025_00031_00002.png
client_3,9587,38,39,5,5,32,33,5,Train/5/00005_00038_00017.png
client_3,19852,46,48,5,6,41,43,12,Train/12/00012_00049_00022.png
client_3,11509,42,43,5,5,36,38,7,Train/7/00007_00026_00019.png
client_3,27251,43,42,5,5,38,37,21,Train/21/00021_00009_00011.png
client_3,17489,131,117,11,11,119,107,11,Train/11/00011_00014_00029.png
client_3,34904,40,40,6,5,35,35,35,Train/35/00035_00023_00015.png
client_3,6453,44,43,6,5,39,38,4,Train/4/00004_00000_00003.png
client_3,8388,40,40,6,6,35,35,4,Train/4/00004_00064_00018.png
client_3,27261,64,61,5,6,59,56,21,Train/21/00021_00009_00021.png
client_3,14585,29,29,6,6,24,24,9,Train/9/00009_00034_00005.png
client_3,19011,56,59,5,6,51,54,12,Train/12/00012_00021_00021.png
client_3,38381,46,42,5,5,40,36,40,Train/40/00040_00000_00012.png
client_3,18597,83,83,7,8,76,76,12,Train/12/00012_00007_00027.png
client_3,3897,73,75,7,7,67,69,2,Train/2/00002_00036_00027.png
client_3,29449,40,38,5,5,34,33,25,Train/25/00025_00032_00019.png
client_3,11901,46,46,5,5,41,41,7,Train/7/00007_00039_00021.png
client_3,18818,40,41,6,5,35,36,12,Train/12/00012_00015_00008.png
client_3,38243,67,69,6,7,61,63,39,Train/39/00039_00005_00024.png
client_3,33426,35,35,5,5,30,30,33,Train/33/00033_00011_00006.png
client_3,9770,50,53,5,5,45,48,5,Train/5/00005_00044_00020.png
client_3,19427,47,48,6,6,42,43,12,Train/12/00012_00035_00017.png
client_3,1803,44,43,6,5,39,38,1,Train/1/00001_00041_00003.png
client_3,38425,75,75,7,7,69,69,40,Train/40/00040_00001_00026.png
client_3,7705,55,56,6,6,50,50,4,Train/4/00004_00041_00025.png
client_3,14508,33,34,5,5,28,28,9,Train/9/00009_00031_00018.png
client_3,14544,69,69,7,7,63,63,9,Train/9/00009_00032_00024.png
client_3,38502,53,56,5,6,48,51,40,Train/40/00040_00004_00013.png
client_3,35019,35,35,6,5,29,29,35,Train/35/00035_00027_00010.png
client_3,14548,95,95,9,9,87,87,9,Train/9/00009_00032_00028.png
client_3,3120,28,26,6,5,22,20,2,Train/2/00002_00011_00000.png
client_3,29777,55,51,5,5,50,46,25,Train/25/00025_00043_00017.png
client_3,13602,33,34,5,6,28,29,9,Train/9/00009_00001_00012.png
client_3,38335,71,71,6,6,65,65,39,Train/39/00039_00008_00026.png
client_3,1351,50,52,5,5,44,46,1,Train/1/00001_00026_00001.png
client_3,33622,46,64,5,5,40,59,33,Train/33/00033_00017_00022.png
client_3,18056,107,97,10,8,97,88,11,Train/11/00011_00033_00026.png
client_3,14756,41,41,5,5,36,36,9,Train/9/00009_00039_00026.png
client_3,33507,98,97,8,8,90,89,33,Train/33/00033_00013_00027.png
client_3,4507,30,31,5,6,25,26,2,Train/2/00002_00057_00007.png
client_3,27440,48,46,6,5,43,41,22,Train/22/00022_00004_00020.png
client_3,35609,30,29,6,5,25,24,36,Train/36/00036_00007_00000.png
client_3,27731,86,82,7,8,78,74,23,Train/23/00023_00001_00011.png
client_3,14745,41,41,5,5,36,36,9,Train/9/00009_00039_00015.png
client_3,33554,34,39,5,5,28,34,33,Train/33/00033_00015_00014.png
client_3,7826,55,54,6,6,49,49,4,Train/4/00004_00045_00026.png
client_3,14280,29,32,5,6,24,27,9,Train/9/00009_00024_00000.png
client_3,28108,94,83,9,7,86,76,23,Train/23/00023_00013_00028.png
client_3,19099,57,56,6,5,52,51,12,Train/12/00012_00024_00019.png
client_3,38633,98,98,8,8,90,90,40,Train/40/00040_00008_00024.png
client_3,27730,84,81,8,8,77,73,23,Train/23/00023_00001_00010.png
client_3,20156,72,72,7,7,66,66,12,Train/12/00012_00059_00026.png
client_3,38537,80,76,7,6,73,70,40,Train/40/00040_00005_00018.png
client_3,18581,39,40,6,5,33,34,12,Train/12/00012_00007_00011.png
client_3,33423,32,32,5,5,27,27,33,Train/33/00033_00011_00003.png
client_3,31310,58,60,5,6,53,55,28,Train/28/00028_00016_00020.png
client_3,31152,45,43,6,6,40,38,28,Train/28/00028_00011_00012.png
client_3,29464,38,36,6,5,33,30,25,Train/25/00025_00033_00004.png
client_3,33301,41,41,5,5,36,36,33,Train/33/00033_00007_00001.png
client_3,4557,56,57,5,5,51,51,2,Train/2/00002_00058_00027.png
client_3,7106,81,80,8,8,74,73,4,Train/4/00004_00021_00026.png
client_3,8131,27,28,5,5,22,23,4,Train/4/00004_00056_00001.png
client_3,14932,64,70,6,6,59,64,9,Train/9/00009_00045_00022.png
client_3,33007,28,31,5,6,23,25,32,Train/32/00032_00005_00007.png
client_3,2869,35,37,5,5,30,32,2,Train/2/00002_00002_00019.png
client_3,36494,51,60,6,6,46,55,38,Train/38/00038_00016_00015.png
client_3,19735,71,72,7,6,65,66,12,Train/12/00012_00045_00025.png
client_3,2834,38,38,6,5,33,33,2,Train/2/00002_00001_00014.png
client_3,3088,142,134,12,11,130,123,2,Train/2/00002_00009_00028.png
client_3,32619,45,41,6,5,40,36,31,Train/31/00031_00018_00009.png
client_3,8308,60,63,5,6,55,58,4,Train/4/00004_00061_00028.png
client_3,18913,42,43,5,6,37,38,12,Train/12/00012_00018_00013.png
client_3,7998,46,44,5,5,41,39,4,Train/4/00004_00051_00018.png
client_3,18069,45,44,6,6,39,38,11,Train/11/00011_00034_00009.png
client_3,2898,59,59,5,6,53,54,2,Train/2/00002_00003_00018.png
client_3,18784,37,38,6,6,31,32,12,Train/12/00012_00014_00004.png
client_3,28514,87,83,8,8,80,76,25,Train/25/00025_00001_00014.png
client_3,13944,74,76,6,7,68,70,9,Train/9/00009_00012_00024.png
client_3,11524,28,29,5,5,23,24,7,Train/7/00007_00027_00004.png
client_3,27266,98,89,9,8,90,82,21,Train/21/00021_00009_00026.png
client_3,39011,37,37,6,5,32,32,42,Train/42/00042_00001_00012.png
client_3,18677,57,47,6,6,51,41,12,Train/12/00012_00010_00017.png
client_3,7062,32,32,6,6,27,27,4,Train/4/00004_00020_00012.png
client_3,20160,41,41,6,6,36,36,12,Train/12/00012_00060_00000.png
client_3,14791,28,28,6,5,23,23,9,Train/9/00009_00041_00001.png
client_3,31542,39,36,5,6,33,31,29,Train/29/00029_00006_00012.png
client_3,29512,88,77,7,7,81,71,25,Train/25/00025_00034_00022.png
client_3,7577,43,43,6,6,38,38,4,Train/4/00004_00037_00017.png
client_3,12228,41,40,5,5,36,35,8,Train/8/00008_00002_00018.png
client_3,24116,53,54,5,6,48,49,16,Train/16/00016_00002_00026.png
client_3,9283,39,38,5,5,34,33,5,Train/5/00005_00028_00013.png
client_3,4424,37,37,5,5,31,31,2,Train/2/00002_00054_00014.png
client_3,34520,60,62,5,6,55,57,35,Train/35/00035_00010_00021.png
client_3,36174,59,62,5,6,53,56,38,Train/38/00038_00005_00025.png
client_3,14087,41,45,5,5,36,40,9,Train/9/00009_00017_00017.png
client_3,8536,36,35,6,6,31,30,5,Train/5/00005_00003_00016.png
client_3,14153,44,45,5,6,39,40,9,Train/9/00009_00019_00023.png
client_3,13630,47,46,6,6,41,40,9,Train/9/00009_00002_00010.png
client_3,27036,35,33,5,5,30,28,21,Train/21/00021_00002_00006.png
client_3,34863,38,39,5,6,33,34,35,Train/35/00035_00022_00004.png
client_3,14337,81,81,8,8,74,74,9,Train/9/00009_00025_00027.png
client_3,28939,72,64,6,5,66,59,25,Train/25/00025_00015_00019.png
client_3,24227,100,101,8,9,92,93,16,Train/16/00016_00006_00017.png
client_3,24126,34,35,5,5,29,30,16,Train/16/00016_00003_00006.png
client_3,19524,72,72,7,7,66,66,12,Train/12/00012_00038_00024.png
client_3,27367,39,37,6,5,34,32,22,Train/22/00022_00002_00007.png
client_3,14772,43,43,6,5,38,38,9,Train/9/00009_00040_00012.png
client_3,729,34,35,5,6,29,30,1,Train/1/00001_00005_00009.png
client_3,34721,43,44,5,5,37,39,35,Train/35/00035_00017_00012.png
client_3,17977,45,44,5,6,39,38,11,Train/11/00011_00031_00007.png
client_3,38561,48,49,5,6,42,43,40,Train/40/00040_00006_00012.png
client_3,2828,31,30,6,5,26,25,2,Train/2/00002_00001_00008.png
client_3,19569,42,42,5,5,37,37,12,Train/12/00012_00040_00009.png
client_3,39041,34,33,6,5,28,27,42,Train/42/00042_00002_00012.png
client_3,6623,93,96,8,9,85,87,4,Train/4/00004_00005_00023.png
client_3,24094,29,29,5,5,24,24,16,Train/16/00016_00002_00004.png
client_3,28044,110,98,10,9,101,89,23,Train/23/00023_00011_00024.png
client_3,3549,30,30,5,5,25,25,2,Train/2/00002_00025_00009.png
client_3,24119,68,68,6,7,62,62,16,Train/16/00016_00002_00029.png
client_3,33980,35,38,5,5,30,33,34,Train/34/00034_00006_00021.png
client_3,18150,32,34,5,5,27,29,11,Train/11/00011_00037_00000.png
client_3,3577,34,35,6,6,29,30,2,Train/2/00002_00026_00007.png
client_3,23960,108,130,10,11,99,119,15,Train/15/00015_00018_00020.png
client_3,4412,30,30,6,6,25,25,2,Train/2/00002_00054_00002.png
client_3,14397,63,62,5,6,58,57,9,Train/9/00009_00027_00027.png
client_3,14864,38,36,5,5,32,30,9,Train/9/00009_00043_00014.png
client_3,31110,43,39,5,5,38,34,28,Train/28/00028_00010_00000.png
client_3,14454,80,77,8,7,73,71,9,Train/9/00009_00029_00024.png
client_3,39084,56,56,6,5,51,51,42,Train/42/00042_00003_00025.png
client_3,8020,31,30,6,5,26,25,4,Train/4/00004_00052_00010.png
client_3,27639,40,38,6,5,35,33,22,Train/22/00022_00011_00009.png
client_3,14114,37,36,6,6,32,31,9,Train/9/00009_00018_00014.png
client_3,2889,53,53,5,6,48,48,2,Train/2/00002_00003_00009.png
client_3,35312,36,41,5,6,31,36,35,Train/35/00035_00037_00003.png
client_3,14323,38,39,5,6,33,34,9,Train/9/00009_00025_00013.png
client_3,18851,34,33,6,5,29,28,12,Train/12/00012_00016_00011.png
client_3,33452,35,31,6,5,30,26,33,Train/33/00033_00012_00002.png
client_3,33771,51,50,5,5,45,45,33,Train/33/00033_00022_00022.png
client_3,20165,42,42,5,5,37,37,12,Train/12/00012_00060_00005.png
client_3,31202,44,44,5,5,39,39,28,Train/28/00028_00013_00002.png
client_3,33496,57,55,6,6,51,50,33,Train/33/00033_00013_00016.png
client_3,19093,50,50,5,5,45,45,12,Train/12/00012_00024_00013.png
client_3,18696,40,42,5,6,35,37,12,Train/12/00012_00011_00006.png
client_3,35212,65,70,6,7,60,64,35,Train/35/00035_00033_00023.png
client_3,4301,31,31,6,5,26,25,2,Train/2/00002_00050_00011.png
client_3,19930,106,104,9,9,96,95,12,Train/12/00012_00052_00010.png
client_3,556,54,56,5,5,48,50,0,Train/0/00000_00006_00016.png
client_3,28182,49,49,5,6,44,44,23,Train/23/00023_00016_00012.png
client_3,19999,52,52,6,5,47,47,12,Train/12/00012_00054_00019.png
client_3,5026,38,39,5,5,33,34,2,Train/2/00002_00074_00016.png
client_3,11623,33,32,6,5,28,27,7,Train/7/00007_00030_00013.png
client_3,29302,80,72,8,7,73,66,25,Train/25/00025_00027_00022.png
client_3,17806,46,41,6,5,41,36,11,Train/11/00011_00025_00016.png
client_3,28922,35,33,6,6,30,28,25,Train/25/00025_00015_00002.png
client_3,14243,54,57,5,5,49,52,9,Train/9/00009_00022_00023.png
client_3,34729,61,63,5,6,56,58,35,Train/35/00035_00017_00020.png
client_3,20085,46,48,6,5,41,42,12,Train/12/00012_00057_00015.png
client_3,33317,75,81,6,8,69,74,33,Train/33/00033_00007_00017.png
client_3,8165,30,30,5,5,25,25,4,Train/4/00004_00057_00005.png
client_3,30910,42,39,5,6,36,33,28,Train/28/00028_00003_00010.png
client_3,34072,55,57,5,6,50,52,34,Train/34/00034_00009_00023.png
client_3,13717,31,30,6,5,26,25,9,Train/9/00009_00005_00007.png
client_3,20319,49,51,5,6,44,46,12,Train/12/00012_00065_00009.png
client_3,20162,43,42,6,5,38,37,12,Train/12/00012_00060_00002.png
client_3,3519,34,34,6,6,29,29,2,Train/2/00002_00024_00009.png
client_3,14214,63,67,5,6,58,61,9,Train/9/00009_00021_00024.png
client_3,19872,40,39,6,5,35,34,12,Train/12/00012_00050_00012.png
client_3,37032,34,36,5,5,29,31,38,Train/38/00038_00034_00013.png
client_3,3644,40,40,6,6,35,35,2,Train/2/00002_00028_00014.png
client_3,28969,49,48,5,5,44,43,25,Train/25/00025_00016_00019.png
client_3,38546,117,108,11,9,107,99,40,Train/40/00040_00005_00027.png
client_3,14252,31,33,6,6,26,28,9,Train/9/00009_00023_00002.png
client_3,28616,70,62,7,6,64,57,25,Train/25/00025_00004_00026.png
client_3,33674,34,34,6,5,29,29,33,Train/33/00033_00019_00014.png
client_3,7737,69,69,6,7,62,62,4,Train/4/00004_00042_00027.png
client_3,38573,92,89,9,8,84,82,40,Train/40/00040_00006_00024.png
client_3,33670,33,34,6,6,28,29,33,Train/33/00033_00019_00010.png
client_3,13876,54,54,6,6,49,49,9,Train/9/00009_00010_00016.png
client_3,21688,123,110,10,10,113,101,13,Train/13/00013_00040_00028.png
client_3,26991,72,68,7,6,65,61,21,Train/21/00021_00000_00021.png
client_3,1683,28,27,6,6,23,22,1,Train/1/00001_00037_00003.png
client_3,6686,50,51,6,6,45,46,4,Train/4/00004_00007_00026.png
client_3,6874,30,30,6,6,24,25,4,Train/4/00004_00014_00004.png
client_3,19037,47,45,6,5,42,40,12,Train/12/00012_00022_00017.png
client_3,19605,34,34,5,5,29,29,12,Train/12/00012_00041_00015.png
client_3,33873,47,48,6,6,42,43,34,Train/34/00034_00003_00004.png
client_3,19745,30,35,5,6,25,30,12,Train/12/00012_00046_00005.png
client_3,18859,42,41,5,5,36,35,12,Train/12/00012_00016_00019.png
client_3,27037,35,33,5,5,30,28,21,Train/21/00021_00002_00007.png
client_3,20109,46,44,5,6,40,38,12,Train/12/00012_00058_00009.png
client_3,19584,82,82,7,7,75,75,12,Train/12/00012_00040_00024.png
client_3,27092,31,29,5,5,26,24,21,Train/21/00021_00004_00002.png
client_3,36162,36,36,6,5,31,30,38,Train/38/00038_00005_00013.png
client_3,33995,29,29,6,6,24,24,34,Train/34/00034_00007_00006.png
client_3,33114,75,82,6,8,68,74,33,Train/33/00033_00000_00024.png
client_3,4744,44,43,6,5,38,38,2,Train/2/00002_00065_00004.png
client_3,3072,52,51,5,6,46,46,2,Train/2/00002_00009_00012.png
client_3,5414,38,39,5,6,33,34,3,Train/3/00003_00012_00014.png
client_3,14627,48,47,6,5,42,41,9,Train/9/00009_00035_00017.png
client_3,34583,54,56,5,6,49,50,35,Train/35/00035_00012_00024.png
client_3,31414,39,38,5,6,34,33,29,Train/29/00029_00002_00004.png
client_3,14531,39,40,5,6,34,35,9,Train/9/00009_00032_00011.png
client_3,3920,45,45,5,5,40,40,2,Train/2/00002_00037_00020.png
client_3,31324,37,35,5,5,31,29,28,Train/28/00028_00017_00004.png
client_3,14399,74,80,6,8,68,73,9,Train/9/00009_00027_00029.png
client_3,6600,43,42,6,5,38,37,4,Train/4/00004_00005_00000.png
client_3,19575,51,51,5,5,46,46,12,Train/12/00012_00040_00015.png
client_3,39161,36,37,5,6,31,32,42,Train/42/00042_00006_00012.png
client_3,14734,41,41,5,5,36,36,9,Train/9/00009_00039_00004.png
client_3,38969,27,28,5,6,22,23,42,Train/42/00042_00000_00000.png
client_3,8266,39,40,6,6,34,35,4,Train/4/00004_00060_00016.png
client_3,34993,42,42,5,5,37,37,35,Train/35/00035_00026_00014.png
client_3,33975,33,35,6,5,28,30,34,Train/34/00034_00006_00016.png
client_3,18220,35,33,6,6,30,28,11,Train/11/00011_00039_00010.png
client_3,14990,43,44,6,5,38,39,9,Train/9/00009_00047_00020.png
client_3,28785,54,52,5,6,49,47,25,Train/25/00025_00010_00015.png
client_3,8194,29,29,5,5,24,24,4,Train/4/00004_00058_00004.png
client_3,2819,107,105,10,10,98,96,2,Train/2/00002_00000_00029.png
client_3,14435,31,32,6,6,26,27,9,Train/9/00009_00029_00005.png
client_3,3098,31,31,5,6,26,26,2,Train/2/00002_00010_00008.png
client_3,13745,30,28,6,5,24,23,9,Train/9/00009_00006_00005.png
client_3,29642,29,26,6,5,24,21,25,Train/25/00025_00039_00002.png
client_3,35260,37,34,6,5,31,29,35,Train/35/00035_00035_00011.png
client_3,36521,39,39,6,6,34,34,38,Train/38/00038_00017_00012.png
client_3,27571,33,30,5,6,28,25,22,Train/22/00022_00009_00001.png
client_3,8178,43,43,5,5,38,38,4,Train/4/00004_00057_00018.png
client_3,38443,43,45,5,6,38,39,40,Train/40/00040_00002_00014.png
client_3,18728,38,37,5,5,32,32,12,Train/12/00012_00012_00008.png
client_3,17479,55,52,5,5,50,46,11,Train/11/00011_00014_00019.png
client_3,4667,49,50,5,6,44,45,2,Train/2/00002_00062_00017.png
client_3,28323,31,30,5,6,26,24,24,Train/24/00024_00004_00003.png
client_3,18618,52,52,6,5,47,46,12,Train/12/00012_00008_00018.png
client_3,14906,76,76,6,7,70,70,9,Train/9/00009_00044_00026.png
client_3,33738,44,49,5,6,38,44,33,Train/33/00033_00021_00019.png
client_3,10747,29,29,6,5,23,23,7,Train/7/00007_00001_00007.png
client_3,22770,52,53,5,6,47,48,14,Train/14/00014_00005_00000.png
client_3,28287,73,67,7,6,67,61,24,Train/24/00024_00002_00027.png
client_3,14773,44,43,6,5,39,38,9,Train/9/00009_00040_00013.png
client_3,5812,50,49,6,5,45,44,3,Train/3/00003_00025_00022.png
client_3,14134,27,28,5,5,22,23,9,Train/9/00009_00019_00004.png
client_3,14395,59,56,6,6,53,51,9,Train/9/00009_00027_00025.png
client_3,6534,63,64,6,5,58,59,4,Train/4/00004_00002_00024.png
client_3,3525,40,39,6,6,35,34,2,Train/2/00002_00024_00015.png
client_3,31213,56,59,5,6,51,53,28,Train/28/00028_00013_00013.png
client_3,7592,32,32,5,5,27,27,4,Train/4/00004_00038_00002.png
client_3,6580,53,53,5,5,48,48,4,Train/4/00004_00004_00010.png
client_3,14717,43,44,6,6,37,38,9,Train/9/00009_00038_00017.png
client_3,19145,32,31,6,5,27,26,12,Train/12/00012_00026_00005.png
client_3,14501,32,31,6,6,26,26,9,Train/9/00009_00031_00011.png
client_3,13671,43,43,5,5,38,38,9,Train/9/00009_00003_00021.png
client_3,38652,36,36,6,5,30,30,40,Train/40/00040_00009_00013.png
client_3,13951,30,32,5,6,25,27,9,Train/9/00009_00013_00001.png
client_3,31236,39,38,5,5,34,33,28,Train/28/00028_00014_00006.png
client_3,3055,57,60,5,6,52,55,2,Train/2/00002_00008_00025.png
client_3,2615,30,30,6,5,25,24,1,Train/1/00001_00068_00005.png
client_3,14196,39,41,5,6,34,36,9,Train/9/00009_00021_00006.png
client_3,1393,40,41,5,6,34,36,1,Train/1/00001_00027_00013.png
client_3,31516,52,46,6,5,47,41,29,Train/29/00029_00005_00016.png
client_3,33615,38,50,5,6,33,44,33,Train/33/00033_00017_00015.png
client_3,1204,28,29,6,5,23,24,1,Train/1/00001_00021_00004.png
client_3,31159,51,47,6,6,46,42,28,Train/28/00028_00011_00019.png
client_3,27102,39,34,5,5,34,29,21,Train/21/00021_00004_00012.png
client_3,14421,69,71,6,7,63,65,9,Train/9/00009_00028_00021.png
client_3,13947,105,109,9,9,96,100,9,Train/9/00009_00012_00027.png
client_3,8146,38,42,5,6,33,37,4,Train/4/00004_00056_00016.png
client_3,3811,27,30,5,6,22,25,2,Train/2/00002_00034_00001.png
client_3,13969,52,53,5,5,47,48,9,Train/9/00009_00013_00019.png
client_3,33105,30,33,5,6,25,28,33,Train/33/00033_00000_00015.png
client_3,19783,50,55,5,6,45,50,12,Train/12/00012_00047_00013.png
client_3,14920,38,41,6,5,33,36,9,Train/9/00009_00045_00010.png
client_3,29500,57,55,6,5,52,50,25,Train/25/00025_00034_00010.png
client_3,19111,31,36,6,5,26,31,12,Train/12/00012_00025_00001.png
client_3,33435,48,48,5,6,43,43,33,Train/33/00033_00011_00015.png
client_3,11104,34,32,6,5,29,27,7,Train/7/00007_00013_00004.png
client_3,19364,45,50,5,5,40,45,12,Train/12/00012_00033_00014.png
client_3,31453,54,49,6,6,49,44,29,Train/29/00029_00003_00013.png
client_3,2838,45,45,6,6,39,40,2,Train/2/00002_00001_00018.png
client_3,3514,30,30,5,5,25,25,2,Train/2/00002_00024_00004.png
client_3,4829,134,130,11,12,122,118,2,Train/2/00002_00067_00029.png
client_3,34629,37,37,6,6,32,32,35,Train/35/00035_00014_00010.png
client_3,27659,84,88,8,8,77,81,22,Train/22/00022_00011_00029.png
client_3,14210,56,56,6,5,51,51,9,Train/9/00009_00021_00020.png
client_3,19567,42,42,5,5,37,37,12,Train/12/00012_00040_00007.png
client_3,34087,33,39,6,6,27,33,34,Train/34/00034_00010_00008.png
client_3,22895,31,32,5,5,25,27,14,Train/14/00014_00009_00005.png
client_3,13906,48,48,6,5,43,43,9,Train/9/00009_00011_00016.png
client_3,3652,46,47,6,6,41,42,2,Train/2/00002_00028_00022.png
client_3,19261,30,32,5,5,25,27,12,Train/12/00012_00030_00001.png
client_3,34857,123,119,11,11,113,109,35,Train/35/00035_00021_00028.png
client_3,13663,35,36,5,6,29,30,9,Train/9/00009_00003_00013.png
client_3,30940,40,38,6,6,35,33,28,Train/28/00028_00004_00010.png
client_3,9386,54,55,6,5,49,50,5,Train/5/00005_00031_00026.png
client_3,3828,45,47,5,5,40,42,2,Train/2/00002_00034_00018.png
client_3,14918,37,39,6,6,31,34,9,Train/9/00009_00045_00008.png
client_3,33651,42,59,6,5,37,54,33,Train/33/00033_00018_00021.png
client_3,13940,55,56,6,5,50,51,9,Train/9/00009_00012_00020.png
client_3,18393,31,28,6,5,25,23,12,Train/12/00012_00001_00003.png
client_3,13817,36,35,5,5,30,30,9,Train/9/00009_00008_00017.png
client_3,14537,49,49,6,6,44,44,9,Train/9/00009_00032_00017.png
client_3,19534,39,39,6,6,34,34,12,Train/12/00012_00039_00004.png
client_3,19098,57,56,6,5,52,51,12,Train/12/00012_00024_00018.png
client_3,23560,30,31,5,6,25,26,15,Train/15/00015_00005_00010.png
client_3,35719,43,43,6,5,38,38,36,Train/36/00036_00010_00020.png
client_3,27836,71,68,7,6,65,62,23,Train/23/00023_00004_00026.png
client_3,1010,46,46,5,5,40,41,1,Train/1/00001_00014_00020.png
client_3,29405,35,33,6,6,30,28,25,Train/25/00025_00031_00005.png
client_3,2842,54,57,5,6,49,52,2,Train/2/00002_00001_00022.png
client_3,5030,43,43,5,5,38,38,2,Train/2/00002_00074_00020.png
client_3,23359,44,43,6,5,39,38,14,Train/14/00014_00024_00019.png
client_3,33232,57,59,6,5,52,54,33,Train/33/00033_00004_00022.png
client_3,3707,45,39,6,5,39,33,2,Train/2/00002_00030_00017.png
client_3,29780,67,61,6,6,61,56,25,Train/25/00025_00043_00020.png
client_3,14144,34,35,5,5,29,30,9,Train/9/00009_00019_00014.png
client_3,27688,109,101,9,9,100,93,22,Train/22/00022_00012_00028.png
client_3,10212,36,35,5,5,30,29,5,Train/5/00005_00059_00012.png
client_3,2918,33,34,5,6,28,29,2,Train/2/00002_00004_00008.png
client_3,29210,73,68,6,6,67,62,25,Train/25/00025_00024_00020.png
client_3,33305,49,48,6,6,43,43,33,Train/33/00033_00007_00005.png
client_3,3163,59,56,6,5,54,51,2,Train/2/00002_00012_00013.png
client_3,7725,39,37,6,5,33,31,4,Train/4/00004_00042_00015.png
client_3,8674,32,32,5,5,27,27,5,Train/5/00005_00008_00004.png
client_3,8403,26,28,5,6,21,23,4,Train/4/00004_00065_00003.png
client_3,14866,41,38,6,5,36,33,9,Train/9/00009_00043_00016.png
client_3,20273,54,56,5,5,49,51,12,Train/12/00012_00063_00023.png
client_3,6760,33,34,5,6,27,29,4,Train/4/00004_00010_00010.png
client_3,18697,42,43,5,5,37,38,12,Train/12/00012_00011_00007.png
client_3,30364,31,29,6,5,25,23,26,Train/26/00026_00013_00004.png
client_3,24431,54,54,5,6,48,49,16,Train/16/00016_00013_00011.png
client_3,33611,35,45,5,6,30,39,33,Train/33/00033_00017_00011.png
client_3,19022,34,35,5,6,29,30,12,Train/12/00012_00022_00002.png
client_3,13896,34,37,5,6,29,32,9,Train/9/00009_00011_00006.png
client_3,7500,28,27,6,5,23,22,4,Train/4/00004_00035_00000.png
client_3,30955,68,60,7,6,62,55,28,Train/28/00028_00004_00025.png
client_3,26982,48,46,5,6,43,41,21,Train/21/00021_00000_00012.png
client_3,4883,31,33,5,6,26,28,2,Train/2/00002_00069_00023.png
client_3,31533,29,29,5,5,24,24,29,Train/29/00029_00006_00003.png
client_3,38610,27,31,6,6,22,26,40,Train/40/00040_00008_00001.png
client_3,19885,72,76,6,6,65,69,12,Train/12/00012_00050_00025.png
client_3,759,47,56,5,6,42,51,1,Train/1/00001_00006_00009.png
client_3,22556,70,71,6,7,64,65,13,Train/13/00013_00069_00026.png
client_3,11871,47,47,5,5,42,42,7,Train/7/00007_00038_00021.png
client_3,27255,49,47,5,5,44,41,21,Train/21/00021_00009_00015.png
client_3,27997,46,42,6,5,40,36,23,Train/23/00023_00010_00007.png
client_3,35143,35,35,6,6,29,30,35,Train/35/00035_00031_00014.png
client_3,6685,47,49,5,6,42,44,4,Train/4/00004_00007_00025.png
client_3,3565,59,61,5,6,54,56,2,Train/2/00002_00025_00025.png
client_3,7251,52,52,6,5,47,47,4,Train/4/00004_00026_00021.png
client_3,8868,45,45,6,6,40,40,5,Train/5/00005_00014_00018.png
client_3,7764,64,64,5,5,59,59,4,Train/4/00004_00043_00024.png
client_3,39059,26,26,5,6,21,21,42,Train/42/00042_00003_00000.png
client_3,3819,35,36,5,5,30,31,2,Train/2/00002_00034_00009.png
client_3,14844,87,87,7,7,80,79,9,Train/9/00009_00042_00024.png
client_3,8507,36,35,6,5,31,30,5,Train/5/00005_00002_00017.png
client_3,3293,62,64,5,5,57,59,2,Train/2/00002_00016_00023.png
client_3,14314,30,31,5,6,25,26,9,Train/9/00009_00025_00004.png
client_3,4621,39,39,5,6,33,34,2,Train/2/00002_00061_00001.png
client_3,19813,47,51,5,6,41,46,12,Train/12/00012_00048_00013.png
client_3,2989,40,41,5,5,35,36,2,Train/2/00002_00006_00019.png
client_3,38501,52,54,5,6,47,49,40,Train/40/00040_00004_00012.png
client_3,24016,40,39,6,5,35,34,15,Train/15/00015_00020_00016.png
client_3,33605,30,37,5,5,25,32,33,Train/33/00033_00017_00005.png
client_3,27698,30,30,5,6,25,25,23,Train/23/00023_00000_00008.png
client_3,2283,31,30,6,5,26,25,1,Train/1/00001_00057_00003.png
client_3,28019,146,129,13,11,134,118,23,Train/23/00023_00010_00029.png
client_3,18067,42,41,6,6,37,36,11,Train/11/00011_00034_00007.png
client_3,18598,88,85,8,7,81,78,12,Train/12/00012_00007_00028.png
client_3,888,44,44,6,6,39,39,1,Train/1/00001_00010_00018.png
client_3,18617,48,49,5,5,43,44,12,Train/12/00012_00008_00017.png
client_3,29392,91,85,8,8,83,77,25,Train/25/00025_00030_00022.png
client_3,35877,129,128,11,12,118,117,37,Train/37/00037_00002_00028.png
client_3,4548,35,34,6,5,30,28,2,Train/2/00002_00058_00018.png
client_3,24033,55,57,6,6,50,52,16,Train/16/00016_00000_00003.png
client_3,30851,46,40,6,5,40,35,28,Train/28/00028_00001_00011.png
client_3,19969,63,52,5,5,58,47,12,Train/12/00012_00053_00019.png
client_3,14434,30,32,5,6,25,27,9,Train/9/00009_00029_00004.png
client_3,14652,45,45,6,6,40,40,9,Train/9/00009_00036_00012.png
client_3,28515,98,86,8,7,90,79,25,Train/25/00025_00001_00015.png
client_3,13971,60,59,5,5,54,54,9,Train/9/00009_00013_00021.png
client_3,34546,39,40,5,6,34,35,35,Train/35/00035_00011_00017.png
client_3,4988,33,33,6,5,28,27,2,Train/2/00002_00073_00008.png
client_3,35938,64,69,6,7,59,63,37,Train/37/00037_00004_00029.png
client_3,31276,43,39,6,5,38,33,28,Train/28/00028_00015_00016.png
client_3,11627,34,34,5,5,29,29,7,Train/7/00007_00030_00017.png
client_3,3161,54,53,5,6,48,48,2,Train/2/00002_00012_00011.png
client_3,11143,48,47,6,5,43,42,7,Train/7/00007_00014_00013.png
client_3,14611,29,31,5,6,24,26,9,Train/9/00009_00035_00001.png
client_3,3808,44,46,6,6,39,41,2,Train/2/00002_00033_00028.png
client_3,27130,39,37,6,6,34,32,21,Train/21/00021_00005_00010.png
client_3,33581,40,41,5,5,35,36,33,Train/33/00033_00016_00011.png
client_3,27257,54,51,6,6,49,46,21,Train/21/00021_00009_00017.png
client_3,34047,72,73,7,6,66,67,34,Train/34/00034_00008_00028.png
client_3,3303,27,28,5,6,22,23,2,Train/2/00002_00017_00003.png
client_3,13760,44,44,5,6,39,39,9,Train/9/00009_00006_00020.png
client_3,35351,35,34,6,5,29,29,35,Train/35/00035_00038_00012.png
client_3,34639,50,50,6,6,44,45,35,Train/35/00035_00014_00020.png
client_3,3272,27,28,5,5,22,23,2,Train/2/00002_00016_00002.png
client_3,7051,30,29,6,6,24,24,4,Train/4/00004_00020_00001.png
client_3,7628,33,33,5,5,28,28,4,Train/4/00004_00039_00008.png
client_3,17639,61,59,6,6,56,54,11,Train/11/00011_00019_00029.png
client_3,13966,46,47,5,5,41,42,9,Train/9/00009_00013_00016.png
client_3,19747,32,36,5,5,27,31,12,Train/12/00012_00046_00007.png
client_3,10189,43,43,6,5,38,37,5,Train/5/00005_00058_00019.png
client_3,34553,46,47,5,6,41,42,35,Train/35/00035_00011_00024.png
client_3,14352,62,60,6,6,57,55,9,Train/9/00009_00026_00012.png
client_3,14964,88,87,8,8,81,80,9,Train/9/00009_00046_00024.png
client_3,35144,34,36,5,6,29,31,35,Train/35/00035_00031_00015.png
client_3,7880,62,60,5,6,57,55,4,Train/4/00004_00047_00020.png
client_3,11095,49,50,5,5,44,45,7,Train/7/00007_00012_00025.png
client_3,27195,51,46,6,5,46,41,21,Train/21/00021_00007_00015.png
client_3,33631,28,34,5,5,23,29,33,Train/33/00033_00018_00001.png
client_3,14265,36,39,5,6,31,34,9,Train/9/00009_00023_00015.png
client_3,31540,39,36,5,6,34,31,29,Train/29/00029_00006_00010.png
client_3,6519,36,36,6,5,31,31,4,Train/4/00004_00002_00009.png
client_3,34840,33,33,6,5,28,28,35,Train/35/00035_00021_00011.png
client_3,27099,37,33,5,5,32,28,21,Train/21/00021_00004_00009.png
client_3,35281,30,30,6,6,25,25,35,Train/35/00035_00036_00002.png
client_3,17396,106,93,10,8,96,85,11,Train/11/00011_00011_00026.png
client_3,27534,105,87,10,7,96,80,22,Train/22/00022_00007_00024.png
client_3,3963,29,28,6,5,24,23,2,Train/2/00002_00039_00003.png
client_3,1747,39,38,5,5,34,33,1,Train/1/00001_00039_00007.png
client_3,19162,55,56,5,6,50,51,12,Train/12/00012_00026_00022.png
client_3,18717,120,119,11,10,110,109,12,Train/12/00012_00011_00027.png
client_3,17403,38,39,5,6,33,33,11,Train/11/00011_00012_00003.png
client_3,24329,52,56,6,6,47,51,16,Train/16/00016_00009_00029.png
client_3,19878,48,49,5,6,42,44,12,Train/12/00012_00050_00018.png
client_3,33050,44,43,6,5,39,38,32,Train/32/00032_00006_00020.png
client_3,29556,43,39,6,5,38,34,25,Train/25/00025_00036_00006.png
client_3,38617,38,38,6,6,33,33,40,Train/40/00040_00008_00008.png
client_3,19643,104,104,9,9,95,95,12,Train/12/00012_00042_00023.png
client_3,13835,33,35,6,6,27,29,9,Train/9/00009_00009_00005.png
client_3,1551,62,64,5,6,56,58,1,Train/1/00001_00032_00021.png
client_3,35349,33,33,6,5,28,28,35,Train/35/00035_00038_00010.png
client_3,20757,75,73,6,7,69,67,13,Train/13/00013_00009_00027.png
client_3,38991,51,52,6,6,45,46,42,Train/42/00042_00000_00022.png
client_3,14312,29,29,5,5,24,24,9,Train/9/00009_00025_00002.png
client_3,20345,38,44,5,6,33,39,12,Train/12/00012_00066_00005.png
client_3,27926,72,65,6,6,66,60,23,Train/23/00023_00007_00026.png
client_3,10164,51,50,6,5,46,45,5,Train/5/00005_00057_00024.png
client_3,27579,40,37,5,6,35,32,22,Train/22/00022_00009_00009.png
client_3,14495,30,30,6,6,25,25,9,Train/9/00009_00031_00005.png
client_3,27120,33,30,6,5,28,25,21,Train/21/00021_00005_00000.png
client_3,24355,56,59,5,6,51,54,16,Train/16/00016_00010_00025.png
client_3,29852,39,38,5,5,34,33,25,Train/25/00025_00046_00002.png
client_3,28546,51,48,6,6,46,43,25,Train/25/00025_00002_00016.png
client_3,14970,29,30,5,6,24,25,9,Train/9/00009_00047_00000.png
client_3,33940,33,37,5,6,28,31,34,Train/34/00034_00005_00011.png
client_3,34285,52,51,6,5,46,46,35,Train/35/00035_00002_00026.png
client_3,14400,47,48,5,5,42,43,9,Train/9/00009_00028_00000.png
client_3,28920,33,32,5,6,28,27,25,Train/25/00025_00015_00000.png
client_3,13096,39,40,6,6,34,35,8,Train/8/00008_00031_00016.png
client_3,13973,69,69,6,7,62,63,9,Train/9/00009_00013_00023.png
client_3,35398,140,151,13,13,128,138,35,Train/35/00035_00039_00029.png
client_3,27082,71,65,6,6,65,60,21,Train/21/00021_00003_00022.png
client_3,30844,39,35,6,5,34,30,28,Train/28/00028_00001_00004.png
client_3,6650,55,56,6,5,49,50,4,Train/4/00004_00006_00020.png
client_3,740,50,49,5,5,45,44,1,Train/1/00001_00005_00020.png
client_3,27002,34,31,6,5,29,26,21,Train/21/00021_00001_00002.png
client_3,4117,33,32,6,5,28,27,2,Train/2/00002_00044_00007.png
client_3,31323,35,34,5,5,30,29,28,Train/28/00028_00017_00003.png
client_3,3952,77,75,7,6,71,69,2,Train/2/00002_00038_00022.png
client_3,14125,44,43,6,6,39,38,9,Train/9/00009_00018_00025.png
client_3,28891,37,35,5,6,32,30,25,Train/25/00025_00014_00001.png
client_3,11152,71,71,7,7,65,65,7,Train/7/00007_00014_00022.png
client_3,29107,37,33,6,6,32,28,25,Train/25/00025_00021_00007.png
client_3,17485,88,76,8,6,81,70,11,Train/11/00011_00014_00025.png
client_3,6647,46,47,6,5,41,42,4,Train/4/00004_00006_00017.png
client_3,20071,44,45,6,6,39,40,12,Train/12/00012_00057_00001.png
client_3,33024,36,39,6,5,31,33,32,Train/32/00032_00005_00024.png
client_3,31536,32,31,5,5,27,26,29,Train/29/00029_00006_00006.png
client_3,2686,71,77,6,7,65,71,1,Train/1/00001_00070_00016.png
client_3,28229,164,148,14,13,149,136,24,Train/24/00024_00000_00029.png
client_3,14812,39,40,6,5,34,35,9,Train/9/00009_00041_00022.png
client_3,31707,121,107,11,10,111,98,30,Train/30/00030_00002_00027.png
client_3,883,37,38,5,6,32,33,1,Train/1/00001_00010_00013.png
client_3,27982,67,59,6,6,61,54,23,Train/23/00023_00009_00022.png
client_3,14233,39,40,5,6,34,35,9,Train/9/00009_00022_00013.png
client_3,1645,63,59,5,5,57,54,1,Train/1/00001_00035_00025.png
client_3,34498,149,146,13,13,137,134,35,Train/35/00035_00009_00029.png
client_3,13891,30,33,5,5,25,27,9,Train/9/00009_00011_00001.png
client_3,33379,96,92,9,8,88,84,33,Train/33/00033_00009_00019.png
client_3,17389,69,62,6,6,63,56,11,Train/11/00011_00011_00019.png
client_3,4366,73,72,6,6,67,66,2,Train/2/00002_00052_00016.png
client_3,36985,76,79,7,7,70,72,38,Train/38/00038_00032_00026.png
client_3,38363,52,58,5,6,47,52,39,Train/39/00039_00009_00024.png
client_3,33608,35,41,6,6,29,36,33,Train/33/00033_00017_00008.png
client_3,4998,43,43,5,5,38,38,2,Train/2/00002_00073_00018.png
client_3,33551,32,39,5,6,27,33,33,Train/33/00033_00015_00011.png
client_3,13788,45,42,6,5,40,37,9,Train/9/00009_00007_00018.png
client_3,13735,58,60,6,6,53,54,9,Train/9/00009_00005_00025.png
client_3,27978,54,49,5,5,49,44,23,Train/23/00023_00009_00018.png
client_3,2541,54,57,5,5,49,51,1,Train/1/00001_00065_00021.png
client_3,27748,205,191,17,17,187,175,23,Train/23/00023_00001_00028.png
client_3,31417,41,39,5,5,36,34,29,Train/29/00029_00002_00007.png
client_3,19175,40,40,6,6,35,35,12,Train/12/00012_00027_00005.png
client_3,20198,46,49,6,5,41,44,12,Train/12/00012_00061_00008.png
client_3,7205,35,34,6,6,30,29,4,Train/4/00004_00025_00005.png
client_3,34911,56,55,5,5,51,50,35,Train/35/00035_00023_00022.png
client_3,13915,87,90,7,8,80,82,9,Train/9/00009_00011_00025.png
client_3,34659,37,38,6,6,32,33,35,Train/35/00035_00015_00010.png
client_3,6665,31,31,5,5,26,26,4,Train/4/00004_00007_00005.png
client_3,34007,44,43,6,5,39,38,34,Train/34/00034_00007_00018.png
client_3,35065,57,56,6,6,52,51,35,Train/35/00035_00028_00026.png
client_3,3209,53,56,6,6,48,51,2,Train/2/00002_00013_00029.png
client_3,34737,137,132,12,12,126,121,35,Train/35/00035_00017_00028.png
client_3,2858,29,29,6,6,24,24,2,Train/2/00002_00002_00008.png
client_3,13808,28,28,5,5,23,23,9,Train/9/00009_00008_00008.png
client_3,11747,39,44,5,6,34,39,7,Train/7/00007_00034_00017.png
client_3,3689,118,111,11,9,107,102,2,Train/2/00002_00029_00029.png
client_3,2946,34,33,6,6,28,28,2,Train/2/00002_00005_00006.png
client_3,2832,36,36,6,5,30,30,2,Train/2/00002_00001_00012.png
client_3,14629,51,52,5,6,45,46,9,Train/9/00009_00035_00019.png
client_3,14118,38,37,6,5,33,31,9,Train/9/00009_00018_00018.png
client_3,19265,34,33,6,5,29,28,12,Train/12/00012_00030_00005.png
client_3,14962,82,81,8,8,75,74,9,Train/9/00009_00046_00022.png
client_3,18476,77,80,7,8,71,73,12,Train/12/00012_00003_00026.png
client_3,20405,34,34,6,5,29,29,12,Train/12/00012_00068_00005.png
client_3,27887,49,44,6,6,44,39,23,Train/23/00023_00006_00017.png
client_3,33433,44,44,5,5,39,39,33,Train/33/00033_00011_00013.png
client_3,29662,68,60,6,6,62,55,25,Train/25/00025_00039_00022.png
client_3,12644,36,39,6,5,31,34,8,Train/8/00008_00016_00014.png
client_3,4525,63,63,5,6,58,58,2,Train/2/00002_00057_00025.png
client_3,4327,35,34,6,6,30,29,2,Train/2/00002_00051_00007.png
client_3,14366,108,117,9,11,99,107,9,Train/9/00009_00026_00026.png
client_3,14483,48,48,6,5,43,43,9,Train/9/00009_00030_00023.png
client_3,22170,73,64,6,6,66,59,13,Train/13/00013_00057_00000.png
client_3,34025,32,33,5,5,27,28,34,Train/34/00034_00008_00006.png
client_3,3929,75,73,7,6,69,67,2,Train/2/00002_00037_00029.png
client_3,38649,32,32,5,5,27,26,40,Train/40/00040_00009_00010.png
client_3,14497,30,29,6,5,25,24,9,Train/9/00009_00031_00007.png
client_3,13942,65,64,6,5,59,59,9,Train/9/00009_00012_00022.png
client_3,38855,31,30,6,5,25,25,41,Train/41/00041_00004_00006.png
client_3,30095,39,34,5,5,34,29,26,Train/26/00026_00004_00005.png
client_3,18908,38,39,5,6,33,34,12,Train/12/00012_00018_00008.png
client_3,4746,46,48,6,6,41,42,2,Train/2/00002_00065_00006.png
client_3,10919,108,107,10,9,99,98,7,Train/7/00007_00006_00029.png
client_3,3958,105,100,9,9,95,92,2,Train/2/00002_00038_00028.png
client_3,33766,47,45,6,5,42,40,33,Train/33/00033_00022_00017.png
client_3,28046,119,106,10,9,109,97,23,Train/23/00023_00011_00026.png
client_3,1804,43,44,5,6,38,39,1,Train/1/00001_00041_00004.png
client_3,33333,50,49,6,5,44,44,33,Train/33/00033_00008_00003.png
client_3,18594,69,65,7,6,63,60,12,Train/12/00012_00007_00024.png
client_3,3200,38,40,5,6,33,35,2,Train/2/00002_00013_00020.png
client_3,33351,74,74,7,7,67,67,33,Train/33/00033_00008_00021.png
client_3,14484,51,53,6,6,46,47,9,Train/9/00009_00030_00024.png
client_3,14739,41,41,5,5,36,36,9,Train/9/00009_00039_00009.png
client_3,34696,59,59,6,6,54,54,35,Train/35/00035_00016_00017.png
client_3,31148,41,39,5,5,36,34,28,Train/28/00028_00011_00008.png
client_3,3614,35,35,5,5,30,30,2,Train/2/00002_00027_00014.png
client_3,28101,64,61,5,6,59,56,23,Train/23/00023_00013_00021.png
client_3,18038,41,38,5,5,35,32,11,Train/11/00011_00033_00008.png
client_3,33323,108,111,10,9,99,102,33,Train/33/00033_00007_00023.png
client_3,19024,35,35,6,6,30,30,12,Train/12/00012_00022_00004.png
client_3,34454,59,57,6,6,53,52,35,Train/35/00035_00008_00015.png
client_3,27789,61,54,6,5,56,49,23,Train/23/00023_00003_00009.png
client_3,13988,37,39,5,6,32,34,9,Train/9/00009_00014_00008.png
client_3,3033,28,30,5,6,23,25,2,Train/2/00002_00008_00003.png
client_3,18948,51,51,6,6,46,46,12,Train/12/00012_00019_00018.png
client_3,27750,37,34,6,6,32,29,23,Train/23/00023_00002_00000.png
client_3,13849,50,50,6,5,45,44,9,Train/9/00009_00009_00019.png
client_3,3456,30,30,5,5,25,25,2,Train/2/00002_00022_00006.png
client_3,3367,35,35,5,5,29,30,2,Train/2/00002_00019_00007.png
client_3,33579,40,43,6,6,35,38,33,Train/33/00033_00016_00009.png
client_3,6826,44,43,6,6,38,38,4,Train/4/00004_00012_00016.png
client_3,4685,31,31,6,6,26,26,2,Train/2/00002_00063_00005.png
client_3,14623,40,41,5,5,35,35,9,Train/9/00009_00035_00013.png
client_3,30921,63,60,5,6,58,55,28,Train/28/00028_00003_00021.png
client_3,4872,29,30,6,6,24,25,2,Train/2/00002_00069_00012.png
client_3,14525,36,36,6,6,31,31,9,Train/9/00009_00032_00005.png
client_3,14794,29,29,5,5,24,24,9,Train/9/00009_00041_00004.png
client_3,27423,31,28,6,6,26,23,22,Train/22/00022_00004_00003.png
client_3,33167,49,48,5,5,44,43,33,Train/33/00033_00002_00017.png
client_3,34790,42,44,5,6,37,39,35,Train/35/00035_00019_00021.png
client_3,7919,110,117,10,11,101,107,4,Train/4/00004_00048_00029.png
client_3,30998,46,42,6,5,41,37,28,Train/28/00028_00006_00008.png
client_3,7701,47,47,6,6,42,42,4,Train/4/00004_00041_00021.png
client_3,8032,45,44,6,5,40,39,4,Train/4/00004_00052_00022.png
client_3,14251,31,32,6,5,26,27,9,Train/9/00009_00023_00001.png
client_3,8198,31,33,5,6,26,28,4,Train/4/00004_00058_00008.png
client_3,21494,40,39,6,6,35,33,13,Train/13/00013_00034_00014.png
client_3,19633,73,73,7,7,67,67,12,Train/12/00012_00042_00013.png
client_3,28028,57,52,6,6,51,46,23,Train/23/00023_00011_00008.png
client_3,13648,86,87,8,7,79,80,9,Train/9/00009_00002_00028.png
client_3,36999,31,34,6,5,26,29,38,Train/38/00038_00033_00010.png
client_3,33100,27,29,5,6,22,24,33,Train/33/00033_00000_00010.png
client_3,18795,44,44,6,5,39,39,12,Train/12/00012_00014_00015.png
client_3,12119,46,46,5,5,41,41,7,Train/7/00007_00046_00029.png
client_3,33699,34,35,5,6,29,30,33,Train/33/00033_00020_00010.png
client_3,23590,33,34,5,6,28,29,15,Train/15/00015_00006_00010.png
client_3,33228,48,47,6,5,43,42,33,Train/33/00033_00004_00018.png
client_3,3847,36,37,5,6,31,32,2,Train/2/00002_00035_00007.png
client_3,14205,43,44,5,5,38,39,9,Train/9/00009_00021_00015.png
client_3,3945,59,60,5,5,53,54,2,Train/2/00002_00038_00015.png
client_3,34292,27,26,6,5,22,21,35,Train/35/00035_00003_00003.png
client_3,27684,73,69,7,7,67,63,22,Train/22/00022_00012_00024.png
client_3,17091,97,91,9,8,89,83,11,Train/11/00011_00001_00021.png
client_3,28232,54,61,5,5,48,56,24,Train/24/00024_00001_00002.png
client_3,15003,26,28,5,6,21,23,9,Train/9/00009_00048_00003.png
client_3,19158,49,49,5,5,44,44,12,Train/12/00012_00026_00018.png
client_3,34869,42,42,6,6,37,37,35,Train/35/00035_00022_00010.png
client_3,4692,33,32,6,5,28,27,2,Train/2/00002_00063_00012.png
client_3,24123,35,35,6,5,30,30,16,Train/16/00016_00003_00003.png
client_3,3114,64,61,5,5,59,56,2,Train/2/00002_00010_00024.png
client_3,37008,40,46,5,5,35,41,38,Train/38/00038_00033_00019.png
client_3,39097,34,35,5,6,29,30,42,Train/42/00042_00004_00008.png
client_3,928,104,107,9,10,95,97,1,Train/1/00001_00011_00028.png
client_3,27294,75,71,6,7,69,65,21,Train/21/00021_00010_00024.png
client_3,20940,34,33,5,6,29,28,13,Train/13/00013_00016_00000.png
client_3,23305,85,104,8,9,78,95,14,Train/14/00014_00022_00025.png
client_3,14160,27,30,5,6,22,25,9,Train/9/00009_00020_00000.png
client_3,3203,42,44,6,6,37,39,2,Train/2/00002_00013_00023.png
client_3,27575,35,33,6,6,30,28,22,Train/22/00022_00009_00005.png
client_3,26981,46,44,5,5,41,38,21,Train/21/00021_00000_00011.png
client_3,30228,52,47,6,5,47,42,26,Train/26/00026_00008_00018.png
client_3,34953,33,34,6,6,28,29,35,Train/35/00035_00025_00004.png
client_3,33278,31,33,5,5,26,27,33,Train/33/00033_00006_00008.png
client_3,39052,39,41,5,6,34,36,42,Train/42/00042_00002_00023.png
client_3,24187,30,30,5,5,25,25,16,Train/16/00016_00005_00007.png
client_3,28476,49,47,6,6,44,42,25,Train/25/00025_00000_00006.png
client_3,4745,45,46,6,6,40,41,2,Train/2/00002_00065_00005.png
client_3,38400,30,30,6,6,24,24,40,Train/40/00040_00001_00001.png
client_3,3179,143,136,12,11,131,125,2,Train/2/00002_00012_00029.png
client_3,29522,31,29,6,5,26,23,25,Train/25/00025_00035_00002.png
client_3,33457,36,34,5,5,31,29,33,Train/33/00033_00012_00007.png
client_3,27592,71,61,7,6,65,56,22,Train/22/00022_00009_00022.png
client_3,449,122,124,11,11,112,114,0,Train/0/00000_00002_00029.png
client_3,19881,58,58,5,5,52,53,12,Train/12/00012_00050_00021.png
client_3,19809,42,48,5,6,37,43,12,Train/12/00012_00048_00009.png
client_3,37375,43,42,6,6,38,37,38,Train/38/00038_00045_00026.png
client_3,9162,37,36,6,5,32,31,5,Train/5/00005_00024_00012.png
client_3,31347,119,105,11,9,109,96,28,Train/28/00028_00017_00027.png
client_3,14452,69,68,7,7,63,62,9,Train/9/00009_00029_00022.png
client_3,4915,51,48,6,6,46,43,2,Train/2/00002_00070_00025.png
client_3,4576,58,58,5,5,53,53,2,Train/2/00002_00059_00016.png
client_3,31073,117,105,10,9,107,96,28,Train/28/00028_00008_00023.png
client_3,20314,43,45,6,6,37,40,12,Train/12/00012_00065_00004.png
client_3,29229,41,37,6,6,36,32,25,Train/25/00025_00025_00009.png
client_3,33256,70,70,6,7,63,64,33,Train/33/00033_00005_00016.png
client_3,7715,31,31,6,5,26,26,4,Train/4/00004_00042_00005.png
client_3,18575,35,36,5,5,30,31,12,Train/12/00012_00007_00005.png
client_3,20238,50,50,5,5,45,45,12,Train/12/00012_00062_00018.png
client_3,13853,63,62,6,5,58,57,9,Train/9/00009_00009_00023.png
client_3,12054,46,47,6,6,40,42,7,Train/7/00007_00044_00024.png
client_3,14885,31,29,5,5,26,24,9,Train/9/00009_00044_00005.png
client_3,34018,68,68,6,6,62,62,34,Train/34/00034_00007_00029.png
client_3,6738,44,43,6,5,39,38,4,Train/4/00004_00009_00018.png
client_3,14592,35,33,6,5,30,28,9,Train/9/00009_00034_00012.png
client_3,27260,62,57,6,5,57,52,21,Train/21/00021_00009_00020.png
client_3,9322,46,43,6,6,41,38,5,Train/5/00005_00029_00022.png
client_3,7877,57,54,6,5,52,49,4,Train/4/00004_00047_00017.png
client_3,14788,60,64,5,5,54,59,9,Train/9/00009_00040_00028.png
client_3,39028,124,118,11,10,114,108,42,Train/42/00042_00001_00029.png
client_3,27812,31,30,5,6,25,25,23,Train/23/00023_00004_00002.png
client_3,18842,28,28,6,5,23,22,12,Train/12/00012_00016_00002.png
client_3,35180,47,47,6,5,42,42,35,Train/35/00035_00032_00021.png
client_3,28752,35,35,5,5,30,30,25,Train/25/00025_00009_00012.png
client_3,28208,33,29,6,5,28,24,24,Train/24/00024_00000_00008.png
client_3,18053,80,79,8,7,73,72,11,Train/11/00011_00033_00023.png
client_3,27371,43,42,6,5,38,37,22,Train/22/00022_00002_00011.png
client_3,2494,29,29,6,6,24,24,1,Train/1/00001_00064_00004.png
client_3,18551,50,50,6,6,45,45,12,Train/12/00012_00006_00011.png
client_3,18799,54,54,6,6,49,49,12,Train/12/00012_00014_00019.png
client_3,8284,32,31,6,5,27,26,4,Train/4/00004_00061_00004.png
client_3,9398,29,30,5,6,23,25,5,Train/5/00005_00032_00008.png
client_3,2888,53,51,5,5,47,46,2,Train/2/00002_00003_00008.png
client_3,17813,64,60,5,5,59,55,11,Train/11/00011_00025_00023.png
client_3,38557,43,44,5,6,37,38,40,Train/40/00040_00006_00008.png
client_3,2840,48,49,6,5,43,44,2,Train/2/00002_00001_00020.png
client_3,2952,37,39,5,6,32,33,2,Train/2/00002_00005_00012.png
client_3,18737,53,52,6,5,47,46,12,Train/12/00012_00012_00017.png
client_3,4974,44,49,5,6,38,43,2,Train/2/00002_00072_00024.png
client_3,6529,51,53,6,6,46,47,4,Train/4/00004_00002_00019.png
client_3,3101,35,33,6,5,29,27,2,Train/2/00002_00010_00011.png
client_3,14009,94,100,8,9,86,92,9,Train/9/00009_00014_00029.png
client_3,24391,27,27,5,5,22,22,16,Train/16/00016_00012_00001.png
client_3,14310,28,29,5,6,23,24,9,Train/9/00009_00025_00000.png
client_3,27713,61,60,6,6,56,54,23,Train/23/00023_00000_00023.png
client_3,31419,42,39,5,6,37,34,29,Train/29/00029_00002_00009.png
client_3,18862,45,45,5,6,40,40,12,Train/12/00012_00016_00022.png
client_3,4104,51,49,6,5,46,44,2,Train/2/00002_00043_00024.png
client_3,3019,48,48,5,6,43,43,2,Train/2/00002_00007_00019.png
client_3,29930,55,61,6,6,50,56,25,Train/25/00025_00048_00020.png
client_3,14197,39,40,5,5,34,35,9,Train/9/00009_00021_00007.png
client_3,22967,54,55,5,6,49,50,14,Train/14/00014_00011_00017.png
client_3,13972,63,63,5,6,57,58,9,Train/9/00009_00013_00022.png
client_3,4313,43,44,5,5,38,39,2,Train/2/00002_00050_00023.png
client_3,27010,40,36,6,5,35,31,21,Train/21/00021_00001_00010.png
client_3,27510,36,31,6,5,31,26,22,Train/22/00022_00007_00000.png
client_3,27621,44,44,5,6,39,39,22,Train/22/00022_00010_00021.png
client_3,14643,35,36,5,6,30,31,9,Train/9/00009_00036_00003.png
client_3,7042,63,64,5,6,58,59,4,Train/4/00004_00019_00022.png
client_3,31933,43,41,5,6,38,36,30,Train/30/00030_00010_00013.png
client_3,4105,52,53,5,6,47,48,2,Train/2/00002_00043_00025.png
client_3,8608,48,50,6,5,43,45,5,Train/5/00005_00005_00028.png
client_3,3045,37,37,6,5,32,32,2,Train/2/00002_00008_00015.png
client_3,20088,46,48,5,5,41,43,12,Train/12/00012_00057_00018.png
client_3,33005,27,30,6,6,22,25,32,Train/32/00032_00005_00005.png
client_3,9110,48,48,5,5,43,43,5,Train/5/00005_00022_00020.png
client_3,39170,46,46,6,6,41,41,42,Train/42/00042_00006_00021.png
client_3,19921,89,88,8,8,81,81,12,Train/12/00012_00052_00001.png
client_3,29605,85,79,8,7,77,72,25,Train/25/00025_00037_00025.png
client_3,38712,47,49,5,5,41,43,40,Train/40/00040_00011_00013.png
client_3,4298,28,29,5,6,23,24,2,Train/2/00002_00050_00008.png
client_3,2629,46,47,5,6,40,42,1,Train/1/00001_00068_00019.png
client_3,11006,44,44,6,5,39,39,7,Train/7/00007_00009_00026.png
client_3,33049,43,42,6,5,37,36,32,Train/32/00032_00006_00019.png
client_3,17627,38,35,5,5,33,30,11,Train/11/00011_00019_00017.png
client_3,7181,39,40,5,6,34,35,4,Train/4/00004_00024_00011.png
client_3,38462,38,38,5,5,33,33,40,Train/40/00040_00003_00003.png
client_3,9150,29,28,6,5,24,23,5,Train/5/00005_00024_00000.png
client_3,13968,50,51,5,5,45,46,9,Train/9/00009_00013_00018.png
client_3,31222,92,87,9,8,84,80,28,Train/28/00028_00013_00022.png
client_3,8391,44,44,5,6,39,39,4,Train/4/00004_00064_00021.png
client_3,9614,33,34,6,6,28,29,5,Train/5/00005_00039_00014.png
client_3,4350,52,52,5,5,47,47,2,Train/2/00002_00052_00000.png
client_3,19589,137,137,12,12,126,126,12,Train/12/00012_00040_00029.png
client_3,4766,132,131,12,11,121,120,2,Train/2/00002_00065_00026.png
client_3,27934,46,43,6,6,41,38,23,Train/23/00023_00008_00004.png
client_3,4909,42,41,6,6,37,36,2,Train/2/00002_00070_00019.png
client_3,33385,100,101,8,9,92,93,33,Train/33/00033_00009_00025.png
client_3,13953,34,33,6,5,29,28,9,Train/9/00009_00013_00003.png
client_3,35155,50,53,6,6,45,48,35,Train/35/00035_00031_00026.png
client_3,34313,41,45,5,5,36,40,35,Train/35/00035_00003_00024.png
client_3,14402,47,49,5,6,42,44,9,Train/9/00009_00028_00002.png
client_3,27012,43,40,6,6,38,35,21,Train/21/00021_00001_00012.png
client_3,14467,30,30,6,5,25,25,9,Train/9/00009_00030_00007.png
client_3,3172,93,84,9,7,84,77,2,Train/2/00002_00012_00022.png
client_3,38684,47,49,6,5,42,44,40,Train/40/00040_00010_00015.png
client_3,29768,41,39,5,5,36,34,25,Train/25/00025_00043_00008.png
client_3,6945,37,41,5,6,32,36,4,Train/4/00004_00016_00015.png
client_3,35015,32,32,6,5,27,27,35,Train/35/00035_00027_00006.png
client_3,14890,34,33,6,5,29,28,9,Train/9/00009_00044_00010.png
client_3,33725,36,39,6,5,31,33,33,Train/33/00033_00021_00006.png
client_3,3241,50,52,5,6,45,47,2,Train/2/00002_00015_00001.png
client_3,33888,75,83,6,8,69,76,34,Train/34/00034_00003_00019.png
client_3,34956,33,36,5,6,28,31,35,Train/35/00035_00025_00007.png
client_3,33266,72,71,6,7,65,64,33,Train/33/00033_00005_00026.png
client_3,14132,26,29,5,6,21,24,9,Train/9/00009_00019_00002.png
client_3,28419,46,40,6,5,41,35,24,Train/24/00024_00007_00009.png
client_3,21445,115,85,10,7,105,78,13,Train/13/00013_00032_00025.png
client_3,19016,64,71,5,6,59,65,12,Train/12/00012_00021_00026.png
client_3,12678,43,42,5,6,38,37,8,Train/8/00008_00017_00018.png
client_3,35365,52,57,6,5,47,52,35,Train/35/00035_00038_00026.png
client_3,19448,43,42,6,5,38,37,12,Train/12/00012_00036_00008.png
client_3,35176,40,41,5,6,35,36,35,Train/35/00035_00032_00017.png
client_3,37685,43,47,5,6,38,42,38,Train/38/00038_00056_00006.png
client_3,28084,43,42,5,6,38,37,23,Train/23/00023_00013_00004.png
client_3,28047,134,119,12,10,123,108,23,Train/23/00023_00011_00027.png
client_3,2806,51,45,6,6,46,40,2,Train/2/00002_00000_00016.png
client_3,33760,29,29,6,6,24,24,33,Train/33/00033_00022_00011.png
client_3,33677,34,36,6,5,29,30,33,Train/33/00033_00019_00017.png
client_3,38623,53,55,5,5,48,50,40,Train/40/00040_00008_00014.png
client_3,14120,40,38,5,5,34,33,9,Train/9/00009_00018_00020.png
client_3,6497,50,50,5,5,45,45,4,Train/4/00004_00001_00017.png
client_3,33463,39,39,6,6,34,33,33,Train/33/00033_00012_00013.png
client_3,8653,39,39,6,6,34,34,5,Train/5/00005_00007_00013.png
client_3,33892,94,99,8,8,85,91,34,Train/34/00034_00003_00023.png
client_3,18791,41,40,6,6,36,35,12,Train/12/00012_00014_00011.png
client_3,14171,30,31,6,6,25,26,9,Train/9/00009_00020_00011.png
client_3,27198,58,54,6,6,53,49,21,Train/21/00021_00007_00018.png
client_3,14106,32,31,5,5,26,26,9,Train/9/00009_00018_00006.png
client_3,13756,37,36,6,6,31,31,9,Train/9/00009_00006_00016.png
client_3,6831,53,54,5,6,48,49,4,Train/4/00004_00012_00021.png
client_3,39133,32,33,5,5,27,27,42,Train/42/00042_00005_00014.png
client_3,4257,46,44,5,5,41,39,2,Train/2/00002_00048_00027.png
client_3,35347,30,31,6,5,25,25,35,Train/35/00035_00038_00008.png
client_3,29593,40,35,6,5,34,30,25,Train/25/00025_00037_00013.png
client_3,38619,42,43,5,6,37,38,40,Train/40/00040_00008_00010.png
client_3,27013,43,39,6,5,38,34,21,Train/21/00021_00001_00013.png
client_3,21194,48,47,5,6,43,42,13,Train/13/00013_00024_00014.png
client_3,27005,35,34,5,6,30,29,21,Train/21/00021_00001_00005.png
client_3,24308,33,32,6,5,28,27,16,Train/16/00016_00009_00008.png
client_3,24159,35,34,6,5,30,29,16,Train/16/00016_00004_00009.png
client_3,4355,55,55,5,5,50,50,2,Train/2/00002_00052_00005.png
client_3,8655,41,41,6,6,36,36,5,Train/5/00005_00007_00015.png
client_3,18655,69,68,6,6,63,62,12,Train/12/00012_00009_00025.png
client_3,9064,31,32,5,6,26,27,5,Train/5/00005_00021_00004.png
client_3,18549,44,44,5,5,39,39,12,Train/12/00012_00006_00009.png
client_3,21910,57,54,5,5,52,49,13,Train/13/00013_00048_00010.png
client_3,3048,39,40,5,5,34,35,2,Train/2/00002_00008_00018.png
client_3,4612,89,87,8,7,82,80,2,Train/2/00002_00060_00022.png
client_3,39122,27,26,5,5,22,21,42,Train/42/00042_00005_00003.png
client_3,27183,34,35,5,6,29,29,21,Train/21/00021_00007_00003.png
client_3,34110,29,28,6,5,24,23,34,Train/34/00034_00011_00001.png
client_3,20388,48,46,6,5,43,41,12,Train/12/00012_00067_00018.png
client_3,14590,32,32,5,6,27,27,9,Train/9/00009_00034_00010.png
client_3,3889,46,46,5,5,41,41,2,Train/2/00002_00036_00019.png
client_3,14477,39,39,6,5,34,34,9,Train/9/00009_00030_00017.png
client_3,14937,103,112,9,10,94,102,9,Train/9/00009_00045_00027.png
client_3,29087,45,42,5,6,40,37,25,Train/25/00025_00020_00017.png
client_3,33211,28,28,6,5,23,23,33,Train/33/00033_00004_00001.png
client_3,14835,50,52,5,6,45,46,9,Train/9/00009_00042_00015.png
client_3,34884,50,49,5,6,45,44,35,Train/35/00035_00022_00025.png
client_3,807,100,98,8,8,92,90,1,Train/1/00001_00007_00027.png
client_3,19216,35,34,6,5,30,29,12,Train/12/00012_00028_00016.png
client_3,27088,146,132,12,11,134,121,21,Train/21/00021_00003_00028.png
client_3,29314,48,46,5,5,43,41,25,Train/25/00025_00028_00004.png
client_3,7654,29,28,6,5,24,23,4,Train/4/00004_00040_00004.png
client_3,14714,39,40,5,5,34,35,9,Train/9/00009_00038_00014.png
client_3,27153,35,33,6,6,30,28,21,Train/21/00021_00006_00003.png
client_3,31075,132,117,12,10,120,106,28,Train/28/00028_00008_00025.png
client_3,34000,36,35,6,5,31,30,34,Train/34/00034_00007_00011.png
client_3,17552,27,26,5,5,22,21,11,Train/11/00011_00017_00002.png
client_3,27087,128,112,12,9,117,103,21,Train/21/00021_00003_00027.png
client_3,26989,65,61,6,6,60,56,21,Train/21/00021_00000_00019.png
client_3,13693,35,36,5,5,30,30,9,Train/9/00009_00004_00013.png
client_3,3632,31,33,5,5,26,28,2,Train/2/00002_00028_00002.png
client_3,38645,30,29,6,6,25,24,40,Train/40/00040_00009_00006.png
client_3,4891,30,30,6,6,25,25,2,Train/2/00002_00070_00001.png
client_3,37401,46,46,5,6,41,41,38,Train/38/00038_00046_00022.png
client_3,37064,39,41,5,6,34,36,38,Train/38/00038_00035_00015.png
client_3,38721,55,57,6,5,50,52,40,Train/40/00040_00011_00022.png
client_3,4661,42,42,6,5,37,36,2,Train/2/00002_00062_00011.png
client_3,19819,60,63,5,5,55,58,12,Train/12/00012_00048_00019.png
client_3,37533,34,33,6,5,29,28,38,Train/38/00038_00051_00004.png
client_3,33586,44,48,6,6,39,43,33,Train/33/00033_00016_00016.png
client_3,20222,38,38,5,5,33,33,12,Train/12/00012_00062_00002.png
client_3,19330,36,41,5,5,31,36,12,Train/12/00012_00032_00010.png
client_3,33456,35,33,5,5,30,28,33,Train/33/00033_00012_00006.png
client_3,35117,41,40,5,6,36,35,35,Train/35/00035_00030_00018.png
client_3,4369,82,80,8,7,74,72,2,Train/2/00002_00052_00019.png
client_3,18419,95,96,8,8,87,88,12,Train/12/00012_00001_00029.png
client_3,1749,40,43,5,6,35,38,1,Train/1/00001_00039_00009.png
client_3,36193,65,82,6,8,60,75,38,Train/38/00038_00006_00014.png
client_3,1481,37,47,6,6,32,42,1,Train/1/00001_00030_00011.png
client_3,4526,73,72,6,6,67,66,2,Train/2/00002_00057_00026.png
client_3,14925,44,49,5,6,39,44,9,Train/9/00009_00045_00015.png
client_3,11478,44,42,6,5,39,37,7,Train/7/00007_00025_00018.png
client_3,38556,42,43,6,6,37,37,40,Train/40/00040_00006_00007.png
client_3,26221,59,59,6,6,54,54,18,Train/18/00018_00022_00001.png
client_3,4233,30,28,6,5,25,23,2,Train/2/00002_00048_00003.png
client_3,8930,50,50,5,5,45,45,5,Train/5/00005_00016_00020.png
client_3,7721,35,35,5,5,29,29,4,Train/4/00004_00042_00011.png
client_3,19505,34,35,5,6,29,30,12,Train/12/00012_00038_00005.png
client_3,540,34,36,6,6,29,31,0,Train/0/00000_00006_00000.png
client_3,4666,48,49,6,6,43,44,2,Train/2/00002_00062_00016.png
client_3,13662,33,34,5,6,28,29,9,Train/9/00009_00003_00012.png
client_3,28847,75,72,7,7,68,65,25,Train/25/00025_00012_00017.png
client_3,28281,68,62,6,5,62,56,24,Train/24/00024_00002_00021.png
client_3,27416,82,72,7,7,75,66,22,Train/22/00022_00003_00026.png
client_3,14638,124,129,10,12,114,118,9,Train/9/00009_00035_00028.png
client_3,20132,31,31,6,6,26,26,12,Train/12/00012_00059_00002.png
client_3,33719,34,36,6,6,29,31,33,Train/33/00033_00021_00000.png
client_3,35044,30,31,5,5,25,26,35,Train/35/00035_00028_00005.png
client_3,35129,26,26,5,6,20,21,35,Train/35/00035_00031_00000.png
client_3,18610,39,38,6,5,34,33,12,Train/12/00012_00008_00010.png
client_3,19340,46,54,6,6,41,49,12,Train/12/00012_00032_00020.png
client_3,34765,54,55,6,6,49,50,35,Train/35/00035_00018_00026.png
client_3,11042,35,35,6,6,30,30,7,Train/7/00007_00011_00002.png
client_3,19858,63,67,5,6,58,61,12,Train/12/00012_00049_00028.png
client_3,28089,48,46,6,6,43,40,23,Train/23/00023_00013_00009.png
client_3,13700,45,45,6,6,40,40,9,Train/9/00009_00004_00020.png
client_3,11244,51,53,6,6,46,48,7,Train/7/00007_00017_00024.png
client_3,31364,39,56,6,6,34,51,29,Train/29/00029_00000_00014.png
client_3,8018,29,31,5,5,24,26,4,Train/4/00004_00052_00008.png
client_3,27447,80,73,7,7,72,67,22,Train/22/00022_00004_00027.png
client_3,18502,33,27,6,5,28,22,12,Train/12/00012_00004_00022.png
client_3,7354,32,33,5,6,27,28,4,Train/4/00004_00030_00004.png
client_3,27091,31,29,6,6,26,24,21,Train/21/00021_00004_00001.png
client_3,27203,76,70,6,6,70,64,21,Train/21/00021_00007_00023.png
client_3,7070,37,38,5,6,32,33,4,Train/4/00004_00020_00020.png
client_3,14692,68,68,7,7,62,62,9,Train/9/00009_00037_00022.png
client_3,14149,40,40,5,5,35,35,9,Train/9/00009_00019_00019.png
client_3,13626,41,40,5,5,35,35,9,Train/9/00009_00002_00006.png
client_3,4495,62,68,5,7,57,62,2,Train/2/00002_00056_00025.png
client_3,27899,83,72,8,6,76,66,23,Train/23/00023_00006_00029.png
client_3,4811,40,40,6,6,34,34,2,Train/2/00002_00067_00011.png
client_3,3545,28,29,5,6,23,24,2,Train/2/00002_00025_00005.png
client_3,33212,27,28,5,5,22,23,33,Train/33/00033_00004_00002.png
client_3,33553,34,39,5,5,28,33,33,Train/33/00033_00015_00013.png
client_3,13608,42,42,6,5,37,36,9,Train/9/00009_00001_00018.png
client_3,19061,38,38,5,5,33,33,12,Train/12/00012_00023_00011.png
client_3,35195,29,31,5,6,23,25,35,Train/35/00035_00033_00006.png
client_3,19401,100,96,8,8,92,88,12,Train/12/00012_00034_00021.png
client_3,7656,30,30,5,5,25,25,4,Train/4/00004_00040_00006.png
client_3,14241,52,52,6,5,47,47,9,Train/9/00009_00022_00021.png
client_3,4592,50,51,6,6,45,46,2,Train/2/00002_00060_00002.png
client_3,14420,68,69,7,7,62,63,9,Train/9/00009_00028_00020.png
client_3,39081,49,49,6,6,44,44,42,Train/42/00042_00003_00022.png
client_3,18426,35,37,5,6,30,32,12,Train/12/00012_00002_00006.png
client_3,8738,33,34,6,6,28,29,5,Train/5/00005_00010_00008.png
client_3,2130,27,28,6,5,21,22,1,Train/1/00001_00052_00000.png
client_3,24307,30,32,5,5,25,27,16,Train/16/00016_00009_00007.png
client_3,35717,39,40,5,5,34,35,36,Train/36/00036_00010_00018.png
client_3,4739,80,76,7,7,73,70,2,Train/2/00002_00064_00029.png
client_3,14185,30,31,6,5,25,26,9,Train/9/00009_00020_00025.png
client_3,2323,45,42,6,5,39,37,1,Train/1/00001_00058_00013.png
client_3,7631,38,38,6,6,33,33,4,Train/4/00004_00039_00011.png
client_3,24428,52,52,5,6,46,47,16,Train/16/00016_00013_00008.png
client_3,38690,60,61,6,5,54,55,40,Train/40/00040_00010_00021.png
client_3,14258,33,35,6,6,28,30,9,Train/9/00009_00023_00008.png
client_3,3606,30,30,6,6,25,25,2,Train/2/00002_00027_00006.png
client_3,18511,45,42,5,5,40,37,12,Train/12/00012_00005_00001.png
client_3,18489,33,27,6,5,28,22,12,Train/12/00012_00004_00009.png
client_3,27062,32,31,6,6,27,26,21,Train/21/00021_00003_00002.png
client_3,27327,108,97,9,8,99,89,22,Train/22/00022_00000_00027.png
client_3,14504,33,33,6,6,28,28,9,Train/9/00009_00031_00014.png
client_3,39103,40,39,5,5,34,34,42,Train/42/00042_00004_00014.png
client_3,30871,40,36,5,5,35,31,28,Train/28/00028_00002_00001.png
client_3,8631,58,59,5,6,53,54,5,Train/5/00005_00006_00021.png
client_3,19610,40,41,5,6,35,36,12,Train/12/00012_00041_00020.png
client_3,2934,56,55,6,5,51,50,2,Train/2/00002_00004_00024.png
client_3,13905,47,48,6,6,41,42,9,Train/9/00009_00011_00015.png
client_3,27282,38,37,5,6,32,31,21,Train/21/00021_00010_00012.png
client_3,34644,64,65,5,6,59,59,35,Train/35/00035_00014_00025.png
client_3,34717,38,41,5,6,33,36,35,Train/35/00035_00017_00008.png
client_3,32909,61,58,6,5,56,53,32,Train/32/00032_00001_00029.png
client_3,3492,35,35,5,6,29,29,2,Train/2/00002_00023_00012.png
client_3,34422,37,37,6,5,32,31,35,Train/35/00035_00007_00013.png
client_3,28262,54,53,5,5,49,47,24,Train/24/00024_00002_00002.png
client_3,8118,42,41,6,6,37,36,4,Train/4/00004_00055_00018.png
client_3,28660,34,32,6,6,28,27,25,Train/25/00025_00006_00010.png
client_3,27249,41,41,5,6,36,36,21,Train/21/00021_00009_00009.png
client_3,18137,71,68,7,7,64,62,11,Train/11/00011_00036_00017.png
client_3,38976,33,33,6,6,28,28,42,Train/42/00042_00000_00007.png
client_3,19585,88,89,7,8,81,82,12,Train/12/00012_00040_00025.png
client_3,19199,82,83,7,8,75,76,12,Train/12/00012_00027_00029.png
client_3,3334,29,29,5,5,24,24,2,Train/2/00002_00018_00004.png
client_3,2574,87,86,7,8,79,79,1,Train/1/00001_00066_00024.png
client_3,27825,43,38,6,6,38,33,23,Train/23/00023_00004_00015.png
client_3,38068,129,128,11,11,118,117,38,Train/38/00038_00068_00029.png
client_3,4948,47,47,6,6,42,42,2,Train/2/00002_00071_00028.png
client_3,19113,32,41,6,6,27,36,12,Train/12/00012_00025_00003.png
client_3,16818,47,47,5,5,42,42,10,Train/10/00010_00059_00018.png
client_3,38504,58,57,6,5,53,52,40,Train/40/00040_00004_00015.png
client_3,19743,32,31,6,5,27,26,12,Train/12/00012_00046_00003.png
client_3,39003,29,29,5,5,24,24,42,Train/42/00042_00001_00004.png
client_3,8684,42,41,6,5,37,36,5,Train/5/00005_00008_00014.png
client_3,30845,39,36,5,6,34,31,28,Train/28/00028_00001_00005.png
client_3,3111,54,53,6,6,49,48,2,Train/2/00002_00010_00021.png
client_3,33776,56,56,5,5,51,50,33,Train/33/00033_00022_00027.png
client_3,2853,29,28,6,6,24,23,2,Train/2/00002_00002_00003.png
client_3,1128,71,71,7,7,65,65,1,Train/1/00001_00018_00018.png
client_3,14591,33,33,5,6,28,28,9,Train/9/00009_00034_00011.png
client_3,27376,52,50,5,5,47,45,22,Train/22/00022_00002_00016.png
client_3,1881,64,65,5,6,59,60,1,Train/1/00001_00043_00021.png
client_3,3036,29,29,6,5,24,24,2,Train/2/00002_00008_00006.png
client_3,4465,61,64,5,5,55,59,2,Train/2/00002_00055_00025.png
client_3,33974,31,34,5,5,26,29,34,Train/34/00034_00006_00015.png
client_3,23301,69,76,7,7,63,70,14,Train/14/00014_00022_00021.png
client_3,33070,33,33,6,6,28,28,32,Train/32/00032_00007_00010.png
client_3,13796,79,82,7,8,72,75,9,Train/9/00009_00007_00026.png
client_3,6751,29,29,6,6,23,23,4,Train/4/00004_00010_00001.png
client_3,29295,55,49,6,6,50,44,25,Train/25/00025_00027_00015.png
client_3,27484,32,29,5,5,27,24,22,Train/22/00022_00006_00004.png
client_3,22145,50,48,5,5,45,43,13,Train/13/00013_00056_00005.png
client_3,14814,41,43,5,6,36,38,9,Train/9/00009_00041_00024.png
client_3,14004,65,67,6,6,60,61,9,Train/9/00009_00014_00024.png
client_3,4790,41,45,5,6,36,40,2,Train/2/00002_00066_00020.png
client_3,30901,36,31,6,5,31,26,28,Train/28/00028_00003_00001.png
client_3,24242,29,30,6,5,24,25,16,Train/16/00016_00007_00002.png
client_3,39174,52,52,5,5,47,47,42,Train/42/00042_00006_00025.png
client_3,8897,50,51,5,6,45,46,5,Train/5/00005_00015_00017.png
client_3,26994,94,87,8,7,86,80,21,Train/21/00021_00000_00024.png
client_3,30928,106,97,9,9,97,89,28,Train/28/00028_00003_00028.png
client_3,24291,87,86,8,7,80,78,16,Train/16/00016_00008_00021.png
client_3,18716,108,110,10,10,99,101,12,Train/12/00012_00011_00026.png
client_3,14370,27,29,6,6,22,24,9,Train/9/00009_00027_00000.png
client_3,34261,32,32,6,6,26,26,35,Train/35/00035_00002_00002.png
client_3,28825,129,145,12,13,118,133,25,Train/25/00025_00011_00025.png
client_3,31616,113,98,10,8,103,90,29,Train/29/00029_00008_00026.png
client_3,12573,34,33,6,5,29,28,8,Train/8/00008_00014_00003.png
client_3,34809,35,36,5,6,30,31,35,Train/35/00035_00020_00010.png
client_3,24249,30,30,5,6,24,25,16,Train/16/00016_00007_00009.png
client_3,24206,44,46,5,5,39,41,16,Train/16/00016_00005_00026.png
client_3,14801,31,33,5,6,26,27,9,Train/9/00009_00041_00011.png
client_3,38725,58,60,6,5,53,55,40,Train/40/00040_00011_00026.png
client_3,13804,28,28,5,5,23,23,9,Train/9/00009_00008_00004.png
client_3,34431,56,56,5,5,50,51,35,Train/35/00035_00007_00022.png
client_3,38696,85,85,8,8,78,78,40,Train/40/00040_00010_00027.png
client_3,39034,30,30,6,6,25,25,42,Train/42/00042_00002_00005.png
client_3,24201,39,40,5,6,34,35,16,Train/16/00016_00005_00021.png
client_3,10134,68,67,6,6,62,61,5,Train/5/00005_00056_00024.png
client_3,4533,28,28,6,6,23,23,2,Train/2/00002_00058_00003.png
client_3,3309,35,35,6,5,29,29,2,Train/2/00002_00017_00009.png
client_3,14519,43,43,6,5,38,38,9,Train/9/00009_00031_00029.png
client_3,33954,50,57,5,6,44,51,34,Train/34/00034_00005_00025.png
client_3,39192,34,36,5,6,29,31,42,Train/42/00042_00007_00013.png
client_3,6457,46,47,5,6,41,42,4,Train/4/00004_00000_00007.png
client_3,18683,77,63,7,5,71,58,12,Train/12/00012_00010_00023.png
client_3,20349,41,47,5,6,36,42,12,Train/12/00012_00066_00009.png
client_3,4823,60,59,5,6,54,53,2,Train/2/00002_00067_00023.png
client_3,3279,33,35,6,5,28,29,2,Train/2/00002_00016_00009.png
client_3,4681,28,29,5,5,23,24,2,Train/2/00002_00063_00001.png
client_3,19596,31,31,6,6,26,26,12,Train/12/00012_00041_00006.png
client_3,32883,27,27,5,5,22,22,32,Train/32/00032_00001_00003.png
client_3,14658,56,55,6,5,50,49,9,Train/9/00009_00036_00018.png
client_3,1483,38,48,5,5,32,43,1,Train/1/00001_00030_00013.png
client_3,13888,105,98,10,8,96,90,9,Train/9/00009_00010_00028.png
client_3,27453,35,35,6,5,30,30,22,Train/22/00022_00005_00003.png
client_3,7651,27,27,5,5,22,22,4,Train/4/00004_00040_00001.png
client_3,4625,44,42,6,5,38,37,2,Train/2/00002_00061_00005.png
client_3,14139,31,32,5,6,26,27,9,Train/9/00009_00019_00009.png
client_3,26979,45,42,6,5,39,36,21,Train/21/00021_00000_00009.png
client_3,19986,36,36,6,5,30,30,12,Train/12/00012_00054_00006.png
client_3,19681,33,33,6,6,28,28,12,Train/12/00012_00044_00001.png
client_3,30125,39,36,6,5,34,31,26,Train/26/00026_00005_00005.png
client_3,29966,91,89,8,8,83,81,25,Train/25/00025_00049_00026.png
client_3,34801,30,30,6,6,25,25,35,Train/35/00035_00020_00002.png
client_3,3170,83,77,7,7,76,71,2,Train/2/00002_00012_00020.png
client_3,14412,53,54,5,6,48,49,9,Train/9/00009_00028_00012.png
client_3,20015,35,35,6,6,29,29,12,Train/12/00012_00055_00005.png
client_3,17658,58,55,5,6,53,50,11,Train/11/00011_00020_00018.png
client_3,27287,47,42,6,5,42,37,21,Train/21/00021_00010_00017.png
client_3,27184,36,35,6,5,31,29,21,Train/21/00021_00007_00004.png
client_3,17629,42,38,5,6,37,33,11,Train/11/00011_00019_00019.png
client_3,39045,37,37,6,6,32,32,42,Train/42/00042_00002_00016.png
client_3,28290,50,47,6,5,45,42,24,Train/24/00024_00003_00000.png
client_3,24165,35,36,5,6,30,31,16,Train/16/00016_00004_00015.png
client_3,34140,29,29,6,5,24,24,34,Train/34/00034_00012_00001.png
client_3,14204,43,45,6,6,38,40,9,Train/9/00009_00021_00014.png
client_3,8241,56,57,6,6,51,52,4,Train/4/00004_00059_00021.png
client_3,33464,40,39,6,6,34,33,33,Train/33/00033_00012_00014.png
client_3,13613,56,56,6,5,51,51,9,Train/9/00009_00001_00023.png
client_3,16790,48,47,6,5,43,42,10,Train/10/00010_00058_00020.png
client_3,14553,31,29,6,6,26,24,9,Train/9/00009_00033_00003.png
client_3,35818,57,57,6,6,51,52,37,Train/37/00037_00000_00029.png
client_3,13821,47,42,6,6,42,37,9,Train/9/00009_00008_00021.png
client_3,13958,36,38,5,6,31,33,9,Train/9/00009_00013_00008.png
client_3,14806,34,35,5,5,29,30,9,Train/9/00009_00041_00016.png
client_3,13565,36,36,6,6,31,31,9,Train/9/00009_00000_00005.png
client_3,23013,39,39,6,5,34,34,14,Train/14/00014_00013_00003.png
client_3,2972,27,27,5,5,22,22,2,Train/2/00002_00006_00002.png
client_3,2845,73,73,7,7,67,67,2,Train/2/00002_00001_00025.png
client_3,14351,61,59,6,5,56,54,9,Train/9/00009_00026_00011.png
client_3,14256,32,33,6,6,27,28,9,Train/9/00009_00023_00006.png
client_3,35138,30,29,6,5,25,24,35,Train/35/00035_00031_00009.png
client_3,27124,33,31,5,5,28,26,21,Train/21/00021_00005_00004.png
client_3,27685,80,75,7,7,73,69,22,Train/22/00022_00012_00025.png
client_3,14226,33,34,5,5,28,29,9,Train/9/00009_00022_00006.png
client_3,36508,71,86,7,7,65,79,38,Train/38/00038_00016_00029.png
client_3,13696,39,38,6,5,34,33,9,Train/9/00009_00004_00016.png
client_3,13831,30,31,6,6,24,26,9,Train/9/00009_00009_00001.png
client_3,4514,42,41,5,5,37,36,2,Train/2/00002_00057_00014.png
client_3,9849,34,35,6,6,29,29,5,Train/5/00005_00047_00009.png
client_3,26988,62,58,6,6,56,52,21,Train/21/00021_00000_00018.png
client_3,31033,70,60,7,6,63,54,28,Train/28/00028_00007_00013.png
client_3,35362,47,49,6,5,42,44,35,Train/35/00035_00038_00023.png
client_3,38370,34,34,6,5,29,29,40,Train/40/00040_00000_00001.png
client_3,4367,75,73,7,7,68,67,2,Train/2/00002_00052_00017.png
client_3,19992,38,41,5,6,33,36,12,Train/12/00012_00054_00012.png
client_3,6767,40,42,5,6,35,37,4,Train/4/00004_00010_00017.png
client_3,37906,43,43,6,5,38,38,38,Train/38/00038_00063_00017.png
client_3,33227,46,48,6,6,41,43,33,Train/33/00033_00004_00017.png
client_3,14284,30,34,5,6,25,28,9,Train/9/00009_00024_00004.png
client_3,20281,29,30,6,6,24,25,12,Train/12/00012_00064_00001.png
client_3,14123,41,40,5,5,36,35,9,Train/9/00009_00018_00023.png
client_3,8491,28,27,6,6,23,22,5,Train/5/00005_00002_00001.png
client_3,6786,31,32,6,6,26,26,4,Train/4/00004_00011_00006.png
client_3,19561,36,35,6,5,31,30,12,Train/12/00012_00040_00001.png
client_3,19547,54,54,5,5,49,49,12,Train/12/00012_00039_00017.png
client_3,29735,36,34,6,6,31,29,25,Train/25/00025_00042_00005.png
client_3,7973,48,51,5,5,43,46,4,Train/4/00004_00050_00023.png
client_3,36911,33,36,6,6,28,31,38,Train/38/00038_00030_00012.png
client_3,2515,72,73,7,7,66,67,1,Train/1/00001_00064_00025.png
client_3,5036,55,54,6,5,50,49,2,Train/2/00002_00074_00026.png
client_3,30915,49,45,6,5,44,40,28,Train/28/00028_00003_00015.png
client_3,9207,47,47,6,6,42,42,5,Train/5/00005_00025_00027.png
client_3,14375,30,31,5,6,25,26,9,Train/9/00009_00027_00005.png
client_3,4828,106,100,9,8,97,92,2,Train/2/00002_00067_00028.png
client_3,34208,44,44,6,5,39,38,35,Train/35/00035_00000_00009.png
client_3,802,86,83,7,7,79,76,1,Train/1/00001_00007_00022.png
client_3,3665,39,40,6,6,34,34,2,Train/2/00002_00029_00005.png
client_3,33202,60,63,6,6,55,58,33,Train/33/00033_00003_00022.png
client_3,31069,98,88,9,8,90,80,28,Train/28/00028_00008_00019.png
client_3,23279,159,170,14,15,145,155,14,Train/14/00014_00021_00029.png
client_3,11685,45,45,6,5,40,39,7,Train/7/00007_00032_00015.png
client_3,33913,63,64,5,6,58,59,34,Train/34/00034_00004_00014.png
client_3,6484,42,42,6,6,37,37,4,Train/4/00004_00001_00004.png
client_3,14700,32,33,5,6,27,28,9,Train/9/00009_00038_00000.png
client_3,27015,44,43,5,6,39,38,21,Train/21/00021_00001_00015.png
client_3,7197,77,73,7,6,71,67,4,Train/4/00004_00024_00027.png
client_3,6910,35,35,6,6,30,29,4,Train/4/00004_00015_00010.png
client_3,13058,29,29,6,6,24,24,8,Train/8/00008_00030_00008.png
client_3,33529,41,44,5,6,36,39,33,Train/33/00033_00014_00019.png
client_3,38445,47,48,5,6,42,43,40,Train/40/00040_00002_00016.png
client_3,7559,134,128,11,12,123,117,4,Train/4/00004_00036_00029.png
client_3,13669,40,39,6,5,35,34,9,Train/9/00009_00003_00019.png
client_3,15013,35,33,6,5,29,28,9,Train/9/00009_00048_00013.png
client_3,38274,40,41,5,6,35,36,39,Train/39/00039_00006_00025.png
client_3,7260,29,29,5,5,24,24,4,Train/4/00004_00027_00000.png
client_3,24281,68,69,6,7,62,63,16,Train/16/00016_00008_00011.png
client_3,31011,69,63,6,6,63,58,28,Train/28/00028_00006_00021.png
client_3,33782,27,33,5,6,22,28,34,Train/34/00034_00000_00003.png
client_3,2865,32,34,5,6,27,29,2,Train/2/00002_00002_00015.png
client_3,11258,31,32,6,6,26,27,7,Train/7/00007_00018_00008.png
client_3,33401,31,33,5,6,26,27,33,Train/33/00033_00010_00011.png
client_3,3258,76,77,7,6,70,70,2,Train/2/00002_00015_00018.png
client_3,13639,57,59,6,6,52,54,9,Train/9/00009_00002_00019.png
client_3,33300,41,41,6,5,36,36,33,Train/33/00033_00007_00000.png
client_3,10129,50,49,6,6,45,44,5,Train/5/00005_00056_00019.png
client_3,23210,85,92,7,9,77,84,14,Train/14/00014_00019_00020.png
client_3,33542,27,30,6,6,22,25,33,Train/33/00033_00015_00002.png
client_3,24214,75,75,7,6,69,68,16,Train/16/00016_00006_00004.png
client_3,2134,29,31,6,6,24,26,1,Train/1/00001_00052_00004.png
client_3,1186,59,61,5,5,54,56,1,Train/1/00001_00020_00016.png
client_3,27263,76,72,6,7,70,66,21,Train/21/00021_00009_00023.png
client_3,2919,34,33,6,5,29,28,2,Train/2/00002_00004_00009.png
client_3,14008,88,94,8,9,81,86,9,Train/9/00009_00014_00028.png
client_3,34132,80,80,8,8,73,73,34,Train/34/00034_00011_00023.png
client_3,3184,32,33,6,6,27,28,2,Train/2/00002_00013_00004.png
client_3,2978,29,29,5,5,24,24,2,Train/2/00002_00006_00008.png
client_3,14606,76,73,7,7,70,67,9,Train/9/00009_00034_00026.png
client_3,2988,38,39,5,5,33,34,2,Train/2/00002_00006_00018.png
client_3,31298,40,42,6,6,35,37,28,Train/28/00028_00016_00008.png
client_3,19387,59,59,6,5,54,53,12,Train/12/00012_00034_00007.png
client_3,13569,36,37,5,5,31,32,9,Train/9/00009_00000_00009.png
client_3,27197,54,49,5,5,49,44,21,Train/21/00021_00007_00017.png
client_3,29943,43,41,5,5,37,35,25,Train/25/00025_00049_00003.png
client_3,9559,39,35,6,5,34,30,5,Train/5/00005_00037_00019.png
client_3,570,56,57,6,5,51,52,1,Train/1/00001_00000_00000.png
client_3,34777,28,31,5,6,23,26,35,Train/35/00035_00019_00008.png
client_3,3852,37,38,5,6,32,33,2,Train/2/00002_00035_00012.png
client_3,30877,47,41,6,5,42,36,28,Train/28/00028_00002_00007.png
client_3,38669,30,32,5,5,25,27,40,Train/40/00040_00010_00000.png
client_3,3493,35,34,6,5,30,29,2,Train/2/00002_00023_00013.png
client_3,3146,61,58,5,5,56,52,2,Train/2/00002_00011_00026.png
client_3,3538,69,69,7,6,63,63,2,Train/2/00002_00024_00028.png
client_3,30890,76,71,7,6,70,65,28,Train/28/00028_00002_00020.png
client_3,14458,110,105,9,9,100,96,9,Train/9/00009_00029_00028.png
client_3,27141,60,57,5,5,55,52,21,Train/21/00021_00005_00021.png
client_3,3747,51,54,6,6,46,49,2,Train/2/00002_00031_00027.png
client_3,17473,45,42,6,5,39,36,11,Train/11/00011_00014_00013.png
client_3,13666,36,37,5,6,31,32,9,Train/9/00009_00003_00016.png
client_3,13751,32,31,6,5,27,26,9,Train/9/00009_00006_00011.png
client_3,5006,65,66,5,6,59,60,2,Train/2/00002_00073_00026.png
client_3,39013,37,39,5,6,32,34,42,Train/42/00042_00001_00014.png
client_3,4943,39,38,5,5,33,33,2,Train/2/00002_00071_00023.png
client_3,4832,29,30,5,6,24,25,2,Train/2/00002_00068_00002.png
client_3,38357,41,45,5,6,35,39,39,Train/39/00039_00009_00018.png
client_3,28702,98,85,9,8,90,77,25,Train/25/00025_00007_00022.png
client_3,3507,54,54,6,6,49,49,2,Train/2/00002_00023_00027.png
client_3,28482,55,55,5,6,50,50,25,Train/25/00025_00000_00012.png
client_3,28073,49,48,6,6,43,43,23,Train/23/00023_00012_00023.png
client_3,3834,64,63,6,5,59,58,2,Train/2/00002_00034_00024.png
client_3,35111,32,33,5,5,27,27,35,Train/35/00035_00030_00012.png
client_3,18628,148,145,13,12,135,133,12,Train/12/00012_00008_00028.png
client_3,27143,69,63,6,5,63,58,21,Train/21/00021_00005_00023.png
client_3,28251,70,71,7,7,64,64,24,Train/24/00024_00001_00021.png
client_3,38434,35,36,5,6,30,31,40,Train/40/00040_00002_00005.png
client_3,34232,28,30,5,6,23,25,35,Train/35/00035_00001_00003.png
client_3,13789,48,48,6,6,43,43,9,Train/9/00009_00007_00019.png
client_3,10797,113,124,10,10,103,114,7,Train/7/00007_00002_00027.png
client_3,35299,48,46,6,5,43,41,35,Train/35/00035_00036_00020.png
client_3,14955,61,56,5,5,56,51,9,Train/9/00009_00046_00015.png
client_3,38062,60,63,6,6,55,58,38,Train/38/00038_00068_00023.png
client_3,27828,49,41,6,5,43,36,23,Train/23/00023_00004_00018.png
client_3,18970,33,35,5,5,28,30,12,Train/12/00012_00020_00010.png
client_3,17703,53,50,6,6,48,45,11,Train/11/00011_00022_00003.png
client_3,3266,107,113,10,10,98,104,2,Train/2/00002_00015_00026.png
client_3,34952,32,32,6,5,27,27,35,Train/35/00035_00025_00003.png
client_3,2901,62,63,5,6,56,58,2,Train/2/00002_00003_00021.png
client_3,6499,52,52,6,6,47,47,4,Train/4/00004_00001_00019.png
client_3,28219,55,51,6,6,50,46,24,Train/24/00024_00000_00019.png
client_3,27604,31,31,6,6,26,26,22,Train/22/00022_00010_00004.png
client_3,14768,41,42,5,5,36,37,9,Train/9/00009_00040_00008.png
client_3,21249,38,46,5,5,33,41,13,Train/13/00013_00026_00009.png
client_3,13642,62,64,5,6,56,59,9,Train/9/00009_00002_00022.png
client_3,1398,48,48,6,5,43,43,1,Train/1/00001_00027_00018.png
client_3,6970,34,36,6,6,28,30,4,Train/4/00004_00017_00010.png
client_3,35252,29,29,5,6,23,23,35,Train/35/00035_00035_00003.png
client_3,38519,50,51,5,6,45,46,40,Train/40/00040_00005_00000.png
client_3,7625,36,35,6,5,31,30,4,Train/4/00004_00039_00005.png
client_3,17776,47,44,5,5,42,39,11,Train/11/00011_00024_00016.png
client_3,19562,37,38,5,6,32,33,12,Train/12/00012_00040_00002.png
client_3,27802,94,87,8,8,86,80,23,Train/23/00023_00003_00022.png
client_3,14839,60,61,5,6,55,56,9,Train/9/00009_00042_00019.png
client_3,38901,45,46,6,6,40,40,41,Train/41/00041_00005_00022.png
client_3,14465,28,30,5,6,23,25,9,Train/9/00009_00030_00005.png
client_3,29718,65,63,6,6,60,57,25,Train/25/00025_00041_00018.png
client_3,31287,93,82,9,8,85,75,28,Train/28/00028_00015_00027.png
client_3,24352,52,53,6,6,47,48,16,Train/16/00016_00010_00022.png
client_3,35217,104,101,9,9,94,93,35,Train/35/00035_00033_00028.png
client_3,38429,33,32,6,5,28,27,40,Train/40/00040_00002_00000.png
client_3,38998,70,72,6,7,63,66,42,Train/42/00042_00000_00029.png
client_3,19576,52,52,5,5,47,47,12,Train/12/00012_00040_00016.png
client_3,20228,40,39,6,5,35,34,12,Train/12/00012_00062_00008.png
client_3,13787,43,42,6,5,38,36,9,Train/9/00009_00007_00017.png
client_3,13785,38,40,5,6,33,35,9,Train/9/00009_00007_00015.png
client_3,14335,63,63,5,5,58,58,9,Train/9/00009_00025_00025.png
client_3,14713,38,40,5,6,33,35,9,Train/9/00009_00038_00013.png
client_3,9710,49,50,5,5,44,45,5,Train/5/00005_00042_00020.png
client_3,24312,34,35,5,5,28,29,16,Train/16/00016_00009_00012.png
client_3,18542,30,28,5,5,25,23,12,Train/12/00012_00006_00002.png
client_3,33113,70,75,6,7,63,69,33,Train/33/00033_00000_00023.png
client_3,13848,49,48,6,6,43,43,9,Train/9/00009_00009_00018.png
client_3,8142,35,37,6,5,30,32,4,Train/4/00004_00056_00012.png
client_3,29830,40,36,6,6,35,31,25,Train/25/00025_00045_00010.png
client_3,38438,38,36,6,5,32,31,40,Train/40/00040_00002_00009.png
client_3,6707,42,44,6,6,37,38,4,Train/4/00004_00008_00017.png
client_3,4750,53,54,6,6,48,49,2,Train/2/00002_00065_00010.png
client_3,31169,63,58,5,6,58,53,28,Train/28/00028_00011_00029.png
client_3,10175,28,29,5,6,23,24,5,Train/5/00005_00058_00005.png
client_3,18263,81,73,8,7,74,67,11,Train/11/00011_00040_00023.png
client_3,14850,26,26,6,6,21,21,9,Train/9/00009_00043_00000.png
client_3,18024,98,96,8,9,89,87,11,Train/11/00011_00032_00024.png
client_3,14605,68,63,7,6,62,58,9,Train/9/00009_00034_00025.png
client_3,4959,29,31,5,6,23,26,2,Train/2/00002_00072_00009.png
client_3,20089,47,48,6,5,42,43,12,Train/12/00012_00057_00019.png
client_3,18757,31,29,6,5,25,24,12,Train/12/00012_00013_00007.png
client_3,9827,47,48,6,6,42,43,5,Train/5/00005_00046_00017.png
client_3,19160,53,53,6,6,48,48,12,Train/12/00012_00026_00020.png
client_3,27104,39,35,6,5,34,30,21,Train/21/00021_00004_00014.png
client_3,14116,38,37,6,6,33,32,9,Train/9/00009_00018_00016.png
client_3,9042,31,30,6,5,26,25,5,Train/5/00005_00020_00012.png
client_3,19469,176,175,16,15,161,160,12,Train/12/00012_00036_00029.png
client_3,20211,58,59,6,5,53,54,12,Train/12/00012_00061_00021.png
client_3,27964,40,40,5,5,35,35,23,Train/23/00023_00009_00004.png
client_3,14441,36,36,6,5,31,31,9,Train/9/00009_00029_00011.png
client_3,3174,100,93,8,8,92,85,2,Train/2/00002_00012_00024.png
client_3,29383,70,62,7,6,63,57,25,Train/25/00025_00030_00013.png
client_3,34244,34,35,5,6,29,30,35,Train/35/00035_00001_00015.png
client_3,10131,55,55,5,6,50,50,5,Train/5/00005_00056_00021.png
client_3,8386,36,36,5,5,31,30,4,Train/4/00004_00064_00016.png
client_3,34774,27,29,5,6,22,24,35,Train/35/00035_00019_00005.png
client_3,24035,56,59,6,6,51,54,16,Train/16/00016_00000_00005.png
client_3,14567,45,44,5,6,40,39,9,Train/9/00009_00033_00017.png
client_3,13353,31,31,5,5,26,26,8,Train/8/00008_00040_00003.png
client_3,33405,36,37,6,6,31,31,33,Train/33/00033_00010_00015.png
client_3,12385,53,55,5,6,48,49,8,Train/8/00008_00007_00025.png
client_3,29334,105,103,9,9,96,94,25,Train/25/00025_00028_00024.png
client_3,38419,55,55,5,5,50,50,40,Train/40/00040_00001_00020.png
client_3,4833,31,30,6,5,26,25,2,Train/2/00002_00068_00003.png
client_3,7339,49,49,5,5,44,44,4,Train/4/00004_00029_00019.png
client_3,34051,32,31,6,5,27,26,34,Train/34/00034_00009_00002.png
client_3,38686,51,52,6,5,45,46,40,Train/40/00040_00010_00017.png
client_3,33466,37,37,5,5,32,31,33,Train/33/00033_00012_00016.png
client_3,20145,40,38,6,5,34,33,12,Train/12/00012_00059_00015.png
client_3,14091,51,53,6,5,46,48,9,Train/9/00009_00017_00021.png
client_3,4531,27,27,6,6,22,22,2,Train/2/00002_00058_00001.png
client_3,13722,35,34,6,5,30,29,9,Train/9/00009_00005_00012.png
client_3,3678,55,55,5,5,50,49,2,Train/2/00002_00029_00018.png
client_3,6642,36,37,5,5,30,32,4,Train/4/00004_00006_00012.png
client_3,28925,38,36,5,6,32,30,25,Train/25/00025_00015_00005.png
client_3,923,59,58,6,6,54,53,1,Train/1/00001_00011_00023.png
client_3,8784,67,70,6,6,61,64,5,Train/5/00005_00011_00024.png
client_3,28606,49,45,5,5,44,40,25,Train/25/00025_00004_00016.png
client_3,38248,106,108,10,10,97,99,39,Train/39/00039_00005_00029.png
client_3,22865,35,38,6,6,30,33,14,Train/14/00014_00008_00005.png
client_3,39096,34,34,5,5,29,29,42,Train/42/00042_00004_00007.png
client_3,9351,44,44,5,5,39,39,5,Train/5/00005_00030_00021.png
client_3,19722,55,58,6,6,50,53,12,Train/12/00012_00045_00012.png
client_3,24204,43,44,5,5,38,39,16,Train/16/00016_00005_00024.png
client_3,33506,91,88,8,7,83,81,33,Train/33/00033_00013_00026.png
client_3,6282,68,68,7,7,62,62,3,Train/3/00003_00041_00012.png
client_3,27496,44,40,5,5,39,35,22,Train/22/00022_00006_00016.png
client_3,24275,58,59,5,6,53,54,16,Train/16/00016_00008_00005.png
client_3,29769,43,41,6,6,38,36,25,Train/25/00025_00043_00009.png
client_3,19315,70,68,6,6,64,62,12,Train/12/00012_00031_00025.png
client_3,29786,99,89,9,8,91,82,25,Train/25/00025_00043_00026.png
client_3,13573,43,42,5,5,38,37,9,Train/9/00009_00000_00013.png
client_3,28746,30,29,5,5,25,24,25,Train/25/00025_00009_00006.png
client_3,27704,39,38,5,6,33,33,23,Train/23/00023_00000_00014.png
client_3,39057,49,49,6,5,44,44,42,Train/42/00042_00002_00028.png
client_3,39015,40,40,5,5,35,35,42,Train/42/00042_00001_00016.png
client_3,34178,41,40,6,5,36,35,34,Train/34/00034_00013_00009.png
client_3,39032,29,29,6,6,24,24,42,Train/42/00042_00002_00003.png
client_3,17259,53,50,5,6,47,44,11,Train/11/00011_00007_00009.png
client_3,28127,91,80,8,7,83,73,23,Train/23/00023_00014_00017.png
client_3,3841,32,33,5,6,27,28,2,Train/2/00002_00035_00001.png
client_3,27804,107,96,9,8,98,88,23,Train/23/00023_00003_00024.png
client_3,14656,52,50,6,5,47,45,9,Train/9/00009_00036_00016.png
client_3,33573,38,40,6,5,33,35,33,Train/33/00033_00016_00003.png
client_3,39156,33,32,6,5,28,27,42,Train/42/00042_00006_00007.png
client_3,7056,29,30,5,6,24,25,4,Train/4/00004_00020_00006.png
client_3,2228,58,67,6,6,53,61,1,Train/1/00001_00055_00008.png
client_3,38716,50,51,6,5,45,46,40,Train/40/00040_00011_00017.png
client_3,34496,104,104,9,9,95,95,35,Train/35/00035_00009_00027.png
client_3,14598,44,42,6,5,39,37,9,Train/9/00009_00034_00018.png
client_3,14121,40,40,5,6,35,35,9,Train/9/00009_00018_00021.png
client_3,27709,48,45,6,5,43,40,23,Train/23/00023_00000_00019.png
client_3,19527,105,105,10,10,96,96,12,Train/12/00012_00038_00027.png
client_3,38488,120,115,11,10,109,105,40,Train/40/00040_00003_00029.png
client_3,3766,40,38,5,5,35,33,2,Train/2/00002_00032_00016.png
client_3,33208,98,98,9,8,90,90,33,Train/33/00033_00003_00028.png
client_3,3873,32,33,6,6,27,28,2,Train/2/00002_00036_00003.png
client_3,29699,192,176,16,16,176,161,25,Train/25/00025_00040_00029.png
client_3,7135,43,45,5,6,38,40,4,Train/4/00004_00022_00025.png
client_3,35316,38,43,5,5,33,38,35,Train/35/00035_00037_00007.png
client_3,8532,31,31,5,6,26,26,5,Train/5/00005_00003_00012.png
client_3,28256,73,73,6,7,67,67,24,Train/24/00024_00001_00026.png
client_3,28118,83,72,8,6,76,66,23,Train/23/00023_00014_00008.png
client_3,28013,85,81,7,7,78,73,23,Train/23/00023_00010_00023.png
client_3,3430,34,33,6,6,29,28,2,Train/2/00002_00021_00010.png
client_3,24302,28,29,5,6,23,24,16,Train/16/00016_00009_00002.png
client_3,3191,34,33,6,5,28,28,2,Train/2/00002_00013_00011.png
client_3,33302,43,43,6,6,38,38,33,Train/33/00033_00007_00002.png
client_3,14393,51,49,6,6,46,44,9,Train/9/00009_00027_00023.png
client_3,4776,36,39,6,5,31,34,2,Train/2/00002_00066_00006.png
client_3,18500,33,27,6,5,28,22,12,Train/12/00012_00004_00020.png
client_3,5013,30,31,5,6,25,26,2,Train/2/00002_00074_00003.png
client_3,7256,57,56,6,6,52,51,4,Train/4/00004_00026_00026.png
client_3,9635,28,27,6,5,23,22,5,Train/5/00005_00040_00005.png
client_3,18074,57,53,6,6,52,48,11,Train/11/00011_00034_00014.png
client_3,33879,56,58,6,6,51,53,34,Train/34/00034_00003_00010.png
client_3,27915,48,43,5,6,43,38,23,Train/23/00023_00007_00015.png
client_3,7229,123,117,10,10,113,107,4,Train/4/00004_00025_00029.png
client_3,14547,84,85,7,8,77,78,9,Train/9/00009_00032_00027.png
client_3,31580,60,59,5,5,55,53,29,Train/29/00029_00007_00020.png
client_3,38977,34,34,5,5,29,29,42,Train/42/00042_00000_00008.png
client_3,33341,55,57,5,6,50,52,33,Train/33/00033_00008_00011.png
client_3,14570,51,50,5,6,45,44,9,Train/9/00009_00033_00020.png
client_3,17716,77,70,7,7,71,64,11,Train/11/00011_00022_00016.png
client_3,14528,38,38,5,5,33,33,9,Train/9/00009_00032_00008.png
client_3,28355,28,25,6,5,22,20,24,Train/24/00024_00005_00005.png
client_3,27980,59,55,5,6,54,50,23,Train/23/00023_00009_00020.png
client_3,13866,41,40,6,5,36,35,9,Train/9/00009_00010_00006.png
client_3,35227,35,38,6,6,30,32,35,Train/35/00035_00034_00008.png
client_3,14583,27,27,5,5,22,22,9,Train/9/00009_00034_00003.png
client_3,33410,42,43,6,6,37,37,33,Train/33/00033_00010_00020.png
client_3,34094,39,44,5,5,34,39,34,Train/34/00034_00010_00015.png
client_3,20275,64,69,5,6,59,63,12,Train/12/00012_00063_00025.png
client_3,3903,28,30,5,6,23,25,2,Train/2/00002_00037_00003.png
client_3,31387,43,41,5,6,37,35,29,Train/29/00029_00001_00007.png
client_3,19288,55,54,5,6,50,49,12,Train/12/00012_00030_00028.png
client_3,7048,121,120,11,11,111,110,4,Train/4/00004_00019_00028.png
client_3,38673,34,38,6,6,29,33,40,Train/40/00040_00010_00004.png
client_3,34423,38,38,5,5,33,33,35,Train/35/00035_00007_00014.png
client_3,13845,41,43,5,5,36,37,9,Train/9/00009_00009_00015.png
client_3,39184,30,32,5,6,25,27,42,Train/42/00042_00007_00005.png
client_3,34163,37,37,5,6,32,32,34,Train/34/00034_00012_00024.png
client_3,34403,66,68,6,7,60,62,35,Train/35/00035_00006_00024.png
client_3,14916,35,38,6,5,30,32,9,Train/9/00009_00045_00006.png
client_3,34277,39,40,5,5,33,34,35,Train/35/00035_00002_00018.png
client_3,14626,46,46,6,6,40,40,9,Train/9/00009_00035_00016.png
client_3,28241,62,64,6,6,57,59,24,Train/24/00024_00001_00011.png
client_3,4483,39,39,5,6,34,34,2,Train/2/00002_00056_00013.png
client_3,27952,93,84,9,8,85,77,23,Train/23/00023_00008_00022.png
client_3,7298,34,35,5,6,29,30,4,Train/4/00004_00028_00008.png
client_3,31430,59,55,6,6,54,50,29,Train/29/00029_00002_00020.png
client_3,14112,35,34,5,5,30,29,9,Train/9/00009_00018_00012.png
client_3,4672,60,63,5,6,55,58,2,Train/2/00002_00062_00022.png
client_3,14440,35,36,6,6,30,31,9,Train/9/00009_00029_00010.png
client_3,7719,33,33,6,5,28,28,4,Train/4/00004_00042_00009.png
client_3,28062,35,35,6,6,29,30,23,Train/23/00023_00012_00012.png
client_3,7014,63,69,6,6,58,62,4,Train/4/00004_00018_00024.png
client_3,6902,29,31,5,6,24,25,4,Train/4/00004_00015_00002.png
client_3,36012,38,39,5,6,33,34,38,Train/38/00038_00000_00013.png
client_3,13795,73,72,7,6,66,66,9,Train/9/00009_00007_00025.png
client_3,38571,76,74,7,6,70,68,40,Train/40/00040_00006_00022.png
client_3,13736,62,63,5,5,57,58,9,Train/9/00009_00005_00026.png
client_3,14711,38,38,6,5,33,32,9,Train/9/00009_00038_00011.png
client_3,15300,31,31,5,5,26,26,10,Train/10/00010_00009_00000.png
client_3,14392,48,47,5,6,43,42,9,Train/9/00009_00027_00022.png
client_3,940,35,36,6,5,30,31,1,Train/1/00001_00012_00010.png
client_3,33252,70,69,7,6,64,63,33,Train/33/00033_00005_00012.png
client_3,20018,36,35,6,5,31,30,12,Train/12/00012_00055_00008.png
client_3,38677,37,40,6,6,32,35,40,Train/40/00040_00010_00008.png
client_3,4458,44,45,6,6,39,39,2,Train/2/00002_00055_00018.png
client_3,27678,53,49,5,6,47,44,22,Train/22/00022_00012_00018.png
client_3,27121,32,31,5,6,27,26,21,Train/21/00021_00005_00001.png
client_3,2769,49,50,6,6,44,45,1,Train/1/00001_00073_00009.png
client_3,33853,39,37,6,5,34,32,34,Train/34/00034_00002_00014.png
client_3,6711,52,51,6,6,47,46,4,Train/4/00004_00008_00021.png
client_3,39169,42,41,6,5,37,36,42,Train/42/00042_00006_00020.png
client_3,18333,35,37,5,5,30,32,11,Train/11/00011_00043_00003.png
client_3,20253,27,28,5,5,22,23,12,Train/12/00012_00063_00003.png
client_3,14017,43,43,5,5,38,38,9,Train/9/00009_00015_00007.png
client_3,7818,41,41,6,5,36,35,4,Train/4/00004_00045_00018.png
client_3,3866,65,65,6,6,60,60,2,Train/2/00002_00035_00026.png
client_3,31092,48,42,6,6,43,37,28,Train/28/00028_00009_00012.png
client_3,22787,60,60,6,6,54,54,14,Train/14/00014_00005_00017.png
client_3,28691,74,68,6,6,67,62,25,Train/25/00025_00007_00011.png
client_3,12070,31,32,5,5,26,27,7,Train/7/00007_00045_00010.png
client_3,27520,49,46,6,6,44,41,22,Train/22/00022_00007_00010.png
client_3,30855,52,46,6,5,47,41,28,Train/28/00028_00001_00015.png
client_3,34222,75,76,7,6,69,70,35,Train/35/00035_00000_00023.png
client_3,24008,29,30,5,5,24,25,15,Train/15/00015_00020_00008.png
client_3,14612,31,31,6,5,26,26,9,Train/9/00009_00035_00002.png
client_3,6954,50,52,6,5,44,47,4,Train/4/00004_00016_00024.png
client_3,4373,94,92,9,8,86,84,2,Train/2/00002_00052_00023.png
client_3,14339,100,101,8,9,92,93,9,Train/9/00009_00025_00029.png
client_3,4903,35,35,6,5,30,30,2,Train/2/00002_00070_00013.png
client_3,39149,28,29,5,6,23,24,42,Train/42/00042_00006_00000.png
client_3,28317,145,123,12,10,133,113,24,Train/24/00024_00003_00027.png
client_3,28354,28,26,6,5,23,20,24,Train/24/00024_00005_00004.png
client_3,34409,25,26,5,5,20,20,35,Train/35/00035_00007_00000.png
client_3,14398,72,69,7,6,66,63,9,Train/9/00009_00027_00028.png
client_3,30977,56,58,6,6,51,53,28,Train/28/00028_00005_00017.png
client_3,14634,74,75,6,7,68,69,9,Train/9/00009_00035_00024.png
client_3,38622,52,54,6,6,47,49,40,Train/40/00040_00008_00013.png
client_3,17839,106,93,10,9,97,85,11,Train/11/00011_00026_00019.png
client_3,31147,38,38,5,6,33,33,28,Train/28/00028_00011_00007.png
client_3,2850,27,28,6,6,22,23,2,Train/2/00002_00002_00000.png
client_3,13897,36,38,6,6,31,33,9,Train/9/00009_00011_00007.png
client_3,11898,42,43,5,6,37,38,7,Train/7/00007_00039_00018.png
client_3,10232,28,27,6,5,22,22,5,Train/5/00005_00060_00002.png
client_3,7265,31,32,5,6,26,27,4,Train/4/00004_00027_00005.png
client_3,20140,35,35,5,5,29,29,12,Train/12/00012_00059_00010.png
client_3,14764,42,42,6,5,37,37,9,Train/9/00009_00040_00004.png
client_3,27051,54,47,6,5,49,42,21,Train/21/00021_00002_00021.png
client_3,13939,52,54,5,5,47,49,9,Train/9/00009_00012_00019.png
client_3,3329,106,110,10,10,97,101,2,Train/2/00002_00017_00029.png
client_3,3656,50,50,5,5,45,45,2,Train/2/00002_00028_00026.png
client_3,24369,30,30,5,5,24,25,16,Train/16/00016_00011_00009.png
client_3,34426,41,43,5,6,36,38,35,Train/35/00035_00007_00017.png
client_3,27226,63,54,5,5,58,49,21,Train/21/00021_00008_00016.png
client_3,19155,43,42,6,6,38,37,12,Train/12/00012_00026_00015.png
client_3,13902,42,44,6,6,36,38,9,Train/9/00009_00011_00012.png
client_3,35255,32,31,6,6,27,26,35,Train/35/00035_00035_00006.png
client_3,4376,111,108,9,10,102,99,2,Train/2/00002_00052_00026.png
client_3,31186,44,42,5,6,38,36,28,Train/28/00028_00012_00016.png
client_3,29710,50,47,5,6,44,42,25,Train/25/00025_00041_00010.png
client_3,27747,194,179,17,15,178,164,23,Train/23/00023_00001_00027.png
client_3,14657,53,53,6,6,48,48,9,Train/9/00009_00036_00017.png
client_3,33291,58,59,5,5,53,54,33,Train/33/00033_00006_00021.png
client_3,24279,64,63,6,5,59,58,16,Train/16/00016_00008_00009.png
client_3,31317,93,89,9,8,85,82,28,Train/28/00028_00016_00027.png
client_3,6801,47,48,5,5,42,43,4,Train/4/00004_00011_00021.png
client_3,19910,46,46,6,5,41,41,12,Train/12/00012_00051_00020.png
client_3,27180,35,33,6,5,30,28,21,Train/21/00021_00007_00000.png
client_3,3595,62,62,6,6,57,57,2,Train/2/00002_00026_00025.png
client_3,14896,43,41,6,6,37,35,9,Train/9/00009_00044_00016.png
client_3,3722,32,34,5,6,26,28,2,Train/2/00002_00031_00002.png
client_3,4769,171,171,15,14,157,156,2,Train/2/00002_00065_00029.png
client_3,38461,39,38,6,6,33,33,40,Train/40/00040_00003_00002.png
client_3,31345,97,87,8,8,89,80,28,Train/28/00028_00017_00025.png
client_3,1279,41,39,5,6,36,34,1,Train/1/00001_00023_00019.png
client_3,7275,39,39,6,6,34,34,4,Train/4/00004_00027_00015.png
client_3,4512,37,37,5,6,32,32,2,Train/2/00002_00057_00012.png
client_3,4695,34,35,5,6,29,30,2,Train/2/00002_00063_00015.png
client_3,38064,72,72,7,7,66,66,38,Train/38/00038_00068_00025.png
client_3,28124,83,76,7,7,76,70,23,Train/23/00023_00014_00014.png
client_3,8163,29,29,5,5,24,24,4,Train/4/00004_00057_00003.png
client_3,19311,64,64,6,6,59,59,12,Train/12/00012_00031_00021.png
client_3,6530,52,54,6,6,47,49,4,Train/4/00004_00002_00020.png
client_3,13983,34,34,5,5,29,29,9,Train/9/00009_00014_00003.png
client_3,36942,48,48,6,6,43,43,38,Train/38/00038_00031_00013.png
client_3,701,92,88,9,7,84,81,1,Train/1/00001_00004_00011.png
client_3,32950,32,30,6,5,26,25,32,Train/32/00032_00003_00010.png
client_3,19531,35,34,6,5,30,29,12,Train/12/00012_00039_00001.png
client_3,27270,29,28,6,5,24,23,21,Train/21/00021_00010_00000.png
client_3,13809,29,28,6,5,24,23,9,Train/9/00009_00008_00009.png
client_3,19150,36,37,5,6,31,32,12,Train/12/00012_00026_00010.png
client_3,20569,84,75,7,6,77,69,13,Train/13/00013_00003_00019.png
client_3,19849,44,45,6,6,38,39,12,Train/12/00012_00049_00019.png
client_3,3250,60,63,6,6,55,57,2,Train/2/00002_00015_00010.png
client_3,34418,33,31,6,5,27,26,35,Train/35/00035_00007_00009.png
client_3,14715,41,41,6,5,36,36,9,Train/9/00009_00038_00015.png
client_3,35184,54,55,6,6,49,50,35,Train/35/00035_00032_00025.png
client_3,4100,41,41,5,5,36,36,2,Train/2/00002_00043_00020.png
client_3,9041,31,29,6,5,25,24,5,Train/5/00005_00020_00011.png
client_3,35753,62,63,5,5,57,57,36,Train/36/00036_00011_00024.png
client_3,28163,103,87,9,7,94,80,23,Train/23/00023_00015_00023.png
client_3,12342,35,34,6,5,30,29,8,Train/8/00008_00006_00012.png
client_3,34522,64,67,5,6,58,61,35,Train/35/00035_00010_00023.png
client_3,27147,107,98,9,9,98,90,21,Train/21/00021_00005_00027.png
client_3,14136,28,31,5,6,23,26,9,Train/9/00009_00019_00006.png
client_3,18364,29,30,5,5,23,25,12,Train/12/00012_00000_00004.png
client_3,10717,31,30,6,5,26,25,7,Train/7/00007_00000_00007.png
client_3,31017,96,85,8,7,88,78,28,Train/28/00028_00006_00027.png
client_3,34817,45,46,5,6,40,41,35,Train/35/00035_00020_00018.png
client_3,34909,50,49,5,5,45,44,35,Train/35/00035_00023_00020.png
client_3,33195,43,44,6,5,38,39,33,Train/33/00033_00003_00015.png
client_3,31585,81,80,8,8,74,73,29,Train/29/00029_00007_00025.png
client_3,2886,51,50,5,5,45,44,2,Train/2/00002_00003_00006.png
client_3,14180,31,31,6,6,26,26,9,Train/9/00009_00020_00020.png
client_3,3077,64,63,5,5,59,58,2,Train/2/00002_00009_00017.png
client_3,19130,55,61,5,6,50,56,12,Train/12/00012_00025_00020.png
client_3,5882,27,29,6,6,22,24,3,Train/3/00003_00028_00002.png
client_3,36713,68,69,6,6,61,63,38,Train/38/00038_00023_00024.png
client_3,38543,100,98,8,9,92,90,40,Train/40/00040_00005_00024.png
client_3,14616,34,35,5,6,28,30,9,Train/9/00009_00035_00006.png
client_3,30922,69,63,7,6,63,58,28,Train/28/00028_00003_00022.png
client_3,31420,43,40,5,6,38,35,29,Train/29/00029_00002_00010.png
client_3,38994,56,56,6,5,51,51,42,Train/42/00042_00000_00025.png
client_3,19630,67,67,6,6,61,61,12,Train/12/00012_00042_00010.png
client_3,27778,160,134,14,11,147,123,23,Train/23/00023_00002_00028.png
client_3,14231,38,37,6,5,33,32,9,Train/9/00009_00022_00011.png
client_3,28626,36,35,5,6,30,30,25,Train/25/00025_00005_00006.png
client_3,13892,32,34,6,5,27,29,9,Train/9/00009_00011_00002.png
client_3,29276,72,71,6,6,66,65,25,Train/25/00025_00026_00026.png
client_3,38375,40,38,5,6,34,32,40,Train/40/00040_00000_00006.png
client_3,1924,42,42,5,5,37,37,1,Train/1/00001_00045_00004.png
client_3,24192,34,33,6,5,29,28,16,Train/16/00016_00005_00012.png
client_3,14012,43,43,5,5,38,38,9,Train/9/00009_00015_00002.png
client_3,38435,36,35,6,5,31,30,40,Train/40/00040_00002_00006.png
client_3,33030,27,27,5,5,22,22,32,Train/32/00032_00006_00000.png
client_3,18832,55,57,6,5,50,52,12,Train/12/00012_00015_00022.png
client_3,14995,53,58,5,6,48,53,9,Train/9/00009_00047_00025.png
client_3,14432,27,29,5,6,22,24,9,Train/9/00009_00029_00002.png
client_3,4264,30,30,5,5,25,25,2,Train/2/00002_00049_00004.png
client_3,27602,28,28,6,6,23,23,22,Train/22/00022_00010_00002.png
client_3,20152,54,55,5,6,49,50,12,Train/12/00012_00059_00022.png
client_3,35841,62,62,5,5,57,57,37,Train/37/00037_00001_00022.png
client_3,2835,38,38,5,5,33,33,2,Train/2/00002_00001_00015.png
client_3,27932,40,40,5,5,35,35,23,Train/23/00023_00008_00002.png
client_3,2983,33,35,6,6,28,29,2,Train/2/00002_00006_00013.png
client_3,27776,118,100,11,8,108,92,23,Train/23/00023_00002_00026.png
client_3,20091,47,49,5,5,42,44,12,Train/12/00012_00057_00021.png
client_3,38384,49,46,6,6,44,41,40,Train/40/00040_00000_00015.png
client_3,7511,37,37,5,5,32,32,4,Train/4/00004_00035_00011.png
client_3,14006,73,76,6,6,67,70,9,Train/9/00009_00014_00026.png
client_3,3845,35,34,6,5,30,29,2,Train/2/00002_00035_00005.png
client_3,14952,57,53,6,6,51,47,9,Train/9/00009_00046_00012.png
client_3,19396,84,84,7,7,77,77,12,Train/12/00012_00034_00016.png
client_3,6547,32,31,6,6,27,26,4,Train/4/00004_00003_00007.png
client_3,37507,35,36,6,5,30,31,38,Train/38/00038_00050_00008.png
client_3,31584,71,73,7,6,65,66,29,Train/29/00029_00007_00024.png
client_3,27048,47,44,5,6,42,39,21,Train/21/00021_00002_00018.png
client_3,24089,170,168,14,15,156,154,16,Train/16/00016_00001_00029.png
client_3,3574,33,33,6,5,28,28,2,Train/2/00002_00026_00004.png
client_3,4204,29,28,6,5,24,23,2,Train/2/00002_00047_00004.png
client_3,18379,43,48,6,5,38,42,12,Train/12/00012_00000_00019.png
client_3,13697,39,38,6,5,34,33,9,Train/9/00009_00004_00017.png
client_3,38193,29,29,5,5,24,24,39,Train/39/00039_00004_00004.png
client_3,35127,76,73,6,7,70,67,35,Train/35/00035_00030_00028.png
client_3,29451,46,43,5,5,40,37,25,Train/25/00025_00032_00021.png
client_3,38563,52,53,5,6,47,48,40,Train/40/00040_00006_00014.png
client_3,33428,36,37,5,6,31,32,33,Train/33/00033_00011_00008.png
client_3,20422,46,45,5,6,41,40,12,Train/12/00012_00068_00022.png
client_3,10802,32,33,5,6,27,28,7,Train/7/00007_00003_00002.png
client_3,29607,112,103,9,9,102,94,25,Train/25/00025_00037_00027.png
client_3,19389,61,61,6,5,56,55,12,Train/12/00012_00034_00009.png
client_3,33495,55,54,6,6,50,49,33,Train/33/00033_00013_00015.png
client_3,33882,62,63,6,5,56,58,34,Train/34/00034_00003_00013.png
client_3,34706,105,105,10,9,96,96,35,Train/35/00035_00016_00027.png
client_3,4198,56,68,5,7,51,62,2,Train/2/00002_00046_00028.png
client_3,19017,70,74,7,6,64,68,12,Train/12/00012_00021_00027.png
client_3,7723,35,36,5,6,30,31,4,Train/4/00004_00042_00013.png
client_3,34288,60,58,5,5,55,53,35,Train/35/00035_00002_00029.png
client_3,6634,30,32,5,6,25,26,4,Train/4/00004_00006_00004.png
client_3,7349,104,105,9,9,95,96,4,Train/4/00004_00029_00029.png
client_3,11673,31,34,5,6,26,29,7,Train/7/00007_00032_00003.png
client_3,27402,48,45,5,6,43,40,22,Train/22/00022_00003_00012.png
client_3,31031,65,56,5,5,59,51,28,Train/28/00028_00007_00011.png
client_3,39195,38,38,6,5,33,33,42,Train/42/00042_00007_00016.png
client_3,8327,43,43,5,5,38,38,4,Train/4/00004_00062_00017.png
client_3,29532,39,36,6,6,34,31,25,Train/25/00025_00035_00012.png
client_3,3704,42,38,6,6,36,32,2,Train/2/00002_00030_00014.png
client_3,14249,84,85,8,8,77,78,9,Train/9/00009_00022_00029.png
client_3,29597,47,41,6,6,42,36,25,Train/25/00025_00037_00017.png
client_3,18372,35,38,6,5,29,32,12,Train/12/00012_00000_00012.png
client_3,34954,32,34,5,6,27,29,35,Train/35/00035_00025_00005.png
client_3,38628,76,77,7,7,70,71,40,Train/40/00040_00008_00019.png
client_3,29134,42,40,6,6,37,35,25,Train/25/00025_00022_00004.png
client_3,14609,119,113,11,10,108,104,9,Train/9/00009_00034_00029.png
client_3,4197,56,64,6,6,51,59,2,Train/2/00002_00046_00027.png
client_3,3608,30,30,5,5,25,25,2,Train/2/00002_00027_00008.png
client_3,3415,53,56,5,5,48,51,2,Train/2/00002_00020_00025.png
client_3,27537,142,124,12,10,130,114,22,Train/22/00022_00007_00027.png
client_3,18506,34,31,6,6,29,25,12,Train/12/00012_00004_00026.png
client_3,19750,33,35,5,5,28,30,12,Train/12/00012_00046_00010.png
client_3,33174,76,75,6,6,70,69,33,Train/33/00033_00002_00024.png
client_3,31950,29,29,5,5,24,24,30,Train/30/00030_00011_00000.png
client_3,14928,51,55,6,6,46,50,9,Train/9/00009_00045_00018.png
client_3,3136,41,36,6,6,35,31,2,Train/2/00002_00011_00016.png
client_3,29620,38,36,6,6,33,30,25,Train/25/00025_00038_00010.png
client_3,2168,58,62,5,6,53,57,1,Train/1/00001_00053_00008.png
client_3,19859,71,70,7,6,65,64,12,Train/12/00012_00049_00029.png
client_3,27850,39,38,5,5,34,33,23,Train/23/00023_00005_00010.png
client_3,35354,37,36,6,5,31,31,35,Train/35/00035_00038_00015.png
client_3,14624,43,42,6,5,37,36,9,Train/9/00009_00035_00014.png
client_3,27030,29,29,5,5,24,24,21,Train/21/00021_00002_00000.png
client_3,35525,32,33,5,6,27,28,36,Train/36/00036_00004_00006.png
client_3,34653,31,32,5,5,26,27,35,Train/35/00035_00015_00004.png
client_3,30531,55,50,5,5,50,45,26,Train/26/00026_00018_00021.png
client_3,4318,57,63,5,6,52,58,2,Train/2/00002_00050_00028.png
client_3,14020,43,43,5,5,38,38,9,Train/9/00009_00015_00010.png
client_3,4006,35,34,6,5,30,29,2,Train/2/00002_00040_00016.png
client_3,17733,33,30,5,6,28,25,11,Train/11/00011_00023_00003.png
client_3,31373,54,96,6,8,49,87,29,Train/29/00029_00000_00023.png
client_3,27090,31,27,6,5,26,22,21,Train/21/00021_00004_00000.png
client_3,23287,40,42,6,5,35,36,14,Train/14/00014_00022_00007.png
client_3,33390,27,28,6,5,22,22,33,Train/33/00033_00010_00000.png
client_3,29910,27,32,5,5,22,27,25,Train/25/00025_00048_00000.png
client_3,14225,34,35,6,6,29,30,9,Train/9/00009_00022_00005.png
client_3,6951,44,49,5,6,39,44,4,Train/4/00004_00016_00021.png
client_3,38324,40,41,6,6,35,35,39,Train/39/00039_00008_00015.png
client_3,33522,38,40,5,6,33,35,33,Train/33/00033_00014_00012.png
client_3,14755,41,41,5,5,36,36,9,Train/9/00009_00039_00025.png
client_3,7245,46,48,5,5,41,43,4,Train/4/00004_00026_00015.png
client_3,14969,122,120,11,11,111,110,9,Train/9/00009_00046_00029.png
client_3,38992,52,53,6,6,47,48,42,Train/42/00042_00000_00023.png
client_3,13907,50,51,6,6,45,46,9,Train/9/00009_00011_00017.png
client_3,9723,30,31,5,6,25,26,5,Train/5/00005_00043_00003.png
client_3,36105,45,48,5,6,39,42,38,Train/38/00038_00003_00016.png
client_3,27511,38,33,6,6,32,28,22,Train/22/00022_00007_00001.png
client_3,7763,58,58,5,5,53,53,4,Train/4/00004_00043_00023.png
client_3,35146,36,37,6,6,31,32,35,Train/35/00035_00031_00017.png
client_3,31304,47,49,5,6,42,44,28,Train/28/00028_00016_00014.png
client_3,30833,48,45,5,5,43,40,28,Train/28/00028_00000_00023.png
client_3,31331,43,41,5,6,38,36,28,Train/28/00028_00017_00011.png
client_3,8200,32,32,6,5,27,27,4,Train/4/00004_00058_00010.png
client_3,3721,32,33,6,5,27,27,2,Train/2/00002_00031_00001.png
client_3,2857,29,29,6,6,24,24,2,Train/2/00002_00002_00007.png
client_3,7663,36,35,6,5,31,30,4,Train/4/00004_00040_00013.png
client_3,24274,59,58,6,6,54,53,16,Train/16/00016_00008_00004.png
client_3,18779,86,94,7,8,79,86,12,Train/12/00012_00013_00029.png
client_3,27844,34,32,6,5,29,27,23,Train/23/00023_00005_00004.png
client_3,2342,36,35,6,5,30,29,1,Train/1/00001_00059_00002.png
client_3,29044,44,43,5,6,39,38,25,Train/25/00025_00019_00004.png
client_3,7374,73,72,7,7,67,66,4,Train/4/00004_00030_00024.png
client_3,31344,89,82,8,8,82,75,28,Train/28/00028_00017_00024.png
client_3,35993,70,72,6,6,63,66,37,Train/37/00037_00006_00024.png
client_3,8054,50,48,6,6,45,43,4,Train/4/00004_00053_00014.png
client_3,8409,30,31,5,6,25,26,4,Train/4/00004_00065_00009.png
client_3,22742,38,40,5,6,32,35,14,Train/14/00014_00004_00002.png
client_3,33365,77,77,7,7,71,71,33,Train/33/00033_00009_00005.png
client_3,3311,37,38,6,6,31,32,2,Train/2/00002_00017_00011.png
client_3,14872,54,50,6,5,49,45,9,Train/9/00009_00043_00022.png
client_3,24048,86,87,7,7,79,80,16,Train/16/00016_00000_00018.png
client_3,3702,40,35,6,5,35,30,2,Train/2/00002_00030_00012.png
client_3,4600,58,60,5,6,53,55,2,Train/2/00002_00060_00010.png
client_3,34611,57,56,6,6,51,51,35,Train/35/00035_00013_00022.png
client_3,27734,95,89,8,8,87,82,23,Train/23/00023_00001_00014.png
client_3,3790,32,34,6,6,27,29,2,Train/2/00002_00033_00010.png
client_3,33375,89,87,8,8,82,80,33,Train/33/00033_00009_00015.png
client_3,20399,93,87,8,8,85,80,12,Train/12/00012_00067_00029.png
client_3,33378,96,92,9,8,88,84,33,Train/33/00033_00009_00018.png
client_3,14464,29,30,6,6,23,25,9,Train/9/00009_00030_00004.png
client_3,18751,27,27,6,6,22,22,12,Train/12/00012_00013_00001.png
client_3,18233,56,51,6,5,51,46,11,Train/11/00011_00039_00023.png
client_3,3363,33,34,5,6,28,29,2,Train/2/00002_00019_00003.png
client_3,36806,35,37,6,6,30,32,38,Train/38/00038_00026_00027.png
client_3,3822,36,37,5,6,31,32,2,Train/2/00002_00034_00012.png
client_3,13606,37,38,5,5,32,33,9,Train/9/00009_00001_00016.png
client_3,18850,32,32,5,5,27,27,12,Train/12/00012_00016_00010.png
client_3,31136,110,99,9,8,101,91,28,Train/28/00028_00010_00026.png
client_3,7177,38,38,6,6,33,33,4,Train/4/00004_00024_00007.png
client_3,18385,54,62,5,6,49,57,12,Train/12/00012_00000_00025.png
client_3,14461,28,30,6,6,23,25,9,Train/9/00009_00030_00001.png
client_3,19338,45,53,6,6,40,48,12,Train/12/00012_00032_00018.png
client_3,7912,57,59,5,6,52,54,4,Train/4/00004_00048_00022.png
client_3,15684,75,75,7,7,69,69,10,Train/10/00010_00021_00024.png
client_3,13463,49,49,5,6,44,44,8,Train/8/00008_00043_00023.png
client_3,9506,92,97,8,9,84,89,5,Train/5/00005_00035_00026.png
client_3,28114,80,71,8,7,73,65,23,Train/23/00023_00014_00004.png
client_3,7432,54,54,6,6,49,49,4,Train/4/00004_00032_00022.png
client_3,4138,108,104,10,9,99,95,2,Train/2/00002_00044_00028.png
client_3,27295,87,80,8,7,80,73,21,Train/21/00021_00010_00025.png
client_3,37062,36,37,6,6,31,32,38,Train/38/00038_00035_00013.png
client_3,18810,34,37,5,6,29,32,12,Train/12/00012_00015_00000.png
client_3,14863,36,35,5,6,31,30,9,Train/9/00009_00043_00013.png
client_3,27041,39,38,5,6,34,33,21,Train/21/00021_00002_00011.png
client_3,31199,135,122,12,11,124,111,28,Train/28/00028_00012_00029.png
client_3,39188,32,32,6,5,27,27,42,Train/42/00042_00007_00009.png
client_3,1921,40,40,5,5,35,35,1,Train/1/00001_00045_00001.png
client_3,2695,112,110,10,9,103,101,1,Train/1/00001_00070_00025.png
client_3,31617,121,109,10,10,111,100,29,Train/29/00029_00008_00027.png
client_3,19890,31,30,6,5,26,25,12,Train/12/00012_00051_00000.png
client_3,13619,119,117,11,10,109,106,9,Train/9/00009_00001_00029.png
client_3,29503,71,61,7,6,65,56,25,Train/25/00025_00034_00013.png
client_3,19271,35,36,5,6,30,31,12,Train/12/00012_00030_00011.png
client_3,4440,28,28,6,6,23,23,2,Train/2/00002_00055_00000.png
client_3,19804,40,41,6,5,34,36,12,Train/12/00012_00048_00004.png
client_3,28123,84,76,8,7,77,70,23,Train/23/00023_00014_00013.png
client_3,24335,33,33,5,5,28,28,16,Train/16/00016_00010_00005.png
client_3,33936,31,33,5,6,25,28,34,Train/34/00034_00005_00007.png
client_3,27001,33,31,6,5,28,26,21,Train/21/00021_00001_00001.png
client_3,3804,39,41,5,5,34,36,2,Train/2/00002_00033_00024.png
client_3,3117,92,87,8,7,84,80,2,Train/2/00002_00010_00027.png
client_3,17172,48,47,5,5,42,41,11,Train/11/00011_00004_00012.png
client_3,30514,28,27,5,5,23,21,26,Train/26/00026_00018_00004.png
client_3,7129,40,40,6,6,35,35,4,Train/4/00004_00022_00019.png
client_3,29099,72,62,6,5,66,57,25,Train/25/00025_00020_00029.png
client_3,19840,36,37,5,6,31,32,12,Train/12/00012_00049_00010.png
client_3,14522,34,35,5,6,28,29,9,Train/9/00009_00032_00002.png
client_3,3374,41,42,6,6,36,37,2,Train/2/00002_00019_00014.png
client_3,14319,34,33,6,5,29,28,9,Train/9/00009_00025_00009.png
client_3,34962,40,39,6,5,35,34,35,Train/35/00035_00025_00013.png
client_3,13801,26,26,5,5,21,21,9,Train/9/00009_00008_00001.png
client_3,27086,108,96,9,8,99,88,21,Train/21/00021_00003_00026.png
client_3,33371,82,83,8,7,75,76,33,Train/33/00033_00009_00011.png
client_3,19360,44,49,6,5,39,44,12,Train/12/00012_00033_00010.png
client_3,31260,28,26,6,5,23,21,28,Train/28/00028_00015_00000.png
client_3,17401,38,36,6,5,33,31,11,Train/11/00011_00012_00001.png
client_3,34916,92,86,8,8,84,79,35,Train/35/00035_00023_00027.png
client_3,27162,41,38,6,5,36,33,21,Train/21/00021_00006_00012.png
client_3,2379,40,39,6,6,35,34,1,Train/1/00001_00060_00009.png
client_3,14333,57,57,5,5,52,52,9,Train/9/00009_00025_00023.png
client_3,24203,42,42,6,5,37,37,16,Train/16/00016_00005_00023.png
client_3,7174,35,36,5,6,30,31,4,Train/4/00004_00024_00004.png
client_3,19887,88,91,7,8,81,83,12,Train/12/00012_00050_00027.png
client_3,7031,42,41,6,5,37,36,4,Train/4/00004_00019_00011.png
client_3,7805,33,34,5,5,28,29,4,Train/4/00004_00045_00005.png
client_3,33398,32,32,6,6,27,27,33,Train/33/00033_00010_00008.png
client_3,33353,79,77,7,7,72,71,33,Train/33/00033_00008_00023.png
client_3,5350,34,34,6,6,29,29,3,Train/3/00003_00010_00010.png
client_3,19397,87,87,8,8,80,80,12,Train/12/00012_00034_00017.png
client_3,13825,52,51,6,5,47,46,9,Train/9/00009_00008_00025.png
client_3,4862,26,28,5,6,21,23,2,Train/2/00002_00069_00002.png
client_3,17517,72,69,7,7,66,63,11,Train/11/00011_00015_00027.png
client_3,38528,62,62,5,5,57,57,40,Train/40/00040_00005_00009.png
client_3,878,32,34,5,6,27,28,1,Train/1/00001_00010_00008.png
client_3,2551,37,38,6,6,31,33,1,Train/1/00001_00066_00001.png
client_3,33192,39,42,5,5,34,37,33,Train/33/00033_00003_00012.png
client_3,14158,59,61,5,5,54,56,9,Train/9/00009_00019_00028.png
client_3,2892,54,54,5,5,49,48,2,Train/2/00002_00003_00012.png
client_3,17900,29,45,5,6,24,40,11,Train/11/00011_00028_00020.png
client_3,33633,29,34,5,5,24,29,33,Train/33/00033_00018_00003.png
client_3,24234,122,123,10,11,112,113,16,Train/16/00016_00006_00024.png
client_3,31061,75,68,7,7,68,62,28,Train/28/00028_00008_00011.png
client_3,4807,36,36,5,5,31,31,2,Train/2/00002_00067_00007.png
client_3,28197,72,69,6,6,66,63,23,Train/23/00023_00016_00027.png
client_3,3224,36,36,6,6,31,31,2,Train/2/00002_00014_00014.png
client_3,33925,86,85,8,7,79,78,34,Train/34/00034_00004_00026.png
client_3,27864,84,74,7,7,77,68,23,Train/23/00023_00005_00024.png
client_3,14019,43,43,5,5,38,38,9,Train/9/00009_00015_00009.png
client_3,10971,48,49,6,5,43,44,7,Train/7/00007_00008_00021.png
client_3,8670,29,30,5,6,24,25,5,Train/5/00005_00008_00000.png
client_3,27485,33,31,6,6,28,26,22,Train/22/00022_00006_00005.png
client_3,7091,35,36,6,6,30,31,4,Train/4/00004_00021_00011.png
client_3,36628,117,130,10,12,107,119,38,Train/38/00038_00020_00029.png
client_3,30828,45,43,6,6,39,38,28,Train/28/00028_00000_00018.png
client_3,11151,65,65,6,6,60,60,7,Train/7/00007_00014_00021.png
client_3,14648,39,39,5,5,33,33,9,Train/9/00009_00036_00008.png
client_3,6605,46,47,5,6,41,42,4,Train/4/00004_00005_00005.png
client_3,29608,132,120,11,10,121,110,25,Train/25/00025_00037_00028.png
client_3,33271,28,29,6,6,23,24,33,Train/33/00033_00006_00001.png
client_3,4184,38,39,5,5,33,34,2,Train/2/00002_00046_00014.png
client_3,33111,64,68,6,6,58,62,33,Train/33/00033_00000_00021.png
client_3,14636,92,92,8,9,84,84,9,Train/9/00009_00035_00026.png
client_3,35596,43,43,5,5,38,38,36,Train/36/00036_00006_00017.png
client_3,11570,40,41,6,5,35,35,7,Train/7/00007_00028_00020.png
client_3,6916,39,38,6,6,33,32,4,Train/4/00004_00015_00016.png
client_3,27985,73,64,6,6,67,59,23,Train/23/00023_00009_00025.png
client_3,18582,39,40,6,5,34,35,12,Train/12/00012_00007_00012.png
client_3,18826,47,48,6,6,42,43,12,Train/12/00012_00015_00016.png
client_3,13333,38,39,5,5,33,34,8,Train/8/00008_00039_00013.png
client_3,34748,35,36,6,6,29,30,35,Train/35/00035_00018_00009.png
client_3,4365,71,70,7,7,65,64,2,Train/2/00002_00052_00015.png
client_3,4231,29,29,5,6,24,24,2,Train/2/00002_00048_00001.png
client_3,7192,57,57,5,5,52,52,4,Train/4/00004_00024_00022.png
client_3,3978,39,40,6,5,34,34,2,Train/2/00002_00039_00018.png
client_3,17453,83,77,8,6,75,70,11,Train/11/00011_00013_00023.png
client_3,3130,34,31,6,6,29,26,2,Train/2/00002_00011_00010.png
client_3,27669,38,39,5,6,33,33,22,Train/22/00022_00012_00009.png
client_3,13612,53,52,6,6,48,47,9,Train/9/00009_00001_00022.png
client_3,4069,43,43,6,6,38,38,2,Train/2/00002_00042_00019.png
client_3,34731,71,73,6,7,65,67,35,Train/35/00035_00017_00022.png
client_3,38452,68,68,7,7,62,62,40,Train/40/00040_00002_00023.png
client_3,19513,43,43,6,6,38,38,12,Train/12/00012_00038_00013.png
client_3,18733,45,45,6,6,40,39,12,Train/12/00012_00012_00013.png
client_3,17314,46,42,5,6,40,37,11,Train/11/00011_00009_00004.png
client_3,29736,38,36,5,6,33,31,25,Train/25/00025_00042_00006.png
client_3,3714,52,46,5,5,47,41,2,Train/2/00002_00030_00024.png
client_3,4017,55,55,6,6,50,50,2,Train/2/00002_00040_00027.png
client_3,35098,63,63,6,6,58,58,35,Train/35/00035_00029_00029.png
client_3,4997,42,41,6,5,37,36,2,Train/2/00002_00073_00017.png
client_3,13964,44,45,5,5,38,39,9,Train/9/00009_00013_00014.png
client_3,27334,33,30,6,5,28,25,22,Train/22/00022_00001_00004.png
client_3,4353,53,55,5,6,48,49,2,Train/2/00002_00052_00003.png
client_3,32901,42,40,6,5,37,35,32,Train/32/00032_00001_00021.png
client_3,13599,31,32,5,6,26,27,9,Train/9/00009_00001_00009.png
client_3,9872,32,32,6,6,27,27,5,Train/5/00005_00048_00002.png
client_3,31333,47,45,5,6,42,40,28,Train/28/00028_00017_00013.png
client_3,4582,81,80,7,7,74,72,2,Train/2/00002_00059_00022.png
client_3,8296,39,41,5,6,34,36,4,Train/4/00004_00061_00016.png
client_3,33427,36,36,5,5,31,31,33,Train/33/00033_00011_00007.png
client_3,13024,30,30,6,6,25,25,8,Train/8/00008_00029_00004.png
client_3,34453,55,54,6,6,50,49,35,Train/35/00035_00008_00014.png
client_3,28267,59,55,6,5,54,50,24,Train/24/00024_00002_00007.png
client_3,10887,117,116,11,10,107,106,7,Train/7/00007_00005_00027.png
client_3,2611,28,28,6,6,23,23,1,Train/1/00001_00068_00001.png
client_3,17897,29,44,5,5,24,39,11,Train/11/00011_00028_00017.png
client_3,19771,37,38,5,5,32,33,12,Train/12/00012_00047_00001.png
client_3,33131,35,34,6,5,30,28,33,Train/33/00033_00001_00011.png
client_3,22515,81,62,7,5,74,57,13,Train/13/00013_00068_00015.png
client_3,8087,57,58,6,5,52,53,4,Train/4/00004_00054_00017.png
client_3,3397,30,31,6,6,25,26,2,Train/2/00002_00020_00007.png
client_3,19004,50,51,6,6,45,46,12,Train/12/00012_00021_00014.png
client_3,4478,35,35,5,6,30,30,2,Train/2/00002_00056_00008.png
client_3,3128,29,29,5,5,24,24,2,Train/2/00002_00011_00008.png
client_3,7892,31,30,6,5,26,25,4,Train/4/00004_00048_00002.png
client_3,27109,46,42,5,6,41,37,21,Train/21/00021_00004_00019.png
client_3,4720,32,31,5,5,26,26,2,Train/2/00002_00064_00010.png
client_3,3437,39,41,6,6,34,36,2,Train/2/00002_00021_00017.png
client_3,24433,56,55,6,6,50,50,16,Train/16/00016_00013_00013.png
client_3,4636,56,56,6,6,51,51,2,Train/2/00002_00061_00016.png
client_3,4970,38,39,5,5,33,34,2,Train/2/00002_00072_00020.png
client_3,35537,41,44,6,6,36,38,36,Train/36/00036_00004_00018.png
client_3,3247,55,59,5,6,50,53,2,Train/2/00002_00015_00007.png
client_3,37123,46,49,6,6,41,44,38,Train/38/00038_00037_00014.png
client_3,14198,40,42,5,6,35,36,9,Train/9/00009_00021_00008.png
client_3,14070,27,29,6,5,22,24,9,Train/9/00009_00017_00000.png
client_3,13984,35,35,5,5,30,30,9,Train/9/00009_00014_00004.png
client_3,22920,56,64,5,5,51,59,14,Train/14/00014_00010_00000.png
client_3,4071,45,45,6,5,40,39,2,Train/2/00002_00042_00021.png
client_3,34620,30,31,5,6,25,26,35,Train/35/00035_00014_00001.png
client_3,27422,30,28,5,6,25,23,22,Train/22/00022_00004_00002.png
client_3,13731,46,47,5,6,41,42,9,Train/9/00009_00005_00021.png
client_3,37758,53,55,5,6,48,50,38,Train/38/00038_00058_00019.png
client_3,36366,26,28,5,6,21,22,38,Train/38/00038_00012_00007.png
client_3,31261,30,28,6,5,25,23,28,Train/28/00028_00015_00001.png
client_3,26987,58,54,6,6,53,49,21,Train/21/00021_00000_00017.png
client_3,1059,39,41,6,6,34,36,1,Train/1/00001_00016_00009.png
client_3,7371,55,54,6,6,50,49,4,Train/4/00004_00030_00021.png
client_3,3208,51,53,6,5,46,48,2,Train/2/00002_00013_00028.png
client_3,33257,71,70,7,7,65,64,33,Train/33/00033_00005_00017.png
client_3,19421,39,39,5,5,34,34,12,Train/12/00012_00035_00011.png
client_3,5625,41,40,6,5,36,35,3,Train/3/00003_00019_00015.png
client_3,4986,31,32,5,6,26,27,2,Train/2/00002_00073_00006.png
client_3,24423,50,49,5,5,44,44,16,Train/16/00016_00013_00003.png
client_3,9621,39,39,6,5,34,34,5,Train/5/00005_00039_00021.png
client_3,14190,41,40,6,6,36,35,9,Train/9/00009_00021_00000.png
client_3,2263,47,50,5,5,42,44,1,Train/1/00001_00056_00013.png
client_3,33912,62,62,5,5,57,57,34,Train/34/00034_00004_00013.png
client_3,27874,36,33,5,6,31,28,23,Train/23/00023_00006_00004.png
client_3,27391,39,37,6,6,34,32,22,Train/22/00022_00003_00001.png
client_3,33668,33,33,6,5,27,27,33,Train/33/00033_00019_00008.png
client_3,2999,80,84,7,7,73,76,2,Train/2/00002_00006_00029.png
client_3,34440,39,39,5,5,34,34,35,Train/35/00035_00008_00001.png
client_3,27641,41,40,5,5,36,35,22,Train/22/00022_00011_00011.png
client_3,9995,32,32,5,5,27,27,5,Train/5/00005_00052_00005.png
client_3,4040,37,40,5,6,32,34,2,Train/2/00002_00041_00020.png
client_3,24276,61,60,6,5,56,55,16,Train/16/00016_00008_00006.png
client_3,39065,30,30,6,5,24,24,42,Train/42/00042_00003_00006.png
client_3,28286,73,66,7,6,66,60,24,Train/24/00024_00002_00026.png
client_3,34109,28,27,5,5,23,22,34,Train/34/00034_00011_00000.png
client_3,14293,37,40,5,5,32,35,9,Train/9/00009_00024_00013.png
client_3,2790,35,30,6,5,30,25,2,Train/2/00002_00000_00000.png
client_3,14571,55,52,6,6,49,47,9,Train/9/00009_00033_00021.png
client_3,6669,34,33,6,6,28,28,4,Train/4/00004_00007_00009.png
client_3,8389,42,41,6,6,36,36,4,Train/4/00004_00064_00019.png
client_3,38586,30,30,5,5,25,25,40,Train/40/00040_00007_00007.png
client_3,35190,27,28,6,5,22,22,35,Train/35/00035_00033_00001.png
client_3,19369,51,58,6,5,46,53,12,Train/12/00012_00033_00019.png
client_3,2846,84,85,7,8,77,78,2,Train/2/00002_00001_00026.png
client_3,13752,32,32,6,6,27,27,9,Train/9/00009_00006_00012.png
client_3,3165,63,60,6,5,58,55,2,Train/2/00002_00012_00015.png
client_3,6510,33,32,6,5,28,27,4,Train/4/00004_00002_00000.png
client_3,35248,42,52,5,6,37,46,35,Train/35/00035_00034_00029.png
client_3,33957,58,65,6,6,53,59,34,Train/34/00034_00005_00028.png
client_3,11773,38,36,6,5,32,31,7,Train/7/00007_00035_00013.png
client_3,28743,29,27,6,5,23,22,25,Train/25/00025_00009_00003.png
client_3,27869,160,145,13,13,146,132,23,Train/23/00023_00005_00029.png
client_3,14744,41,41,5,5,36,36,9,Train/9/00009_00039_00014.png
client_3,33561,41,49,5,5,36,44,33,Train/33/00033_00015_00021.png
client_3,30424,95,83,9,7,86,76,26,Train/26/00026_00015_00004.png
client_3,7317,58,58,5,5,53,53,4,Train/4/00004_00028_00027.png
client_3,36610,35,36,5,5,30,31,38,Train/38/00038_00020_00011.png
client_3,38149,65,74,6,7,60,68,39,Train/39/00039_00002_00020.png
client_3,13563,35,35,5,5,30,30,9,Train/9/00009_00000_00003.png
client_3,28169,220,194,19,16,202,178,23,Train/23/00023_00015_00029.png
client_3,14973,31,31,5,5,26,26,9,Train/9/00009_00047_00003.png
client_3,14350,60,59,6,6,55,54,9,Train/9/00009_00026_00010.png
client_3,32713,37,36,6,5,32,31,31,Train/31/00031_00021_00013.png
client_3,19947,158,160,13,13,145,146,12,Train/12/00012_00052_00027.png
client_3,26996,111,101,10,8,101,92,21,Train/21/00021_00000_00026.png
client_3,24139,44,44,5,5,39,39,16,Train/16/00016_00003_00019.png
client_3,4261,29,30,5,6,24,25,2,Train/2/00002_00049_00001.png
client_3,4840,34,34,6,6,29,29,2,Train/2/00002_00068_00010.png
client_3,31051,58,51,6,5,53,46,28,Train/28/00028_00008_00001.png
client_3,27960,38,38,5,5,33,33,23,Train/23/00023_00009_00000.png
client_3,20111,47,45,5,5,42,39,12,Train/12/00012_00058_00011.png
client_3,18071,48,48,5,6,43,43,11,Train/11/00011_00034_00011.png
client_3,27111,49,44,6,6,44,39,21,Train/21/00021_00004_00021.png
client_3,18324,87,82,7,7,80,75,11,Train/11/00011_00042_00024.png
client_3,7690,34,34,5,5,29,29,4,Train/4/00004_00041_00010.png
client_3,31562,34,34,6,5,29,28,29,Train/29/00029_00007_00002.png
client_3,38615,34,39,5,6,28,33,40,Train/40/00040_00008_00006.png
client_3,3986,54,55,5,5,48,49,2,Train/2/00002_00039_00026.png
client_3,14527,37,37,5,5,32,32,9,Train/9/00009_00032_00007.png
client_3,17365,103,96,9,9,94,88,11,Train/11/00011_00010_00025.png
client_3,17217,137,122,12,11,125,112,11,Train/11/00011_00005_00027.png
client_3,35256,33,31,6,5,27,25,35,Train/35/00035_00035_00007.png
client_3,14164,28,29,5,6,23,24,9,Train/9/00009_00020_00004.png
client_3,28431,75,68,6,7,69,62,24,Train/24/00024_00007_00021.png
client_3,14511,37,36,6,5,32,31,9,Train/9/00009_00031_00021.png
client_3,3346,42,42,6,6,36,36,2,Train/2/00002_00018_00016.png
client_3,18604,33,32,6,5,28,27,12,Train/12/00012_00008_00004.png
client_3,30996,45,42,6,6,40,37,28,Train/28/00028_00006_00006.png
client_3,3557,38,39,5,6,33,34,2,Train/2/00002_00025_00017.png
client_3,19566,40,40,5,5,35,35,12,Train/12/00012_00040_00006.png
client_3,6821,35,36,5,6,30,30,4,Train/4/00004_00012_00011.png
client_3,29380,60,57,5,5,55,52,25,Train/25/00025_00030_00010.png
client_3,11564,35,37,5,5,29,31,7,Train/7/00007_00028_00014.png
client_3,20087,47,48,6,5,42,43,12,Train/12/00012_00057_00017.png
client_3,13607,40,40,6,5,35,34,9,Train/9/00009_00001_00017.png
client_3,13629,45,44,5,5,39,38,9,Train/9/00009_00002_00009.png
client_3,28350,25,26,5,5,20,20,24,Train/24/00024_00005_00000.png
client_3,38660,53,52,6,6,48,47,40,Train/40/00040_00009_00021.png
client_3,1733,42,44,6,6,37,39,1,Train/1/00001_00038_00023.png
client_3,14127,45,43,6,6,40,38,9,Train/9/00009_00018_00027.png
client_3,31007,58,52,6,5,53,47,28,Train/28/00028_00006_00017.png
client_3,19452,50,50,6,6,45,45,12,Train/12/00012_00036_00012.png
client_3,6670,33,33,5,5,28,28,4,Train/4/00004_00007_00010.png
client_3,18096,55,56,6,5,50,51,11,Train/11/00011_00035_00006.png
client_3,18748,143,141,13,13,131,129,12,Train/12/00012_00012_00028.png
client_3,20383,40,39,5,5,35,34,12,Train/12/00012_00067_00013.png
client_3,29079,38,36,5,5,33,31,25,Train/25/00025_00020_00009.png
client_3,28022,52,47,5,6,46,41,23,Train/23/00023_00011_00002.png
client_3,18873,31,31,5,5,26,26,12,Train/12/00012_00017_00003.png
client_3,4051,27,26,6,5,21,21,2,Train/2/00002_00042_00001.png
client_3,18111,75,75,7,6,69,69,11,Train/11/00011_00035_00021.png
client_3,14448,53,53,6,6,47,47,9,Train/9/00009_00029_00018.png
client_3,29356,72,72,6,7,66,66,25,Train/25/00025_00029_00016.png
client_3,2369,117,120,10,10,107,110,1,Train/1/00001_00059_00029.png
client_3,7397,35,37,5,6,30,32,4,Train/4/00004_00031_00017.png
client_3,38688,54,56,5,5,49,51,40,Train/40/00040_00010_00019.png
client_3,14897,46,44,6,5,40,38,9,Train/9/00009_00044_00017.png
client_3,31517,54,49,6,6,49,44,29,Train/29/00029_00005_00017.png
client_3,14446,45,45,5,5,40,40,9,Train/9/00009_00029_00016.png
client_3,10188,40,41,6,6,35,35,5,Train/5/00005_00058_00018.png
client_3,498,76,80,7,7,69,72,0,Train/0/00000_00004_00018.png
client_3,14209,49,49,6,5,44,44,9,Train/9/00009_00021_00019.png
client_3,19593,29,29,5,5,24,24,12,Train/12/00012_00041_00003.png
client_3,6789,32,33,6,6,27,28,4,Train/4/00004_00011_00009.png
client_3,33234,65,68,6,6,60,62,33,Train/33/00033_00004_00024.png
client_3,18279,40,37,6,5,35,32,11,Train/11/00011_00041_00009.png
client_3,30898,147,127,13,11,135,116,28,Train/28/00028_00002_00028.png
client_3,3206,46,49,5,6,40,44,2,Train/2/00002_00013_00026.png
client_3,27473,52,52,5,6,47,47,22,Train/22/00022_00005_00023.png
client_3,3082,86,83,7,8,79,75,2,Train/2/00002_00009_00022.png
client_3,4106,57,57,5,5,52,52,2,Train/2/00002_00043_00026.png
client_3,31598,47,43,6,6,41,38,29,Train/29/00029_00008_00008.png
client_3,7848,47,45,6,5,41,39,4,Train/4/00004_00046_00018.png
client_3,27852,42,40,6,6,37,35,23,Train/23/00023_00005_00012.png
client_3,3337,31,31,6,6,26,25,2,Train/2/00002_00018_00007.png
client_3,4698,35,35,5,5,30,30,2,Train/2/00002_00063_00018.png
client_3,4738,70,68,6,7,64,62,2,Train/2/00002_00064_00028.png
client_3,17884,28,43,6,5,23,38,11,Train/11/00011_00028_00004.png
client_3,38440,38,40,5,6,33,34,40,Train/40/00040_00002_00011.png
client_3,29296,54,49,5,5,49,44,25,Train/25/00025_00027_00016.png
client_3,33215,30,31,5,6,25,26,33,Train/33/00033_00004_00005.png
client_3,18005,40,40,6,5,34,34,11,Train/11/00011_00032_00005.png
client_3,24338,35,36,5,6,30,31,16,Train/16/00016_00010_00008.png
client_3,3433,34,35,5,6,29,30,2,Train/2/00002_00021_00013.png
client_3,4450,35,35,6,6,29,29,2,Train/2/00002_00055_00010.png
client_3,19046,68,64,6,6,62,59,12,Train/12/00012_00022_00026.png
client_3,19708,124,124,10,10,114,114,12,Train/12/00012_00044_00028.png
client_3,33690,28,27,6,5,23,22,33,Train/33/00033_00020_00001.png
client_3,33500,63,62,5,6,58,57,33,Train/33/00033_00013_00020.png
client_3,31129,75,70,6,7,69,64,28,Train/28/00028_00010_00019.png
client_3,17922,65,61,6,6,59,55,11,Train/11/00011_00029_00012.png
client_3,18398,32,31,5,5,27,26,12,Train/12/00012_00001_00008.png
client_3,33110,61,63,6,6,56,58,33,Train/33/00033_00000_00020.png
client_3,27254,47,47,5,6,42,41,21,Train/21/00021_00009_00014.png
client_3,3141,48,43,6,5,43,38,2,Train/2/00002_00011_00021.png
client_3,7864,40,41,6,6,35,35,4,Train/4/00004_00047_00004.png
client_3,38670,31,32,6,5,26,27,40,Train/40/00040_00010_00001.png
client_3,19247,55,53,6,6,50,48,12,Train/12/00012_00029_00017.png
client_3,4168,70,69,7,6,64,63,2,Train/2/00002_00045_00028.png
client_3,23104,58,57,6,5,53,52,14,Train/14/00014_00016_00004.png
client_3,19746,32,36,6,6,27,31,12,Train/12/00012_00046_00006.png
client_3,17491,28,27,5,5,22,22,11,Train/11/00011_00015_00001.png
client_3,27967,42,39,6,5,37,34,23,Train/23/00023_00009_00007.png
client_3,17195,47,42,6,5,42,37,11,Train/11/00011_00005_00005.png
client_3,35051,36,36,5,5,30,31,35,Train/35/00035_00028_00012.png
client_3,33896,121,131,11,11,111,120,34,Train/34/00034_00003_00027.png
client_3,3105,39,38,5,5,34,33,2,Train/2/00002_00010_00015.png
client_3,28236,59,63,6,6,54,58,24,Train/24/00024_00001_00006.png
client_3,35233,38,40,6,6,33,35,35,Train/35/00035_00034_00014.png
client_3,28165,121,107,11,9,111,98,23,Train/23/00023_00015_00025.png
client_3,2802,43,39,5,5,38,34,2,Train/2/00002_00000_00012.png
client_3,14295,40,44,6,6,35,38,9,Train/9/00009_00024_00015.png
client_3,38577,124,123,10,11,114,113,40,Train/40/00040_00006_00028.png
client_3,26997,124,111,11,10,114,102,21,Train/21/00021_00000_00027.png
client_3,27276,30,31,5,6,24,25,21,Train/21/00021_00010_00006.png
client_3,17765,34,32,5,5,29,27,11,Train/11/00011_00024_00005.png
client_3,2936,65,67,6,6,60,61,2,Train/2/00002_00004_00026.png
client_3,17302,89,81,8,8,82,74,11,Train/11/00011_00008_00022.png
client_3,11983,40,40,6,6,35,35,7,Train/7/00007_00042_00013.png
client_3,19945,149,150,13,13,136,137,12,Train/12/00012_00052_00025.png
client_3,3315,40,42,5,5,35,36,2,Train/2/00002_00017_00015.png
client_3,14751,41,41,5,5,36,36,9,Train/9/00009_00039_00021.png
client_3,19951,42,37,6,6,37,32,12,Train/12/00012_00053_00001.png
client_3,17131,36,33,6,5,31,28,11,Train/11/00011_00003_00001.png
client_3,29244,62,59,5,6,57,54,25,Train/25/00025_00025_00024.png
client_3,14274,45,46,6,5,40,41,9,Train/9/00009_00023_00024.png
client_3,22704,59,59,5,5,54,54,14,Train/14/00014_00002_00024.png
client_3,19185,48,49,5,6,43,44,12,Train/12/00012_00027_00015.png
client_3,14843,81,81,8,8,74,74,9,Train/9/00009_00042_00023.png
client_3,29368,136,130,11,12,125,119,25,Train/25/00025_00029_00028.png
client_3,27721,62,61,5,6,57,56,23,Train/23/00023_00001_00001.png
client_3,13875,51,52,5,6,46,47,9,Train/9/00009_00010_00015.png
client_3,24413,47,50,5,6,42,45,16,Train/16/00016_00012_00023.png
client_3,34702,76,80,6,8,70,73,35,Train/35/00035_00016_00023.png
client_3,4146,28,28,6,6,23,23,2,Train/2/00002_00045_00006.png
client_3,4568,46,46,6,6,41,41,2,Train/2/00002_00059_00008.png
client_3,19805,41,42,6,5,35,37,12,Train/12/00012_00048_00005.png
client_3,29872,69,68,6,6,63,62,25,Train/25/00025_00046_00022.png
client_3,3190,32,33,5,5,27,28,2,Train/2/00002_00013_00010.png
client_3,4011,40,41,5,5,35,36,2,Train/2/00002_00040_00021.png
client_3,35507,42,43,6,6,37,37,36,Train/36/00036_00003_00018.png
client_3,18601,31,31,6,6,26,26,12,Train/12/00012_00008_00001.png
client_3,17454,87,82,8,7,79,75,11,Train/11/00011_00013_00024.png
client_3,30873,43,39,6,6,38,34,28,Train/28/00028_00002_00003.png
client_3,14550,29,27,6,6,24,22,9,Train/9/00009_00033_00000.png
client_3,2880,49,49,6,6,44,44,2,Train/2/00002_00003_00000.png
client_3,19238,45,43,5,5,40,38,12,Train/12/00012_00029_00008.png
client_3,8349,31,31,6,6,26,26,4,Train/4/00004_00063_00009.png
client_3,19523,67,67,6,6,61,61,12,Train/12/00012_00038_00023.png
client_3,3321,56,56,6,6,51,51,2,Train/2/00002_00017_00021.png
client_3,33170,57,55,5,5,51,50,33,Train/33/00033_00002_00020.png
client_3,3575,31,33,5,6,26,28,2,Train/2/00002_00026_00005.png
client_3,19600,31,32,5,6,26,27,12,Train/12/00012_00041_00010.png
client_3,14940,40,41,6,6,38,36,9,Train/9/00009_00046_00000.png
client_3,6524,42,43,5,5,36,37,4,Train/4/00004_00002_00014.png
client_3,14620,37,37,6,5,32,31,9,Train/9/00009_00035_00010.png
client_3,28039,86,75,8,6,79,69,23,Train/23/00023_00011_00019.png
client_3,7765,72,71,7,6,66,65,4,Train/4/00004_00043_00025.png
client_3,9509,140,153,13,13,128,140,5,Train/5/00005_00035_00029.png
client_3,38097,179,183,16,15,164,168,39,Train/39/00039_00000_00028.png
client_3,19104,71,70,7,6,65,64,12,Train/12/00012_00024_00024.png
client_3,33358,84,89,7,8,77,81,33,Train/33/00033_00008_00028.png
client_3,3251,61,63,6,5,56,57,2,Train/2/00002_00015_00011.png
client_3,29929,54,58,6,5,49,53,25,Train/25/00025_00048_00019.png
client_3,37118,41,42,5,5,36,37,38,Train/38/00038_00037_00009.png
client_3,8019,30,30,6,6,25,25,4,Train/4/00004_00052_00009.png
client_3,4535,28,27,6,5,23,22,2,Train/2/00002_00058_00005.png
client_3,8325,42,42,6,6,37,37,4,Train/4/00004_00062_00015.png
client_3,4357,58,57,6,5,53,52,2,Train/2/00002_00052_00007.png
client_3,12086,77,82,6,8,70,75,7,Train/7/00007_00045_00026.png
client_3,33667,32,33,5,6,26,28,33,Train/33/00033_00019_00007.png
client_3,4434,53,51,5,6,48,46,2,Train/2/00002_00054_00024.png
client_3,39177,59,59,5,5,54,54,42,Train/42/00042_00006_00028.png
client_3,18478,95,97,8,8,87,89,12,Train/12/00012_00003_00028.png
client_3,31296,39,41,5,6,34,36,28,Train/28/00028_00016_00006.png
client_3,20058,50,49,6,5,45,44,12,Train/12/00012_00056_00018.png
client_3,13857,92,92,9,8,84,84,9,Train/9/00009_00009_00027.png
client_3,1041,53,53,6,6,48,48,1,Train/1/00001_00015_00021.png
client_3,33619,42,60,5,5,37,55,33,Train/33/00033_00017_00019.png
client_3,6556,38,38,5,6,32,33,4,Train/4/00004_00003_00016.png
client_3,31354,31,41,5,6,26,36,29,Train/29/00029_00000_00004.png
client_3,39202,49,50,6,5,44,45,42,Train/42/00042_00007_00023.png
client_3,33194,41,43,5,5,36,38,33,Train/33/00033_00003_00014.png
client_3,39024,72,69,7,6,66,63,42,Train/42/00042_00001_00025.png
client_3,27216,53,46,6,5,48,41,21,Train/21/00021_00008_00006.png
client_3,38535,76,75,7,7,70,69,40,Train/40/00040_00005_00016.png
client_3,29010,27,26,6,5,21,21,25,Train/25/00025_00018_00000.png
client_3,3113,61,58,5,5,55,53,2,Train/2/00002_00010_00023.png
client_3,8136,30,32,5,6,25,27,4,Train/4/00004_00056_00006.png
client_3,3381,49,52,5,6,44,47,2,Train/2/00002_00019_00021.png
client_3,3928,70,67,7,6,64,61,2,Train/2/00002_00037_00028.png
client_3,7227,99,93,9,8,91,85,4,Train/4/00004_00025_00027.png
client_3,38697,92,92,9,9,84,84,40,Train/40/00040_00010_00028.png
client_3,38676,35,38,5,5,30,33,40,Train/40/00040_00010_00007.png
client_3,14266,36,39,5,6,31,34,9,Train/9/00009_00023_00016.png
client_3,9415,49,51,5,6,44,46,5,Train/5/00005_00032_00025.png
client_3,28965,44,40,6,5,39,35,25,Train/25/00025_00016_00015.png
client_3,39199,44,46,6,6,39,41,42,Train/42/00042_00007_00020.png
client_3,39021,56,56,6,6,51,51,42,Train/42/00042_00001_00022.png
client_3,23096,111,110,9,9,102,101,14,Train/14/00014_00015_00026.png
client_3,14542,58,58,5,5,53,53,9,Train/9/00009_00032_00022.png
client_3,4550,39,37,6,5,33,32,2,Train/2/00002_00058_00020.png
client_3,4977,51,54,5,5,45,48,2,Train/2/00002_00072_00027.png
client_3,24342,39,40,5,6,34,35,16,Train/16/00016_00010_00012.png
client_3,38715,50,51,6,6,44,46,40,Train/40/00040_00011_00016.png
client_3,37467,97,99,8,8,89,91,38,Train/38/00038_00048_00028.png
client_3,18378,40,46,5,6,34,40,12,Train/12/00012_00000_00018.png
client_3,13097,41,42,6,6,36,37,8,Train/8/00008_00031_00017.png
client_3,27218,53,46,6,5,48,41,21,Train/21/00021_00008_00008.png
client_3,6544,31,30,6,6,25,25,4,Train/4/00004_00003_00004.png
client_3,13858,105,108,9,10,96,99,9,Train/9/00009_00009_00028.png
client_3,14974,31,31,5,5,26,26,9,Train/9/00009_00047_00004.png
client_3,13678,70,68,6,6,63,61,9,Train/9/00009_00003_00028.png
client_3,13778,31,32,5,6,26,27,9,Train/9/00009_00007_00008.png
client_3,18386,59,68,6,6,54,62,12,Train/12/00012_00000_00026.png
client_3,18932,29,30,5,5,24,25,12,Train/12/00012_00019_00002.png
client_3,33843,31,29,6,5,26,24,34,Train/34/00034_00002_00004.png
client_3,39080,47,47,6,5,42,41,42,Train/42/00042_00003_00021.png
client_3,3966,30,29,6,6,24,24,2,Train/2/00002_00039_00006.png
client_3,28908,58,52,5,5,52,47,25,Train/25/00025_00014_00018.png
client_3,20186,75,75,7,7,69,69,12,Train/12/00012_00060_00026.png
client_3,31399,70,61,7,5,64,56,29,Train/29/00029_00001_00019.png
client_3,27519,48,41,6,6,43,36,22,Train/22/00022_00007_00009.png
client_3,4911,45,44,6,6,40,39,2,Train/2/00002_00070_00021.png
client_3,33185,33,32,6,5,28,27,33,Train/33/00033_00003_00005.png
client_3,11435,34,35,6,6,29,29,7,Train/7/00007_00024_00005.png
client_3,33142,54,54,6,5,49,49,33,Train/33/00033_00001_00022.png
client_3,4130,53,52,6,5,48,47,2,Train/2/00002_00044_00020.png
client_3,34371,51,51,5,5,46,46,35,Train/35/00035_00005_00022.png
client_3,11622,33,32,6,5,28,27,7,Train/7/00007_00030_00012.png
client_3,20215,80,82,7,8,73,75,12,Train/12/00012_00061_00025.png
client_3,27127,35,35,5,6,30,29,21,Train/21/00021_00005_00007.png
client_3,10957,34,34,6,5,29,29,7,Train/7/00007_00008_00007.png
client_3,33714,86,82,8,7,79,75,33,Train/33/00033_00020_00025.png
client_3,4699,37,37,6,6,32,32,2,Train/2/00002_00063_00019.png
client_3,13620,37,36,5,5,32,31,9,Train/9/00009_00002_00000.png
client_3,27409,59,54,5,5,54,49,22,Train/22/00022_00003_00019.png
client_3,4047,49,53,5,6,44,48,2,Train/2/00002_00041_00027.png
client_3,6614,59,59,5,5,54,53,4,Train/4/00004_00005_00014.png
client_3,27723,68,63,6,5,62,58,23,Train/23/00023_00001_00003.png
client_3,7152,33,34,5,5,28,28,4,Train/4/00004_00023_00012.png
client_3,39033,30,30,6,6,24,24,42,Train/42/00042_00002_00004.png
client_3,34044,58,60,5,5,53,55,34,Train/34/00034_00008_00025.png
client_3,27310,43,41,6,6,38,36,22,Train/22/00022_00000_00010.png
client_3,2099,75,73,6,6,68,67,1,Train/1/00001_00050_00029.png
client_3,27244,37,35,6,6,32,30,21,Train/21/00021_00009_00004.png
client_3,31279,50,44,5,6,45,39,28,Train/28/00028_00015_00019.png
client_3,13386,34,35,5,6,29,30,8,Train/8/00008_00041_00006.png
client_3,18792,41,40,6,5,36,35,12,Train/12/00012_00014_00012.png
client_3,33193,42,44,6,5,37,39,33,Train/33/00033_00003_00013.png
client_3,9391,26,26,5,5,21,21,5,Train/5/00005_00032_00001.png
client_3,13885,83,81,7,7,75,73,9,Train/9/00009_00010_00025.png
client_3,33858,48,46,5,6,43,41,34,Train/34/00034_00002_00019.png
client_3,7032,42,42,6,6,37,37,4,Train/4/00004_00019_00012.png
client_3,14867,43,40,6,6,37,35,9,Train/9/00009_00043_00017.png
client_3,4442,28,28,5,5,23,23,2,Train/2/00002_00055_00002.png
client_3,35333,61,65,6,6,55,59,35,Train/35/00035_00037_00024.png
client_3,14965,94,94,8,9,85,85,9,Train/9/00009_00046_00025.png
client_3,6788,32,33,6,6,27,28,4,Train/4/00004_00011_00008.png
client_3,14071,27,30,6,6,22,25,9,Train/9/00009_00017_00001.png
client_3,20751,60,55,5,5,55,50,13,Train/13/00013_00009_00021.png
client_3,28832,54,52,5,6,49,47,25,Train/25/00025_00012_00002.png
client_3,13920,28,28,6,5,23,23,9,Train/9/00009_00012_00000.png
client_3,12009,32,33,5,5,27,28,7,Train/7/00007_00043_00009.png
client_3,28423,52,49,5,6,47,44,24,Train/24/00024_00007_00013.png
client_3,13232,32,32,5,5,27,27,8,Train/8/00008_00036_00002.png
client_3,38426,80,80,7,7,72,72,40,Train/40/00040_00001_00027.png
client_3,6817,33,33,6,6,28,28,4,Train/4/00004_00012_00007.png
client_3,31241,46,45,5,6,40,39,28,Train/28/00028_00014_00011.png
client_3,24448,97,96,9,9,88,88,16,Train/16/00016_00013_00028.png
client_3,14552,30,28,6,6,25,23,9,Train/9/00009_00033_00002.png
client_3,9977,44,44,5,5,39,39,5,Train/5/00005_00051_00017.png
client_3,8976,30,29,6,5,25,24,5,Train/5/00005_00018_00006.png
client_3,14573,61,57,6,6,55,52,9,Train/9/00009_00033_00023.png
client_3,17044,31,27,6,6,26,22,11,Train/11/00011_00000_00004.png
client_3,27167,47,45,6,6,42,40,21,Train/21/00021_00006_00017.png
client_3,17089,88,83,7,7,80,76,11,Train/11/00011_00001_00019.png
client_3,17202,60,53,5,6,55,48,11,Train/11/00011_00005_00012.png
client_3,3099,32,30,6,5,27,25,2,Train/2/00002_00010_00009.png
client_3,13581,52,49,5,5,47,44,9,Train/9/00009_00000_00021.png
client_3,11821,27,27,6,5,22,22,7,Train/7/00007_00037_00001.png
client_3,3863,57,57,6,6,52,52,2,Train/2/00002_00035_00023.png
client_3,7473,29,30,5,6,24,25,4,Train/4/00004_00034_00003.png
client_3,28530,26,26,5,6,21,21,25,Train/25/00025_00002_00000.png
client_3,20169,46,46,5,5,41,41,12,Train/12/00012_00060_00009.png
client_3,18469,52,52,6,6,47,47,12,Train/12/00012_00003_00019.png
client_3,37691,49,52,6,5,44,47,38,Train/38/00038_00056_00012.png
client_3,28130,96,83,9,7,88,76,23,Train/23/00023_00014_00020.png
client_3,3298,117,110,10,9,106,100,2,Train/2/00002_00016_00028.png
client_3,13658,32,33,5,6,27,28,9,Train/9/00009_00003_00008.png
client_3,28011,73,69,6,6,67,63,23,Train/23/00023_00010_00021.png
client_3,27442,52,49,5,5,46,43,22,Train/22/00022_00004_00022.png
client_3,14740,41,41,5,5,36,36,9,Train/9/00009_00039_00010.png
client_3,14172,30,31,6,6,25,26,9,Train/9/00009_00020_00012.png
client_3,13765,56,55,5,5,51,50,9,Train/9/00009_00006_00025.png
client_3,19132,62,64,6,5,57,59,12,Train/12/00012_00025_00022.png
client_3,31570,41,42,5,5,36,37,29,Train/29/00029_00007_00010.png
client_3,32853,27,27,5,5,22,22,32,Train/32/00032_00000_00003.png
client_3,27549,33,32,6,6,27,26,22,Train/22/00022_00008_00009.png
client_3,14777,47,48,6,6,42,43,9,Train/9/00009_00040_00017.png
client_3,13557,60,61,5,5,55,56,8,Train/8/00008_00046_00027.png
client_3,36416,58,58,5,5,53,53,38,Train/38/00038_00013_00027.png
client_3,7757,41,41,5,5,36,36,4,Train/4/00004_00043_00017.png
client_3,27444,60,56,5,5,55,51,22,Train/22/00022_00004_00024.png
client_3,18599,99,97,9,8,91,89,12,Train/12/00012_00007_00029.png
client_3,10198,87,97,7,9,80,89,5,Train/5/00005_00058_00028.png
client_3,33216,31,31,6,5,26,26,33,Train/33/00033_00004_00006.png
client_3,27884,44,40,6,5,39,35,23,Train/23/00023_00006_00014.png
client_3,19754,38,38,6,5,33,33,12,Train/12/00012_00046_00014.png
client_3,18055,96,92,9,9,88,84,11,Train/11/00011_00033_00025.png
client_3,3323,61,60,6,5,55,54,2,Train/2/00002_00017_00023.png
client_3,19434,54,57,5,6,49,52,12,Train/12/00012_00035_00024.png
client_3,14270,43,45,6,6,38,40,9,Train/9/00009_00023_00020.png
client_3,20438,54,53,5,5,49,48,12,Train/12/00012_00069_00008.png
client_3,18351,48,47,6,6,43,42,11,Train/11/00011_00043_00021.png
client_3,33904,55,53,6,5,49,48,34,Train/34/00034_00004_00005.png
client_3,28777,46,44,6,6,41,39,25,Train/25/00025_00010_00007.png
client_3,14748,41,41,5,5,36,36,9,Train/9/00009_00039_00018.png
client_3,14914,33,36,5,5,27,30,9,Train/9/00009_00045_00004.png
client_3,19658,30,30,5,5,25,25,12,Train/12/00012_00043_00008.png
client_3,39138,37,36,5,5,32,31,42,Train/42/00042_00005_00019.png
client_3,4885,33,34,6,6,28,29,2,Train/2/00002_00069_00025.png
client_3,30934,36,32,6,6,31,27,28,Train/28/00028_00004_00004.png
client_3,6878,31,32,5,6,25,27,4,Train/4/00004_00014_00008.png
client_3,24380,42,42,6,6,36,37,16,Train/16/00016_00011_00020.png
client_3,13882,70,68,6,6,63,62,9,Train/9/00009_00010_00022.png
client_3,13937,46,48,6,5,41,42,9,Train/9/00009_00012_00017.png
client_3,24207,46,47,6,5,41,42,16,Train/16/00016_00005_00027.png
client_3,27297,121,106,11,9,110,97,21,Train/21/00021_00010_00027.png
client_3,33979,36,39,6,6,31,34,34,Train/34/00034_00006_00020.png
client_3,4921,26,27,5,6,21,22,2,Train/2/00002_00071_00001.png
client_3,10017,53,52,6,5,48,47,5,Train/5/00005_00052_00027.png
client_3,27375,50,47,6,5,45,42,22,Train/22/00022_00002_00015.png
client_3,14332,54,53,6,5,49,48,9,Train/9/00009_00025_00022.png
client_3,14877,86,87,8,8,79,80,9,Train/9/00009_00043_00027.png
client_3,34303,31,31,5,5,25,26,35,Train/35/00035_00003_00014.png
client_3,3221,30,31,5,6,25,26,2,Train/2/00002_00014_00011.png
client_3,17756,80,71,8,7,73,65,11,Train/11/00011_00023_00026.png
client_3,33130,34,33,6,5,29,28,33,Train/33/00033_00001_00010.png
client_3,14147,37,37,5,5,32,32,9,Train/9/00009_00019_00017.png
client_3,17527,45,44,5,6,39,39,11,Train/11/00011_00016_00007.png
client_3,14049,47,46,6,6,41,41,9,Train/9/00009_00016_00009.png
client_3,38376,42,39,6,6,37,34,40,Train/40/00040_00000_00007.png
client_3,14617,36,35,6,5,31,30,9,Train/9/00009_00035_00007.png
client_3,35030,43,44,6,6,38,39,35,Train/35/00035_00027_00021.png
client_3,6627,120,118,10,10,109,107,4,Train/4/00004_00005_00027.png
client_3,39072,34,35,5,6,28,30,42,Train/42/00042_00003_00013.png
client_3,14584,27,27,5,5,22,22,9,Train/9/00009_00034_00004.png
client_3,27441,50,48,5,5,45,43,22,Train/22/00022_00004_00021.png
client_3,13375,49,49,5,5,44,44,8,Train/8/00008_00040_00025.png
client_3,1250,55,54,6,5,50,49,1,Train/1/00001_00022_00020.png
client_3,3281,34,36,5,6,29,31,2,Train/2/00002_00016_00011.png
client_3,31407,124,112,11,10,114,103,29,Train/29/00029_00001_00027.png
client_3,4924,27,27,6,5,22,22,2,Train/2/00002_00071_00004.png
client_3,31166,55,53,5,6,50,48,28,Train/28/00028_00011_00026.png
client_3,19628,61,62,5,6,56,57,12,Train/12/00012_00042_00008.png
client_3,19082,45,45,6,6,40,40,12,Train/12/00012_00024_00002.png
client_3,27217,53,46,6,5,48,41,21,Train/21/00021_00008_00007.png
client_3,20455,81,84,8,8,74,77,12,Train/12/00012_00069_00025.png
client_3,31013,76,69,7,6,70,63,28,Train/28/00028_00006_00023.png
client_3,21388,110,99,9,8,101,91,13,Train/13/00013_00030_00028.png
client_3,34270,35,35,6,5,30,30,35,Train/35/00035_00002_00011.png
client_3,19912,48,46,6,5,43,41,12,Train/12/00012_00051_00022.png
client_3,34851,52,52,5,5,47,47,35,Train/35/00035_00021_00022.png
client_3,18971,35,37,6,5,30,32,12,Train/12/00012_00020_00011.png
client_3,13636,54,53,6,5,48,48,9,Train/9/00009_00002_00016.png
