client_id,sample_id,Width,Height,Roi.X1,Roi.Y1,Roi.X2,Roi.Y2,ClassId,Path
1,35681,32,33,6,6,26,27,36,Train/36/00036_00009_00012.png
1,4048,53,55,6,5,47,50,2,Train/2/00002_00041_00028.png
1,35773,57,56,5,5,51,51,36,Train/36/00036_00012_00014.png
1,8765,38,38,6,6,32,33,5,Train/5/00005_00011_00005.png
1,546,39,41,6,6,33,35,0,Train/0/00000_00006_00006.png
1,12338,34,33,6,5,28,27,8,Train/8/00008_00006_00008.png
1,35860,40,39,5,5,35,34,37,Train/37/00037_00002_00011.png
1,1767,94,100,8,9,86,92,1,Train/1/00001_00039_00027.png
1,6132,35,37,6,6,30,32,3,Train/3/00003_00036_00012.png
1,13266,33,33,6,6,28,28,8,Train/8/00008_00037_00006.png
1,29642,29,26,6,5,24,21,25,Train/25/00025_00039_00002.png
1,24000,26,25,6,5,21,20,15,Train/15/00015_00020_00000.png
1,36411,46,47,6,6,41,42,38,Train/38/00038_00013_00022.png
1,7322,32,31,6,5,27,26,4,Train/4/00004_00029_00002.png
1,19951,42,37,6,6,37,32,12,Train/12/00012_00053_00001.png
1,31942,53,50,5,6,48,45,30,Train/30/00030_00010_00022.png
1,10533,26,29,5,6,21,24,6,Train/6/00006_00008_00003.png
1,22650,30,30,5,5,25,25,14,Train/14/00014_00001_00000.png
1,35098,63,63,6,6,58,58,35,Train/35/00035_00029_00029.png
1,4994,38,38,5,6,32,33,2,Train/2/00002_00073_00014.png
1,3581,37,39,6,6,32,34,2,Train/2/00002_00026_00011.png
1,12886,45,45,6,6,40,40,8,Train/8/00008_00024_00016.png
1,15372,42,43,6,6,37,38,10,Train/10/00010_00011_00012.png
1,16856,52,47,6,5,47,42,10,Train/10/00010_00060_00026.png
1,7712,28,29,6,6,22,23,4,Train/4/00004_00042_00002.png
1,22653,33,34,5,5,28,29,14,Train/14/00014_00001_00003.png
1,33136,40,41,5,6,35,36,33,Train/33/00033_00001_00016.png
1,34120,32,31,6,5,27,26,34,Train/34/00034_00011_00011.png
1,19645,112,112,10,10,103,103,12,Train/12/00012_00042_00025.png
1,30451,33,30,6,6,27,24,26,Train/26/00026_00016_00001.png
1,31756,59,55,5,6,54,50,30,Train/30/00030_00004_00016.png
1,21018,53,53,5,6,48,48,13,Train/13/00013_00018_00018.png
1,29641,29,26,6,6,23,21,25,Train/25/00025_00039_00001.png
1,1885,81,82,7,8,74,75,1,Train/1/00001_00043_00025.png
1,14709,37,37,6,5,32,31,9,Train/9/00009_00038_00009.png
1,11953,39,39,5,5,33,33,7,Train/7/00007_00041_00013.png
1,13823,46,47,5,6,41,42,9,Train/9/00009_00008_00023.png
1,17120,131,120,11,11,120,109,11,Train/11/00011_00002_00020.png
1,21218,39,37,5,6,33,32,13,Train/13/00013_00025_00008.png
1,22155,56,54,5,5,51,48,13,Train/13/00013_00056_00015.png
1,18619,53,54,5,5,48,49,12,Train/12/00012_00008_00019.png
1,15626,85,84,8,7,78,77,10,Train/10/00010_00019_00026.png
1,8207,38,39,5,5,33,34,4,Train/4/00004_00058_00017.png
1,23779,43,47,6,5,38,42,15,Train/15/00015_00012_00019.png
1,19764,52,53,5,5,47,48,12,Train/12/00012_00046_00024.png
1,34785,37,36,6,5,31,31,35,Train/35/00035_00019_00016.png
1,33990,29,29,6,6,24,24,34,Train/34/00034_00007_00001.png
1,12109,35,36,5,6,30,31,7,Train/7/00007_00046_00019.png
1,23776,40,47,5,6,35,42,15,Train/15/00015_00012_00016.png
1,15619,53,53,5,5,48,48,10,Train/10/00010_00019_00019.png
1,19101,60,61,5,6,55,56,12,Train/12/00012_00024_00021.png
1,138,41,40,6,5,36,35,20,Train/20/00020_00004_00018.png
1,19534,39,39,6,6,34,34,12,Train/12/00012_00039_00004.png
1,32399,88,84,7,7,81,77,31,Train/31/00031_00010_00029.png
1,37318,64,84,6,7,59,77,38,Train/38/00038_00043_00029.png
1,2154,70,69,7,6,64,63,1,Train/1/00001_00052_00024.png
1,3345,38,38,5,5,33,33,2,Train/2/00002_00018_00015.png
1,10951,30,31,5,6,25,26,7,Train/7/00007_00008_00001.png
1,19747,32,36,5,5,27,31,12,Train/12/00012_00046_00007.png
1,3706,43,38,5,5,38,33,2,Train/2/00002_00030_00016.png
1,8378,33,31,6,6,27,26,4,Train/4/00004_00064_00008.png
1,5361,54,56,6,6,49,51,3,Train/3/00003_00010_00021.png
1,13024,30,30,6,6,25,25,8,Train/8/00008_00029_00004.png
1,26673,38,38,5,5,33,33,18,Train/18/00018_00037_00003.png
1,25007,37,40,6,5,32,35,17,Train/17/00017_00018_00017.png
1,30803,61,55,6,5,55,50,27,Train/27/00027_00007_00023.png
1,2648,36,36,5,5,31,31,1,Train/1/00001_00069_00008.png
1,10592,29,29,6,5,24,24,6,Train/6/00006_00010_00002.png
1,4516,44,42,6,5,39,37,2,Train/2/00002_00057_00016.png
1,27458,38,35,6,6,33,30,22,Train/22/00022_00005_00008.png
1,24932,27,30,5,6,22,25,17,Train/17/00017_00016_00002.png
1,35420,54,54,6,6,49,49,36,Train/36/00036_00000_00021.png
1,27464,40,41,6,6,35,36,22,Train/22/00022_00005_00014.png
1,16191,43,45,5,6,38,40,10,Train/10/00010_00038_00021.png
1,216,27,28,5,6,22,23,20,Train/20/00020_00007_00006.png
1,16974,44,46,6,6,39,41,10,Train/10/00010_00064_00024.png
1,35129,26,26,5,6,20,21,35,Train/35/00035_00031_00000.png
1,17351,62,55,6,5,57,50,11,Train/11/00011_00010_00011.png
1,12330,30,30,6,6,25,25,8,Train/8/00008_00006_00000.png
1,34370,39,40,5,6,34,35,35,Train/35/00035_00005_00021.png
1,21409,41,39,5,6,36,34,13,Train/13/00013_00031_00019.png
1,38170,35,35,5,5,30,30,39,Train/39/00039_00003_00011.png
1,29486,82,74,8,7,75,68,25,Train/25/00025_00033_00026.png
1,1175,47,52,5,5,42,47,1,Train/1/00001_00020_00005.png
1,36256,34,33,6,6,28,28,38,Train/38/00038_00008_00017.png
1,1777,38,39,5,5,33,34,1,Train/1/00001_00040_00007.png
1,39099,37,37,6,6,32,32,42,Train/42/00042_00004_00010.png
1,27436,41,39,6,5,36,33,22,Train/22/00022_00004_00016.png
1,20072,44,45,6,6,39,40,12,Train/12/00012_00057_00002.png
1,18232,54,50,5,5,49,45,11,Train/11/00011_00039_00022.png
1,23258,37,40,5,6,32,35,14,Train/14/00014_00021_00008.png
1,24349,46,46,5,6,41,41,16,Train/16/00016_00010_00019.png
1,293,50,50,6,6,45,45,20,Train/20/00020_00009_00023.png
1,38443,43,45,5,6,38,39,40,Train/40/00040_00002_00014.png
1,11114,40,39,5,6,35,34,7,Train/7/00007_00013_00014.png
1,36023,63,64,5,5,58,59,38,Train/38/00038_00000_00024.png
1,24051,100,100,9,9,92,92,16,Train/16/00016_00000_00021.png
1,38004,57,57,6,5,52,52,38,Train/38/00038_00066_00025.png
1,3803,38,39,6,5,33,34,2,Train/2/00002_00033_00023.png
1,9271,32,29,6,5,27,24,5,Train/5/00005_00028_00001.png
1,38383,47,45,5,6,42,39,40,Train/40/00040_00000_00014.png
1,5133,33,33,5,6,27,28,3,Train/3/00003_00003_00003.png
1,29753,75,68,6,6,69,62,25,Train/25/00025_00042_00023.png
1,4514,42,41,5,5,37,36,2,Train/2/00002_00057_00014.png
1,19677,85,86,7,8,78,79,12,Train/12/00012_00043_00027.png
1,6430,32,33,5,6,27,27,3,Train/3/00003_00046_00010.png
1,30268,98,92,8,9,90,84,26,Train/26/00026_00009_00028.png
1,27366,37,34,6,5,32,29,22,Train/22/00022_00002_00006.png
1,26005,84,76,8,6,77,70,18,Train/18/00018_00014_00025.png
1,15689,121,120,10,10,111,110,10,Train/10/00010_00021_00029.png
1,8895,45,44,6,5,40,39,5,Train/5/00005_00015_00015.png
1,19493,91,91,8,8,83,83,12,Train/12/00012_00037_00023.png
1,7063,33,32,6,5,28,27,4,Train/4/00004_00020_00013.png
1,38544,107,104,9,10,98,95,40,Train/40/00040_00005_00025.png
1,33292,68,68,7,6,62,62,33,Train/33/00033_00006_00022.png
1,1677,75,72,6,6,68,66,1,Train/1/00001_00036_00027.png
1,5380,36,37,5,6,31,32,3,Train/3/00003_00011_00010.png
1,27194,48,45,5,6,42,40,21,Train/21/00021_00007_00014.png
1,4073,50,50,6,5,45,45,2,Train/2/00002_00042_00023.png
1,28437,119,99,11,9,109,91,24,Train/24/00024_00007_00027.png
1,9021,50,49,6,5,45,44,5,Train/5/00005_00019_00021.png
1,38564,54,54,5,5,49,49,40,Train/40/00040_00006_00015.png
1,13365,38,37,6,5,33,32,8,Train/8/00008_00040_00015.png
1,33533,43,45,5,6,37,40,33,Train/33/00033_00014_00023.png
1,8497,30,29,6,6,25,23,5,Train/5/00005_00002_00007.png
1,30812,37,35,5,6,32,30,28,Train/28/00028_00000_00002.png
1,30958,80,73,7,7,73,67,28,Train/28/00028_00004_00028.png
1,31195,76,72,7,7,70,66,28,Train/28/00028_00012_00025.png
1,5116,41,41,6,5,36,36,3,Train/3/00003_00002_00016.png
1,8493,28,27,5,6,23,22,5,Train/5/00005_00002_00003.png
1,11435,34,35,6,6,29,29,7,Train/7/00007_00024_00005.png
1,1669,48,47,5,5,43,42,1,Train/1/00001_00036_00019.png
1,4594,51,52,5,5,46,47,2,Train/2/00002_00060_00004.png
1,28152,54,50,5,6,49,45,23,Train/23/00023_00015_00012.png
1,15153,27,28,5,5,22,22,10,Train/10/00010_00004_00003.png
1,16908,39,40,5,5,34,35,10,Train/10/00010_00062_00018.png
1,33731,39,44,5,6,34,38,33,Train/33/00033_00021_00012.png
1,31225,109,107,9,10,100,98,28,Train/28/00028_00013_00025.png
1,21753,37,36,5,6,32,31,13,Train/13/00013_00043_00003.png
1,7170,33,33,6,6,28,28,4,Train/4/00004_00024_00000.png
1,20768,40,37,5,6,35,32,13,Train/13/00013_00010_00008.png
1,11,37,34,5,6,32,29,20,Train/20/00020_00000_00011.png
1,5695,68,68,7,6,62,62,3,Train/3/00003_00021_00025.png
1,26748,60,56,6,6,54,50,18,Train/18/00018_00039_00018.png
1,33398,32,32,6,6,27,27,33,Train/33/00033_00010_00008.png
1,35800,40,40,5,5,35,35,37,Train/37/00037_00000_00011.png
1,34263,32,31,6,5,27,26,35,Train/35/00035_00002_00004.png
1,15462,39,39,6,6,34,34,10,Train/10/00010_00014_00012.png
1,29141,52,50,5,6,47,45,25,Train/25/00025_00022_00011.png
1,10070,40,39,5,5,35,34,5,Train/5/00005_00054_00020.png
1,38135,50,54,6,5,45,49,39,Train/39/00039_00002_00006.png
1,36333,39,42,6,6,34,37,38,Train/38/00038_00011_00004.png
1,5551,37,36,6,5,32,31,3,Train/3/00003_00017_00001.png
1,22825,85,87,8,7,77,79,14,Train/14/00014_00006_00025.png
1,37868,31,31,5,5,26,26,38,Train/38/00038_00062_00009.png
1,38189,26,26,5,5,20,20,39,Train/39/00039_00004_00000.png
1,4463,54,57,5,6,48,52,2,Train/2/00002_00055_00023.png
1,25808,59,52,5,5,54,47,18,Train/18/00018_00008_00008.png
1,32137,40,40,5,6,35,35,31,Train/31/00031_00002_00007.png
1,14106,32,31,5,5,26,26,9,Train/9/00009_00018_00006.png
1,15382,61,60,6,5,56,55,10,Train/10/00010_00011_00022.png
1,14882,29,28,6,5,23,22,9,Train/9/00009_00044_00002.png
1,10432,51,51,5,6,46,46,6,Train/6/00006_00004_00022.png
1,9899,81,80,8,8,74,73,5,Train/5/00005_00048_00029.png
1,18139,70,73,6,7,64,67,11,Train/11/00011_00036_00019.png
1,20364,55,62,5,5,50,57,12,Train/12/00012_00066_00024.png
1,764,55,63,6,5,49,58,1,Train/1/00001_00006_00014.png
1,20546,64,69,5,7,59,62,13,Train/13/00013_00002_00026.png
1,1161,45,46,6,6,40,41,1,Train/1/00001_00019_00021.png
1,14529,38,39,5,5,33,33,9,Train/9/00009_00032_00009.png
1,15292,56,57,5,6,51,52,10,Train/10/00010_00008_00022.png
1,34931,36,38,5,5,31,33,35,Train/35/00035_00024_00012.png
1,36720,30,32,5,6,24,26,38,Train/38/00038_00024_00001.png
1,14680,38,37,6,5,33,32,9,Train/9/00009_00037_00010.png
1,19435,56,57,5,5,51,52,12,Train/12/00012_00035_00025.png
1,2031,54,54,6,6,49,49,1,Train/1/00001_00048_00021.png
1,37322,36,36,6,6,31,31,38,Train/38/00038_00044_00003.png
1,36000,27,28,6,6,22,23,38,Train/38/00038_00000_00001.png
1,22538,34,34,6,6,29,29,13,Train/13/00013_00069_00008.png
1,6730,35,36,5,5,30,30,4,Train/4/00004_00009_00010.png
1,11675,34,34,6,6,29,29,7,Train/7/00007_00032_00005.png
1,18329,155,153,13,14,142,140,11,Train/11/00011_00042_00029.png
1,3690,33,30,5,5,28,25,2,Train/2/00002_00030_00000.png
1,34482,37,38,5,5,32,33,35,Train/35/00035_00009_00013.png
1,10919,108,107,10,9,99,98,7,Train/7/00007_00006_00029.png
1,22645,124,123,11,11,114,113,14,Train/14/00014_00000_00025.png
1,18322,73,69,7,7,67,63,11,Train/11/00011_00042_00022.png
1,37132,62,64,5,6,57,59,38,Train/38/00038_00037_00023.png
1,9827,47,48,6,6,42,43,5,Train/5/00005_00046_00017.png
1,13715,29,30,5,6,24,25,9,Train/9/00009_00005_00005.png
1,11471,35,34,6,5,30,29,7,Train/7/00007_00025_00011.png
1,10317,63,68,6,6,58,62,6,Train/6/00006_00000_00027.png
1,7296,33,33,5,5,28,28,4,Train/4/00004_00028_00006.png
1,12826,41,39,6,5,36,34,8,Train/8/00008_00022_00016.png
1,38835,51,53,6,6,46,48,41,Train/41/00041_00003_00016.png
1,27077,53,48,6,5,48,43,21,Train/21/00021_00003_00017.png
1,27248,40,40,5,6,35,35,21,Train/21/00021_00009_00008.png
1,19359,42,47,6,6,37,42,12,Train/12/00012_00033_00009.png
1,16377,48,47,6,5,43,42,10,Train/10/00010_00044_00027.png
1,4540,28,29,5,6,23,24,2,Train/2/00002_00058_00010.png
1,3098,31,31,5,6,26,26,2,Train/2/00002_00010_00008.png
1,29957,53,49,5,5,47,44,25,Train/25/00025_00049_00017.png
1,27344,39,38,5,6,34,33,22,Train/22/00022_00001_00014.png
1,28715,74,72,7,7,68,66,25,Train/25/00025_00008_00005.png
1,34293,27,27,6,6,22,22,35,Train/35/00035_00003_00004.png
1,8785,74,77,7,7,68,71,5,Train/5/00005_00011_00025.png
1,8836,41,39,6,5,35,34,5,Train/5/00005_00013_00016.png
1,8664,52,55,5,6,47,50,5,Train/5/00005_00007_00024.png
1,22879,50,60,5,5,45,55,14,Train/14/00014_00008_00019.png
1,5786,49,51,5,6,44,46,3,Train/3/00003_00024_00026.png
1,10385,31,34,5,6,26,29,6,Train/6/00006_00003_00005.png
1,35742,39,40,6,6,34,34,36,Train/36/00036_00011_00013.png
1,37583,72,116,6,11,66,106,38,Train/38/00038_00052_00024.png
1,21589,54,54,6,6,49,49,13,Train/13/00013_00037_00019.png
1,4634,51,52,5,5,46,47,2,Train/2/00002_00061_00014.png
1,32826,41,39,6,6,36,34,31,Train/31/00031_00025_00006.png
1,30816,38,37,5,5,32,31,28,Train/28/00028_00000_00006.png
1,5136,34,35,5,6,28,29,3,Train/3/00003_00003_00006.png
1,17725,133,122,12,11,122,112,11,Train/11/00011_00022_00025.png
1,38363,52,58,5,6,47,52,39,Train/39/00039_00009_00024.png
1,8351,33,33,6,6,28,28,4,Train/4/00004_00063_00011.png
1,37256,75,80,7,8,69,73,38,Train/38/00038_00041_00027.png
1,14267,38,40,5,5,33,35,9,Train/9/00009_00023_00017.png
1,12961,27,27,6,5,21,21,8,Train/8/00008_00027_00001.png
1,10269,29,30,5,6,23,25,5,Train/5/00005_00061_00009.png
1,3618,40,39,6,6,34,34,2,Train/2/00002_00027_00018.png
1,23959,108,129,10,11,98,117,15,Train/15/00015_00018_00019.png
1,36016,46,46,6,6,41,41,38,Train/38/00038_00000_00017.png
1,36635,32,32,5,5,26,26,38,Train/38/00038_00021_00006.png
1,38208,50,51,6,5,45,46,39,Train/39/00039_00004_00019.png
1,4101,43,43,5,5,38,38,2,Train/2/00002_00043_00021.png
1,21256,46,59,6,5,41,54,13,Train/13/00013_00026_00016.png
1,4075,55,55,6,5,50,50,2,Train/2/00002_00042_00025.png
1,17710,62,58,5,5,57,53,11,Train/11/00011_00022_00010.png
1,15824,33,34,5,6,28,29,10,Train/10/00010_00026_00014.png
1,17593,58,53,5,5,53,48,11,Train/11/00011_00018_00013.png
1,34803,31,32,5,6,26,27,35,Train/35/00035_00020_00004.png
1,1530,33,32,6,5,28,27,1,Train/1/00001_00032_00000.png
1,26267,53,49,6,6,48,44,18,Train/18/00018_00023_00017.png
1,7343,62,61,6,5,57,56,4,Train/4/00004_00029_00023.png
1,10862,34,33,5,5,28,28,7,Train/7/00007_00005_00002.png
1,29846,64,60,5,5,59,55,25,Train/25/00025_00045_00026.png
1,17251,43,41,6,6,38,36,11,Train/11/00011_00007_00001.png
1,26840,76,64,7,6,70,58,19,Train/19/00019_00002_00020.png
1,4006,35,34,6,5,30,29,2,Train/2/00002_00040_00016.png
1,19564,40,40,6,6,35,35,12,Train/12/00012_00040_00004.png
1,29671,32,29,6,5,27,24,25,Train/25/00025_00040_00001.png
1,29888,67,60,6,5,61,55,25,Train/25/00025_00047_00008.png
1,22908,49,51,5,5,43,46,14,Train/14/00014_00009_00018.png
1,27210,38,37,5,5,33,32,21,Train/21/00021_00008_00000.png
1,34401,57,57,5,5,52,52,35,Train/35/00035_00006_00022.png
1,60,33,32,5,5,28,27,20,Train/20/00020_00002_00000.png
1,1021,27,28,6,6,22,22,1,Train/1/00001_00015_00001.png
1,24483,29,29,5,5,24,24,17,Train/17/00017_00001_00003.png
1,5892,32,33,6,5,27,28,3,Train/3/00003_00028_00012.png
1,31031,65,56,5,5,59,51,28,Train/28/00028_00007_00011.png
1,18969,32,34,5,5,27,29,12,Train/12/00012_00020_00009.png
1,30090,35,31,6,5,30,26,26,Train/26/00026_00004_00000.png
1,17285,49,46,5,5,44,41,11,Train/11/00011_00008_00005.png
1,8059,58,58,5,6,53,53,4,Train/4/00004_00053_00019.png
1,3571,31,33,5,6,26,28,2,Train/2/00002_00026_00001.png
1,27664,33,31,5,5,28,26,22,Train/22/00022_00012_00004.png
1,16194,50,52,6,6,44,46,10,Train/10/00010_00038_00024.png
1,13025,32,32,6,6,27,27,8,Train/8/00008_00029_00005.png
1,21066,41,39,5,5,35,33,13,Train/13/00013_00020_00006.png
1,10299,36,37,6,6,31,32,6,Train/6/00006_00000_00009.png
1,23929,48,48,5,6,42,42,15,Train/15/00015_00017_00019.png
1,33240,64,65,5,6,59,60,33,Train/33/00033_00005_00000.png
1,3952,77,75,7,6,71,69,2,Train/2/00002_00038_00022.png
1,27385,88,87,8,7,81,80,22,Train/22/00022_00002_00025.png
1,20493,28,30,6,5,23,25,13,Train/13/00013_00001_00003.png
1,13539,30,33,5,6,25,27,8,Train/8/00008_00046_00009.png
1,21634,35,31,5,5,30,26,13,Train/13/00013_00039_00004.png
1,34448,49,47,5,5,43,42,35,Train/35/00035_00008_00009.png
1,35065,57,56,6,6,52,51,35,Train/35/00035_00028_00026.png
1,24092,26,26,5,5,21,21,16,Train/16/00016_00002_00002.png
1,19935,116,113,10,10,106,104,12,Train/12/00012_00052_00015.png
1,894,57,56,6,5,52,51,1,Train/1/00001_00010_00024.png
1,10366,43,45,6,6,38,40,6,Train/6/00006_00002_00016.png
1,13252,63,63,5,5,58,58,8,Train/8/00008_00036_00022.png
1,34647,83,84,8,8,76,77,35,Train/35/00035_00014_00028.png
1,27756,41,38,6,6,36,33,23,Train/23/00023_00002_00006.png
1,13609,44,44,6,6,39,39,9,Train/9/00009_00001_00019.png
1,24237,135,136,11,11,123,124,16,Train/16/00016_00006_00027.png
1,15075,41,38,5,6,35,33,10,Train/10/00010_00001_00015.png
1,19347,85,85,8,7,78,78,12,Train/12/00012_00032_00027.png
1,21772,64,57,5,5,59,52,13,Train/13/00013_00043_00022.png
1,4752,56,57,6,6,51,52,2,Train/2/00002_00065_00012.png
1,37399,45,41,6,5,39,36,38,Train/38/00038_00046_00020.png
1,10928,37,37,6,6,32,32,7,Train/7/00007_00007_00008.png
1,39146,54,54,6,6,49,49,42,Train/42/00042_00005_00027.png
1,36533,54,54,6,6,49,49,38,Train/38/00038_00017_00024.png
1,28631,38,36,6,6,33,31,25,Train/25/00025_00005_00011.png
1,2412,39,40,5,5,34,35,1,Train/1/00001_00061_00012.png
1,24707,29,31,5,5,24,26,17,Train/17/00017_00008_00017.png
1,21528,76,83,6,8,70,76,13,Train/13/00013_00035_00018.png
1,37060,34,34,5,5,29,29,38,Train/38/00038_00035_00011.png
1,36784,28,29,5,5,23,24,38,Train/38/00038_00026_00005.png
1,32486,75,72,7,7,69,66,31,Train/31/00031_00013_00026.png
1,21453,32,30,5,5,27,25,13,Train/13/00013_00033_00003.png
1,21135,55,55,6,6,49,49,13,Train/13/00013_00022_00015.png
1,29364,100,97,8,8,92,89,25,Train/25/00025_00029_00024.png
1,12215,28,28,5,5,23,22,8,Train/8/00008_00002_00005.png
1,37606,37,37,5,5,32,32,38,Train/38/00038_00053_00017.png
1,4078,69,70,7,6,63,64,2,Train/2/00002_00042_00028.png
1,35032,42,44,5,6,37,39,35,Train/35/00035_00027_00023.png
1,28767,96,86,8,8,88,79,25,Train/25/00025_00009_00027.png
1,19266,34,34,5,5,29,29,12,Train/12/00012_00030_00006.png
1,20477,46,43,6,5,40,37,13,Train/13/00013_00000_00017.png
1,33862,58,54,5,5,52,49,34,Train/34/00034_00002_00023.png
1,20711,48,57,6,6,43,51,13,Train/13/00013_00008_00011.png
1,1880,61,60,6,5,56,55,1,Train/1/00001_00043_00020.png
1,10731,51,51,5,6,46,45,7,Train/7/00007_00000_00021.png
1,31017,96,85,8,7,88,78,28,Train/28/00028_00006_00027.png
1,1067,49,48,6,5,44,43,1,Train/1/00001_00016_00017.png
1,1077,82,81,7,7,74,74,1,Train/1/00001_00016_00027.png
1,3258,76,77,7,6,70,70,2,Train/2/00002_00015_00018.png
1,10977,67,71,6,7,61,65,7,Train/7/00007_00008_00027.png
1,6826,44,43,6,6,38,38,4,Train/4/00004_00012_00016.png
1,21016,51,48,6,6,46,43,13,Train/13/00013_00018_00016.png
1,5895,35,36,6,6,29,30,3,Train/3/00003_00028_00015.png
1,7204,37,35,5,6,32,30,4,Train/4/00004_00025_00004.png
1,11418,37,39,5,6,32,33,7,Train/7/00007_00023_00018.png
1,27455,36,32,6,5,31,27,22,Train/22/00022_00005_00005.png
1,8067,103,97,9,8,94,89,4,Train/4/00004_00053_00027.png
1,32604,118,107,10,10,108,98,31,Train/31/00031_00017_00024.png
1,34211,46,49,5,6,41,43,35,Train/35/00035_00000_00012.png
1,13930,36,38,5,6,30,32,9,Train/9/00009_00012_00010.png
1,26670,36,36,5,5,31,31,18,Train/18/00018_00037_00000.png
1,27814,31,31,6,6,26,26,23,Train/23/00023_00004_00004.png
1,1875,53,53,5,5,48,48,1,Train/1/00001_00043_00015.png
1,21671,41,36,6,5,36,31,13,Train/13/00013_00040_00011.png
1,516,32,29,6,5,27,24,0,Train/0/00000_00005_00006.png
1,36434,33,36,6,6,27,30,38,Train/38/00038_00014_00015.png
1,7593,33,33,6,6,28,28,4,Train/4/00004_00038_00003.png
1,24692,27,28,6,5,22,23,17,Train/17/00017_00008_00002.png
1,11315,31,32,6,5,26,26,7,Train/7/00007_00020_00005.png
1,16952,27,27,6,5,21,22,10,Train/10/00010_00064_00002.png
1,11051,42,41,6,5,37,36,7,Train/7/00007_00011_00011.png
1,14112,35,34,5,5,30,29,9,Train/9/00009_00018_00012.png
1,8752,48,48,6,6,43,43,5,Train/5/00005_00010_00022.png
1,31767,132,113,11,10,121,104,30,Train/30/00030_00004_00027.png
1,19709,152,152,14,14,139,139,12,Train/12/00012_00044_00029.png
1,23551,28,27,6,5,23,22,15,Train/15/00015_00005_00001.png
1,8998,47,44,6,5,42,39,5,Train/5/00005_00018_00028.png
1,35878,136,134,12,12,125,123,37,Train/37/00037_00002_00029.png
1,31949,75,69,6,6,69,63,30,Train/30/00030_00010_00029.png
1,24725,34,36,6,6,28,31,17,Train/17/00017_00009_00005.png
1,20464,29,29,5,5,23,23,13,Train/13/00013_00000_00004.png
1,26226,61,60,6,5,56,55,18,Train/18/00018_00022_00006.png
1,17465,36,35,6,5,31,30,11,Train/11/00011_00014_00005.png
1,3653,47,47,6,6,42,42,2,Train/2/00002_00028_00023.png
1,24099,33,32,6,5,28,27,16,Train/16/00016_00002_00009.png
1,9879,37,37,6,5,32,32,5,Train/5/00005_00048_00009.png
1,38893,33,36,5,6,28,31,41,Train/41/00041_00005_00014.png
1,20639,131,136,11,11,120,125,13,Train/13/00013_00005_00029.png
1,4450,35,35,6,6,29,29,2,Train/2/00002_00055_00010.png
1,19370,51,60,6,5,46,55,12,Train/12/00012_00033_00020.png
1,15665,36,36,5,6,31,31,10,Train/10/00010_00021_00005.png
1,24569,61,62,6,6,56,57,17,Train/17/00017_00003_00029.png
1,21376,49,48,5,5,44,42,13,Train/13/00013_00030_00016.png
1,400,36,35,6,5,30,29,0,Train/0/00000_00001_00010.png
1,25533,27,31,6,5,22,26,17,Train/17/00017_00036_00003.png
1,34034,40,41,6,6,35,36,34,Train/34/00034_00008_00015.png
1,8350,31,31,6,6,26,26,4,Train/4/00004_00063_00010.png
1,33885,68,71,7,6,62,65,34,Train/34/00034_00003_00016.png
1,39103,40,39,5,5,34,34,42,Train/42/00042_00004_00014.png
1,34532,31,32,6,5,26,27,35,Train/35/00035_00011_00003.png
1,5911,29,28,6,6,23,22,3,Train/3/00003_00029_00001.png
1,5541,45,48,5,6,40,42,3,Train/3/00003_00016_00021.png
1,3557,38,39,5,6,33,34,2,Train/2/00002_00025_00017.png
1,6182,27,27,6,5,22,22,3,Train/3/00003_00038_00002.png
1,34456,61,59,5,5,56,54,35,Train/35/00035_00008_00017.png
1,3106,40,39,5,5,35,34,2,Train/2/00002_00010_00016.png
1,23106,57,57,5,5,52,52,14,Train/14/00014_00016_00006.png
1,4118,32,33,5,5,27,27,2,Train/2/00002_00044_00008.png
1,21392,30,27,6,5,25,22,13,Train/13/00013_00031_00002.png
1,24695,27,29,5,5,22,24,17,Train/17/00017_00008_00005.png
1,16641,71,73,7,7,65,67,10,Train/10/00010_00053_00021.png
1,7557,104,99,10,9,95,91,4,Train/4/00004_00036_00027.png
1,9211,28,27,5,6,22,21,5,Train/5/00005_00026_00001.png
1,302,33,29,6,5,28,24,20,Train/20/00020_00010_00002.png
1,31563,34,36,5,6,29,30,29,Train/29/00029_00007_00003.png
1,16287,73,74,7,7,67,68,10,Train/10/00010_00041_00027.png
1,20611,29,29,6,5,24,24,13,Train/13/00013_00005_00001.png
1,33265,72,71,6,7,65,64,33,Train/33/00033_00005_00025.png
1,8370,28,27,6,6,22,21,4,Train/4/00004_00064_00000.png
1,17287,52,49,5,5,47,44,11,Train/11/00011_00008_00007.png
1,20777,60,55,6,5,55,49,13,Train/13/00013_00010_00017.png
1,36572,30,30,5,5,25,25,38,Train/38/00038_00019_00003.png
1,17927,75,69,6,6,69,63,11,Train/11/00011_00029_00017.png
1,24879,31,33,6,5,26,28,17,Train/17/00017_00014_00009.png
1,17126,180,159,15,13,165,146,11,Train/11/00011_00002_00026.png
1,21327,50,48,5,6,44,42,13,Train/13/00013_00028_00027.png
1,37068,44,44,6,5,39,39,38,Train/38/00038_00035_00019.png
1,6112,53,53,6,6,48,48,3,Train/3/00003_00035_00022.png
1,20050,43,42,6,5,37,36,12,Train/12/00012_00056_00010.png
1,7109,125,121,11,10,115,111,4,Train/4/00004_00021_00029.png
1,22763,94,97,8,9,86,89,14,Train/14/00014_00004_00023.png
1,32778,48,46,6,5,43,41,31,Train/31/00031_00023_00018.png
1,31834,40,39,6,5,35,34,30,Train/30/00030_00007_00004.png
1,17446,59,58,6,6,54,52,11,Train/11/00011_00013_00016.png
1,6878,31,32,5,6,25,27,4,Train/4/00004_00014_00008.png
1,35260,37,34,6,5,31,29,35,Train/35/00035_00035_00011.png
1,32577,91,84,8,8,83,77,31,Train/31/00031_00016_00027.png
1,17346,54,50,5,5,49,45,11,Train/11/00011_00010_00006.png
1,12388,61,62,5,6,56,57,8,Train/8/00008_00007_00028.png
1,11853,31,31,5,5,25,25,7,Train/7/00007_00038_00003.png
1,1430,51,59,6,5,46,54,1,Train/1/00001_00028_00020.png
1,28482,55,55,5,6,50,50,25,Train/25/00025_00000_00012.png
1,9625,43,45,6,6,38,39,5,Train/5/00005_00039_00025.png
1,14398,72,69,7,6,66,63,9,Train/9/00009_00027_00028.png
1,32990,48,47,6,5,43,42,32,Train/32/00032_00004_00020.png
1,30078,55,54,6,6,50,48,26,Train/26/00026_00003_00018.png
1,23105,58,57,6,5,53,52,14,Train/14/00014_00016_00005.png
1,37551,62,62,6,5,57,57,38,Train/38/00038_00051_00022.png
1,1407,76,81,6,7,70,74,1,Train/1/00001_00027_00027.png
1,29875,82,82,8,8,75,75,25,Train/25/00025_00046_00025.png
1,11746,34,41,5,6,29,36,7,Train/7/00007_00034_00016.png
1,26831,56,50,6,6,51,44,19,Train/19/00019_00002_00011.png
1,26518,59,55,5,5,54,50,18,Train/18/00018_00031_00028.png
1,35699,29,29,5,5,24,24,36,Train/36/00036_00010_00000.png
1,1340,43,44,5,6,38,38,1,Train/1/00001_00025_00020.png
1,21210,33,31,6,5,28,26,13,Train/13/00013_00025_00000.png
1,10672,41,42,6,5,36,37,6,Train/6/00006_00012_00022.png
1,37588,78,123,7,10,71,113,38,Train/38/00038_00052_00029.png
1,38723,56,59,6,6,51,54,40,Train/40/00040_00011_00024.png
1,20739,36,34,6,6,30,29,13,Train/13/00013_00009_00009.png
1,13723,35,36,5,6,29,30,9,Train/9/00009_00005_00013.png
1,35616,33,33,6,5,28,28,36,Train/36/00036_00007_00007.png
1,16900,33,34,5,5,28,29,10,Train/10/00010_00062_00010.png
1,31986,37,37,5,5,32,32,30,Train/30/00030_00012_00006.png
1,21809,96,83,9,8,88,76,13,Train/13/00013_00044_00029.png
1,32362,71,64,7,6,65,58,31,Train/31/00031_00009_00022.png
1,31219,74,71,6,6,68,65,28,Train/28/00028_00013_00019.png
1,10102,42,44,5,6,37,39,5,Train/5/00005_00055_00022.png
1,9424,27,28,5,5,22,23,5,Train/5/00005_00033_00004.png
1,25607,61,56,5,6,56,51,18,Train/18/00018_00001_00017.png
1,17989,74,69,6,6,68,63,11,Train/11/00011_00031_00019.png
1,10581,40,42,5,6,35,37,6,Train/6/00006_00009_00021.png
1,10211,34,33,5,5,29,28,5,Train/5/00005_00059_00011.png
1,10658,30,31,6,6,24,25,6,Train/6/00006_00012_00008.png
1,11824,30,29,6,5,24,24,7,Train/7/00007_00037_00004.png
1,11467,31,30,6,5,26,25,7,Train/7/00007_00025_00007.png
1,4904,36,37,5,6,31,32,2,Train/2/00002_00070_00014.png
1,22632,63,63,6,6,58,58,14,Train/14/00014_00000_00012.png
1,20134,32,32,6,5,27,27,12,Train/12/00012_00059_00004.png
1,31061,75,68,7,7,68,62,28,Train/28/00028_00008_00011.png
1,930,28,30,5,6,23,25,1,Train/1/00001_00012_00000.png
1,37586,75,120,6,10,69,110,38,Train/38/00038_00052_00027.png
1,1672,56,54,6,5,51,49,1,Train/1/00001_00036_00022.png
1,28347,129,119,11,10,118,109,24,Train/24/00024_00004_00027.png
1,6528,49,49,6,6,44,44,4,Train/4/00004_00002_00018.png
1,33940,33,37,5,6,28,31,34,Train/34/00034_00005_00011.png
1,25813,68,60,7,5,62,54,18,Train/18/00018_00008_00013.png
1,16935,36,37,6,6,31,32,10,Train/10/00010_00063_00015.png
1,23970,27,27,5,5,22,22,15,Train/15/00015_00019_00000.png
1,10226,74,72,7,6,68,66,5,Train/5/00005_00059_00026.png
1,552,46,49,5,6,41,44,0,Train/0/00000_00006_00012.png
1,16196,55,58,6,6,50,52,10,Train/10/00010_00038_00026.png
1,22754,52,53,5,6,47,48,14,Train/14/00014_00004_00014.png
1,28219,55,51,6,6,50,46,24,Train/24/00024_00000_00019.png
1,32909,61,58,6,5,56,53,32,Train/32/00032_00001_00029.png
1,7225,82,81,7,8,75,74,4,Train/4/00004_00025_00025.png
1,31801,27,27,6,6,22,22,30,Train/30/00030_00006_00001.png
1,1432,56,69,5,7,51,63,1,Train/1/00001_00028_00022.png
1,10716,30,29,6,5,25,24,7,Train/7/00007_00000_00006.png
1,14365,103,106,9,10,94,96,9,Train/9/00009_00026_00025.png
1,19428,47,48,6,6,42,43,12,Train/12/00012_00035_00018.png
1,27742,141,132,12,12,129,121,23,Train/23/00023_00001_00022.png
1,10155,39,38,5,5,34,33,5,Train/5/00005_00057_00015.png
1,10022,28,28,6,6,23,23,5,Train/5/00005_00053_00002.png
1,33004,28,30,5,6,23,25,32,Train/32/00032_00005_00004.png
1,5933,49,50,5,6,44,45,3,Train/3/00003_00029_00023.png
1,29615,35,33,6,6,30,28,25,Train/25/00025_00038_00005.png
1,28213,37,35,5,6,32,29,24,Train/24/00024_00000_00013.png
1,25097,43,41,5,6,38,36,17,Train/17/00017_00021_00017.png
1,35189,27,27,6,5,22,22,35,Train/35/00035_00033_00000.png
1,8031,43,42,6,5,38,37,4,Train/4/00004_00052_00021.png
1,6695,31,31,6,6,25,26,4,Train/4/00004_00008_00005.png
1,9302,29,30,5,5,24,25,5,Train/5/00005_00029_00002.png
1,13574,43,42,5,5,38,37,9,Train/9/00009_00000_00014.png
1,21251,40,49,5,6,35,44,13,Train/13/00013_00026_00011.png
1,35008,130,131,11,11,119,120,35,Train/35/00035_00026_00029.png
1,6001,46,49,5,6,41,44,3,Train/3/00003_00032_00001.png
1,36963,33,33,5,5,28,28,38,Train/38/00038_00032_00004.png
1,15409,41,42,5,6,36,37,10,Train/10/00010_00012_00019.png
1,19131,57,62,5,5,52,57,12,Train/12/00012_00025_00021.png
1,37470,31,30,6,5,26,25,38,Train/38/00038_00049_00001.png
1,4148,31,29,6,6,26,24,2,Train/2/00002_00045_00008.png
1,36986,80,84,7,8,73,77,38,Train/38/00038_00032_00027.png
1,20382,40,39,6,6,35,34,12,Train/12/00012_00067_00012.png
1,34406,87,88,8,8,79,80,35,Train/35/00035_00006_00027.png
1,14522,34,35,5,6,28,29,9,Train/9/00009_00032_00002.png
1,35539,43,45,6,5,37,39,36,Train/36/00036_00004_00020.png
1,24149,62,56,6,5,57,51,16,Train/16/00016_00003_00029.png
1,38694,72,76,7,7,66,69,40,Train/40/00040_00010_00025.png
1,35006,104,106,10,10,95,97,35,Train/35/00035_00026_00027.png
1,7737,69,69,6,7,62,62,4,Train/4/00004_00042_00027.png
1,23543,53,56,5,6,48,50,15,Train/15/00015_00004_00023.png
1,16341,44,44,6,5,39,39,10,Train/10/00010_00043_00021.png
1,26164,68,61,6,5,61,55,18,Train/18/00018_00020_00004.png
1,35285,28,30,5,6,23,25,35,Train/35/00035_00036_00006.png
1,29063,108,100,10,9,99,92,25,Train/25/00025_00019_00023.png
1,24013,34,36,5,6,29,31,15,Train/15/00015_00020_00013.png
1,27807,139,132,12,12,127,121,23,Train/23/00023_00003_00027.png
1,25487,39,41,6,6,34,36,17,Train/17/00017_00034_00017.png
1,24289,82,82,8,8,75,75,16,Train/16/00016_00008_00019.png
1,25785,81,71,8,7,74,65,18,Train/18/00018_00007_00015.png
1,34087,33,39,6,6,27,33,34,Train/34/00034_00010_00008.png
1,8991,38,38,6,6,33,33,5,Train/5/00005_00018_00021.png
1,17140,46,41,6,5,40,35,11,Train/11/00011_00003_00010.png
1,10252,36,42,6,6,31,37,5,Train/5/00005_00060_00022.png
1,12033,26,28,5,6,21,23,7,Train/7/00007_00044_00003.png
1,13661,33,32,6,5,28,27,9,Train/9/00009_00003_00011.png
1,36939,44,43,6,5,39,38,38,Train/38/00038_00031_00010.png
1,25263,27,29,5,6,22,24,17,Train/17/00017_00027_00003.png
1,26620,35,35,5,6,30,30,18,Train/18/00018_00035_00010.png
1,11761,30,30,6,5,24,24,7,Train/7/00007_00035_00001.png
1,4970,38,39,5,5,33,34,2,Train/2/00002_00072_00020.png
1,4086,29,29,6,5,24,24,2,Train/2/00002_00043_00006.png
1,28007,60,55,5,5,55,50,23,Train/23/00023_00010_00017.png
1,11094,47,49,5,6,42,44,7,Train/7/00007_00012_00024.png
1,33377,93,92,9,9,85,84,33,Train/33/00033_00009_00017.png
1,35744,41,41,5,6,35,36,36,Train/36/00036_00011_00015.png
1,10187,39,38,6,5,33,32,5,Train/5/00005_00058_00017.png
1,19358,40,46,5,5,35,41,12,Train/12/00012_00033_00008.png
1,22697,48,48,6,6,43,43,14,Train/14/00014_00002_00017.png
1,22327,36,35,6,6,31,30,13,Train/13/00013_00062_00007.png
1,30249,36,35,6,6,30,29,26,Train/26/00026_00009_00009.png
1,4670,56,57,5,5,51,52,2,Train/2/00002_00062_00020.png
1,35407,39,39,5,5,34,34,36,Train/36/00036_00000_00008.png
1,27019,52,47,5,5,47,42,21,Train/21/00021_00001_00019.png
1,8226,32,33,6,6,27,28,4,Train/4/00004_00059_00006.png
1,37306,46,54,6,6,41,49,38,Train/38/00038_00043_00017.png
1,7278,40,40,5,5,35,35,4,Train/4/00004_00027_00018.png
1,14072,27,29,5,5,22,24,9,Train/9/00009_00017_00002.png
1,18710,64,70,5,6,59,64,12,Train/12/00012_00011_00020.png
1,28438,133,110,12,9,122,101,24,Train/24/00024_00007_00028.png
1,16995,32,32,5,6,27,27,10,Train/10/00010_00065_00015.png
1,3524,38,37,6,5,33,32,2,Train/2/00002_00024_00014.png
1,22971,65,66,6,6,60,60,14,Train/14/00014_00011_00021.png
1,25241,29,31,5,5,23,25,17,Train/17/00017_00026_00011.png
1,23874,61,69,6,6,56,63,15,Train/15/00015_00015_00024.png
1,21801,68,60,6,6,62,55,13,Train/13/00013_00044_00021.png
1,36028,119,112,11,10,109,103,38,Train/38/00038_00000_00029.png
1,2493,28,28,6,6,23,23,1,Train/1/00001_00064_00003.png
1,13099,44,47,6,6,39,41,8,Train/8/00008_00031_00019.png
1,32581,55,49,6,5,50,44,31,Train/31/00031_00017_00001.png
1,21599,172,172,15,15,158,158,13,Train/13/00013_00037_00029.png
1,6450,39,40,5,6,34,35,4,Train/4/00004_00000_00000.png
1,26574,119,109,11,10,109,100,18,Train/18/00018_00033_00024.png
1,35393,75,77,6,7,69,71,35,Train/35/00035_00039_00024.png
1,4723,33,34,5,6,28,29,2,Train/2/00002_00064_00013.png
1,26180,99,90,9,8,91,82,18,Train/18/00018_00020_00020.png
1,30813,38,35,6,6,33,30,28,Train/28/00028_00000_00003.png
1,16938,40,39,6,5,34,34,10,Train/10/00010_00063_00018.png
1,835,60,64,6,5,55,59,1,Train/1/00001_00008_00025.png
1,30496,46,39,6,5,41,34,26,Train/26/00026_00017_00016.png
1,28257,74,73,7,7,68,67,24,Train/24/00024_00001_00027.png
1,38844,58,61,5,5,53,56,41,Train/41/00041_00003_00025.png
1,14413,52,52,5,5,47,47,9,Train/9/00009_00028_00013.png
1,11689,52,54,5,5,46,48,7,Train/7/00007_00032_00019.png
1,32214,74,60,7,6,68,55,31,Train/31/00031_00004_00024.png
1,8034,50,50,6,6,45,45,4,Train/4/00004_00052_00024.png
1,16873,40,34,6,6,35,29,10,Train/10/00010_00061_00013.png
1,23566,35,36,5,5,30,30,15,Train/15/00015_00005_00016.png
1,16237,32,31,6,6,27,26,10,Train/10/00010_00040_00007.png
1,37681,40,44,6,6,35,38,38,Train/38/00038_00056_00002.png
1,26115,60,57,5,6,55,52,18,Train/18/00018_00018_00015.png
1,5800,33,34,5,5,28,29,3,Train/3/00003_00025_00010.png
1,30440,137,122,12,11,125,112,26,Train/26/00026_00015_00020.png
1,7435,69,69,7,6,63,63,4,Train/4/00004_00032_00025.png
1,11850,29,30,5,6,24,25,7,Train/7/00007_00038_00000.png
1,39061,29,27,6,6,23,22,42,Train/42/00042_00003_00002.png
1,33903,54,54,6,6,48,48,34,Train/34/00034_00004_00004.png
1,30845,39,36,5,6,34,31,28,Train/28/00028_00001_00005.png
1,18102,57,60,5,6,52,55,11,Train/11/00011_00035_00012.png
1,35172,38,37,6,5,32,31,35,Train/35/00035_00032_00013.png
1,2361,63,62,6,5,58,57,1,Train/1/00001_00059_00021.png
1,31037,76,65,7,6,70,59,28,Train/28/00028_00007_00017.png
1,33341,55,57,5,6,50,52,33,Train/33/00033_00008_00011.png
1,9939,36,36,6,6,31,31,5,Train/5/00005_00050_00009.png
1,27555,40,39,6,6,35,33,22,Train/22/00022_00008_00015.png
1,38957,46,46,6,6,41,41,41,Train/41/00041_00007_00018.png
1,7334,41,42,5,6,36,37,4,Train/4/00004_00029_00014.png
1,994,32,31,6,5,27,26,1,Train/1/00001_00014_00004.png
1,10222,53,52,6,6,48,47,5,Train/5/00005_00059_00022.png
1,27950,81,72,8,6,74,66,23,Train/23/00023_00008_00020.png
1,25851,45,42,6,6,40,36,18,Train/18/00018_00009_00021.png
1,10119,33,34,5,6,28,29,5,Train/5/00005_00056_00009.png
1,13497,62,65,5,6,57,60,8,Train/8/00008_00044_00027.png
1,4786,40,43,6,6,35,38,2,Train/2/00002_00066_00016.png
1,15302,32,33,5,6,27,28,10,Train/10/00010_00009_00002.png
1,11831,33,33,6,5,28,28,7,Train/7/00007_00037_00011.png
1,38878,73,74,6,7,67,68,41,Train/41/00041_00004_00029.png
1,18204,93,85,8,8,85,78,11,Train/11/00011_00038_00024.png
1,39052,39,41,5,6,34,36,42,Train/42/00042_00002_00023.png
1,7338,48,47,6,5,43,42,4,Train/4/00004_00029_00018.png
1,17090,92,85,8,7,84,78,11,Train/11/00011_00001_00020.png
1,31744,42,39,6,5,37,34,30,Train/30/00030_00004_00004.png
1,1750,40,42,5,5,35,37,1,Train/1/00001_00039_00010.png
1,15381,57,58,5,6,52,53,10,Train/10/00010_00011_00021.png
1,38786,68,71,7,7,62,65,41,Train/41/00041_00001_00027.png
1,478,94,93,8,9,86,85,0,Train/0/00000_00003_00028.png
1,38102,26,28,5,5,21,23,39,Train/39/00039_00001_00003.png
1,6089,95,100,9,9,86,92,3,Train/3/00003_00034_00029.png
1,31421,47,42,6,5,42,37,29,Train/29/00029_00002_00011.png
1,3143,51,46,5,5,46,41,2,Train/2/00002_00011_00023.png
1,6366,31,30,6,5,26,25,3,Train/3/00003_00044_00006.png
1,36118,72,73,7,7,65,67,38,Train/38/00038_00003_00029.png
1,37140,27,27,6,5,22,22,38,Train/38/00038_00038_00001.png
1,3376,44,45,5,6,39,40,2,Train/2/00002_00019_00016.png
1,20601,60,52,6,6,55,47,13,Train/13/00013_00004_00021.png
1,16144,30,27,6,5,24,22,10,Train/10/00010_00037_00004.png
1,16025,26,26,5,5,21,21,10,Train/10/00010_00033_00005.png
1,35672,27,29,6,6,22,24,36,Train/36/00036_00009_00003.png
1,3204,42,45,5,6,36,39,2,Train/2/00002_00013_00024.png
1,20021,40,40,6,6,35,35,12,Train/12/00012_00055_00011.png
1,30559,47,42,5,5,41,36,26,Train/26/00026_00019_00019.png
1,21345,40,37,6,6,35,32,13,Train/13/00013_00029_00015.png
1,32251,32,31,6,5,27,26,31,Train/31/00031_00006_00001.png
1,3467,40,42,5,5,35,36,2,Train/2/00002_00022_00017.png
1,10899,42,42,6,6,37,37,7,Train/7/00007_00006_00009.png
1,13776,31,31,6,6,26,26,9,Train/9/00009_00007_00006.png
1,23666,64,63,6,5,59,58,15,Train/15/00015_00008_00026.png
1,5091,43,42,6,5,38,37,3,Train/3/00003_00001_00021.png
1,4110,29,30,5,6,24,25,2,Train/2/00002_00044_00000.png
1,4527,82,83,7,8,75,76,2,Train/2/00002_00057_00027.png
1,15860,48,50,5,6,43,45,10,Train/10/00010_00027_00020.png
1,15929,57,52,5,5,52,47,10,Train/10/00010_00029_00029.png
1,14213,63,64,6,6,58,59,9,Train/9/00009_00021_00023.png
1,11633,38,39,5,5,33,34,7,Train/7/00007_00030_00023.png
1,22341,72,65,6,6,66,60,13,Train/13/00013_00062_00021.png
1,4169,75,75,6,6,69,69,2,Train/2/00002_00045_00029.png
1,9515,29,29,5,5,24,24,5,Train/5/00005_00036_00005.png
1,10902,43,43,5,5,38,38,7,Train/7/00007_00006_00012.png
1,19656,30,29,6,5,25,24,12,Train/12/00012_00043_00006.png
1,24896,34,38,6,5,29,33,17,Train/17/00017_00014_00026.png
1,13015,53,44,6,6,47,39,8,Train/8/00008_00028_00025.png
1,30058,50,44,6,6,45,39,26,Train/26/00026_00002_00028.png
1,30502,57,49,5,5,52,44,26,Train/26/00026_00017_00022.png
1,22783,56,57,5,6,51,52,14,Train/14/00014_00005_00013.png
1,3508,58,56,6,5,52,51,2,Train/2/00002_00023_00028.png
1,25738,158,144,14,12,145,132,18,Train/18/00018_00005_00028.png
1,30879,49,45,5,6,44,40,28,Train/28/00028_00002_00009.png
1,28981,31,33,5,6,26,28,25,Train/25/00025_00017_00001.png
1,5019,35,35,6,6,29,29,2,Train/2/00002_00074_00009.png
1,31679,53,46,5,5,48,41,30,Train/30/00030_00001_00029.png
1,27860,59,54,6,5,53,49,23,Train/23/00023_00005_00020.png
1,158,33,30,6,5,28,25,20,Train/20/00020_00005_00008.png
1,1922,43,43,6,6,38,38,1,Train/1/00001_00045_00002.png
1,8547,48,49,5,5,43,44,5,Train/5/00005_00003_00027.png
1,29819,129,119,12,10,118,109,25,Train/25/00025_00044_00029.png
1,17393,83,74,7,6,76,68,11,Train/11/00011_00011_00023.png
1,33468,40,40,5,6,35,35,33,Train/33/00033_00012_00018.png
1,4461,48,51,5,5,43,46,2,Train/2/00002_00055_00021.png
1,29406,36,36,6,5,31,31,25,Train/25/00025_00031_00006.png
1,8837,42,41,6,5,37,36,5,Train/5/00005_00013_00017.png
1,31724,57,51,6,6,52,46,30,Train/30/00030_00003_00014.png
1,12447,51,52,5,6,46,47,8,Train/8/00008_00009_00027.png
1,19609,41,41,6,6,36,36,12,Train/12/00012_00041_00019.png
1,12790,33,32,5,5,28,27,8,Train/8/00008_00021_00010.png
1,15030,37,37,6,5,32,32,10,Train/10/00010_00000_00000.png
1,34727,56,57,6,5,51,52,35,Train/35/00035_00017_00018.png
1,25395,40,42,6,5,34,36,17,Train/17/00017_00031_00015.png
1,13091,33,33,6,6,28,28,8,Train/8/00008_00031_00011.png
1,38320,36,37,5,6,30,32,39,Train/39/00039_00008_00011.png
1,21591,68,67,7,6,62,61,13,Train/13/00013_00037_00021.png
1,1236,36,38,5,6,30,32,1,Train/1/00001_00022_00006.png
1,21999,37,37,5,6,32,32,13,Train/13/00013_00051_00009.png
1,30103,48,43,6,6,43,38,26,Train/26/00026_00004_00013.png
1,12969,29,28,5,5,24,23,8,Train/8/00008_00027_00009.png
1,5621,37,38,5,5,32,33,3,Train/3/00003_00019_00011.png
1,2981,31,33,5,6,26,28,2,Train/2/00002_00006_00011.png
1,6959,62,70,5,7,57,64,4,Train/4/00004_00016_00029.png
1,36898,86,86,8,8,79,79,38,Train/38/00038_00029_00029.png
1,21405,37,34,6,6,32,29,13,Train/13/00013_00031_00015.png
1,450,27,28,5,6,22,23,0,Train/0/00000_00003_00000.png
1,29232,44,38,5,5,39,33,25,Train/25/00025_00025_00012.png
1,4768,154,154,14,14,141,141,2,Train/2/00002_00065_00028.png
1,9101,38,38,5,5,33,33,5,Train/5/00005_00022_00011.png
1,34760,43,45,6,6,38,40,35,Train/35/00035_00018_00021.png
1,13346,72,74,7,6,66,68,8,Train/8/00008_00039_00026.png
1,35036,45,45,6,5,40,40,35,Train/35/00035_00027_00027.png
1,10467,52,55,6,6,47,50,6,Train/6/00006_00005_00027.png
1,19551,70,69,7,6,64,63,12,Train/12/00012_00039_00021.png
1,18344,42,41,5,5,36,35,11,Train/11/00011_00043_00014.png
1,7569,36,35,6,5,31,30,4,Train/4/00004_00037_00009.png
1,35251,28,27,5,5,22,21,35,Train/35/00035_00035_00002.png
1,29505,71,60,7,5,65,55,25,Train/25/00025_00034_00015.png
1,34452,54,52,5,5,48,47,35,Train/35/00035_00008_00013.png
1,17994,105,94,10,8,96,85,11,Train/11/00011_00031_00024.png
1,14284,30,34,5,6,25,28,9,Train/9/00009_00024_00004.png
1,19926,98,97,9,9,89,89,12,Train/12/00012_00052_00006.png
1,22029,36,32,6,5,31,26,13,Train/13/00013_00052_00009.png
1,13759,42,42,5,6,37,37,9,Train/9/00009_00006_00019.png
1,23035,121,122,11,11,111,112,14,Train/14/00014_00013_00025.png
1,36085,76,76,6,6,70,70,38,Train/38/00038_00002_00026.png
1,24996,33,35,5,5,28,30,17,Train/17/00017_00018_00006.png
1,21824,92,91,9,8,84,83,13,Train/13/00013_00045_00014.png
1,32641,42,41,6,6,36,36,31,Train/31/00031_00019_00001.png
1,19055,34,35,5,6,29,30,12,Train/12/00012_00023_00005.png
1,12620,46,43,6,5,41,38,8,Train/8/00008_00015_00020.png
1,19868,35,36,6,5,30,31,12,Train/12/00012_00050_00008.png
1,8504,35,34,6,5,30,29,5,Train/5/00005_00002_00014.png
1,1217,39,39,6,5,34,34,1,Train/1/00001_00021_00017.png
1,3318,46,46,5,5,41,41,2,Train/2/00002_00017_00018.png
1,11102,32,32,6,6,27,26,7,Train/7/00007_00013_00002.png
1,31791,55,52,5,5,50,47,30,Train/30/00030_00005_00021.png
1,12116,41,42,5,5,36,37,7,Train/7/00007_00046_00026.png
1,12980,36,34,6,5,31,29,8,Train/8/00008_00027_00020.png
1,29416,47,45,5,6,42,40,25,Train/25/00025_00031_00016.png
1,15321,47,46,6,5,42,41,10,Train/10/00010_00009_00021.png
1,11551,29,31,5,5,24,26,7,Train/7/00007_00028_00001.png
1,8004,63,62,5,5,58,57,4,Train/4/00004_00051_00024.png
1,25458,33,33,6,5,28,28,17,Train/17/00017_00033_00018.png
1,38895,37,37,6,5,31,31,41,Train/41/00041_00005_00016.png
1,21622,74,69,6,6,68,63,13,Train/13/00013_00038_00022.png
1,13720,33,32,6,5,28,27,9,Train/9/00009_00005_00010.png
1,37122,46,48,6,6,41,43,38,Train/38/00038_00037_00013.png
1,1938,61,60,6,5,56,55,1,Train/1/00001_00045_00018.png
1,19075,62,60,5,6,57,55,12,Train/12/00012_00023_00025.png
1,30473,53,47,6,5,48,42,26,Train/26/00026_00016_00023.png
1,18590,55,54,5,6,50,49,12,Train/12/00012_00007_00020.png
1,15524,37,37,5,5,32,32,10,Train/10/00010_00016_00014.png
1,11841,46,46,5,6,40,40,7,Train/7/00007_00037_00021.png
1,21328,50,47,5,5,45,42,13,Train/13/00013_00028_00028.png
1,31495,79,74,7,7,72,68,29,Train/29/00029_00004_00025.png
1,17437,44,42,6,5,39,36,11,Train/11/00011_00013_00007.png
1,3166,69,62,7,5,62,57,2,Train/2/00002_00012_00016.png
1,3930,45,47,5,6,40,42,2,Train/2/00002_00038_00000.png
1,2340,31,33,5,5,26,28,1,Train/1/00001_00059_00000.png
1,553,48,51,6,6,43,45,0,Train/0/00000_00006_00013.png
1,32701,32,32,5,5,27,27,31,Train/31/00031_00021_00001.png
1,5128,69,74,6,7,63,68,3,Train/3/00003_00002_00028.png
1,19592,29,29,5,5,24,24,12,Train/12/00012_00041_00002.png
1,34821,53,52,6,5,48,47,35,Train/35/00035_00020_00022.png
1,34973,70,69,7,6,64,63,35,Train/35/00035_00025_00024.png
1,9881,39,39,6,5,34,34,5,Train/5/00005_00048_00011.png
1,3619,39,42,5,6,34,36,2,Train/2/00002_00027_00019.png
1,1415,32,36,6,5,27,31,1,Train/1/00001_00028_00005.png
1,13513,41,42,5,6,36,37,8,Train/8/00008_00045_00013.png
1,32749,43,42,6,5,38,37,31,Train/31/00031_00022_00019.png
1,28614,62,56,6,6,57,51,25,Train/25/00025_00004_00024.png
1,6668,33,32,6,5,28,27,4,Train/4/00004_00007_00008.png
1,13620,37,36,5,5,32,31,9,Train/9/00009_00002_00000.png
1,11524,28,29,5,5,23,24,7,Train/7/00007_00027_00004.png
1,5280,28,28,5,5,23,23,3,Train/3/00003_00008_00000.png
1,7602,38,38,5,5,33,33,4,Train/4/00004_00038_00012.png
1,14014,43,43,5,5,38,38,9,Train/9/00009_00015_00004.png
1,35805,44,42,5,5,39,37,37,Train/37/00037_00000_00016.png
1,7625,36,35,6,5,31,30,4,Train/4/00004_00039_00005.png
1,21699,64,58,5,5,59,53,13,Train/13/00013_00041_00009.png
1,3963,29,28,6,5,24,23,2,Train/2/00002_00039_00003.png
1,29223,36,35,5,6,31,30,25,Train/25/00025_00025_00003.png
1,15087,85,70,8,7,78,64,10,Train/10/00010_00001_00027.png
1,30651,69,63,6,6,63,57,27,Train/27/00027_00002_00021.png
1,11618,30,30,6,6,25,25,7,Train/7/00007_00030_00008.png
1,27739,121,112,10,10,110,103,23,Train/23/00023_00001_00019.png
1,8427,59,58,6,5,54,53,4,Train/4/00004_00065_00027.png
1,25676,113,103,10,9,104,94,18,Train/18/00018_00003_00026.png
1,30456,34,32,6,6,29,27,26,Train/26/00026_00016_00006.png
1,28247,65,69,6,7,60,63,24,Train/24/00024_00001_00017.png
1,35870,81,79,7,7,74,72,37,Train/37/00037_00002_00021.png
1,6800,45,46,6,6,40,41,4,Train/4/00004_00011_00020.png
1,16307,44,46,6,6,39,41,10,Train/10/00010_00042_00017.png
1,3673,46,45,6,5,41,40,2,Train/2/00002_00029_00013.png
1,10635,39,39,5,5,34,34,6,Train/6/00006_00011_00015.png
1,37475,32,33,5,6,27,28,38,Train/38/00038_00049_00006.png
1,47,44,42,5,6,39,37,20,Train/20/00020_00001_00017.png
1,10507,28,30,6,6,23,24,6,Train/6/00006_00007_00007.png
1,33101,27,29,5,6,22,24,33,Train/33/00033_00000_00011.png
1,28776,45,44,5,6,40,39,25,Train/25/00025_00010_00006.png
1,37676,97,95,9,8,89,87,38,Train/38/00038_00055_00027.png
1,23883,27,28,5,5,22,23,15,Train/15/00015_00016_00003.png
1,34000,36,35,6,5,31,30,34,Train/34/00034_00007_00011.png
1,863,55,53,6,5,50,48,1,Train/1/00001_00009_00023.png
1,14280,29,32,5,6,24,27,9,Train/9/00009_00024_00000.png
1,9055,42,40,5,5,37,35,5,Train/5/00005_00020_00025.png
1,16366,35,35,6,5,30,30,10,Train/10/00010_00044_00016.png
1,8103,35,32,6,5,30,27,4,Train/4/00004_00055_00003.png
1,33839,29,27,6,5,24,22,34,Train/34/00034_00002_00000.png
1,9297,60,57,6,6,55,52,5,Train/5/00005_00028_00027.png
1,29004,86,78,8,7,78,71,25,Train/25/00025_00017_00024.png
1,5590,39,39,6,6,34,34,3,Train/3/00003_00018_00010.png
1,4957,29,29,6,5,23,24,2,Train/2/00002_00072_00007.png
1,11827,30,32,5,6,24,26,7,Train/7/00007_00037_00007.png
1,24235,128,128,12,12,117,117,16,Train/16/00016_00006_00025.png
1,12290,46,45,5,5,41,40,8,Train/8/00008_00004_00020.png
1,25755,58,54,5,6,53,49,18,Train/18/00018_00006_00015.png
1,31230,35,34,5,5,30,29,28,Train/28/00028_00014_00000.png
1,21441,80,58,7,6,73,53,13,Train/13/00013_00032_00021.png
1,9688,68,72,6,6,61,66,5,Train/5/00005_00041_00028.png
1,704,31,32,5,6,26,27,1,Train/1/00001_00004_00014.png
1,3043,36,36,6,5,30,30,2,Train/2/00002_00008_00013.png
1,14119,40,39,6,6,34,33,9,Train/9/00009_00018_00019.png
1,10673,42,43,6,5,37,38,6,Train/6/00006_00012_00023.png
1,17773,41,38,5,6,36,33,11,Train/11/00011_00024_00013.png
1,8833,36,36,5,5,31,31,5,Train/5/00005_00013_00013.png
1,2716,53,53,6,6,48,48,1,Train/1/00001_00071_00016.png
1,27303,36,36,5,5,31,31,22,Train/22/00022_00000_00003.png
1,2003,61,60,6,5,56,55,1,Train/1/00001_00047_00023.png
1,6539,100,101,8,9,92,93,4,Train/4/00004_00002_00029.png
1,33847,32,30,5,5,26,25,34,Train/34/00034_00002_00008.png
1,17739,39,37,5,6,34,32,11,Train/11/00011_00023_00009.png
1,34175,40,40,6,6,35,35,34,Train/34/00034_00013_00006.png
1,1925,44,45,5,6,39,40,1,Train/1/00001_00045_00005.png
1,32423,48,50,5,6,43,45,31,Train/31/00031_00011_00023.png
1,22983,43,43,5,5,38,38,14,Train/14/00014_00012_00003.png
1,18154,34,36,5,6,28,31,11,Train/11/00011_00037_00004.png
1,30280,36,34,5,5,31,29,26,Train/26/00026_00010_00010.png
1,30192,38,34,6,5,32,29,26,Train/26/00026_00007_00012.png
1,4614,98,97,9,9,90,89,2,Train/2/00002_00060_00024.png
1,33181,31,30,6,5,26,25,33,Train/33/00033_00003_00001.png
1,34323,29,29,6,6,24,24,35,Train/35/00035_00004_00004.png
1,14033,43,43,5,5,38,38,9,Train/9/00009_00015_00023.png
1,16863,31,28,5,6,25,22,10,Train/10/00010_00061_00003.png
1,32296,44,41,5,6,38,36,31,Train/31/00031_00007_00016.png
1,1973,76,76,6,6,70,70,1,Train/1/00001_00046_00023.png
1,30782,34,32,5,6,29,27,27,Train/27/00027_00007_00002.png
1,26247,128,129,11,12,116,117,18,Train/18/00018_00022_00027.png
1,25179,33,35,5,6,27,30,17,Train/17/00017_00024_00009.png
1,19057,35,36,5,6,30,31,12,Train/12/00012_00023_00007.png
1,132,36,36,5,5,31,31,20,Train/20/00020_00004_00012.png
1,32357,55,50,6,5,50,45,31,Train/31/00031_00009_00017.png
1,4267,31,31,5,5,26,26,2,Train/2/00002_00049_00007.png
1,23446,39,85,6,7,33,78,15,Train/15/00015_00001_00016.png
1,27243,35,34,5,5,30,29,21,Train/21/00021_00009_00003.png
1,5350,34,34,6,6,29,29,3,Train/3/00003_00010_00010.png
1,9536,58,58,5,6,53,53,5,Train/5/00005_00036_00026.png
1,6038,30,32,6,6,25,27,3,Train/3/00003_00033_00008.png
1,12883,40,40,5,5,35,35,8,Train/8/00008_00024_00013.png
1,29780,67,61,6,6,61,56,25,Train/25/00025_00043_00020.png
1,5959,48,49,6,6,42,44,3,Train/3/00003_00030_00019.png
1,21669,41,39,6,6,36,34,13,Train/13/00013_00040_00009.png
1,11737,32,35,5,5,27,30,7,Train/7/00007_00034_00007.png
1,5733,29,29,5,5,24,24,3,Train/3/00003_00023_00003.png
1,24566,48,50,5,5,43,45,17,Train/17/00017_00003_00026.png
1,26762,68,59,6,6,62,53,19,Train/19/00019_00000_00002.png
1,23862,35,42,5,5,30,36,15,Train/15/00015_00015_00012.png
1,29978,34,35,5,5,29,29,26,Train/26/00026_00000_00008.png
1,12084,66,69,6,7,60,63,7,Train/7/00007_00045_00024.png
1,11559,33,34,5,5,28,29,7,Train/7/00007_00028_00009.png
1,18820,40,42,5,6,35,37,12,Train/12/00012_00015_00010.png
1,16238,32,31,5,5,27,26,10,Train/10/00010_00040_00008.png
1,26733,39,38,5,6,34,33,18,Train/18/00018_00039_00003.png
1,12196,39,41,5,6,34,36,8,Train/8/00008_00001_00016.png
1,25576,30,28,5,5,25,23,18,Train/18/00018_00000_00016.png
1,18291,62,56,5,5,57,51,11,Train/11/00011_00041_00021.png
1,39038,31,31,6,6,26,26,42,Train/42/00042_00002_00009.png
1,30361,29,27,6,5,23,21,26,Train/26/00026_00013_00001.png
1,38267,35,36,5,6,29,31,39,Train/39/00039_00006_00018.png
1,33462,38,38,5,6,33,33,33,Train/33/00033_00012_00012.png
1,22098,108,104,10,10,99,95,13,Train/13/00013_00054_00018.png
1,27380,65,61,6,5,60,56,22,Train/22/00022_00002_00020.png
1,27171,54,52,6,6,49,47,21,Train/21/00021_00006_00021.png
1,9772,55,59,5,5,50,53,5,Train/5/00005_00044_00022.png
1,6283,70,70,7,7,64,64,3,Train/3/00003_00041_00013.png
1,11163,35,36,6,5,30,31,7,Train/7/00007_00015_00003.png
1,23616,29,31,6,5,24,26,15,Train/15/00015_00007_00006.png
1,22370,51,47,6,5,46,42,13,Train/13/00013_00063_00020.png
1,12044,33,32,6,5,28,27,7,Train/7/00007_00044_00014.png
1,18698,44,43,6,5,39,38,12,Train/12/00012_00011_00008.png
1,19831,31,30,6,5,26,25,12,Train/12/00012_00049_00001.png
1,28271,59,57,5,5,54,51,24,Train/24/00024_00002_00011.png
1,11566,37,40,6,6,32,34,7,Train/7/00007_00028_00016.png
1,37700,71,73,7,6,65,67,38,Train/38/00038_00056_00021.png
1,9325,52,49,5,6,47,44,5,Train/5/00005_00029_00025.png
1,36685,60,63,6,6,54,58,38,Train/38/00038_00022_00026.png
1,17431,40,38,6,5,35,33,11,Train/11/00011_00013_00001.png
1,8405,27,29,5,6,22,24,4,Train/4/00004_00065_00005.png
1,25518,32,33,6,6,27,28,17,Train/17/00017_00035_00018.png
1,17184,99,98,8,8,91,90,11,Train/11/00011_00004_00024.png
1,19129,51,57,5,6,46,52,12,Train/12/00012_00025_00019.png
1,3583,38,40,5,6,33,35,2,Train/2/00002_00026_00013.png
1,6754,30,29,6,5,25,24,4,Train/4/00004_00010_00004.png
1,4056,29,29,6,5,24,23,2,Train/2/00002_00042_00006.png
1,3393,28,29,5,6,23,24,2,Train/2/00002_00020_00003.png
1,31718,47,40,6,5,42,35,30,Train/30/00030_00003_00008.png
1,37817,43,45,6,5,38,40,38,Train/38/00038_00060_00018.png
1,28649,151,136,13,12,138,125,25,Train/25/00025_00005_00029.png
1,22168,69,63,6,6,63,58,13,Train/13/00013_00056_00028.png
1,18352,48,48,5,6,42,43,11,Train/11/00011_00043_00022.png
1,24282,69,68,7,6,63,62,16,Train/16/00016_00008_00012.png
1,4103,50,47,6,5,44,42,2,Train/2/00002_00043_00023.png
1,27813,29,29,5,5,24,24,23,Train/23/00023_00004_00003.png
1,5517,42,42,5,5,37,37,3,Train/3/00003_00015_00027.png
1,30523,42,36,6,5,36,31,26,Train/26/00026_00018_00013.png
1,17215,108,96,9,8,98,87,11,Train/11/00011_00005_00025.png
1,3615,34,35,5,6,29,30,2,Train/2/00002_00027_00015.png
1,1788,53,56,5,5,48,51,1,Train/1/00001_00040_00018.png
1,8638,108,117,9,11,99,107,5,Train/5/00005_00006_00028.png
1,34564,34,36,5,6,28,30,35,Train/35/00035_00012_00005.png
1,36816,29,28,6,5,24,23,38,Train/38/00038_00027_00007.png
1,17485,88,76,8,6,81,70,11,Train/11/00011_00014_00025.png
1,16152,33,31,5,5,28,26,10,Train/10/00010_00037_00012.png
1,30719,83,83,8,8,76,76,27,Train/27/00027_00004_00029.png
1,31511,44,39,6,6,39,34,29,Train/29/00029_00005_00011.png
1,23212,93,98,9,9,85,90,14,Train/14/00014_00019_00022.png
1,7885,86,83,8,8,78,76,4,Train/4/00004_00047_00025.png
1,8353,35,34,6,5,30,29,4,Train/4/00004_00063_00013.png
1,19937,116,119,10,11,106,109,12,Train/12/00012_00052_00017.png
1,822,47,50,6,5,42,45,1,Train/1/00001_00008_00012.png
1,28571,87,77,8,7,79,71,25,Train/25/00025_00003_00011.png
1,11344,30,31,5,5,25,25,7,Train/7/00007_00021_00004.png
1,16026,27,27,6,6,21,22,10,Train/10/00010_00033_00006.png
1,15826,36,36,6,6,31,31,10,Train/10/00010_00026_00016.png
1,28043,105,93,9,8,96,85,23,Train/23/00023_00011_00023.png
1,9442,44,45,6,5,38,40,5,Train/5/00005_00033_00022.png
1,6331,29,29,6,5,24,24,3,Train/3/00003_00043_00001.png
1,18148,109,105,10,9,99,96,11,Train/11/00011_00036_00028.png
1,10079,50,50,5,6,45,45,5,Train/5/00005_00054_00029.png
1,15416,51,50,6,5,46,45,10,Train/10/00010_00012_00026.png
1,4396,40,38,6,5,35,33,2,Train/2/00002_00053_00016.png
1,9700,35,37,5,6,30,32,5,Train/5/00005_00042_00010.png
1,7844,38,38,5,5,33,33,4,Train/4/00004_00046_00014.png
1,6720,31,30,6,5,26,25,4,Train/4/00004_00009_00000.png
1,24653,52,55,5,5,47,50,17,Train/17/00017_00006_00023.png
1,24019,45,45,5,6,40,40,15,Train/15/00015_00020_00019.png
1,32757,72,73,6,7,66,67,31,Train/31/00031_00022_00027.png
1,19149,36,35,6,5,31,30,12,Train/12/00012_00026_00009.png
1,9390,26,26,6,6,21,21,5,Train/5/00005_00032_00000.png
1,24543,28,29,5,5,23,24,17,Train/17/00017_00003_00003.png
1,36366,26,28,5,6,21,22,38,Train/38/00038_00012_00007.png
1,19011,56,59,5,6,51,54,12,Train/12/00012_00021_00021.png
1,18508,36,31,6,6,30,26,12,Train/12/00012_00004_00028.png
1,5368,124,130,11,11,114,119,3,Train/3/00003_00010_00028.png
1,29809,58,54,6,5,53,49,25,Train/25/00025_00044_00019.png
1,29413,42,39,5,5,37,34,25,Train/25/00025_00031_00013.png
1,5973,28,30,6,6,23,25,3,Train/3/00003_00031_00003.png
1,22762,87,88,7,7,80,81,14,Train/14/00014_00004_00022.png
1,26911,31,31,5,6,26,26,19,Train/19/00019_00005_00001.png
1,25011,38,40,5,5,33,35,17,Train/17/00017_00018_00021.png
1,4830,29,30,5,6,24,25,2,Train/2/00002_00068_00000.png
1,24778,50,52,6,6,45,47,17,Train/17/00017_00010_00028.png
1,32793,32,30,6,6,27,25,31,Train/31/00031_00024_00003.png
1,17201,58,51,5,5,53,46,11,Train/11/00011_00005_00011.png
1,960,42,42,5,5,37,37,1,Train/1/00001_00013_00000.png
1,34029,36,37,6,6,31,32,34,Train/34/00034_00008_00010.png
1,5051,33,32,6,5,28,27,3,Train/3/00003_00000_00011.png
1,14629,51,52,5,6,45,46,9,Train/9/00009_00035_00019.png
1,11567,37,40,6,6,32,34,7,Train/7/00007_00028_00017.png
1,25731,122,112,11,10,112,103,18,Train/18/00018_00005_00021.png
1,19958,48,42,5,6,42,37,12,Train/12/00012_00053_00008.png
1,21217,37,36,5,6,32,31,13,Train/13/00013_00025_00007.png
1,28624,36,35,5,6,30,29,25,Train/25/00025_00005_00004.png
1,37846,40,42,5,6,35,37,38,Train/38/00038_00061_00017.png
1,8813,64,65,5,6,59,60,5,Train/5/00005_00012_00023.png
1,37969,42,42,6,5,37,37,38,Train/38/00038_00065_00020.png
1,21825,95,95,9,9,87,87,13,Train/13/00013_00045_00015.png
1,19959,48,42,6,6,43,37,12,Train/12/00012_00053_00009.png
1,20191,37,41,6,6,32,36,12,Train/12/00012_00061_00001.png
1,33726,36,39,5,5,30,33,33,Train/33/00033_00021_00007.png
1,7522,57,60,5,6,52,55,4,Train/4/00004_00035_00022.png
1,1440,33,34,6,5,28,29,1,Train/1/00001_00029_00000.png
1,6133,35,37,6,6,30,32,3,Train/3/00003_00036_00013.png
1,5756,85,86,8,8,78,79,3,Train/3/00003_00023_00026.png
1,17318,52,47,6,6,46,41,11,Train/11/00011_00009_00008.png
1,30994,42,39,6,6,37,34,28,Train/28/00028_00006_00004.png
1,17238,41,37,6,5,36,32,11,Train/11/00011_00006_00018.png
1,15093,32,32,5,6,27,27,10,Train/10/00010_00002_00003.png
1,12658,61,58,6,5,56,53,8,Train/8/00008_00016_00028.png
1,24410,43,45,6,6,38,40,16,Train/16/00016_00012_00020.png
1,32129,86,80,8,7,79,73,31,Train/31/00031_00001_00029.png
1,223,30,30,5,5,25,25,20,Train/20/00020_00007_00013.png
1,16174,29,29,5,6,24,24,10,Train/10/00010_00038_00004.png
1,15174,49,50,5,6,44,45,10,Train/10/00010_00004_00024.png
1,15177,55,57,5,6,50,52,10,Train/10/00010_00004_00027.png
1,31762,82,74,7,7,75,68,30,Train/30/00030_00004_00022.png
1,12264,54,54,5,5,49,49,8,Train/8/00008_00003_00024.png
1,6334,29,30,5,5,24,25,3,Train/3/00003_00043_00004.png
1,33188,35,35,6,6,30,30,33,Train/33/00033_00003_00008.png
1,1518,49,48,6,5,44,43,1,Train/1/00001_00031_00018.png
1,14294,38,41,5,5,33,36,9,Train/9/00009_00024_00014.png
1,2835,38,38,5,5,33,33,2,Train/2/00002_00001_00015.png
1,311,40,37,5,6,35,32,20,Train/20/00020_00010_00011.png
1,36235,83,85,8,8,76,78,38,Train/38/00038_00007_00026.png
1,21249,38,46,5,5,33,41,13,Train/13/00013_00026_00009.png
1,33440,59,59,5,5,54,54,33,Train/33/00033_00011_00020.png
1,35690,46,48,5,6,40,42,36,Train/36/00036_00009_00021.png
1,8495,30,27,6,6,24,22,5,Train/5/00005_00002_00005.png
1,22743,40,41,6,6,35,36,14,Train/14/00014_00004_00003.png
1,7342,58,58,6,6,53,53,4,Train/4/00004_00029_00022.png
1,14214,63,67,5,6,58,61,9,Train/9/00009_00021_00024.png
1,27364,34,34,5,6,29,29,22,Train/22/00022_00002_00004.png
1,10537,27,30,5,5,22,24,6,Train/6/00006_00008_00007.png
1,24221,87,86,8,7,80,79,16,Train/16/00016_00006_00011.png
1,691,41,42,5,6,36,37,1,Train/1/00001_00004_00001.png
1,24136,41,42,5,5,36,37,16,Train/16/00016_00003_00016.png
1,20057,49,48,6,5,43,42,12,Train/12/00012_00056_00017.png
1,805,95,92,9,9,86,84,1,Train/1/00001_00007_00025.png
1,28374,57,54,6,5,52,48,24,Train/24/00024_00005_00024.png
1,5665,51,51,6,5,46,46,3,Train/3/00003_00020_00025.png
1,28073,49,48,6,6,43,43,23,Train/23/00023_00012_00023.png
1,15888,40,40,6,6,35,35,10,Train/10/00010_00028_00018.png
1,35085,47,50,5,6,42,44,35,Train/35/00035_00029_00016.png
1,23136,31,32,6,6,26,26,14,Train/14/00014_00017_00006.png
1,13705,53,53,5,5,48,48,9,Train/9/00009_00004_00025.png
1,33706,48,49,6,6,43,43,33,Train/33/00033_00020_00017.png
1,979,58,60,5,5,52,54,1,Train/1/00001_00013_00019.png
1,37427,30,31,5,6,25,26,38,Train/38/00038_00047_00018.png
1,9034,29,29,6,6,24,24,5,Train/5/00005_00020_00004.png
1,37046,71,79,7,7,65,72,38,Train/38/00038_00034_00027.png
1,14359,77,77,6,7,70,71,9,Train/9/00009_00026_00019.png
1,37380,29,28,6,6,24,23,38,Train/38/00038_00046_00001.png
1,8454,58,59,6,5,53,54,5,Train/5/00005_00000_00024.png
1,30196,39,36,5,5,34,31,26,Train/26/00026_00007_00016.png
1,20467,29,30,5,6,24,25,13,Train/13/00013_00000_00007.png
1,37202,43,47,6,6,38,42,38,Train/38/00038_00040_00003.png
1,16398,49,50,6,5,44,45,10,Train/10/00010_00045_00018.png
1,22094,92,87,8,7,84,79,13,Train/13/00013_00054_00014.png
1,3253,64,70,5,7,58,63,2,Train/2/00002_00015_00013.png
1,3880,35,35,5,6,30,30,2,Train/2/00002_00036_00010.png
1,4721,32,33,5,6,27,28,2,Train/2/00002_00064_00011.png
1,4398,42,41,6,5,36,35,2,Train/2/00002_00053_00018.png
1,19575,51,51,5,5,46,46,12,Train/12/00012_00040_00015.png
1,17889,29,44,6,6,23,38,11,Train/11/00011_00028_00009.png
1,1732,41,42,6,5,36,37,1,Train/1/00001_00038_00022.png
1,21300,47,46,5,6,42,41,13,Train/13/00013_00028_00000.png
1,3933,46,48,5,5,41,43,2,Train/2/00002_00038_00003.png
1,16226,60,63,5,6,54,58,10,Train/10/00010_00039_00026.png
1,15703,43,45,5,5,38,40,10,Train/10/00010_00022_00013.png
1,34373,57,58,6,6,52,53,35,Train/35/00035_00005_00024.png
1,22505,57,50,6,6,52,45,13,Train/13/00013_00068_00005.png
1,970,48,49,5,6,43,44,1,Train/1/00001_00013_00010.png
1,25838,33,32,5,6,28,26,18,Train/18/00018_00009_00008.png
1,27223,57,48,5,5,52,43,21,Train/21/00021_00008_00013.png
1,4000,31,30,6,5,26,25,2,Train/2/00002_00040_00010.png
1,23016,45,46,6,6,40,41,14,Train/14/00014_00013_00006.png
1,36921,40,44,6,5,35,39,38,Train/38/00038_00030_00022.png
1,27603,29,30,5,6,24,25,22,Train/22/00022_00010_00003.png
1,1756,50,54,5,5,45,49,1,Train/1/00001_00039_00016.png
1,26356,55,53,5,6,50,48,18,Train/18/00018_00026_00016.png
1,6022,83,87,7,8,75,80,3,Train/3/00003_00032_00022.png
1,34702,76,80,6,8,70,73,35,Train/35/00035_00016_00023.png
1,20389,52,50,5,6,47,45,12,Train/12/00012_00067_00019.png
1,26595,47,42,6,6,41,36,18,Train/18/00018_00034_00015.png
1,23597,44,42,6,6,38,37,15,Train/15/00015_00006_00017.png
1,345,40,38,5,6,34,33,20,Train/20/00020_00011_00015.png
1,29740,40,38,6,5,35,33,25,Train/25/00025_00042_00010.png
1,26315,39,36,6,5,34,31,18,Train/18/00018_00025_00005.png
1,6912,36,35,5,5,31,30,4,Train/4/00004_00015_00012.png
1,10227,83,82,7,7,76,75,5,Train/5/00005_00059_00027.png
1,23168,51,52,5,5,46,47,14,Train/14/00014_00018_00008.png
1,20374,34,35,6,6,29,30,12,Train/12/00012_00067_00004.png
1,25422,33,32,5,5,28,27,17,Train/17/00017_00032_00012.png
1,16002,37,32,6,6,32,27,10,Train/10/00010_00032_00012.png
1,5636,46,43,6,5,41,38,3,Train/3/00003_00019_00026.png
1,19911,47,48,6,6,41,42,12,Train/12/00012_00051_00021.png
1,2164,53,56,5,5,48,51,1,Train/1/00001_00053_00004.png
1,25514,31,31,6,6,26,26,17,Train/17/00017_00035_00014.png
1,13067,35,34,6,6,30,29,8,Train/8/00008_00030_00017.png
1,36536,62,61,6,6,57,56,38,Train/38/00038_00017_00027.png
1,24211,74,73,7,6,68,67,16,Train/16/00016_00006_00001.png
1,25831,31,27,6,5,26,22,18,Train/18/00018_00009_00001.png
1,25098,45,41,6,5,40,36,17,Train/17/00017_00021_00018.png
1,4501,27,27,6,5,22,22,2,Train/2/00002_00057_00001.png
1,22428,55,48,6,5,50,43,13,Train/13/00013_00065_00018.png
1,18992,38,41,5,6,33,36,12,Train/12/00012_00021_00002.png
1,19052,32,32,6,6,27,27,12,Train/12/00012_00023_00002.png
1,28266,58,56,5,6,53,51,24,Train/24/00024_00002_00006.png
1,9316,38,38,6,5,33,33,5,Train/5/00005_00029_00016.png
1,11462,28,29,5,6,23,24,7,Train/7/00007_00025_00002.png
1,310,40,35,6,5,35,30,20,Train/20/00020_00010_00010.png
1,33002,27,26,6,5,22,21,32,Train/32/00032_00005_00002.png
1,32744,35,34,6,5,30,29,31,Train/31/00031_00022_00014.png
1,33572,36,38,6,5,31,33,33,Train/33/00033_00016_00002.png
1,15338,33,35,5,6,28,29,10,Train/10/00010_00010_00008.png
1,1240,39,40,6,5,34,34,1,Train/1/00001_00022_00010.png
1,3607,29,30,5,6,24,25,2,Train/2/00002_00027_00007.png
1,27811,30,29,5,5,25,24,23,Train/23/00023_00004_00001.png
1,1812,50,50,5,5,45,45,1,Train/1/00001_00041_00012.png
1,35713,35,37,5,6,30,32,36,Train/36/00036_00010_00014.png
1,23004,56,55,6,5,51,50,14,Train/14/00014_00012_00024.png
1,35111,32,33,5,5,27,27,35,Train/35/00035_00030_00012.png
1,33789,37,43,5,5,31,38,34,Train/34/00034_00000_00010.png
1,36859,30,33,5,6,25,28,38,Train/38/00038_00028_00020.png
1,28125,86,76,8,6,79,70,23,Train/23/00023_00014_00015.png
1,10248,35,38,6,6,29,33,5,Train/5/00005_00060_00018.png
1,30635,36,33,5,5,31,28,27,Train/27/00027_00002_00005.png
1,31597,44,43,5,6,39,38,29,Train/29/00029_00008_00007.png
1,21222,43,39,5,5,37,34,13,Train/13/00013_00025_00012.png
1,19963,51,46,6,6,46,41,12,Train/12/00012_00053_00013.png
1,8393,47,47,5,6,42,41,4,Train/4/00004_00064_00023.png
1,7239,42,43,5,6,37,38,4,Train/4/00004_00026_00009.png
1,4852,53,53,5,5,48,48,2,Train/2/00002_00068_00022.png
1,1854,72,73,6,6,66,67,1,Train/1/00001_00042_00024.png
1,34582,52,52,5,5,47,47,35,Train/35/00035_00012_00023.png
1,19185,48,49,5,6,43,44,12,Train/12/00012_00027_00015.png
1,11215,97,97,9,9,89,89,7,Train/7/00007_00016_00025.png
1,20240,56,57,5,6,51,52,12,Train/12/00012_00062_00020.png
1,4264,30,30,5,5,25,25,2,Train/2/00002_00049_00004.png
1,32207,49,45,5,6,44,40,31,Train/31/00031_00004_00017.png
1,3311,37,38,6,6,31,32,2,Train/2/00002_00017_00011.png
1,25024,35,38,5,6,30,33,17,Train/17/00017_00019_00004.png
1,15418,52,53,5,6,47,48,10,Train/10/00010_00012_00028.png
1,502,81,88,7,8,74,80,0,Train/0/00000_00004_00022.png
1,17774,44,40,6,5,39,35,11,Train/11/00011_00024_00014.png
1,17614,34,30,5,6,29,25,11,Train/11/00011_00019_00004.png
1,20290,33,37,6,6,28,32,12,Train/12/00012_00064_00010.png
1,23656,49,49,6,6,44,44,15,Train/15/00015_00008_00016.png
1,3123,28,28,5,6,22,22,2,Train/2/00002_00011_00003.png
1,946,43,43,6,5,38,38,1,Train/1/00001_00012_00016.png
1,6940,31,36,5,6,26,30,4,Train/4/00004_00016_00010.png
1,24635,31,33,5,6,26,28,17,Train/17/00017_00006_00005.png
1,16027,28,27,6,5,23,21,10,Train/10/00010_00033_00007.png
1,36480,41,48,6,5,36,43,38,Train/38/00038_00016_00001.png
1,36489,45,54,5,6,40,49,38,Train/38/00038_00016_00010.png
1,2601,58,59,5,6,53,54,1,Train/1/00001_00067_00021.png
1,29481,63,58,6,6,58,53,25,Train/25/00025_00033_00021.png
1,28688,64,57,5,5,59,52,25,Train/25/00025_00007_00008.png
1,28813,76,82,6,7,70,75,25,Train/25/00025_00011_00013.png
1,13224,53,52,6,5,48,47,8,Train/8/00008_00035_00024.png
1,27702,36,36,6,6,30,30,23,Train/23/00023_00000_00012.png
1,4972,42,45,6,6,36,39,2,Train/2/00002_00072_00022.png
1,8657,42,41,6,5,37,36,5,Train/5/00005_00007_00017.png
1,4486,42,42,6,6,37,37,2,Train/2/00002_00056_00016.png
1,6168,44,46,6,5,39,41,3,Train/3/00003_00037_00018.png
1,15519,34,33,6,5,29,28,10,Train/10/00010_00016_00009.png
1,34278,40,40,6,5,35,35,35,Train/35/00035_00002_00019.png
1,8735,31,33,5,5,26,27,5,Train/5/00005_00010_00005.png
1,28943,100,88,9,7,92,81,25,Train/25/00025_00015_00023.png
1,32244,55,53,6,6,50,48,31,Train/31/00031_00005_00024.png
1,26425,74,83,7,8,68,76,18,Train/18/00018_00028_00025.png
1,13589,67,62,6,5,61,57,9,Train/9/00009_00000_00029.png
1,14412,53,54,5,6,48,49,9,Train/9/00009_00028_00012.png
1,21910,57,54,5,5,52,49,13,Train/13/00013_00048_00010.png
1,29227,38,36,5,5,33,31,25,Train/25/00025_00025_00007.png
1,38087,117,118,11,11,107,108,39,Train/39/00039_00000_00018.png
1,21485,36,34,6,6,31,29,13,Train/13/00013_00034_00005.png
1,14207,48,48,6,6,43,43,9,Train/9/00009_00021_00017.png
1,28322,32,28,6,5,27,23,24,Train/24/00024_00004_00002.png
1,5139,37,37,6,5,31,31,3,Train/3/00003_00003_00009.png
1,7624,34,33,6,5,29,28,4,Train/4/00004_00039_00004.png
1,28360,31,30,6,6,25,24,24,Train/24/00024_00005_00010.png
1,9932,31,30,6,5,26,25,5,Train/5/00005_00050_00002.png
1,32340,35,36,5,5,30,31,31,Train/31/00031_00009_00000.png
1,9906,32,34,5,6,27,29,5,Train/5/00005_00049_00006.png
1,1933,52,51,6,5,47,46,1,Train/1/00001_00045_00013.png
1,36485,42,50,5,5,37,45,38,Train/38/00038_00016_00006.png
1,36999,31,34,6,5,26,29,38,Train/38/00038_00033_00010.png
1,12267,63,65,5,6,58,60,8,Train/8/00008_00003_00027.png
1,18562,70,70,6,6,64,64,12,Train/12/00012_00006_00022.png
1,21948,53,47,6,5,48,42,13,Train/13/00013_00049_00018.png
1,37991,39,40,6,6,34,35,38,Train/38/00038_00066_00012.png
1,37506,35,36,6,5,30,31,38,Train/38/00038_00050_00007.png
1,38233,44,43,6,5,39,38,39,Train/39/00039_00005_00014.png
1,7354,32,33,5,6,27,28,4,Train/4/00004_00030_00004.png
1,34140,29,29,6,5,24,24,34,Train/34/00034_00012_00001.png
1,7546,46,47,5,6,41,42,4,Train/4/00004_00036_00016.png
1,7742,28,28,6,6,23,23,4,Train/4/00004_00043_00002.png
1,23235,63,70,5,7,58,64,14,Train/14/00014_00020_00015.png
1,14639,153,151,14,13,140,138,9,Train/9/00009_00035_00029.png
1,1106,75,77,7,7,69,71,1,Train/1/00001_00017_00026.png
1,13375,49,49,5,5,44,44,8,Train/8/00008_00040_00025.png
1,24590,28,28,5,5,23,23,17,Train/17/00017_00004_00020.png
1,3961,27,27,5,5,22,22,2,Train/2/00002_00039_00001.png
1,11185,63,72,6,7,58,66,7,Train/7/00007_00015_00025.png
1,12018,41,41,6,5,36,36,7,Train/7/00007_00043_00018.png
1,6565,60,60,6,5,55,54,4,Train/4/00004_00003_00025.png
1,15458,34,34,5,5,29,29,10,Train/10/00010_00014_00008.png
1,30325,113,103,10,9,104,94,26,Train/26/00026_00011_00025.png
1,23576,57,55,6,5,51,50,15,Train/15/00015_00005_00026.png
1,24624,51,53,5,6,46,47,17,Train/17/00017_00005_00024.png
1,21843,33,40,6,5,28,35,13,Train/13/00013_00046_00003.png
1,14745,41,41,5,5,36,36,9,Train/9/00009_00039_00015.png
1,6517,35,36,6,6,30,30,4,Train/4/00004_00002_00007.png
1,15306,33,34,5,6,28,29,10,Train/10/00010_00009_00006.png
1,38421,60,61,6,6,55,55,40,Train/40/00040_00001_00022.png
1,32034,53,49,5,6,48,44,30,Train/30/00030_00013_00024.png
1,14874,62,61,6,6,56,55,9,Train/9/00009_00043_00024.png
1,22809,38,38,5,5,33,32,14,Train/14/00014_00006_00009.png
1,21254,43,54,5,5,38,49,13,Train/13/00013_00026_00014.png
1,20697,65,60,6,6,60,55,13,Train/13/00013_00007_00027.png
1,30048,40,37,6,6,35,32,26,Train/26/00026_00002_00018.png
1,32021,38,34,5,6,33,29,30,Train/30/00030_00013_00011.png
1,33067,31,31,6,6,26,26,32,Train/32/00032_00007_00007.png
1,11667,56,57,6,6,51,52,7,Train/7/00007_00031_00027.png
1,5711,33,34,5,5,28,29,3,Train/3/00003_00022_00011.png
1,12855,41,40,6,5,36,35,8,Train/8/00008_00023_00015.png
1,7646,82,83,7,8,75,76,4,Train/4/00004_00039_00026.png
1,10998,37,37,6,5,32,32,7,Train/7/00007_00009_00018.png
1,3732,35,37,5,5,30,32,2,Train/2/00002_00031_00012.png
1,36110,51,53,6,6,46,48,38,Train/38/00038_00003_00021.png
1,15854,39,41,6,6,34,36,10,Train/10/00010_00027_00014.png
1,29900,117,104,11,9,107,95,25,Train/25/00025_00047_00020.png
1,6592,88,87,7,8,81,80,4,Train/4/00004_00004_00022.png
1,637,50,50,6,5,45,45,1,Train/1/00001_00002_00007.png
1,31725,60,55,5,6,55,50,30,Train/30/00030_00003_00015.png
1,33145,70,71,6,6,64,65,33,Train/33/00033_00001_00025.png
1,15979,43,41,6,5,38,36,10,Train/10/00010_00031_00019.png
1,19467,129,129,12,12,118,118,12,Train/12/00012_00036_00027.png
1,15268,107,107,9,9,98,98,10,Train/10/00010_00007_00028.png
1,21662,33,29,5,5,28,24,13,Train/13/00013_00040_00002.png
1,16265,27,27,6,5,22,21,10,Train/10/00010_00041_00005.png
1,3682,70,68,6,6,63,62,2,Train/2/00002_00029_00022.png
1,27696,29,28,6,5,24,23,23,Train/23/00023_00000_00006.png
1,35814,50,51,5,6,45,45,37,Train/37/00037_00000_00025.png
1,33442,69,69,7,7,63,63,33,Train/33/00033_00011_00022.png
1,14592,35,33,6,5,30,28,9,Train/9/00009_00034_00012.png
1,879,34,33,6,5,29,28,1,Train/1/00001_00010_00009.png
1,31046,99,86,9,8,91,79,28,Train/28/00028_00007_00026.png
1,34460,71,69,6,6,65,63,35,Train/35/00035_00008_00021.png
1,7424,40,41,6,6,35,36,4,Train/4/00004_00032_00014.png
1,20521,38,36,6,5,33,31,13,Train/13/00013_00002_00001.png
1,13888,105,98,10,8,96,90,9,Train/9/00009_00010_00028.png
1,527,43,43,5,6,38,37,0,Train/0/00000_00005_00017.png
1,6425,31,29,6,5,26,24,3,Train/3/00003_00046_00005.png
1,11193,34,33,6,5,29,28,7,Train/7/00007_00016_00003.png
1,26953,47,43,5,5,42,38,19,Train/19/00019_00006_00013.png
1,10270,31,31,6,6,25,25,5,Train/5/00005_00061_00010.png
1,15460,37,37,6,6,32,32,10,Train/10/00010_00014_00010.png
1,24306,31,30,6,5,26,25,16,Train/16/00016_00009_00006.png
1,29237,53,47,6,6,48,42,25,Train/25/00025_00025_00017.png
1,35043,29,29,5,5,23,24,35,Train/35/00035_00028_00004.png
1,28379,125,119,11,11,115,109,24,Train/24/00024_00005_00029.png
1,2273,72,75,6,7,66,69,1,Train/1/00001_00056_00023.png
1,4666,48,49,6,6,43,44,2,Train/2/00002_00062_00016.png
1,32625,54,49,5,6,49,44,31,Train/31/00031_00018_00015.png
1,15596,75,76,6,7,69,70,10,Train/10/00010_00018_00026.png
1,21938,38,33,6,6,32,27,13,Train/13/00013_00049_00008.png
1,28976,74,72,6,6,67,66,25,Train/25/00025_00016_00026.png
1,6825,41,42,5,6,36,37,4,Train/4/00004_00012_00015.png
1,26331,75,72,7,7,69,65,18,Train/18/00018_00025_00021.png
1,28455,47,50,6,6,42,45,24,Train/24/00024_00008_00015.png
1,17772,42,37,6,5,37,32,11,Train/11/00011_00024_00012.png
1,3568,84,84,7,7,77,77,2,Train/2/00002_00025_00028.png
1,33811,28,29,5,5,23,24,34,Train/34/00034_00001_00002.png
1,2692,100,98,9,8,92,90,1,Train/1/00001_00070_00022.png
1,29144,58,54,6,6,53,49,25,Train/25/00025_00022_00014.png
1,31590,39,36,6,5,34,31,29,Train/29/00029_00008_00000.png
1,30518,33,30,6,5,28,25,26,Train/26/00026_00018_00008.png
1,20608,130,117,11,11,119,107,13,Train/13/00013_00004_00028.png
1,1603,40,40,6,6,35,35,1,Train/1/00001_00034_00013.png
1,11995,65,64,6,6,60,59,7,Train/7/00007_00042_00025.png
1,21545,40,39,6,6,35,34,13,Train/13/00013_00036_00005.png
1,15101,37,34,6,5,31,28,10,Train/10/00010_00002_00011.png
1,37647,94,103,9,9,86,94,38,Train/38/00038_00054_00028.png
1,19288,55,54,5,6,50,49,12,Train/12/00012_00030_00028.png
1,5858,30,32,6,6,25,27,3,Train/3/00003_00027_00008.png
1,1267,38,36,5,6,32,31,1,Train/1/00001_00023_00007.png
1,26143,54,53,6,5,49,48,18,Train/18/00018_00019_00013.png
1,32770,35,36,5,6,30,31,31,Train/31/00031_00023_00010.png
1,11069,85,86,8,8,78,79,7,Train/7/00007_00011_00029.png
1,33393,29,27,6,5,23,22,33,Train/33/00033_00010_00003.png
1,12709,46,49,5,6,41,44,8,Train/8/00008_00018_00019.png
1,36137,41,45,6,6,36,40,38,Train/38/00038_00004_00018.png
1,35841,62,62,5,5,57,57,37,Train/37/00037_00001_00022.png
1,15508,104,107,9,9,95,98,10,Train/10/00010_00015_00028.png
1,5952,35,35,6,5,30,30,3,Train/3/00003_00030_00012.png
1,38044,29,30,5,5,24,25,38,Train/38/00038_00068_00005.png
1,32549,93,85,8,8,85,78,31,Train/31/00031_00015_00029.png
1,23645,39,39,6,6,34,34,15,Train/15/00015_00008_00005.png
1,10823,64,68,6,6,59,62,7,Train/7/00007_00003_00023.png
1,26647,49,48,5,5,44,42,18,Train/18/00018_00036_00007.png
1,33451,34,31,5,6,28,26,33,Train/33/00033_00012_00001.png
1,19464,95,95,9,9,87,87,12,Train/12/00012_00036_00024.png
1,36056,82,105,8,10,75,96,38,Train/38/00038_00001_00027.png
1,34862,37,37,5,5,32,32,35,Train/35/00035_00022_00003.png
1,6037,30,32,6,6,25,27,3,Train/3/00003_00033_00007.png
1,7084,29,32,6,6,24,27,4,Train/4/00004_00021_00004.png
1,31807,30,31,5,6,25,26,30,Train/30/00030_00006_00007.png
1,5653,38,38,6,6,33,33,3,Train/3/00003_00020_00013.png
1,26913,35,31,6,5,29,26,19,Train/19/00019_00005_00003.png
1,38230,40,40,6,5,35,34,39,Train/39/00039_00005_00011.png
1,8967,94,94,8,8,86,86,5,Train/5/00005_00017_00027.png
1,6832,58,56,6,6,53,51,4,Train/4/00004_00012_00022.png
1,33318,82,84,8,8,74,77,33,Train/33/00033_00007_00018.png
1,76,49,46,6,5,44,41,20,Train/20/00020_00002_00016.png
1,25600,53,50,6,6,48,44,18,Train/18/00018_00001_00010.png
1,4141,28,26,6,5,23,21,2,Train/2/00002_00045_00001.png
1,17442,52,49,5,5,46,44,11,Train/11/00011_00013_00012.png
1,33022,35,37,6,6,29,31,32,Train/32/00032_00005_00022.png
1,39067,31,32,5,5,26,27,42,Train/42/00042_00003_00008.png
1,33996,31,31,6,6,26,26,34,Train/34/00034_00007_00007.png
1,8853,30,31,5,6,24,25,5,Train/5/00005_00014_00003.png
1,27206,103,93,9,8,94,85,21,Train/21/00021_00007_00026.png
1,31804,28,29,5,6,23,24,30,Train/30/00030_00006_00004.png
1,16482,36,37,5,6,31,32,10,Train/10/00010_00048_00012.png
1,38942,34,34,5,6,28,29,41,Train/41/00041_00007_00003.png
1,22959,46,46,6,6,41,41,14,Train/14/00014_00011_00009.png
1,24973,43,45,5,6,38,40,17,Train/17/00017_00017_00013.png
1,5666,52,53,5,6,47,48,3,Train/3/00003_00020_00026.png
1,30322,92,81,9,7,84,74,26,Train/26/00026_00011_00022.png
1,4113,31,30,6,5,26,25,2,Train/2/00002_00044_00003.png
1,9637,29,30,6,6,24,24,5,Train/5/00005_00040_00007.png
1,27520,49,46,6,6,44,41,22,Train/22/00022_00007_00010.png
1,34554,47,47,5,5,42,42,35,Train/35/00035_00011_00025.png
1,23102,58,58,6,6,53,53,14,Train/14/00014_00016_00002.png
1,1644,60,58,6,6,54,52,1,Train/1/00001_00035_00024.png
1,11999,94,91,9,8,86,83,7,Train/7/00007_00042_00029.png
1,15670,39,39,5,5,34,34,10,Train/10/00010_00021_00010.png
1,15095,34,32,6,5,29,26,10,Train/10/00010_00002_00005.png
1,13536,30,31,6,6,24,25,8,Train/8/00008_00046_00006.png
1,4465,61,64,5,5,55,59,2,Train/2/00002_00055_00025.png
1,36446,70,73,6,6,64,67,38,Train/38/00038_00014_00027.png
1,6057,64,59,6,6,58,53,3,Train/3/00003_00033_00027.png
1,16722,34,35,5,6,29,30,10,Train/10/00010_00056_00012.png
1,3141,48,43,6,5,43,38,2,Train/2/00002_00011_00021.png
1,25327,30,33,6,6,25,27,17,Train/17/00017_00029_00007.png
1,4112,31,30,6,5,26,25,2,Train/2/00002_00044_00002.png
1,144,44,44,6,6,39,39,20,Train/20/00020_00004_00024.png
1,6993,37,41,5,6,32,35,4,Train/4/00004_00018_00003.png
1,4420,34,35,5,6,29,30,2,Train/2/00002_00054_00010.png
1,26610,28,26,5,6,23,21,18,Train/18/00018_00035_00000.png
1,10955,32,32,6,6,27,27,7,Train/7/00007_00008_00005.png
1,2892,54,54,5,5,49,48,2,Train/2/00002_00003_00012.png
1,38454,83,83,7,7,76,76,40,Train/40/00040_00002_00025.png
1,37476,31,32,5,6,26,27,38,Train/38/00038_00049_00007.png
1,37110,37,38,6,5,32,33,38,Train/38/00038_00037_00001.png
1,12574,34,33,6,5,29,28,8,Train/8/00008_00014_00004.png
1,31945,59,55,5,5,54,50,30,Train/30/00030_00010_00025.png
1,27556,42,40,6,5,37,35,22,Train/22/00022_00008_00016.png
1,26640,43,42,6,6,38,37,18,Train/18/00018_00036_00000.png
1,37051,27,28,5,5,22,23,38,Train/38/00038_00035_00002.png
1,30287,43,39,6,5,37,33,26,Train/26/00026_00010_00017.png
1,10614,57,60,6,6,52,55,6,Train/6/00006_00010_00024.png
1,32193,34,32,5,6,29,27,31,Train/31/00031_00004_00003.png
1,10212,36,35,5,5,30,29,5,Train/5/00005_00059_00012.png
1,25591,45,41,5,5,39,35,18,Train/18/00018_00001_00001.png
1,28636,48,45,6,5,43,39,25,Train/25/00025_00005_00016.png
1,18326,106,104,9,10,97,95,11,Train/11/00011_00042_00026.png
1,21230,61,57,5,6,56,52,13,Train/13/00013_00025_00020.png
1,30125,39,36,6,5,34,31,26,Train/26/00026_00005_00005.png
1,24842,29,37,5,6,24,32,17,Train/17/00017_00013_00002.png
1,13244,44,44,5,5,39,39,8,Train/8/00008_00036_00014.png
1,1517,47,46,6,5,42,41,1,Train/1/00001_00031_00017.png
1,32649,47,46,6,6,42,41,31,Train/31/00031_00019_00009.png
1,6527,47,47,6,5,42,41,4,Train/4/00004_00002_00017.png
1,5264,36,36,6,6,31,31,3,Train/3/00003_00007_00014.png
1,17195,47,42,6,5,42,37,11,Train/11/00011_00005_00005.png
1,21967,28,30,5,6,22,24,13,Train/13/00013_00050_00007.png
1,38899,40,41,5,5,35,35,41,Train/41/00041_00005_00020.png
1,33515,37,38,6,6,32,33,33,Train/33/00033_00014_00005.png
1,16657,34,34,5,5,29,29,10,Train/10/00010_00054_00007.png
1,31184,40,38,6,6,35,33,28,Train/28/00028_00012_00014.png
1,17043,31,28,6,6,26,23,11,Train/11/00011_00000_00003.png
1,1652,33,34,5,6,28,29,1,Train/1/00001_00036_00002.png
1,30844,39,35,6,5,34,30,28,Train/28/00028_00001_00004.png
1,8367,83,82,8,7,76,75,4,Train/4/00004_00063_00027.png
1,2782,64,67,5,6,59,61,1,Train/1/00001_00073_00022.png
1,20285,28,29,5,5,23,24,12,Train/12/00012_00064_00005.png
1,24640,36,37,6,6,30,31,17,Train/17/00017_00006_00010.png
1,14772,43,43,6,5,38,38,9,Train/9/00009_00040_00012.png
1,21805,80,70,8,7,73,64,13,Train/13/00013_00044_00025.png
1,39122,27,26,5,5,22,21,42,Train/42/00042_00005_00003.png
1,5735,30,31,5,6,25,26,3,Train/3/00003_00023_00005.png
1,2812,58,58,5,6,53,53,2,Train/2/00002_00000_00022.png
1,13214,39,39,6,6,34,34,8,Train/8/00008_00035_00014.png
1,23635,42,47,5,6,37,42,15,Train/15/00015_00007_00025.png
1,25289,100,116,8,11,92,106,17,Train/17/00017_00027_00029.png
1,24521,29,44,6,6,24,39,17,Train/17/00017_00002_00011.png
1,33424,32,32,5,5,27,27,33,Train/33/00033_00011_00004.png
1,30254,42,38,6,5,37,33,26,Train/26/00026_00009_00014.png
1,25109,77,70,7,7,71,64,17,Train/17/00017_00021_00029.png
1,37121,44,46,5,5,39,41,38,Train/38/00038_00037_00012.png
1,20847,96,84,9,8,88,77,13,Train/13/00013_00012_00027.png
1,23503,34,38,5,6,29,33,15,Train/15/00015_00003_00013.png
1,27843,32,32,6,6,27,26,23,Train/23/00023_00005_00003.png
1,25845,39,36,6,6,34,31,18,Train/18/00018_00009_00015.png
1,10260,27,27,6,6,21,21,5,Train/5/00005_00061_00000.png
1,1356,56,57,6,6,50,51,1,Train/1/00001_00026_00006.png
1,2941,30,30,6,6,25,25,2,Train/2/00002_00005_00001.png
1,33569,57,79,6,7,52,72,33,Train/33/00033_00015_00029.png
1,17963,93,84,9,7,85,77,11,Train/11/00011_00030_00023.png
1,25370,53,57,5,5,47,51,17,Train/17/00017_00030_00020.png
1,17444,54,52,5,6,48,47,11,Train/11/00011_00013_00014.png
1,25930,35,36,6,6,30,31,18,Train/18/00018_00012_00010.png
1,8612,31,32,5,5,26,27,5,Train/5/00005_00006_00002.png
1,789,59,59,5,6,54,54,1,Train/1/00001_00007_00009.png
1,9061,30,29,5,5,24,24,5,Train/5/00005_00021_00001.png
1,6561,45,45,5,5,40,39,4,Train/4/00004_00003_00021.png
1,37279,51,52,6,6,46,47,38,Train/38/00038_00042_00020.png
1,31916,127,109,11,10,116,100,30,Train/30/00030_00009_00026.png
1,28795,93,84,9,8,85,76,25,Train/25/00025_00010_00025.png
1,3407,38,40,6,5,33,34,2,Train/2/00002_00020_00017.png
1,33697,32,32,5,5,27,27,33,Train/33/00033_00020_00008.png
1,38,38,36,5,6,33,31,20,Train/20/00020_00001_00008.png
1,17798,36,34,6,6,31,29,11,Train/11/00011_00025_00008.png
1,17376,46,44,5,6,41,39,11,Train/11/00011_00011_00006.png
1,13100,45,48,5,5,40,43,8,Train/8/00008_00031_00020.png
1,14270,43,45,6,6,38,40,9,Train/9/00009_00023_00020.png
1,2599,53,54,5,6,48,49,1,Train/1/00001_00067_00019.png
1,5344,30,30,5,5,25,25,3,Train/3/00003_00010_00004.png
1,559,60,64,5,6,55,59,0,Train/0/00000_00006_00019.png
1,8800,35,36,5,6,30,31,5,Train/5/00005_00012_00010.png
1,21470,70,62,6,5,63,56,13,Train/13/00013_00033_00020.png
1,17017,30,29,5,6,24,23,10,Train/10/00010_00066_00007.png
1,2152,57,59,5,5,52,54,1,Train/1/00001_00052_00022.png
1,14621,39,38,6,5,34,33,9,Train/9/00009_00035_00011.png
1,17348,56,52,5,5,51,47,11,Train/11/00011_00010_00008.png
1,10973,54,55,6,5,49,50,7,Train/7/00007_00008_00023.png
1,12758,40,41,5,6,35,36,8,Train/8/00008_00020_00008.png
1,25468,41,43,5,5,36,38,17,Train/17/00017_00033_00028.png
1,29697,134,120,11,10,123,109,25,Train/25/00025_00040_00027.png
1,21863,75,71,7,6,69,65,13,Train/13/00013_00046_00023.png
1,16820,53,54,5,6,48,49,10,Train/10/00010_00059_00020.png
1,20745,44,42,5,5,38,36,13,Train/13/00013_00009_00015.png
1,2406,36,36,6,5,31,31,1,Train/1/00001_00061_00006.png
1,5069,97,99,9,9,89,90,3,Train/3/00003_00000_00029.png
1,1081,34,34,6,6,29,29,1,Train/1/00001_00017_00001.png
1,36425,29,29,6,5,24,24,38,Train/38/00038_00014_00006.png
1,14943,45,43,5,6,40,38,9,Train/9/00009_00046_00003.png
1,16540,34,35,5,6,29,30,10,Train/10/00010_00050_00010.png
1,20026,48,47,6,5,42,41,12,Train/12/00012_00055_00016.png
1,37740,38,41,5,6,33,36,38,Train/38/00038_00058_00001.png
1,16544,37,37,5,5,32,32,10,Train/10/00010_00050_00014.png
1,4226,40,42,5,6,35,37,2,Train/2/00002_00047_00026.png
1,27110,49,43,6,5,44,38,21,Train/21/00021_00004_00020.png
1,21619,65,61,6,6,60,56,13,Train/13/00013_00038_00019.png
1,621,51,50,6,5,46,45,1,Train/1/00001_00001_00021.png
1,22696,46,46,5,5,41,41,14,Train/14/00014_00002_00016.png
1,2542,59,59,5,5,53,54,1,Train/1/00001_00065_00022.png
1,31213,56,59,5,6,51,53,28,Train/28/00028_00013_00013.png
1,21902,49,45,6,5,44,40,13,Train/13/00013_00048_00002.png
1,27560,55,51,6,5,50,46,22,Train/22/00022_00008_00020.png
1,19870,38,38,6,6,33,33,12,Train/12/00012_00050_00010.png
1,2978,29,29,5,5,24,24,2,Train/2/00002_00006_00008.png
1,248,34,35,5,6,29,30,20,Train/20/00020_00008_00008.png
1,10617,71,75,7,7,65,69,6,Train/6/00006_00010_00027.png
1,5578,108,112,10,10,99,103,3,Train/3/00003_00017_00028.png
1,36919,38,42,5,5,33,37,38,Train/38/00038_00030_00020.png
1,36315,36,38,5,6,31,33,38,Train/38/00038_00010_00016.png
1,1158,41,42,5,6,36,37,1,Train/1/00001_00019_00018.png
1,25574,29,27,5,6,24,22,18,Train/18/00018_00000_00014.png
1,16682,30,30,5,5,25,25,10,Train/10/00010_00055_00002.png
1,18228,43,42,5,6,38,37,11,Train/11/00011_00039_00018.png
1,25762,76,71,6,7,70,65,18,Train/18/00018_00006_00022.png
1,36696,33,35,5,6,28,30,38,Train/38/00038_00023_00007.png
1,35431,33,32,6,6,28,27,36,Train/36/00036_00001_00002.png
1,9952,49,48,6,5,44,43,5,Train/5/00005_00050_00022.png
1,26137,42,42,5,5,37,37,18,Train/18/00018_00019_00007.png
1,30181,33,29,6,6,27,24,26,Train/26/00026_00007_00001.png
1,12572,33,34,5,6,28,29,8,Train/8/00008_00014_00002.png
1,35049,35,36,6,6,30,31,35,Train/35/00035_00028_00010.png
1,24812,28,28,5,6,23,23,17,Train/17/00017_00012_00002.png
1,22872,40,47,5,5,35,42,14,Train/14/00014_00008_00012.png
1,14295,40,44,6,6,35,38,9,Train/9/00009_00024_00015.png
1,12685,62,57,5,5,57,52,8,Train/8/00008_00017_00025.png
1,12174,51,54,6,6,46,49,8,Train/8/00008_00000_00024.png
1,9494,41,40,5,5,36,35,5,Train/5/00005_00035_00014.png
1,24078,63,69,6,6,58,63,16,Train/16/00016_00001_00018.png
1,29029,51,51,5,6,46,46,25,Train/25/00025_00018_00019.png
1,38501,52,54,5,6,47,49,40,Train/40/00040_00004_00012.png
1,10001,35,35,6,6,30,30,5,Train/5/00005_00052_00011.png
1,11998,85,83,8,8,78,76,7,Train/7/00007_00042_00028.png
1,25995,49,49,5,5,44,44,18,Train/18/00018_00014_00015.png
1,23451,48,105,5,10,43,96,15,Train/15/00015_00001_00021.png
1,14262,36,36,6,5,31,31,9,Train/9/00009_00023_00012.png
1,2786,76,80,7,7,70,72,1,Train/1/00001_00073_00026.png
1,16816,45,46,5,6,40,41,10,Train/10/00010_00059_00016.png
1,10589,54,58,5,6,49,53,6,Train/6/00006_00009_00029.png
1,5334,55,56,5,5,50,51,3,Train/3/00003_00009_00024.png
1,19573,48,47,6,5,43,42,12,Train/12/00012_00040_00013.png
1,9471,41,43,6,6,35,38,5,Train/5/00005_00034_00021.png
1,34317,48,54,6,6,42,48,35,Train/35/00035_00003_00028.png
1,11243,49,50,5,5,44,45,7,Train/7/00007_00017_00023.png
1,12005,28,30,5,6,23,25,7,Train/7/00007_00043_00005.png
1,21711,72,62,7,5,66,57,13,Train/13/00013_00041_00021.png
1,27870,38,34,6,6,33,29,23,Train/23/00023_00006_00000.png
1,8783,61,62,6,5,56,57,5,Train/5/00005_00011_00023.png
1,1364,72,68,6,6,65,62,1,Train/1/00001_00026_00014.png
1,904,31,33,6,5,26,27,1,Train/1/00001_00011_00004.png
1,16940,41,42,5,6,36,37,10,Train/10/00010_00063_00020.png
1,37359,30,32,5,5,25,27,38,Train/38/00038_00045_00010.png
1,18383,49,55,5,5,44,50,12,Train/12/00012_00000_00023.png
1,17149,63,58,5,5,58,53,11,Train/11/00011_00003_00019.png
1,13166,50,53,5,6,45,48,8,Train/8/00008_00033_00026.png
1,29771,43,41,6,6,38,36,25,Train/25/00025_00043_00011.png
1,1542,42,42,6,6,37,37,1,Train/1/00001_00032_00012.png
1,39130,31,31,6,6,26,26,42,Train/42/00042_00005_00011.png
1,25646,75,71,6,6,69,65,18,Train/18/00018_00002_00026.png
1,24739,42,48,5,6,37,42,17,Train/17/00017_00009_00019.png
1,17820,49,45,5,5,44,40,11,Train/11/00011_00026_00000.png
1,7627,34,33,6,5,29,28,4,Train/4/00004_00039_00007.png
1,1461,60,61,5,5,55,56,1,Train/1/00001_00029_00021.png
1,15213,30,32,5,6,25,26,10,Train/10/00010_00006_00003.png
1,4342,63,62,6,6,58,57,2,Train/2/00002_00051_00022.png
1,37682,41,44,6,5,36,38,38,Train/38/00038_00056_00003.png
1,29528,33,33,5,6,28,28,25,Train/25/00025_00035_00008.png
1,17567,45,43,5,5,40,38,11,Train/11/00011_00017_00017.png
1,19750,33,35,5,5,28,30,12,Train/12/00012_00046_00010.png
1,7182,40,40,5,5,35,35,4,Train/4/00004_00024_00012.png
1,31634,49,40,5,5,44,35,30,Train/30/00030_00000_00014.png
1,31541,40,36,6,5,35,30,29,Train/29/00029_00006_00011.png
1,15344,37,37,5,5,32,32,10,Train/10/00010_00010_00014.png
1,4697,35,35,5,5,30,30,2,Train/2/00002_00063_00017.png
1,21733,48,42,6,5,43,37,13,Train/13/00013_00042_00013.png
1,32755,58,59,5,6,53,54,31,Train/31/00031_00022_00025.png
1,31090,44,42,6,5,39,37,28,Train/28/00028_00009_00010.png
1,29611,31,29,5,5,26,24,25,Train/25/00025_00038_00001.png
1,27920,56,50,5,5,51,45,23,Train/23/00023_00007_00020.png
1,1320,26,25,5,5,21,20,1,Train/1/00001_00025_00000.png
1,895,60,59,6,5,55,54,1,Train/1/00001_00010_00025.png
1,28331,43,36,6,5,38,31,24,Train/24/00024_00004_00011.png
1,2751,73,74,6,7,67,68,1,Train/1/00001_00072_00021.png
1,6364,29,30,5,5,24,25,3,Train/3/00003_00044_00004.png
1,9889,47,47,5,5,42,42,5,Train/5/00005_00048_00019.png
1,3699,38,35,6,6,33,29,2,Train/2/00002_00030_00009.png
1,26841,79,64,7,6,72,59,19,Train/19/00019_00002_00021.png
1,9252,34,34,6,6,29,28,5,Train/5/00005_00027_00012.png
1,30063,33,28,5,5,28,23,26,Train/26/00026_00003_00003.png
1,24600,28,28,5,5,23,23,17,Train/17/00017_00005_00000.png
1,18536,92,88,9,7,84,81,12,Train/12/00012_00005_00026.png
1,17580,43,40,6,5,38,35,11,Train/11/00011_00018_00000.png
1,36874,33,33,5,5,28,28,38,Train/38/00038_00029_00005.png
1,17006,42,44,6,6,37,39,10,Train/10/00010_00065_00026.png
1,890,47,47,6,5,42,42,1,Train/1/00001_00010_00020.png
1,15755,31,32,6,6,26,27,10,Train/10/00010_00024_00005.png
1,23524,31,31,6,5,26,26,15,Train/15/00015_00004_00004.png
1,36745,75,80,7,7,69,73,38,Train/38/00038_00024_00026.png
1,28607,51,46,6,5,45,41,25,Train/25/00025_00004_00017.png
1,21582,43,44,5,6,38,39,13,Train/13/00013_00037_00012.png
1,6927,45,44,5,5,40,39,4,Train/4/00004_00015_00027.png
1,6173,60,58,5,5,55,53,3,Train/3/00003_00037_00023.png
1,37484,34,35,5,6,29,30,38,Train/38/00038_00049_00015.png
1,28450,43,47,5,6,38,42,24,Train/24/00024_00008_00010.png
1,16354,27,29,5,5,22,23,10,Train/10/00010_00044_00004.png
1,3121,27,26,5,5,22,21,2,Train/2/00002_00011_00001.png
1,21946,47,42,5,5,41,37,13,Train/13/00013_00049_00016.png
1,8482,40,39,6,5,35,34,5,Train/5/00005_00001_00022.png
1,27413,73,63,7,6,67,58,22,Train/22/00022_00003_00023.png
1,31530,29,29,5,6,24,24,29,Train/29/00029_00006_00000.png
1,11437,36,36,6,6,30,30,7,Train/7/00007_00024_00007.png
1,9573,29,29,6,6,23,24,5,Train/5/00005_00038_00003.png
1,12214,27,29,5,6,22,23,8,Train/8/00008_00002_00004.png
1,27371,43,42,6,5,38,37,22,Train/22/00022_00002_00011.png
1,7428,44,45,5,5,39,40,4,Train/4/00004_00032_00018.png
1,18043,49,49,6,6,43,43,11,Train/11/00011_00033_00013.png
1,27354,59,54,5,6,53,49,22,Train/22/00022_00001_00024.png
1,25742,43,39,6,6,38,34,18,Train/18/00018_00006_00002.png
1,23965,115,136,10,11,105,125,15,Train/15/00015_00018_00025.png
1,30476,58,52,5,6,53,47,26,Train/26/00026_00016_00026.png
1,24775,47,49,5,6,42,44,17,Train/17/00017_00010_00025.png
1,5730,28,27,6,5,23,22,3,Train/3/00003_00023_00000.png
1,30327,143,129,13,12,131,118,26,Train/26/00026_00011_00027.png
1,29700,40,38,6,6,35,33,25,Train/25/00025_00041_00000.png
1,7311,46,46,6,6,41,41,4,Train/4/00004_00028_00021.png
1,15320,45,45,5,5,40,40,10,Train/10/00010_00009_00020.png
1,23657,48,49,5,6,43,44,15,Train/15/00015_00008_00017.png
1,2619,33,32,5,6,27,26,1,Train/1/00001_00068_00009.png
1,22354,32,31,5,6,27,26,13,Train/13/00013_00063_00004.png
1,19812,45,47,6,5,40,42,12,Train/12/00012_00048_00012.png
1,23363,52,52,6,5,47,47,14,Train/14/00014_00024_00023.png
1,25511,30,30,6,6,25,25,17,Train/17/00017_00035_00011.png
1,35962,86,85,8,7,78,77,37,Train/37/00037_00005_00023.png
1,19490,75,74,7,6,69,68,12,Train/12/00012_00037_00020.png
1,9749,58,57,6,5,53,52,5,Train/5/00005_00043_00029.png
1,679,54,53,6,5,49,48,1,Train/1/00001_00003_00019.png
1,17655,52,47,6,5,47,42,11,Train/11/00011_00020_00015.png
1,8595,35,36,6,6,30,31,5,Train/5/00005_00005_00015.png
1,1425,39,46,5,5,34,41,1,Train/1/00001_00028_00015.png
1,28205,28,27,5,5,23,22,24,Train/24/00024_00000_00005.png
1,9563,43,39,5,5,37,34,5,Train/5/00005_00037_00023.png
1,11725,79,81,7,8,72,74,7,Train/7/00007_00033_00025.png
1,36300,27,26,6,5,22,21,38,Train/38/00038_00010_00001.png
1,28341,64,61,6,6,59,56,24,Train/24/00024_00004_00021.png
1,19053,32,32,5,5,27,27,12,Train/12/00012_00023_00003.png
1,19156,43,43,5,5,38,38,12,Train/12/00012_00026_00016.png
1,20188,86,87,7,8,79,80,12,Train/12/00012_00060_00028.png
1,23500,31,36,5,6,26,31,15,Train/15/00015_00003_00010.png
1,6758,31,33,5,6,26,28,4,Train/4/00004_00010_00008.png
1,21174,57,83,6,7,52,76,13,Train/13/00013_00023_00024.png
1,37618,53,52,6,6,47,47,38,Train/38/00038_00053_00029.png
1,38698,99,100,8,9,91,92,40,Train/40/00040_00010_00029.png
1,20553,30,30,6,5,25,25,13,Train/13/00013_00003_00003.png
1,12550,40,40,5,5,35,35,8,Train/8/00008_00013_00010.png
1,5828,29,29,6,5,24,24,3,Train/3/00003_00026_00008.png
1,12150,36,36,6,6,31,31,8,Train/8/00008_00000_00000.png
1,24816,28,27,5,6,23,22,17,Train/17/00017_00012_00006.png
1,32716,40,40,5,5,35,35,31,Train/31/00031_00021_00016.png
1,23455,64,129,6,12,59,117,15,Train/15/00015_00001_00025.png
1,1623,26,28,5,6,21,22,1,Train/1/00001_00035_00003.png
1,33648,38,53,6,5,33,48,33,Train/33/00033_00018_00018.png
1,27131,38,36,5,5,33,31,21,Train/21/00021_00005_00011.png
1,5809,44,45,5,6,39,40,3,Train/3/00003_00025_00019.png
1,4022,27,27,5,6,21,22,2,Train/2/00002_00041_00002.png
1,26093,60,55,6,6,55,50,18,Train/18/00018_00017_00023.png
1,22832,35,35,5,5,30,30,14,Train/14/00014_00007_00002.png
1,8878,72,72,6,6,66,66,5,Train/5/00005_00014_00028.png
1,36731,40,40,6,5,34,34,38,Train/38/00038_00024_00012.png
1,11926,33,33,6,6,28,28,7,Train/7/00007_00040_00016.png
1,37734,80,85,8,7,73,78,38,Train/38/00038_00057_00025.png
1,4494,60,61,6,5,54,56,2,Train/2/00002_00056_00024.png
1,38778,40,43,5,6,35,38,41,Train/41/00041_00001_00019.png
1,39047,37,37,5,5,32,32,42,Train/42/00042_00002_00018.png
1,13306,36,40,5,6,31,35,8,Train/8/00008_00038_00016.png
1,35108,30,31,6,6,25,26,35,Train/35/00035_00030_00009.png
1,38447,52,51,6,5,47,46,40,Train/40/00040_00002_00018.png
1,35318,40,46,5,6,34,40,35,Train/35/00035_00037_00009.png
1,34371,51,51,5,5,46,46,35,Train/35/00035_00005_00022.png
1,10471,26,27,5,5,21,22,6,Train/6/00006_00006_00001.png
1,37482,33,34,5,5,28,29,38,Train/38/00038_00049_00013.png
1,7974,50,54,5,5,45,48,4,Train/4/00004_00050_00024.png
1,21504,48,46,6,6,42,40,13,Train/13/00013_00034_00024.png
1,8464,28,29,6,5,23,23,5,Train/5/00005_00001_00004.png
1,11680,38,39,5,6,33,34,7,Train/7/00007_00032_00010.png
1,29723,93,86,8,8,85,79,25,Train/25/00025_00041_00023.png
1,29275,71,69,7,6,65,63,25,Train/25/00025_00026_00025.png
1,25911,60,55,6,5,55,50,18,Train/18/00018_00011_00021.png
1,24681,39,42,6,6,34,37,17,Train/17/00017_00007_00021.png
1,12764,52,51,6,5,47,46,8,Train/8/00008_00020_00014.png
1,2677,53,57,5,6,48,52,1,Train/1/00001_00070_00007.png
1,24857,31,38,5,6,26,33,17,Train/17/00017_00013_00017.png
1,12744,62,61,6,5,57,56,8,Train/8/00008_00019_00024.png
1,2944,31,32,6,6,26,26,2,Train/2/00002_00005_00004.png
1,21994,35,31,5,6,30,26,13,Train/13/00013_00051_00004.png
1,34978,116,116,11,11,106,106,35,Train/35/00035_00025_00029.png
1,28177,46,43,6,5,41,38,23,Train/23/00023_00016_00007.png
1,18984,54,55,5,5,49,50,12,Train/12/00012_00020_00024.png
1,31010,67,60,6,6,61,55,28,Train/28/00028_00006_00020.png
1,11851,29,30,5,6,24,25,7,Train/7/00007_00038_00001.png
1,21884,74,67,7,6,68,61,13,Train/13/00013_00047_00014.png
1,35682,33,32,6,5,27,27,36,Train/36/00036_00009_00013.png
1,30131,43,39,6,5,38,34,26,Train/26/00026_00005_00011.png
1,3463,35,36,6,6,29,31,2,Train/2/00002_00022_00013.png
1,26687,54,54,5,5,49,49,18,Train/18/00018_00037_00017.png
1,27778,160,134,14,11,147,123,23,Train/23/00023_00002_00028.png
1,33454,36,34,5,6,30,29,33,Train/33/00033_00012_00004.png
1,30781,32,30,5,5,27,25,27,Train/27/00027_00007_00001.png
1,5327,42,43,6,6,37,38,3,Train/3/00003_00009_00017.png
1,33825,36,36,6,5,31,31,34,Train/34/00034_00001_00016.png
1,36262,37,37,5,5,32,32,38,Train/38/00038_00008_00023.png
1,36870,30,30,5,5,25,25,38,Train/38/00038_00029_00001.png
1,31598,47,43,6,6,41,38,29,Train/29/00029_00008_00008.png
1,26027,60,59,6,5,55,54,18,Train/18/00018_00015_00017.png
1,35874,109,107,9,9,100,98,37,Train/37/00037_00002_00025.png
1,12222,34,34,6,6,28,28,8,Train/8/00008_00002_00012.png
1,34549,41,42,5,5,36,37,35,Train/35/00035_00011_00020.png
1,21956,103,89,9,8,94,82,13,Train/13/00013_00049_00026.png
1,25132,62,62,5,5,57,57,17,Train/17/00017_00022_00022.png
1,17701,50,46,6,5,45,41,11,Train/11/00011_00022_00001.png
1,18959,169,165,15,14,155,151,12,Train/12/00012_00019_00029.png
1,34189,50,50,6,6,45,45,34,Train/34/00034_00013_00020.png
1,6991,37,39,5,5,31,33,4,Train/4/00004_00018_00001.png
1,11447,40,41,5,6,35,36,7,Train/7/00007_00024_00017.png
1,16042,45,44,5,5,39,38,10,Train/10/00010_00033_00022.png
1,14484,51,53,6,6,46,47,9,Train/9/00009_00030_00024.png
1,17988,71,64,6,5,65,59,11,Train/11/00011_00031_00018.png
1,25242,30,31,6,5,25,26,17,Train/17/00017_00026_00012.png
1,13002,34,31,6,6,28,25,8,Train/8/00008_00028_00012.png
1,37386,31,28,6,5,26,23,38,Train/38/00038_00046_00007.png
1,37309,49,59,5,6,44,54,38,Train/38/00038_00043_00020.png
1,7664,36,37,5,6,31,32,4,Train/4/00004_00040_00014.png
1,12238,92,81,9,7,84,74,8,Train/8/00008_00002_00028.png
1,22216,39,38,6,5,34,33,13,Train/13/00013_00058_00016.png
1,10571,33,34,6,6,28,29,6,Train/6/00006_00009_00011.png
1,18311,42,42,6,6,37,37,11,Train/11/00011_00042_00011.png
1,21572,35,35,5,5,30,30,13,Train/13/00013_00037_00002.png
1,31873,41,36,5,5,36,31,30,Train/30/00030_00008_00013.png
1,26907,95,91,8,8,87,83,19,Train/19/00019_00004_00027.png
1,32554,34,34,5,6,29,29,31,Train/31/00031_00016_00004.png
1,32015,34,29,6,5,29,24,30,Train/30/00030_00013_00005.png
1,982,62,66,6,6,57,60,1,Train/1/00001_00013_00022.png
1,17381,54,50,6,6,49,45,11,Train/11/00011_00011_00011.png
1,13429,43,42,6,5,38,37,8,Train/8/00008_00042_00019.png
1,14938,119,130,11,12,109,119,9,Train/9/00009_00045_00028.png
1,25415,28,30,5,6,23,25,17,Train/17/00017_00032_00005.png
1,34751,37,37,5,5,31,32,35,Train/35/00035_00018_00012.png
1,34372,51,52,6,6,46,47,35,Train/35/00035_00005_00023.png
1,4683,29,30,6,6,24,25,2,Train/2/00002_00063_00003.png
1,37694,55,58,6,5,49,52,38,Train/38/00038_00056_00015.png
1,30824,43,39,6,5,37,33,28,Train/28/00028_00000_00014.png
1,17676,34,31,5,6,28,25,11,Train/11/00011_00021_00006.png
1,28048,142,124,13,10,130,114,23,Train/23/00023_00011_00028.png
1,10805,34,34,6,6,29,29,7,Train/7/00007_00003_00005.png
1,16809,36,37,5,6,31,32,10,Train/10/00010_00059_00009.png
1,9746,51,52,5,6,46,47,5,Train/5/00005_00043_00026.png
1,35595,40,41,5,6,35,36,36,Train/36/00036_00006_00016.png
1,15067,33,30,6,6,27,25,10,Train/10/00010_00001_00007.png
1,30809,84,80,8,8,77,73,27,Train/27/00027_00007_00029.png
1,14586,29,30,5,6,24,25,9,Train/9/00009_00034_00006.png
1,33277,31,32,5,6,25,27,33,Train/33/00033_00006_00007.png
1,23763,38,42,6,5,32,36,15,Train/15/00015_00012_00003.png
1,21578,42,42,6,6,37,37,13,Train/13/00013_00037_00008.png
1,28775,46,43,6,5,41,38,25,Train/25/00025_00010_00005.png
1,13174,32,34,5,6,27,29,8,Train/8/00008_00034_00004.png
1,34181,43,42,6,5,38,37,34,Train/34/00034_00013_00012.png
1,269,76,76,6,6,70,70,20,Train/20/00020_00008_00029.png
1,19983,35,35,6,6,30,30,12,Train/12/00012_00054_00003.png
1,38496,46,46,6,6,41,41,40,Train/40/00040_00004_00007.png
1,35294,39,39,5,6,34,34,35,Train/35/00035_00036_00015.png
1,35338,76,83,7,8,70,76,35,Train/35/00035_00037_00029.png
1,16888,81,61,7,6,74,55,10,Train/10/00010_00061_00028.png
1,26692,58,59,5,6,53,54,18,Train/18/00018_00037_00022.png
1,18366,32,32,6,5,26,27,12,Train/12/00012_00000_00006.png
1,3712,50,44,6,6,45,39,2,Train/2/00002_00030_00022.png
1,33655,46,73,6,6,41,67,33,Train/33/00033_00018_00025.png
1,34231,29,30,6,6,24,25,35,Train/35/00035_00001_00002.png
1,19486,65,65,6,6,60,60,12,Train/12/00012_00037_00016.png
1,37111,38,41,6,6,33,36,38,Train/38/00038_00037_00002.png
1,1727,37,37,6,5,32,32,1,Train/1/00001_00038_00017.png
1,33728,38,41,6,5,33,35,33,Train/33/00033_00021_00009.png
1,4900,35,36,6,6,30,31,2,Train/2/00002_00070_00010.png
1,34604,40,40,6,6,35,35,35,Train/35/00035_00013_00015.png
1,8131,27,28,5,5,22,23,4,Train/4/00004_00056_00001.png
1,17151,76,70,7,7,70,64,11,Train/11/00011_00003_00021.png
1,24448,97,96,9,9,88,88,16,Train/16/00016_00013_00028.png
1,5205,40,41,6,6,35,35,3,Train/3/00003_00005_00015.png
1,1584,55,53,5,5,50,48,1,Train/1/00001_00033_00024.png
1,18457,40,41,5,5,35,36,12,Train/12/00012_00003_00007.png
1,10457,35,39,5,6,30,34,6,Train/6/00006_00005_00017.png
1,23214,99,104,8,9,91,94,14,Train/14/00014_00019_00024.png
1,16975,45,48,5,6,40,43,10,Train/10/00010_00064_00025.png
1,13756,37,36,6,6,31,31,9,Train/9/00009_00006_00016.png
1,11085,35,37,5,6,30,32,7,Train/7/00007_00012_00015.png
1,22464,63,59,5,6,58,54,13,Train/13/00013_00066_00024.png
1,36837,38,40,6,6,33,35,38,Train/38/00038_00027_00028.png
1,37844,40,41,6,6,35,36,38,Train/38/00038_00061_00015.png
1,11323,36,38,5,6,31,33,7,Train/7/00007_00020_00013.png
1,24008,29,30,5,5,24,25,15,Train/15/00015_00020_00008.png
1,22504,55,49,5,6,50,44,13,Train/13/00013_00068_00004.png
1,29114,46,42,6,5,41,37,25,Train/25/00025_00021_00014.png
1,28367,36,35,6,6,31,29,24,Train/24/00024_00005_00017.png
1,19078,76,71,7,6,70,65,12,Train/12/00012_00023_00028.png
1,26965,96,85,8,8,88,78,19,Train/19/00019_00006_00025.png
1,38689,56,59,5,6,51,54,40,Train/40/00040_00010_00020.png
1,18106,69,70,7,7,63,64,11,Train/11/00011_00035_00016.png
1,33450,33,30,5,5,28,25,33,Train/33/00033_00012_00000.png
1,24997,32,34,5,6,27,29,17,Train/17/00017_00018_00007.png
1,16804,34,34,5,5,29,29,10,Train/10/00010_00059_00004.png
1,24176,76,77,7,7,70,71,16,Train/16/00016_00004_00026.png
1,23941,87,104,7,10,80,95,15,Train/15/00015_00018_00001.png
1,12891,47,47,6,6,42,42,8,Train/8/00008_00024_00021.png
1,19570,44,43,6,5,39,38,12,Train/12/00012_00040_00010.png
1,14229,35,35,5,5,30,30,9,Train/9/00009_00022_00009.png
1,27056,69,59,7,5,63,54,21,Train/21/00021_00002_00026.png
1,12200,46,45,6,5,41,40,8,Train/8/00008_00001_00020.png
1,8272,46,47,6,6,41,42,4,Train/4/00004_00060_00022.png
1,17712,71,63,7,6,65,58,11,Train/11/00011_00022_00012.png
1,31424,49,44,6,5,44,39,29,Train/29/00029_00002_00014.png
1,13093,33,34,5,5,28,28,8,Train/8/00008_00031_00013.png
1,22405,37,37,6,6,32,32,13,Train/13/00013_00064_00025.png
1,26887,43,41,5,5,38,36,19,Train/19/00019_00004_00007.png
1,24785,27,27,6,5,22,22,17,Train/17/00017_00011_00005.png
1,33488,46,46,6,6,40,40,33,Train/33/00033_00013_00008.png
1,2876,50,52,5,5,45,47,2,Train/2/00002_00002_00026.png
1,9080,47,47,6,6,42,42,5,Train/5/00005_00021_00020.png
1,32585,59,54,5,5,53,49,31,Train/31/00031_00017_00005.png
1,30164,42,40,6,6,37,35,26,Train/26/00026_00006_00014.png
1,9882,38,40,5,6,33,35,5,Train/5/00005_00048_00012.png
1,18771,45,46,5,6,40,41,12,Train/12/00012_00013_00021.png
1,24512,26,40,5,5,20,35,17,Train/17/00017_00002_00002.png
1,20853,41,37,6,5,36,32,13,Train/13/00013_00013_00003.png
1,5939,81,80,8,7,74,73,3,Train/3/00003_00029_00029.png
1,11254,29,31,5,6,24,26,7,Train/7/00007_00018_00004.png
1,1389,34,35,5,5,29,29,1,Train/1/00001_00027_00009.png
1,22912,63,64,5,5,58,59,14,Train/14/00014_00009_00022.png
1,14402,47,49,5,6,42,44,9,Train/9/00009_00028_00002.png
1,32562,41,39,5,5,36,34,31,Train/31/00031_00016_00012.png
1,35382,40,41,5,6,35,36,35,Train/35/00035_00039_00013.png
1,19001,44,46,5,5,39,41,12,Train/12/00012_00021_00011.png
1,2740,48,47,6,5,43,42,1,Train/1/00001_00072_00010.png
1,18801,59,58,6,5,54,53,12,Train/12/00012_00014_00021.png
1,7548,51,50,6,5,46,45,4,Train/4/00004_00036_00018.png
1,22444,34,33,5,6,29,28,13,Train/13/00013_00066_00004.png
1,24750,26,25,6,5,21,20,17,Train/17/00017_00010_00000.png
1,26755,85,80,8,8,78,73,18,Train/18/00018_00039_00025.png
1,1008,42,42,5,5,37,37,1,Train/1/00001_00014_00018.png
1,13637,54,55,6,5,49,49,9,Train/9/00009_00002_00017.png
1,34856,96,94,8,8,88,86,35,Train/35/00035_00021_00027.png
1,14992,45,47,6,5,40,42,9,Train/9/00009_00047_00022.png
1,22389,30,30,5,5,25,25,13,Train/13/00013_00064_00009.png
1,2377,38,38,5,5,33,32,1,Train/1/00001_00060_00007.png
1,2675,53,56,5,5,48,51,1,Train/1/00001_00070_00005.png
1,25042,56,60,5,6,51,55,17,Train/17/00017_00019_00022.png
1,9057,47,42,6,5,42,37,5,Train/5/00005_00020_00027.png
1,37081,45,46,5,6,40,41,38,Train/38/00038_00036_00002.png
1,3694,34,31,5,5,29,26,2,Train/2/00002_00030_00004.png
1,12741,59,58,6,5,54,53,8,Train/8/00008_00019_00021.png
1,8147,38,42,5,6,33,37,4,Train/4/00004_00056_00017.png
1,4794,43,46,6,6,38,40,2,Train/2/00002_00066_00024.png
1,8217,60,61,6,6,55,56,4,Train/4/00004_00058_00027.png
1,36188,62,77,6,7,56,70,38,Train/38/00038_00006_00009.png
1,8748,40,41,5,5,35,35,5,Train/5/00005_00010_00018.png
1,32633,81,73,7,6,74,67,31,Train/31/00031_00018_00023.png
1,6437,40,38,5,5,34,33,3,Train/3/00003_00046_00017.png
1,33509,118,111,11,10,108,102,33,Train/33/00033_00013_00029.png
1,38600,49,51,6,5,44,46,40,Train/40/00040_00007_00021.png
1,28474,48,46,5,5,43,41,25,Train/25/00025_00000_00004.png
1,14858,31,30,5,5,26,25,9,Train/9/00009_00043_00008.png
1,19659,30,31,5,6,25,26,12,Train/12/00012_00043_00009.png
1,13540,32,33,6,5,27,27,8,Train/8/00008_00046_00010.png
1,34979,27,25,5,5,22,20,35,Train/35/00035_00026_00000.png
1,2186,87,105,7,9,80,96,1,Train/1/00001_00053_00026.png
1,4596,55,54,6,5,50,49,2,Train/2/00002_00060_00006.png
1,33480,38,39,5,6,33,34,33,Train/33/00033_00013_00000.png
1,4083,27,27,6,5,22,22,2,Train/2/00002_00043_00003.png
1,35621,32,33,6,6,27,28,36,Train/36/00036_00007_00012.png
1,24167,39,40,5,6,34,35,16,Train/16/00016_00004_00017.png
1,14222,32,32,6,6,27,27,9,Train/9/00009_00022_00002.png
1,2895,56,56,5,5,51,51,2,Train/2/00002_00003_00015.png
1,32276,62,58,5,5,57,53,31,Train/31/00031_00006_00026.png
1,12783,29,28,5,6,23,23,8,Train/8/00008_00021_00003.png
1,9220,32,30,6,5,27,24,5,Train/5/00005_00026_00010.png
1,1272,38,37,5,6,33,32,1,Train/1/00001_00023_00012.png
1,3760,34,32,5,5,29,27,2,Train/2/00002_00032_00010.png
1,8111,37,35,6,6,32,30,4,Train/4/00004_00055_00011.png
1,38385,49,47,5,6,44,42,40,Train/40/00040_00000_00016.png
1,27618,41,40,5,5,35,34,22,Train/22/00022_00010_00018.png
1,632,46,48,6,6,41,43,1,Train/1/00001_00002_00002.png
1,14000,53,55,5,5,48,50,9,Train/9/00009_00014_00020.png
1,13345,63,69,5,7,58,63,8,Train/8/00008_00039_00025.png
1,2360,60,60,5,5,54,55,1,Train/1/00001_00059_00020.png
1,17687,45,42,5,5,40,37,11,Train/11/00011_00021_00017.png
1,11563,35,36,6,6,30,31,7,Train/7/00007_00028_00013.png
1,5070,28,28,5,5,23,23,3,Train/3/00003_00001_00000.png
1,35289,32,33,5,5,27,28,35,Train/35/00035_00036_00010.png
1,845,33,33,6,6,27,28,1,Train/1/00001_00009_00005.png
1,33042,34,34,6,5,29,28,32,Train/32/00032_00006_00012.png
1,33508,106,104,9,9,97,95,33,Train/33/00033_00013_00028.png
1,14384,37,36,5,6,31,30,9,Train/9/00009_00027_00014.png
1,10059,35,35,5,6,30,30,5,Train/5/00005_00054_00009.png
1,16070,46,43,5,5,41,38,10,Train/10/00010_00034_00020.png
1,29601,58,53,5,6,53,48,25,Train/25/00025_00037_00021.png
1,25479,31,31,6,5,26,26,17,Train/17/00017_00034_00009.png
1,30904,37,33,5,5,31,28,28,Train/28/00028_00003_00004.png
1,8643,30,31,5,5,25,25,5,Train/5/00005_00007_00003.png
1,16416,30,29,6,5,25,24,10,Train/10/00010_00046_00006.png
1,31669,44,40,5,6,39,35,30,Train/30/00030_00001_00019.png
1,9929,58,59,5,5,53,54,5,Train/5/00005_00049_00029.png
1,23240,89,96,8,8,82,88,14,Train/14/00014_00020_00020.png
1,15143,43,44,5,5,38,39,10,Train/10/00010_00003_00023.png
1,32449,58,53,6,6,53,48,31,Train/31/00031_00012_00019.png
1,10182,32,32,6,5,27,26,5,Train/5/00005_00058_00012.png
1,34164,37,40,5,6,32,35,34,Train/34/00034_00012_00025.png
1,23594,38,37,6,5,33,32,15,Train/15/00015_00006_00014.png
1,18727,36,35,6,6,31,30,12,Train/12/00012_00012_00007.png
1,34368,37,38,5,5,32,32,35,Train/35/00035_00005_00019.png
1,24853,29,38,5,6,24,33,17,Train/17/00017_00013_00013.png
1,23539,44,47,5,6,39,42,15,Train/15/00015_00004_00019.png
1,9585,36,38,5,6,31,33,5,Train/5/00005_00038_00015.png
1,6698,31,32,5,5,25,27,4,Train/4/00004_00008_00008.png
1,19138,92,93,8,8,84,85,12,Train/12/00012_00025_00028.png
1,10149,33,33,5,5,28,28,5,Train/5/00005_00057_00009.png
1,23707,29,30,5,6,24,25,15,Train/15/00015_00010_00007.png
1,36767,40,40,5,5,35,35,38,Train/38/00038_00025_00018.png
1,23346,31,30,6,6,26,25,14,Train/14/00014_00024_00006.png
1,22548,43,43,6,6,38,38,13,Train/13/00013_00069_00018.png
1,15769,47,49,5,6,42,44,10,Train/10/00010_00024_00019.png
1,23282,35,36,5,5,30,31,14,Train/14/00014_00022_00002.png
1,22362,39,36,6,5,34,31,13,Train/13/00013_00063_00012.png
1,18054,86,83,8,8,79,76,11,Train/11/00011_00033_00024.png
1,31303,45,47,5,5,40,42,28,Train/28/00028_00016_00013.png
1,34403,66,68,6,7,60,62,35,Train/35/00035_00006_00024.png
1,39163,37,37,6,6,32,32,42,Train/42/00042_00006_00014.png
1,19120,36,43,5,5,31,38,12,Train/12/00012_00025_00010.png
1,24693,27,29,6,6,22,24,17,Train/17/00017_00008_00003.png
1,30941,41,38,5,5,35,33,28,Train/28/00028_00004_00011.png
1,29315,50,49,5,6,45,44,25,Train/25/00025_00028_00005.png
1,13691,34,35,5,6,29,30,9,Train/9/00009_00004_00011.png
1,33973,31,35,5,6,26,30,34,Train/34/00034_00006_00014.png
1,23088,58,58,5,5,53,53,14,Train/14/00014_00015_00018.png
1,11082,33,34,5,6,28,29,7,Train/7/00007_00012_00012.png
1,32896,37,35,6,5,32,30,32,Train/32/00032_00001_00016.png
1,3058,72,77,6,7,66,70,2,Train/2/00002_00008_00028.png
1,32502,51,47,6,5,46,42,31,Train/31/00031_00014_00012.png
1,2665,79,79,7,7,72,72,1,Train/1/00001_00069_00025.png
1,22567,79,75,7,7,72,69,13,Train/13/00013_00070_00007.png
1,27225,63,55,5,6,58,50,21,Train/21/00021_00008_00015.png
1,27029,116,88,11,7,106,81,21,Train/21/00021_00001_00029.png
1,14867,43,40,6,6,37,35,9,Train/9/00009_00043_00017.png
1,780,50,49,5,5,45,44,1,Train/1/00001_00007_00000.png
1,7810,36,36,6,5,31,31,4,Train/4/00004_00045_00010.png
1,35960,76,81,6,8,70,74,37,Train/37/00037_00005_00021.png
1,9584,36,36,6,6,30,31,5,Train/5/00005_00038_00014.png
1,14297,43,46,5,5,37,41,9,Train/9/00009_00024_00017.png
1,5706,30,31,5,5,25,26,3,Train/3/00003_00022_00006.png
1,5569,57,59,5,5,52,54,3,Train/3/00003_00017_00019.png
1,22467,91,81,8,8,83,74,13,Train/13/00013_00066_00027.png
1,12895,53,52,6,5,48,47,8,Train/8/00008_00024_00025.png
1,4692,33,32,6,5,28,27,2,Train/2/00002_00063_00012.png
1,4436,57,57,6,6,52,52,2,Train/2/00002_00054_00026.png
1,29944,43,41,5,5,38,36,25,Train/25/00025_00049_00004.png
1,8033,48,47,6,5,43,42,4,Train/4/00004_00052_00023.png
1,14818,44,47,5,6,39,42,9,Train/9/00009_00041_00028.png
1,28320,31,30,6,6,26,25,24,Train/24/00024_00004_00000.png
1,38475,57,56,5,6,52,51,40,Train/40/00040_00003_00016.png
1,10917,87,88,7,8,80,81,7,Train/7/00007_00006_00027.png
1,27994,43,40,6,6,37,35,23,Train/23/00023_00010_00004.png
1,20182,61,60,6,5,56,55,12,Train/12/00012_00060_00022.png
1,12714,55,58,6,6,50,53,8,Train/8/00008_00018_00024.png
1,13552,45,45,5,5,40,40,8,Train/8/00008_00046_00022.png
1,23379,30,34,5,6,25,29,14,Train/14/00014_00025_00009.png
1,4812,39,40,5,6,34,35,2,Train/2/00002_00067_00012.png
1,9378,38,39,5,6,32,34,5,Train/5/00005_00031_00018.png
1,21306,49,47,6,6,44,42,13,Train/13/00013_00028_00006.png
1,15717,59,59,6,6,54,54,10,Train/10/00010_00022_00027.png
1,36553,31,32,5,6,26,27,38,Train/38/00038_00018_00014.png
1,37518,36,39,5,6,31,34,38,Train/38/00038_00050_00019.png
1,22001,40,38,5,5,35,33,13,Train/13/00013_00051_00011.png
1,4821,52,50,5,5,47,45,2,Train/2/00002_00067_00021.png
1,11603,50,52,6,6,45,47,7,Train/7/00007_00029_00023.png
1,1562,30,30,5,5,25,25,1,Train/1/00001_00033_00002.png
1,282,40,40,6,6,35,35,20,Train/20/00020_00009_00012.png
1,18868,59,59,5,5,54,54,12,Train/12/00012_00016_00028.png
1,23946,95,109,9,10,86,100,15,Train/15/00015_00018_00006.png
1,27774,95,85,8,8,87,78,23,Train/23/00023_00002_00024.png
1,4512,37,37,5,6,32,32,2,Train/2/00002_00057_00012.png
1,1084,35,35,5,5,30,30,1,Train/1/00001_00017_00004.png
1,38080,95,98,8,9,87,90,39,Train/39/00039_00000_00011.png
1,23663,56,56,6,6,51,51,15,Train/15/00015_00008_00023.png
1,28031,63,57,6,6,58,52,23,Train/23/00023_00011_00011.png
1,10737,103,97,9,9,94,89,7,Train/7/00007_00000_00027.png
1,28603,45,41,5,5,40,36,25,Train/25/00025_00004_00013.png
1,12242,30,30,6,6,25,25,8,Train/8/00008_00003_00002.png
1,12940,32,33,5,6,26,28,8,Train/8/00008_00026_00010.png
1,25702,134,119,12,11,123,109,18,Train/18/00018_00004_00022.png
1,32180,57,53,6,5,52,48,31,Train/31/00031_00003_00020.png
1,28873,38,37,5,5,33,32,25,Train/25/00025_00013_00013.png
1,11354,36,37,5,6,31,32,7,Train/7/00007_00021_00014.png
1,787,57,57,5,6,52,52,1,Train/1/00001_00007_00007.png
1,14299,46,50,6,6,41,45,9,Train/9/00009_00024_00019.png
1,25563,27,27,5,6,22,22,18,Train/18/00018_00000_00003.png
1,273,37,36,6,5,32,31,20,Train/20/00020_00009_00003.png
1,13263,32,31,6,5,27,26,8,Train/8/00008_00037_00003.png
1,14922,40,45,6,6,35,39,9,Train/9/00009_00045_00012.png
1,24472,30,33,6,5,25,28,17,Train/17/00017_00000_00022.png
1,12984,44,38,6,6,39,33,8,Train/8/00008_00027_00024.png
1,26475,42,39,6,5,36,34,18,Train/18/00018_00030_00015.png
1,9174,49,49,6,6,44,44,5,Train/5/00005_00024_00024.png
1,10730,49,49,5,5,44,43,7,Train/7/00007_00000_00020.png
1,245,32,31,6,5,27,26,20,Train/20/00020_00008_00005.png
1,32460,26,25,5,5,20,20,31,Train/31/00031_00013_00000.png
1,14113,36,36,5,6,30,30,9,Train/9/00009_00018_00013.png
1,33613,36,47,6,6,31,42,33,Train/33/00033_00017_00013.png
1,20344,39,43,6,5,34,38,12,Train/12/00012_00066_00004.png
1,19925,95,96,9,9,87,87,12,Train/12/00012_00052_00005.png
1,27946,63,60,5,6,58,55,23,Train/23/00023_00008_00016.png
1,31196,85,80,7,7,78,73,28,Train/28/00028_00012_00026.png
1,35604,69,69,7,6,63,63,36,Train/36/00036_00006_00025.png
1,17361,88,80,8,8,81,73,11,Train/11/00011_00010_00021.png
1,24934,29,29,6,6,24,24,17,Train/17/00017_00016_00004.png
1,22922,57,67,5,6,52,61,14,Train/14/00014_00010_00002.png
1,14670,28,28,6,6,23,23,9,Train/9/00009_00037_00000.png
1,18012,50,49,6,6,45,44,11,Train/11/00011_00032_00012.png
1,38316,35,34,6,5,30,29,39,Train/39/00039_00008_00007.png
1,14770,42,45,5,6,37,40,9,Train/9/00009_00040_00010.png
1,22968,58,56,6,5,52,51,14,Train/14/00014_00011_00018.png
1,13670,41,42,5,6,36,37,9,Train/9/00009_00003_00020.png
1,25236,28,29,5,6,22,24,17,Train/17/00017_00026_00006.png
1,12785,30,29,6,6,25,23,8,Train/8/00008_00021_00005.png
1,29190,38,38,5,6,33,33,25,Train/25/00025_00024_00000.png
1,7484,38,38,6,6,33,33,4,Train/4/00004_00034_00014.png
1,1878,58,59,5,6,53,54,1,Train/1/00001_00043_00018.png
1,11087,38,39,6,6,33,34,7,Train/7/00007_00012_00017.png
1,16444,30,29,6,6,24,24,10,Train/10/00010_00047_00004.png
1,15694,38,39,6,5,33,34,10,Train/10/00010_00022_00004.png
1,4567,45,45,6,6,40,40,2,Train/2/00002_00059_00007.png
1,9523,37,35,6,5,31,30,5,Train/5/00005_00036_00013.png
1,21132,52,52,6,5,47,47,13,Train/13/00013_00022_00012.png
1,8448,44,46,5,6,39,41,5,Train/5/00005_00000_00018.png
1,27028,106,84,9,7,97,77,21,Train/21/00021_00001_00028.png
1,25794,117,100,11,8,106,92,18,Train/18/00018_00007_00024.png
1,16681,29,29,5,5,24,24,10,Train/10/00010_00055_00001.png
1,18905,35,34,6,5,30,29,12,Train/12/00012_00018_00005.png
1,26172,77,71,7,6,70,64,18,Train/18/00018_00020_00012.png
1,3569,99,99,8,8,91,91,2,Train/2/00002_00025_00029.png
1,26149,68,67,7,6,62,61,18,Train/18/00018_00019_00019.png
1,12477,68,68,6,6,62,62,8,Train/8/00008_00010_00027.png
1,28167,161,143,14,13,148,131,23,Train/23/00023_00015_00027.png
1,16604,45,44,6,5,40,39,10,Train/10/00010_00052_00014.png
1,258,40,40,5,5,35,35,20,Train/20/00020_00008_00018.png
1,6816,33,33,6,6,28,28,4,Train/4/00004_00012_00006.png
1,17134,38,37,5,6,33,32,11,Train/11/00011_00003_00004.png
1,8191,28,29,5,6,23,24,4,Train/4/00004_00058_00001.png
1,6905,31,31,6,6,26,26,4,Train/4/00004_00015_00005.png
1,25315,59,61,5,6,54,56,17,Train/17/00017_00028_00025.png
1,26787,141,121,13,10,129,110,19,Train/19/00019_00000_00027.png
1,29681,42,41,5,6,37,36,25,Train/25/00025_00040_00011.png
1,22641,96,96,8,8,88,88,14,Train/14/00014_00000_00021.png
1,39100,38,38,6,6,33,33,42,Train/42/00042_00004_00011.png
1,5040,26,28,6,6,21,22,3,Train/3/00003_00000_00000.png
1,30634,36,33,6,6,31,28,27,Train/27/00027_00002_00004.png
1,24308,33,32,6,5,28,27,16,Train/16/00016_00009_00008.png
1,30707,54,52,6,6,49,47,27,Train/27/00027_00004_00017.png
1,31529,170,144,14,12,156,132,29,Train/29/00029_00005_00029.png
1,4203,28,28,6,6,23,23,2,Train/2/00002_00047_00003.png
1,1403,58,59,6,5,53,53,1,Train/1/00001_00027_00023.png
1,9320,41,40,5,5,36,35,5,Train/5/00005_00029_00020.png
1,37802,30,33,5,6,25,28,38,Train/38/00038_00060_00003.png
1,6541,28,28,5,5,23,23,4,Train/4/00004_00003_00001.png
1,23866,41,48,6,6,36,43,15,Train/15/00015_00015_00016.png
1,2247,84,99,7,8,77,91,1,Train/1/00001_00055_00027.png
1,791,61,62,5,6,56,56,1,Train/1/00001_00007_00011.png
1,25753,54,49,5,6,49,44,18,Train/18/00018_00006_00013.png
1,4125,41,41,5,5,36,36,2,Train/2/00002_00044_00015.png
1,2514,64,67,5,6,59,61,1,Train/1/00001_00064_00024.png
1,13562,35,34,6,5,30,29,9,Train/9/00009_00000_00002.png
1,33526,40,43,5,6,35,38,33,Train/33/00033_00014_00016.png
1,10204,28,28,5,5,23,23,5,Train/5/00005_00059_00004.png
1,3905,30,30,5,5,25,25,2,Train/2/00002_00037_00005.png
1,20864,51,49,6,6,46,44,13,Train/13/00013_00013_00014.png
1,37772,37,37,6,6,32,32,38,Train/38/00038_00059_00003.png
1,13517,48,49,5,6,43,44,8,Train/8/00008_00045_00017.png
1,23304,81,95,8,9,74,87,14,Train/14/00014_00022_00024.png
1,21891,94,81,8,7,86,74,13,Train/13/00013_00047_00021.png
1,16744,34,34,5,6,29,29,10,Train/10/00010_00057_00004.png
1,15712,51,53,5,6,46,48,10,Train/10/00010_00022_00022.png
1,15472,52,53,5,6,47,48,10,Train/10/00010_00014_00022.png
1,3232,52,52,6,6,47,47,2,Train/2/00002_00014_00022.png
1,1189,65,65,6,6,60,60,1,Train/1/00001_00020_00019.png
1,31173,28,27,5,6,23,22,28,Train/28/00028_00012_00003.png
1,27088,146,132,12,11,134,121,21,Train/21/00021_00003_00028.png
1,30792,42,38,6,5,36,32,27,Train/27/00027_00007_00012.png
1,19304,50,50,6,6,45,45,12,Train/12/00012_00031_00014.png
1,16829,109,111,10,9,100,102,10,Train/10/00010_00059_00029.png
1,5200,36,35,6,5,31,30,3,Train/3/00003_00005_00010.png
1,26462,30,27,6,5,24,21,18,Train/18/00018_00030_00002.png
1,26154,93,92,9,8,85,84,18,Train/18/00018_00019_00024.png
1,15624,71,72,7,7,65,66,10,Train/10/00010_00019_00024.png
1,34475,30,29,6,5,25,24,35,Train/35/00035_00009_00006.png
1,30490,37,34,5,6,32,28,26,Train/26/00026_00017_00010.png
1,24329,52,56,6,6,47,51,16,Train/16/00016_00009_00029.png
1,30667,42,44,5,6,37,39,27,Train/27/00027_00003_00007.png
1,27000,32,31,6,6,27,26,21,Train/21/00021_00001_00000.png
1,13877,56,56,6,6,51,51,9,Train/9/00009_00010_00017.png
1,35278,93,89,8,8,84,82,35,Train/35/00035_00035_00029.png
1,31353,31,40,5,6,26,35,29,Train/29/00029_00000_00003.png
1,17000,36,38,6,6,31,32,10,Train/10/00010_00065_00020.png
1,27537,142,124,12,10,130,114,22,Train/22/00022_00007_00027.png
1,14291,36,39,6,6,31,34,9,Train/9/00009_00024_00011.png
1,10986,30,32,5,5,25,27,7,Train/7/00007_00009_00006.png
1,7389,31,32,5,5,26,27,4,Train/4/00004_00031_00009.png
1,38157,108,110,10,9,99,101,39,Train/39/00039_00002_00028.png
1,22666,60,59,6,6,54,54,14,Train/14/00014_00001_00016.png
1,2098,73,71,6,6,66,65,1,Train/1/00001_00050_00028.png
1,35497,31,30,6,5,26,25,36,Train/36/00036_00003_00008.png
1,12010,33,34,5,6,28,29,7,Train/7/00007_00043_00010.png
1,28058,32,32,5,6,26,27,23,Train/23/00023_00012_00008.png
1,20784,74,71,7,6,67,64,13,Train/13/00013_00010_00024.png
1,1164,50,52,5,6,45,47,1,Train/1/00001_00019_00024.png
1,39015,40,40,5,5,35,35,42,Train/42/00042_00001_00016.png
1,27621,44,44,5,6,39,39,22,Train/22/00022_00010_00021.png
1,10777,43,45,6,5,37,40,7,Train/7/00007_00002_00007.png
1,10294,32,33,5,5,27,28,6,Train/6/00006_00000_00004.png
1,36619,56,59,6,6,51,54,38,Train/38/00038_00020_00020.png
1,10107,52,55,5,5,47,50,5,Train/5/00005_00055_00027.png
1,3036,29,29,6,5,24,24,2,Train/2/00002_00008_00006.png
1,37928,31,33,5,5,26,28,38,Train/38/00038_00064_00009.png
1,30848,43,37,6,5,37,32,28,Train/28/00028_00001_00008.png
1,5149,43,43,5,5,38,38,3,Train/3/00003_00003_00019.png
1,37134,71,70,7,6,65,64,38,Train/38/00038_00037_00025.png
1,517,33,30,6,5,28,25,0,Train/0/00000_00005_00007.png
1,13451,34,33,5,6,29,28,8,Train/8/00008_00043_00011.png
1,13822,44,44,5,5,38,38,9,Train/9/00009_00008_00022.png
1,34320,28,28,5,5,23,23,35,Train/35/00035_00004_00001.png
1,27937,46,43,5,5,41,38,23,Train/23/00023_00008_00007.png
1,30438,130,113,12,9,118,103,26,Train/26/00026_00015_00018.png
1,3382,52,53,6,6,47,48,2,Train/2/00002_00019_00022.png
1,18832,55,57,6,5,50,52,12,Train/12/00012_00015_00022.png
1,13946,93,96,9,8,85,88,9,Train/9/00009_00012_00026.png
1,34686,44,43,6,5,39,38,35,Train/35/00035_00016_00007.png
1,36954,82,81,8,7,75,74,38,Train/38/00038_00031_00025.png
1,7993,41,39,6,6,35,34,4,Train/4/00004_00051_00013.png
1,35748,48,49,6,5,43,44,36,Train/36/00036_00011_00019.png
1,15121,30,31,5,6,25,26,10,Train/10/00010_00003_00001.png
1,16365,33,35,5,6,28,30,10,Train/10/00010_00044_00015.png
1,29288,41,42,5,5,36,37,25,Train/25/00025_00027_00008.png
1,6593,94,92,8,8,86,84,4,Train/4/00004_00004_00023.png
1,768,62,76,5,7,57,69,1,Train/1/00001_00006_00018.png
1,32890,33,31,6,5,28,26,32,Train/32/00032_00001_00010.png
1,36846,28,29,5,6,23,24,38,Train/38/00038_00028_00007.png
1,35630,35,37,5,6,30,32,36,Train/36/00036_00007_00021.png
1,30600,37,34,6,5,32,29,27,Train/27/00027_00001_00000.png
1,28350,25,26,5,5,20,20,24,Train/24/00024_00005_00000.png
1,10154,39,38,6,6,34,33,5,Train/5/00005_00057_00014.png
1,37581,71,110,6,10,64,100,38,Train/38/00038_00052_00022.png
1,13207,34,34,6,6,29,29,8,Train/8/00008_00035_00007.png
1,27333,31,30,5,6,26,25,22,Train/22/00022_00001_00003.png
1,1512,40,39,6,5,35,34,1,Train/1/00001_00031_00012.png
1,12835,64,62,5,6,59,57,8,Train/8/00008_00022_00025.png
1,6900,28,29,5,6,23,24,4,Train/4/00004_00015_00000.png
1,35401,28,29,5,6,23,24,36,Train/36/00036_00000_00002.png
1,19408,123,125,11,11,113,115,12,Train/12/00012_00034_00028.png
1,81,58,57,5,6,53,52,20,Train/20/00020_00002_00021.png
1,14075,30,31,6,5,25,26,9,Train/9/00009_00017_00005.png
1,14919,36,41,5,6,31,35,9,Train/9/00009_00045_00009.png
1,21737,53,47,6,6,48,42,13,Train/13/00013_00042_00017.png
1,17782,64,57,6,5,59,52,11,Train/11/00011_00024_00022.png
1,35148,37,38,5,5,32,33,35,Train/35/00035_00031_00019.png
1,7653,27,27,5,5,22,22,4,Train/4/00004_00040_00003.png
1,35019,35,35,6,5,29,29,35,Train/35/00035_00027_00010.png
1,4951,27,27,5,5,21,22,2,Train/2/00002_00072_00001.png
1,23189,158,161,14,14,145,147,14,Train/14/00014_00018_00029.png
1,25544,30,35,6,6,25,30,17,Train/17/00017_00036_00014.png
1,17753,68,58,7,6,62,53,11,Train/11/00011_00023_00023.png
1,6931,29,32,5,5,24,27,4,Train/4/00004_00016_00001.png
1,13502,32,32,5,6,27,27,8,Train/8/00008_00045_00002.png
1,3354,60,61,5,6,54,55,2,Train/2/00002_00018_00024.png
1,5454,59,59,6,6,53,54,3,Train/3/00003_00013_00024.png
1,14205,43,44,5,5,38,39,9,Train/9/00009_00021_00015.png
1,30857,55,50,6,6,49,45,28,Train/28/00028_00001_00017.png
1,26055,39,37,5,6,34,32,18,Train/18/00018_00016_00015.png
1,11306,57,61,5,5,52,56,7,Train/7/00007_00019_00026.png
1,37241,33,35,6,6,28,30,38,Train/38/00038_00041_00012.png
1,12347,37,37,5,5,32,32,8,Train/8/00008_00006_00017.png
1,38529,63,63,5,5,58,58,40,Train/40/00040_00005_00010.png
1,31628,34,32,6,5,29,27,30,Train/30/00030_00000_00008.png
1,36811,27,27,5,5,22,22,38,Train/38/00038_00027_00002.png
1,20882,45,42,5,6,39,37,13,Train/13/00013_00014_00002.png
1,12128,28,28,5,5,22,22,7,Train/7/00007_00047_00008.png
1,24548,29,30,6,6,24,25,17,Train/17/00017_00003_00008.png
1,4799,47,49,5,5,42,44,2,Train/2/00002_00066_00029.png
1,1734,43,46,5,6,38,41,1,Train/1/00001_00038_00024.png
1,28395,51,46,5,5,46,41,24,Train/24/00024_00006_00015.png
1,12817,34,31,6,6,28,26,8,Train/8/00008_00022_00007.png
1,260,42,43,5,6,37,38,20,Train/20/00020_00008_00020.png
1,13101,49,52,6,6,44,47,8,Train/8/00008_00031_00021.png
1,33062,28,29,6,6,23,23,32,Train/32/00032_00007_00002.png
1,11017,36,36,5,6,31,31,7,Train/7/00007_00010_00007.png
1,14184,30,30,6,5,25,25,9,Train/9/00009_00020_00024.png
1,9977,44,44,5,5,39,39,5,Train/5/00005_00051_00017.png
1,8932,56,57,5,6,51,52,5,Train/5/00005_00016_00022.png
1,33344,61,61,5,5,55,56,33,Train/33/00033_00008_00014.png
1,27940,51,48,6,6,46,43,23,Train/23/00023_00008_00010.png
1,14641,34,34,5,5,29,29,9,Train/9/00009_00036_00001.png
1,2430,32,31,6,5,27,26,1,Train/1/00001_00062_00000.png
1,21290,35,35,5,5,30,30,13,Train/13/00013_00027_00020.png
1,27914,49,43,6,6,44,38,23,Train/23/00023_00007_00014.png
1,35918,31,31,5,5,25,26,37,Train/37/00037_00004_00009.png
1,30687,57,58,5,6,52,53,27,Train/27/00027_00003_00027.png
1,21386,92,83,9,7,84,76,13,Train/13/00013_00030_00026.png
1,20484,60,58,5,5,55,53,13,Train/13/00013_00000_00024.png
1,18468,50,50,6,6,45,45,12,Train/12/00012_00003_00018.png
1,14381,33,33,5,6,27,28,9,Train/9/00009_00027_00011.png
1,1291,27,28,6,5,22,23,1,Train/1/00001_00024_00001.png
1,9759,37,38,5,5,31,33,5,Train/5/00005_00044_00009.png
1,20260,34,36,5,6,29,31,12,Train/12/00012_00063_00010.png
1,17467,37,35,6,5,32,30,11,Train/11/00011_00014_00007.png
1,31413,38,36,5,5,33,31,29,Train/29/00029_00002_00003.png
1,2908,72,72,7,7,66,66,2,Train/2/00002_00003_00028.png
1,16670,49,49,6,6,44,44,10,Train/10/00010_00054_00020.png
1,13809,29,28,6,5,24,23,9,Train/9/00009_00008_00009.png
1,26862,42,40,6,5,37,35,19,Train/19/00019_00003_00012.png
1,22766,129,130,11,12,118,119,14,Train/14/00014_00004_00026.png
1,7293,31,31,6,6,26,26,4,Train/4/00004_00028_00003.png
1,35977,45,48,6,5,40,43,37,Train/37/00037_00006_00008.png
1,34369,39,40,6,6,34,34,35,Train/35/00035_00005_00020.png
1,16155,36,35,6,6,31,29,10,Train/10/00010_00037_00015.png
1,17081,67,63,6,5,61,58,11,Train/11/00011_00001_00011.png
1,27034,32,31,5,6,27,26,21,Train/21/00021_00002_00004.png
1,24086,118,119,10,11,108,109,16,Train/16/00016_00001_00026.png
1,5245,76,84,7,7,70,77,3,Train/3/00003_00006_00025.png
1,17743,42,38,6,5,37,33,11,Train/11/00011_00023_00013.png
1,1864,41,41,6,6,36,36,1,Train/1/00001_00043_00004.png
1,26009,119,120,11,10,109,110,18,Train/18/00018_00014_00029.png
1,8848,69,68,7,6,63,62,5,Train/5/00005_00013_00028.png
1,17471,40,41,5,6,35,35,11,Train/11/00011_00014_00011.png
1,17111,94,83,9,7,86,76,11,Train/11/00011_00002_00011.png
1,1366,76,73,7,7,69,67,1,Train/1/00001_00026_00016.png
1,32122,59,56,5,6,54,51,31,Train/31/00031_00001_00022.png
1,29783,81,72,8,6,74,66,25,Train/25/00025_00043_00023.png
1,16743,33,32,5,5,28,27,10,Train/10/00010_00057_00003.png
1,9709,49,49,6,5,44,44,5,Train/5/00005_00042_00019.png
1,16542,36,36,6,6,31,31,10,Train/10/00010_00050_00012.png
1,38435,36,35,6,5,31,30,40,Train/40/00040_00002_00006.png
1,19368,49,56,5,5,44,51,12,Train/12/00012_00033_00018.png
1,1260,32,30,6,5,27,25,1,Train/1/00001_00023_00000.png
1,33405,36,37,6,6,31,31,33,Train/33/00033_00010_00015.png
1,9087,59,61,5,5,54,56,5,Train/5/00005_00021_00027.png
1,35986,61,62,6,5,55,57,37,Train/37/00037_00006_00017.png
1,36376,32,32,5,6,27,27,38,Train/38/00038_00012_00017.png
1,26979,45,42,6,5,39,36,21,Train/21/00021_00000_00009.png
1,29567,52,48,5,6,47,43,25,Train/25/00025_00036_00017.png
1,25358,47,48,6,5,42,43,17,Train/17/00017_00030_00008.png
1,7083,27,30,5,5,22,25,4,Train/4/00004_00021_00003.png
1,2060,51,51,5,5,46,46,1,Train/1/00001_00049_00020.png
1,7332,37,37,5,5,32,32,4,Train/4/00004_00029_00012.png
1,23371,29,29,6,5,23,23,14,Train/14/00014_00025_00001.png
1,13042,62,62,5,5,57,57,8,Train/8/00008_00029_00022.png
1,9136,41,40,6,5,36,35,5,Train/5/00005_00023_00016.png
1,13081,27,26,6,5,22,21,8,Train/8/00008_00031_00001.png
1,14825,35,35,5,5,29,30,9,Train/9/00009_00042_00005.png
1,6575,48,48,6,6,43,43,4,Train/4/00004_00004_00005.png
1,267,61,61,6,6,56,56,20,Train/20/00020_00008_00027.png
1,23146,42,41,6,5,37,36,14,Train/14/00014_00017_00016.png
1,38159,27,25,6,5,22,20,39,Train/39/00039_00003_00000.png
1,30183,32,29,5,5,27,23,26,Train/26/00026_00007_00003.png
1,25966,47,46,6,5,42,41,18,Train/18/00018_00013_00016.png
1,17313,46,42,6,6,40,36,11,Train/11/00011_00009_00003.png
1,13839,37,38,5,6,31,33,9,Train/9/00009_00009_00009.png
1,20896,70,61,6,5,63,56,13,Train/13/00013_00014_00016.png
1,34585,59,59,5,5,54,54,35,Train/35/00035_00012_00026.png
1,3266,107,113,10,10,98,104,2,Train/2/00002_00015_00026.png
1,32525,46,42,6,6,40,36,31,Train/31/00031_00015_00005.png
1,30293,52,46,6,6,47,41,26,Train/26/00026_00010_00023.png
1,6941,32,35,5,5,27,30,4,Train/4/00004_00016_00011.png
1,33069,33,32,6,6,27,27,32,Train/32/00032_00007_00009.png
1,11623,33,32,6,5,28,27,7,Train/7/00007_00030_00013.png
1,19128,49,54,5,5,44,49,12,Train/12/00012_00025_00018.png
1,37753,47,49,5,6,42,44,38,Train/38/00038_00058_00014.png
1,32138,42,41,5,6,37,36,31,Train/31/00031_00002_00008.png
1,11288,29,27,6,5,24,22,7,Train/7/00007_00019_00008.png
1,12339,34,34,6,6,29,29,8,Train/8/00008_00006_00009.png
1,30712,63,59,6,6,58,54,27,Train/27/00027_00004_00022.png
1,29734,36,34,6,6,31,29,25,Train/25/00025_00042_00004.png
1,16951,26,27,5,5,20,21,10,Train/10/00010_00064_00001.png
1,33158,40,40,5,6,35,35,33,Train/33/00033_00002_00008.png
1,28882,58,56,5,6,52,51,25,Train/25/00025_00013_00022.png
1,17367,116,104,10,9,106,95,11,Train/11/00011_00010_00027.png
1,14593,35,35,5,6,30,30,9,Train/9/00009_00034_00013.png
1,12072,34,34,6,5,29,28,7,Train/7/00007_00045_00012.png
1,2994,55,56,6,6,50,51,2,Train/2/00002_00006_00024.png
1,21979,57,58,5,5,52,53,13,Train/13/00013_00050_00019.png
1,36744,70,74,7,7,64,68,38,Train/38/00038_00024_00025.png
1,17911,50,46,6,6,45,41,11,Train/11/00011_00029_00001.png
1,13404,50,49,6,5,45,44,8,Train/8/00008_00041_00024.png
1,13270,35,36,6,6,30,31,8,Train/8/00008_00037_00010.png
1,30550,36,32,6,6,30,27,26,Train/26/00026_00019_00010.png
1,10762,38,39,6,6,33,34,7,Train/7/00007_00001_00022.png
1,26515,55,52,6,6,50,46,18,Train/18/00018_00031_00025.png
1,17778,52,46,5,5,47,41,11,Train/11/00011_00024_00018.png
1,19910,46,46,6,5,41,41,12,Train/12/00012_00051_00020.png
1,22878,50,57,6,5,45,51,14,Train/14/00014_00008_00018.png
1,21240,33,36,6,5,28,31,13,Train/13/00013_00026_00000.png
1,4942,38,39,5,6,32,33,2,Train/2/00002_00071_00022.png
1,21248,37,45,5,5,32,40,13,Train/13/00013_00026_00008.png
1,23518,50,52,5,5,45,47,15,Train/15/00015_00003_00028.png
1,12485,33,34,5,6,28,29,8,Train/8/00008_00011_00005.png
1,23321,46,47,5,5,41,42,14,Train/14/00014_00023_00011.png
1,28707,118,109,10,9,108,99,25,Train/25/00025_00007_00027.png
1,17420,76,72,7,7,70,66,11,Train/11/00011_00012_00020.png
1,24972,44,45,6,6,39,40,17,Train/17/00017_00017_00012.png
1,35498,31,33,5,6,26,27,36,Train/36/00036_00003_00009.png
1,13389,38,39,5,6,33,34,8,Train/8/00008_00041_00009.png
1,4213,29,29,5,5,24,24,2,Train/2/00002_00047_00013.png
1,16993,33,30,6,5,27,25,10,Train/10/00010_00065_00013.png
1,36215,33,35,5,5,28,30,38,Train/38/00038_00007_00006.png
1,17771,40,36,5,5,35,31,11,Train/11/00011_00024_00011.png
1,29509,80,70,7,6,73,64,25,Train/25/00025_00034_00019.png
1,4884,31,32,5,5,26,27,2,Train/2/00002_00069_00024.png
1,20102,40,37,6,5,35,32,12,Train/12/00012_00058_00002.png
1,22139,165,144,14,13,151,132,13,Train/13/00013_00055_00029.png
1,5540,44,47,5,6,39,42,3,Train/3/00003_00016_00020.png
1,4651,34,34,5,6,28,29,2,Train/2/00002_00062_00001.png
1,27221,58,46,6,5,53,41,21,Train/21/00021_00008_00011.png
1,16851,45,42,6,6,40,37,10,Train/10/00010_00060_00021.png
1,459,34,34,5,5,29,29,0,Train/0/00000_00003_00009.png
1,18413,60,59,6,5,55,53,12,Train/12/00012_00001_00023.png
1,28032,64,58,5,6,58,53,23,Train/23/00023_00011_00012.png
1,5778,37,35,5,6,32,30,3,Train/3/00003_00024_00018.png
1,37663,59,59,5,5,53,54,38,Train/38/00038_00055_00014.png
1,19177,40,39,6,5,35,34,12,Train/12/00012_00027_00007.png
1,9323,49,45,5,5,44,40,5,Train/5/00005_00029_00023.png
1,2774,53,53,5,5,48,48,1,Train/1/00001_00073_00014.png
1,16355,29,29,6,5,24,24,10,Train/10/00010_00044_00005.png
1,14663,74,73,7,6,68,67,9,Train/9/00009_00036_00023.png
1,29739,39,37,6,5,34,32,25,Train/25/00025_00042_00009.png
1,31082,36,34,5,5,31,29,28,Train/28/00028_00009_00002.png
1,15274,33,32,6,5,28,27,10,Train/10/00010_00008_00004.png
1,7463,56,57,5,5,51,52,4,Train/4/00004_00033_00023.png
1,26601,58,54,6,5,52,48,18,Train/18/00018_00034_00021.png
1,24269,57,55,6,5,51,50,16,Train/16/00016_00007_00029.png
1,4407,64,63,5,5,59,58,2,Train/2/00002_00053_00027.png
1,13143,29,29,6,6,23,24,8,Train/8/00008_00033_00003.png
1,6208,121,128,10,12,111,117,3,Train/3/00003_00038_00028.png
1,35917,31,31,5,5,25,25,37,Train/37/00037_00004_00008.png
1,8116,41,40,6,6,36,35,4,Train/4/00004_00055_00016.png
1,16520,44,44,5,5,39,39,10,Train/10/00010_00049_00020.png
1,7090,34,35,5,5,29,30,4,Train/4/00004_00021_00010.png
1,6390,29,28,6,5,24,23,3,Train/3/00003_00045_00000.png
1,25426,34,34,6,5,29,29,17,Train/17/00017_00032_00016.png
1,38328,47,48,6,6,41,42,39,Train/39/00039_00008_00019.png
1,10411,31,30,6,5,26,25,6,Train/6/00006_00004_00001.png
1,319,51,46,6,5,46,40,20,Train/20/00020_00010_00019.png
1,19943,139,141,12,12,127,129,12,Train/12/00012_00052_00023.png
1,25996,48,49,6,5,43,44,18,Train/18/00018_00014_00016.png
1,22307,80,74,8,7,73,68,13,Train/13/00013_00061_00017.png
1,16276,38,37,6,6,33,32,10,Train/10/00010_00041_00016.png
1,36719,30,30,6,5,25,25,38,Train/38/00038_00024_00000.png
1,19731,71,73,6,6,65,67,12,Train/12/00012_00045_00021.png
1,1787,54,54,6,6,49,49,1,Train/1/00001_00040_00017.png
1,18541,29,26,6,5,23,20,12,Train/12/00012_00006_00001.png
1,12011,34,35,6,6,29,30,7,Train/7/00007_00043_00011.png
1,21381,61,58,6,6,56,53,13,Train/13/00013_00030_00021.png
1,14812,39,40,6,5,34,35,9,Train/9/00009_00041_00022.png
1,1664,42,42,5,6,37,37,1,Train/1/00001_00036_00014.png
1,29603,69,59,7,5,63,54,25,Train/25/00025_00037_00023.png
1,21855,48,50,5,6,43,45,13,Train/13/00013_00046_00015.png
1,32942,27,28,6,5,22,23,32,Train/32/00032_00003_00002.png
1,643,52,55,5,6,47,50,1,Train/1/00001_00002_00013.png
1,36808,35,38,5,6,30,33,38,Train/38/00038_00026_00029.png
1,10991,34,36,6,6,29,31,7,Train/7/00007_00009_00011.png
1,1743,36,35,5,5,31,30,1,Train/1/00001_00039_00003.png
1,6628,133,129,12,11,122,118,4,Train/4/00004_00005_00028.png
1,481,56,60,5,5,50,54,0,Train/0/00000_00004_00001.png
1,21689,143,122,13,10,131,112,13,Train/13/00013_00040_00029.png
1,14748,41,41,5,5,36,36,9,Train/9/00009_00039_00018.png
1,2956,43,42,6,5,38,37,2,Train/2/00002_00005_00016.png
1,16103,57,54,6,6,51,49,10,Train/10/00010_00035_00023.png
1,20746,46,43,6,5,40,37,13,Train/13/00013_00009_00016.png
1,34963,41,40,5,5,36,35,35,Train/35/00035_00025_00014.png
1,196,41,39,5,6,36,33,20,Train/20/00020_00006_00016.png
1,473,62,60,5,6,56,55,0,Train/0/00000_00003_00023.png
1,24198,36,37,5,6,31,32,16,Train/16/00016_00005_00018.png
1,16033,34,34,6,6,29,29,10,Train/10/00010_00033_00013.png
1,15575,34,34,5,5,29,29,10,Train/10/00010_00018_00005.png
1,12380,47,46,6,5,42,41,8,Train/8/00008_00007_00020.png
1,24819,29,27,5,5,24,22,17,Train/17/00017_00012_00009.png
1,34055,33,33,5,5,28,28,34,Train/34/00034_00009_00006.png
1,23495,30,32,6,5,25,27,15,Train/15/00015_00003_00005.png
1,8614,32,33,5,6,27,28,5,Train/5/00005_00006_00004.png
1,7481,36,36,6,6,31,31,4,Train/4/00004_00034_00011.png
1,33311,56,58,5,6,50,53,33,Train/33/00033_00007_00011.png
1,30105,50,45,5,5,45,40,26,Train/26/00026_00004_00015.png
1,13468,71,69,7,6,65,63,8,Train/8/00008_00043_00028.png
1,34758,40,42,5,5,35,37,35,Train/35/00035_00018_00019.png
1,11713,38,39,5,6,33,34,7,Train/7/00007_00033_00013.png
1,1736,49,51,6,6,44,46,1,Train/1/00001_00038_00026.png
1,7684,32,31,6,5,27,26,4,Train/4/00004_00041_00004.png
1,24595,30,30,5,5,25,25,17,Train/17/00017_00004_00025.png
1,13188,49,52,6,6,44,47,8,Train/8/00008_00034_00018.png
1,35446,44,45,6,5,39,39,36,Train/36/00036_00001_00017.png
1,5887,27,30,5,5,22,24,3,Train/3/00003_00028_00007.png
1,7513,40,40,5,5,35,35,4,Train/4/00004_00035_00013.png
1,9298,64,59,6,5,59,54,5,Train/5/00005_00028_00028.png
1,14041,44,45,5,6,39,40,9,Train/9/00009_00016_00001.png
1,10627,31,32,5,6,26,27,6,Train/6/00006_00011_00007.png
1,5432,29,29,6,6,24,24,3,Train/3/00003_00013_00002.png
1,35533,38,42,5,6,33,36,36,Train/36/00036_00004_00014.png
1,17497,29,31,5,6,24,25,11,Train/11/00011_00015_00007.png
1,32309,72,64,7,5,66,59,31,Train/31/00031_00007_00029.png
1,136,41,41,6,6,36,36,20,Train/20/00020_00004_00016.png
1,7650,26,27,5,6,21,22,4,Train/4/00004_00040_00000.png
1,14128,45,44,5,6,40,39,9,Train/9/00009_00018_00028.png
1,36539,29,29,6,6,24,24,38,Train/38/00038_00018_00000.png
1,13903,43,44,6,5,37,38,9,Train/9/00009_00011_00013.png
1,24527,31,45,5,5,26,39,17,Train/17/00017_00002_00017.png
1,15403,38,38,5,5,33,33,10,Train/10/00010_00012_00013.png
1,37981,32,34,5,5,27,29,38,Train/38/00038_00066_00002.png
1,22663,51,51,6,6,46,46,14,Train/14/00014_00001_00013.png
1,38504,58,57,6,5,53,52,40,Train/40/00040_00004_00015.png
1,7467,83,85,8,7,76,78,4,Train/4/00004_00033_00027.png
1,18192,60,56,5,6,55,51,11,Train/11/00011_00038_00012.png
1,14302,53,58,6,5,48,52,9,Train/9/00009_00024_00022.png
1,27765,54,49,5,5,49,43,23,Train/23/00023_00002_00015.png
1,6467,55,56,5,6,50,51,4,Train/4/00004_00000_00017.png
1,37223,76,93,7,9,70,85,38,Train/38/00038_00040_00024.png
1,38852,27,28,5,6,22,23,41,Train/41/00041_00004_00003.png
1,29216,117,105,11,9,107,96,25,Train/25/00025_00024_00026.png
1,6861,48,50,5,5,42,45,4,Train/4/00004_00013_00021.png
1,23414,47,50,5,6,42,45,15,Train/15/00015_00000_00014.png
1,34296,29,29,6,6,24,24,35,Train/35/00035_00003_00007.png
1,28321,33,28,6,5,27,23,24,Train/24/00024_00004_00001.png
1,38177,43,44,5,5,38,39,39,Train/39/00039_00003_00018.png
1,30153,33,30,6,6,28,25,26,Train/26/00026_00006_00003.png
1,38228,37,37,5,5,32,32,39,Train/39/00039_00005_00009.png
1,26106,50,47,6,6,45,42,18,Train/18/00018_00018_00006.png
1,28258,73,73,6,7,67,67,24,Train/24/00024_00001_00028.png
1,6316,42,43,6,6,37,38,3,Train/3/00003_00042_00016.png
1,11989,50,50,6,6,45,45,7,Train/7/00007_00042_00019.png
1,22698,48,48,6,6,43,43,14,Train/14/00014_00002_00018.png
1,36631,29,29,5,5,23,23,38,Train/38/00038_00021_00002.png
1,31099,62,54,6,5,57,49,28,Train/28/00028_00009_00019.png
1,12976,31,32,5,6,26,26,8,Train/8/00008_00027_00016.png
1,33461,38,38,5,6,33,33,33,Train/33/00033_00012_00011.png
1,170,48,44,6,5,43,39,20,Train/20/00020_00005_00020.png
1,2584,36,37,6,6,31,32,1,Train/1/00001_00067_00004.png
1,13060,31,30,6,5,25,24,8,Train/8/00008_00030_00010.png
1,3848,36,36,5,5,31,31,2,Train/2/00002_00035_00008.png
1,29085,44,39,6,5,39,34,25,Train/25/00025_00020_00015.png
1,17154,98,87,9,7,90,79,11,Train/11/00011_00003_00024.png
1,2830,33,33,6,6,27,28,2,Train/2/00002_00001_00010.png
1,5566,51,54,5,6,46,49,3,Train/3/00003_00017_00016.png
1,14577,84,76,8,7,77,70,9,Train/9/00009_00033_00027.png
1,7217,52,49,6,5,47,44,4,Train/4/00004_00025_00017.png
1,18892,68,67,7,6,62,61,12,Train/12/00012_00017_00022.png
1,6413,67,65,6,5,61,59,3,Train/3/00003_00045_00023.png
1,31405,104,93,10,8,95,85,29,Train/29/00029_00001_00025.png
1,18250,46,42,6,5,41,37,11,Train/11/00011_00040_00010.png
1,21421,34,31,6,6,29,26,13,Train/13/00013_00032_00001.png
1,28318,158,140,13,13,145,128,24,Train/24/00024_00003_00028.png
1,6021,79,86,7,8,72,79,3,Train/3/00003_00032_00021.png
1,23151,58,58,6,6,52,53,14,Train/14/00014_00017_00021.png
1,37646,83,92,7,8,75,83,38,Train/38/00038_00054_00027.png
1,23243,113,110,10,9,104,101,14,Train/14/00014_00020_00023.png
1,4412,30,30,6,6,25,25,2,Train/2/00002_00054_00002.png
1,16978,55,56,6,5,49,50,10,Train/10/00010_00064_00028.png
1,11108,35,35,5,6,30,30,7,Train/7/00007_00013_00008.png
1,25183,36,39,5,5,31,33,17,Train/17/00017_00024_00013.png
1,5202,38,38,6,6,33,33,3,Train/3/00003_00005_00012.png
1,26906,88,83,8,7,81,76,19,Train/19/00019_00004_00026.png
1,5662,45,47,5,6,40,42,3,Train/3/00003_00020_00022.png
1,6514,34,33,6,5,29,28,4,Train/4/00004_00002_00004.png
1,29741,40,38,5,5,35,33,25,Train/25/00025_00042_00011.png
1,13498,64,68,5,6,58,62,8,Train/8/00008_00044_00028.png
1,22542,38,39,5,6,33,34,13,Train/13/00013_00069_00012.png
1,31902,58,52,6,5,53,47,30,Train/30/00030_00009_00012.png
1,15754,30,30,5,5,25,25,10,Train/10/00010_00024_00004.png
1,32620,44,42,5,6,39,37,31,Train/31/00031_00018_00010.png
1,26934,71,64,7,6,65,59,19,Train/19/00019_00005_00024.png
1,37883,61,60,6,5,56,55,38,Train/38/00038_00062_00024.png
1,36586,38,39,5,6,33,34,38,Train/38/00038_00019_00017.png
1,17787,104,92,10,9,95,84,11,Train/11/00011_00024_00027.png
1,11257,30,31,6,6,25,26,7,Train/7/00007_00018_00007.png
1,11503,33,34,5,6,27,29,7,Train/7/00007_00026_00013.png
1,29956,52,49,5,5,47,44,25,Train/25/00025_00049_00016.png
1,31914,105,93,9,8,96,85,30,Train/30/00030_00009_00024.png
1,3768,44,40,6,5,39,35,2,Train/2/00002_00032_00018.png
1,35351,35,34,6,5,29,29,35,Train/35/00035_00038_00012.png
1,22511,69,54,6,6,63,49,13,Train/13/00013_00068_00011.png
1,22619,72,67,7,6,66,61,13,Train/13/00013_00071_00029.png
1,24182,27,26,6,5,22,21,16,Train/16/00016_00005_00002.png
1,12040,29,29,5,5,24,24,7,Train/7/00007_00044_00010.png
1,1178,50,55,5,6,44,50,1,Train/1/00001_00020_00008.png
1,8659,44,45,6,5,39,40,5,Train/5/00005_00007_00019.png
1,9479,55,59,5,5,50,54,5,Train/5/00005_00034_00029.png
1,8589,31,32,6,6,26,27,5,Train/5/00005_00005_00009.png
1,1367,76,75,6,7,70,69,1,Train/1/00001_00026_00017.png
1,38183,65,68,6,7,60,62,39,Train/39/00039_00003_00024.png
1,11956,41,42,5,6,36,37,7,Train/7/00007_00041_00016.png
1,19739,80,80,7,8,73,73,12,Train/12/00012_00045_00029.png
1,10771,38,41,5,5,32,35,7,Train/7/00007_00002_00001.png
1,17169,44,43,6,6,39,38,11,Train/11/00011_00004_00009.png
1,24490,32,33,5,6,27,28,17,Train/17/00017_00001_00010.png
1,33492,50,49,6,5,45,44,33,Train/33/00033_00013_00012.png
1,32722,56,56,5,5,51,51,31,Train/31/00031_00021_00022.png
1,23402,38,40,6,5,33,35,15,Train/15/00015_00000_00002.png
1,39195,38,38,6,5,33,33,42,Train/42/00042_00007_00016.png
1,18806,85,84,8,7,78,77,12,Train/12/00012_00014_00026.png
1,7186,46,46,5,5,41,41,4,Train/4/00004_00024_00016.png
1,762,51,59,5,5,45,54,1,Train/1/00001_00006_00012.png
1,24140,46,46,6,6,41,41,16,Train/16/00016_00003_00020.png
1,9212,29,26,6,5,24,21,5,Train/5/00005_00026_00002.png
1,34346,65,68,5,6,59,61,35,Train/35/00035_00004_00027.png
1,24212,74,73,7,6,68,67,16,Train/16/00016_00006_00002.png
1,7108,106,104,9,10,97,95,4,Train/4/00004_00021_00028.png
1,24965,36,37,5,5,31,32,17,Train/17/00017_00017_00005.png
1,26075,34,30,6,6,28,25,18,Train/18/00018_00017_00005.png
1,30493,42,37,5,6,36,31,26,Train/26/00026_00017_00013.png
1,24538,36,51,5,5,30,46,17,Train/17/00017_00002_00028.png
1,28040,88,81,8,8,81,73,23,Train/23/00023_00011_00020.png
1,19333,40,44,5,6,35,39,12,Train/12/00012_00032_00013.png
1,4395,40,38,6,5,35,33,2,Train/2/00002_00053_00015.png
1,12207,77,73,7,6,71,67,8,Train/8/00008_00001_00027.png
1,27487,35,32,5,6,30,27,22,Train/22/00022_00006_00007.png
1,9866,70,74,6,7,64,68,5,Train/5/00005_00047_00026.png
1,28799,134,117,12,11,123,107,25,Train/25/00025_00010_00029.png
1,20964,93,84,9,7,85,77,13,Train/13/00013_00016_00024.png
1,32381,36,32,6,5,31,27,31,Train/31/00031_00010_00011.png
1,20672,38,35,6,5,33,30,13,Train/13/00013_00007_00002.png
1,16586,89,88,8,7,82,81,10,Train/10/00010_00051_00026.png
1,25964,44,44,5,5,38,39,18,Train/18/00018_00013_00014.png
1,5583,33,32,6,5,28,27,3,Train/3/00003_00018_00003.png
1,18256,57,51,5,5,52,46,11,Train/11/00011_00040_00016.png
1,14029,43,43,5,5,38,38,9,Train/9/00009_00015_00019.png
1,37875,36,37,5,6,31,32,38,Train/38/00038_00062_00016.png
1,22681,31,32,5,5,26,27,14,Train/14/00014_00002_00001.png
1,35834,46,45,6,5,41,40,37,Train/37/00037_00001_00015.png
1,15100,35,35,5,6,30,29,10,Train/10/00010_00002_00010.png
1,22054,43,42,6,6,38,37,13,Train/13/00013_00053_00004.png
1,6785,31,30,6,5,26,25,4,Train/4/00004_00011_00005.png
1,27132,40,38,5,5,35,33,21,Train/21/00021_00005_00012.png
1,13866,41,40,6,5,36,35,9,Train/9/00009_00010_00006.png
1,21477,132,118,12,11,121,108,13,Train/13/00013_00033_00027.png
1,38745,41,42,5,6,36,37,41,Train/41/00041_00000_00016.png
1,37090,58,55,6,5,53,50,38,Train/38/00038_00036_00011.png
1,10738,112,104,10,9,103,95,7,Train/7/00007_00000_00028.png
1,38138,52,57,6,6,47,52,39,Train/39/00039_00002_00009.png
1,33987,46,46,5,5,41,41,34,Train/34/00034_00006_00028.png
1,20138,33,34,5,6,28,29,12,Train/12/00012_00059_00008.png
1,26707,46,45,6,5,41,40,18,Train/18/00018_00038_00007.png
1,23924,42,42,6,6,37,37,15,Train/15/00015_00017_00014.png
1,5932,47,47,6,6,42,42,3,Train/3/00003_00029_00022.png
1,14723,47,51,5,5,42,45,9,Train/9/00009_00038_00023.png
1,16230,27,28,5,6,22,23,10,Train/10/00010_00040_00000.png
1,21087,128,113,11,9,117,103,13,Train/13/00013_00020_00027.png
1,12948,39,40,6,5,34,35,8,Train/8/00008_00026_00018.png
1,38643,27,29,5,6,22,24,40,Train/40/00040_00009_00004.png
1,13012,47,41,6,6,42,36,8,Train/8/00008_00028_00022.png
1,8312,31,30,6,6,26,25,4,Train/4/00004_00062_00002.png
1,15696,40,41,5,6,35,36,10,Train/10/00010_00022_00006.png
1,11961,46,47,5,5,41,42,7,Train/7/00007_00041_00021.png
1,33495,55,54,6,6,50,49,33,Train/33/00033_00013_00015.png
1,28917,94,84,9,7,85,76,25,Train/25/00025_00014_00027.png
1,16395,47,48,6,5,42,43,10,Train/10/00010_00045_00015.png
1,30326,123,111,11,9,113,102,26,Train/26/00026_00011_00026.png
1,2823,27,28,6,5,22,23,2,Train/2/00002_00001_00003.png
1,36943,48,48,5,5,43,43,38,Train/38/00038_00031_00014.png
1,3757,33,30,6,5,28,25,2,Train/2/00002_00032_00007.png
1,32782,58,57,6,6,52,51,31,Train/31/00031_00023_00022.png
1,12542,33,33,6,6,28,28,8,Train/8/00008_00013_00002.png
1,20223,38,38,5,5,33,33,12,Train/12/00012_00062_00003.png
1,37292,33,36,5,6,28,31,38,Train/38/00038_00043_00003.png
1,9794,38,35,5,5,32,30,5,Train/5/00005_00045_00014.png
1,35293,36,37,5,6,31,32,35,Train/35/00035_00036_00014.png
1,28898,44,39,6,5,39,34,25,Train/25/00025_00014_00008.png
1,3517,33,33,5,6,28,28,2,Train/2/00002_00024_00007.png
1,24489,32,32,6,6,27,27,17,Train/17/00017_00001_00009.png
1,9883,39,40,5,6,34,35,5,Train/5/00005_00048_00013.png
1,15184,33,33,6,6,28,28,10,Train/10/00010_00005_00004.png
1,4066,37,39,5,6,32,33,2,Train/2/00002_00042_00016.png
1,4373,94,92,9,8,86,84,2,Train/2/00002_00052_00023.png
1,20523,38,36,5,5,33,31,13,Train/13/00013_00002_00003.png
1,14798,31,32,5,6,26,27,9,Train/9/00009_00041_00008.png
1,1241,40,40,5,5,34,35,1,Train/1/00001_00022_00011.png
1,35130,28,26,6,5,23,21,35,Train/35/00035_00031_00001.png
1,4742,42,43,6,6,37,38,2,Train/2/00002_00065_00002.png
1,31038,77,65,7,5,71,59,28,Train/28/00028_00007_00018.png
1,25412,27,28,6,6,22,23,17,Train/17/00017_00032_00002.png
1,33573,38,40,6,5,33,35,33,Train/33/00033_00016_00003.png
1,22182,93,82,9,7,85,75,13,Train/13/00013_00057_00012.png
1,2128,88,88,8,7,81,80,1,Train/1/00001_00051_00028.png
1,10364,38,41,5,6,33,36,6,Train/6/00006_00002_00014.png
1,30642,46,41,6,5,41,36,27,Train/27/00027_00002_00012.png
1,34214,52,52,5,5,47,47,35,Train/35/00035_00000_00015.png
1,4819,49,48,6,6,44,43,2,Train/2/00002_00067_00019.png
1,27427,32,28,6,5,27,23,22,Train/22/00022_00004_00007.png
1,23669,72,71,7,6,66,65,15,Train/15/00015_00008_00029.png
1,23911,32,33,6,6,27,28,15,Train/15/00015_00017_00001.png
1,4966,36,37,6,5,31,32,2,Train/2/00002_00072_00016.png
1,31630,38,36,6,5,33,31,30,Train/30/00030_00000_00010.png
1,5775,34,32,5,6,29,27,3,Train/3/00003_00024_00015.png
1,15066,32,29,6,5,26,23,10,Train/10/00010_00001_00006.png
1,32630,64,60,5,6,59,55,31,Train/31/00031_00018_00020.png
1,5163,32,32,5,5,27,27,3,Train/3/00003_00004_00003.png
1,3431,34,34,5,5,29,29,2,Train/2/00002_00021_00011.png
1,4124,40,40,5,5,35,35,2,Train/2/00002_00044_00014.png
1,36966,36,36,5,5,31,31,38,Train/38/00038_00032_00007.png
1,16617,74,74,7,7,68,68,10,Train/10/00010_00052_00027.png
1,34511,50,52,5,6,45,47,35,Train/35/00035_00010_00012.png
1,28053,27,25,6,5,22,20,23,Train/23/00023_00012_00003.png
1,33308,53,52,6,5,47,47,33,Train/33/00033_00007_00008.png
1,33432,42,41,6,5,37,36,33,Train/33/00033_00011_00012.png
1,30409,96,85,8,7,87,78,26,Train/26/00026_00014_00019.png
1,10221,50,49,6,6,45,44,5,Train/5/00005_00059_00021.png
1,30790,40,36,6,5,35,31,27,Train/27/00027_00007_00010.png
1,8363,51,50,6,5,46,45,4,Train/4/00004_00063_00023.png
1,30720,28,25,6,5,23,20,27,Train/27/00027_00005_00000.png
1,23719,44,43,6,6,39,38,15,Train/15/00015_00010_00019.png
1,30444,158,143,13,12,145,131,26,Train/26/00026_00015_00024.png
1,18090,50,53,6,5,45,48,11,Train/11/00011_00035_00000.png
1,30832,49,46,6,6,43,41,28,Train/28/00028_00000_00022.png
1,1420,32,39,5,6,26,34,1,Train/1/00001_00028_00010.png
1,12511,33,34,6,6,28,29,8,Train/8/00008_00012_00001.png
1,11019,38,37,6,6,33,32,7,Train/7/00007_00010_00009.png
1,27469,49,45,6,5,44,40,22,Train/22/00022_00005_00019.png
1,36362,26,26,5,5,21,21,38,Train/38/00038_00012_00003.png
1,5338,75,80,6,7,69,73,3,Train/3/00003_00009_00028.png
1,11414,36,35,6,5,31,30,7,Train/7/00007_00023_00014.png
1,38347,30,32,5,5,25,26,39,Train/39/00039_00009_00008.png
1,33278,31,33,5,5,26,27,33,Train/33/00033_00006_00008.png
1,27363,33,32,5,6,28,27,22,Train/22/00022_00002_00003.png
1,28840,60,57,5,5,55,52,25,Train/25/00025_00012_00010.png
1,4254,44,41,6,5,38,35,2,Train/2/00002_00048_00024.png
1,26320,44,43,5,6,39,37,18,Train/18/00018_00025_00010.png
1,38424,71,71,7,7,65,65,40,Train/40/00040_00001_00025.png
1,34920,29,31,5,5,24,26,35,Train/35/00035_00024_00001.png
1,9959,64,67,5,6,59,61,5,Train/5/00005_00050_00029.png
1,5104,32,33,6,6,27,27,3,Train/3/00003_00002_00004.png
1,1405,68,70,6,7,61,64,1,Train/1/00001_00027_00025.png
1,2009,111,111,10,10,102,102,1,Train/1/00001_00047_00029.png
1,38801,39,41,5,5,34,35,41,Train/41/00041_00002_00012.png
1,15299,87,86,8,7,80,79,10,Train/10/00010_00008_00029.png
1,13257,96,96,9,9,88,88,8,Train/8/00008_00036_00027.png
1,8181,52,53,5,6,47,48,4,Train/4/00004_00057_00021.png
1,8499,31,30,6,6,26,25,5,Train/5/00005_00002_00009.png
1,30453,34,31,6,6,29,26,26,Train/26/00026_00016_00003.png
1,31054,61,53,6,5,56,48,28,Train/28/00028_00008_00004.png
1,15723,36,36,6,5,31,31,10,Train/10/00010_00023_00003.png
1,25854,49,45,6,6,44,40,18,Train/18/00018_00009_00024.png
1,10064,37,37,5,6,32,32,5,Train/5/00005_00054_00014.png
1,38838,53,55,6,6,48,50,41,Train/41/00041_00003_00019.png
1,20685,49,44,6,5,44,39,13,Train/13/00013_00007_00015.png
1,19081,43,43,6,6,38,38,12,Train/12/00012_00024_00001.png
1,28587,207,191,17,17,190,174,25,Train/25/00025_00003_00027.png
1,19471,40,40,5,5,35,35,12,Train/12/00012_00037_00001.png
1,26752,73,68,7,7,67,62,18,Train/18/00018_00039_00022.png
1,26721,69,68,7,6,63,62,18,Train/18/00018_00038_00021.png
1,1186,59,61,5,5,54,56,1,Train/1/00001_00020_00016.png
1,666,29,32,5,6,24,26,1,Train/1/00001_00003_00006.png
1,22919,140,134,13,11,128,123,14,Train/14/00014_00009_00029.png
1,29506,74,64,6,5,68,59,25,Train/25/00025_00034_00016.png
1,2315,32,32,6,5,27,27,1,Train/1/00001_00058_00005.png
1,30023,73,71,6,7,67,65,26,Train/26/00026_00001_00023.png
1,32091,80,71,8,6,73,65,31,Train/31/00031_00000_00021.png
1,10250,35,38,5,5,29,33,5,Train/5/00005_00060_00020.png
1,3340,32,33,5,5,27,27,2,Train/2/00002_00018_00010.png
1,24405,36,37,5,6,31,32,16,Train/16/00016_00012_00015.png
1,12326,56,59,5,6,51,54,8,Train/8/00008_00005_00026.png
1,29872,69,68,6,6,63,62,25,Train/25/00025_00046_00022.png
1,32809,46,43,5,6,40,38,31,Train/31/00031_00024_00019.png
1,35070,40,40,5,6,34,34,35,Train/35/00035_00029_00001.png
1,36087,85,87,8,8,78,79,38,Train/38/00038_00002_00028.png
1,37742,41,41,6,5,36,36,38,Train/38/00038_00058_00003.png
1,37614,46,46,5,5,41,41,38,Train/38/00038_00053_00025.png
1,12213,27,29,5,6,22,23,8,Train/8/00008_00002_00003.png
1,9001,31,30,6,5,25,24,5,Train/5/00005_00019_00001.png
1,35967,111,107,10,9,102,98,37,Train/37/00037_00005_00028.png
1,11385,46,48,5,6,41,43,7,Train/7/00007_00022_00015.png
1,7654,29,28,6,5,24,23,4,Train/4/00004_00040_00004.png
1,37398,39,41,5,6,34,36,38,Train/38/00038_00046_00019.png
1,14203,44,44,6,6,39,39,9,Train/9/00009_00021_00013.png
1,14694,80,79,8,7,73,72,9,Train/9/00009_00037_00024.png
1,16729,41,42,5,6,36,37,10,Train/10/00010_00056_00019.png
1,11653,33,33,6,6,28,28,7,Train/7/00007_00031_00013.png
1,9593,44,46,5,5,39,41,5,Train/5/00005_00038_00023.png
1,9394,27,29,5,6,22,23,5,Train/5/00005_00032_00004.png
1,22136,100,91,8,8,92,83,13,Train/13/00013_00055_00026.png
1,25515,30,31,5,5,25,26,17,Train/17/00017_00035_00015.png
1,31070,99,90,8,8,91,82,28,Train/28/00028_00008_00020.png
1,12857,40,40,5,5,35,35,8,Train/8/00008_00023_00017.png
1,28591,38,34,6,5,32,29,25,Train/25/00025_00004_00001.png
1,21505,48,45,5,5,42,40,13,Train/13/00013_00034_00025.png
1,18398,32,31,5,5,27,26,12,Train/12/00012_00001_00008.png
1,23962,109,132,9,11,100,121,15,Train/15/00015_00018_00022.png
1,36368,29,28,6,5,24,23,38,Train/38/00038_00012_00009.png
1,14483,48,48,6,5,43,43,9,Train/9/00009_00030_00023.png
1,16249,45,43,6,5,40,38,10,Train/10/00010_00040_00019.png
1,1881,64,65,5,6,59,60,1,Train/1/00001_00043_00021.png
1,34695,54,56,5,6,49,51,35,Train/35/00035_00016_00016.png
1,16511,34,36,5,6,29,30,10,Train/10/00010_00049_00011.png
1,22366,44,42,5,6,39,37,13,Train/13/00013_00063_00016.png
1,6890,43,46,5,5,38,41,4,Train/4/00004_00014_00020.png
1,18543,32,29,5,5,26,24,12,Train/12/00012_00006_00003.png
1,31450,50,43,6,5,45,38,29,Train/29/00029_00003_00010.png
1,1883,69,70,6,7,63,64,1,Train/1/00001_00043_00023.png
1,27821,37,34,5,5,32,29,23,Train/23/00023_00004_00011.png
1,14060,54,55,5,6,49,49,9,Train/9/00009_00016_00020.png
1,6763,34,36,5,6,29,31,4,Train/4/00004_00010_00013.png
1,8819,123,123,10,10,113,113,5,Train/5/00005_00012_00029.png
1,12623,50,46,6,5,45,41,8,Train/8/00008_00015_00023.png
1,38737,32,33,5,6,27,28,41,Train/41/00041_00000_00008.png
1,12047,33,35,5,6,28,30,7,Train/7/00007_00044_00017.png
1,24079,68,71,7,7,62,65,16,Train/16/00016_00001_00019.png
1,19154,39,38,5,6,34,33,12,Train/12/00012_00026_00014.png
1,12028,60,62,6,6,55,57,7,Train/7/00007_00043_00028.png
1,18890,59,59,5,5,53,53,12,Train/12/00012_00017_00020.png
1,26250,33,32,6,6,28,27,18,Train/18/00018_00023_00000.png
1,27008,38,36,5,6,33,31,21,Train/21/00021_00001_00008.png
1,37527,51,52,5,5,46,47,38,Train/38/00038_00050_00028.png
1,26715,54,55,5,6,49,50,18,Train/18/00018_00038_00015.png
1,34153,36,36,6,6,31,31,34,Train/34/00034_00012_00014.png
1,21354,48,43,6,5,42,38,13,Train/13/00013_00029_00024.png
1,9035,28,29,5,6,23,24,5,Train/5/00005_00020_00005.png
1,8581,27,26,6,5,22,20,5,Train/5/00005_00005_00001.png
1,3935,48,50,5,5,43,45,2,Train/2/00002_00038_00005.png
1,38721,55,57,6,5,50,52,40,Train/40/00040_00011_00022.png
1,30725,33,30,6,5,27,24,27,Train/27/00027_00005_00005.png
1,29527,33,31,6,5,28,26,25,Train/25/00025_00035_00007.png
1,7180,39,38,6,5,34,33,4,Train/4/00004_00024_00010.png
1,8741,36,36,6,6,30,31,5,Train/5/00005_00010_00011.png
1,33933,30,32,6,6,25,26,34,Train/34/00034_00005_00004.png
1,449,122,124,11,11,112,114,0,Train/0/00000_00002_00029.png
1,38816,104,112,10,9,95,102,41,Train/41/00041_00002_00027.png
1,38361,47,51,6,6,42,46,39,Train/39/00039_00009_00022.png
1,19583,74,75,6,7,68,69,12,Train/12/00012_00040_00023.png
1,37300,42,47,6,6,37,42,38,Train/38/00038_00043_00011.png
1,9360,26,27,6,5,21,22,5,Train/5/00005_00031_00000.png
1,1588,72,69,7,6,66,63,1,Train/1/00001_00033_00028.png
1,3651,44,44,6,5,39,39,2,Train/2/00002_00028_00021.png
1,37951,28,30,5,6,23,25,38,Train/38/00038_00065_00002.png
1,34196,69,65,7,6,63,60,34,Train/34/00034_00013_00027.png
1,28102,70,62,6,6,64,57,23,Train/23/00023_00013_00022.png
1,29133,42,39,6,5,37,34,25,Train/25/00025_00022_00003.png
1,33124,28,28,6,6,23,22,33,Train/33/00033_00001_00004.png
1,12789,32,31,6,6,27,26,8,Train/8/00008_00021_00009.png
1,2913,30,31,6,6,25,26,2,Train/2/00002_00004_00003.png
1,18409,48,49,5,6,43,44,12,Train/12/00012_00001_00019.png
1,12226,37,37,5,5,32,32,8,Train/8/00008_00002_00016.png
1,31284,72,63,7,5,66,57,28,Train/28/00028_00015_00024.png
1,10428,47,46,5,5,42,41,6,Train/6/00006_00004_00018.png
1,34440,39,39,5,5,34,34,35,Train/35/00035_00008_00001.png
1,21112,61,56,6,6,56,51,13,Train/13/00013_00021_00022.png
1,12462,39,39,6,6,34,34,8,Train/8/00008_00010_00012.png
1,18622,65,69,6,7,59,63,12,Train/12/00012_00008_00022.png
1,19503,35,35,6,6,30,30,12,Train/12/00012_00038_00003.png
1,25801,51,45,6,6,46,40,18,Train/18/00018_00008_00001.png
1,39020,52,52,6,6,47,47,42,Train/42/00042_00001_00021.png
1,19848,43,44,6,6,38,39,12,Train/12/00012_00049_00018.png
1,31787,49,47,6,6,44,42,30,Train/30/00030_00005_00017.png
1,6217,28,29,5,5,23,24,3,Train/3/00003_00039_00007.png
1,25080,28,28,5,6,23,23,17,Train/17/00017_00021_00000.png
1,30426,94,86,8,8,86,79,26,Train/26/00026_00015_00006.png
1,38291,64,68,6,7,59,62,39,Train/39/00039_00007_00012.png
1,8473,32,33,6,5,27,27,5,Train/5/00005_00001_00013.png
1,36010,35,35,6,6,30,30,38,Train/38/00038_00000_00011.png
1,13991,40,40,5,5,35,35,9,Train/9/00009_00014_00011.png
1,12041,31,30,6,5,26,25,7,Train/7/00007_00044_00011.png
1,6220,32,32,6,5,27,27,3,Train/3/00003_00039_00010.png
1,18933,29,30,5,5,24,25,12,Train/12/00012_00019_00003.png
1,14437,32,33,5,5,27,28,9,Train/9/00009_00029_00007.png
1,37963,38,39,5,6,33,34,38,Train/38/00038_00065_00014.png
1,27931,39,41,5,6,34,35,23,Train/23/00023_00008_00001.png
1,14873,56,55,5,6,51,49,9,Train/9/00009_00043_00023.png
1,38953,40,42,5,6,35,37,41,Train/41/00041_00007_00014.png
1,1559,143,135,12,11,131,123,1,Train/1/00001_00032_00029.png
1,26437,39,37,6,5,34,32,18,Train/18/00018_00029_00007.png
1,21592,72,72,7,7,66,66,13,Train/13/00013_00037_00022.png
1,4121,38,38,6,6,33,33,2,Train/2/00002_00044_00011.png
1,3391,27,27,5,5,22,22,2,Train/2/00002_00020_00001.png
1,30583,64,61,6,5,59,56,27,Train/27/00027_00000_00013.png
1,14997,57,60,6,5,52,55,9,Train/9/00009_00047_00027.png
1,6877,31,31,6,5,26,26,4,Train/4/00004_00014_00007.png
1,15973,37,36,6,5,32,31,10,Train/10/00010_00031_00013.png
1,5737,32,34,5,6,27,29,3,Train/3/00003_00023_00007.png
1,10582,42,43,6,6,37,38,6,Train/6/00006_00009_00022.png
1,38348,31,34,5,6,26,28,39,Train/39/00039_00009_00009.png
1,21110,55,51,6,6,49,45,13,Train/13/00013_00021_00020.png
1,34259,29,30,5,6,24,25,35,Train/35/00035_00002_00000.png
1,21943,43,38,6,6,38,33,13,Train/13/00013_00049_00013.png
1,1904,42,43,5,6,37,38,1,Train/1/00001_00044_00014.png
1,34694,54,53,6,5,49,48,35,Train/35/00035_00016_00015.png
1,35344,28,29,5,5,23,24,35,Train/35/00035_00038_00005.png
1,10624,29,30,6,5,24,25,6,Train/6/00006_00011_00004.png
1,18216,31,30,5,5,26,25,11,Train/11/00011_00039_00006.png
1,27699,33,32,6,6,28,27,23,Train/23/00023_00000_00009.png
1,17321,53,48,6,5,47,42,11,Train/11/00011_00009_00011.png
1,3211,28,28,6,6,23,23,2,Train/2/00002_00014_00001.png
1,34204,40,40,6,6,35,35,35,Train/35/00035_00000_00005.png
1,9440,40,42,6,6,35,37,5,Train/5/00005_00033_00020.png
1,17745,42,38,6,6,37,33,11,Train/11/00011_00023_00015.png
1,18503,33,27,6,5,28,22,12,Train/12/00012_00004_00023.png
1,27964,40,40,5,5,35,35,23,Train/23/00023_00009_00004.png
1,7850,51,50,6,6,45,44,4,Train/4/00004_00046_00020.png
1,36519,38,37,6,5,33,32,38,Train/38/00038_00017_00010.png
1,11540,42,44,5,6,37,39,7,Train/7/00007_00027_00020.png
1,28158,72,61,7,5,66,56,23,Train/23/00023_00015_00018.png
1,11406,30,31,5,6,25,26,7,Train/7/00007_00023_00006.png
1,1485,41,53,6,5,36,48,1,Train/1/00001_00030_00015.png
1,25310,51,52,6,6,46,47,17,Train/17/00017_00028_00020.png
1,10439,75,73,7,7,69,67,6,Train/6/00006_00004_00029.png
1,32692,58,57,5,6,53,52,31,Train/31/00031_00020_00022.png
1,25212,41,41,6,5,36,36,17,Train/17/00017_00025_00012.png
1,21779,93,85,9,8,85,78,13,Train/13/00013_00043_00029.png
1,23907,60,60,6,5,55,55,15,Train/15/00015_00016_00027.png
1,14308,82,92,7,8,75,84,9,Train/9/00009_00024_00028.png
1,22227,48,52,5,5,43,47,13,Train/13/00013_00058_00027.png
1,28485,58,58,5,6,53,53,25,Train/25/00025_00000_00015.png
1,32024,40,35,6,6,35,30,30,Train/30/00030_00013_00014.png
1,27801,96,84,9,7,88,77,23,Train/23/00023_00003_00021.png
1,38588,33,32,5,5,27,27,40,Train/40/00040_00007_00009.png
1,16222,49,49,5,5,43,43,10,Train/10/00010_00039_00022.png
1,1516,45,46,5,6,39,40,1,Train/1/00001_00031_00016.png
1,38286,58,61,5,6,52,55,39,Train/39/00039_00007_00007.png
1,37123,46,49,6,6,41,44,38,Train/38/00038_00037_00014.png
1,17879,141,119,12,11,129,109,11,Train/11/00011_00027_00029.png
1,38703,44,45,6,6,38,40,40,Train/40/00040_00011_00004.png
1,2348,39,40,5,5,34,35,1,Train/1/00001_00059_00008.png
1,18382,49,55,6,6,44,50,12,Train/12/00012_00000_00022.png
1,4702,38,37,6,5,33,32,2,Train/2/00002_00063_00022.png
1,32222,34,32,6,5,29,27,31,Train/31/00031_00005_00002.png
1,1177,49,53,5,5,43,48,1,Train/1/00001_00020_00007.png
1,8215,54,54,6,6,49,49,4,Train/4/00004_00058_00025.png
1,36168,43,42,6,5,38,37,38,Train/38/00038_00005_00019.png
1,12721,33,33,6,6,28,28,8,Train/8/00008_00019_00001.png
1,8993,39,39,6,6,34,34,5,Train/5/00005_00018_00023.png
1,34964,43,43,6,6,38,38,35,Train/35/00035_00025_00015.png
1,2756,91,91,8,8,83,83,1,Train/1/00001_00072_00026.png
1,22544,37,37,5,5,32,32,13,Train/13/00013_00069_00014.png
1,23867,42,51,5,5,37,45,15,Train/15/00015_00015_00017.png
1,25324,28,30,5,5,22,24,17,Train/17/00017_00029_00004.png
1,29555,40,37,5,5,35,32,25,Train/25/00025_00036_00005.png
1,16505,31,32,5,5,26,26,10,Train/10/00010_00049_00005.png
1,4423,36,35,6,5,31,30,2,Train/2/00002_00054_00013.png
1,18368,31,35,5,5,26,30,12,Train/12/00012_00000_00008.png
1,30510,27,26,5,5,22,20,26,Train/26/00026_00018_00000.png
1,29981,38,38,6,6,33,33,26,Train/26/00026_00000_00011.png
1,39025,80,75,7,6,73,69,42,Train/42/00042_00001_00026.png
1,8999,48,47,5,5,43,42,5,Train/5/00005_00018_00029.png
1,1309,29,29,6,6,24,24,1,Train/1/00001_00024_00019.png
1,15148,49,49,6,5,44,44,10,Train/10/00010_00003_00028.png
1,16048,70,60,7,6,64,55,10,Train/10/00010_00033_00028.png
1,19990,36,39,5,6,31,33,12,Train/12/00012_00054_00010.png
1,12224,36,35,6,5,31,30,8,Train/8/00008_00002_00014.png
1,28230,54,63,6,6,49,58,24,Train/24/00024_00001_00000.png
1,31514,47,41,6,5,42,36,29,Train/29/00029_00005_00014.png
1,10972,50,53,5,6,45,48,7,Train/7/00007_00008_00022.png
1,3877,34,34,6,6,29,29,2,Train/2/00002_00036_00007.png
1,31827,65,64,6,5,60,59,30,Train/30/00030_00006_00027.png
1,9013,39,39,6,6,34,34,5,Train/5/00005_00019_00013.png
1,16962,33,35,5,6,28,30,10,Train/10/00010_00064_00012.png
1,18387,63,73,5,6,58,67,12,Train/12/00012_00000_00027.png
1,11632,39,38,6,5,33,32,7,Train/7/00007_00030_00022.png
1,11578,49,55,5,6,44,50,7,Train/7/00007_00028_00028.png
1,36614,45,45,6,5,40,40,38,Train/38/00038_00020_00015.png
1,6288,84,84,7,7,77,77,3,Train/3/00003_00041_00018.png
1,29382,68,60,7,5,62,55,25,Train/25/00025_00030_00012.png
1,39199,44,46,6,6,39,41,42,Train/42/00042_00007_00020.png
1,25877,98,86,9,7,90,79,18,Train/18/00018_00010_00017.png
1,9456,30,30,6,5,25,25,5,Train/5/00005_00034_00006.png
1,34359,32,32,6,6,27,27,35,Train/35/00035_00005_00010.png
1,18780,34,33,6,5,29,28,12,Train/12/00012_00014_00000.png
1,24354,55,56,6,5,50,51,16,Train/16/00016_00010_00024.png
1,28812,75,80,6,8,68,73,25,Train/25/00025_00011_00012.png
1,10916,82,82,8,8,75,75,7,Train/7/00007_00006_00026.png
1,37390,33,33,5,6,27,27,38,Train/38/00038_00046_00011.png
1,35761,56,56,6,6,51,51,36,Train/36/00036_00012_00002.png
1,15444,72,75,7,7,66,69,10,Train/10/00010_00013_00024.png
1,6190,31,32,5,6,26,27,3,Train/3/00003_00038_00010.png
1,31883,60,53,6,6,55,48,30,Train/30/00030_00008_00023.png
1,22231,89,83,8,7,81,75,13,Train/13/00013_00059_00001.png
1,32212,62,54,6,5,57,49,31,Train/31/00031_00004_00022.png
1,22704,59,59,5,5,54,54,14,Train/14/00014_00002_00024.png
1,32483,59,56,6,5,54,51,31,Train/31/00031_00013_00023.png
1,15643,32,31,5,5,26,25,10,Train/10/00010_00020_00013.png
1,9430,33,34,6,5,27,28,5,Train/5/00005_00033_00010.png
1,14083,35,40,6,6,30,35,9,Train/9/00009_00017_00013.png
1,5269,41,42,6,6,36,37,3,Train/3/00003_00007_00019.png
1,3346,42,42,6,6,36,36,2,Train/2/00002_00018_00016.png
1,18786,35,35,5,5,30,30,12,Train/12/00012_00014_00006.png
1,6573,46,45,6,5,41,40,4,Train/4/00004_00004_00003.png
1,28365,34,32,5,5,29,27,24,Train/24/00024_00005_00015.png
1,12199,43,44,5,5,38,38,8,Train/8/00008_00001_00019.png
1,10449,29,31,5,5,23,26,6,Train/6/00006_00005_00009.png
1,1254,76,75,7,6,69,68,1,Train/1/00001_00022_00024.png
1,17014,29,27,6,6,24,22,10,Train/10/00010_00066_00004.png
1,12353,47,47,5,5,42,42,8,Train/8/00008_00006_00023.png
1,12008,33,33,6,6,27,28,7,Train/7/00007_00043_00008.png
1,35077,43,43,6,6,38,37,35,Train/35/00035_00029_00008.png
1,28035,73,65,6,6,67,60,23,Train/23/00023_00011_00015.png
1,28175,42,41,5,5,37,36,23,Train/23/00023_00016_00005.png
1,19948,167,169,15,15,153,155,12,Train/12/00012_00052_00028.png
1,19033,42,41,6,6,37,36,12,Train/12/00012_00022_00013.png
1,26798,37,34,6,5,32,28,19,Train/19/00019_00001_00008.png
1,8721,60,60,5,5,55,55,5,Train/5/00005_00009_00021.png
1,7260,29,29,5,5,24,24,4,Train/4/00004_00027_00000.png
1,2731,36,36,6,6,31,31,1,Train/1/00001_00072_00001.png
1,25555,30,38,6,5,25,33,17,Train/17/00017_00036_00025.png
1,38963,55,55,6,5,50,50,41,Train/41/00041_00007_00024.png
1,24493,33,34,5,6,28,29,17,Train/17/00017_00001_00013.png
1,1185,59,61,5,6,54,56,1,Train/1/00001_00020_00015.png
1,34095,38,43,5,5,33,38,34,Train/34/00034_00010_00016.png
1,30975,54,54,6,5,48,49,28,Train/28/00028_00005_00015.png
1,16735,52,52,5,5,47,47,10,Train/10/00010_00056_00025.png
1,39120,27,25,5,5,21,20,42,Train/42/00042_00005_00001.png
1,13935,40,43,5,5,35,38,9,Train/9/00009_00012_00015.png
1,31951,29,31,5,6,24,25,30,Train/30/00030_00011_00001.png
1,22996,49,49,6,6,44,44,14,Train/14/00014_00012_00016.png
1,35332,58,62,5,5,53,57,35,Train/35/00035_00037_00023.png
1,16167,62,57,6,5,57,51,10,Train/10/00010_00037_00027.png
1,392,30,29,6,5,25,24,0,Train/0/00000_00001_00002.png
1,2355,50,50,6,6,45,45,1,Train/1/00001_00059_00015.png
1,19895,35,34,6,5,30,29,12,Train/12/00012_00051_00005.png
1,9849,34,35,6,6,29,29,5,Train/5/00005_00047_00009.png
1,22455,43,40,6,6,38,35,13,Train/13/00013_00066_00015.png
1,10867,38,38,5,6,32,33,7,Train/7/00007_00005_00007.png
1,36674,37,39,6,6,32,34,38,Train/38/00038_00022_00015.png
1,6522,40,42,5,6,34,37,4,Train/4/00004_00002_00012.png
1,25375,58,64,5,6,53,58,17,Train/17/00017_00030_00025.png
1,23195,39,45,5,5,33,39,14,Train/14/00014_00019_00005.png
1,2868,35,37,5,5,30,32,2,Train/2/00002_00002_00018.png
1,24649,47,47,6,6,41,42,17,Train/17/00017_00006_00019.png
1,22975,87,86,7,7,80,79,14,Train/14/00014_00011_00025.png
1,8539,38,37,6,6,33,32,5,Train/5/00005_00003_00019.png
1,4584,92,89,8,8,84,82,2,Train/2/00002_00059_00024.png
1,25903,40,39,6,6,35,34,18,Train/18/00018_00011_00013.png
1,10419,36,36,6,5,31,31,6,Train/6/00006_00004_00009.png
1,32206,48,43,5,5,43,38,31,Train/31/00031_00004_00016.png
1,33168,52,51,6,6,47,46,33,Train/33/00033_00002_00018.png
1,25575,30,27,5,5,25,22,18,Train/18/00018_00000_00015.png
1,25101,50,45,5,5,45,40,17,Train/17/00017_00021_00021.png
1,981,60,63,5,5,55,58,1,Train/1/00001_00013_00021.png
1,38702,42,44,5,6,36,39,40,Train/40/00040_00011_00003.png
1,17866,69,60,7,6,63,55,11,Train/11/00011_00027_00016.png
1,24394,29,29,5,5,24,24,16,Train/16/00016_00012_00004.png
1,21618,62,58,5,6,57,53,13,Train/13/00013_00038_00018.png
1,20941,35,33,5,5,30,28,13,Train/13/00013_00016_00001.png
1,37487,35,34,6,5,30,29,38,Train/38/00038_00049_00018.png
1,11096,52,53,6,6,47,48,7,Train/7/00007_00012_00026.png
1,30292,50,45,6,5,45,39,26,Train/26/00026_00010_00022.png
1,3573,32,31,6,5,27,26,2,Train/2/00002_00026_00003.png
1,8161,29,30,5,6,24,25,4,Train/4/00004_00057_00001.png
1,11073,29,30,5,6,24,25,7,Train/7/00007_00012_00003.png
1,17334,83,71,8,6,76,65,11,Train/11/00011_00009_00024.png
1,28989,38,38,5,5,33,32,25,Train/25/00025_00017_00009.png
1,3533,50,52,6,6,45,47,2,Train/2/00002_00024_00023.png
1,29789,144,133,13,12,132,122,25,Train/25/00025_00043_00029.png
1,7591,30,30,5,5,25,25,4,Train/4/00004_00038_00001.png
1,19473,43,43,6,6,38,38,12,Train/12/00012_00037_00003.png
1,21423,36,33,6,5,31,28,13,Train/13/00013_00032_00003.png
1,21024,73,70,7,6,67,64,13,Train/13/00013_00018_00024.png
1,4931,30,29,6,5,24,24,2,Train/2/00002_00071_00011.png
1,22531,32,33,5,6,27,28,13,Train/13/00013_00069_00001.png
1,11736,33,35,6,5,28,30,7,Train/7/00007_00034_00006.png
1,22965,51,51,5,5,46,46,14,Train/14/00014_00011_00015.png
1,21609,44,41,6,6,39,36,13,Train/13/00013_00038_00009.png
1,26623,39,37,5,6,34,32,18,Train/18/00018_00035_00013.png
1,24678,37,39,6,6,32,34,17,Train/17/00017_00007_00018.png
1,35120,50,48,6,6,44,42,35,Train/35/00035_00030_00021.png
1,29312,46,44,5,5,41,39,25,Train/25/00025_00028_00002.png
1,23356,40,40,5,5,35,35,14,Train/14/00014_00024_00016.png
1,23447,40,88,6,8,35,81,15,Train/15/00015_00001_00017.png
1,17609,143,128,13,12,131,117,11,Train/11/00011_00018_00029.png
1,4720,32,31,5,5,26,26,2,Train/2/00002_00064_00010.png
1,36605,29,30,6,5,24,24,38,Train/38/00038_00020_00006.png
1,29,166,152,15,14,152,139,20,Train/20/00020_00000_00029.png
1,7614,53,52,6,5,48,47,4,Train/4/00004_00038_00024.png
1,16629,44,43,6,5,39,38,10,Train/10/00010_00053_00009.png
1,12518,37,37,5,5,32,32,8,Train/8/00008_00012_00008.png
1,3356,74,74,7,7,67,67,2,Train/2/00002_00018_00026.png
1,25313,56,58,5,6,51,53,17,Train/17/00017_00028_00023.png
1,21668,38,36,6,6,33,31,13,Train/13/00013_00040_00008.png
1,4304,33,34,6,6,28,28,2,Train/2/00002_00050_00014.png
1,14643,35,36,5,6,30,31,9,Train/9/00009_00036_00003.png
1,4740,39,41,5,6,34,36,2,Train/2/00002_00065_00000.png
1,27613,37,36,6,5,32,31,22,Train/22/00022_00010_00013.png
1,34848,44,44,5,5,39,39,35,Train/35/00035_00021_00019.png
1,19369,51,58,6,5,46,53,12,Train/12/00012_00033_00019.png
1,7248,48,51,6,5,43,46,4,Train/4/00004_00026_00018.png
1,30215,37,34,6,6,32,29,26,Train/26/00026_00008_00005.png
1,27282,38,37,5,6,32,31,21,Train/21/00021_00010_00012.png
1,28340,60,58,5,6,54,53,24,Train/24/00024_00004_00020.png
1,32087,62,58,5,6,57,53,31,Train/31/00031_00000_00017.png
1,34245,35,37,5,5,30,31,35,Train/35/00035_00001_00016.png
1,28527,160,147,14,13,147,134,25,Train/25/00025_00001_00027.png
1,37749,46,46,6,6,41,41,38,Train/38/00038_00058_00010.png
1,33070,33,33,6,6,28,28,32,Train/32/00032_00007_00010.png
1,17244,57,51,6,6,51,45,11,Train/11/00011_00006_00024.png
1,8050,44,42,5,5,39,37,4,Train/4/00004_00053_00010.png
1,37538,38,38,6,6,33,33,38,Train/38/00038_00051_00009.png
1,34914,72,70,7,6,66,64,35,Train/35/00035_00023_00025.png
1,1582,50,49,5,5,45,44,1,Train/1/00001_00033_00022.png
1,20078,44,46,5,5,39,41,12,Train/12/00012_00057_00008.png
1,22789,62,61,6,5,57,56,14,Train/14/00014_00005_00019.png
1,29989,58,56,5,6,52,50,26,Train/26/00026_00000_00019.png
1,17222,29,26,6,6,24,21,11,Train/11/00011_00006_00002.png
1,12944,34,35,6,5,29,30,8,Train/8/00008_00026_00014.png
1,24938,28,30,5,5,23,25,17,Train/17/00017_00016_00008.png
1,36747,96,106,8,10,88,97,38,Train/38/00038_00024_00028.png
1,32806,40,39,5,6,35,34,31,Train/31/00031_00024_00016.png
1,19447,42,42,5,5,37,37,12,Train/12/00012_00036_00007.png
1,3149,83,77,8,7,76,71,2,Train/2/00002_00011_00029.png
1,28044,110,98,10,9,101,89,23,Train/23/00023_00011_00024.png
1,15544,32,32,6,6,27,27,10,Train/10/00010_00017_00004.png
1,35574,63,62,5,5,58,56,36,Train/36/00036_00005_00025.png
1,3923,49,50,5,5,44,45,2,Train/2/00002_00037_00023.png
1,2857,29,29,6,6,24,24,2,Train/2/00002_00002_00007.png
1,7246,48,49,6,5,43,44,4,Train/4/00004_00026_00016.png
1,23233,59,63,6,5,54,57,14,Train/14/00014_00020_00013.png
1,15435,45,46,5,5,40,41,10,Train/10/00010_00013_00015.png
1,14611,29,31,5,6,24,26,9,Train/9/00009_00035_00001.png
1,25605,60,54,6,6,55,49,18,Train/18/00018_00001_00015.png
1,36066,38,38,5,5,33,33,38,Train/38/00038_00002_00007.png
1,32532,50,48,5,6,45,42,31,Train/31/00031_00015_00012.png
1,20045,41,40,6,5,36,35,12,Train/12/00012_00056_00005.png
1,20920,76,71,7,6,70,65,13,Train/13/00013_00015_00010.png
1,10292,32,32,6,5,27,27,6,Train/6/00006_00000_00002.png
1,35061,49,49,6,5,44,44,35,Train/35/00035_00028_00022.png
1,7290,30,31,5,6,25,26,4,Train/4/00004_00028_00000.png
1,1117,46,46,5,5,40,41,1,Train/1/00001_00018_00007.png
1,30022,69,65,6,6,63,60,26,Train/26/00026_00001_00022.png
1,23309,116,148,10,13,106,136,14,Train/14/00014_00022_00029.png
1,16666,42,43,5,6,37,38,10,Train/10/00010_00054_00016.png
1,36769,42,42,5,5,37,37,38,Train/38/00038_00025_00020.png
1,8824,30,31,5,5,25,25,5,Train/5/00005_00013_00004.png
1,16577,52,52,5,5,47,47,10,Train/10/00010_00051_00017.png
1,2107,37,37,6,6,32,32,1,Train/1/00001_00051_00007.png
1,38934,67,70,6,7,61,64,41,Train/41/00041_00006_00025.png
1,27691,26,27,5,6,21,22,23,Train/23/00023_00000_00001.png
1,16605,42,42,5,5,37,37,10,Train/10/00010_00052_00015.png
1,3938,50,52,5,5,45,47,2,Train/2/00002_00038_00008.png
1,11541,44,44,6,5,39,39,7,Train/7/00007_00027_00021.png
1,30134,45,40,5,5,40,35,26,Train/26/00026_00005_00014.png
1,18989,73,71,7,6,67,65,12,Train/12/00012_00020_00029.png
1,28602,45,41,6,5,40,35,25,Train/25/00025_00004_00012.png
1,19634,74,74,6,6,68,68,12,Train/12/00012_00042_00014.png
1,25110,34,36,5,6,29,31,17,Train/17/00017_00022_00000.png
1,29470,42,39,6,5,37,34,25,Train/25/00025_00033_00010.png
1,29758,122,111,10,9,112,102,25,Train/25/00025_00042_00028.png
1,18530,74,72,7,6,68,66,12,Train/12/00012_00005_00020.png
1,677,46,45,5,5,40,40,1,Train/1/00001_00003_00017.png
1,13482,36,38,6,6,31,33,8,Train/8/00008_00044_00012.png
1,11952,36,37,5,6,31,32,7,Train/7/00007_00041_00012.png
1,11931,37,37,6,6,32,32,7,Train/7/00007_00040_00021.png
1,9478,52,57,6,6,47,52,5,Train/5/00005_00034_00028.png
1,30204,48,46,6,5,43,40,26,Train/26/00026_00007_00024.png
1,21608,41,39,6,5,36,34,13,Train/13/00013_00038_00008.png
1,37812,37,38,6,5,32,33,38,Train/38/00038_00060_00013.png
1,10054,29,29,5,6,24,24,5,Train/5/00005_00054_00004.png
1,374,41,42,5,6,36,37,0,Train/0/00000_00000_00014.png
1,21501,45,42,5,5,39,37,13,Train/13/00013_00034_00021.png
1,22794,71,72,6,7,65,66,14,Train/14/00014_00005_00024.png
1,4650,33,33,5,6,28,28,2,Train/2/00002_00062_00000.png
1,7064,35,35,6,6,30,30,4,Train/4/00004_00020_00014.png
1,10181,32,31,6,6,27,26,5,Train/5/00005_00058_00011.png
1,23604,58,58,6,6,53,53,15,Train/15/00015_00006_00024.png
1,29515,119,104,10,10,109,95,25,Train/25/00025_00034_00025.png
1,8384,36,34,5,5,30,29,4,Train/4/00004_00064_00014.png
1,29682,44,42,5,6,39,37,25,Train/25/00025_00040_00012.png
1,909,35,36,5,5,30,31,1,Train/1/00001_00011_00009.png
1,2036,83,82,8,7,76,75,1,Train/1/00001_00048_00026.png
1,26469,34,32,5,6,29,27,18,Train/18/00018_00030_00009.png
1,12426,34,33,6,5,29,28,8,Train/8/00008_00009_00006.png
1,16985,28,28,5,5,23,22,10,Train/10/00010_00065_00005.png
1,3832,56,55,6,5,51,50,2,Train/2/00002_00034_00022.png
1,21796,53,49,6,6,48,44,13,Train/13/00013_00044_00016.png
1,26494,36,35,5,6,31,29,18,Train/18/00018_00031_00004.png
1,32667,87,80,7,7,79,73,31,Train/31/00031_00019_00027.png
1,6147,75,79,6,7,69,72,3,Train/3/00003_00036_00027.png
1,607,37,35,6,5,32,30,1,Train/1/00001_00001_00007.png
1,30955,68,60,7,6,62,55,28,Train/28/00028_00004_00025.png
1,17383,58,53,6,6,52,47,11,Train/11/00011_00011_00013.png
1,9151,29,28,6,5,24,23,5,Train/5/00005_00024_00001.png
1,24777,50,51,6,6,45,46,17,Train/17/00017_00010_00027.png
1,28610,53,47,6,5,48,42,25,Train/25/00025_00004_00020.png
1,19610,40,41,5,6,35,36,12,Train/12/00012_00041_00020.png
1,37461,54,55,6,6,49,50,38,Train/38/00038_00048_00022.png
1,34235,30,29,6,5,25,24,35,Train/35/00035_00001_00006.png
1,39000,28,29,5,6,23,24,42,Train/42/00042_00001_00001.png
1,24036,58,60,5,6,53,55,16,Train/16/00016_00000_00006.png
1,7103,59,57,6,6,54,52,4,Train/4/00004_00021_00023.png
1,18473,63,63,5,5,58,58,12,Train/12/00012_00003_00023.png
1,27707,41,40,5,5,36,35,23,Train/23/00023_00000_00017.png
1,6834,65,64,6,5,60,59,4,Train/4/00004_00012_00024.png
1,11044,36,36,6,6,31,31,7,Train/7/00007_00011_00004.png
1,33634,31,35,6,5,25,29,33,Train/33/00033_00018_00004.png
1,36407,38,39,5,6,32,34,38,Train/38/00038_00013_00018.png
1,191,35,34,5,6,30,28,20,Train/20/00020_00006_00011.png
1,34578,45,46,5,6,40,41,35,Train/35/00035_00012_00019.png
1,13411,32,33,5,6,27,28,8,Train/8/00008_00042_00001.png
1,7356,32,33,5,6,27,28,4,Train/4/00004_00030_00006.png
1,21131,52,52,6,5,46,46,13,Train/13/00013_00022_00011.png
1,9264,61,59,6,6,56,53,5,Train/5/00005_00027_00024.png
1,28623,36,34,6,5,31,29,25,Train/25/00025_00005_00003.png
1,16303,41,41,6,5,35,35,10,Train/10/00010_00042_00013.png
1,14390,46,43,6,5,41,38,9,Train/9/00009_00027_00020.png
1,25865,76,68,7,6,69,62,18,Train/18/00018_00010_00005.png
1,6822,37,36,6,5,32,31,4,Train/4/00004_00012_00012.png
1,11272,46,47,5,6,41,42,7,Train/7/00007_00018_00022.png
1,29366,112,109,9,9,103,100,25,Train/25/00025_00029_00026.png
1,4306,35,35,5,5,30,30,2,Train/2/00002_00050_00016.png
1,24089,170,168,14,15,156,154,16,Train/16/00016_00001_00029.png
1,23622,32,37,5,6,27,32,15,Train/15/00015_00007_00012.png
1,23119,70,71,6,7,64,64,14,Train/14/00014_00016_00019.png
1,28346,109,105,9,10,100,95,24,Train/24/00024_00004_00026.png
1,37943,62,65,5,6,57,60,38,Train/38/00038_00064_00024.png
1,13222,50,49,6,5,45,44,8,Train/8/00008_00035_00022.png
1,1219,39,42,5,6,34,37,1,Train/1/00001_00021_00019.png
1,25539,27,32,6,6,22,27,17,Train/17/00017_00036_00009.png
1,36681,49,50,6,5,43,44,38,Train/38/00038_00022_00022.png
1,1618,110,113,9,9,100,103,1,Train/1/00001_00034_00028.png
1,33534,44,45,6,6,38,40,33,Train/33/00033_00014_00024.png
1,37760,55,56,5,6,50,51,38,Train/38/00038_00058_00021.png
1,13131,43,44,5,6,37,39,8,Train/8/00008_00032_00021.png
1,13538,30,32,5,6,24,26,8,Train/8/00008_00046_00008.png
1,8535,34,34,5,6,29,29,5,Train/5/00005_00003_00015.png
1,33471,42,39,5,5,36,34,33,Train/33/00033_00012_00021.png
1,8701,30,30,5,5,25,25,5,Train/5/00005_00009_00001.png
1,2864,32,33,5,5,27,28,2,Train/2/00002_00002_00014.png
1,25789,86,77,7,6,79,70,18,Train/18/00018_00007_00019.png
1,21603,37,35,5,5,32,30,13,Train/13/00013_00038_00003.png
1,37305,44,52,5,6,39,47,38,Train/38/00038_00043_00016.png
1,11923,31,31,5,5,26,26,7,Train/7/00007_00040_00013.png
1,39115,67,65,6,6,61,60,42,Train/42/00042_00004_00026.png
1,5367,100,105,8,9,92,96,3,Train/3/00003_00010_00027.png
1,38522,53,52,5,5,48,47,40,Train/40/00040_00005_00003.png
1,8136,30,32,5,6,25,27,4,Train/4/00004_00056_00006.png
1,16853,47,44,5,6,42,39,10,Train/10/00010_00060_00023.png
1,2325,49,46,5,6,43,41,1,Train/1/00001_00058_00015.png
1,36090,37,38,6,5,32,32,38,Train/38/00038_00003_00001.png
1,922,57,55,6,6,51,50,1,Train/1/00001_00011_00022.png
1,4536,28,27,6,5,23,22,2,Train/2/00002_00058_00006.png
1,14362,89,90,8,8,82,82,9,Train/9/00009_00026_00022.png
1,4218,35,35,6,6,30,30,2,Train/2/00002_00047_00018.png
1,23369,61,60,6,5,56,55,14,Train/14/00014_00024_00029.png
1,12950,40,43,5,6,35,37,8,Train/8/00008_00026_00020.png
1,2267,55,57,5,6,50,52,1,Train/1/00001_00056_00017.png
1,30858,55,51,6,6,50,46,28,Train/28/00028_00001_00018.png
1,33617,41,55,5,5,36,50,33,Train/33/00033_00017_00017.png
1,31192,60,56,5,5,54,51,28,Train/28/00028_00012_00022.png
1,19841,37,38,5,6,31,32,12,Train/12/00012_00049_00011.png
1,22165,65,59,6,5,60,54,13,Train/13/00013_00056_00025.png
1,7390,33,34,6,6,28,29,4,Train/4/00004_00031_00010.png
1,15287,45,45,6,6,40,40,10,Train/10/00010_00008_00017.png
1,7367,45,45,5,5,40,40,4,Train/4/00004_00030_00017.png
1,24439,62,61,6,6,56,56,16,Train/16/00016_00013_00019.png
1,20056,49,48,6,5,43,42,12,Train/12/00012_00056_00016.png
1,33412,47,47,6,5,42,41,33,Train/33/00033_00010_00022.png
1,812,43,46,5,5,38,41,1,Train/1/00001_00008_00002.png
1,36171,52,52,6,5,47,47,38,Train/38/00038_00005_00022.png
1,3574,33,33,6,5,28,28,2,Train/2/00002_00026_00004.png
1,11580,28,26,6,5,23,21,7,Train/7/00007_00029_00000.png
1,16640,67,70,6,7,61,64,10,Train/10/00010_00053_00020.png
1,10747,29,29,6,5,23,23,7,Train/7/00007_00001_00007.png
1,8236,44,45,5,6,39,40,4,Train/4/00004_00059_00016.png
1,18555,58,59,5,5,53,54,12,Train/12/00012_00006_00015.png
1,31690,47,43,6,6,42,38,30,Train/30/00030_00002_00010.png
1,30841,36,34,5,6,31,29,28,Train/28/00028_00001_00001.png
1,18483,30,27,6,6,25,22,12,Train/12/00012_00004_00003.png
1,19230,40,38,6,6,35,33,12,Train/12/00012_00029_00000.png
1,39059,26,26,5,6,21,21,42,Train/42/00042_00003_00000.png
1,19286,48,47,6,5,43,42,12,Train/12/00012_00030_00026.png
1,10300,36,37,6,6,31,32,6,Train/6/00006_00000_00010.png
1,20540,52,52,5,5,47,47,13,Train/13/00013_00002_00020.png
1,32578,103,93,9,8,94,85,31,Train/31/00031_00016_00028.png
1,11944,30,30,5,5,24,25,7,Train/7/00007_00041_00004.png
1,6115,61,61,5,5,55,55,3,Train/3/00003_00035_00025.png
1,35956,62,63,5,5,57,58,37,Train/37/00037_00005_00017.png
1,32619,45,41,6,5,40,36,31,Train/31/00031_00018_00009.png
1,16906,37,37,6,5,32,32,10,Train/10/00010_00062_00016.png
1,5294,38,38,5,5,33,33,3,Train/3/00003_00008_00014.png
1,5114,38,39,5,5,33,34,3,Train/3/00003_00002_00014.png
1,8990,36,37,5,6,31,32,5,Train/5/00005_00018_00020.png
1,18315,48,49,5,6,43,44,11,Train/11/00011_00042_00015.png
1,38179,48,49,5,6,43,44,39,Train/39/00039_00003_00020.png
1,8178,43,43,5,5,38,38,4,Train/4/00004_00057_00018.png
1,35722,52,50,6,6,46,45,36,Train/36/00036_00010_00023.png
1,24028,84,86,7,7,77,79,15,Train/15/00015_00020_00028.png
1,24954,47,49,6,6,42,44,17,Train/17/00017_00016_00024.png
1,21106,45,39,6,6,39,34,13,Train/13/00013_00021_00016.png
1,38197,33,33,5,5,27,27,39,Train/39/00039_00004_00008.png
1,19213,33,33,5,5,28,28,12,Train/12/00012_00028_00013.png
1,21527,71,80,6,7,65,73,13,Train/13/00013_00035_00017.png
1,371,37,38,6,6,32,33,0,Train/0/00000_00000_00011.png
1,11267,38,39,5,5,33,34,7,Train/7/00007_00018_00017.png
1,21179,72,135,6,12,66,124,13,Train/13/00013_00023_00029.png
1,10642,49,50,5,6,44,45,6,Train/6/00006_00011_00022.png
1,37458,46,48,6,6,41,42,38,Train/38/00038_00048_00019.png
1,29996,106,99,9,9,97,91,26,Train/26/00026_00000_00026.png
1,36035,34,40,6,5,29,35,38,Train/38/00038_00001_00006.png
1,25650,38,40,6,5,37,35,18,Train/18/00018_00003_00000.png
1,8476,36,35,6,5,30,30,5,Train/5/00005_00001_00016.png
1,38757,99,99,8,8,91,91,41,Train/41/00041_00000_00028.png
1,9552,33,31,6,6,28,26,5,Train/5/00005_00037_00012.png
1,19601,32,32,6,6,27,27,12,Train/12/00012_00041_00011.png
1,28333,43,40,5,5,38,35,24,Train/24/00024_00004_00013.png
1,29532,39,36,6,6,34,31,25,Train/25/00025_00035_00012.png
1,11800,33,34,5,6,28,29,7,Train/7/00007_00036_00010.png
1,8320,36,37,5,6,31,32,4,Train/4/00004_00062_00010.png
1,2005,75,75,6,6,69,69,1,Train/1/00001_00047_00025.png
1,29856,44,43,5,6,39,38,25,Train/25/00025_00046_00006.png
1,4285,55,54,6,6,50,49,2,Train/2/00002_00049_00025.png
1,11086,37,37,6,5,32,32,7,Train/7/00007_00012_00016.png
1,36370,29,30,5,6,24,25,38,Train/38/00038_00012_00011.png
1,6660,29,29,6,5,24,24,4,Train/4/00004_00007_00000.png
1,23385,41,40,6,5,35,34,14,Train/14/00014_00025_00015.png
1,22466,80,71,8,6,73,65,13,Train/13/00013_00066_00026.png
1,3849,38,38,6,6,33,33,2,Train/2/00002_00035_00009.png
1,32370,29,28,5,6,24,23,31,Train/31/00031_00010_00000.png
1,5384,38,39,5,6,33,34,3,Train/3/00003_00011_00014.png
1,38098,188,193,17,16,172,177,39,Train/39/00039_00000_00029.png
1,11847,65,63,6,5,60,57,7,Train/7/00007_00037_00027.png
1,31874,41,37,5,5,36,32,30,Train/30/00030_00008_00014.png
1,16688,36,36,6,6,31,31,10,Train/10/00010_00055_00008.png
1,2180,74,84,6,8,68,77,1,Train/1/00001_00053_00020.png
1,34148,34,32,6,6,29,27,34,Train/34/00034_00012_00009.png
1,7524,69,70,7,6,63,64,4,Train/4/00004_00035_00024.png
1,8541,41,41,6,6,36,36,5,Train/5/00005_00003_00021.png
1,3530,45,47,5,6,40,42,2,Train/2/00002_00024_00020.png
1,22639,85,84,8,7,78,77,14,Train/14/00014_00000_00019.png
1,28717,81,75,8,6,74,69,25,Train/25/00025_00008_00007.png
1,34548,41,41,5,5,36,36,35,Train/35/00035_00011_00019.png
1,32635,100,92,8,9,92,84,31,Train/31/00031_00018_00025.png
1,10734,68,65,6,6,62,59,7,Train/7/00007_00000_00024.png
1,38114,37,38,6,5,32,33,39,Train/39/00039_00001_00015.png
1,4801,34,35,5,6,28,29,2,Train/2/00002_00067_00001.png
1,5894,33,35,5,6,28,30,3,Train/3/00003_00028_00014.png
1,8385,36,36,5,5,31,30,4,Train/4/00004_00064_00015.png
1,27639,40,38,6,5,35,33,22,Train/22/00022_00011_00009.png
1,31991,37,37,5,5,32,32,30,Train/30/00030_00012_00011.png
1,11176,46,49,6,6,41,44,7,Train/7/00007_00015_00016.png
1,3326,80,79,8,7,73,72,2,Train/2/00002_00017_00026.png
1,9672,35,34,6,5,29,29,5,Train/5/00005_00041_00012.png
1,7124,34,35,5,5,29,30,4,Train/4/00004_00022_00014.png
1,16756,46,44,6,6,41,39,10,Train/10/00010_00057_00016.png
1,25158,38,39,5,5,33,34,17,Train/17/00017_00023_00018.png
1,21100,36,31,6,5,31,26,13,Train/13/00013_00021_00010.png
1,1096,46,48,5,6,41,43,1,Train/1/00001_00017_00016.png
1,770,69,81,6,7,63,74,1,Train/1/00001_00006_00020.png
1,9549,31,29,5,5,25,23,5,Train/5/00005_00037_00009.png
1,28277,64,59,6,5,59,54,24,Train/24/00024_00002_00017.png
1,34520,60,62,5,6,55,57,35,Train/35/00035_00010_00021.png
1,3773,52,49,6,6,47,44,2,Train/2/00002_00032_00023.png
1,27514,39,35,6,6,34,30,22,Train/22/00022_00007_00004.png
1,27842,31,31,5,6,26,26,23,Train/23/00023_00005_00002.png
1,20513,74,72,7,7,68,66,13,Train/13/00013_00001_00023.png
1,11970,28,29,5,6,23,24,7,Train/7/00007_00042_00000.png
1,29761,34,33,5,6,29,28,25,Train/25/00025_00043_00001.png
1,20839,69,59,7,5,63,54,13,Train/13/00013_00012_00019.png
1,8996,43,43,5,6,38,38,5,Train/5/00005_00018_00026.png
1,18188,56,49,6,5,50,43,11,Train/11/00011_00038_00008.png
1,15326,56,57,5,6,51,52,10,Train/10/00010_00009_00026.png
1,18455,36,37,5,5,31,32,12,Train/12/00012_00003_00005.png
1,34333,36,38,6,6,31,32,35,Train/35/00035_00004_00014.png
1,23902,49,47,6,5,43,42,15,Train/15/00015_00016_00022.png
1,36325,48,46,6,5,43,41,38,Train/38/00038_00010_00026.png
1,5542,47,49,5,6,42,44,3,Train/3/00003_00016_00022.png
1,11197,38,38,6,6,33,33,7,Train/7/00007_00016_00007.png
1,21216,37,34,6,5,32,29,13,Train/13/00013_00025_00006.png
1,3604,29,28,6,5,24,23,2,Train/2/00002_00027_00004.png
1,35352,34,36,5,6,29,31,35,Train/35/00035_00038_00013.png
1,11950,34,36,5,6,29,31,7,Train/7/00007_00041_00010.png
1,27743,145,136,12,12,133,125,23,Train/23/00023_00001_00023.png
1,8568,40,43,5,6,35,38,5,Train/5/00005_00004_00018.png
1,1852,62,64,6,6,57,59,1,Train/1/00001_00042_00022.png
1,26433,33,33,5,6,28,27,18,Train/18/00018_00029_00003.png
1,32491,39,37,6,6,34,32,31,Train/31/00031_00014_00001.png
1,17682,40,34,6,6,35,29,11,Train/11/00011_00021_00012.png
1,22510,68,52,7,5,62,47,13,Train/13/00013_00068_00010.png
1,23019,53,53,6,5,48,48,14,Train/14/00014_00013_00009.png
1,4940,35,36,5,5,30,31,2,Train/2/00002_00071_00020.png
1,21096,32,30,6,6,27,25,13,Train/13/00013_00021_00006.png
1,5489,50,50,5,5,45,45,3,Train/3/00003_00014_00029.png
1,26307,94,94,8,9,86,86,18,Train/18/00018_00024_00027.png
1,23021,63,63,6,5,58,58,14,Train/14/00014_00013_00011.png
1,32070,38,35,5,5,33,30,31,Train/31/00031_00000_00000.png
1,37084,50,47,6,5,45,42,38,Train/38/00038_00036_00005.png
1,1296,26,28,5,5,21,23,1,Train/1/00001_00024_00006.png
1,23449,45,97,6,9,40,89,15,Train/15/00015_00001_00019.png
1,31844,54,50,5,5,49,45,30,Train/30/00030_00007_00014.png
1,21213,35,34,5,6,29,29,13,Train/13/00013_00025_00003.png
1,4100,41,41,5,5,36,36,2,Train/2/00002_00043_00020.png
1,27608,34,33,6,5,29,28,22,Train/22/00022_00010_00008.png
1,19119,36,42,6,5,31,37,12,Train/12/00012_00025_00009.png
1,18595,71,74,6,7,65,68,12,Train/12/00012_00007_00025.png
1,10993,34,34,6,5,29,29,7,Train/7/00007_00009_00013.png
1,27732,92,82,9,7,84,75,23,Train/23/00023_00001_00012.png
1,565,85,87,8,7,77,80,0,Train/0/00000_00006_00025.png
1,4233,30,28,6,5,25,23,2,Train/2/00002_00048_00003.png
1,24052,110,109,10,10,101,100,16,Train/16/00016_00000_00022.png
1,4132,56,57,5,6,51,52,2,Train/2/00002_00044_00022.png
1,19915,53,53,6,5,48,48,12,Train/12/00012_00051_00025.png
1,11951,35,36,5,6,30,31,7,Train/7/00007_00041_00011.png
1,33223,38,39,5,5,33,34,33,Train/33/00033_00004_00013.png
1,30633,35,32,6,6,30,27,27,Train/27/00027_00002_00003.png
1,31507,37,33,6,5,32,28,29,Train/29/00029_00005_00007.png
1,35059,47,48,6,5,41,42,35,Train/35/00035_00028_00020.png
1,28998,57,54,6,5,51,48,25,Train/25/00025_00017_00018.png
1,27060,30,32,5,6,25,27,21,Train/21/00021_00003_00000.png
1,36254,32,33,5,6,27,28,38,Train/38/00038_00008_00015.png
1,29036,88,81,8,8,81,74,25,Train/25/00025_00018_00026.png
1,31466,93,86,8,8,85,79,29,Train/29/00029_00003_00026.png
1,32900,41,39,6,5,36,34,32,Train/32/00032_00001_00020.png
1,33980,35,38,5,5,30,33,34,Train/34/00034_00006_00021.png
1,38366,68,71,7,6,62,65,39,Train/39/00039_00009_00027.png
1,14644,36,36,5,5,31,31,9,Train/9/00009_00036_00004.png
1,4173,33,33,5,5,27,28,2,Train/2/00002_00046_00003.png
1,192,37,35,5,6,31,29,20,Train/20/00020_00006_00012.png
1,9520,34,33,6,5,29,28,5,Train/5/00005_00036_00010.png
1,21044,62,55,5,5,57,49,13,Train/13/00013_00019_00014.png
1,33735,42,45,6,5,37,39,33,Train/33/00033_00021_00016.png
1,24559,37,38,5,5,32,32,17,Train/17/00017_00003_00019.png
1,21915,69,63,6,6,63,58,13,Train/13/00013_00048_00015.png
1,36646,41,40,5,5,35,35,38,Train/38/00038_00021_00017.png
1,13058,29,29,6,6,24,24,8,Train/8/00008_00030_00008.png
1,3749,56,59,6,5,51,53,2,Train/2/00002_00031_00029.png
1,35069,39,40,5,6,34,35,35,Train/35/00035_00029_00000.png
1,16964,35,35,5,5,29,30,10,Train/10/00010_00064_00014.png
1,4827,92,88,8,7,84,81,2,Train/2/00002_00067_00027.png
1,13377,53,53,6,6,48,48,8,Train/8/00008_00040_00027.png
1,38185,83,84,8,8,76,77,39,Train/39/00039_00003_00026.png
1,21237,99,92,8,8,91,84,13,Train/13/00013_00025_00027.png
1,17686,44,41,6,6,39,36,11,Train/11/00011_00021_00016.png
1,7216,50,48,5,5,45,43,4,Train/4/00004_00025_00016.png
1,33390,27,28,6,5,22,22,33,Train/33/00033_00010_00000.png
1,27648,51,48,6,5,46,43,22,Train/22/00022_00011_00018.png
1,27682,64,58,6,5,59,53,22,Train/22/00022_00012_00022.png
1,35551,30,30,5,5,25,25,36,Train/36/00036_00005_00002.png
1,31503,36,31,6,5,30,26,29,Train/29/00029_00005_00003.png
1,25154,35,37,5,6,30,32,17,Train/17/00017_00023_00014.png
1,18882,42,41,5,5,37,36,12,Train/12/00012_00017_00012.png
1,19829,109,107,9,9,100,97,12,Train/12/00012_00048_00029.png
1,428,31,32,5,6,26,27,0,Train/0/00000_00002_00008.png
1,37770,36,37,5,6,31,32,38,Train/38/00038_00059_00001.png
1,22656,37,37,6,6,32,32,14,Train/14/00014_00001_00006.png
1,5314,29,31,5,6,24,26,3,Train/3/00003_00009_00004.png
1,884,37,37,5,5,32,32,1,Train/1/00001_00010_00014.png
1,5415,40,40,6,5,35,34,3,Train/3/00003_00012_00015.png
1,35995,75,81,6,7,69,74,37,Train/37/00037_00006_00026.png
1,26700,38,39,5,6,33,34,18,Train/18/00018_00038_00000.png
1,38724,56,59,5,5,51,54,40,Train/40/00040_00011_00025.png
1,26046,33,29,6,5,28,24,18,Train/18/00018_00016_00006.png
1,32882,28,28,6,6,23,23,32,Train/32/00032_00001_00002.png
1,17082,70,67,7,6,64,61,11,Train/11/00011_00001_00012.png
1,29054,58,57,5,6,53,52,25,Train/25/00025_00019_00014.png
1,38377,42,40,5,6,37,35,40,Train/40/00040_00000_00008.png
1,36151,27,28,6,5,22,23,38,Train/38/00038_00005_00002.png
1,33271,28,29,6,6,23,24,33,Train/33/00033_00006_00001.png
1,28535,32,30,6,5,27,25,25,Train/25/00025_00002_00005.png
1,7384,27,29,6,6,22,24,4,Train/4/00004_00031_00004.png
1,2843,62,62,6,6,56,57,2,Train/2/00002_00001_00023.png
1,16235,30,31,5,6,24,25,10,Train/10/00010_00040_00005.png
1,20556,32,35,5,6,27,30,13,Train/13/00013_00003_00006.png
1,6394,29,30,5,5,24,24,3,Train/3/00003_00045_00004.png
1,15180,30,31,5,6,25,26,10,Train/10/00010_00005_00000.png
1,9256,40,40,5,5,35,35,5,Train/5/00005_00027_00016.png
1,25855,50,47,5,6,45,42,18,Train/18/00018_00009_00025.png
1,29933,68,69,7,7,62,63,25,Train/25/00025_00048_00023.png
1,11852,30,31,5,6,25,26,7,Train/7/00007_00038_00002.png
1,21940,37,32,5,5,32,27,13,Train/13/00013_00049_00010.png
1,17515,60,57,5,6,55,51,11,Train/11/00011_00015_00025.png
1,35508,45,44,6,5,40,39,36,Train/36/00036_00003_00019.png
1,11101,30,30,5,5,25,25,7,Train/7/00007_00013_00001.png
1,15889,40,40,6,6,35,35,10,Train/10/00010_00028_00019.png
1,35274,54,54,5,6,49,49,35,Train/35/00035_00035_00025.png
1,2855,28,28,5,5,23,23,2,Train/2/00002_00002_00005.png
1,1462,65,69,5,7,59,62,1,Train/1/00001_00029_00022.png
1,21718,75,64,7,5,69,59,13,Train/13/00013_00041_00028.png
1,4480,37,37,6,6,32,31,2,Train/2/00002_00056_00010.png
1,1121,53,52,6,5,47,47,1,Train/1/00001_00018_00011.png
1,490,66,71,6,7,60,65,0,Train/0/00000_00004_00010.png
1,26734,42,38,6,5,37,33,18,Train/18/00018_00039_00004.png
1,15130,35,35,6,5,30,30,10,Train/10/00010_00003_00010.png
1,4693,33,33,5,5,28,28,2,Train/2/00002_00063_00013.png
1,13596,29,29,5,6,24,24,9,Train/9/00009_00001_00006.png
1,26156,107,106,10,9,98,97,18,Train/18/00018_00019_00026.png
1,18249,42,40,5,6,37,35,11,Train/11/00011_00040_00009.png
1,1633,34,34,5,5,29,29,1,Train/1/00001_00035_00013.png
1,34286,53,55,6,6,48,49,35,Train/35/00035_00002_00027.png
1,30929,123,111,10,10,113,102,28,Train/28/00028_00003_00029.png
1,35084,47,49,6,6,42,43,35,Train/35/00035_00029_00015.png
1,16108,99,87,9,8,90,80,10,Train/10/00010_00035_00028.png
1,6594,104,100,9,8,95,92,4,Train/4/00004_00004_00024.png
1,26523,49,49,5,5,44,44,18,Train/18/00018_00032_00003.png
1,23821,29,32,6,5,24,26,15,Train/15/00015_00014_00001.png
1,22842,48,48,5,6,43,43,14,Train/14/00014_00007_00012.png
1,13372,43,44,5,6,38,39,8,Train/8/00008_00040_00022.png
1,24694,26,29,5,6,21,24,17,Train/17/00017_00008_00004.png
1,31232,37,36,5,5,32,31,28,Train/28/00028_00014_00002.png
1,16310,48,50,6,6,43,45,10,Train/10/00010_00042_00020.png
1,24435,58,58,5,6,52,53,16,Train/16/00016_00013_00015.png
1,3147,69,63,6,5,63,58,2,Train/2/00002_00011_00027.png
1,16183,34,35,6,6,29,30,10,Train/10/00010_00038_00013.png
1,31816,39,38,6,5,34,33,30,Train/30/00030_00006_00016.png
1,1887,98,98,9,9,90,90,1,Train/1/00001_00043_00027.png
1,109,58,56,5,6,53,51,20,Train/20/00020_00003_00019.png
1,218,27,28,5,6,22,23,20,Train/20/00020_00007_00008.png
1,13880,61,60,6,5,56,55,9,Train/9/00009_00010_00020.png
1,33031,28,28,5,5,22,22,32,Train/32/00032_00006_00001.png
1,36445,60,64,5,6,55,59,38,Train/38/00038_00014_00026.png
1,27466,42,43,6,6,37,38,22,Train/22/00022_00005_00016.png
1,30647,56,49,6,5,50,44,27,Train/27/00027_00002_00017.png
1,38499,50,50,6,5,45,45,40,Train/40/00040_00004_00010.png
1,1789,56,58,5,5,51,53,1,Train/1/00001_00040_00019.png
1,28786,57,52,5,6,52,47,25,Train/25/00025_00010_00016.png
1,501,81,85,7,7,73,78,0,Train/0/00000_00004_00021.png
1,25543,30,35,6,6,25,30,17,Train/17/00017_00036_00013.png
1,22621,48,46,6,6,43,41,14,Train/14/00014_00000_00001.png
1,38971,29,29,6,6,24,24,42,Train/42/00042_00000_00002.png
1,18391,32,28,6,5,27,23,12,Train/12/00012_00001_00001.png
1,11568,38,40,6,6,33,35,7,Train/7/00007_00028_00018.png
1,20212,61,61,6,5,56,56,12,Train/12/00012_00061_00022.png
1,21121,47,45,6,6,42,40,13,Train/13/00013_00022_00001.png
1,13193,64,70,6,7,58,63,8,Train/8/00008_00034_00023.png
1,33524,38,42,5,6,33,36,33,Train/33/00033_00014_00014.png
1,5499,34,34,6,6,28,28,3,Train/3/00003_00015_00009.png
1,16828,92,94,9,8,84,86,10,Train/10/00010_00059_00028.png
1,19381,53,53,6,6,47,47,12,Train/12/00012_00034_00001.png
1,32328,52,49,5,6,47,44,31,Train/31/00031_00008_00018.png
1,25997,50,53,6,6,45,48,18,Train/18/00018_00014_00017.png
1,36959,33,33,5,5,28,28,38,Train/38/00038_00032_00000.png
1,12690,33,36,6,6,28,31,8,Train/8/00008_00018_00000.png
1,33003,29,29,6,6,23,24,32,Train/32/00032_00005_00003.png
1,8013,26,27,5,5,21,22,4,Train/4/00004_00052_00003.png
1,16958,31,32,6,6,26,27,10,Train/10/00010_00064_00008.png
1,10503,27,29,6,6,22,23,6,Train/6/00006_00007_00003.png
1,31815,35,35,6,6,30,30,30,Train/30/00030_00006_00015.png
1,24474,30,35,5,6,25,30,17,Train/17/00017_00000_00024.png
1,15009,32,31,6,5,26,25,9,Train/9/00009_00048_00009.png
1,33445,79,80,7,8,72,73,33,Train/33/00033_00011_00025.png
1,5678,34,33,6,5,29,28,3,Train/3/00003_00021_00008.png
1,25043,59,62,5,5,54,57,17,Train/17/00017_00019_00023.png
1,17053,36,33,5,5,31,28,11,Train/11/00011_00000_00013.png
1,30142,55,50,5,5,50,45,26,Train/26/00026_00005_00022.png
1,10534,28,29,6,5,22,23,6,Train/6/00006_00008_00004.png
1,25726,109,100,9,9,100,92,18,Train/18/00018_00005_00016.png
1,3015,44,43,6,6,39,38,2,Train/2/00002_00007_00015.png
1,12681,49,46,6,6,44,41,8,Train/8/00008_00017_00021.png
1,13126,38,38,6,6,32,33,8,Train/8/00008_00032_00016.png
1,9909,33,35,5,6,28,30,5,Train/5/00005_00049_00009.png
1,25456,31,33,5,6,26,28,17,Train/17/00017_00033_00016.png
1,10447,29,30,6,5,24,25,6,Train/6/00006_00005_00007.png
1,5994,58,61,6,5,52,55,3,Train/3/00003_00031_00024.png
1,35167,32,31,6,5,26,25,35,Train/35/00035_00032_00008.png
1,7283,48,48,5,5,43,43,4,Train/4/00004_00027_00023.png
1,27953,96,88,9,7,88,81,23,Train/23/00023_00008_00023.png
1,30234,75,65,7,6,69,60,26,Train/26/00026_00008_00024.png
1,24576,43,47,6,6,38,42,17,Train/17/00017_00004_00006.png
1,25769,122,108,11,10,112,99,18,Train/18/00018_00006_00029.png
1,7701,47,47,6,6,42,42,4,Train/4/00004_00041_00021.png
1,38809,57,59,5,5,52,54,41,Train/41/00041_00002_00020.png
1,6369,31,32,5,5,26,27,3,Train/3/00003_00044_00009.png
1,11984,40,41,5,6,35,36,7,Train/7/00007_00042_00014.png
1,29560,46,43,6,6,41,37,25,Train/25/00025_00036_00010.png
1,23853,30,36,5,6,24,31,15,Train/15/00015_00015_00003.png
1,23807,44,49,6,6,39,43,15,Train/15/00015_00013_00017.png
1,34539,34,35,5,6,29,30,35,Train/35/00035_00011_00010.png
1,10948,130,132,12,12,119,121,7,Train/7/00007_00007_00028.png
1,20080,46,47,6,5,41,42,12,Train/12/00012_00057_00010.png
1,21154,29,34,6,5,23,28,13,Train/13/00013_00023_00004.png
1,27615,39,38,6,5,34,33,22,Train/22/00022_00010_00015.png
1,37664,60,61,5,6,54,56,38,Train/38/00038_00055_00015.png
1,15369,38,38,5,5,33,33,10,Train/10/00010_00011_00009.png
1,36909,32,35,5,5,27,30,38,Train/38/00038_00030_00010.png
1,37251,48,48,5,5,43,43,38,Train/38/00038_00041_00022.png
1,32941,27,28,6,5,22,22,32,Train/32/00032_00003_00001.png
1,32540,64,58,6,6,59,53,31,Train/31/00031_00015_00020.png
1,28662,35,34,6,5,30,28,25,Train/25/00025_00006_00012.png
1,19796,127,128,11,11,116,117,12,Train/12/00012_00047_00026.png
1,29624,43,41,6,6,38,36,25,Train/25/00025_00038_00014.png
1,11023,40,38,6,5,35,33,7,Train/7/00007_00010_00013.png
1,35646,30,32,6,6,25,27,36,Train/36/00036_00008_00007.png
1,5171,37,37,6,6,32,32,3,Train/3/00003_00004_00011.png
1,16414,29,28,6,5,24,23,10,Train/10/00010_00046_00004.png
1,33324,113,119,9,10,103,108,33,Train/33/00033_00007_00024.png
1,16724,37,37,6,6,32,32,10,Train/10/00010_00056_00014.png
1,29050,51,50,5,5,46,45,25,Train/25/00025_00019_00010.png
1,11530,32,33,5,6,26,27,7,Train/7/00007_00027_00010.png
1,19433,53,53,6,5,48,48,12,Train/12/00012_00035_00023.png
1,38257,31,31,6,5,26,25,39,Train/39/00039_00006_00008.png
1,256,39,40,5,6,34,35,20,Train/20/00020_00008_00016.png
1,37589,28,30,5,6,23,25,38,Train/38/00038_00053_00000.png
1,35691,49,50,5,6,43,45,36,Train/36/00036_00009_00022.png
1,8879,75,76,6,7,69,70,5,Train/5/00005_00014_00029.png
1,14339,100,101,8,9,92,93,9,Train/9/00009_00025_00029.png
1,24919,41,43,6,6,36,38,17,Train/17/00017_00015_00019.png
1,28151,54,49,5,5,49,44,23,Train/23/00023_00015_00011.png
1,31033,70,60,7,6,63,54,28,Train/28/00028_00007_00013.png
1,12487,36,35,6,5,31,30,8,Train/8/00008_00011_00007.png
1,3891,50,50,6,6,45,45,2,Train/2/00002_00036_00021.png
1,27103,39,34,5,5,34,29,21,Train/21/00021_00004_00013.png
1,35578,77,75,7,7,71,69,36,Train/36/00036_00005_00029.png
1,32950,32,30,6,5,26,25,32,Train/32/00032_00003_00010.png
1,26548,111,112,9,10,102,103,18,Train/18/00018_00032_00028.png
1,26801,40,38,5,6,35,33,19,Train/19/00019_00001_00011.png
1,34364,35,35,6,6,30,30,35,Train/35/00035_00005_00015.png
1,25955,41,41,5,5,36,36,18,Train/18/00018_00013_00005.png
1,18593,64,62,6,6,59,57,12,Train/12/00012_00007_00023.png
1,2293,37,37,5,5,32,32,1,Train/1/00001_00057_00013.png
1,21340,36,34,6,5,31,28,13,Train/13/00013_00029_00010.png
1,25269,32,33,6,6,27,28,17,Train/17/00017_00027_00009.png
1,17874,107,94,10,9,98,86,11,Train/11/00011_00027_00024.png
1,5606,85,85,7,7,78,78,3,Train/3/00003_00018_00026.png
1,15922,42,42,5,5,37,37,10,Train/10/00010_00029_00022.png
1,4944,39,40,5,6,34,35,2,Train/2/00002_00071_00024.png
1,3386,61,63,6,5,56,58,2,Train/2/00002_00019_00026.png
1,16890,29,30,5,6,24,25,10,Train/10/00010_00062_00000.png
1,33257,71,70,7,7,65,64,33,Train/33/00033_00005_00017.png
1,7235,40,42,5,6,35,37,4,Train/4/00004_00026_00005.png
1,18015,54,54,5,6,49,48,11,Train/11/00011_00032_00015.png
1,18952,65,63,6,6,60,58,12,Train/12/00012_00019_00022.png
1,30352,52,49,6,6,47,44,26,Train/26/00026_00012_00022.png
1,37058,31,32,5,6,26,27,38,Train/38/00038_00035_00009.png
1,28111,75,69,6,7,69,63,23,Train/23/00023_00014_00001.png
1,25786,82,72,8,6,75,65,18,Train/18/00018_00007_00016.png
1,24710,30,32,5,6,25,27,17,Train/17/00017_00008_00020.png
1,23440,31,68,5,6,26,62,15,Train/15/00015_00001_00010.png
1,1947,105,105,10,10,96,96,1,Train/1/00001_00045_00027.png
1,18362,28,29,6,5,23,24,12,Train/12/00012_00000_00002.png
1,32474,38,39,6,5,33,33,31,Train/31/00031_00013_00014.png
1,14710,38,37,6,5,33,32,9,Train/9/00009_00038_00010.png
1,21385,82,76,8,7,75,70,13,Train/13/00013_00030_00025.png
1,34080,30,34,5,6,24,29,34,Train/34/00034_00010_00001.png
1,11476,43,43,5,6,38,38,7,Train/7/00007_00025_00016.png
1,16294,35,36,6,6,30,31,10,Train/10/00010_00042_00004.png
1,3148,76,71,7,6,70,65,2,Train/2/00002_00011_00028.png
1,20434,53,52,6,6,48,47,12,Train/12/00012_00069_00004.png
1,26026,62,61,6,5,57,56,18,Train/18/00018_00015_00016.png
1,24633,30,31,6,6,25,26,17,Train/17/00017_00006_00003.png
1,38418,53,53,5,5,48,48,40,Train/40/00040_00001_00019.png
1,36158,33,35,5,5,28,29,38,Train/38/00038_00005_00009.png
1,17272,72,63,6,5,65,58,11,Train/11/00011_00007_00022.png
1,16784,38,38,5,5,33,33,10,Train/10/00010_00058_00014.png
1,6557,39,37,5,5,34,32,4,Train/4/00004_00003_00017.png
1,10717,31,30,6,5,26,25,7,Train/7/00007_00000_00007.png
1,4379,136,130,11,11,125,119,2,Train/2/00002_00052_00029.png
1,34013,57,57,6,6,52,52,34,Train/34/00034_00007_00024.png
1,24869,33,40,5,5,28,35,17,Train/17/00017_00013_00029.png
1,3120,28,26,6,5,22,20,2,Train/2/00002_00011_00000.png
1,11583,28,29,5,6,23,24,7,Train/7/00007_00029_00003.png
1,2816,83,82,7,8,76,75,2,Train/2/00002_00000_00026.png
1,17603,88,76,7,6,81,70,11,Train/11/00011_00018_00023.png
1,19988,35,37,5,5,30,31,12,Train/12/00012_00054_00008.png
1,33293,74,74,7,6,68,68,33,Train/33/00033_00006_00023.png
1,22473,36,32,6,5,31,27,13,Train/13/00013_00067_00003.png
1,28432,76,69,6,7,70,63,24,Train/24/00024_00007_00022.png
1,29961,62,60,5,5,57,55,25,Train/25/00025_00049_00021.png
1,31769,168,146,14,13,154,134,30,Train/30/00030_00004_00029.png
1,32145,52,47,6,5,47,42,31,Train/31/00031_00002_00015.png
1,11660,40,40,6,5,34,34,7,Train/7/00007_00031_00020.png
1,36643,38,37,6,5,33,32,38,Train/38/00038_00021_00014.png
1,2995,57,59,6,6,52,54,2,Train/2/00002_00006_00025.png
1,9781,27,27,5,6,22,22,5,Train/5/00005_00045_00001.png
1,17330,69,60,6,5,63,55,11,Train/11/00011_00009_00020.png
1,34139,27,28,5,5,22,23,34,Train/34/00034_00012_00000.png
1,32318,40,40,5,6,35,35,31,Train/31/00031_00008_00008.png
1,8892,41,40,6,5,36,35,5,Train/5/00005_00015_00012.png
1,8058,57,56,6,6,52,51,4,Train/4/00004_00053_00018.png
1,2391,56,57,6,5,51,51,1,Train/1/00001_00060_00021.png
1,24117,57,58,5,6,52,53,16,Train/16/00016_00002_00027.png
1,17470,39,39,5,6,33,33,11,Train/11/00011_00014_00010.png
1,2907,71,70,7,6,65,64,2,Train/2/00002_00003_00027.png
1,12525,45,45,5,5,40,40,8,Train/8/00008_00012_00015.png
1,36563,56,60,5,6,51,55,38,Train/38/00038_00018_00024.png
1,3987,58,58,6,5,52,52,2,Train/2/00002_00039_00027.png
1,36136,40,43,6,5,35,37,38,Train/38/00038_00004_00017.png
1,13147,29,30,5,5,24,25,8,Train/8/00008_00033_00007.png
1,26124,94,82,8,8,86,75,18,Train/18/00018_00018_00024.png
1,17092,98,93,8,8,90,85,11,Train/11/00011_00001_00022.png
1,31346,105,95,9,9,96,87,28,Train/28/00028_00017_00026.png
1,959,108,109,9,10,99,100,1,Train/1/00001_00012_00029.png
1,29928,50,54,6,5,45,49,25,Train/25/00025_00048_00018.png
1,22634,69,68,7,6,63,62,14,Train/14/00014_00000_00014.png
1,33806,70,83,6,7,64,76,34,Train/34/00034_00000_00027.png
1,3126,30,27,5,5,25,22,2,Train/2/00002_00011_00006.png
1,27323,80,71,7,7,73,65,22,Train/22/00022_00000_00023.png
1,11115,41,39,5,5,36,34,7,Train/7/00007_00013_00015.png
1,30062,33,29,5,5,27,24,26,Train/26/00026_00003_00002.png
1,21596,107,107,9,9,98,98,13,Train/13/00013_00037_00026.png
1,37442,30,28,5,5,25,23,38,Train/38/00038_00048_00003.png
1,11097,54,55,6,6,49,50,7,Train/7/00007_00012_00027.png
1,8175,40,39,6,5,35,34,4,Train/4/00004_00057_00015.png
1,33129,34,32,6,5,29,27,33,Train/33/00033_00001_00009.png
1,6000,45,47,5,5,40,42,3,Train/3/00003_00032_00000.png
1,3842,35,35,6,6,30,30,2,Train/2/00002_00035_00002.png
1,29518,169,149,14,13,155,137,25,Train/25/00025_00034_00028.png
1,10453,33,35,6,5,27,29,6,Train/6/00006_00005_00013.png
1,26259,41,38,6,6,35,32,18,Train/18/00018_00023_00009.png
1,35669,27,27,6,5,22,22,36,Train/36/00036_00009_00000.png
1,12888,46,46,5,5,41,41,8,Train/8/00008_00024_00018.png
1,7731,47,47,6,5,42,41,4,Train/4/00004_00042_00021.png
1,23342,27,27,6,6,22,22,14,Train/14/00014_00024_00002.png
1,28244,64,66,6,6,58,60,24,Train/24/00024_00001_00014.png
1,34786,38,39,6,6,33,33,35,Train/35/00035_00019_00017.png
1,8248,110,110,10,10,101,101,4,Train/4/00004_00059_00028.png
1,14034,43,43,5,5,38,38,9,Train/9/00009_00015_00024.png
1,36862,31,33,5,6,26,28,38,Train/38/00038_00028_00023.png
1,5084,36,36,6,6,30,30,3,Train/3/00003_00001_00014.png
1,30182,31,28,5,5,26,23,26,Train/26/00026_00007_00002.png
1,4266,32,31,6,6,26,26,2,Train/2/00002_00049_00006.png
1,20250,27,28,6,6,22,23,12,Train/12/00012_00063_00000.png
1,26735,42,39,5,5,36,33,18,Train/18/00018_00039_00005.png
1,13155,33,33,6,6,28,28,8,Train/8/00008_00033_00015.png
1,14048,46,45,6,5,41,40,9,Train/9/00009_00016_00008.png
1,1531,33,32,6,5,28,27,1,Train/1/00001_00032_00001.png
1,15870,29,30,5,6,24,25,10,Train/10/00010_00028_00000.png
1,13323,33,31,6,5,28,26,8,Train/8/00008_00039_00003.png
1,24733,37,41,6,6,31,35,17,Train/17/00017_00009_00013.png
1,32158,146,141,12,13,134,129,31,Train/31/00031_00002_00028.png
1,22355,33,31,6,6,28,26,13,Train/13/00013_00063_00005.png
1,2244,81,91,8,8,74,83,1,Train/1/00001_00055_00024.png
1,20759,83,80,7,8,76,73,13,Train/13/00013_00009_00029.png
1,7496,57,58,5,6,52,53,4,Train/4/00004_00034_00026.png
1,11353,36,36,6,5,31,31,7,Train/7/00007_00021_00013.png
1,2532,35,37,5,6,30,32,1,Train/1/00001_00065_00012.png
1,25349,49,52,6,5,44,47,17,Train/17/00017_00029_00029.png
1,1636,35,36,5,5,30,31,1,Train/1/00001_00035_00016.png
1,32981,32,32,5,5,27,27,32,Train/32/00032_00004_00011.png
1,30922,69,63,7,6,63,58,28,Train/28/00028_00003_00022.png
1,20760,31,32,6,6,26,27,13,Train/13/00013_00010_00000.png
1,321,57,50,6,5,52,45,20,Train/20/00020_00010_00021.png
1,38622,52,54,6,6,47,49,40,Train/40/00040_00008_00013.png
1,36530,49,47,6,5,44,42,38,Train/38/00038_00017_00021.png
1,5053,36,35,6,5,31,30,3,Train/3/00003_00000_00013.png
1,27992,40,37,6,5,34,31,23,Train/23/00023_00010_00002.png
1,15391,31,31,5,5,26,26,10,Train/10/00010_00012_00001.png
1,18608,37,37,6,6,32,32,12,Train/12/00012_00008_00008.png
1,2202,46,46,5,6,41,40,1,Train/1/00001_00054_00012.png
1,7871,48,47,6,6,43,42,4,Train/4/00004_00047_00011.png
1,19092,51,51,6,6,46,46,12,Train/12/00012_00024_00012.png
1,31864,34,30,6,5,29,25,30,Train/30/00030_00008_00004.png
1,19041,52,51,5,6,47,46,12,Train/12/00012_00022_00021.png
1,31735,117,98,11,8,107,90,30,Train/30/00030_00003_00025.png
1,23803,39,42,6,6,34,37,15,Train/15/00015_00013_00013.png
1,9902,30,30,5,5,25,25,5,Train/5/00005_00049_00002.png
1,12181,27,28,5,6,21,23,8,Train/8/00008_00001_00001.png
1,34801,30,30,6,6,25,25,35,Train/35/00035_00020_00002.png
1,34843,36,38,5,6,31,33,35,Train/35/00035_00021_00014.png
1,13182,40,43,5,6,35,38,8,Train/8/00008_00034_00012.png
1,33874,48,49,6,5,43,43,34,Train/34/00034_00003_00005.png
1,2472,35,36,6,6,30,31,1,Train/1/00001_00063_00012.png
1,16927,29,30,5,5,23,24,10,Train/10/00010_00063_00007.png
1,10275,35,34,6,5,30,29,5,Train/5/00005_00061_00015.png
1,13827,59,59,5,6,53,53,9,Train/9/00009_00008_00027.png
1,14932,64,70,6,6,59,64,9,Train/9/00009_00045_00022.png
1,38598,45,47,5,6,40,41,40,Train/40/00040_00007_00019.png
1,27409,59,54,5,5,54,49,22,Train/22/00022_00003_00019.png
1,12063,29,29,6,6,23,24,7,Train/7/00007_00045_00003.png
1,24382,43,44,5,5,37,38,16,Train/16/00016_00011_00022.png
1,22883,60,73,6,7,55,66,14,Train/14/00014_00008_00023.png
1,36395,28,29,5,5,23,24,38,Train/38/00038_00013_00006.png
1,34802,32,31,6,5,27,26,35,Train/35/00035_00020_00003.png
1,1952,41,42,5,6,36,37,1,Train/1/00001_00046_00002.png
1,11594,34,35,5,5,29,30,7,Train/7/00007_00029_00014.png
1,19539,44,44,5,5,39,39,12,Train/12/00012_00039_00009.png
1,1099,53,54,5,5,47,49,1,Train/1/00001_00017_00019.png
1,14260,33,36,5,6,28,31,9,Train/9/00009_00023_00010.png
1,6574,46,46,5,5,41,41,4,Train/4/00004_00004_00004.png
1,12045,30,31,5,5,25,26,7,Train/7/00007_00044_00015.png
1,18628,148,145,13,12,135,133,12,Train/12/00012_00008_00028.png
1,25647,84,76,8,7,77,70,18,Train/18/00018_00002_00027.png
1,18689,144,122,13,11,132,112,12,Train/12/00012_00010_00029.png
1,28009,64,61,5,6,59,56,23,Train/23/00023_00010_00019.png
1,19986,36,36,6,5,30,30,12,Train/12/00012_00054_00006.png
1,14344,54,52,6,6,49,46,9,Train/9/00009_00026_00004.png
1,6929,46,47,5,6,41,41,4,Train/4/00004_00015_00029.png
1,33388,105,106,9,9,96,97,33,Train/33/00033_00009_00028.png
1,13032,38,38,6,6,33,33,8,Train/8/00008_00029_00012.png
1,624,57,55,6,5,52,49,1,Train/1/00001_00001_00024.png
1,20565,60,58,5,6,55,53,13,Train/13/00013_00003_00015.png
1,1886,85,86,7,8,78,79,1,Train/1/00001_00043_00026.png
1,8187,92,92,8,8,84,84,4,Train/4/00004_00057_00027.png
1,19229,123,124,10,11,113,114,12,Train/12/00012_00028_00029.png
1,24763,34,36,5,6,29,30,17,Train/17/00017_00010_00013.png
1,17189,190,200,16,18,174,183,11,Train/11/00011_00004_00029.png
1,22536,33,33,5,5,28,28,13,Train/13/00013_00069_00006.png
1,10420,36,37,6,6,31,32,6,Train/6/00006_00004_00010.png
1,5975,28,29,6,6,22,24,3,Train/3/00003_00031_00005.png
1,38311,34,33,6,5,28,28,39,Train/39/00039_00008_00002.png
1,2065,70,70,6,6,64,64,1,Train/1/00001_00049_00025.png
1,38120,44,44,5,5,38,39,39,Train/39/00039_00001_00021.png
1,15310,38,37,5,5,33,32,10,Train/10/00010_00009_00010.png
1,8890,39,38,6,5,34,33,5,Train/5/00005_00015_00010.png
1,34804,32,33,5,6,27,28,35,Train/35/00035_00020_00005.png
1,16650,31,31,6,6,26,26,10,Train/10/00010_00054_00000.png
1,27649,53,48,6,5,48,43,22,Train/22/00022_00011_00019.png
1,7758,46,45,6,5,41,40,4,Train/4/00004_00043_00018.png
1,28157,69,60,6,6,63,55,23,Train/23/00023_00015_00017.png
1,29019,40,37,6,6,35,32,25,Train/25/00025_00018_00009.png
1,33071,33,32,6,5,27,27,32,Train/32/00032_00007_00011.png
1,28893,40,36,6,5,34,31,25,Train/25/00025_00014_00003.png
1,24791,28,30,5,6,23,25,17,Train/17/00017_00011_00011.png
1,27200,62,57,6,5,57,52,21,Train/21/00021_00007_00020.png
1,6823,37,38,5,6,32,33,4,Train/4/00004_00012_00013.png
1,22399,35,35,6,6,30,30,13,Train/13/00013_00064_00019.png
1,31715,47,40,6,5,42,35,30,Train/30/00030_00003_00005.png
1,35248,42,52,5,6,37,46,35,Train/35/00035_00034_00029.png
1,29709,48,44,5,5,43,39,25,Train/25/00025_00041_00009.png
1,2290,36,35,6,5,31,30,1,Train/1/00001_00057_00010.png
1,29124,85,76,7,6,78,70,25,Train/25/00025_00021_00024.png
1,2748,72,73,6,7,66,67,1,Train/1/00001_00072_00018.png
1,15283,37,37,5,5,32,32,10,Train/10/00010_00008_00013.png
1,15029,77,81,6,8,70,74,9,Train/9/00009_00048_00029.png
1,7161,39,39,5,6,34,34,4,Train/4/00004_00023_00021.png
1,35993,70,72,6,6,63,66,37,Train/37/00037_00006_00024.png
1,28861,28,28,5,5,23,22,25,Train/25/00025_00013_00001.png
1,18718,133,134,11,12,122,123,12,Train/12/00012_00011_00028.png
1,23676,39,38,6,5,34,33,15,Train/15/00015_00009_00006.png
1,11572,42,43,6,5,37,38,7,Train/7/00007_00028_00022.png
1,13283,46,47,5,6,41,42,8,Train/8/00008_00037_00023.png
1,37290,33,35,6,6,28,30,38,Train/38/00038_00043_00001.png
1,7947,61,62,5,6,56,56,4,Train/4/00004_00049_00027.png
1,26141,48,49,5,6,43,44,18,Train/18/00018_00019_00011.png
1,26638,111,98,10,8,101,89,18,Train/18/00018_00035_00028.png
1,7817,40,41,5,6,34,35,4,Train/4/00004_00045_00017.png
1,18796,46,46,5,6,41,41,12,Train/12/00012_00014_00016.png
1,37405,58,57,6,6,53,52,38,Train/38/00038_00046_00026.png
1,2127,81,82,7,8,73,74,1,Train/1/00001_00051_00027.png
1,8270,45,44,6,5,40,39,4,Train/4/00004_00060_00020.png
1,14089,46,50,6,6,41,45,9,Train/9/00009_00017_00019.png
1,20671,38,35,6,5,33,30,13,Train/13/00013_00007_00001.png
1,24980,53,54,5,5,48,49,17,Train/17/00017_00017_00020.png
1,7660,32,32,5,5,27,27,4,Train/4/00004_00040_00010.png
1,2464,28,28,6,6,22,23,1,Train/1/00001_00063_00004.png
1,34731,71,73,6,7,65,67,35,Train/35/00035_00017_00022.png
1,33493,51,50,5,5,45,44,33,Train/33/00033_00013_00013.png
1,27114,57,50,6,6,52,45,21,Train/21/00021_00004_00024.png
1,15736,41,42,5,6,36,37,10,Train/10/00010_00023_00016.png
1,64,36,34,6,5,31,29,20,Train/20/00020_00002_00004.png
1,28872,38,37,6,6,33,31,25,Train/25/00025_00013_00012.png
1,24617,40,41,6,6,35,35,17,Train/17/00017_00005_00017.png
1,9490,36,37,5,6,31,32,5,Train/5/00005_00035_00010.png
1,3910,34,35,5,6,29,30,2,Train/2/00002_00037_00010.png
1,15774,61,62,5,5,56,57,10,Train/10/00010_00024_00024.png
1,5263,35,35,6,5,30,30,3,Train/3/00003_00007_00013.png
1,27157,36,36,5,6,31,31,21,Train/21/00021_00006_00007.png
1,12260,46,46,6,5,41,41,8,Train/8/00008_00003_00020.png
1,12203,53,52,6,6,48,47,8,Train/8/00008_00001_00023.png
1,3727,33,36,5,6,28,30,2,Train/2/00002_00031_00007.png
1,18293,71,61,7,5,65,56,11,Train/11/00011_00041_00023.png
1,4444,29,29,6,5,24,23,2,Train/2/00002_00055_00004.png
1,10424,42,42,5,6,37,37,6,Train/6/00006_00004_00014.png
1,483,57,61,5,5,52,55,0,Train/0/00000_00004_00003.png
1,32099,155,143,14,12,142,131,31,Train/31/00031_00000_00029.png
1,3802,36,39,5,6,31,34,2,Train/2/00002_00033_00022.png
1,10630,36,35,6,5,31,30,6,Train/6/00006_00011_00010.png
1,29593,40,35,6,5,34,30,25,Train/25/00025_00037_00013.png
1,36833,36,36,6,5,31,31,38,Train/38/00038_00027_00024.png
1,13402,47,46,6,5,42,41,8,Train/8/00008_00041_00022.png
1,13597,30,29,5,5,25,24,9,Train/9/00009_00001_00007.png
1,12648,40,46,6,6,35,41,8,Train/8/00008_00016_00018.png
1,6654,74,74,7,6,67,68,4,Train/4/00004_00006_00024.png
1,32536,58,54,6,6,53,49,31,Train/31/00031_00015_00016.png
1,21288,35,34,6,5,30,29,13,Train/13/00013_00027_00018.png
1,12747,77,76,7,6,71,70,8,Train/8/00008_00019_00027.png
1,16306,44,45,6,6,38,40,10,Train/10/00010_00042_00016.png
1,24737,44,47,6,6,38,42,17,Train/17/00017_00009_00017.png
1,17530,52,50,6,6,47,45,11,Train/11/00011_00016_00010.png
1,13775,31,31,6,6,26,26,9,Train/9/00009_00007_00005.png
1,29702,40,38,6,6,35,33,25,Train/25/00025_00041_00002.png
1,24279,64,63,6,5,59,58,16,Train/16/00016_00008_00009.png
1,4936,33,32,6,5,28,27,2,Train/2/00002_00071_00016.png
1,3482,29,30,5,6,24,25,2,Train/2/00002_00023_00002.png
1,32613,37,35,5,6,32,30,31,Train/31/00031_00018_00003.png
1,23788,49,55,5,6,44,49,15,Train/15/00015_00012_00028.png
1,16667,44,44,5,5,39,39,10,Train/10/00010_00054_00017.png
1,18741,64,65,5,6,59,60,12,Train/12/00012_00012_00021.png
1,36538,67,67,6,6,61,61,38,Train/38/00038_00017_00029.png
1,17102,72,66,7,6,66,60,11,Train/11/00011_00002_00002.png
1,38386,51,49,6,6,46,43,40,Train/40/00040_00000_00017.png
1,4380,30,29,6,5,25,24,2,Train/2/00002_00053_00000.png
1,14387,41,40,5,6,36,35,9,Train/9/00009_00027_00017.png
1,12366,33,33,5,5,28,28,8,Train/8/00008_00007_00006.png
1,25490,41,43,6,6,36,38,17,Train/17/00017_00034_00020.png
1,22987,44,45,5,6,39,40,14,Train/14/00014_00012_00007.png
1,8213,50,50,6,6,45,45,4,Train/4/00004_00058_00023.png
1,6234,60,63,6,5,55,58,3,Train/3/00003_00039_00024.png
1,17746,46,42,6,6,41,37,11,Train/11/00011_00023_00016.png
1,8672,29,29,5,5,24,24,5,Train/5/00005_00008_00002.png
1,38294,69,73,6,7,63,66,39,Train/39/00039_00007_00015.png
1,17770,38,35,6,6,33,30,11,Train/11/00011_00024_00010.png
1,7106,81,80,8,8,74,73,4,Train/4/00004_00021_00026.png
1,18340,41,41,6,6,36,36,11,Train/11/00011_00043_00010.png
1,33025,37,40,6,5,32,34,32,Train/32/00032_00005_00025.png
1,14166,30,31,6,6,25,26,9,Train/9/00009_00020_00006.png
1,3023,57,56,6,6,52,51,2,Train/2/00002_00007_00023.png
1,31498,117,109,11,9,107,100,29,Train/29/00029_00004_00028.png
1,31770,30,32,5,6,25,27,30,Train/30/00030_00005_00000.png
1,21086,118,106,11,10,108,97,13,Train/13/00013_00020_00026.png
1,20495,32,32,6,6,27,27,13,Train/13/00013_00001_00005.png
1,6202,56,57,5,5,51,52,3,Train/3/00003_00038_00022.png
1,24905,33,37,6,5,28,32,17,Train/17/00017_00015_00005.png
1,36223,43,45,5,6,37,40,38,Train/38/00038_00007_00014.png
1,25391,35,38,6,5,30,33,17,Train/17/00017_00031_00011.png
1,9115,69,69,7,7,63,63,5,Train/5/00005_00022_00025.png
1,20811,57,67,6,6,52,61,13,Train/13/00013_00011_00021.png
1,18497,31,28,5,6,26,23,12,Train/12/00012_00004_00017.png
1,9884,39,40,5,6,34,35,5,Train/5/00005_00048_00014.png
1,14645,38,37,6,5,33,32,9,Train/9/00009_00036_00005.png
1,14698,125,132,11,12,115,121,9,Train/9/00009_00037_00028.png
1,21497,42,39,6,5,37,34,13,Train/13/00013_00034_00017.png
1,36728,36,38,5,6,31,32,38,Train/38/00038_00024_00009.png
1,39137,37,36,6,6,31,30,42,Train/42/00042_00005_00018.png
1,7130,40,41,6,6,35,36,4,Train/4/00004_00022_00020.png
1,6256,35,36,6,5,30,31,3,Train/3/00003_00040_00016.png
1,38979,36,35,6,5,31,30,42,Train/42/00042_00000_00010.png
1,38550,35,35,6,5,30,29,40,Train/40/00040_00006_00001.png
1,27022,61,55,6,5,56,50,21,Train/21/00021_00001_00022.png
1,22886,72,93,6,8,65,84,14,Train/14/00014_00008_00026.png
1,7770,27,28,5,5,22,23,4,Train/4/00004_00044_00000.png
1,21794,51,46,5,6,46,41,13,Train/13/00013_00044_00014.png
1,28652,28,28,5,6,22,22,25,Train/25/00025_00006_00002.png
1,33300,41,41,6,5,36,36,33,Train/33/00033_00007_00000.png
1,34193,55,55,5,5,50,50,34,Train/34/00034_00013_00024.png
1,24100,32,32,5,5,27,27,16,Train/16/00016_00002_00010.png
1,8908,130,136,11,12,119,125,5,Train/5/00005_00015_00028.png
1,14905,72,74,7,6,66,68,9,Train/9/00009_00044_00025.png
1,36141,46,49,5,5,41,44,38,Train/38/00038_00004_00022.png
1,39174,52,52,5,5,47,47,42,Train/42/00042_00006_00025.png
1,21911,59,56,6,6,54,51,13,Train/13/00013_00048_00011.png
1,28516,100,86,9,7,91,79,25,Train/25/00025_00001_00016.png
1,14336,73,73,6,6,67,67,9,Train/9/00009_00025_00026.png
1,25282,53,55,5,6,48,50,17,Train/17/00017_00027_00022.png
1,34483,38,39,5,5,33,34,35,Train/35/00035_00009_00014.png
1,14209,49,49,6,5,44,44,9,Train/9/00009_00021_00019.png
1,36250,31,32,5,6,25,26,38,Train/38/00038_00008_00011.png
1,38851,27,28,5,6,22,23,41,Train/41/00041_00004_00002.png
1,31620,32,26,6,5,27,21,30,Train/30/00030_00000_00000.png
1,8128,58,57,5,6,53,52,4,Train/4/00004_00055_00028.png
1,23981,31,32,5,6,26,27,15,Train/15/00015_00019_00011.png
1,10234,28,28,6,5,23,23,5,Train/5/00005_00060_00004.png
1,23859,34,39,6,5,28,34,15,Train/15/00015_00015_00009.png
1,9992,28,28,5,5,23,23,5,Train/5/00005_00052_00002.png
1,15176,52,51,6,5,47,46,10,Train/10/00010_00004_00026.png
1,12684,55,53,5,6,50,48,8,Train/8/00008_00017_00024.png
1,10706,54,57,5,5,48,51,6,Train/6/00006_00013_00026.png
1,9632,27,27,6,6,22,22,5,Train/5/00005_00040_00002.png
1,31884,64,56,5,5,59,51,30,Train/30/00030_00008_00024.png
1,22915,84,83,8,7,77,76,14,Train/14/00014_00009_00025.png
1,17488,119,106,11,10,108,97,11,Train/11/00011_00014_00028.png
1,12467,42,42,5,5,37,37,8,Train/8/00008_00010_00017.png
1,32518,141,118,13,10,129,108,31,Train/31/00031_00014_00028.png
1,3656,50,50,5,5,45,45,2,Train/2/00002_00028_00026.png
1,31819,44,45,5,6,39,40,30,Train/30/00030_00006_00019.png
1,4539,30,29,6,6,25,24,2,Train/2/00002_00058_00009.png
1,252,35,35,5,5,30,30,20,Train/20/00020_00008_00012.png
1,36718,130,137,11,12,119,126,38,Train/38/00038_00023_00029.png
1,33665,32,31,6,5,26,26,33,Train/33/00033_00019_00005.png
1,35131,27,26,5,5,21,21,35,Train/35/00035_00031_00002.png
1,29894,87,81,7,8,80,74,25,Train/25/00025_00047_00014.png
1,18202,83,75,7,7,76,69,11,Train/11/00011_00038_00022.png
1,9425,29,30,6,6,23,25,5,Train/5/00005_00033_00005.png
1,24358,62,65,5,6,57,60,16,Train/16/00016_00010_00028.png
1,37362,34,35,6,6,29,30,38,Train/38/00038_00045_00013.png
1,32398,82,73,8,6,74,67,31,Train/31/00031_00010_00028.png
1,26847,115,93,10,9,105,84,19,Train/19/00019_00002_00027.png
1,16088,33,30,6,5,28,25,10,Train/10/00010_00035_00008.png
1,18916,49,48,6,5,44,43,12,Train/12/00012_00018_00016.png
1,33427,36,36,5,5,31,31,33,Train/33/00033_00011_00007.png
1,7816,39,39,6,6,34,34,4,Train/4/00004_00045_00016.png
1,29864,54,50,6,6,49,45,25,Train/25/00025_00046_00014.png
1,194,39,36,5,5,33,30,20,Train/20/00020_00006_00014.png
1,9205,43,42,6,5,38,37,5,Train/5/00005_00025_00025.png
1,39135,35,34,6,6,29,28,42,Train/42/00042_00005_00016.png
1,15057,55,56,6,5,50,51,10,Train/10/00010_00000_00027.png
1,1317,32,34,5,6,27,29,1,Train/1/00001_00024_00027.png
1,23537,42,42,6,5,36,37,15,Train/15/00015_00004_00017.png
1,29529,34,33,5,5,29,28,25,Train/25/00025_00035_00009.png
1,16583,70,70,6,6,64,64,10,Train/10/00010_00051_00023.png
1,3444,47,49,5,6,42,44,2,Train/2/00002_00021_00024.png
1,37669,70,71,7,6,64,65,38,Train/38/00038_00055_00020.png
1,4976,51,53,6,6,45,48,2,Train/2/00002_00072_00026.png
1,8856,33,33,6,6,28,28,5,Train/5/00005_00014_00006.png
1,15941,33,33,6,6,28,28,10,Train/10/00010_00030_00011.png
1,37378,46,48,5,6,41,43,38,Train/38/00038_00045_00029.png
1,20451,72,76,6,7,66,70,12,Train/12/00012_00069_00021.png
1,17691,58,50,5,6,53,45,11,Train/11/00011_00021_00021.png
1,33504,77,75,7,6,71,69,33,Train/33/00033_00013_00024.png
1,30116,100,87,8,7,92,80,26,Train/26/00026_00004_00026.png
1,9100,36,37,5,6,31,32,5,Train/5/00005_00022_00010.png
1,19903,37,37,6,6,32,32,12,Train/12/00012_00051_00013.png
1,24185,29,30,5,6,24,25,16,Train/16/00016_00005_00005.png
1,3484,30,31,6,6,25,26,2,Train/2/00002_00023_00004.png
1,1247,49,50,6,6,44,44,1,Train/1/00001_00022_00017.png
1,25482,32,35,5,6,27,30,17,Train/17/00017_00034_00012.png
1,22287,119,107,10,10,109,97,13,Train/13/00013_00060_00027.png
1,9739,43,42,6,5,38,37,5,Train/5/00005_00043_00019.png
1,3313,38,39,6,5,33,33,2,Train/2/00002_00017_00013.png
1,4737,64,62,5,6,59,57,2,Train/2/00002_00064_00027.png
1,24615,38,38,6,6,33,33,17,Train/17/00017_00005_00015.png
1,28850,82,80,7,8,75,73,25,Train/25/00025_00012_00020.png
1,777,109,123,9,11,100,112,1,Train/1/00001_00006_00027.png
1,4734,52,52,5,6,47,47,2,Train/2/00002_00064_00024.png
1,783,53,53,5,5,48,47,1,Train/1/00001_00007_00003.png
1,22119,45,40,6,5,40,35,13,Train/13/00013_00055_00009.png
1,7075,40,39,6,5,35,34,4,Train/4/00004_00020_00025.png
1,37720,39,40,6,5,34,35,38,Train/38/00038_00057_00011.png
1,17452,76,73,6,6,69,67,11,Train/11/00011_00013_00022.png
1,14913,32,36,5,6,26,30,9,Train/9/00009_00045_00003.png
1,15466,42,43,5,6,37,38,10,Train/10/00010_00014_00016.png
1,6306,31,31,5,5,26,26,3,Train/3/00003_00042_00006.png
1,14273,43,45,5,5,38,40,9,Train/9/00009_00023_00023.png
1,15438,52,51,6,5,47,46,10,Train/10/00010_00013_00018.png
1,30128,40,38,5,6,35,33,26,Train/26/00026_00005_00008.png
1,17688,48,45,5,6,43,40,11,Train/11/00011_00021_00018.png
1,22671,87,87,8,7,80,80,14,Train/14/00014_00001_00021.png
1,11211,69,69,7,7,63,63,7,Train/7/00007_00016_00021.png
1,32801,38,35,6,6,33,30,31,Train/31/00031_00024_00011.png
1,31283,65,58,6,6,60,52,28,Train/28/00028_00015_00023.png
1,5518,44,42,6,5,38,37,3,Train/3/00003_00015_00028.png
1,10015,48,49,5,6,43,44,5,Train/5/00005_00052_00025.png
1,24296,105,104,10,9,96,94,16,Train/16/00016_00008_00026.png
1,12077,40,41,5,5,35,35,7,Train/7/00007_00045_00017.png
1,1635,34,36,5,6,29,31,1,Train/1/00001_00035_00015.png
1,38719,53,53,6,5,47,48,40,Train/40/00040_00011_00020.png
1,17132,36,35,5,6,31,30,11,Train/11/00011_00003_00002.png
1,4156,38,36,5,5,33,31,2,Train/2/00002_00045_00016.png
1,28673,41,40,5,5,36,35,25,Train/25/00025_00006_00023.png
1,29380,60,57,5,5,55,52,25,Train/25/00025_00030_00010.png
1,8048,41,40,6,5,36,35,4,Train/4/00004_00053_00008.png
1,12144,42,44,6,6,37,39,7,Train/7/00007_00047_00024.png
1,22314,110,103,9,9,101,94,13,Train/13/00013_00061_00024.png
1,18157,34,38,5,6,29,33,11,Train/11/00011_00037_00007.png
1,1127,67,68,6,6,61,62,1,Train/1/00001_00018_00017.png
1,18026,119,116,10,11,109,106,11,Train/11/00011_00032_00026.png
1,35545,48,52,5,5,43,46,36,Train/36/00036_00004_00026.png
1,1838,38,39,5,5,33,34,1,Train/1/00001_00042_00008.png
1,2051,38,37,6,5,33,32,1,Train/1/00001_00049_00011.png
1,21162,35,43,6,5,30,38,13,Train/13/00013_00023_00012.png
1,30143,57,51,6,5,52,46,26,Train/26/00026_00005_00023.png
1,31459,71,65,6,6,65,60,29,Train/29/00029_00003_00019.png
1,13651,26,26,5,5,21,21,9,Train/9/00009_00003_00001.png
1,6965,30,32,5,6,25,27,4,Train/4/00004_00017_00005.png
1,26398,143,132,12,12,130,121,18,Train/18/00018_00027_00028.png
1,12811,31,26,6,5,25,21,8,Train/8/00008_00022_00001.png
1,37297,33,38,5,6,28,33,38,Train/38/00038_00043_00008.png
1,96,39,38,5,6,34,33,20,Train/20/00020_00003_00006.png
1,30040,37,34,5,6,32,29,26,Train/26/00026_00002_00010.png
1,27478,68,70,6,6,62,64,22,Train/22/00022_00005_00028.png
1,14433,31,31,6,5,26,26,9,Train/9/00009_00029_00003.png
1,2052,39,40,5,6,34,35,1,Train/1/00001_00049_00012.png
1,8475,35,35,6,5,29,29,5,Train/5/00005_00001_00015.png
1,18271,32,31,6,6,27,26,11,Train/11/00011_00041_00001.png
1,20799,43,46,6,6,38,41,13,Train/13/00013_00011_00009.png
1,18746,106,104,10,9,97,95,12,Train/12/00012_00012_00026.png
1,11895,38,38,5,5,33,33,7,Train/7/00007_00039_00015.png
1,12977,32,31,5,5,27,26,8,Train/8/00008_00027_00017.png
1,38395,63,63,5,6,58,58,40,Train/40/00040_00000_00026.png
1,17498,32,31,6,5,26,25,11,Train/11/00011_00015_00008.png
1,10340,44,46,5,5,39,41,6,Train/6/00006_00001_00020.png
1,9638,29,29,5,5,24,24,5,Train/5/00005_00040_00008.png
1,3107,42,42,5,6,37,37,2,Train/2/00002_00010_00017.png
1,32335,74,69,6,6,68,63,31,Train/31/00031_00008_00025.png
1,25935,39,41,5,5,33,35,18,Train/18/00018_00012_00015.png
1,6241,29,31,5,6,24,26,3,Train/3/00003_00040_00001.png
1,18552,52,52,6,6,46,46,12,Train/12/00012_00006_00012.png
1,35425,57,58,5,5,52,53,36,Train/36/00036_00000_00026.png
1,2140,34,35,6,5,29,30,1,Train/1/00001_00052_00010.png
1,1972,70,71,6,7,64,65,1,Train/1/00001_00046_00022.png
1,20478,47,45,6,6,42,40,13,Train/13/00013_00000_00018.png
1,22437,95,82,9,8,87,75,13,Train/13/00013_00065_00027.png
1,12126,28,27,6,5,23,22,7,Train/7/00007_00047_00006.png
1,27343,40,37,6,6,35,32,22,Train/22/00022_00001_00013.png
1,17466,37,35,6,5,31,30,11,Train/11/00011_00014_00006.png
1,28682,57,49,6,6,52,44,25,Train/25/00025_00007_00002.png
1,30969,45,46,6,5,40,41,28,Train/28/00028_00005_00009.png
1,31851,75,70,6,6,69,64,30,Train/30/00030_00007_00021.png
1,24005,29,30,6,6,24,24,15,Train/15/00015_00020_00005.png
1,1088,38,39,5,6,32,33,1,Train/1/00001_00017_00008.png
1,5840,42,41,6,5,37,36,3,Train/3/00003_00026_00020.png
1,240,30,30,5,5,25,25,20,Train/20/00020_00008_00000.png
1,31765,107,94,9,9,98,86,30,Train/30/00030_00004_00025.png
1,15980,44,43,6,6,39,38,10,Train/10/00010_00031_00020.png
1,5268,39,41,5,6,34,36,3,Train/3/00003_00007_00018.png
1,37308,46,54,6,5,41,49,38,Train/38/00038_00043_00019.png
1,26880,39,37,5,6,34,32,19,Train/19/00019_00004_00000.png
1,28325,36,31,6,6,31,26,24,Train/24/00024_00004_00005.png
1,27379,61,57,6,5,56,52,22,Train/22/00022_00002_00019.png
1,24838,35,34,5,6,30,29,17,Train/17/00017_00012_00028.png
1,24320,39,40,5,5,34,35,16,Train/16/00016_00009_00020.png
1,37231,27,31,5,6,22,26,38,Train/38/00038_00041_00002.png
1,17368,120,108,10,10,110,99,11,Train/11/00011_00010_00028.png
1,35162,28,29,5,6,23,24,35,Train/35/00035_00032_00003.png
1,11518,70,77,7,7,64,71,7,Train/7/00007_00026_00028.png
1,15405,39,39,6,6,34,34,10,Train/10/00010_00012_00015.png
1,17319,52,47,6,6,47,42,11,Train/11/00011_00009_00009.png
1,23502,34,38,5,6,28,32,15,Train/15/00015_00003_00012.png
1,28372,47,44,6,5,42,39,24,Train/24/00024_00005_00022.png
1,31103,70,61,6,5,64,56,28,Train/28/00028_00009_00023.png
1,31307,52,53,6,5,47,48,28,Train/28/00028_00016_00017.png
1,27165,44,41,6,6,39,36,21,Train/21/00021_00006_00015.png
1,19826,86,87,7,7,79,80,12,Train/12/00012_00048_00026.png
1,3088,142,134,12,11,130,123,2,Train/2/00002_00009_00028.png
1,35471,40,39,5,5,34,34,36,Train/36/00036_00002_00012.png
1,14646,39,37,6,5,33,32,9,Train/9/00009_00036_00006.png
1,26403,37,39,5,6,32,34,18,Train/18/00018_00028_00003.png
1,21412,47,42,6,5,42,37,13,Train/13/00013_00031_00022.png
1,16539,35,35,6,6,30,30,10,Train/10/00010_00050_00009.png
1,23425,57,58,6,6,52,52,15,Train/15/00015_00000_00025.png
1,21606,41,39,6,6,36,34,13,Train/13/00013_00038_00006.png
1,1034,39,39,5,5,33,33,1,Train/1/00001_00015_00014.png
1,38141,54,58,5,5,48,53,39,Train/39/00039_00002_00012.png
1,15243,34,35,6,6,29,30,10,Train/10/00010_00007_00003.png
1,9586,37,39,5,6,32,34,5,Train/5/00005_00038_00016.png
1,21966,29,30,6,6,23,24,13,Train/13/00013_00050_00006.png
1,10622,28,29,6,5,23,24,6,Train/6/00006_00011_00002.png
1,11009,48,50,6,6,43,45,7,Train/7/00007_00009_00029.png
1,28575,104,91,10,8,95,83,25,Train/25/00025_00003_00015.png
1,33607,34,39,6,5,29,34,33,Train/33/00033_00017_00007.png
1,18161,36,38,6,5,30,33,11,Train/11/00011_00037_00011.png
1,25254,35,37,5,6,30,32,17,Train/17/00017_00026_00024.png
1,1402,55,56,5,5,50,51,1,Train/1/00001_00027_00022.png
1,38352,35,36,6,5,29,30,39,Train/39/00039_00009_00013.png
1,22308,82,75,7,6,75,69,13,Train/13/00013_00061_00018.png
1,10061,36,36,5,6,31,31,5,Train/5/00005_00054_00011.png
1,23108,57,58,5,6,52,53,14,Train/14/00014_00016_00008.png
1,36779,27,26,6,5,22,21,38,Train/38/00038_00026_00000.png
1,38428,95,94,8,8,86,86,40,Train/40/00040_00001_00029.png
1,16029,29,28,5,5,24,23,10,Train/10/00010_00033_00009.png
1,31515,48,43,5,5,43,38,29,Train/29/00029_00005_00015.png
1,22071,86,77,8,7,78,71,13,Train/13/00013_00053_00021.png
1,20997,98,86,9,8,90,79,13,Train/13/00013_00017_00027.png
1,2940,28,30,5,6,23,25,2,Train/2/00002_00005_00000.png
1,386,97,97,8,8,89,88,0,Train/0/00000_00000_00026.png
1,35146,36,37,6,6,31,32,35,Train/35/00035_00031_00017.png
1,8778,48,50,5,5,43,45,5,Train/5/00005_00011_00018.png
1,5238,61,64,6,6,56,59,3,Train/3/00003_00006_00018.png
1,18663,35,32,5,6,30,27,12,Train/12/00012_00010_00003.png
1,22806,34,36,5,6,29,31,14,Train/14/00014_00006_00006.png
1,8445,41,42,5,6,36,37,5,Train/5/00005_00000_00015.png
1,29088,47,42,6,5,42,37,25,Train/25/00025_00020_00018.png
1,5614,33,35,5,6,28,30,3,Train/3/00003_00019_00004.png
1,32394,57,54,5,5,52,49,31,Train/31/00031_00010_00024.png
1,28578,118,105,11,9,107,96,25,Train/25/00025_00003_00018.png
1,16107,83,74,7,6,75,68,10,Train/10/00010_00035_00027.png
1,8302,50,51,5,6,45,46,4,Train/4/00004_00061_00022.png
1,12411,46,45,6,5,41,40,8,Train/8/00008_00008_00021.png
1,32363,74,68,6,7,68,62,31,Train/31/00031_00009_00023.png
1,7512,39,39,6,6,34,34,4,Train/4/00004_00035_00012.png
1,20030,56,56,6,5,51,51,12,Train/12/00012_00055_00020.png
1,10072,42,41,5,5,37,36,5,Train/5/00005_00054_00022.png
1,8725,81,81,8,8,74,74,5,Train/5/00005_00009_00025.png
1,6075,39,40,5,6,34,35,3,Train/3/00003_00034_00015.png
1,27035,35,33,6,6,30,28,21,Train/21/00021_00002_00005.png
1,19245,54,50,6,5,48,45,12,Train/12/00012_00029_00015.png
1,20676,41,40,6,6,36,35,13,Train/13/00013_00007_00006.png
1,34337,41,43,5,5,36,37,35,Train/35/00035_00004_00018.png
1,38350,32,34,5,5,27,29,39,Train/39/00039_00009_00011.png
1,15042,43,43,6,6,38,38,10,Train/10/00010_00000_00012.png
1,36576,32,33,5,6,27,28,38,Train/38/00038_00019_00007.png
1,38736,32,33,5,6,27,28,41,Train/41/00041_00000_00007.png
1,21978,53,54,6,5,48,49,13,Train/13/00013_00050_00018.png
1,2305,57,57,6,6,52,52,1,Train/1/00001_00057_00025.png
1,29572,59,54,5,5,53,48,25,Train/25/00025_00036_00022.png
1,22344,94,83,9,7,86,76,13,Train/13/00013_00062_00024.png
1,27147,107,98,9,9,98,90,21,Train/21/00021_00005_00027.png
1,19382,53,54,5,6,47,48,12,Train/12/00012_00034_00002.png
1,17998,146,132,12,11,133,121,11,Train/11/00011_00031_00028.png
1,16143,28,28,5,6,23,23,10,Train/10/00010_00037_00003.png
1,11466,31,31,5,5,26,26,7,Train/7/00007_00025_00006.png
1,22888,86,118,7,10,79,108,14,Train/14/00014_00008_00028.png
1,6535,70,71,6,7,64,65,4,Train/4/00004_00002_00025.png
1,16435,56,54,6,6,51,49,10,Train/10/00010_00046_00025.png
1,39151,31,30,6,5,26,25,42,Train/42/00042_00006_00002.png
1,18386,59,68,6,6,54,62,12,Train/12/00012_00000_00026.png
1,28284,70,64,6,6,64,59,24,Train/24/00024_00002_00024.png
1,20557,34,36,5,5,29,31,13,Train/13/00013_00003_00007.png
1,18812,34,37,5,6,29,32,12,Train/12/00012_00015_00002.png
1,8271,46,47,6,6,41,42,4,Train/4/00004_00060_00021.png
1,15856,42,46,5,5,37,41,10,Train/10/00010_00027_00016.png
1,2124,64,67,6,6,59,61,1,Train/1/00001_00051_00024.png
1,28710,65,63,6,6,60,58,25,Train/25/00025_00008_00000.png
1,28428,65,58,6,6,60,53,24,Train/24/00024_00007_00018.png
1,6307,32,33,5,6,27,28,3,Train/3/00003_00042_00007.png
1,37061,36,37,6,6,31,32,38,Train/38/00038_00035_00012.png
1,23885,28,29,5,6,22,23,15,Train/15/00015_00016_00005.png
1,3862,54,54,5,5,49,49,2,Train/2/00002_00035_00022.png
1,25312,55,56,6,6,50,51,17,Train/17/00017_00028_00022.png
1,10509,29,29,6,5,24,24,6,Train/6/00006_00007_00009.png
1,34049,30,32,6,6,25,27,34,Train/34/00034_00009_00000.png
1,23903,51,51,5,6,46,46,15,Train/15/00015_00016_00023.png
1,39193,34,35,5,5,29,30,42,Train/42/00042_00007_00014.png
1,17546,116,107,10,10,105,98,11,Train/11/00011_00016_00026.png
1,34243,34,34,6,6,29,29,35,Train/35/00035_00001_00014.png
1,25729,118,105,11,9,108,96,18,Train/18/00018_00005_00019.png
1,36032,31,39,5,6,25,33,38,Train/38/00038_00001_00003.png
1,1889,121,121,11,11,111,111,1,Train/1/00001_00043_00029.png
1,36356,81,83,7,8,74,75,38,Train/38/00038_00011_00027.png
1,4979,56,60,5,5,50,55,2,Train/2/00002_00072_00029.png
1,32781,54,52,6,6,48,47,31,Train/31/00031_00023_00021.png
1,3308,33,33,5,5,27,28,2,Train/2/00002_00017_00008.png
1,21450,33,30,5,5,28,25,13,Train/13/00013_00033_00000.png
1,6063,30,30,6,6,25,24,3,Train/3/00003_00034_00003.png
1,22181,89,82,7,8,81,75,13,Train/13/00013_00057_00011.png
1,13339,48,50,5,5,43,45,8,Train/8/00008_00039_00019.png
1,20178,54,55,5,6,49,50,12,Train/12/00012_00060_00018.png
1,15457,35,35,6,6,30,30,10,Train/10/00010_00014_00007.png
1,29974,32,32,6,6,27,27,26,Train/26/00026_00000_00004.png
1,5209,41,41,5,5,36,36,3,Train/3/00003_00005_00019.png
1,30784,35,31,6,5,30,26,27,Train/27/00027_00007_00004.png
1,28082,42,39,5,5,36,34,23,Train/23/00023_00013_00002.png
1,33419,69,71,6,7,63,65,33,Train/33/00033_00010_00029.png
1,2242,75,86,6,8,69,79,1,Train/1/00001_00055_00022.png
1,5475,34,34,5,5,29,29,3,Train/3/00003_00014_00015.png
1,9221,34,32,6,6,29,27,5,Train/5/00005_00026_00011.png
1,20867,55,51,5,5,50,46,13,Train/13/00013_00013_00017.png
1,36332,38,41,6,6,33,36,38,Train/38/00038_00011_00003.png
1,2683,70,72,7,6,64,66,1,Train/1/00001_00070_00013.png
1,5760,27,28,6,6,22,23,3,Train/3/00003_00024_00000.png
1,10757,35,36,6,6,30,31,7,Train/7/00007_00001_00017.png
1,5916,30,29,5,5,25,24,3,Train/3/00003_00029_00006.png
1,37295,34,36,5,5,29,31,38,Train/38/00038_00043_00006.png
1,23117,67,64,6,5,61,59,14,Train/14/00014_00016_00017.png
1,1611,55,54,6,5,50,49,1,Train/1/00001_00034_00021.png
1,35935,55,57,6,6,50,52,37,Train/37/00037_00004_00026.png
1,13985,35,35,6,6,30,30,9,Train/9/00009_00014_00005.png
1,9726,32,31,5,5,26,26,5,Train/5/00005_00043_00006.png
1,28113,75,69,6,6,69,63,23,Train/23/00023_00014_00003.png
1,12090,26,27,5,5,21,22,7,Train/7/00007_00046_00000.png
1,21045,64,57,5,6,59,52,13,Train/13/00013_00019_00015.png
1,2454,51,52,5,6,46,47,1,Train/1/00001_00062_00024.png
1,5820,26,25,6,5,21,20,3,Train/3/00003_00026_00000.png
1,38017,33,34,5,5,28,29,38,Train/38/00038_00067_00008.png
1,13881,64,63,6,6,59,58,9,Train/9/00009_00010_00021.png
1,21411,44,38,6,5,39,33,13,Train/13/00013_00031_00021.png
1,17583,44,43,5,5,39,38,11,Train/11/00011_00018_00003.png
1,17430,39,38,5,5,34,33,11,Train/11/00011_00013_00000.png
1,14144,34,35,5,5,29,30,9,Train/9/00009_00019_00014.png
1,4057,30,30,6,6,24,25,2,Train/2/00002_00042_00007.png
1,25442,27,29,6,6,22,24,17,Train/17/00017_00033_00002.png
1,680,54,56,5,6,48,50,1,Train/1/00001_00003_00020.png
1,36865,34,33,6,5,29,28,38,Train/38/00038_00028_00026.png
1,8928,46,47,5,6,41,42,5,Train/5/00005_00016_00018.png
1,9787,33,31,5,5,27,25,5,Train/5/00005_00045_00007.png
1,30509,106,87,9,8,96,80,26,Train/26/00026_00017_00029.png
1,11343,30,31,5,6,25,26,7,Train/7/00007_00021_00003.png
1,32821,37,35,5,5,32,30,31,Train/31/00031_00025_00001.png
1,27993,40,39,5,6,35,34,23,Train/23/00023_00010_00003.png
1,5972,27,28,6,6,22,23,3,Train/3/00003_00031_00002.png
1,31128,71,62,6,6,65,57,28,Train/28/00028_00010_00018.png
1,9438,38,40,6,6,32,34,5,Train/5/00005_00033_00018.png
1,23542,51,52,5,5,46,47,15,Train/15/00015_00004_00022.png
1,24415,51,52,6,5,46,47,16,Train/16/00016_00012_00025.png
1,11529,32,32,6,6,27,27,7,Train/7/00007_00027_00009.png
1,37828,75,86,6,8,69,79,38,Train/38/00038_00060_00029.png
1,23194,38,44,5,6,32,38,14,Train/14/00014_00019_00004.png
1,31610,74,68,6,7,68,62,29,Train/29/00029_00008_00020.png
1,12731,40,40,5,5,35,35,8,Train/8/00008_00019_00011.png
1,36787,29,31,6,6,24,26,38,Train/38/00038_00026_00008.png
1,578,60,60,6,6,54,54,1,Train/1/00001_00000_00008.png
1,24219,84,83,8,7,77,76,16,Train/16/00016_00006_00009.png
1,25493,46,50,5,6,41,45,17,Train/17/00017_00034_00023.png
1,2162,54,57,6,6,49,52,1,Train/1/00001_00053_00002.png
1,33846,31,31,5,6,26,26,34,Train/34/00034_00002_00007.png
1,5774,33,28,5,5,28,23,3,Train/3/00003_00024_00014.png
1,21107,49,41,6,5,43,36,13,Train/13/00013_00021_00017.png
1,5984,35,37,5,5,30,32,3,Train/3/00003_00031_00014.png
1,26206,42,39,5,5,36,34,18,Train/18/00018_00021_00016.png
1,30124,39,36,6,6,34,31,26,Train/26/00026_00005_00004.png
1,24948,36,37,5,5,31,32,17,Train/17/00017_00016_00018.png
1,19545,50,51,5,6,45,46,12,Train/12/00012_00039_00015.png
1,15483,29,29,6,6,24,24,10,Train/10/00010_00015_00003.png
1,30677,48,49,5,6,43,44,27,Train/27/00027_00003_00017.png
1,13407,55,55,5,5,50,50,8,Train/8/00008_00041_00027.png
1,8920,39,39,6,6,34,34,5,Train/5/00005_00016_00010.png
1,17182,83,80,8,7,76,73,11,Train/11/00011_00004_00022.png
1,21842,32,41,5,6,27,36,13,Train/13/00013_00046_00002.png
1,25554,30,37,6,5,25,32,17,Train/17/00017_00036_00024.png
1,264,50,50,5,5,45,45,20,Train/20/00020_00008_00024.png
1,24478,31,37,6,5,25,32,17,Train/17/00017_00000_00028.png
1,7487,40,40,5,5,35,35,4,Train/4/00004_00034_00017.png
1,669,35,35,6,6,29,29,1,Train/1/00001_00003_00009.png
1,15705,45,46,5,5,40,41,10,Train/10/00010_00022_00015.png
1,38021,37,39,5,5,32,34,38,Train/38/00038_00067_00012.png
1,3969,31,31,6,6,26,26,2,Train/2/00002_00039_00009.png
1,26651,53,54,5,6,48,49,18,Train/18/00018_00036_00011.png
1,34118,30,30,6,6,25,25,34,Train/34/00034_00011_00009.png
1,28045,116,101,11,9,106,93,23,Train/23/00023_00011_00025.png
1,4816,43,42,5,5,38,37,2,Train/2/00002_00067_00016.png
1,6545,31,30,5,5,25,25,4,Train/4/00004_00003_00005.png
1,20151,53,52,6,6,47,47,12,Train/12/00012_00059_00021.png
1,23560,30,31,5,6,25,26,15,Train/15/00015_00005_00010.png
1,37678,106,104,9,9,97,95,38,Train/38/00038_00055_00029.png
1,26838,71,59,7,5,64,53,19,Train/19/00019_00002_00018.png
1,7444,30,31,5,6,25,26,4,Train/4/00004_00033_00004.png
1,39040,33,33,6,6,27,27,42,Train/42/00042_00002_00011.png
1,29292,49,45,5,6,44,40,25,Train/25/00025_00027_00012.png
1,18030,33,32,6,5,28,27,11,Train/11/00011_00033_00000.png
1,9610,32,33,6,6,26,27,5,Train/5/00005_00039_00010.png
1,26609,108,97,9,8,99,89,18,Train/18/00018_00034_00029.png
1,1406,72,74,7,7,66,68,1,Train/1/00001_00027_00026.png
1,7714,28,30,5,6,23,25,4,Train/4/00004_00042_00004.png
1,17404,38,38,5,5,33,32,11,Train/11/00011_00012_00004.png
1,5275,54,56,5,5,48,50,3,Train/3/00003_00007_00025.png
1,21744,62,56,5,6,57,51,13,Train/13/00013_00042_00024.png
1,23824,29,35,5,6,24,30,15,Train/15/00015_00014_00004.png
1,8900,58,59,5,5,53,54,5,Train/5/00005_00015_00020.png
1,6059,76,70,6,6,70,63,3,Train/3/00003_00033_00029.png
1,21496,41,39,6,6,36,34,13,Train/13/00013_00034_00016.png
1,17797,35,33,5,5,30,28,11,Train/11/00011_00025_00007.png
1,27883,43,41,5,6,38,36,23,Train/23/00023_00006_00013.png
1,11890,33,34,5,6,28,29,7,Train/7/00007_00039_00010.png
1,7105,72,72,7,6,66,66,4,Train/4/00004_00021_00025.png
1,24412,45,48,5,6,40,43,16,Train/16/00016_00012_00022.png
1,32989,45,45,6,5,40,39,32,Train/32/00032_00004_00019.png
1,12071,33,33,6,6,27,28,7,Train/7/00007_00045_00011.png
1,30791,40,38,6,6,35,32,27,Train/27/00027_00007_00011.png
1,33597,56,63,6,6,51,58,33,Train/33/00033_00016_00027.png
1,2421,48,49,6,5,43,44,1,Train/1/00001_00061_00021.png
1,37126,51,51,6,5,46,46,38,Train/38/00038_00037_00017.png
1,15753,30,30,5,5,25,25,10,Train/10/00010_00024_00003.png
1,7331,36,35,6,5,31,30,4,Train/4/00004_00029_00011.png
1,5336,63,64,6,5,58,59,3,Train/3/00003_00009_00026.png
1,27128,37,35,6,6,32,30,21,Train/21/00021_00005_00008.png
1,21039,55,50,5,6,50,45,13,Train/13/00013_00019_00009.png
1,6367,31,31,6,5,26,26,3,Train/3/00003_00044_00007.png
1,1213,34,36,6,6,29,31,1,Train/1/00001_00021_00013.png
1,30522,40,36,6,6,34,31,26,Train/26/00026_00018_00012.png
1,8677,35,35,6,6,30,30,5,Train/5/00005_00008_00007.png
1,28746,30,29,5,5,25,24,25,Train/25/00025_00009_00006.png
1,9351,44,44,5,5,39,39,5,Train/5/00005_00030_00021.png
1,31604,57,51,6,5,52,46,29,Train/29/00029_00008_00014.png
1,2142,36,37,6,6,31,32,1,Train/1/00001_00052_00012.png
1,5252,29,28,6,5,23,22,3,Train/3/00003_00007_00002.png
1,13820,41,41,6,6,36,36,9,Train/9/00009_00008_00020.png
1,35818,57,57,6,6,51,52,37,Train/37/00037_00000_00029.png
1,12453,31,30,6,5,26,25,8,Train/8/00008_00010_00003.png
1,8313,31,31,5,6,26,26,4,Train/4/00004_00062_00003.png
1,32314,38,37,6,6,33,32,31,Train/31/00031_00008_00004.png
1,27222,59,50,5,6,54,45,21,Train/21/00021_00008_00012.png
1,31063,79,72,7,6,72,65,28,Train/28/00028_00008_00013.png
1,30344,41,37,5,5,35,31,26,Train/26/00026_00012_00014.png
1,33121,28,26,6,5,23,21,33,Train/33/00033_00001_00001.png
1,12510,32,32,6,5,27,27,8,Train/8/00008_00012_00000.png
1,26834,61,53,6,5,56,48,19,Train/19/00019_00002_00014.png
1,21313,48,45,5,5,43,40,13,Train/13/00013_00028_00013.png
1,19776,42,44,5,5,36,39,12,Train/12/00012_00047_00006.png
1,19602,34,35,5,6,29,30,12,Train/12/00012_00041_00012.png
1,5371,27,26,6,5,22,21,3,Train/3/00003_00011_00001.png
1,1017,82,76,7,7,75,70,1,Train/1/00001_00014_00027.png
1,10243,30,34,5,5,25,28,5,Train/5/00005_00060_00013.png
1,23773,40,45,5,6,34,40,15,Train/15/00015_00012_00013.png
1,20862,46,45,5,6,41,40,13,Train/13/00013_00013_00012.png
1,11175,42,47,5,6,37,42,7,Train/7/00007_00015_00015.png
1,266,55,55,6,6,50,50,20,Train/20/00020_00008_00026.png
1,34517,58,57,5,5,53,51,35,Train/35/00035_00010_00018.png
1,14304,57,63,5,6,51,58,9,Train/9/00009_00024_00024.png
1,15683,70,70,7,7,64,64,10,Train/10/00010_00021_00023.png
1,2998,72,73,6,7,66,67,2,Train/2/00002_00006_00028.png
1,26736,44,40,6,6,39,35,18,Train/18/00018_00039_00006.png
1,28189,58,56,6,6,53,51,23,Train/23/00023_00016_00019.png
1,20471,38,37,6,6,32,31,13,Train/13/00013_00000_00011.png
1,30948,51,46,6,6,46,41,28,Train/28/00028_00004_00018.png
1,11556,31,34,5,6,26,28,7,Train/7/00007_00028_00006.png
1,25202,37,38,5,6,32,33,17,Train/17/00017_00025_00002.png
1,33840,29,28,5,6,23,23,34,Train/34/00034_00002_00001.png
1,37651,48,49,5,6,42,43,38,Train/38/00038_00055_00002.png
1,22843,51,50,6,6,46,45,14,Train/14/00014_00007_00013.png
1,2089,51,51,5,5,46,45,1,Train/1/00001_00050_00019.png
1,9767,46,48,6,5,41,43,5,Train/5/00005_00044_00017.png
1,23034,112,111,9,9,103,102,14,Train/14/00014_00013_00024.png
1,30307,46,44,5,6,41,39,26,Train/26/00026_00011_00007.png
1,30415,135,120,12,11,124,109,26,Train/26/00026_00014_00025.png
1,34594,30,29,6,5,25,24,35,Train/35/00035_00013_00005.png
1,3369,37,38,6,6,32,33,2,Train/2/00002_00019_00009.png
1,2182,81,88,8,8,74,81,1,Train/1/00001_00053_00022.png
1,327,81,71,8,7,74,65,20,Train/20/00020_00010_00027.png
1,27316,55,49,6,5,49,43,22,Train/22/00022_00000_00016.png
1,14004,65,67,6,6,60,61,9,Train/9/00009_00014_00024.png
1,12788,31,30,5,6,25,25,8,Train/8/00008_00021_00008.png
1,7924,30,29,6,5,24,24,4,Train/4/00004_00049_00004.png
1,14827,38,40,5,6,33,35,9,Train/9/00009_00042_00007.png
1,38675,35,38,6,6,30,33,40,Train/40/00040_00010_00006.png
1,37945,74,76,7,7,68,70,38,Train/38/00038_00064_00026.png
1,5980,31,32,6,5,25,26,3,Train/3/00003_00031_00010.png
1,16647,107,116,9,11,98,106,10,Train/10/00010_00053_00027.png
1,35265,37,36,5,6,32,31,35,Train/35/00035_00035_00016.png
1,24620,44,43,6,5,38,37,17,Train/17/00017_00005_00020.png
1,36520,38,39,5,6,33,34,38,Train/38/00038_00017_00011.png
1,24977,48,49,5,6,43,44,17,Train/17/00017_00017_00017.png
1,18372,35,38,6,5,29,32,12,Train/12/00012_00000_00012.png
1,5018,33,33,6,5,28,27,2,Train/2/00002_00074_00008.png
1,34068,47,48,5,5,42,43,34,Train/34/00034_00009_00019.png
1,5165,33,32,6,5,28,27,3,Train/3/00003_00004_00005.png
1,3537,61,63,5,5,56,58,2,Train/2/00002_00024_00027.png
1,24118,60,60,6,6,55,55,16,Train/16/00016_00002_00028.png
1,2260,44,46,5,5,39,41,1,Train/1/00001_00056_00010.png
1,19072,54,52,5,6,49,47,12,Train/12/00012_00023_00022.png
1,36680,47,48,6,5,41,42,38,Train/38/00038_00022_00021.png
1,11407,30,30,5,5,25,25,7,Train/7/00007_00023_00007.png
1,6014,60,63,5,5,55,58,3,Train/3/00003_00032_00014.png
1,28121,83,73,8,6,76,67,23,Train/23/00023_00014_00011.png
1,14177,31,31,6,6,26,26,9,Train/9/00009_00020_00017.png
1,12466,42,41,6,5,37,36,8,Train/8/00008_00010_00016.png
1,12474,55,54,6,5,50,49,8,Train/8/00008_00010_00024.png
1,8739,33,34,5,5,28,29,5,Train/5/00005_00010_00009.png
1,32682,41,36,6,5,36,31,31,Train/31/00031_00020_00012.png
1,12043,31,31,5,5,26,26,7,Train/7/00007_00044_00013.png
1,22530,33,32,6,5,28,27,13,Train/13/00013_00069_00000.png
1,29943,43,41,5,5,37,35,25,Train/25/00025_00049_00003.png
1,1114,41,43,6,6,36,37,1,Train/1/00001_00018_00004.png
1,12064,28,29,5,6,22,24,7,Train/7/00007_00045_00004.png
1,21563,61,57,6,5,56,52,13,Train/13/00013_00036_00023.png
1,13685,29,28,6,5,24,23,9,Train/9/00009_00004_00005.png
1,30773,59,55,6,6,54,50,27,Train/27/00027_00006_00023.png
1,19740,27,31,5,6,22,26,12,Train/12/00012_00046_00000.png
1,19417,39,40,5,6,34,35,12,Train/12/00012_00035_00007.png
1,33387,105,105,10,9,96,95,33,Train/33/00033_00009_00027.png
1,31397,62,57,6,6,57,52,29,Train/29/00029_00001_00017.png
1,14220,30,30,6,6,25,25,9,Train/9/00009_00022_00000.png
1,6104,37,40,5,6,31,34,3,Train/3/00003_00035_00014.png
1,6015,63,68,6,7,58,62,3,Train/3/00003_00032_00015.png
1,13127,37,39,5,6,32,34,8,Train/8/00008_00032_00017.png
1,19828,100,97,9,9,92,89,12,Train/12/00012_00048_00028.png
1,17310,40,39,6,5,35,34,11,Train/11/00011_00009_00000.png
1,7511,37,37,5,5,32,32,4,Train/4/00004_00035_00011.png
1,17790,29,28,6,5,24,23,11,Train/11/00011_00025_00000.png
1,3471,50,51,6,5,45,46,2,Train/2/00002_00022_00021.png
1,9381,43,44,6,6,38,39,5,Train/5/00005_00031_00021.png
1,22490,55,50,6,6,50,45,13,Train/13/00013_00067_00020.png
1,1507,29,33,5,6,24,28,1,Train/1/00001_00031_00007.png
1,7115,31,30,6,5,26,25,4,Train/4/00004_00022_00005.png
1,37829,38,38,6,5,33,33,38,Train/38/00038_00061_00000.png
1,23437,28,61,5,5,23,56,15,Train/15/00015_00001_00007.png
1,495,72,75,7,6,65,68,0,Train/0/00000_00004_00015.png
1,37338,57,54,6,5,52,49,38,Train/38/00038_00044_00019.png
1,16843,33,32,5,5,28,26,10,Train/10/00010_00060_00013.png
1,21534,113,119,10,11,104,109,13,Train/13/00013_00035_00024.png
1,26483,70,64,7,6,64,59,18,Train/18/00018_00030_00023.png
1,15906,31,30,6,5,26,25,10,Train/10/00010_00029_00006.png
1,26675,40,39,6,5,35,34,18,Train/18/00018_00037_00005.png
1,8380,33,33,5,6,27,27,4,Train/4/00004_00064_00010.png
1,36578,34,33,5,6,29,28,38,Train/38/00038_00019_00009.png
1,16269,32,31,6,5,27,26,10,Train/10/00010_00041_00009.png
1,1891,38,38,6,6,33,33,1,Train/1/00001_00044_00001.png
1,26415,50,53,5,6,45,48,18,Train/18/00018_00028_00015.png
1,12997,31,29,5,6,26,24,8,Train/8/00008_00028_00007.png
1,14216,72,72,7,6,66,66,9,Train/9/00009_00021_00026.png
1,32199,41,38,6,6,36,33,31,Train/31/00031_00004_00009.png
1,308,37,34,5,5,32,29,20,Train/20/00020_00010_00008.png
1,9541,27,25,5,5,22,20,5,Train/5/00005_00037_00001.png
1,6548,32,32,5,6,26,26,4,Train/4/00004_00003_00008.png
1,30537,91,81,8,8,83,74,26,Train/26/00026_00018_00027.png
1,36405,36,38,6,6,31,32,38,Train/38/00038_00013_00016.png
1,26191,28,28,5,6,23,23,18,Train/18/00018_00021_00001.png
1,31187,46,42,5,5,41,37,28,Train/28/00028_00012_00017.png
1,30669,44,46,5,6,39,40,27,Train/27/00027_00003_00009.png
1,25253,34,36,5,6,29,31,17,Train/17/00017_00026_00023.png
1,14368,133,130,11,12,122,119,9,Train/9/00009_00026_00028.png
1,7069,37,36,6,5,32,31,4,Train/4/00004_00020_00019.png
1,15640,33,32,6,6,28,27,10,Train/10/00010_00020_00010.png
1,14367,119,122,10,11,109,112,9,Train/9/00009_00026_00027.png
1,7826,55,54,6,6,49,49,4,Train/4/00004_00045_00026.png
1,17657,56,51,6,5,51,46,11,Train/11/00011_00020_00017.png
1,9411,41,43,5,5,36,37,5,Train/5/00005_00032_00021.png
1,35459,26,26,5,6,20,21,36,Train/36/00036_00002_00000.png
1,17632,47,43,6,6,42,38,11,Train/11/00011_00019_00022.png
1,5857,29,31,5,5,24,26,3,Train/3/00003_00027_00007.png
1,26744,54,48,6,5,49,43,18,Train/18/00018_00039_00014.png
1,27305,37,38,5,6,32,33,22,Train/22/00022_00000_00005.png
1,23729,123,116,11,11,113,106,15,Train/15/00015_00010_00029.png
1,32810,47,44,5,6,42,39,31,Train/31/00031_00024_00020.png
1,25130,55,57,5,6,50,52,17,Train/17/00017_00022_00020.png
1,27322,75,65,7,5,69,59,22,Train/22/00022_00000_00022.png
1,6932,29,32,5,5,24,27,4,Train/4/00004_00016_00002.png
1,31897,48,44,6,5,43,39,30,Train/30/00030_00009_00007.png
1,18896,86,86,7,7,79,79,12,Train/12/00012_00017_00026.png
1,12019,41,43,5,6,36,38,7,Train/7/00007_00043_00019.png
1,32458,116,105,10,10,106,96,31,Train/31/00031_00012_00028.png
1,8177,41,42,5,6,36,37,4,Train/4/00004_00057_00017.png
1,9988,71,73,7,7,65,67,5,Train/5/00005_00051_00028.png
1,3876,34,34,6,6,29,29,2,Train/2/00002_00036_00006.png
1,1580,47,46,6,6,41,41,1,Train/1/00001_00033_00020.png
1,29477,51,48,5,5,46,43,25,Train/25/00025_00033_00017.png
1,14319,34,33,6,5,29,28,9,Train/9/00009_00025_00009.png
1,10959,35,35,6,5,30,30,7,Train/7/00007_00008_00009.png
1,11177,46,49,6,6,41,44,7,Train/7/00007_00015_00017.png
1,11092,42,43,5,5,37,38,7,Train/7/00007_00012_00022.png
1,1480,35,45,5,6,29,40,1,Train/1/00001_00030_00010.png
1,25757,63,58,6,6,58,53,18,Train/18/00018_00006_00017.png
1,4538,28,29,5,6,23,24,2,Train/2/00002_00058_00008.png
1,37697,60,64,5,6,55,59,38,Train/38/00038_00056_00018.png
1,9518,32,32,6,6,27,27,5,Train/5/00005_00036_00008.png
1,4145,27,28,5,6,22,23,2,Train/2/00002_00045_00005.png
1,5192,31,32,6,6,26,26,3,Train/3/00003_00005_00002.png
1,31954,32,32,6,5,27,26,30,Train/30/00030_00011_00004.png
1,25275,38,38,5,5,33,33,17,Train/17/00017_00027_00015.png
1,22214,37,38,5,6,32,33,13,Train/13/00013_00058_00014.png
1,16517,41,40,6,5,36,35,10,Train/10/00010_00049_00017.png
1,19507,36,36,5,5,31,31,12,Train/12/00012_00038_00007.png
1,32289,37,33,6,5,32,28,31,Train/31/00031_00007_00009.png
1,36746,83,87,8,8,76,80,38,Train/38/00038_00024_00027.png
1,10374,62,71,5,7,57,65,6,Train/6/00006_00002_00024.png
1,10577,37,38,6,6,32,33,6,Train/6/00006_00009_00017.png
1,39136,35,34,5,5,29,28,42,Train/42/00042_00005_00017.png
1,30979,60,62,6,6,55,56,28,Train/28/00028_00005_00019.png
1,6617,68,67,6,6,62,61,4,Train/4/00004_00005_00017.png
1,3446,53,54,6,6,48,49,2,Train/2/00002_00021_00026.png
1,8854,32,31,6,5,26,25,5,Train/5/00005_00014_00004.png
1,34540,35,35,6,6,30,30,35,Train/35/00035_00011_00011.png
1,22644,117,117,10,10,107,107,14,Train/14/00014_00000_00024.png
1,29014,33,30,5,5,28,25,25,Train/25/00025_00018_00004.png
1,23507,37,40,5,5,32,35,15,Train/15/00015_00003_00017.png
1,30127,40,36,6,5,35,31,26,Train/26/00026_00005_00007.png
1,24581,52,53,6,5,47,48,17,Train/17/00017_00004_00011.png
1,28568,75,70,7,7,69,64,25,Train/25/00025_00003_00008.png
1,34974,74,73,7,6,68,67,35,Train/35/00035_00025_00025.png
1,31060,72,63,6,5,65,58,28,Train/28/00028_00008_00010.png
1,25244,31,33,6,6,26,28,17,Train/17/00017_00026_00014.png
1,31709,153,131,13,11,140,120,30,Train/30/00030_00002_00029.png
1,16779,35,35,5,5,30,30,10,Train/10/00010_00058_00009.png
1,33268,72,69,6,6,66,63,33,Train/33/00033_00005_00028.png
1,19871,38,39,5,5,32,33,12,Train/12/00012_00050_00011.png
1,30232,64,57,6,5,59,52,26,Train/26/00026_00008_00022.png
1,37637,44,47,6,6,39,42,38,Train/38/00038_00054_00018.png
1,4607,72,73,6,6,66,67,2,Train/2/00002_00060_00017.png
1,19151,35,36,5,6,30,31,12,Train/12/00012_00026_00011.png
1,37291,33,36,5,6,28,31,38,Train/38/00038_00043_00002.png
1,15659,57,56,6,5,52,51,10,Train/10/00010_00020_00029.png
1,6737,42,39,6,5,36,34,4,Train/4/00004_00009_00017.png
1,24416,55,57,6,6,50,52,16,Train/16/00016_00012_00026.png
1,19169,124,125,10,11,114,115,12,Train/12/00012_00026_00029.png
1,29469,39,39,5,5,34,33,25,Train/25/00025_00033_00009.png
1,32811,50,46,5,5,45,41,31,Train/31/00031_00024_00021.png
1,1847,50,51,5,5,45,46,1,Train/1/00001_00042_00017.png
1,24128,36,37,6,5,31,32,16,Train/16/00016_00003_00008.png
1,27793,65,60,6,5,60,55,23,Train/23/00023_00003_00013.png
1,36678,42,44,5,5,36,38,38,Train/38/00038_00022_00019.png
1,34500,40,40,6,6,34,35,35,Train/35/00035_00010_00001.png
1,30991,41,37,6,5,36,32,28,Train/28/00028_00006_00001.png
1,28769,139,117,12,10,127,107,25,Train/25/00025_00009_00029.png
1,37497,38,40,5,5,33,35,38,Train/38/00038_00049_00028.png
1,11500,31,32,6,6,26,27,7,Train/7/00007_00026_00010.png
1,25698,117,101,11,9,107,93,18,Train/18/00018_00004_00018.png
1,31237,40,39,5,5,35,33,28,Train/28/00028_00014_00007.png
1,3778,69,62,6,5,63,57,2,Train/2/00002_00032_00028.png
1,33014,31,33,5,5,26,28,32,Train/32/00032_00005_00014.png
1,24080,72,76,6,7,66,70,16,Train/16/00016_00001_00020.png
1,2122,60,60,6,6,54,55,1,Train/1/00001_00051_00022.png
1,22841,47,45,6,5,42,40,14,Train/14/00014_00007_00011.png
1,8104,35,32,5,5,30,27,4,Train/4/00004_00055_00004.png
1,8775,45,48,6,6,40,42,5,Train/5/00005_00011_00015.png
1,28488,64,63,6,6,59,58,25,Train/25/00025_00000_00018.png
1,10524,37,39,6,5,32,34,6,Train/6/00006_00007_00024.png
1,36484,43,50,6,5,38,45,38,Train/38/00038_00016_00005.png
1,18652,55,57,5,5,50,52,12,Train/12/00012_00009_00022.png
1,35941,37,38,5,5,32,33,37,Train/37/00037_00005_00002.png
1,14038,43,43,5,5,38,38,9,Train/9/00009_00015_00028.png
1,8308,60,63,5,6,55,58,4,Train/4/00004_00061_00028.png
1,13504,34,34,6,6,29,29,8,Train/8/00008_00045_00004.png
1,36962,33,34,5,6,28,29,38,Train/38/00038_00032_00003.png
1,25852,47,42,6,6,41,37,18,Train/18/00018_00009_00022.png
1,14439,35,36,6,6,30,31,9,Train/9/00009_00029_00009.png
1,16464,51,49,5,5,46,44,10,Train/10/00010_00047_00024.png
1,32134,37,36,5,5,32,31,31,Train/31/00031_00002_00004.png
1,13967,49,50,6,5,44,45,9,Train/9/00009_00013_00017.png
1,25229,52,52,5,5,47,47,17,Train/17/00017_00025_00029.png
1,22401,34,35,5,6,29,30,13,Train/13/00013_00064_00021.png
1,683,70,72,6,7,64,66,1,Train/1/00001_00003_00023.png
1,36890,52,51,6,5,47,46,38,Train/38/00038_00029_00021.png
1,30002,41,39,6,6,36,34,26,Train/26/00026_00001_00002.png
1,7181,39,40,5,6,34,35,4,Train/4/00004_00024_00011.png
1,36005,28,28,6,5,23,23,38,Train/38/00038_00000_00006.png
1,15166,35,35,6,6,30,30,10,Train/10/00010_00004_00016.png
1,38779,43,45,5,5,38,40,41,Train/41/00041_00001_00020.png
1,21228,57,51,6,5,52,46,13,Train/13/00013_00025_00018.png
1,2312,29,31,5,6,24,25,1,Train/1/00001_00058_00002.png
1,1581,47,48,5,5,42,42,1,Train/1/00001_00033_00021.png
1,8515,41,43,6,6,36,38,5,Train/5/00005_00002_00025.png
1,4636,56,56,6,6,51,51,2,Train/2/00002_00061_00016.png
1,13911,61,63,6,6,56,57,9,Train/9/00009_00011_00021.png
1,38771,32,33,6,6,27,28,41,Train/41/00041_00001_00012.png
1,16612,56,56,6,6,51,51,10,Train/10/00010_00052_00022.png
1,26514,52,49,6,6,47,44,18,Train/18/00018_00031_00024.png
1,34808,34,34,5,5,29,29,35,Train/35/00035_00020_00009.png
1,22310,89,83,8,7,81,75,13,Train/13/00013_00061_00020.png
1,8850,29,29,5,5,24,24,5,Train/5/00005_00014_00000.png
1,38959,48,48,6,6,43,43,41,Train/41/00041_00007_00020.png
1,16470,28,29,5,6,23,24,10,Train/10/00010_00048_00000.png
1,8712,41,41,6,6,36,36,5,Train/5/00005_00009_00012.png
1,16304,40,43,5,6,35,37,10,Train/10/00010_00042_00014.png
1,8016,27,30,5,6,22,24,4,Train/4/00004_00052_00006.png
1,37959,33,35,5,6,28,30,38,Train/38/00038_00065_00010.png
1,11234,39,39,6,6,34,34,7,Train/7/00007_00017_00014.png
1,633,46,47,6,5,41,42,1,Train/1/00001_00002_00003.png
1,2951,36,36,5,5,31,31,2,Train/2/00002_00005_00011.png
1,29550,40,36,6,5,35,31,25,Train/25/00025_00036_00000.png
1,9628,48,50,5,5,43,45,5,Train/5/00005_00039_00028.png
1,30581,61,58,6,6,56,52,27,Train/27/00027_00000_00011.png
1,15971,35,36,5,6,29,30,10,Train/10/00010_00031_00011.png
1,16186,38,38,6,5,33,33,10,Train/10/00010_00038_00016.png
1,17507,39,39,5,6,33,34,11,Train/11/00011_00015_00017.png
1,38933,60,61,6,5,55,56,41,Train/41/00041_00006_00024.png
1,17101,70,63,7,5,64,58,11,Train/11/00011_00002_00001.png
1,7756,41,41,5,5,36,36,4,Train/4/00004_00043_00016.png
1,28661,34,32,6,5,29,27,25,Train/25/00025_00006_00011.png
1,24776,50,50,6,6,45,45,17,Train/17/00017_00010_00026.png
1,33402,33,34,5,6,27,28,33,Train/33/00033_00010_00012.png
1,3774,54,52,5,6,49,47,2,Train/2/00002_00032_00024.png
1,17548,140,131,12,12,128,120,11,Train/11/00011_00016_00028.png
1,26212,59,55,6,5,53,49,18,Train/18/00018_00021_00022.png
1,12256,40,42,6,6,35,37,8,Train/8/00008_00003_00016.png
1,22938,84,93,8,8,77,85,14,Train/14/00014_00010_00018.png
1,2100,27,32,5,6,22,27,1,Train/1/00001_00051_00000.png
1,33719,34,36,6,6,29,31,33,Train/33/00033_00021_00000.png
1,4376,111,108,9,10,102,99,2,Train/2/00002_00052_00026.png
1,8516,42,44,6,6,37,39,5,Train/5/00005_00002_00026.png
1,4013,44,46,6,6,39,40,2,Train/2/00002_00040_00023.png
1,11181,52,57,5,6,47,52,7,Train/7/00007_00015_00021.png
1,35195,29,31,5,6,23,25,35,Train/35/00035_00033_00006.png
1,10550,38,43,5,6,33,38,6,Train/6/00006_00008_00020.png
1,22198,150,133,13,12,137,122,13,Train/13/00013_00057_00028.png
1,18119,153,145,13,13,140,133,11,Train/11/00011_00035_00029.png
1,14317,32,32,6,6,27,27,9,Train/9/00009_00025_00007.png
1,949,49,48,6,5,43,43,1,Train/1/00001_00012_00019.png
1,26541,81,82,7,8,74,75,18,Train/18/00018_00032_00021.png
1,38442,42,43,5,6,37,38,40,Train/40/00040_00002_00013.png
1,32414,40,41,5,5,35,36,31,Train/31/00031_00011_00014.png
1,20233,42,43,5,6,37,38,12,Train/12/00012_00062_00013.png
1,33611,35,45,5,6,30,39,33,Train/33/00033_00017_00011.png
1,29904,149,131,13,12,136,120,25,Train/25/00025_00047_00024.png
1,31779,42,36,6,5,37,31,30,Train/30/00030_00005_00009.png
1,4507,30,31,5,6,25,26,2,Train/2/00002_00057_00007.png
1,22036,47,41,6,5,42,36,13,Train/13/00013_00052_00016.png
1,5491,29,30,5,6,23,24,3,Train/3/00003_00015_00001.png
1,21422,35,32,5,5,29,26,13,Train/13/00013_00032_00002.png
1,18655,69,68,6,6,63,62,12,Train/12/00012_00009_00025.png
1,11424,46,47,6,6,41,42,7,Train/7/00007_00023_00024.png
1,7238,42,43,6,5,37,38,4,Train/4/00004_00026_00008.png
1,12908,30,31,5,6,25,26,8,Train/8/00008_00025_00008.png
1,13826,54,54,5,5,49,48,9,Train/9/00009_00008_00026.png
1,6838,105,103,9,9,96,94,4,Train/4/00004_00012_00028.png
1,19047,71,68,6,7,65,62,12,Train/12/00012_00022_00027.png
1,8468,28,29,5,5,23,24,5,Train/5/00005_00001_00008.png
1,29375,55,50,6,6,50,45,25,Train/25/00025_00030_00005.png
1,10443,27,28,6,5,22,23,6,Train/6/00006_00005_00003.png
1,38052,37,40,5,6,32,35,38,Train/38/00038_00068_00013.png
1,29574,64,55,6,5,58,50,25,Train/25/00025_00036_00024.png
1,8922,40,40,6,6,35,35,5,Train/5/00005_00016_00012.png
1,18724,35,35,6,6,30,30,12,Train/12/00012_00012_00004.png
1,25548,26,35,5,6,21,30,17,Train/17/00017_00036_00018.png
1,20885,48,44,5,5,42,39,13,Train/13/00013_00014_00005.png
1,10608,43,44,6,5,38,39,6,Train/6/00006_00010_00018.png
1,27896,70,63,7,6,64,58,23,Train/23/00023_00006_00026.png
1,17324,57,52,6,5,52,47,11,Train/11/00011_00009_00014.png
1,25345,44,46,6,5,38,41,17,Train/17/00017_00029_00025.png
1,7029,38,39,5,5,33,34,4,Train/4/00004_00019_00009.png
1,19569,42,42,5,5,37,37,12,Train/12/00012_00040_00009.png
1,9163,36,36,5,5,31,31,5,Train/5/00005_00024_00013.png
1,24388,55,53,6,5,49,48,16,Train/16/00016_00011_00028.png
1,32223,34,33,6,6,29,28,31,Train/31/00031_00005_00003.png
1,31311,61,61,6,5,56,56,28,Train/28/00028_00016_00021.png
1,11701,27,27,6,6,22,22,7,Train/7/00007_00033_00001.png
1,26616,32,30,5,6,27,25,18,Train/18/00018_00035_00006.png
1,15212,30,31,6,6,25,25,10,Train/10/00010_00006_00002.png
1,8600,40,41,6,6,35,36,5,Train/5/00005_00005_00020.png
1,17223,28,25,5,5,23,20,11,Train/11/00011_00006_00003.png
1,38500,52,51,6,5,47,46,40,Train/40/00040_00004_00011.png
1,10726,41,40,6,6,35,35,7,Train/7/00007_00000_00016.png
1,602,31,33,5,6,25,28,1,Train/1/00001_00001_00002.png
1,35094,56,59,6,6,51,53,35,Train/35/00035_00029_00025.png
1,2073,39,36,6,5,34,31,1,Train/1/00001_00050_00003.png
1,3554,36,36,6,6,31,31,2,Train/2/00002_00025_00014.png
1,36389,26,28,6,6,21,22,38,Train/38/00038_00013_00000.png
1,29034,75,64,6,5,68,59,25,Train/25/00025_00018_00024.png
1,3410,43,44,6,6,38,39,2,Train/2/00002_00020_00020.png
1,7608,46,45,6,5,41,40,4,Train/4/00004_00038_00018.png
1,8744,39,37,6,5,33,32,5,Train/5/00005_00010_00014.png
1,12569,140,143,12,13,128,131,8,Train/8/00008_00013_00029.png
1,2189,94,122,8,11,91,112,1,Train/1/00001_00053_00029.png
1,14251,31,32,6,5,26,27,9,Train/9/00009_00023_00001.png
1,17565,41,39,5,6,36,34,11,Train/11/00011_00017_00015.png
1,12852,39,39,6,6,34,34,8,Train/8/00008_00023_00012.png
1,16842,33,31,6,5,28,26,10,Train/10/00010_00060_00012.png
1,18275,37,34,6,6,32,29,11,Train/11/00011_00041_00005.png
1,12611,36,35,5,6,31,30,8,Train/8/00008_00015_00011.png
1,1280,42,39,5,5,37,34,1,Train/1/00001_00023_00020.png
1,34503,43,44,6,6,38,39,35,Train/35/00035_00010_00004.png
1,16361,33,32,6,5,27,27,10,Train/10/00010_00044_00011.png
1,34053,31,31,6,6,26,26,34,Train/34/00034_00009_00004.png
1,39080,47,47,6,5,42,41,42,Train/42/00042_00003_00021.png
1,7345,68,69,6,7,62,63,4,Train/4/00004_00029_00025.png
1,34477,31,31,6,5,25,25,35,Train/35/00035_00009_00008.png
1,10080,32,30,6,6,27,25,5,Train/5/00005_00055_00000.png
1,11370,31,32,5,6,26,27,7,Train/7/00007_00022_00000.png
1,32765,32,32,5,5,27,27,31,Train/31/00031_00023_00005.png
1,31178,35,31,6,5,29,26,28,Train/28/00028_00012_00008.png
1,17891,28,42,5,5,23,37,11,Train/11/00011_00028_00011.png
1,36604,29,29,6,5,24,24,38,Train/38/00038_00020_00005.png
1,12355,51,51,6,6,46,46,8,Train/8/00008_00006_00025.png
1,31163,54,49,6,5,49,44,28,Train/28/00028_00011_00023.png
1,17355,70,65,6,6,64,60,11,Train/11/00011_00010_00015.png
1,18351,48,47,6,6,43,42,11,Train/11/00011_00043_00021.png
1,22856,128,123,11,11,117,113,14,Train/14/00014_00007_00026.png
1,18276,36,33,6,5,31,28,11,Train/11/00011_00041_00006.png
1,31811,32,33,5,6,27,28,30,Train/30/00030_00006_00011.png
1,34655,32,34,5,6,27,29,35,Train/35/00035_00015_00006.png
1,29649,34,33,5,6,29,28,25,Train/25/00025_00039_00009.png
1,28555,103,95,9,8,94,87,25,Train/25/00025_00002_00025.png
1,11002,40,40,6,5,35,35,7,Train/7/00007_00009_00022.png
1,37006,38,45,5,6,33,40,38,Train/38/00038_00033_00017.png
1,34167,37,40,5,6,32,35,34,Train/34/00034_00012_00028.png
1,37698,62,67,5,6,57,61,38,Train/38/00038_00056_00019.png
1,861,47,47,5,5,42,41,1,Train/1/00001_00009_00021.png
1,27217,53,46,6,5,48,41,21,Train/21/00021_00008_00007.png
1,362,30,30,5,5,25,25,0,Train/0/00000_00000_00002.png
1,13650,26,27,5,6,21,22,9,Train/9/00009_00003_00000.png
1,22345,100,93,8,9,92,85,13,Train/13/00013_00062_00025.png
1,2319,37,38,5,6,31,33,1,Train/1/00001_00058_00009.png
1,19066,43,43,5,5,38,38,12,Train/12/00012_00023_00016.png
1,20801,42,47,5,5,37,42,13,Train/13/00013_00011_00011.png
1,37591,30,30,6,6,25,25,38,Train/38/00038_00053_00002.png
1,8441,35,38,5,5,30,33,5,Train/5/00005_00000_00011.png
1,31535,31,30,5,5,26,24,29,Train/29/00029_00006_00005.png
1,29822,35,32,5,5,30,27,25,Train/25/00025_00045_00002.png
1,31501,34,32,5,6,28,26,29,Train/29/00029_00005_00001.png
1,15648,38,39,5,6,33,34,10,Train/10/00010_00020_00018.png
1,2251,38,40,5,5,33,35,1,Train/1/00001_00056_00001.png
1,38269,36,37,5,6,30,31,39,Train/39/00039_00006_00020.png
1,8869,45,46,5,6,40,41,5,Train/5/00005_00014_00019.png
1,8931,53,54,5,6,48,49,5,Train/5/00005_00016_00021.png
1,6649,51,52,6,5,46,47,4,Train/4/00004_00006_00019.png
1,5568,56,57,6,5,51,52,3,Train/3/00003_00017_00018.png
1,3501,43,42,6,6,37,37,2,Train/2/00002_00023_00021.png
1,11038,55,55,5,6,50,50,7,Train/7/00007_00010_00028.png
1,20944,40,36,5,5,35,31,13,Train/13/00013_00016_00004.png
1,649,57,56,6,5,52,51,1,Train/1/00001_00002_00019.png
1,33819,33,33,5,6,28,28,34,Train/34/00034_00001_00010.png
1,5696,74,74,7,6,68,68,3,Train/3/00003_00021_00026.png
1,33771,51,50,5,5,45,45,33,Train/33/00033_00022_00022.png
1,38635,118,120,10,10,107,109,40,Train/40/00040_00008_00026.png
1,28809,68,72,7,7,62,66,25,Train/25/00025_00011_00009.png
1,7666,38,37,6,5,33,32,4,Train/4/00004_00040_00016.png
1,35950,52,53,6,6,46,47,37,Train/37/00037_00005_00011.png
1,28506,74,69,6,6,68,63,25,Train/25/00025_00001_00006.png
1,11225,33,33,6,6,28,28,7,Train/7/00007_00017_00005.png
1,34851,52,52,5,5,47,47,35,Train/35/00035_00021_00022.png
1,23695,68,69,6,7,62,63,15,Train/15/00015_00009_00025.png
1,8317,33,33,5,6,28,28,4,Train/4/00004_00062_00007.png
1,26711,49,49,5,5,44,44,18,Train/18/00018_00038_00011.png
1,22338,59,56,5,6,54,51,13,Train/13/00013_00062_00018.png
1,15195,36,37,5,5,31,31,10,Train/10/00010_00005_00015.png
1,2014,35,36,5,6,30,31,1,Train/1/00001_00048_00004.png
1,19301,48,47,6,5,43,42,12,Train/12/00012_00031_00011.png
1,27372,44,43,5,6,39,38,22,Train/22/00022_00002_00012.png
1,17718,83,72,8,6,76,66,11,Train/11/00011_00022_00018.png
1,20060,55,54,6,6,49,49,12,Train/12/00012_00056_00020.png
1,25571,28,27,5,6,23,22,18,Train/18/00018_00000_00011.png
1,38029,51,53,6,5,46,48,38,Train/38/00038_00067_00020.png
1,30108,57,53,5,6,52,48,26,Train/26/00026_00004_00018.png
1,25507,28,29,5,6,23,24,17,Train/17/00017_00035_00007.png
1,20369,68,75,6,6,62,69,12,Train/12/00012_00066_00029.png
1,32572,63,58,6,5,58,53,31,Train/31/00031_00016_00022.png
1,10386,32,34,6,6,27,29,6,Train/6/00006_00003_00006.png
1,23727,86,82,7,7,79,75,15,Train/15/00015_00010_00027.png
1,17554,29,27,5,5,23,22,11,Train/11/00011_00017_00004.png
1,35611,31,31,5,5,26,26,36,Train/36/00036_00007_00002.png
1,30450,31,28,5,6,26,23,26,Train/26/00026_00016_00000.png
1,26560,58,54,5,5,53,49,18,Train/18/00018_00033_00010.png
1,27383,75,76,6,7,69,70,22,Train/22/00022_00002_00023.png
1,7431,51,51,6,5,46,46,4,Train/4/00004_00032_00021.png
1,14246,63,70,5,7,58,64,9,Train/9/00009_00022_00026.png
1,12463,38,37,6,5,33,32,8,Train/8/00008_00010_00013.png
1,23155,83,86,7,8,76,78,14,Train/14/00014_00017_00025.png
1,19510,40,41,5,6,35,36,12,Train/12/00012_00038_00010.png
1,21847,36,41,6,5,31,36,13,Train/13/00013_00046_00007.png
1,15554,38,37,6,5,33,32,10,Train/10/00010_00017_00014.png
1,26178,92,84,8,7,84,77,18,Train/18/00018_00020_00018.png
1,10487,42,43,6,6,37,38,6,Train/6/00006_00006_00017.png
1,37528,53,56,6,6,48,51,38,Train/38/00038_00050_00029.png
1,36227,49,48,6,5,44,43,38,Train/38/00038_00007_00018.png
1,5963,61,61,6,5,55,56,3,Train/3/00003_00030_00023.png
1,25609,68,60,6,5,61,54,18,Train/18/00018_00001_00019.png
1,31027,62,54,6,6,57,49,28,Train/28/00028_00007_00007.png
1,28586,188,169,16,15,172,155,25,Train/25/00025_00003_00026.png
1,34109,28,27,5,5,23,22,34,Train/34/00034_00011_00000.png
1,8189,121,122,11,11,111,112,4,Train/4/00004_00057_00029.png
1,30396,58,52,6,6,52,47,26,Train/26/00026_00014_00006.png
1,2478,45,43,6,5,39,38,1,Train/1/00001_00063_00018.png
1,20870,70,59,7,5,64,53,13,Train/13/00013_00013_00020.png
1,803,88,84,8,7,81,77,1,Train/1/00001_00007_00023.png
1,5890,30,31,5,5,25,26,3,Train/3/00003_00028_00010.png
1,7799,70,72,7,6,64,66,4,Train/4/00004_00044_00029.png
1,7636,48,47,6,5,43,42,4,Train/4/00004_00039_00016.png
1,27925,70,59,7,5,64,54,23,Train/23/00023_00007_00025.png
1,8952,42,41,6,5,37,36,5,Train/5/00005_00017_00012.png
1,19316,76,75,7,6,70,69,12,Train/12/00012_00031_00026.png
1,10004,39,38,6,5,34,33,5,Train/5/00005_00052_00014.png
1,32003,63,61,5,6,58,56,30,Train/30/00030_00012_00023.png
1,26374,31,31,6,6,26,26,18,Train/18/00018_00027_00004.png
1,22481,38,36,6,5,33,31,13,Train/13/00013_00067_00011.png
1,32174,50,46,6,6,45,41,31,Train/31/00031_00003_00014.png
1,25346,44,47,5,5,38,42,17,Train/17/00017_00029_00026.png
1,6568,81,83,7,7,74,76,4,Train/4/00004_00003_00028.png
1,21186,39,38,5,6,34,33,13,Train/13/00013_00024_00006.png
1,32383,37,33,5,5,32,28,31,Train/31/00031_00010_00013.png
1,6353,41,44,6,6,36,39,3,Train/3/00003_00043_00023.png
1,29384,72,64,7,5,66,59,25,Train/25/00025_00030_00014.png
1,37411,27,26,6,5,22,21,38,Train/38/00038_00047_00002.png
1,15169,40,41,6,6,35,36,10,Train/10/00010_00004_00019.png
1,15173,48,47,6,5,43,42,10,Train/10/00010_00004_00023.png
1,33175,85,84,8,8,78,77,33,Train/33/00033_00002_00025.png
1,21701,64,60,5,6,59,55,13,Train/13/00013_00041_00011.png
1,33284,42,43,6,6,37,38,33,Train/33/00033_00006_00014.png
1,23407,43,44,6,5,38,39,15,Train/15/00015_00000_00007.png
1,27199,60,54,6,5,55,49,21,Train/21/00021_00007_00019.png
1,21361,34,35,5,6,29,30,13,Train/13/00013_00030_00001.png
1,25557,31,39,6,6,26,34,17,Train/17/00017_00036_00027.png
1,21452,34,34,5,6,29,29,13,Train/13/00013_00033_00002.png
1,23115,63,64,5,6,58,58,14,Train/14/00014_00016_00015.png
1,30464,40,37,6,6,35,32,26,Train/26/00026_00016_00014.png
1,1836,38,40,5,6,33,35,1,Train/1/00001_00042_00006.png
1,14241,52,52,6,5,47,47,9,Train/9/00009_00022_00021.png
1,28625,35,33,5,5,30,28,25,Train/25/00025_00005_00005.png
1,13422,35,36,5,6,30,31,8,Train/8/00008_00042_00012.png
1,22107,158,149,13,13,145,137,13,Train/13/00013_00054_00027.png
1,20365,56,64,5,6,51,59,12,Train/12/00012_00066_00025.png
1,25540,27,33,5,5,22,28,17,Train/17/00017_00036_00010.png
1,25636,49,45,6,5,44,40,18,Train/18/00018_00002_00016.png
1,1679,92,88,8,7,84,81,1,Train/1/00001_00036_00029.png
1,25064,35,34,5,6,30,29,17,Train/17/00017_00020_00014.png
1,23731,38,47,5,6,33,42,15,Train/15/00015_00011_00001.png
1,14689,55,53,6,5,49,48,9,Train/9/00009_00037_00019.png
1,26407,41,41,6,5,35,35,18,Train/18/00018_00028_00007.png
1,7068,37,36,6,5,32,31,4,Train/4/00004_00020_00018.png
1,5598,50,49,6,5,45,44,3,Train/3/00003_00018_00018.png
1,11147,54,55,5,6,49,50,7,Train/7/00007_00014_00017.png
1,29691,72,68,7,7,66,62,25,Train/25/00025_00040_00021.png
1,20399,93,87,8,8,85,80,12,Train/12/00012_00067_00029.png
1,17517,72,69,7,7,66,63,11,Train/11/00011_00015_00027.png
1,2930,45,45,5,6,39,40,2,Train/2/00002_00004_00020.png
1,1284,45,42,5,5,40,37,1,Train/1/00001_00023_00024.png
1,23906,58,58,5,6,53,53,15,Train/15/00015_00016_00026.png
1,23512,40,44,5,6,35,39,15,Train/15/00015_00003_00022.png
1,29239,54,48,6,6,49,43,25,Train/25/00025_00025_00019.png
1,26853,33,33,5,5,28,27,19,Train/19/00019_00003_00003.png
1,8949,39,39,6,6,34,34,5,Train/5/00005_00017_00009.png
1,3545,28,29,5,6,23,24,2,Train/2/00002_00025_00005.png
1,12808,70,65,7,6,64,60,8,Train/8/00008_00021_00028.png
1,17696,80,68,7,6,73,62,11,Train/11/00011_00021_00026.png
1,5564,48,51,5,6,43,46,3,Train/3/00003_00017_00014.png
1,13528,96,95,9,8,88,87,8,Train/8/00008_00045_00028.png
1,20995,87,82,7,8,80,75,13,Train/13/00013_00017_00025.png
1,38058,48,49,6,5,43,44,38,Train/38/00038_00068_00019.png
1,4553,43,42,6,5,38,37,2,Train/2/00002_00058_00023.png
1,36690,30,30,6,5,25,24,38,Train/38/00038_00023_00001.png
1,17991,85,80,8,8,78,73,11,Train/11/00011_00031_00021.png
1,25537,26,32,5,5,21,27,17,Train/17/00017_00036_00007.png
1,20798,41,45,5,5,36,40,13,Train/13/00013_00011_00008.png
1,38700,40,42,6,6,35,36,40,Train/40/00040_00011_00001.png
1,32176,52,47,6,5,47,42,31,Train/31/00031_00003_00016.png
1,2437,35,35,5,5,30,30,1,Train/1/00001_00062_00007.png
1,1549,54,56,5,5,49,50,1,Train/1/00001_00032_00019.png
1,4072,48,47,6,5,43,42,2,Train/2/00002_00042_00022.png
1,18776,60,60,5,5,55,55,12,Train/12/00012_00013_00026.png
1,31231,36,36,5,6,30,30,28,Train/28/00028_00014_00001.png
1,10377,81,85,8,7,74,78,6,Train/6/00006_00002_00027.png
1,3262,92,93,8,9,84,84,2,Train/2/00002_00015_00022.png
1,11146,52,52,6,6,47,47,7,Train/7/00007_00014_00016.png
1,35949,49,49,5,5,43,44,37,Train/37/00037_00005_00010.png
1,36344,49,53,5,6,44,48,38,Train/38/00038_00011_00015.png
1,33353,79,77,7,7,72,71,33,Train/33/00033_00008_00023.png
1,18129,54,55,5,6,49,50,11,Train/11/00011_00036_00009.png
1,19295,40,40,6,6,35,35,12,Train/12/00012_00031_00005.png
1,36571,30,30,5,5,25,25,38,Train/38/00038_00019_00002.png
1,22410,37,32,6,5,32,27,13,Train/13/00013_00065_00000.png
1,22586,146,131,12,11,134,120,13,Train/13/00013_00070_00026.png
1,37642,58,61,6,6,53,56,38,Train/38/00038_00054_00023.png
1,32963,49,53,5,5,44,48,32,Train/32/00032_00003_00023.png
1,36243,29,30,5,6,24,25,38,Train/38/00038_00008_00004.png
1,30868,99,86,8,8,91,79,28,Train/28/00028_00001_00028.png
1,5605,77,77,7,7,71,71,3,Train/3/00003_00018_00025.png
1,1427,42,50,5,5,37,45,1,Train/1/00001_00028_00017.png
1,12437,40,40,5,5,35,35,8,Train/8/00008_00009_00017.png
1,20348,41,46,5,5,36,41,12,Train/12/00012_00066_00008.png
1,7934,37,38,6,6,31,32,4,Train/4/00004_00049_00014.png
1,35331,57,61,6,6,52,56,35,Train/35/00035_00037_00022.png
1,21418,57,52,5,6,52,47,13,Train/13/00013_00031_00028.png
1,36420,27,28,6,5,22,23,38,Train/38/00038_00014_00001.png
1,9750,33,34,5,5,28,29,5,Train/5/00005_00044_00000.png
1,23810,51,52,6,5,46,47,15,Train/15/00015_00013_00020.png
1,36835,35,38,5,6,30,33,38,Train/38/00038_00027_00026.png
1,129,33,34,5,6,28,29,20,Train/20/00020_00004_00009.png
1,18011,50,48,6,5,45,43,11,Train/11/00011_00032_00011.png
1,25784,76,68,6,6,69,62,18,Train/18/00018_00007_00014.png
1,8834,38,38,5,5,33,33,5,Train/5/00005_00013_00014.png
1,11620,31,31,6,6,26,26,7,Train/7/00007_00030_00010.png
1,35179,46,46,6,5,41,41,35,Train/35/00035_00032_00020.png
1,18472,59,59,5,5,54,54,12,Train/12/00012_00003_00022.png
1,18763,36,37,5,6,31,32,12,Train/12/00012_00013_00013.png
1,35710,33,35,5,6,28,30,36,Train/36/00036_00010_00011.png
1,17924,69,62,6,5,62,56,11,Train/11/00011_00029_00014.png
1,5688,46,48,5,6,41,43,3,Train/3/00003_00021_00018.png
1,14163,29,29,5,5,24,24,9,Train/9/00009_00020_00003.png
1,18825,44,45,5,5,39,40,12,Train/12/00012_00015_00015.png
1,21459,44,40,5,6,39,35,13,Train/13/00013_00033_00009.png
1,17538,70,62,7,5,64,56,11,Train/11/00011_00016_00018.png
1,34336,40,41,5,5,35,36,35,Train/35/00035_00004_00017.png
1,12035,27,28,5,5,22,23,7,Train/7/00007_00044_00005.png
1,33995,29,29,6,6,24,24,34,Train/34/00034_00007_00006.png
1,38774,33,37,5,6,28,32,41,Train/41/00041_00001_00015.png
1,33235,70,73,6,6,64,67,33,Train/33/00033_00004_00025.png
1,14853,27,26,6,5,22,21,9,Train/9/00009_00043_00003.png
1,22426,52,47,6,6,47,42,13,Train/13/00013_00065_00016.png
1,2964,55,56,6,5,50,51,2,Train/2/00002_00005_00024.png
1,15541,28,29,5,6,23,24,10,Train/10/00010_00017_00001.png
1,24076,58,61,6,6,53,56,16,Train/16/00016_00001_00016.png
1,28408,156,139,13,12,143,127,24,Train/24/00024_00006_00028.png
1,9599,74,80,6,7,68,73,5,Train/5/00005_00038_00029.png
1,10465,47,50,5,5,41,44,6,Train/6/00006_00005_00025.png
1,14140,32,33,5,6,27,28,9,Train/9/00009_00019_00010.png
1,35456,73,73,6,6,67,67,36,Train/36/00036_00001_00027.png
1,25626,40,37,6,5,35,32,18,Train/18/00018_00002_00006.png
1,21261,54,75,6,7,49,69,13,Train/13/00013_00026_00021.png
1,19341,48,57,6,6,43,52,12,Train/12/00012_00032_00021.png
1,26991,72,68,7,6,65,61,21,Train/21/00021_00000_00021.png
1,8694,70,70,7,7,64,64,5,Train/5/00005_00008_00024.png
1,6276,57,58,5,5,52,52,3,Train/3/00003_00041_00006.png
1,33638,32,39,6,5,27,34,33,Train/33/00033_00018_00008.png
1,13929,34,36,5,6,29,31,9,Train/9/00009_00012_00009.png
1,30965,40,44,5,6,35,38,28,Train/28/00028_00005_00005.png
1,30492,41,36,5,6,35,30,26,Train/26/00026_00017_00012.png
1,17559,35,32,6,5,30,27,11,Train/11/00011_00017_00009.png
1,27913,45,40,5,5,40,35,23,Train/23/00023_00007_00013.png
1,24357,62,63,6,5,57,58,16,Train/16/00016_00010_00027.png
1,38025,44,44,6,6,39,39,38,Train/38/00038_00067_00016.png
1,25545,29,36,6,6,24,31,17,Train/17/00017_00036_00015.png
1,7486,39,40,6,6,34,35,4,Train/4/00004_00034_00016.png
1,29672,32,30,6,5,27,25,25,Train/25/00025_00040_00002.png
1,36807,35,37,6,6,30,32,38,Train/38/00038_00026_00028.png
1,22759,69,70,6,6,63,64,14,Train/14/00014_00004_00019.png
1,8007,87,87,8,8,80,80,4,Train/4/00004_00051_00027.png
1,14851,28,27,6,5,23,22,9,Train/9/00009_00043_00001.png
1,35296,41,40,5,5,36,35,35,Train/35/00035_00036_00017.png
1,29177,64,63,6,5,59,58,25,Train/25/00025_00023_00017.png
1,2380,41,40,5,6,35,34,1,Train/1/00001_00060_00010.png
1,3973,35,36,6,6,30,31,2,Train/2/00002_00039_00013.png
1,12015,37,39,5,5,32,33,7,Train/7/00007_00043_00015.png
1,31449,49,43,5,5,44,38,29,Train/29/00029_00003_00009.png
1,1395,43,44,5,5,37,38,1,Train/1/00001_00027_00015.png
1,25934,38,40,5,5,33,35,18,Train/18/00018_00012_00014.png
1,1030,32,34,5,5,27,28,1,Train/1/00001_00015_00010.png
1,24508,50,51,6,6,45,46,17,Train/17/00017_00001_00028.png
1,34705,96,96,8,8,88,88,35,Train/35/00035_00016_00026.png
1,23615,28,30,5,5,23,25,15,Train/15/00015_00007_00005.png
1,22384,27,28,5,6,22,23,13,Train/13/00013_00064_00004.png
1,18350,48,47,6,6,42,41,11,Train/11/00011_00043_00020.png
1,916,42,42,5,5,37,37,1,Train/1/00001_00011_00016.png
1,27396,43,40,6,6,38,35,22,Train/22/00022_00003_00006.png
1,37443,30,30,5,6,25,25,38,Train/38/00038_00048_00004.png
1,24505,45,45,5,5,39,40,17,Train/17/00017_00001_00025.png
1,10140,29,31,5,6,24,26,5,Train/5/00005_00057_00000.png
1,31998,49,49,6,6,44,44,30,Train/30/00030_00012_00018.png
1,34096,39,46,5,6,34,41,34,Train/34/00034_00010_00017.png
1,30530,53,48,6,6,48,43,26,Train/26/00026_00018_00020.png
1,8891,39,40,5,6,34,35,5,Train/5/00005_00015_00011.png
1,34094,39,44,5,5,34,39,34,Train/34/00034_00010_00015.png
1,26416,51,53,5,5,46,48,18,Train/18/00018_00028_00016.png
1,12232,52,51,5,6,46,45,8,Train/8/00008_00002_00022.png
1,29396,111,105,9,10,101,96,25,Train/25/00025_00030_00026.png
1,1086,35,36,5,5,30,30,1,Train/1/00001_00017_00006.png
1,9786,32,29,6,5,27,24,5,Train/5/00005_00045_00006.png
1,7123,35,36,6,6,30,31,4,Train/4/00004_00022_00013.png
1,17873,99,85,9,7,91,78,11,Train/11/00011_00027_00023.png
1,4454,39,39,6,6,34,34,2,Train/2/00002_00055_00014.png
1,28458,50,52,6,5,45,47,24,Train/24/00024_00008_00018.png
1,28054,27,26,6,5,22,21,23,Train/23/00023_00012_00004.png
1,3439,41,41,6,5,36,36,2,Train/2/00002_00021_00019.png
1,10543,31,34,5,6,26,29,6,Train/6/00006_00008_00013.png
1,105,51,49,6,6,46,44,20,Train/20/00020_00003_00015.png
1,35390,62,62,6,5,57,57,35,Train/35/00035_00039_00021.png
1,10656,29,30,6,6,24,25,6,Train/6/00006_00012_00006.png
1,38682,43,46,6,6,38,41,40,Train/40/00040_00010_00013.png
1,33760,29,29,6,6,24,24,33,Train/33/00033_00022_00011.png
1,27089,200,178,17,16,183,163,21,Train/21/00021_00003_00029.png
1,16841,31,31,5,6,26,26,10,Train/10/00010_00060_00011.png
1,8056,52,50,6,6,47,45,4,Train/4/00004_00053_00016.png
1,5651,33,34,5,6,28,29,3,Train/3/00003_00020_00011.png
1,26818,131,117,12,10,120,107,19,Train/19/00019_00001_00028.png
1,15731,39,37,5,5,34,32,10,Train/10/00010_00023_00011.png
1,38944,34,34,5,5,29,29,41,Train/41/00041_00007_00005.png
1,29459,76,71,7,6,70,65,25,Train/25/00025_00032_00029.png
1,38811,63,70,6,7,58,63,41,Train/41/00041_00002_00022.png
1,10359,34,36,6,6,29,31,6,Train/6/00006_00002_00009.png
1,2780,60,62,5,6,55,57,1,Train/1/00001_00073_00020.png
1,25031,41,42,5,6,36,37,17,Train/17/00017_00019_00011.png
1,3785,29,30,5,5,24,25,2,Train/2/00002_00033_00005.png
1,18764,37,37,6,6,32,32,12,Train/12/00012_00013_00014.png
1,17600,76,69,6,7,70,63,11,Train/11/00011_00018_00020.png
1,21281,33,31,5,6,28,26,13,Train/13/00013_00027_00011.png
1,30835,49,47,5,6,44,41,28,Train/28/00028_00000_00025.png
1,31093,47,44,5,6,42,39,28,Train/28/00028_00009_00013.png
1,17060,51,48,5,6,46,43,11,Train/11/00011_00000_00020.png
1,12566,94,94,9,8,86,86,8,Train/8/00008_00013_00026.png
1,18394,32,29,6,5,27,24,12,Train/12/00012_00001_00004.png
1,415,50,52,5,5,45,47,0,Train/0/00000_00001_00025.png
1,23488,109,123,9,10,100,113,15,Train/15/00015_00002_00028.png
1,16580,58,59,5,6,53,54,10,Train/10/00010_00051_00020.png
1,16573,46,46,6,6,41,41,10,Train/10/00010_00051_00013.png
1,39160,36,37,5,6,31,32,42,Train/42/00042_00006_00011.png
1,28938,68,63,7,6,62,57,25,Train/25/00025_00015_00018.png
1,9779,76,84,6,7,70,77,5,Train/5/00005_00044_00029.png
1,33084,50,50,6,6,45,45,32,Train/32/00032_00007_00024.png
1,36854,31,31,6,5,26,26,38,Train/38/00038_00028_00015.png
1,35495,29,29,5,5,24,24,36,Train/36/00036_00003_00006.png
1,27007,36,34,6,6,31,29,21,Train/21/00021_00001_00007.png
1,25974,73,74,6,7,67,68,18,Train/18/00018_00013_00024.png
1,13653,29,29,6,6,24,24,9,Train/9/00009_00003_00003.png
1,36427,28,30,5,5,23,25,38,Train/38/00038_00014_00008.png
1,27497,44,41,5,6,39,36,22,Train/22/00022_00006_00017.png
1,33087,62,61,5,5,56,55,32,Train/32/00032_00007_00027.png
1,27242,35,35,6,6,30,30,21,Train/21/00021_00009_00002.png
1,12228,41,40,5,5,36,35,8,Train/8/00008_00002_00018.png
1,24081,76,81,6,7,70,74,16,Train/16/00016_00001_00021.png
1,34619,30,30,6,6,25,25,35,Train/35/00035_00014_00000.png
1,23636,42,47,5,6,37,42,15,Train/15/00015_00007_00026.png
1,37034,35,37,5,5,30,32,38,Train/38/00038_00034_00015.png
1,17636,55,52,6,5,50,47,11,Train/11/00011_00019_00026.png
1,18963,31,31,6,6,26,26,12,Train/12/00012_00020_00003.png
1,38303,86,92,8,8,79,84,39,Train/39/00039_00007_00024.png
1,21165,38,49,5,5,33,44,13,Train/13/00013_00023_00015.png
1,22884,64,77,6,7,59,71,14,Train/14/00014_00008_00024.png
1,8859,35,35,6,6,30,30,5,Train/5/00005_00014_00009.png
1,12643,36,38,6,6,31,33,8,Train/8/00008_00016_00013.png
1,35553,33,32,6,5,28,27,36,Train/36/00036_00005_00004.png
1,32159,191,176,16,15,175,161,31,Train/31/00031_00002_00029.png
1,4688,32,32,6,6,27,27,2,Train/2/00002_00063_00008.png
1,16976,47,49,5,5,42,44,10,Train/10/00010_00064_00026.png
1,19941,131,134,11,12,120,122,12,Train/12/00012_00052_00021.png
1,32407,36,36,6,6,31,31,31,Train/31/00031_00011_00007.png
1,23679,43,42,6,5,38,37,15,Train/15/00015_00009_00009.png
1,25267,31,31,6,5,26,26,17,Train/17/00017_00027_00007.png
1,4687,31,31,5,5,26,26,2,Train/2/00002_00063_00007.png
1,19282,42,42,5,5,37,37,12,Train/12/00012_00030_00022.png
1,20288,30,31,5,5,25,26,12,Train/12/00012_00064_00008.png
1,26689,54,55,5,6,49,50,18,Train/18/00018_00037_00019.png
1,13390,38,38,5,5,33,33,8,Train/8/00008_00041_00010.png
1,35161,29,28,6,5,24,23,35,Train/35/00035_00032_00002.png
1,19850,45,46,5,5,40,41,12,Train/12/00012_00049_00020.png
1,21917,73,70,6,7,67,63,13,Train/13/00013_00048_00017.png
1,26380,39,37,6,5,34,32,18,Train/18/00018_00027_00010.png
1,10527,39,44,5,6,33,38,6,Train/6/00006_00007_00027.png
1,37526,47,51,5,6,42,46,38,Train/38/00038_00050_00027.png
1,2670,47,48,5,5,42,43,1,Train/1/00001_00070_00000.png
1,37054,28,29,5,5,23,24,38,Train/38/00038_00035_00005.png
1,14085,37,42,5,6,32,37,9,Train/9/00009_00017_00015.png
1,10600,35,37,6,6,30,32,6,Train/6/00006_00010_00010.png
1,38121,45,46,6,6,40,41,39,Train/39/00039_00001_00022.png
1,19843,37,39,5,6,32,33,12,Train/12/00012_00049_00013.png
1,16818,47,47,5,5,42,42,10,Train/10/00010_00059_00018.png
1,16001,35,31,5,6,30,26,10,Train/10/00010_00032_00011.png
1,35132,27,27,5,5,22,21,35,Train/35/00035_00031_00003.png
1,30380,47,46,6,6,42,41,26,Train/26/00026_00013_00020.png
1,31714,47,40,6,5,42,35,30,Train/30/00030_00003_00004.png
1,27431,34,33,5,6,29,27,22,Train/22/00022_00004_00011.png
1,35243,41,46,6,5,35,40,35,Train/35/00035_00034_00024.png
1,30711,61,58,6,6,56,53,27,Train/27/00027_00004_00021.png
1,9311,34,34,6,5,29,29,5,Train/5/00005_00029_00011.png
1,17672,32,27,6,5,27,22,11,Train/11/00011_00021_00002.png
1,20472,37,37,5,6,32,32,13,Train/13/00013_00000_00012.png
1,11645,29,28,5,5,23,23,7,Train/7/00007_00031_00005.png
1,14850,26,26,6,6,21,21,9,Train/9/00009_00043_00000.png
1,37059,32,34,5,6,27,29,38,Train/38/00038_00035_00010.png
1,7539,37,36,6,5,32,31,4,Train/4/00004_00036_00009.png
1,5522,35,35,6,5,30,30,3,Train/3/00003_00016_00002.png
1,29765,38,35,6,6,33,30,25,Train/25/00025_00043_00005.png
1,38387,51,49,5,6,46,44,40,Train/40/00040_00000_00018.png
1,36122,29,31,5,6,24,26,38,Train/38/00038_00004_00003.png
1,19538,44,45,5,6,39,40,12,Train/12/00012_00039_00008.png
1,20767,38,34,5,5,33,29,13,Train/13/00013_00010_00007.png
1,6610,53,54,5,6,48,49,4,Train/4/00004_00005_00010.png
1,3804,39,41,5,5,34,36,2,Train/2/00002_00033_00024.png
1,12862,48,49,5,6,43,44,8,Train/8/00008_00023_00022.png
1,3726,33,35,5,5,28,29,2,Train/2/00002_00031_00006.png
1,22521,108,85,10,8,99,78,13,Train/13/00013_00068_00021.png
1,6296,128,128,11,11,116,116,3,Train/3/00003_00041_00026.png
1,25541,27,33,5,5,22,28,17,Train/17/00017_00036_00011.png
1,2773,53,51,6,5,47,46,1,Train/1/00001_00073_00013.png
1,7404,42,44,6,6,37,39,4,Train/4/00004_00031_00024.png
1,22200,27,25,6,5,22,20,13,Train/13/00013_00058_00000.png
1,8458,81,85,8,8,74,78,5,Train/5/00005_00000_00028.png
1,22734,110,108,9,9,100,99,14,Train/14/00014_00003_00024.png
1,26636,95,82,9,7,86,74,18,Train/18/00018_00035_00026.png
1,22183,96,85,9,7,87,77,13,Train/13/00013_00057_00013.png
1,12318,41,43,5,5,36,38,8,Train/8/00008_00005_00018.png
1,31333,47,45,5,6,42,40,28,Train/28/00028_00017_00013.png
1,18125,52,51,6,5,46,45,11,Train/11/00011_00036_00005.png
1,2378,37,37,5,5,32,32,1,Train/1/00001_00060_00008.png
1,4430,45,43,5,5,39,38,2,Train/2/00002_00054_00020.png
1,34699,65,68,6,6,60,62,35,Train/35/00035_00016_00020.png
1,24347,43,42,5,5,38,37,16,Train/16/00016_00010_00017.png
1,16125,38,35,6,6,33,29,10,Train/10/00010_00036_00015.png
1,2195,41,40,5,6,35,34,1,Train/1/00001_00054_00005.png
1,22829,119,134,10,12,109,122,14,Train/14/00014_00006_00029.png
1,18803,68,67,7,6,62,61,12,Train/12/00012_00014_00023.png
1,29129,165,153,14,14,151,140,25,Train/25/00025_00021_00029.png
1,28693,76,71,6,6,69,65,25,Train/25/00025_00007_00013.png
1,9358,60,59,6,6,55,54,5,Train/5/00005_00030_00028.png
1,21928,101,96,9,8,93,88,13,Train/13/00013_00048_00028.png
1,11399,139,137,12,12,127,126,7,Train/7/00007_00022_00029.png
1,26085,41,37,5,5,36,31,18,Train/18/00018_00017_00015.png
1,18827,48,49,5,5,43,44,12,Train/12/00012_00015_00017.png
1,38854,30,28,6,5,25,23,41,Train/41/00041_00004_00005.png
1,6477,85,84,8,8,78,77,4,Train/4/00004_00000_00027.png
1,9477,50,55,6,6,45,50,5,Train/5/00005_00034_00027.png
1,26524,50,50,6,6,45,45,18,Train/18/00018_00032_00004.png
1,17638,59,57,5,5,54,52,11,Train/11/00011_00019_00028.png
1,20035,77,76,7,6,71,70,12,Train/12/00012_00055_00025.png
1,38023,41,41,6,5,36,36,38,Train/38/00038_00067_00014.png
1,20263,35,37,5,5,30,32,12,Train/12/00012_00063_00013.png
1,5833,34,33,6,5,29,28,3,Train/3/00003_00026_00013.png
1,28851,85,82,7,8,77,75,25,Train/25/00025_00012_00021.png
1,11136,37,39,5,6,32,34,7,Train/7/00007_00014_00006.png
1,21348,44,41,6,6,38,35,13,Train/13/00013_00029_00018.png
1,36526,45,44,6,5,40,39,38,Train/38/00038_00017_00017.png
1,33130,34,33,6,5,29,28,33,Train/33/00033_00001_00010.png
1,8710,38,37,6,5,33,32,5,Train/5/00005_00009_00010.png
1,23388,45,46,6,6,40,41,14,Train/14/00014_00025_00018.png
1,2743,56,56,5,5,51,51,1,Train/1/00001_00072_00013.png
1,31436,74,70,6,6,68,64,29,Train/29/00029_00002_00026.png
1,9197,36,36,5,5,31,31,5,Train/5/00005_00025_00017.png
1,16648,130,136,12,11,119,125,10,Train/10/00010_00053_00028.png
1,16252,48,48,5,6,43,43,10,Train/10/00010_00040_00022.png
1,37654,49,50,5,6,43,44,38,Train/38/00038_00055_00005.png
1,35627,36,38,6,6,31,33,36,Train/36/00036_00007_00018.png
1,17747,49,46,5,6,44,41,11,Train/11/00011_00023_00017.png
1,7172,35,34,6,5,30,29,4,Train/4/00004_00024_00002.png
1,29711,52,48,6,5,46,42,25,Train/25/00025_00041_00011.png
1,17048,34,29,5,6,29,24,11,Train/11/00011_00000_00008.png
1,38031,55,57,5,5,50,52,38,Train/38/00038_00067_00022.png
1,1477,33,41,5,5,28,36,1,Train/1/00001_00030_00007.png
1,32948,30,29,6,6,25,24,32,Train/32/00032_00003_00008.png
1,20101,38,37,5,5,33,32,12,Train/12/00012_00058_00001.png
1,15137,37,40,5,6,32,34,10,Train/10/00010_00003_00017.png
1,32880,28,28,6,6,23,23,32,Train/32/00032_00001_00000.png
1,4435,54,56,5,6,49,50,2,Train/2/00002_00054_00025.png
1,276,39,40,5,6,34,35,20,Train/20/00020_00009_00006.png
1,32096,112,104,10,10,103,95,31,Train/31/00031_00000_00026.png
1,16291,33,35,5,6,28,30,10,Train/10/00010_00042_00001.png
1,32785,74,69,7,7,67,63,31,Train/31/00031_00023_00025.png
1,6958,61,64,6,5,55,59,4,Train/4/00004_00016_00028.png
1,18304,34,34,5,5,29,29,11,Train/11/00011_00042_00004.png
1,20281,29,30,6,6,24,25,12,Train/12/00012_00064_00001.png
1,37982,33,35,6,6,28,30,38,Train/38/00038_00066_00003.png
1,27521,51,47,6,5,45,41,22,Train/22/00022_00007_00011.png
1,21384,77,70,7,6,71,64,13,Train/13/00013_00030_00024.png
1,37735,83,93,7,9,76,85,38,Train/38/00038_00057_00026.png
1,18412,58,54,6,5,52,49,12,Train/12/00012_00001_00022.png
1,31122,58,52,5,6,53,47,28,Train/28/00028_00010_00012.png
1,30147,63,56,5,6,58,51,26,Train/26/00026_00005_00027.png
1,33902,54,53,6,6,48,48,34,Train/34/00034_00004_00003.png
1,29661,63,57,6,6,58,52,25,Train/25/00025_00039_00021.png
1,32601,100,92,8,9,92,84,31,Train/31/00031_00017_00021.png
1,4729,41,41,5,6,36,36,2,Train/2/00002_00064_00019.png
1,8087,57,58,6,5,52,53,4,Train/4/00004_00054_00017.png
1,6821,35,36,5,6,30,30,4,Train/4/00004_00012_00011.png
1,14403,47,48,5,5,42,43,9,Train/9/00009_00028_00003.png
1,32025,40,35,5,5,35,30,30,Train/30/00030_00013_00015.png
1,4253,42,39,6,5,36,33,2,Train/2/00002_00048_00023.png
1,36847,29,29,6,6,24,24,38,Train/38/00038_00028_00008.png
1,22893,28,31,5,5,23,26,14,Train/14/00014_00009_00003.png
1,5790,28,31,5,6,23,26,3,Train/3/00003_00025_00000.png
1,1920,41,41,6,6,36,36,1,Train/1/00001_00045_00000.png
1,31395,54,51,5,5,49,45,29,Train/29/00029_00001_00015.png
1,10028,31,31,5,5,26,26,5,Train/5/00005_00053_00008.png
1,22891,28,30,5,5,23,25,14,Train/14/00014_00009_00001.png
1,9029,80,75,7,7,73,69,5,Train/5/00005_00019_00029.png
1,18756,30,30,6,6,25,25,12,Train/12/00012_00013_00006.png
1,4283,49,50,6,6,44,45,2,Train/2/00002_00049_00023.png
1,19674,57,57,5,5,52,52,12,Train/12/00012_00043_00024.png
1,28853,95,89,8,8,87,81,25,Train/25/00025_00012_00023.png
1,15836,48,48,6,6,43,43,10,Train/10/00010_00026_00026.png
1,11091,41,43,5,6,36,38,7,Train/7/00007_00012_00021.png
1,26450,64,58,6,6,59,53,18,Train/18/00018_00029_00020.png
1,38608,100,112,8,10,92,103,40,Train/40/00040_00007_00029.png
1,20303,65,71,6,7,60,65,12,Train/12/00012_00064_00023.png
1,8444,39,41,5,6,34,36,5,Train/5/00005_00000_00014.png
1,19581,71,71,7,7,65,65,12,Train/12/00012_00040_00021.png
1,14419,62,63,5,5,57,58,9,Train/9/00009_00028_00019.png
1,31148,41,39,5,5,36,34,28,Train/28/00028_00011_00008.png
1,28924,36,35,6,6,31,29,25,Train/25/00025_00015_00004.png
1,7256,57,56,6,6,52,51,4,Train/4/00004_00026_00026.png
1,11997,77,75,7,6,71,69,7,Train/7/00007_00042_00027.png
1,24646,42,43,6,6,36,38,17,Train/17/00017_00006_00016.png
1,10481,32,33,5,5,27,28,6,Train/6/00006_00006_00011.png
1,3230,46,47,5,6,41,42,2,Train/2/00002_00014_00020.png
1,34644,64,65,5,6,59,59,35,Train/35/00035_00014_00025.png
1,15301,32,32,6,6,27,27,10,Train/10/00010_00009_00001.png
1,11393,72,71,7,7,66,65,7,Train/7/00007_00022_00023.png
1,15497,43,43,6,6,38,38,10,Train/10/00010_00015_00017.png
1,14426,98,97,8,9,90,89,9,Train/9/00009_00028_00026.png
1,26868,50,47,6,5,45,42,19,Train/19/00019_00003_00018.png
1,34949,30,29,6,5,25,24,35,Train/35/00035_00025_00000.png
1,15749,57,59,5,6,52,54,10,Train/10/00010_00023_00029.png
1,28915,83,76,7,7,76,69,25,Train/25/00025_00014_00025.png
1,24766,38,38,6,6,32,32,17,Train/17/00017_00010_00016.png
1,24962,35,35,5,5,30,30,17,Train/17/00017_00017_00002.png
1,19897,35,36,6,6,30,31,12,Train/12/00012_00051_00007.png
1,135,37,37,6,6,32,32,20,Train/20/00020_00004_00015.png
1,12841,32,33,5,6,27,28,8,Train/8/00008_00023_00001.png
1,1482,37,49,5,6,31,43,1,Train/1/00001_00030_00012.png
1,35838,55,55,6,5,50,50,37,Train/37/00037_00001_00019.png
1,18384,53,59,6,5,47,53,12,Train/12/00012_00000_00024.png
1,36296,63,70,5,7,58,64,38,Train/38/00038_00009_00027.png
1,5802,36,37,5,6,31,32,3,Train/3/00003_00025_00012.png
1,21897,118,104,10,9,108,95,13,Train/13/00013_00047_00027.png
1,38535,76,75,7,7,70,69,40,Train/40/00040_00005_00016.png
1,7704,53,53,5,5,48,48,4,Train/4/00004_00041_00024.png
1,25131,59,61,5,6,54,56,17,Train/17/00017_00022_00021.png
1,27405,53,47,6,5,48,42,22,Train/22/00022_00003_00015.png
1,5413,37,39,5,6,32,33,3,Train/3/00003_00012_00013.png
1,24840,26,34,5,5,21,29,17,Train/17/00017_00013_00000.png
1,33205,71,76,6,6,65,70,33,Train/33/00033_00003_00025.png
1,19952,42,36,6,5,37,31,12,Train/12/00012_00053_00002.png
1,3702,40,35,6,5,35,30,2,Train/2/00002_00030_00012.png
1,24434,56,54,6,5,50,49,16,Train/16/00016_00013_00014.png
1,6391,29,28,6,5,24,23,3,Train/3/00003_00045_00001.png
1,16114,30,26,5,5,25,21,10,Train/10/00010_00036_00004.png
1,12642,37,38,5,5,32,33,8,Train/8/00008_00016_00012.png
1,30475,55,50,6,5,50,45,26,Train/26/00026_00016_00025.png
1,15420,35,35,6,6,30,30,10,Train/10/00010_00013_00000.png
1,33595,54,61,6,6,49,56,33,Train/33/00033_00016_00025.png
1,9774,58,64,5,6,52,58,5,Train/5/00005_00044_00024.png
1,83,63,59,6,5,58,54,20,Train/20/00020_00002_00023.png
1,14473,34,35,5,5,29,29,9,Train/9/00009_00030_00013.png
1,4769,171,171,15,14,157,156,2,Train/2/00002_00065_00029.png
1,35042,28,30,5,6,23,24,35,Train/35/00035_00028_00003.png
1,13997,48,49,5,5,43,44,9,Train/9/00009_00014_00017.png
1,21757,41,39,6,6,36,34,13,Train/13/00013_00043_00007.png
1,33559,39,44,6,5,33,39,33,Train/33/00033_00015_00019.png
1,32473,38,38,6,5,32,33,31,Train/31/00031_00013_00013.png
1,22096,99,93,9,8,90,85,13,Train/13/00013_00054_00016.png
1,35778,60,62,5,5,55,57,36,Train/36/00036_00012_00019.png
1,32683,42,38,6,6,37,33,31,Train/31/00031_00020_00013.png
1,18573,33,33,6,5,28,28,12,Train/12/00012_00007_00003.png
1,19198,80,80,7,7,73,73,12,Train/12/00012_00027_00028.png
1,34726,51,53,5,5,46,48,35,Train/35/00035_00017_00017.png
1,4394,38,37,6,5,33,32,2,Train/2/00002_00053_00014.png
1,20258,32,33,6,6,27,28,12,Train/12/00012_00063_00008.png
1,457,31,33,6,6,26,28,0,Train/0/00000_00003_00007.png
1,27472,54,52,6,6,49,47,22,Train/22/00022_00005_00022.png
1,22472,36,33,6,5,31,28,13,Train/13/00013_00067_00002.png
1,623,55,54,6,6,49,49,1,Train/1/00001_00001_00023.png
1,10873,47,46,6,5,42,41,7,Train/7/00007_00005_00013.png
1,29057,71,64,7,5,65,59,25,Train/25/00025_00019_00017.png
1,20092,48,49,6,5,43,44,12,Train/12/00012_00057_00022.png
1,29815,84,81,7,8,77,74,25,Train/25/00025_00044_00025.png
1,18092,51,55,5,6,46,50,11,Train/11/00011_00035_00002.png
1,38202,38,39,5,5,33,34,39,Train/39/00039_00004_00013.png
1,21403,36,33,6,6,31,28,13,Train/13/00013_00031_00013.png
1,33519,38,38,6,5,33,33,33,Train/33/00033_00014_00009.png
1,7379,131,123,11,11,120,113,4,Train/4/00004_00030_00029.png
1,30339,33,30,6,6,28,25,26,Train/26/00026_00012_00009.png
1,34722,45,47,5,6,40,42,35,Train/35/00035_00017_00013.png
1,15424,38,38,6,6,33,33,10,Train/10/00010_00013_00004.png
1,22462,55,51,6,6,50,46,13,Train/13/00013_00066_00022.png
1,21013,45,44,6,5,40,39,13,Train/13/00013_00018_00013.png
1,6409,50,51,5,6,45,46,3,Train/3/00003_00045_00019.png
1,14322,36,37,5,6,31,32,9,Train/9/00009_00025_00012.png
1,22819,54,57,5,6,49,52,14,Train/14/00014_00006_00019.png
1,28643,72,64,6,6,65,58,25,Train/25/00025_00005_00023.png
1,3118,101,96,8,8,92,87,2,Train/2/00002_00010_00028.png
1,29665,94,85,9,8,86,78,25,Train/25/00025_00039_00025.png
1,30956,71,63,7,6,64,58,28,Train/28/00028_00004_00026.png
1,15602,31,30,6,5,26,25,10,Train/10/00010_00019_00002.png
1,29867,55,55,5,6,50,50,25,Train/25/00025_00046_00017.png
1,33242,65,66,6,6,60,60,33,Train/33/00033_00005_00002.png
1,10210,33,32,5,5,28,27,5,Train/5/00005_00059_00010.png
1,36392,27,29,5,6,22,24,38,Train/38/00038_00013_00003.png
1,30735,39,37,5,6,33,32,27,Train/27/00027_00005_00015.png
1,18343,42,41,6,6,37,36,11,Train/11/00011_00043_00013.png
1,23958,107,128,10,12,97,117,15,Train/15/00015_00018_00018.png
1,26120,82,73,8,7,75,67,18,Train/18/00018_00018_00020.png
1,2156,83,84,7,8,76,77,1,Train/1/00001_00052_00026.png
1,9714,61,62,5,5,56,57,5,Train/5/00005_00042_00024.png
1,8030,42,42,6,6,36,36,4,Train/4/00004_00052_00020.png
1,20079,45,47,6,5,40,41,12,Train/12/00012_00057_00009.png
1,21277,32,33,5,6,27,28,13,Train/13/00013_00027_00007.png
1,36826,32,33,6,6,27,28,38,Train/38/00038_00027_00017.png
1,18785,36,35,6,5,31,30,12,Train/12/00012_00014_00005.png
1,21813,74,74,6,6,68,68,13,Train/13/00013_00045_00003.png
1,26481,57,56,5,6,52,51,18,Train/18/00018_00030_00021.png
1,22588,161,144,14,13,148,132,13,Train/13/00013_00070_00028.png
1,19824,75,77,7,7,69,71,12,Train/12/00012_00048_00024.png
1,26580,33,29,6,5,28,24,18,Train/18/00018_00034_00000.png
1,37635,41,41,6,5,35,36,38,Train/38/00038_00054_00016.png
1,33169,53,53,5,5,48,47,33,Train/33/00033_00002_00019.png
1,32959,41,43,5,6,35,37,32,Train/32/00032_00003_00019.png
1,5054,38,37,6,5,33,32,3,Train/3/00003_00000_00014.png
1,1576,41,41,6,6,36,36,1,Train/1/00001_00033_00016.png
1,6601,44,42,6,5,38,37,4,Train/4/00004_00005_00001.png
1,14333,57,57,5,5,52,52,9,Train/9/00009_00025_00023.png
1,31098,56,49,6,5,51,44,28,Train/28/00028_00009_00018.png
1,12521,40,39,6,5,35,34,8,Train/8/00008_00012_00011.png
1,4932,30,30,6,6,25,25,2,Train/2/00002_00071_00012.png
1,30400,64,57,6,5,59,52,26,Train/26/00026_00014_00010.png
1,16261,27,26,6,5,22,21,10,Train/10/00010_00041_00001.png
1,8763,34,36,5,5,29,30,5,Train/5/00005_00011_00003.png
1,22339,63,57,6,6,58,52,13,Train/13/00013_00062_00019.png
1,38299,81,84,8,8,73,77,39,Train/39/00039_00007_00020.png
1,14332,54,53,6,5,49,48,9,Train/9/00009_00025_00022.png
1,38171,36,36,5,5,30,30,39,Train/39/00039_00003_00012.png
1,10044,53,51,6,5,48,46,5,Train/5/00005_00053_00024.png
1,35073,41,38,6,5,36,33,35,Train/35/00035_00029_00004.png
1,33857,46,44,6,6,41,38,34,Train/34/00034_00002_00018.png
1,18514,47,45,5,5,42,40,12,Train/12/00012_00005_00004.png
1,13890,31,33,6,6,26,28,9,Train/9/00009_00011_00000.png
1,37597,32,33,5,6,27,28,38,Train/38/00038_00053_00008.png
1,8852,30,29,6,5,25,24,5,Train/5/00005_00014_00002.png
1,4654,35,36,5,5,30,30,2,Train/2/00002_00062_00004.png
1,15171,40,41,5,5,35,36,10,Train/10/00010_00004_00021.png
1,6600,43,42,6,5,38,37,4,Train/4/00004_00005_00000.png
1,15680,56,56,5,5,51,51,10,Train/10/00010_00021_00020.png
1,35112,35,33,6,5,29,28,35,Train/35/00035_00030_00013.png
1,36707,48,49,6,6,43,44,38,Train/38/00038_00023_00018.png
1,26816,102,90,9,8,93,82,19,Train/19/00019_00001_00026.png
1,8348,29,30,5,6,24,25,4,Train/4/00004_00063_00008.png
1,36068,41,39,6,5,35,34,38,Train/38/00038_00002_00009.png
1,23116,64,63,5,5,59,58,14,Train/14/00014_00016_00016.png
1,19385,57,56,6,5,52,51,12,Train/12/00012_00034_00005.png
1,3635,32,34,5,6,27,29,2,Train/2/00002_00028_00005.png
1,23596,40,39,6,6,35,34,15,Train/15/00015_00006_00016.png
1,14168,30,30,6,5,25,25,9,Train/9/00009_00020_00008.png
1,32881,28,27,6,5,23,22,32,Train/32/00032_00001_00001.png
1,11405,29,30,5,6,24,25,7,Train/7/00007_00023_00005.png
1,23519,51,53,5,5,46,48,15,Train/15/00015_00003_00029.png
1,16285,60,60,6,6,55,55,10,Train/10/00010_00041_00025.png
1,7679,71,72,7,7,65,66,4,Train/4/00004_00040_00029.png
1,13524,69,70,6,7,63,64,8,Train/8/00008_00045_00024.png
1,15248,36,38,5,6,31,33,10,Train/10/00010_00007_00008.png
1,8969,116,115,11,10,106,105,5,Train/5/00005_00017_00029.png
1,1225,54,54,6,5,49,49,1,Train/1/00001_00021_00025.png
1,8287,33,33,5,5,28,28,4,Train/4/00004_00061_00007.png
1,8289,33,34,5,6,28,29,4,Train/4/00004_00061_00009.png
1,13355,31,31,5,5,26,26,8,Train/8/00008_00040_00005.png
1,20808,54,61,6,6,49,56,13,Train/13/00013_00011_00018.png
1,15162,31,32,5,6,26,27,10,Train/10/00010_00004_00012.png
1,18187,52,47,5,5,47,42,11,Train/11/00011_00038_00007.png
1,36611,38,39,6,6,33,34,38,Train/38/00038_00020_00012.png
1,13922,30,31,6,6,25,26,9,Train/9/00009_00012_00002.png
1,31052,59,53,6,6,54,48,28,Train/28/00028_00008_00002.png
1,1610,51,52,5,6,46,47,1,Train/1/00001_00034_00020.png
1,1295,26,29,5,6,21,24,1,Train/1/00001_00024_00005.png
1,13505,33,34,5,6,28,29,8,Train/8/00008_00045_00005.png
1,1682,27,26,6,5,22,21,1,Train/1/00001_00037_00002.png
1,31618,140,124,12,10,128,114,29,Train/29/00029_00008_00028.png
1,38823,41,41,6,5,36,36,41,Train/41/00041_00003_00004.png
1,369,36,36,6,5,30,30,0,Train/0/00000_00000_00009.png
1,30046,37,37,5,6,32,32,26,Train/26/00026_00002_00016.png
1,26243,101,101,9,9,93,93,18,Train/18/00018_00022_00023.png
1,14348,58,57,5,6,53,51,9,Train/9/00009_00026_00008.png
1,16159,40,39,6,6,35,34,10,Train/10/00010_00037_00019.png
1,9979,46,47,5,5,41,41,5,Train/5/00005_00051_00019.png
1,1826,68,69,6,6,62,63,1,Train/1/00001_00041_00026.png
1,13428,41,40,6,5,36,35,8,Train/8/00008_00042_00018.png
1,33274,28,30,5,6,23,25,33,Train/33/00033_00006_00004.png
1,22335,45,45,5,6,40,40,13,Train/13/00013_00062_00015.png
1,17118,123,110,11,9,113,101,11,Train/11/00011_00002_00018.png
1,29023,42,39,6,6,37,34,25,Train/25/00025_00018_00013.png
1,22157,56,53,5,5,51,47,13,Train/13/00013_00056_00017.png
1,33707,51,50,6,5,46,45,33,Train/33/00033_00020_00018.png
1,11072,29,29,5,5,23,23,7,Train/7/00007_00012_00002.png
1,19498,130,131,11,12,119,120,12,Train/12/00012_00037_00028.png
1,30878,50,44,6,6,45,39,28,Train/28/00028_00002_00008.png
1,5602,60,59,6,5,55,54,3,Train/3/00003_00018_00022.png
1,4679,115,125,10,11,105,115,2,Train/2/00002_00062_00029.png
1,581,63,62,5,5,57,57,1,Train/1/00001_00000_00011.png
1,34249,43,43,6,6,38,38,35,Train/35/00035_00001_00020.png
1,26949,42,38,5,5,37,33,19,Train/19/00019_00006_00009.png
1,18323,80,74,8,6,73,68,11,Train/11/00011_00042_00023.png
1,20653,40,36,6,6,35,31,13,Train/13/00013_00006_00013.png
1,33981,35,38,5,5,30,33,34,Train/34/00034_00006_00022.png
1,24163,35,35,5,5,30,30,16,Train/16/00016_00004_00013.png
1,13879,59,59,6,6,54,54,9,Train/9/00009_00010_00019.png
1,6087,74,79,6,7,68,72,3,Train/3/00003_00034_00027.png
1,22381,27,27,5,5,22,22,13,Train/13/00013_00064_00001.png
1,35071,41,40,6,6,35,34,35,Train/35/00035_00029_00002.png
1,12892,46,47,5,6,41,42,8,Train/8/00008_00024_00022.png
1,30690,40,36,6,5,35,31,27,Train/27/00027_00004_00000.png
1,12046,33,34,6,6,28,29,7,Train/7/00007_00044_00016.png
1,6903,30,31,5,6,25,26,4,Train/4/00004_00015_00003.png
1,14254,30,33,5,6,25,28,9,Train/9/00009_00023_00004.png
1,31978,131,128,11,11,120,117,30,Train/30/00030_00011_00028.png
1,16880,49,41,6,6,43,36,10,Train/10/00010_00061_00020.png
1,19421,39,39,5,5,34,34,12,Train/12/00012_00035_00011.png
1,16358,30,31,5,5,24,25,10,Train/10/00010_00044_00008.png
1,17694,68,59,6,6,62,54,11,Train/11/00011_00021_00024.png
1,21867,96,92,8,8,88,84,13,Train/13/00013_00046_00027.png
1,22712,43,44,5,5,38,38,14,Train/14/00014_00003_00002.png
1,24310,33,33,5,5,28,28,16,Train/16/00016_00009_00010.png
1,37062,36,37,6,6,31,32,38,Train/38/00038_00035_00013.png
1,27511,38,33,6,6,32,28,22,Train/22/00022_00007_00001.png
1,1955,44,43,6,5,39,38,1,Train/1/00001_00046_00005.png
1,29680,40,39,5,6,35,34,25,Train/25/00025_00040_00010.png
1,4447,32,33,5,6,26,27,2,Train/2/00002_00055_00007.png
1,5990,45,47,6,5,40,42,3,Train/3/00003_00031_00020.png
1,24273,57,58,5,6,52,53,16,Train/16/00016_00008_00003.png
1,32312,35,36,5,6,30,31,31,Train/31/00031_00008_00002.png
1,7695,38,39,5,6,33,34,4,Train/4/00004_00041_00015.png
1,29265,47,45,5,5,42,40,25,Train/25/00025_00026_00015.png
1,13846,44,44,6,5,39,39,9,Train/9/00009_00009_00016.png
1,26974,38,38,6,6,33,33,21,Train/21/00021_00000_00004.png
1,10249,35,38,5,5,29,33,5,Train/5/00005_00060_00019.png
1,3606,30,30,6,6,25,25,2,Train/2/00002_00027_00006.png
1,32611,35,34,5,6,30,29,31,Train/31/00031_00018_00001.png
1,2145,41,42,6,6,36,37,1,Train/1/00001_00052_00015.png
1,9813,30,31,5,5,25,26,5,Train/5/00005_00046_00003.png
1,8723,69,69,7,7,63,63,5,Train/5/00005_00009_00023.png
1,7286,52,53,5,6,47,48,4,Train/4/00004_00027_00026.png
1,13690,32,33,5,6,27,28,9,Train/9/00009_00004_00010.png
1,22838,42,41,6,6,37,36,14,Train/14/00014_00007_00008.png
1,7044,80,79,8,7,73,72,4,Train/4/00004_00019_00024.png
1,20237,49,49,5,5,44,44,12,Train/12/00012_00062_00017.png
1,35060,48,50,5,6,43,45,35,Train/35/00035_00028_00021.png
1,25389,34,35,5,5,28,30,17,Train/17/00017_00031_00009.png
1,33077,38,37,5,5,32,32,32,Train/32/00032_00007_00017.png
1,21872,61,53,5,5,56,48,13,Train/13/00013_00047_00002.png
1,13925,32,33,6,6,26,27,9,Train/9/00009_00012_00005.png
1,9332,28,29,5,6,23,24,5,Train/5/00005_00030_00002.png
1,30368,35,34,6,5,30,28,26,Train/26/00026_00013_00008.png
1,25938,40,42,6,6,35,37,18,Train/18/00018_00012_00018.png
1,5931,45,44,6,5,40,39,3,Train/3/00003_00029_00021.png
1,31159,51,47,6,6,46,42,28,Train/28/00028_00011_00019.png
1,38282,56,57,6,5,51,52,39,Train/39/00039_00007_00003.png
1,18544,33,32,5,5,28,26,12,Train/12/00012_00006_00004.png
1,511,29,27,6,5,24,22,0,Train/0/00000_00005_00001.png
1,23792,32,33,6,5,26,27,15,Train/15/00015_00013_00002.png
1,11263,34,35,5,5,29,30,7,Train/7/00007_00018_00013.png
1,25613,76,69,7,7,70,63,18,Train/18/00018_00001_00023.png
1,27257,54,51,6,6,49,46,21,Train/21/00021_00009_00017.png
1,34361,33,33,6,6,28,28,35,Train/35/00035_00005_00012.png
1,9783,28,27,5,5,23,22,5,Train/5/00005_00045_00003.png
1,4476,33,33,5,5,28,27,2,Train/2/00002_00056_00006.png
1,8375,30,29,6,6,25,24,4,Train/4/00004_00064_00005.png
1,9527,42,40,6,5,37,35,5,Train/5/00005_00036_00017.png
1,8362,49,48,6,5,44,43,4,Train/4/00004_00063_00022.png
1,38137,51,57,6,6,46,51,39,Train/39/00039_00002_00008.png
1,1551,62,64,5,6,56,58,1,Train/1/00001_00032_00021.png
1,16755,44,42,6,6,39,37,10,Train/10/00010_00057_00015.png
1,11729,140,141,12,13,127,129,7,Train/7/00007_00033_00029.png
1,3445,49,50,5,5,44,45,2,Train/2/00002_00021_00025.png
1,15154,28,28,5,5,23,23,10,Train/10/00010_00004_00004.png
1,3737,38,40,6,5,33,35,2,Train/2/00002_00031_00017.png
1,19641,95,95,8,8,87,87,12,Train/12/00012_00042_00021.png
1,2888,53,51,5,5,47,46,2,Train/2/00002_00003_00008.png
1,36703,38,38,5,5,33,33,38,Train/38/00038_00023_00014.png
1,24303,28,31,5,6,23,26,16,Train/16/00016_00009_00003.png
1,32232,38,39,5,5,33,34,31,Train/31/00031_00005_00012.png
1,27901,35,30,6,5,30,25,23,Train/23/00023_00007_00001.png
1,2611,28,28,6,6,23,23,1,Train/1/00001_00068_00001.png
1,27829,48,44,6,6,43,39,23,Train/23/00023_00004_00019.png
1,18467,49,49,5,6,44,44,12,Train/12/00012_00003_00017.png
1,23207,77,81,7,7,70,73,14,Train/14/00014_00019_00017.png
1,2066,76,76,7,7,70,70,1,Train/1/00001_00049_00026.png
1,21113,67,60,6,6,61,55,13,Train/13/00013_00021_00023.png
1,29762,37,34,6,5,32,29,25,Train/25/00025_00043_00002.png
1,36205,74,94,7,8,68,86,38,Train/38/00038_00006_00026.png
1,7399,37,36,6,5,32,31,4,Train/4/00004_00031_00019.png
1,25117,38,39,5,5,33,34,17,Train/17/00017_00022_00007.png
1,20184,68,69,6,7,62,63,12,Train/12/00012_00060_00024.png
1,17035,42,41,6,5,37,36,10,Train/10/00010_00066_00025.png
1,14079,32,35,5,5,27,30,9,Train/9/00009_00017_00009.png
1,35558,35,36,5,6,30,31,36,Train/36/00036_00005_00009.png
1,16683,31,31,6,6,26,26,10,Train/10/00010_00055_00003.png
1,4229,48,51,5,6,43,46,2,Train/2/00002_00047_00029.png
1,37641,53,56,5,5,48,51,38,Train/38/00038_00054_00022.png
1,34854,74,74,6,7,68,68,35,Train/35/00035_00021_00025.png
1,11204,47,47,6,6,42,42,7,Train/7/00007_00016_00014.png
1,6148,83,86,8,7,76,79,3,Train/3/00003_00036_00028.png
1,11615,28,27,5,5,23,22,7,Train/7/00007_00030_00005.png
1,15827,37,37,5,5,32,32,10,Train/10/00010_00026_00017.png
1,796,71,69,6,6,65,62,1,Train/1/00001_00007_00016.png
1,26090,53,49,6,6,48,44,18,Train/18/00018_00017_00020.png
1,32706,34,34,5,5,29,29,31,Train/31/00031_00021_00006.png
1,26618,34,31,5,5,29,26,18,Train/18/00018_00035_00008.png
1,33955,52,60,5,6,47,54,34,Train/34/00034_00005_00026.png
1,5519,44,44,6,6,39,39,3,Train/3/00003_00015_00029.png
1,17388,67,60,6,6,61,55,11,Train/11/00011_00011_00018.png
1,37083,49,46,6,5,44,41,38,Train/38/00038_00036_00004.png
1,35803,41,42,5,6,36,37,37,Train/37/00037_00000_00014.png
1,6098,32,34,5,5,26,28,3,Train/3/00003_00035_00008.png
1,7323,31,31,5,5,26,26,4,Train/4/00004_00029_00003.png
1,8894,44,43,6,5,39,38,5,Train/5/00005_00015_00014.png
1,20322,55,55,6,5,50,50,12,Train/12/00012_00065_00012.png
1,16392,44,44,5,5,39,39,10,Train/10/00010_00045_00012.png
1,22483,40,37,6,6,35,32,13,Train/13/00013_00067_00013.png
1,10869,40,41,6,6,35,35,7,Train/7/00007_00005_00009.png
1,35808,44,44,5,6,39,38,37,Train/37/00037_00000_00019.png
1,12577,36,38,5,6,31,33,8,Train/8/00008_00014_00007.png
1,15881,38,38,6,6,33,33,10,Train/10/00010_00028_00011.png
1,35757,100,99,9,8,92,91,36,Train/36/00036_00011_00028.png
1,7592,32,32,5,5,27,27,4,Train/4/00004_00038_00002.png
1,11006,44,44,6,5,39,39,7,Train/7/00007_00009_00026.png
1,25821,82,73,7,7,75,67,18,Train/18/00018_00008_00021.png
1,36291,53,53,5,5,48,48,38,Train/38/00038_00009_00022.png
1,15488,34,34,6,5,29,29,10,Train/10/00010_00015_00008.png
1,31494,75,70,7,6,69,64,29,Train/29/00029_00004_00024.png
1,8088,59,61,6,6,54,56,4,Train/4/00004_00054_00018.png
1,34788,39,39,6,5,34,34,35,Train/35/00035_00019_00019.png
1,26875,86,74,8,7,78,67,19,Train/19/00019_00003_00025.png
1,37418,28,28,5,6,23,23,38,Train/38/00038_00047_00009.png
1,19947,158,160,13,13,145,146,12,Train/12/00012_00052_00027.png
1,26766,73,62,6,6,67,57,19,Train/19/00019_00000_00006.png
1,1569,33,34,5,5,28,29,1,Train/1/00001_00033_00009.png
1,1474,32,38,5,5,27,33,1,Train/1/00001_00030_00004.png
1,22379,106,97,9,9,97,89,13,Train/13/00013_00063_00029.png
1,22264,39,36,5,6,33,31,13,Train/13/00013_00060_00004.png
1,18819,40,42,5,5,35,37,12,Train/12/00012_00015_00009.png
1,25326,30,32,6,6,25,27,17,Train/17/00017_00029_00006.png
1,20444,60,63,5,5,55,58,12,Train/12/00012_00069_00014.png
1,31980,31,31,6,5,26,26,30,Train/30/00030_00012_00000.png
1,37015,70,75,6,6,64,69,38,Train/38/00038_00033_00026.png
1,23337,87,88,7,7,80,81,14,Train/14/00014_00023_00027.png
1,14485,54,55,5,5,48,49,9,Train/9/00009_00030_00025.png
1,1747,39,38,5,5,34,33,1,Train/1/00001_00039_00007.png
1,35076,42,41,5,6,36,36,35,Train/35/00035_00029_00007.png
1,23915,34,36,5,6,29,30,15,Train/15/00015_00017_00005.png
1,33881,59,60,5,5,53,55,34,Train/34/00034_00003_00012.png
1,15290,50,51,5,6,45,46,10,Train/10/00010_00008_00020.png
1,21616,59,53,6,6,54,48,13,Train/13/00013_00038_00016.png
1,28442,36,39,5,5,31,34,24,Train/24/00024_00008_00002.png
1,10607,41,42,6,5,36,37,6,Train/6/00006_00010_00017.png
1,26813,74,66,6,6,68,60,19,Train/19/00019_00001_00023.png
1,17127,191,168,17,14,175,154,11,Train/11/00011_00002_00027.png
1,26125,99,87,9,8,91,80,18,Train/18/00018_00018_00025.png
1,24960,33,33,6,5,28,28,17,Train/17/00017_00017_00000.png
1,14544,69,69,7,7,63,63,9,Train/9/00009_00032_00024.png
1,34100,44,53,6,6,39,48,34,Train/34/00034_00010_00021.png
1,34529,28,30,5,6,23,25,35,Train/35/00035_00011_00000.png
1,16297,37,37,6,5,32,32,10,Train/10/00010_00042_00007.png
1,29806,53,50,6,6,48,45,25,Train/25/00025_00044_00016.png
1,11539,41,42,5,5,35,36,7,Train/7/00007_00027_00019.png
1,13094,35,36,5,5,29,30,8,Train/8/00008_00031_00014.png
1,35823,32,31,6,5,27,26,37,Train/37/00037_00001_00004.png
1,26525,49,50,5,6,44,45,18,Train/18/00018_00032_00005.png
1,30663,42,44,5,6,37,39,27,Train/27/00027_00003_00003.png
1,7016,70,74,7,7,64,68,4,Train/4/00004_00018_00026.png
1,1899,36,37,5,6,31,32,1,Train/1/00001_00044_00009.png
1,26429,94,109,9,10,86,100,18,Train/18/00018_00028_00029.png
1,4686,31,31,6,5,26,26,2,Train/2/00002_00063_00006.png
1,30083,78,74,7,7,71,68,26,Train/26/00026_00003_00023.png
1,4385,32,32,5,6,27,27,2,Train/2/00002_00053_00005.png
1,16658,36,36,6,6,31,31,10,Train/10/00010_00054_00008.png
1,28635,47,44,6,6,42,39,25,Train/25/00025_00005_00015.png
1,10904,46,45,6,5,41,40,7,Train/7/00007_00006_00014.png
1,28522,130,111,12,9,118,102,25,Train/25/00025_00001_00022.png
1,19246,54,52,6,6,49,47,12,Train/12/00012_00029_00016.png
1,7789,42,44,5,6,37,39,4,Train/4/00004_00044_00019.png
1,19688,36,37,5,6,31,32,12,Train/12/00012_00044_00008.png
1,31782,44,40,6,5,39,35,30,Train/30/00030_00005_00012.png
1,31558,105,93,10,8,95,84,29,Train/29/00029_00006_00028.png
1,2187,93,110,9,10,85,101,1,Train/1/00001_00053_00027.png
1,28907,55,52,5,6,50,47,25,Train/25/00025_00014_00017.png
1,12227,39,40,5,6,34,34,8,Train/8/00008_00002_00017.png
1,39031,29,29,6,6,24,24,42,Train/42/00042_00002_00002.png
1,1145,30,31,5,5,25,26,1,Train/1/00001_00019_00005.png
1,27755,40,36,6,6,35,31,23,Train/23/00023_00002_00005.png
1,14175,30,30,6,5,25,25,9,Train/9/00009_00020_00015.png
1,422,27,28,5,6,22,23,0,Train/0/00000_00002_00002.png
1,35619,32,33,6,6,27,28,36,Train/36/00036_00007_00010.png
1,12158,38,39,5,5,33,34,8,Train/8/00008_00000_00008.png
1,31832,37,38,6,6,32,33,30,Train/30/00030_00007_00002.png
1,20257,30,31,5,5,25,26,12,Train/12/00012_00063_00007.png
1,2925,39,38,6,5,33,33,2,Train/2/00002_00004_00015.png
1,36580,34,33,5,5,29,28,38,Train/38/00038_00019_00011.png
1,37594,31,31,5,5,25,25,38,Train/38/00038_00053_00005.png
1,33075,36,37,6,6,31,32,32,Train/32/00032_00007_00015.png
1,7505,32,33,6,6,27,28,4,Train/4/00004_00035_00005.png
1,32548,89,81,8,7,81,73,31,Train/31/00031_00015_00028.png
1,15911,33,34,6,6,28,29,10,Train/10/00010_00029_00011.png
1,16450,34,33,6,5,29,28,10,Train/10/00010_00047_00010.png
1,27810,30,29,6,6,25,24,23,Train/23/00023_00004_00000.png
1,1931,50,50,6,6,45,45,1,Train/1/00001_00045_00011.png
1,27401,49,43,6,5,44,38,22,Train/22/00022_00003_00011.png
1,31554,71,64,6,6,65,59,29,Train/29/00029_00006_00024.png
1,20294,37,42,5,5,32,37,12,Train/12/00012_00064_00014.png
1,19492,84,85,7,8,77,78,12,Train/12/00012_00037_00022.png
1,6848,32,33,6,6,27,28,4,Train/4/00004_00013_00008.png
1,36885,44,44,5,5,39,39,38,Train/38/00038_00029_00016.png
1,17395,98,86,9,7,90,79,11,Train/11/00011_00011_00025.png
1,35247,42,50,5,6,36,45,35,Train/35/00035_00034_00028.png
1,8015,27,30,5,6,22,25,4,Train/4/00004_00052_00005.png
1,34074,63,65,5,6,58,60,34,Train/34/00034_00009_00025.png
1,35082,47,46,6,5,42,41,35,Train/35/00035_00029_00013.png
1,5660,43,44,6,6,38,39,3,Train/3/00003_00020_00020.png
1,35244,41,46,5,5,35,41,35,Train/35/00035_00034_00025.png
1,1221,45,47,6,6,39,41,1,Train/1/00001_00021_00021.png
1,12556,47,47,5,5,42,42,8,Train/8/00008_00013_00016.png
1,10776,41,45,5,6,36,40,7,Train/7/00007_00002_00006.png
1,4468,77,82,7,7,71,75,2,Train/2/00002_00055_00028.png
1,3193,35,36,6,5,30,30,2,Train/2/00002_00013_00013.png
1,6214,29,30,6,6,24,25,3,Train/3/00003_00039_00004.png
1,16901,33,35,5,6,28,30,10,Train/10/00010_00062_00011.png
1,13790,50,50,6,6,45,45,9,Train/9/00009_00007_00020.png
1,22092,85,82,7,8,77,74,13,Train/13/00013_00054_00012.png
1,16351,27,28,6,6,22,23,10,Train/10/00010_00044_00001.png
1,21720,35,31,5,5,30,26,13,Train/13/00013_00042_00000.png
1,22942,100,111,9,10,92,102,14,Train/14/00014_00010_00022.png
1,27582,43,40,5,6,38,35,22,Train/22/00022_00009_00012.png
1,31963,42,42,6,6,37,37,30,Train/30/00030_00011_00013.png
1,13476,31,34,5,6,26,29,8,Train/8/00008_00044_00006.png
1,6107,43,44,5,6,37,39,3,Train/3/00003_00035_00017.png
1,8255,32,32,5,5,27,27,4,Train/4/00004_00060_00005.png
1,14517,40,43,5,6,35,37,9,Train/9/00009_00031_00027.png
1,17877,123,107,10,10,113,98,11,Train/11/00011_00027_00027.png
1,23823,29,32,6,5,24,27,15,Train/15/00015_00014_00003.png
1,34060,38,38,6,6,33,33,34,Train/34/00034_00009_00011.png
1,4764,109,108,10,9,100,99,2,Train/2/00002_00065_00024.png
1,36477,74,88,7,8,68,80,38,Train/38/00038_00015_00028.png
1,17075,59,55,6,6,54,49,11,Train/11/00011_00001_00005.png
1,14661,64,64,6,6,59,59,9,Train/9/00009_00036_00021.png
1,38205,44,47,5,6,39,42,39,Train/39/00039_00004_00016.png
1,22050,37,37,5,5,32,32,13,Train/13/00013_00053_00000.png
1,5056,40,39,6,5,34,34,3,Train/3/00003_00000_00016.png
1,11463,29,29,5,5,24,24,7,Train/7/00007_00025_00003.png
1,4599,58,60,5,6,53,55,2,Train/2/00002_00060_00009.png
1,32732,28,28,5,5,23,23,31,Train/31/00031_00022_00002.png
1,27779,192,157,17,14,176,144,23,Train/23/00023_00002_00029.png
1,1270,39,36,6,5,34,31,1,Train/1/00001_00023_00010.png
1,32906,53,50,6,5,48,45,32,Train/32/00032_00001_00026.png
1,19669,42,41,6,5,37,36,12,Train/12/00012_00043_00019.png
1,3516,33,33,5,6,28,28,2,Train/2/00002_00024_00006.png
1,33490,49,49,6,6,44,44,33,Train/33/00033_00013_00010.png
1,13139,63,64,6,6,57,58,8,Train/8/00008_00032_00029.png
1,17083,71,70,7,7,65,63,11,Train/11/00011_00001_00013.png
1,34951,32,32,6,5,26,26,35,Train/35/00035_00025_00002.png
1,5797,32,33,6,6,27,28,3,Train/3/00003_00025_00007.png
1,28363,32,30,6,5,26,24,24,Train/24/00024_00005_00013.png
1,20073,43,44,5,5,38,39,12,Train/12/00012_00057_00003.png
1,32522,42,39,5,5,37,34,31,Train/31/00031_00015_00002.png
1,21061,36,33,5,5,30,27,13,Train/13/00013_00020_00001.png
1,34970,58,56,6,5,53,51,35,Train/35/00035_00025_00021.png
1,28079,59,57,5,5,54,52,23,Train/23/00023_00012_00029.png
1,14456,94,92,8,8,85,83,9,Train/9/00009_00029_00026.png
1,2821,27,27,6,6,22,22,2,Train/2/00002_00001_00001.png
1,18626,105,104,10,9,96,95,12,Train/12/00012_00008_00026.png
1,27666,37,34,6,6,32,29,22,Train/22/00022_00012_00006.png
1,14404,48,48,6,5,43,43,9,Train/9/00009_00028_00004.png
1,2136,32,33,6,5,27,28,1,Train/1/00001_00052_00006.png
1,4195,50,57,5,6,45,52,2,Train/2/00002_00046_00025.png
1,32772,38,37,6,6,32,32,31,Train/31/00031_00023_00012.png
1,9393,27,28,5,6,22,23,5,Train/5/00005_00032_00003.png
1,2836,41,40,6,5,36,35,2,Train/2/00002_00001_00016.png
1,12851,38,38,5,5,33,33,8,Train/8/00008_00023_00011.png
1,30771,55,53,5,6,50,48,27,Train/27/00027_00006_00021.png
1,1486,43,57,6,6,38,52,1,Train/1/00001_00030_00016.png
1,14828,39,40,5,5,33,35,9,Train/9/00009_00042_00008.png
1,15639,33,31,6,6,28,26,10,Train/10/00010_00020_00009.png
1,27057,72,61,7,5,66,56,21,Train/21/00021_00002_00027.png
1,33059,76,75,6,6,70,69,32,Train/32/00032_00006_00029.png
1,35884,32,32,6,6,26,26,37,Train/37/00037_00003_00005.png
1,6710,49,49,6,6,43,43,4,Train/4/00004_00008_00020.png
1,31069,98,88,9,8,90,80,28,Train/28/00028_00008_00019.png
1,7745,29,30,5,6,24,25,4,Train/4/00004_00043_00005.png
1,7200,35,33,6,6,30,28,4,Train/4/00004_00025_00000.png
1,12244,30,31,5,6,25,26,8,Train/8/00008_00003_00004.png
1,7024,36,35,6,5,31,30,4,Train/4/00004_00019_00004.png
1,23517,49,50,6,5,44,45,15,Train/15/00015_00003_00027.png
1,22605,45,45,5,6,40,39,13,Train/13/00013_00071_00015.png
1,28161,87,77,7,7,80,71,23,Train/23/00023_00015_00021.png
1,17732,35,29,6,5,30,24,11,Train/11/00011_00023_00002.png
1,35371,31,31,5,5,26,26,35,Train/35/00035_00039_00002.png
1,31635,50,43,6,6,45,38,30,Train/30/00030_00000_00015.png
1,18876,36,36,6,6,31,31,12,Train/12/00012_00017_00006.png
1,11050,40,40,5,5,35,35,7,Train/7/00007_00011_00010.png
1,33199,50,53,6,6,45,48,33,Train/33/00033_00003_00019.png
1,24065,41,45,6,6,36,40,16,Train/16/00016_00001_00005.png
1,32588,63,58,6,5,58,52,31,Train/31/00031_00017_00008.png
1,7829,63,61,5,5,58,56,4,Train/4/00004_00045_00029.png
1,14440,35,36,6,6,30,31,9,Train/9/00009_00029_00010.png
1,3580,37,39,6,6,32,34,2,Train/2/00002_00026_00010.png
1,35512,54,53,6,5,49,48,36,Train/36/00036_00003_00023.png
1,159,33,31,5,5,27,25,20,Train/20/00020_00005_00009.png
1,19327,35,37,6,5,30,32,12,Train/12/00012_00032_00007.png
1,28538,33,31,6,5,28,26,25,Train/25/00025_00002_00008.png
1,13465,56,55,6,6,51,50,8,Train/8/00008_00043_00025.png
1,22496,81,73,7,6,74,67,13,Train/13/00013_00067_00026.png
1,35623,34,35,6,6,29,30,36,Train/36/00036_00007_00014.png
1,7316,53,53,5,5,48,48,4,Train/4/00004_00028_00026.png
1,25451,29,30,5,5,24,25,17,Train/17/00017_00033_00011.png
1,1829,77,77,7,7,71,71,1,Train/1/00001_00041_00029.png
1,36120,29,28,6,5,24,23,38,Train/38/00038_00004_00001.png
1,38479,68,63,7,6,62,58,40,Train/40/00040_00003_00020.png
1,1303,28,26,5,5,22,21,1,Train/1/00001_00024_00013.png
1,26257,38,34,6,5,33,29,18,Train/18/00018_00023_00007.png
1,24016,40,39,6,5,35,34,15,Train/15/00015_00020_00016.png
1,23968,120,142,11,12,110,130,15,Train/15/00015_00018_00028.png
1,17737,37,34,5,5,32,29,11,Train/11/00011_00023_00007.png
1,1816,54,54,5,5,49,49,1,Train/1/00001_00041_00016.png
1,26954,48,45,5,5,43,40,19,Train/19/00019_00006_00014.png
1,26509,47,43,5,5,41,38,18,Train/18/00018_00031_00019.png
1,30378,43,42,5,5,38,37,26,Train/26/00026_00013_00018.png
1,35113,35,34,6,5,30,29,35,Train/35/00035_00030_00014.png
1,33713,78,75,7,7,71,69,33,Train/33/00033_00020_00024.png
1,38614,31,35,5,5,25,29,40,Train/40/00040_00008_00005.png
1,24768,40,40,5,6,34,35,17,Train/17/00017_00010_00018.png
1,29174,56,57,5,6,51,52,25,Train/25/00025_00023_00014.png
1,6247,32,32,6,5,27,27,3,Train/3/00003_00040_00007.png
1,38422,62,62,6,5,57,56,40,Train/40/00040_00001_00023.png
1,3810,26,29,5,6,21,24,2,Train/2/00002_00034_00000.png
1,30331,30,27,6,6,24,21,26,Train/26/00026_00012_00001.png
1,35419,54,53,6,6,48,48,36,Train/36/00036_00000_00020.png
1,143,42,42,5,5,37,37,20,Train/20/00020_00004_00023.png
1,485,59,63,5,5,54,58,0,Train/0/00000_00004_00005.png
1,19366,49,54,6,6,44,49,12,Train/12/00012_00033_00016.png
1,19846,41,41,6,5,36,36,12,Train/12/00012_00049_00016.png
1,33280,34,36,5,6,28,30,33,Train/33/00033_00006_00010.png
1,8679,36,35,6,5,31,30,5,Train/5/00005_00008_00009.png
1,13245,46,45,6,5,41,40,8,Train/8/00008_00036_00015.png
1,5313,30,29,6,5,25,24,3,Train/3/00003_00009_00003.png
1,4848,43,43,5,5,38,38,2,Train/2/00002_00068_00018.png
1,22642,100,99,8,8,92,91,14,Train/14/00014_00000_00022.png
1,29217,129,116,12,10,118,106,25,Train/25/00025_00024_00027.png
1,32386,40,36,6,6,35,31,31,Train/31/00031_00010_00016.png
1,7405,44,45,6,5,39,40,4,Train/4/00004_00031_00025.png
1,20903,106,94,10,8,97,86,13,Train/13/00013_00014_00023.png
1,19746,32,36,6,6,27,31,12,Train/12/00012_00046_00006.png
1,15261,58,57,6,5,53,52,10,Train/10/00010_00007_00021.png
1,11398,112,110,9,9,103,101,7,Train/7/00007_00022_00028.png
1,14318,34,34,6,6,29,29,9,Train/9/00009_00025_00008.png
1,33628,52,89,6,8,47,82,33,Train/33/00033_00017_00028.png
1,7567,33,34,5,6,28,29,4,Train/4/00004_00037_00007.png
1,18041,45,40,6,5,40,35,11,Train/11/00011_00033_00011.png
1,25625,38,38,5,6,33,32,18,Train/18/00018_00002_00005.png
1,10573,35,36,6,6,30,31,6,Train/6/00006_00009_00013.png
1,7777,32,31,6,5,27,26,4,Train/4/00004_00044_00007.png
1,17225,30,27,5,5,25,22,11,Train/11/00011_00006_00005.png
1,38541,93,88,9,7,85,81,40,Train/40/00040_00005_00022.png
1,27754,39,36,5,5,34,31,23,Train/23/00023_00002_00004.png
1,21472,82,72,7,7,74,66,13,Train/13/00013_00033_00022.png
1,35362,47,49,6,5,42,44,35,Train/35/00035_00038_00023.png
1,29161,42,41,6,5,37,36,25,Train/25/00025_00023_00001.png
1,29531,37,35,6,5,32,30,25,Train/25/00025_00035_00011.png
1,19231,40,39,5,6,34,33,12,Train/12/00012_00029_00001.png
1,288,45,44,6,5,40,39,20,Train/20/00020_00009_00018.png
1,1865,42,42,5,5,37,37,1,Train/1/00001_00043_00005.png
1,19766,56,56,6,6,51,51,12,Train/12/00012_00046_00026.png
1,21655,69,58,7,5,63,53,13,Train/13/00013_00039_00025.png
1,9888,47,47,6,6,42,42,5,Train/5/00005_00048_00018.png
1,9447,53,56,6,5,48,51,5,Train/5/00005_00033_00027.png
1,2797,37,33,5,5,32,28,2,Train/2/00002_00000_00007.png
1,19502,33,33,6,6,28,28,12,Train/12/00012_00038_00002.png
1,37520,37,39,6,6,32,34,38,Train/38/00038_00050_00021.png
1,2901,62,63,5,6,56,58,2,Train/2/00002_00003_00021.png
1,3363,33,34,5,6,28,29,2,Train/2/00002_00019_00003.png
1,21435,57,47,5,6,52,42,13,Train/13/00013_00032_00015.png
1,1450,40,41,5,5,35,36,1,Train/1/00001_00029_00010.png
1,7583,50,50,5,5,45,45,4,Train/4/00004_00037_00023.png
1,5567,54,56,5,5,49,51,3,Train/3/00003_00017_00017.png
1,14353,64,61,6,5,59,56,9,Train/9/00009_00026_00013.png
1,25443,27,28,6,5,22,23,17,Train/17/00017_00033_00003.png
1,17267,63,57,6,5,57,51,11,Train/11/00011_00007_00017.png
1,27003,33,33,5,6,28,28,21,Train/21/00021_00001_00003.png
1,31014,81,73,8,7,74,67,28,Train/28/00028_00006_00024.png
1,23220,38,41,5,6,33,36,14,Train/14/00014_00020_00000.png
1,6639,34,35,6,6,29,30,4,Train/4/00004_00006_00009.png
1,2669,125,124,11,10,115,114,1,Train/1/00001_00069_00029.png
1,29445,36,35,6,6,31,30,25,Train/25/00025_00032_00015.png
1,17441,50,47,6,5,45,42,11,Train/11/00011_00013_00011.png
1,24201,39,40,5,6,34,35,16,Train/16/00016_00005_00021.png
1,13678,70,68,6,6,63,61,9,Train/9/00009_00003_00028.png
1,5291,36,37,5,5,31,32,3,Train/3/00003_00008_00011.png
1,26539,71,71,6,6,65,65,18,Train/18/00018_00032_00019.png
1,173,51,48,5,5,46,43,20,Train/20/00020_00005_00023.png
1,27134,43,42,5,6,38,37,21,Train/21/00021_00005_00014.png
1,15496,44,44,6,6,39,39,10,Train/10/00010_00015_00016.png
1,6640,34,36,6,6,29,31,4,Train/4/00004_00006_00010.png
1,31426,51,47,5,6,46,42,29,Train/29/00029_00002_00016.png
1,2840,48,49,6,5,43,44,2,Train/2/00002_00001_00020.png
1,10551,39,43,5,5,34,38,6,Train/6/00006_00008_00021.png
1,3763,37,34,6,5,32,29,2,Train/2/00002_00032_00013.png
1,20264,35,37,5,5,30,32,12,Train/12/00012_00063_00014.png
1,31772,32,32,6,6,27,27,30,Train/30/00030_00005_00002.png
1,9998,34,34,5,5,29,29,5,Train/5/00005_00052_00008.png
1,38991,51,52,6,6,45,46,42,Train/42/00042_00000_00022.png
1,19258,88,83,8,7,81,76,12,Train/12/00012_00029_00028.png
1,28926,41,37,6,6,36,32,25,Train/25/00025_00015_00006.png
1,38319,35,37,5,6,29,31,39,Train/39/00039_00008_00010.png
1,4833,31,30,6,5,26,25,2,Train/2/00002_00068_00003.png
1,1443,35,36,6,6,29,31,1,Train/1/00001_00029_00003.png
1,11427,51,52,6,6,46,47,7,Train/7/00007_00023_00027.png
1,31893,43,42,6,5,38,37,30,Train/30/00030_00009_00003.png
1,19271,35,36,5,6,30,31,12,Train/12/00012_00030_00011.png
1,7648,110,110,9,9,101,101,4,Train/4/00004_00039_00028.png
1,37286,69,69,7,7,63,63,38,Train/38/00038_00042_00027.png
1,9186,31,31,6,6,26,26,5,Train/5/00005_00025_00006.png
1,14282,30,33,5,6,25,28,9,Train/9/00009_00024_00002.png
1,8538,37,36,6,6,32,31,5,Train/5/00005_00003_00018.png
1,11762,30,30,6,5,25,25,7,Train/7/00007_00035_00002.png
1,5309,124,131,10,12,114,120,3,Train/3/00003_00008_00029.png
1,22138,141,123,13,11,129,113,13,Train/13/00013_00055_00028.png
1,7875,52,51,5,5,47,46,4,Train/4/00004_00047_00015.png
1,29369,144,136,12,12,132,125,25,Train/25/00025_00029_00029.png
1,3886,45,44,6,5,40,39,2,Train/2/00002_00036_00016.png
1,32315,39,36,6,5,34,31,31,Train/31/00031_00008_00005.png
1,13385,34,34,5,5,29,29,8,Train/8/00008_00041_00005.png
1,33920,77,77,7,7,71,71,34,Train/34/00034_00004_00021.png
1,34938,42,45,5,5,37,40,35,Train/35/00035_00024_00019.png
1,13829,70,69,6,6,63,63,9,Train/9/00009_00008_00029.png
1,26396,109,98,10,9,100,90,18,Train/18/00018_00027_00026.png
1,12359,61,56,6,5,56,51,8,Train/8/00008_00006_00029.png
1,7952,27,29,5,6,22,24,4,Train/4/00004_00050_00002.png
1,32740,32,32,5,5,27,27,31,Train/31/00031_00022_00010.png
1,30383,53,51,6,5,47,45,26,Train/26/00026_00013_00023.png
1,9293,51,47,6,6,46,42,5,Train/5/00005_00028_00023.png
1,35747,46,48,6,5,41,42,36,Train/36/00036_00011_00018.png
1,17429,207,180,18,15,190,165,11,Train/11/00011_00012_00029.png
1,32270,51,49,5,5,46,44,31,Train/31/00031_00006_00020.png
1,7797,61,63,5,5,56,58,4,Train/4/00004_00044_00027.png
1,33849,34,33,5,6,28,28,34,Train/34/00034_00002_00010.png
1,38512,88,87,8,8,81,80,40,Train/40/00040_00004_00023.png
1,33228,48,47,6,5,43,42,33,Train/33/00033_00004_00018.png
1,12735,46,47,5,6,41,42,8,Train/8/00008_00019_00015.png
1,28921,34,32,6,6,29,27,25,Train/25/00025_00015_00001.png
1,23515,46,48,6,6,41,43,15,Train/15/00015_00003_00025.png
1,18918,57,57,6,6,52,52,12,Train/12/00012_00018_00018.png
1,12983,42,37,6,5,37,32,8,Train/8/00008_00027_00023.png
1,34596,30,30,6,6,24,24,35,Train/35/00035_00013_00007.png
1,21308,48,46,5,5,43,41,13,Train/13/00013_00028_00008.png
1,36876,34,34,5,5,29,29,38,Train/38/00038_00029_00007.png
1,37076,75,79,6,7,69,72,38,Train/38/00038_00035_00027.png
1,27848,35,34,5,5,30,29,23,Train/23/00023_00005_00008.png
1,27460,38,38,6,5,33,33,22,Train/22/00022_00005_00010.png
1,2166,57,58,6,5,52,53,1,Train/1/00001_00053_00006.png
1,32729,117,116,11,10,107,106,31,Train/31/00031_00021_00029.png
1,32083,53,46,6,5,48,41,31,Train/31/00031_00000_00013.png
1,37596,31,33,5,6,26,27,38,Train/38/00038_00053_00007.png
1,13569,36,37,5,5,31,32,9,Train/9/00009_00000_00009.png
1,9367,29,29,5,5,23,24,5,Train/5/00005_00031_00007.png
1,33176,94,93,8,8,85,84,33,Train/33/00033_00002_00026.png
1,10345,57,59,6,6,52,54,6,Train/6/00006_00001_00025.png
1,38814,80,87,7,8,73,80,41,Train/41/00041_00002_00025.png
1,23080,42,41,6,5,37,36,14,Train/14/00014_00015_00010.png
1,13594,29,26,6,5,23,21,9,Train/9/00009_00001_00004.png
1,25962,40,40,5,5,35,35,18,Train/18/00018_00013_00012.png
1,15842,27,31,5,6,22,26,10,Train/10/00010_00027_00002.png
1,15785,31,31,6,5,26,26,10,Train/10/00010_00025_00005.png
1,6612,56,55,5,5,51,50,4,Train/4/00004_00005_00012.png
1,38403,32,31,6,5,27,26,40,Train/40/00040_00001_00004.png
1,3343,35,35,5,5,30,30,2,Train/2/00002_00018_00013.png
1,35440,37,38,6,5,32,32,36,Train/36/00036_00001_00011.png
1,28805,63,67,6,6,57,61,25,Train/25/00025_00011_00005.png
1,36653,51,54,5,6,46,49,38,Train/38/00038_00021_00024.png
1,26549,118,118,11,11,108,108,18,Train/18/00018_00032_00029.png
1,23828,31,37,5,5,26,31,15,Train/15/00015_00014_00008.png
1,25681,62,55,6,5,57,50,18,Train/18/00018_00004_00001.png
1,24982,58,61,5,6,53,56,17,Train/17/00017_00017_00022.png
1,25142,27,29,5,6,22,24,17,Train/17/00017_00023_00002.png
1,3016,46,45,6,6,41,40,2,Train/2/00002_00007_00016.png
1,10922,33,33,5,5,28,28,7,Train/7/00007_00007_00002.png
1,22808,37,37,5,5,32,31,14,Train/14/00014_00006_00008.png
1,8599,39,39,6,5,34,34,5,Train/5/00005_00005_00019.png
1,22204,29,28,6,6,24,23,13,Train/13/00013_00058_00004.png
1,23745,50,59,5,6,45,54,15,Train/15/00015_00011_00015.png
1,3403,34,38,5,6,29,33,2,Train/2/00002_00020_00013.png
1,4033,32,32,6,6,26,27,2,Train/2/00002_00041_00013.png
1,38931,54,55,5,6,48,49,41,Train/41/00041_00006_00022.png
1,26848,123,98,11,9,113,90,19,Train/19/00019_00002_00028.png
1,34124,31,32,5,6,26,27,34,Train/34/00034_00011_00015.png
1,18461,44,43,5,5,39,38,12,Train/12/00012_00003_00011.png
1,15793,37,38,6,5,32,33,10,Train/10/00010_00025_00013.png
1,6401,34,37,5,6,29,31,3,Train/3/00003_00045_00011.png
1,17141,46,42,5,6,41,37,11,Train/11/00011_00003_00011.png
1,14129,47,46,5,6,42,41,9,Train/9/00009_00018_00029.png
1,30512,29,26,6,5,24,21,26,Train/26/00026_00018_00002.png
1,33578,40,43,6,6,35,38,33,Train/33/00033_00016_00008.png
1,15206,56,55,6,5,51,50,10,Train/10/00010_00005_00026.png
1,35410,43,44,5,6,38,39,36,Train/36/00036_00000_00011.png
1,1042,56,56,6,6,51,51,1,Train/1/00001_00015_00022.png
1,23045,42,54,5,6,37,49,14,Train/14/00014_00014_00005.png
1,26649,51,49,6,5,46,44,18,Train/18/00018_00036_00009.png
1,29558,44,41,5,6,38,36,25,Train/25/00025_00036_00008.png
1,7732,49,49,6,5,44,43,4,Train/4/00004_00042_00022.png
1,12694,34,36,5,5,29,31,8,Train/8/00008_00018_00004.png
1,25836,32,29,5,5,27,24,18,Train/18/00018_00009_00006.png
1,30997,45,42,6,6,40,37,28,Train/28/00028_00006_00007.png
1,33895,112,121,10,10,103,111,34,Train/34/00034_00003_00026.png
1,19808,42,46,5,5,37,41,12,Train/12/00012_00048_00008.png
1,26699,116,116,11,11,106,106,18,Train/18/00018_00037_00029.png
1,26036,100,101,8,9,92,93,18,Train/18/00018_00015_00026.png
1,16061,35,32,6,6,29,27,10,Train/10/00010_00034_00011.png
1,4941,37,36,6,5,31,31,2,Train/2/00002_00071_00021.png
1,37980,34,34,6,5,29,29,38,Train/38/00038_00066_00001.png
1,3267,112,122,10,11,103,111,2,Train/2/00002_00015_00027.png
1,36318,37,39,6,6,32,34,38,Train/38/00038_00010_00019.png
1,36036,35,40,6,5,29,35,38,Train/38/00038_00001_00007.png
1,36083,70,70,7,6,64,64,38,Train/38/00038_00002_00024.png
1,4431,46,46,5,6,41,41,2,Train/2/00002_00054_00021.png
1,20173,50,50,5,5,45,45,12,Train/12/00012_00060_00013.png
1,36704,40,40,5,5,35,35,38,Train/38/00038_00023_00015.png
1,36546,30,31,5,6,25,26,38,Train/38/00038_00018_00007.png
1,21211,34,33,6,6,29,28,13,Train/13/00013_00025_00001.png
1,23592,36,37,6,5,31,32,15,Train/15/00015_00006_00012.png
1,34956,33,36,5,6,28,31,35,Train/35/00035_00025_00007.png
1,35969,39,40,6,5,34,35,37,Train/37/00037_00006_00000.png
1,5659,42,42,6,6,37,37,3,Train/3/00003_00020_00019.png
1,20580,27,25,6,5,22,20,13,Train/13/00013_00004_00000.png
1,746,61,59,6,6,55,54,1,Train/1/00001_00005_00026.png
1,38009,26,30,5,6,21,25,38,Train/38/00038_00067_00000.png
1,1082,34,34,6,6,29,29,1,Train/1/00001_00017_00002.png
1,3781,27,28,6,6,22,23,2,Train/2/00002_00033_00001.png
1,12989,52,45,6,6,47,39,8,Train/8/00008_00027_00029.png
1,11433,34,34,6,6,28,28,7,Train/7/00007_00024_00003.png
1,36309,32,31,6,5,27,26,38,Train/38/00038_00010_00010.png
1,25590,44,42,5,6,39,37,18,Train/18/00018_00001_00000.png
1,6423,31,29,6,6,25,24,3,Train/3/00003_00046_00003.png
1,9777,69,76,6,7,63,70,5,Train/5/00005_00044_00027.png
1,6536,76,76,7,6,70,70,4,Train/4/00004_00002_00026.png
1,21908,55,51,6,5,50,46,13,Train/13/00013_00048_00008.png
1,475,70,69,6,7,64,62,0,Train/0/00000_00003_00025.png
1,2910,29,29,6,5,24,24,2,Train/2/00002_00004_00000.png
1,15869,118,118,10,10,108,108,10,Train/10/00010_00027_00029.png
1,28630,36,37,6,5,31,31,25,Train/25/00025_00005_00010.png
1,29584,33,29,5,5,27,24,25,Train/25/00025_00037_00004.png
1,27079,55,52,5,6,50,47,21,Train/21/00021_00003_00019.png
1,16639,58,59,5,5,53,54,10,Train/10/00010_00053_00019.png
1,20502,40,41,5,5,35,36,13,Train/13/00013_00001_00012.png
1,32333,68,59,7,5,62,54,31,Train/31/00031_00008_00023.png
1,35585,34,33,6,5,29,28,36,Train/36/00036_00006_00006.png
1,35602,58,59,5,6,53,54,36,Train/36/00036_00006_00023.png
1,22773,53,53,6,6,48,48,14,Train/14/00014_00005_00003.png
1,21697,63,57,5,5,58,52,13,Train/13/00013_00041_00007.png
1,35645,29,30,6,5,24,25,36,Train/36/00036_00008_00006.png
1,11362,51,51,6,6,45,45,7,Train/7/00007_00021_00022.png
1,22539,35,34,6,5,30,29,13,Train/13/00013_00069_00009.png
1,27435,40,38,6,5,34,32,22,Train/22/00022_00004_00015.png
1,16455,35,36,6,6,30,31,10,Train/10/00010_00047_00015.png
1,10812,40,40,5,5,35,35,7,Train/7/00007_00003_00012.png
1,31692,51,46,6,5,46,41,30,Train/30/00030_00002_00012.png
1,8911,30,31,5,6,25,26,5,Train/5/00005_00016_00001.png
1,202,55,49,5,5,50,43,20,Train/20/00020_00006_00022.png
1,20449,68,71,6,6,62,65,12,Train/12/00012_00069_00019.png
1,8596,35,36,5,5,29,30,5,Train/5/00005_00005_00016.png
1,26282,34,31,6,5,29,26,18,Train/18/00018_00024_00002.png
1,26263,45,41,6,6,40,36,18,Train/18/00018_00023_00013.png
1,7604,40,41,5,6,35,36,4,Train/4/00004_00038_00014.png
1,17303,94,86,8,7,86,79,11,Train/11/00011_00008_00023.png
1,15083,64,55,5,5,58,49,10,Train/10/00010_00001_00023.png
1,12634,33,33,6,5,28,28,8,Train/8/00008_00016_00004.png
1,1107,84,85,7,7,77,78,1,Train/1/00001_00017_00027.png
1,28052,27,26,6,5,22,21,23,Train/23/00023_00012_00002.png
1,5801,34,34,5,5,29,29,3,Train/3/00003_00025_00011.png
1,3231,49,48,6,5,44,43,2,Train/2/00002_00014_00021.png
1,33653,44,66,6,6,38,60,33,Train/33/00033_00018_00023.png
1,33356,80,84,7,7,73,76,33,Train/33/00033_00008_00026.png
1,12982,40,36,6,5,35,31,8,Train/8/00008_00027_00022.png
1,21025,80,73,8,6,73,67,13,Train/13/00013_00018_00025.png
1,35395,89,92,8,9,82,84,35,Train/35/00035_00039_00026.png
1,23203,66,73,6,7,60,67,14,Train/14/00014_00019_00013.png
1,10223,57,55,6,5,52,50,5,Train/5/00005_00059_00023.png
1,14493,28,28,5,5,22,22,9,Train/9/00009_00031_00003.png
1,5010,29,30,5,6,24,25,2,Train/2/00002_00074_00000.png
1,12329,66,70,5,7,60,64,8,Train/8/00008_00005_00029.png
1,39079,45,46,5,6,40,41,42,Train/42/00042_00003_00020.png
1,22203,29,27,6,5,24,22,13,Train/13/00013_00058_00003.png
1,8647,32,33,5,6,27,28,5,Train/5/00005_00007_00007.png
1,543,36,39,5,6,31,34,0,Train/0/00000_00006_00003.png
1,24532,34,47,6,5,29,41,17,Train/17/00017_00002_00022.png
1,37836,37,39,6,6,32,34,38,Train/38/00038_00061_00007.png
1,5563,48,48,6,6,43,43,3,Train/3/00003_00017_00013.png
1,17308,136,119,12,10,125,109,11,Train/11/00011_00008_00028.png
1,412,45,47,5,6,40,42,0,Train/0/00000_00001_00022.png
1,6934,30,33,5,5,24,27,4,Train/4/00004_00016_00004.png
1,24865,32,40,5,6,27,35,17,Train/17/00017_00013_00025.png
1,38231,40,40,5,5,35,35,39,Train/39/00039_00005_00012.png
1,14540,53,54,5,6,48,49,9,Train/9/00009_00032_00020.png
1,6300,26,28,5,5,21,23,3,Train/3/00003_00042_00000.png
1,23458,88,157,7,14,81,143,15,Train/15/00015_00001_00028.png
1,22573,97,88,9,8,89,81,13,Train/13/00013_00070_00013.png
1,26146,58,59,5,6,53,54,18,Train/18/00018_00019_00016.png
1,227,34,35,5,6,29,30,20,Train/20/00020_00007_00017.png
1,14421,69,71,6,7,63,65,9,Train/9/00009_00028_00021.png
1,38969,27,28,5,6,22,23,42,Train/42/00042_00000_00000.png
1,31051,58,51,6,5,53,46,28,Train/28/00028_00008_00001.png
1,9321,44,40,6,5,39,35,5,Train/5/00005_00029_00021.png
1,21408,40,38,5,6,35,33,13,Train/13/00013_00031_00018.png
1,6305,32,31,6,5,27,26,3,Train/3/00003_00042_00005.png
1,13993,43,43,6,5,38,38,9,Train/9/00009_00014_00013.png
1,25889,144,130,13,12,135,118,18,Train/18/00018_00010_00029.png
1,34934,36,38,5,5,31,33,35,Train/35/00035_00024_00015.png
1,35715,36,38,5,5,31,32,36,Train/36/00036_00010_00016.png
1,3050,44,44,6,5,39,39,2,Train/2/00002_00008_00020.png
1,35138,30,29,6,5,25,24,35,Train/35/00035_00031_00009.png
1,29360,84,83,7,7,77,76,25,Train/25/00025_00029_00020.png
1,7271,35,35,5,5,30,30,4,Train/4/00004_00027_00011.png
1,28501,69,62,7,6,63,57,25,Train/25/00025_00001_00001.png
1,26114,58,56,5,5,53,51,18,Train/18/00018_00018_00014.png
1,19737,72,75,6,7,66,69,12,Train/12/00012_00045_00027.png
1,38524,56,56,5,6,51,51,40,Train/40/00040_00005_00005.png
1,18585,45,46,6,5,40,41,12,Train/12/00012_00007_00015.png
1,21473,86,76,7,7,79,70,13,Train/13/00013_00033_00023.png
1,2689,84,84,8,7,77,77,1,Train/1/00001_00070_00019.png
1,2292,37,37,5,6,31,32,1,Train/1/00001_00057_00012.png
1,28377,83,76,7,6,75,70,24,Train/24/00024_00005_00027.png
1,36206,74,96,6,8,68,88,38,Train/38/00038_00006_00027.png
1,5153,49,48,6,5,44,42,3,Train/3/00003_00003_00023.png
1,21827,97,97,9,9,89,89,13,Train/13/00013_00045_00017.png
1,18861,44,43,6,5,39,37,12,Train/12/00012_00016_00021.png
1,36132,35,37,5,5,30,32,38,Train/38/00038_00004_00013.png
1,20860,49,46,5,6,43,40,13,Train/13/00013_00013_00010.png
1,38843,59,62,6,6,54,57,41,Train/41/00041_00003_00024.png
1,10682,28,28,6,6,23,23,6,Train/6/00006_00013_00002.png
1,30888,69,63,6,5,63,57,28,Train/28/00028_00002_00018.png
1,5041,26,27,5,5,21,21,3,Train/3/00003_00000_00001.png
1,33050,44,43,6,5,39,38,32,Train/32/00032_00006_00020.png
1,5934,53,52,6,5,48,47,3,Train/3/00003_00029_00024.png
1,1996,47,48,5,6,42,43,1,Train/1/00001_00047_00016.png
1,14283,31,33,6,6,26,28,9,Train/9/00009_00024_00003.png
1,172,49,47,5,6,44,42,20,Train/20/00020_00005_00022.png
1,2581,32,33,5,6,27,28,1,Train/1/00001_00067_00001.png
1,3921,47,47,5,5,42,42,2,Train/2/00002_00037_00021.png
1,6170,47,47,5,5,42,42,3,Train/3/00003_00037_00020.png
1,34040,50,50,6,5,45,45,34,Train/34/00034_00008_00021.png
1,23887,31,29,6,5,26,24,15,Train/15/00015_00016_00007.png
1,32422,48,49,6,6,43,44,31,Train/31/00031_00011_00022.png
1,14591,33,33,5,6,28,28,9,Train/9/00009_00034_00011.png
1,7721,35,35,5,5,29,29,4,Train/4/00004_00042_00011.png
1,30198,42,39,6,6,37,34,26,Train/26/00026_00007_00018.png
1,27218,53,46,6,5,48,41,21,Train/21/00021_00008_00008.png
1,23728,101,96,9,8,93,88,15,Train/15/00015_00010_00028.png
1,14969,122,120,11,11,111,110,9,Train/9/00009_00046_00029.png
1,12796,37,35,6,5,32,29,8,Train/8/00008_00021_00016.png
1,5964,68,70,7,7,62,64,3,Train/3/00003_00030_00024.png
1,31496,91,85,8,7,83,77,29,Train/29/00029_00004_00026.png
1,24550,30,31,6,6,25,26,17,Train/17/00017_00003_00010.png
1,38896,39,38,5,5,33,33,41,Train/41/00041_00005_00017.png
1,9330,28,29,5,6,23,24,5,Train/5/00005_00030_00000.png
1,26791,31,29,6,5,26,24,19,Train/19/00019_00001_00001.png
1,30441,140,124,13,11,128,114,26,Train/26/00026_00015_00021.png
1,25385,30,32,6,5,24,26,17,Train/17/00017_00031_00005.png
1,22174,77,68,7,6,71,62,13,Train/13/00013_00057_00004.png
1,13989,39,40,6,6,34,35,9,Train/9/00009_00014_00009.png
1,35297,43,42,5,5,38,37,35,Train/35/00035_00036_00018.png
1,29370,46,45,6,6,41,40,25,Train/25/00025_00030_00000.png
1,31871,40,35,5,6,35,30,30,Train/30/00030_00008_00011.png
1,11212,72,72,7,7,66,66,7,Train/7/00007_00016_00022.png
1,35965,98,100,8,9,90,92,37,Train/37/00037_00005_00026.png
1,24807,29,31,5,5,24,26,17,Train/17/00017_00011_00027.png
1,24718,31,36,5,6,26,31,17,Train/17/00017_00008_00028.png
1,15781,28,29,5,6,23,24,10,Train/10/00010_00025_00001.png
1,37144,28,29,5,6,23,24,38,Train/38/00038_00038_00005.png
1,14436,31,32,5,5,26,27,9,Train/9/00009_00029_00006.png
1,34654,33,34,6,6,28,29,35,Train/35/00035_00015_00005.png
1,36385,43,44,6,6,37,38,38,Train/38/00038_00012_00026.png
1,38708,45,47,6,6,40,42,40,Train/40/00040_00011_00009.png
1,24798,27,29,5,6,22,24,17,Train/17/00017_00011_00018.png
1,8527,30,30,5,6,25,25,5,Train/5/00005_00003_00007.png
1,3748,53,55,6,5,48,50,2,Train/2/00002_00031_00028.png
1,8108,38,35,5,6,33,30,4,Train/4/00004_00055_00008.png
1,17513,54,51,5,6,48,46,11,Train/11/00011_00015_00023.png
1,38086,112,115,9,10,103,105,39,Train/39/00039_00000_00017.png
1,38938,96,98,8,9,88,89,41,Train/41/00041_00006_00029.png
1,8361,45,44,6,5,40,39,4,Train/4/00004_00063_00021.png
1,19900,38,37,6,6,32,32,12,Train/12/00012_00051_00010.png
1,21571,35,35,5,5,30,30,13,Train/13/00013_00037_00001.png
1,2199,45,42,6,5,40,37,1,Train/1/00001_00054_00009.png
1,5556,41,39,6,5,35,34,3,Train/3/00003_00017_00006.png
1,4257,46,44,5,5,41,39,2,Train/2/00002_00048_00027.png
1,20913,62,58,6,5,57,53,13,Train/13/00013_00015_00003.png
1,32233,39,41,5,6,34,36,31,Train/31/00031_00005_00013.png
1,15282,37,37,6,6,32,32,10,Train/10/00010_00008_00012.png
1,1438,110,131,9,12,101,120,1,Train/1/00001_00028_00028.png
1,13014,50,42,6,6,44,37,8,Train/8/00008_00028_00024.png
1,122,31,31,6,6,26,26,20,Train/20/00020_00004_00002.png
1,6930,30,32,6,5,25,27,4,Train/4/00004_00016_00000.png
1,3206,46,49,5,6,40,44,2,Train/2/00002_00013_00026.png
1,14003,63,64,6,6,58,59,9,Train/9/00009_00014_00023.png
1,26059,45,42,6,6,39,36,18,Train/18/00018_00016_00019.png
1,22396,32,33,5,6,27,28,13,Train/13/00013_00064_00016.png
1,21553,42,41,5,6,37,36,13,Train/13/00013_00036_00013.png
1,30194,39,36,6,6,34,31,26,Train/26/00026_00007_00014.png
1,29676,37,34,6,5,32,29,25,Train/25/00025_00040_00006.png
1,37499,31,32,5,5,26,27,38,Train/38/00038_00050_00000.png
1,5766,30,30,5,5,25,25,3,Train/3/00003_00024_00006.png
1,12929,59,57,6,6,54,51,8,Train/8/00008_00025_00029.png
1,18587,49,48,6,5,44,42,12,Train/12/00012_00007_00017.png
1,18697,42,43,5,5,37,38,12,Train/12/00012_00011_00007.png
1,26543,91,92,8,9,83,84,18,Train/18/00018_00032_00023.png
1,26319,42,39,5,5,37,34,18,Train/18/00018_00025_00009.png
1,18686,101,84,9,8,93,77,12,Train/12/00012_00010_00026.png
1,38687,52,54,6,5,47,48,40,Train/40/00040_00010_00018.png
1,29861,49,44,6,6,44,39,25,Train/25/00025_00046_00011.png
1,24551,31,31,5,5,25,26,17,Train/17/00017_00003_00011.png
1,33800,55,64,5,5,50,59,34,Train/34/00034_00000_00021.png
1,13367,40,39,6,5,35,34,8,Train/8/00008_00040_00017.png
1,8423,47,48,5,5,41,42,4,Train/4/00004_00065_00023.png
1,32984,36,37,5,5,31,31,32,Train/32/00032_00004_00014.png
1,12362,31,30,6,5,26,25,8,Train/8/00008_00007_00002.png
1,18171,48,51,6,6,43,46,11,Train/11/00011_00037_00021.png
1,17921,64,57,6,5,58,52,11,Train/11/00011_00029_00011.png
1,37671,74,75,6,6,67,68,38,Train/38/00038_00055_00022.png
1,12331,30,29,5,5,24,24,8,Train/8/00008_00006_00001.png
1,15132,36,36,6,5,30,30,10,Train/10/00010_00003_00012.png
1,16496,58,59,5,6,53,54,10,Train/10/00010_00048_00026.png
1,13789,48,48,6,6,43,43,9,Train/9/00009_00007_00019.png
1,24418,62,63,6,5,57,58,16,Train/16/00016_00012_00028.png
1,5038,59,58,6,5,54,53,2,Train/2/00002_00074_00028.png
1,3854,39,40,5,6,34,35,2,Train/2/00002_00035_00014.png
1,13572,44,43,6,6,39,38,9,Train/9/00009_00000_00012.png
1,15695,38,39,5,5,33,34,10,Train/10/00010_00022_00005.png
1,35580,29,30,5,6,24,25,36,Train/36/00036_00006_00001.png
1,25675,105,95,10,8,96,87,18,Train/18/00018_00003_00025.png
1,230,41,41,5,6,36,35,20,Train/20/00020_00007_00020.png
1,15843,29,33,5,6,24,28,10,Train/10/00010_00027_00003.png
1,36910,33,36,6,6,28,31,38,Train/38/00038_00030_00011.png
1,15899,74,73,7,6,68,67,10,Train/10/00010_00028_00029.png
1,13138,59,60,5,5,54,55,8,Train/8/00008_00032_00028.png
1,8311,30,29,5,5,25,24,4,Train/4/00004_00062_00001.png
1,10585,46,47,5,5,40,42,6,Train/6/00006_00009_00025.png
1,26268,55,50,6,5,49,45,18,Train/18/00018_00023_00018.png
1,31320,35,32,6,5,30,27,28,Train/28/00028_00017_00000.png
1,36086,83,83,8,8,76,76,38,Train/38/00038_00002_00027.png
1,37370,36,38,5,5,31,33,38,Train/38/00038_00045_00021.png
1,6263,39,42,5,6,34,37,3,Train/3/00003_00040_00023.png
1,22276,55,51,5,6,50,45,13,Train/13/00013_00060_00016.png
1,8727,105,108,10,9,96,99,5,Train/5/00005_00009_00027.png
1,36750,30,31,5,6,25,26,38,Train/38/00038_00025_00001.png
1,32844,87,80,7,8,80,73,31,Train/31/00031_00025_00024.png
1,14886,30,29,5,5,24,24,9,Train/9/00009_00044_00006.png
1,22011,60,55,6,5,55,50,13,Train/13/00013_00051_00021.png
1,12890,50,49,6,5,45,44,8,Train/8/00008_00024_00020.png
1,11770,34,35,5,5,29,30,7,Train/7/00007_00035_00010.png
1,7723,35,36,5,6,30,31,4,Train/4/00004_00042_00013.png
1,18889,58,57,6,5,53,52,12,Train/12/00012_00017_00019.png
1,24009,31,33,5,6,26,28,15,Train/15/00015_00020_00009.png
1,30565,65,58,6,5,59,52,26,Train/26/00026_00019_00025.png
1,9683,50,54,5,6,45,49,5,Train/5/00005_00041_00023.png
1,36266,40,39,6,5,35,34,38,Train/38/00038_00008_00027.png
1,2579,140,137,13,12,128,126,1,Train/1/00001_00066_00029.png
1,6380,47,48,6,6,42,43,3,Train/3/00003_00044_00020.png
1,30974,52,53,6,5,47,48,28,Train/28/00028_00005_00014.png
1,9118,81,81,8,8,74,74,5,Train/5/00005_00022_00028.png
1,15319,44,43,6,5,39,38,10,Train/10/00010_00009_00019.png
1,3950,71,71,6,7,64,64,2,Train/2/00002_00038_00020.png
1,34597,29,30,5,6,24,25,35,Train/35/00035_00013_00008.png
1,742,55,53,6,5,50,48,1,Train/1/00001_00005_00022.png
1,6317,42,42,6,5,37,37,3,Train/3/00003_00042_00017.png
1,33297,120,119,11,10,109,108,33,Train/33/00033_00006_00027.png
1,31420,43,40,5,6,38,35,29,Train/29/00029_00002_00010.png
1,24251,32,32,6,6,27,27,16,Train/16/00016_00007_00011.png
1,11882,30,29,6,5,25,24,7,Train/7/00007_00039_00002.png
1,34066,43,43,6,6,38,38,34,Train/34/00034_00009_00017.png
1,7034,45,46,5,6,40,41,4,Train/4/00004_00019_00014.png
1,13068,35,34,5,5,30,29,8,Train/8/00008_00030_00018.png
1,26652,56,56,6,6,51,51,18,Train/18/00018_00036_00012.png
1,9859,49,49,6,5,43,43,5,Train/5/00005_00047_00019.png
1,7317,58,58,5,5,53,53,4,Train/4/00004_00028_00027.png
1,12860,45,45,6,6,40,40,8,Train/8/00008_00023_00020.png
1,33029,40,45,6,6,35,40,32,Train/32/00032_00005_00029.png
1,36438,40,45,5,6,35,40,38,Train/38/00038_00014_00019.png
1,7948,68,70,6,7,62,63,4,Train/4/00004_00049_00028.png
1,13977,93,94,8,9,85,86,9,Train/9/00009_00013_00027.png
1,14185,30,31,6,5,25,26,9,Train/9/00009_00020_00025.png
1,36780,27,28,5,6,22,23,38,Train/38/00038_00026_00001.png
1,9020,49,48,6,5,44,43,5,Train/5/00005_00019_00020.png
1,25035,45,49,5,6,40,44,17,Train/17/00017_00019_00015.png
1,31363,37,53,5,5,32,48,29,Train/29/00029_00000_00013.png
1,34537,34,35,5,6,29,30,35,Train/35/00035_00011_00008.png
1,5720,42,43,6,6,37,38,3,Train/3/00003_00022_00020.png
1,11621,32,33,6,6,27,27,7,Train/7/00007_00030_00011.png
1,799,80,75,8,7,73,69,1,Train/1/00001_00007_00019.png
1,14307,76,86,6,7,70,79,9,Train/9/00009_00024_00027.png
1,10429,48,48,5,6,43,43,6,Train/6/00006_00004_00019.png
1,24228,106,107,9,10,96,97,16,Train/16/00016_00006_00018.png
1,24602,29,29,5,5,24,24,17,Train/17/00017_00005_00002.png
1,923,59,58,6,6,54,53,1,Train/1/00001_00011_00023.png
1,2018,39,40,5,6,34,35,1,Train/1/00001_00048_00008.png
1,25690,85,74,8,7,78,68,18,Train/18/00018_00004_00010.png
1,7374,73,72,7,7,67,66,4,Train/4/00004_00030_00024.png
1,12187,31,31,6,5,26,26,8,Train/8/00008_00001_00007.png
1,34027,32,35,5,6,27,30,34,Train/34/00034_00008_00008.png
1,4861,26,27,5,5,21,22,2,Train/2/00002_00069_00001.png
1,5179,46,45,6,5,41,39,3,Train/3/00003_00004_00019.png
1,14081,32,38,5,6,27,33,9,Train/9/00009_00017_00011.png
1,4493,56,57,5,5,50,52,2,Train/2/00002_00056_00023.png
1,31339,61,57,5,5,56,51,28,Train/28/00028_00017_00019.png
1,20584,33,27,6,5,28,21,13,Train/13/00013_00004_00004.png
1,16984,28,27,5,5,22,22,10,Train/10/00010_00065_00004.png
1,26426,79,85,7,7,72,78,18,Train/18/00018_00028_00026.png
1,28919,106,95,9,9,97,86,25,Train/25/00025_00014_00029.png
1,10306,44,45,5,5,39,40,6,Train/6/00006_00000_00016.png
1,1693,34,34,6,5,29,28,1,Train/1/00001_00037_00013.png
1,35250,27,26,5,5,21,20,35,Train/35/00035_00035_00001.png
1,2357,53,54,6,6,48,49,1,Train/1/00001_00059_00017.png
1,30724,31,29,6,5,26,23,27,Train/27/00027_00005_00004.png
1,36566,63,67,5,6,58,61,38,Train/38/00038_00018_00027.png
1,2749,74,74,7,7,68,68,1,Train/1/00001_00072_00019.png
1,4991,36,35,6,6,31,30,2,Train/2/00002_00073_00011.png
1,3236,80,79,7,7,73,72,2,Train/2/00002_00014_00026.png
1,31314,71,72,6,6,65,66,28,Train/28/00028_00016_00024.png
1,13037,46,46,5,5,41,41,8,Train/8/00008_00029_00017.png
1,25688,81,71,8,7,74,65,18,Train/18/00018_00004_00008.png
1,3053,51,51,5,5,45,46,2,Train/2/00002_00008_00023.png
1,18643,40,40,5,5,34,34,12,Train/12/00012_00009_00013.png
1,14255,31,33,5,6,26,28,9,Train/9/00009_00023_00005.png
1,17892,29,43,6,6,24,38,11,Train/11/00011_00028_00012.png
1,5211,45,45,5,5,40,40,3,Train/3/00003_00005_00021.png
1,38908,70,70,7,6,64,63,41,Train/41/00041_00005_00029.png
1,801,84,81,7,8,76,74,1,Train/1/00001_00007_00021.png
1,5956,41,42,6,6,36,37,3,Train/3/00003_00030_00016.png
1,36375,32,30,6,5,27,25,38,Train/38/00038_00012_00016.png
1,29338,139,134,12,11,127,123,25,Train/25/00025_00028_00028.png
1,2480,50,49,6,5,45,44,1,Train/1/00001_00063_00020.png
1,29844,55,54,5,6,50,49,25,Train/25/00025_00045_00024.png
1,27854,46,43,5,6,41,38,23,Train/23/00023_00005_00014.png
1,2656,44,44,5,5,39,39,1,Train/1/00001_00069_00016.png
1,35100,26,26,6,6,21,21,35,Train/35/00035_00030_00001.png
1,23322,47,49,5,6,42,44,14,Train/14/00014_00023_00012.png
1,25942,45,45,6,5,39,40,18,Train/18/00018_00012_00022.png
1,28701,95,83,8,8,87,75,25,Train/25/00025_00007_00021.png
1,37686,44,48,5,6,39,43,38,Train/38/00038_00056_00007.png
1,34950,31,30,6,5,25,25,35,Train/35/00035_00025_00001.png
1,12786,29,29,5,6,24,23,8,Train/8/00008_00021_00006.png
1,11848,69,67,6,6,63,61,7,Train/7/00007_00037_00028.png
1,34878,49,47,6,6,44,42,35,Train/35/00035_00022_00019.png
1,17984,59,55,6,5,54,49,11,Train/11/00011_00031_00014.png
1,36935,39,38,6,5,34,33,38,Train/38/00038_00031_00006.png
1,27310,43,41,6,6,38,36,22,Train/22/00022_00000_00010.png
1,21362,33,33,5,5,28,28,13,Train/13/00013_00030_00002.png
1,20157,84,82,8,7,77,75,12,Train/12/00012_00059_00027.png
1,1657,34,36,5,6,29,31,1,Train/1/00001_00036_00007.png
1,34999,52,52,5,5,47,47,35,Train/35/00035_00026_00020.png
1,573,58,58,6,6,53,52,1,Train/1/00001_00000_00003.png
1,10167,58,57,5,5,53,52,5,Train/5/00005_00057_00027.png
1,28699,90,77,8,7,82,71,25,Train/25/00025_00007_00019.png
1,57,63,54,6,5,58,48,20,Train/20/00020_00001_00027.png
1,14192,40,40,6,6,35,35,9,Train/9/00009_00021_00002.png
1,23652,43,44,5,6,38,39,15,Train/15/00015_00008_00012.png
1,15631,30,27,6,5,24,22,10,Train/10/00010_00020_00001.png
1,840,28,30,5,6,23,25,1,Train/1/00001_00009_00000.png
1,9361,27,28,6,5,22,23,5,Train/5/00005_00031_00001.png
1,35847,98,98,9,9,90,90,37,Train/37/00037_00001_00028.png
1,37120,43,45,5,5,38,40,38,Train/38/00038_00037_00011.png
1,7358,33,34,5,5,28,29,4,Train/4/00004_00030_00008.png
1,19390,63,63,6,5,58,57,12,Train/12/00012_00034_00010.png
1,22999,52,52,6,6,47,47,14,Train/14/00014_00012_00019.png
1,27632,36,34,6,6,30,29,22,Train/22/00022_00011_00002.png
1,15033,37,39,5,6,32,34,10,Train/10/00010_00000_00003.png
1,38336,80,81,7,7,73,74,39,Train/39/00039_00008_00027.png
1,12674,38,39,5,6,33,34,8,Train/8/00008_00017_00014.png
1,28561,57,60,5,6,51,54,25,Train/25/00025_00003_00001.png
1,30659,167,148,14,12,153,136,27,Train/27/00027_00002_00029.png
1,24758,32,31,6,5,27,26,17,Train/17/00017_00010_00008.png
1,35938,64,69,6,7,59,63,37,Train/37/00037_00004_00029.png
1,35066,57,58,5,6,52,53,35,Train/35/00035_00028_00027.png
1,38579,26,26,6,5,21,20,40,Train/40/00040_00007_00000.png
1,19386,58,57,6,5,53,52,12,Train/12/00012_00034_00006.png
1,21866,89,84,8,7,82,77,13,Train/13/00013_00046_00026.png
1,17088,83,82,7,8,76,75,11,Train/11/00011_00001_00018.png
1,12641,36,37,5,6,31,32,8,Train/8/00008_00016_00011.png
1,16817,46,45,6,5,41,40,10,Train/10/00010_00059_00017.png
1,13663,35,36,5,6,29,30,9,Train/9/00009_00003_00013.png
1,9817,32,35,5,6,27,30,5,Train/5/00005_00046_00007.png
1,24999,32,32,6,6,27,27,17,Train/17/00017_00018_00009.png
1,22270,46,43,5,6,41,37,13,Train/13/00013_00060_00010.png
1,16704,52,51,6,5,47,46,10,Train/10/00010_00055_00024.png
1,7711,27,26,5,5,21,21,4,Train/4/00004_00042_00001.png
1,29488,99,92,8,8,90,84,25,Train/25/00025_00033_00028.png
1,36401,33,33,6,5,28,28,38,Train/38/00038_00013_00012.png
1,8828,32,32,5,5,27,27,5,Train/5/00005_00013_00008.png
1,1261,31,31,5,5,26,25,1,Train/1/00001_00023_00001.png
1,30686,56,56,5,5,51,51,27,Train/27/00027_00003_00026.png
1,10296,32,34,5,6,27,29,6,Train/6/00006_00000_00006.png
1,19621,57,58,5,6,52,53,12,Train/12/00012_00042_00001.png
1,12914,34,36,5,6,29,30,8,Train/8/00008_00025_00014.png
1,18770,43,43,6,6,38,38,12,Train/12/00012_00013_00020.png
1,16527,59,59,5,5,54,54,10,Train/10/00010_00049_00027.png
1,3780,27,27,6,5,22,22,2,Train/2/00002_00033_00000.png
1,22864,35,38,6,6,29,33,14,Train/14/00014_00008_00004.png
1,21318,48,45,5,5,43,40,13,Train/13/00013_00028_00018.png
1,10435,58,56,5,5,53,51,6,Train/6/00006_00004_00025.png
1,22456,42,39,5,5,37,34,13,Train/13/00013_00066_00016.png
1,26773,85,72,8,7,78,66,19,Train/19/00019_00000_00013.png
1,14942,45,43,6,6,40,37,9,Train/9/00009_00046_00002.png
1,10517,33,34,5,6,27,28,6,Train/6/00006_00007_00017.png
1,20721,60,77,6,7,54,71,13,Train/13/00013_00008_00021.png
1,22868,39,42,6,5,33,37,14,Train/14/00014_00008_00008.png
1,29594,42,38,6,6,37,33,25,Train/25/00025_00037_00014.png
1,14906,76,76,6,7,70,70,9,Train/9/00009_00044_00026.png
1,1769,110,116,9,11,101,106,1,Train/1/00001_00039_00029.png
1,28758,44,43,5,6,39,38,25,Train/25/00025_00009_00018.png
1,34410,26,27,5,5,21,21,35,Train/35/00035_00007_00001.png
1,10121,37,38,5,6,32,33,5,Train/5/00005_00056_00011.png
1,7413,29,30,5,6,24,25,4,Train/4/00004_00032_00003.png
1,34356,29,29,5,5,24,24,35,Train/35/00035_00005_00007.png
1,25483,34,36,6,6,29,31,17,Train/17/00017_00034_00013.png
1,14035,43,43,5,5,38,38,9,Train/9/00009_00015_00025.png
1,12103,33,34,6,6,28,29,7,Train/7/00007_00046_00013.png
1,11545,55,54,6,5,50,49,7,Train/7/00007_00027_00025.png
1,30416,142,123,13,11,130,112,26,Train/26/00026_00014_00026.png
1,36971,41,42,5,6,36,37,38,Train/38/00038_00032_00012.png
1,4883,31,33,5,6,26,28,2,Train/2/00002_00069_00023.png
1,9669,33,33,6,5,28,28,5,Train/5/00005_00041_00009.png
1,37161,53,52,6,5,48,47,38,Train/38/00038_00038_00022.png
1,33917,73,71,7,6,66,65,34,Train/34/00034_00004_00018.png
1,22189,112,99,10,8,103,91,13,Train/13/00013_00057_00019.png
1,17860,56,49,6,6,51,44,11,Train/11/00011_00027_00010.png
1,2865,32,34,5,6,27,29,2,Train/2/00002_00002_00015.png
1,15728,38,39,6,6,33,34,10,Train/10/00010_00023_00008.png
1,2662,61,61,6,6,56,56,1,Train/1/00001_00069_00022.png
1,9768,48,51,6,6,43,46,5,Train/5/00005_00044_00018.png
1,28706,110,97,9,8,101,88,25,Train/25/00025_00007_00026.png
1,401,35,36,5,6,30,31,0,Train/0/00000_00001_00011.png
1,11244,51,53,6,6,46,48,7,Train/7/00007_00017_00024.png
1,28978,85,86,8,8,77,78,25,Train/25/00025_00016_00028.png
1,24214,75,75,7,6,69,68,16,Train/16/00016_00006_00004.png
1,34815,42,43,5,6,37,38,35,Train/35/00035_00020_00016.png
1,11825,29,31,5,6,24,26,7,Train/7/00007_00037_00005.png
1,20562,50,45,5,5,45,40,13,Train/13/00013_00003_00012.png
1,25461,35,36,5,6,30,31,17,Train/17/00017_00033_00021.png
1,33890,86,92,8,8,78,83,34,Train/34/00034_00003_00021.png
1,8212,46,46,5,5,41,41,4,Train/4/00004_00058_00022.png
1,26861,40,39,5,5,35,34,19,Train/19/00019_00003_00011.png
1,24734,37,41,5,5,32,36,17,Train/17/00017_00009_00014.png
1,29243,61,57,6,6,56,52,25,Train/25/00025_00025_00023.png
1,21483,36,32,6,5,30,27,13,Train/13/00013_00034_00003.png
1,30425,95,83,9,7,87,76,26,Train/26/00026_00015_00005.png
1,17231,35,32,6,6,30,27,11,Train/11/00011_00006_00011.png
1,29937,88,88,7,8,81,81,25,Train/25/00025_00048_00027.png
1,27564,72,69,7,7,65,63,22,Train/22/00022_00008_00024.png
1,38480,69,64,6,5,63,59,40,Train/40/00040_00003_00021.png
1,39078,43,43,5,5,38,38,42,Train/42/00042_00003_00019.png
1,38505,60,61,5,6,54,55,40,Train/40/00040_00004_00016.png
1,19139,105,108,9,10,96,99,12,Train/12/00012_00025_00029.png
1,29240,54,49,5,6,49,44,25,Train/25/00025_00025_00020.png
1,4310,40,41,6,6,35,36,2,Train/2/00002_00050_00020.png
1,29252,40,35,6,5,35,30,25,Train/25/00025_00026_00002.png
1,15940,30,31,5,6,25,26,10,Train/10/00010_00030_00010.png
1,38547,123,117,10,10,113,107,40,Train/40/00040_00005_00028.png
1,8119,43,43,5,6,38,38,4,Train/4/00004_00055_00019.png
1,2034,69,68,7,6,63,62,1,Train/1/00001_00048_00024.png
1,36498,54,64,6,6,49,59,38,Train/38/00038_00016_00019.png
1,34418,33,31,6,5,27,26,35,Train/35/00035_00007_00009.png
1,12599,86,91,7,8,79,83,8,Train/8/00008_00014_00029.png
1,15097,35,32,6,5,30,27,10,Train/10/00010_00002_00007.png
1,28210,34,32,5,6,29,27,24,Train/24/00024_00000_00010.png
1,21433,52,43,6,6,47,38,13,Train/13/00013_00032_00013.png
1,36459,36,39,5,6,31,34,38,Train/38/00038_00015_00010.png
1,2691,97,97,8,9,89,89,1,Train/1/00001_00070_00021.png
1,33870,42,45,5,5,36,40,34,Train/34/00034_00003_00001.png
1,6142,51,45,5,6,46,40,3,Train/3/00003_00036_00022.png
1,28854,99,94,8,8,90,85,25,Train/25/00025_00012_00024.png
1,10029,31,29,5,5,26,24,5,Train/5/00005_00053_00009.png
1,35589,36,36,6,6,31,31,36,Train/36/00036_00006_00010.png
1,9073,39,38,6,6,33,33,5,Train/5/00005_00021_00013.png
1,28993,45,44,5,6,39,39,25,Train/25/00025_00017_00013.png
1,29876,84,85,8,8,77,78,25,Train/25/00025_00046_00026.png
1,28127,91,80,8,7,83,73,23,Train/23/00023_00014_00017.png
1,1932,51,51,5,5,46,46,1,Train/1/00001_00045_00012.png
1,25030,40,40,6,6,35,35,17,Train/17/00017_00019_00010.png
1,4122,39,38,6,5,34,33,2,Train/2/00002_00044_00012.png
1,32886,31,29,6,5,25,24,32,Train/32/00032_00001_00006.png
1,16503,29,30,5,5,24,24,10,Train/10/00010_00049_00003.png
1,6150,28,28,6,6,23,23,3,Train/3/00003_00037_00000.png
1,20911,60,56,6,5,55,51,13,Train/13/00013_00015_00001.png
1,3744,44,48,5,6,39,43,2,Train/2/00002_00031_00024.png
1,9598,71,74,7,6,65,68,5,Train/5/00005_00038_00028.png
1,8757,58,59,6,6,53,54,5,Train/5/00005_00010_00027.png
1,20222,38,38,5,5,33,33,12,Train/12/00012_00062_00002.png
1,28376,71,64,6,5,64,59,24,Train/24/00024_00005_00026.png
1,7676,55,55,5,5,50,50,4,Train/4/00004_00040_00026.png
1,15234,54,53,6,5,49,48,10,Train/10/00010_00006_00024.png
1,31882,57,51,6,6,52,46,30,Train/30/00030_00008_00022.png
1,32792,31,29,6,5,26,23,31,Train/31/00031_00024_00002.png
1,13887,95,92,8,8,87,84,9,Train/9/00009_00010_00027.png
1,20269,44,45,6,5,39,40,12,Train/12/00012_00063_00019.png
1,14625,44,43,6,5,39,38,9,Train/9/00009_00035_00015.png
1,29094,56,50,5,5,51,45,25,Train/25/00025_00020_00024.png
1,28114,80,71,8,7,73,65,23,Train/23/00023_00014_00004.png
1,15959,70,70,6,6,64,64,10,Train/10/00010_00030_00029.png
1,35678,31,31,6,5,25,25,36,Train/36/00036_00009_00009.png
1,13307,38,40,6,6,33,35,8,Train/8/00008_00038_00017.png
1,34110,29,28,6,5,24,23,34,Train/34/00034_00011_00001.png
1,23123,81,81,7,8,74,74,14,Train/14/00014_00016_00023.png
1,6012,59,59,5,5,53,54,3,Train/3/00003_00032_00012.png
1,31948,71,64,6,6,65,59,30,Train/30/00030_00010_00028.png
1,20825,40,35,6,5,35,30,13,Train/13/00013_00012_00005.png
1,8459,84,88,7,7,77,81,5,Train/5/00005_00000_00029.png
1,37118,41,42,5,5,36,37,38,Train/38/00038_00037_00009.png
1,34783,35,34,6,5,29,28,35,Train/35/00035_00019_00014.png
1,15896,57,56,6,5,52,51,10,Train/10/00010_00028_00026.png
1,38905,55,55,6,6,49,49,41,Train/41/00041_00005_00026.png
1,35368,62,73,5,7,57,67,35,Train/35/00035_00038_00029.png
1,17539,72,62,6,6,66,57,11,Train/11/00011_00016_00019.png
1,34394,41,41,5,5,35,36,35,Train/35/00035_00006_00015.png
1,13274,39,38,6,5,34,33,8,Train/8/00008_00037_00014.png
1,28914,80,73,7,7,73,66,25,Train/25/00025_00014_00024.png
1,3946,61,61,6,5,56,56,2,Train/2/00002_00038_00016.png
1,28449,44,46,6,5,39,41,24,Train/24/00024_00008_00009.png
1,10104,47,48,6,5,42,43,5,Train/5/00005_00055_00024.png
1,31670,47,42,6,6,42,37,30,Train/30/00030_00001_00020.png
1,14198,40,42,5,6,35,36,9,Train/9/00009_00021_00008.png
1,2429,62,67,5,6,57,61,1,Train/1/00001_00061_00029.png
1,18205,98,87,8,7,90,80,11,Train/11/00011_00038_00025.png
1,7700,44,45,5,6,39,40,4,Train/4/00004_00041_00020.png
1,27832,53,51,5,5,48,46,23,Train/23/00023_00004_00022.png
1,7873,51,49,6,5,46,44,4,Train/4/00004_00047_00013.png
1,7169,47,45,6,5,42,40,4,Train/4/00004_00023_00029.png
1,37756,50,52,6,6,45,47,38,Train/38/00038_00058_00017.png
1,12551,43,43,6,6,38,38,8,Train/8/00008_00013_00011.png
1,36358,92,94,7,8,84,86,38,Train/38/00038_00011_00029.png
1,12925,47,47,6,6,41,41,8,Train/8/00008_00025_00025.png
1,18191,58,54,5,6,53,48,11,Train/11/00011_00038_00011.png
1,17331,71,62,6,5,65,57,11,Train/11/00011_00009_00021.png
1,15437,50,49,6,5,45,44,10,Train/10/00010_00013_00017.png
1,2389,52,52,6,6,46,47,1,Train/1/00001_00060_00019.png
1,33334,50,50,6,5,45,45,33,Train/33/00033_00008_00004.png
1,20726,65,96,6,9,60,88,13,Train/13/00013_00008_00026.png
1,36277,39,37,6,6,34,32,38,Train/38/00038_00009_00008.png
1,1387,32,32,5,5,27,27,1,Train/1/00001_00027_00007.png
1,27201,69,61,7,6,63,56,21,Train/21/00021_00007_00021.png
1,26562,62,56,6,6,57,51,18,Train/18/00018_00033_00012.png
1,1108,92,94,8,8,84,86,1,Train/1/00001_00017_00028.png
1,34588,74,74,7,7,67,68,35,Train/35/00035_00012_00029.png
1,7257,57,60,5,6,52,55,4,Train/4/00004_00026_00027.png
1,38906,59,59,6,6,54,54,41,Train/41/00041_00005_00027.png
1,20228,40,39,6,5,35,34,12,Train/12/00012_00062_00008.png
1,19839,35,36,5,6,30,31,12,Train/12/00012_00049_00009.png
1,13746,30,29,6,5,25,24,9,Train/9/00009_00006_00006.png
1,9327,57,56,5,6,52,51,5,Train/5/00005_00029_00027.png
1,3795,34,36,6,6,29,31,2,Train/2/00002_00033_00015.png
1,31304,47,49,5,6,42,44,28,Train/28/00028_00016_00014.png
1,24134,40,41,5,5,35,36,16,Train/16/00016_00003_00014.png
1,30007,44,41,5,5,39,36,26,Train/26/00026_00001_00007.png
1,12081,51,52,6,5,46,46,7,Train/7/00007_00045_00021.png
1,26782,116,99,11,8,106,91,19,Train/19/00019_00000_00022.png
1,30756,44,39,6,5,39,34,27,Train/27/00027_00006_00006.png
1,36979,52,54,5,5,47,49,38,Train/38/00038_00032_00020.png
1,24396,28,29,5,6,23,24,16,Train/16/00016_00012_00006.png
1,14017,43,43,5,5,38,38,9,Train/9/00009_00015_00007.png
1,7127,37,39,5,6,32,34,4,Train/4/00004_00022_00017.png
1,4763,100,99,9,8,92,91,2,Train/2/00002_00065_00023.png
1,14753,41,41,5,5,36,36,9,Train/9/00009_00039_00023.png
1,5912,29,27,6,5,24,22,3,Train/3/00003_00029_00002.png
1,38797,34,37,5,6,29,31,41,Train/41/00041_00002_00008.png
1,29801,44,43,6,5,39,38,25,Train/25/00025_00044_00011.png
1,29774,49,46,5,5,44,41,25,Train/25/00025_00043_00014.png
1,13895,35,36,6,6,30,31,9,Train/9/00009_00011_00005.png
1,31313,67,69,6,6,61,63,28,Train/28/00028_00016_00023.png
1,16420,31,33,5,6,26,28,10,Train/10/00010_00046_00010.png
1,36021,58,58,6,5,53,53,38,Train/38/00038_00000_00022.png
1,18811,35,37,5,5,30,32,12,Train/12/00012_00015_00001.png
1,30653,80,72,7,6,73,66,27,Train/27/00027_00002_00023.png
1,6274,54,54,5,5,49,49,3,Train/3/00003_00041_00004.png
1,17221,30,27,6,5,25,22,11,Train/11/00011_00006_00001.png
1,10915,70,69,7,6,64,63,7,Train/7/00007_00006_00025.png
1,10713,28,28,6,6,23,23,7,Train/7/00007_00000_00003.png
1,8951,41,40,6,5,36,35,5,Train/5/00005_00017_00011.png
1,23044,41,52,6,6,36,47,14,Train/14/00014_00014_00004.png
1,14431,27,28,6,6,22,23,9,Train/9/00009_00029_00001.png
1,25896,32,30,5,5,27,25,18,Train/18/00018_00011_00006.png
1,16695,38,37,6,5,33,32,10,Train/10/00010_00055_00015.png
1,4235,31,29,6,5,26,24,2,Train/2/00002_00048_00005.png
1,1628,29,30,6,6,24,25,1,Train/1/00001_00035_00008.png
1,25108,72,62,6,5,66,57,17,Train/17/00017_00021_00028.png
1,35759,56,56,6,6,51,51,36,Train/36/00036_00012_00000.png
1,26660,74,75,7,7,68,69,18,Train/18/00018_00036_00020.png
1,18723,34,34,5,6,28,29,12,Train/12/00012_00012_00003.png
1,13142,28,28,6,5,23,23,8,Train/8/00008_00033_00002.png
1,35608,110,110,10,9,101,101,36,Train/36/00036_00006_00029.png
1,6006,51,52,6,5,46,47,3,Train/3/00003_00032_00006.png
1,31385,40,37,6,6,35,32,29,Train/29/00029_00001_00005.png
1,28703,99,87,8,8,91,80,25,Train/25/00025_00007_00023.png
1,28112,75,68,6,6,69,62,23,Train/23/00023_00014_00002.png
1,12810,30,26,6,5,25,21,8,Train/8/00008_00022_00000.png
1,32114,50,46,6,5,45,40,31,Train/31/00031_00001_00014.png
1,24390,27,27,6,6,22,22,16,Train/16/00016_00012_00000.png
1,30700,47,45,6,6,42,40,27,Train/27/00027_00004_00010.png
1,7776,30,31,5,5,25,26,4,Train/4/00004_00044_00006.png
1,19000,43,45,5,5,38,40,12,Train/12/00012_00021_00010.png
1,26215,78,70,7,6,71,64,18,Train/18/00018_00021_00025.png
1,1961,48,49,5,6,43,44,1,Train/1/00001_00046_00011.png
1,16708,60,60,5,5,55,55,10,Train/10/00010_00055_00028.png
1,3492,35,35,5,6,29,29,2,Train/2/00002_00023_00012.png
1,5025,37,38,5,6,32,33,2,Train/2/00002_00074_00015.png
1,38172,36,38,5,6,31,32,39,Train/39/00039_00003_00013.png
1,31411,38,35,6,6,33,30,29,Train/29/00029_00002_00001.png
1,2296,40,41,5,6,35,36,1,Train/1/00001_00057_00016.png
1,7944,52,51,5,6,46,46,4,Train/4/00004_00049_00024.png
1,1393,40,41,5,6,34,36,1,Train/1/00001_00027_00013.png
1,3975,35,36,5,5,30,31,2,Train/2/00002_00039_00015.png
1,36930,36,35,6,5,31,30,38,Train/38/00038_00031_00001.png
1,27967,42,39,6,5,37,34,23,Train/23/00023_00009_00007.png
1,7333,39,39,5,5,34,34,4,Train/4/00004_00029_00013.png
1,19695,45,45,6,6,40,40,12,Train/12/00012_00044_00015.png
1,9152,30,30,5,5,25,25,5,Train/5/00005_00024_00002.png
1,16664,41,41,6,6,36,36,10,Train/10/00010_00054_00014.png
1,37890,28,28,5,5,23,23,38,Train/38/00038_00063_00001.png
1,2143,38,39,6,5,33,34,1,Train/1/00001_00052_00013.png
1,32730,26,26,5,5,21,21,31,Train/31/00031_00022_00000.png
1,20780,65,61,6,6,60,56,13,Train/13/00013_00010_00020.png
1,25953,42,42,6,6,37,37,18,Train/18/00018_00013_00003.png
1,16799,72,73,7,7,66,67,10,Train/10/00010_00058_00029.png
1,21878,68,59,7,5,62,54,13,Train/13/00013_00047_00008.png
1,23947,95,111,9,10,87,102,15,Train/15/00015_00018_00007.png
1,19484,60,59,6,5,55,54,12,Train/12/00012_00037_00014.png
1,865,57,58,5,6,52,53,1,Train/1/00001_00009_00025.png
1,16614,60,60,5,5,55,55,10,Train/10/00010_00052_00024.png
1,6738,44,43,6,5,39,38,4,Train/4/00004_00009_00018.png
1,10021,27,27,5,5,22,22,5,Train/5/00005_00053_00001.png
1,37519,37,39,6,6,32,34,38,Train/38/00038_00050_00020.png
1,27607,34,33,6,5,29,28,22,Train/22/00022_00010_00007.png
1,13549,40,41,6,5,35,36,8,Train/8/00008_00046_00019.png
1,35555,34,35,5,6,28,29,36,Train/36/00036_00005_00006.png
1,26710,48,49,5,6,43,44,18,Train/18/00018_00038_00010.png
1,17229,33,30,6,5,28,25,11,Train/11/00011_00006_00009.png
1,18997,42,44,5,5,37,39,12,Train/12/00012_00021_00007.png
1,11492,26,27,5,6,21,22,7,Train/7/00007_00026_00002.png
1,30753,41,37,5,5,36,32,27,Train/27/00027_00006_00003.png
1,34449,50,49,5,5,45,44,35,Train/35/00035_00008_00010.png
1,33676,33,36,5,6,28,31,33,Train/33/00033_00019_00016.png
1,32061,46,43,5,5,41,38,30,Train/30/00030_00014_00021.png
1,6408,47,48,5,5,42,42,3,Train/3/00003_00045_00018.png
1,15676,50,49,6,5,45,44,10,Train/10/00010_00021_00016.png
1,5169,36,36,5,5,30,30,3,Train/3/00003_00004_00009.png
1,19810,44,48,6,6,39,43,12,Train/12/00012_00048_00010.png
1,8154,46,52,6,6,41,47,4,Train/4/00004_00056_00024.png
1,37031,35,36,6,5,30,31,38,Train/38/00038_00034_00012.png
1,36218,36,37,5,5,30,32,38,Train/38/00038_00007_00009.png
1,16875,42,34,6,5,37,29,10,Train/10/00010_00061_00015.png
1,31560,32,32,6,6,27,27,29,Train/29/00029_00007_00000.png
1,31691,47,43,6,6,42,38,30,Train/30/00030_00002_00011.png
1,39056,46,47,5,5,41,42,42,Train/42/00042_00002_00027.png
1,19622,57,58,5,6,52,53,12,Train/12/00012_00042_00002.png
1,27012,43,40,6,6,38,35,21,Train/21/00021_00001_00012.png
1,15410,43,43,5,5,38,38,10,Train/10/00010_00012_00020.png
1,28987,37,36,6,5,31,31,25,Train/25/00025_00017_00007.png
1,12994,29,27,6,5,24,22,8,Train/8/00008_00028_00004.png
1,30057,48,43,5,5,43,38,26,Train/26/00026_00002_00027.png
1,37617,50,50,5,5,45,45,38,Train/38/00038_00053_00028.png
1,2498,31,31,6,6,26,26,1,Train/1/00001_00064_00008.png
1,24802,29,29,6,5,24,24,17,Train/17/00017_00011_00022.png
1,13844,41,41,6,5,36,36,9,Train/9/00009_00009_00014.png
1,36528,45,43,5,5,40,38,38,Train/38/00038_00017_00019.png
1,32743,34,34,5,5,29,29,31,Train/31/00031_00022_00013.png
1,20990,73,64,7,5,67,59,13,Train/13/00013_00017_00020.png
1,12450,30,30,6,6,25,25,8,Train/8/00008_00010_00000.png
1,16324,27,27,5,6,22,22,10,Train/10/00010_00043_00004.png
1,629,71,67,6,6,65,61,1,Train/1/00001_00001_00029.png
1,27208,127,113,11,10,116,104,21,Train/21/00021_00007_00028.png
1,22623,51,49,5,6,46,44,14,Train/14/00014_00000_00003.png
1,36487,45,52,6,5,40,47,38,Train/38/00038_00016_00008.png
1,6368,31,30,6,5,26,25,3,Train/3/00003_00044_00008.png
1,28077,55,54,6,6,50,48,23,Train/23/00023_00012_00027.png
1,6163,35,38,5,6,30,33,3,Train/3/00003_00037_00013.png
1,27309,40,39,5,5,35,34,22,Train/22/00022_00000_00009.png
1,20782,70,64,7,5,63,59,13,Train/13/00013_00010_00022.png
1,36659,25,26,5,5,20,21,38,Train/38/00038_00022_00000.png
1,7474,31,30,6,5,26,25,4,Train/4/00004_00034_00004.png
1,14626,46,46,6,6,40,40,9,Train/9/00009_00035_00016.png
1,6302,31,32,6,6,26,27,3,Train/3/00003_00042_00002.png
1,15312,38,38,5,5,33,33,10,Train/10/00010_00009_00012.png
1,23228,48,50,6,5,43,45,14,Train/14/00014_00020_00008.png
1,7853,61,61,6,6,56,55,4,Train/4/00004_00046_00023.png
1,36109,50,52,5,5,44,46,38,Train/38/00038_00003_00020.png
1,32118,55,51,5,5,50,46,31,Train/31/00031_00001_00018.png
1,26510,48,46,6,6,43,40,18,Train/18/00018_00031_00020.png
1,24794,28,31,5,6,23,26,17,Train/17/00017_00011_00014.png
1,6344,31,34,5,6,26,29,3,Train/3/00003_00043_00014.png
1,5905,48,51,6,5,43,46,3,Train/3/00003_00028_00025.png
1,21532,98,106,8,10,90,97,13,Train/13/00013_00035_00022.png
1,13258,101,105,9,10,93,96,8,Train/8/00008_00036_00028.png
1,36814,28,28,6,5,23,22,38,Train/38/00038_00027_00005.png
1,35738,37,37,6,5,32,31,36,Train/36/00036_00011_00009.png
1,29534,40,38,6,6,34,32,25,Train/25/00025_00035_00014.png
1,36473,58,64,6,5,53,59,38,Train/38/00038_00015_00024.png
1,32075,43,39,6,5,38,34,31,Train/31/00031_00000_00005.png
1,22471,35,33,6,6,30,28,13,Train/13/00013_00067_00001.png
1,11358,42,41,6,6,37,36,7,Train/7/00007_00021_00018.png
1,28773,44,43,5,6,38,37,25,Train/25/00025_00010_00003.png
1,19102,64,65,5,6,59,60,12,Train/12/00012_00024_00022.png
1,34157,36,39,5,6,31,34,34,Train/34/00034_00012_00018.png
1,34752,39,38,6,5,33,32,35,Train/35/00035_00018_00013.png
1,35781,65,68,6,7,60,62,36,Train/36/00036_00012_00022.png
1,7223,69,68,6,6,63,62,4,Train/4/00004_00025_00023.png
1,22443,34,34,5,6,29,29,13,Train/13/00013_00066_00003.png
1,8214,51,50,6,5,46,45,4,Train/4/00004_00058_00024.png
1,34489,52,52,5,5,47,47,35,Train/35/00035_00009_00020.png
1,9543,28,26,5,5,23,21,5,Train/5/00005_00037_00003.png
1,9571,27,27,6,5,22,22,5,Train/5/00005_00038_00001.png
1,10930,38,38,6,6,33,33,7,Train/7/00007_00007_00010.png
1,26963,80,72,7,6,73,65,19,Train/19/00019_00006_00023.png
1,31465,92,84,9,8,84,77,29,Train/29/00029_00003_00025.png
1,39027,105,99,10,9,96,91,42,Train/42/00042_00001_00028.png
1,9492,38,38,5,5,33,32,5,Train/5/00005_00035_00012.png
1,29075,38,35,6,6,33,30,25,Train/25/00025_00020_00005.png
1,6024,88,97,8,8,81,89,3,Train/3/00003_00032_00024.png
1,14292,36,39,5,5,31,34,9,Train/9/00009_00024_00012.png
1,30220,39,37,5,6,34,32,26,Train/26/00026_00008_00010.png
1,18877,36,36,5,5,31,31,12,Train/12/00012_00017_00007.png
1,35902,51,53,5,6,45,47,37,Train/37/00037_00003_00023.png
1,37151,37,37,6,6,32,32,38,Train/38/00038_00038_00012.png
1,29712,52,50,5,6,47,45,25,Train/25/00025_00041_00012.png
1,16068,43,41,5,6,37,35,10,Train/10/00010_00034_00018.png
1,5423,54,53,6,5,49,48,3,Train/3/00003_00012_00023.png
1,2548,123,123,10,10,112,112,1,Train/1/00001_00065_00028.png
1,4577,61,61,6,6,56,56,2,Train/2/00002_00059_00017.png
1,27191,45,42,6,5,40,37,21,Train/21/00021_00007_00011.png
1,20789,74,74,6,6,68,68,13,Train/13/00013_00010_00029.png
1,21698,64,57,6,5,59,52,13,Train/13/00013_00041_00008.png
1,33139,44,46,5,6,39,40,33,Train/33/00033_00001_00019.png
1,32559,38,37,5,5,33,32,31,Train/31/00031_00016_00009.png
1,13460,43,42,6,6,38,37,8,Train/8/00008_00043_00020.png
1,4928,28,28,5,5,23,23,2,Train/2/00002_00071_00008.png
1,29103,32,31,6,5,27,26,25,Train/25/00025_00021_00003.png
1,2515,72,73,7,7,66,67,1,Train/1/00001_00064_00025.png
1,21949,56,51,5,5,50,45,13,Train/13/00013_00049_00019.png
1,29270,59,57,5,5,54,52,25,Train/25/00025_00026_00020.png
1,14652,45,45,6,6,40,40,9,Train/9/00009_00036_00012.png
1,26606,82,72,7,6,74,66,18,Train/18/00018_00034_00026.png
1,36822,30,32,5,6,25,27,38,Train/38/00038_00027_00013.png
1,30089,167,163,14,14,153,149,26,Train/26/00026_00003_00029.png
1,4664,45,47,5,6,40,42,2,Train/2/00002_00062_00014.png
1,16145,30,29,6,6,25,24,10,Train/10/00010_00037_00005.png
1,5936,63,64,5,6,57,58,3,Train/3/00003_00029_00026.png
1,20420,42,41,6,6,37,36,12,Train/12/00012_00068_00020.png
1,32062,49,47,5,6,44,42,30,Train/30/00030_00014_00022.png
1,25660,54,51,6,6,48,45,18,Train/18/00018_00003_00010.png
1,24407,38,39,5,6,33,34,16,Train/16/00016_00012_00017.png
1,32864,35,35,5,5,30,30,32,Train/32/00032_00000_00014.png
1,28754,38,37,5,6,33,32,25,Train/25/00025_00009_00014.png
1,12308,34,35,6,6,29,30,8,Train/8/00008_00005_00008.png
1,7510,37,37,6,6,32,32,4,Train/4/00004_00035_00010.png
1,37953,28,30,5,6,23,25,38,Train/38/00038_00065_00004.png
1,34814,41,41,5,5,36,36,35,Train/35/00035_00020_00015.png
1,13039,52,53,5,6,47,48,8,Train/8/00008_00029_00019.png
1,9275,34,32,5,5,29,27,5,Train/5/00005_00028_00005.png
1,15047,45,46,5,5,40,41,10,Train/10/00010_00000_00017.png
1,38647,31,31,6,6,25,25,40,Train/40/00040_00009_00008.png
1,17018,31,29,6,6,26,24,10,Train/10/00010_00066_00008.png
1,10376,72,72,6,6,66,66,6,Train/6/00006_00002_00026.png
1,27093,32,29,5,5,27,24,21,Train/21/00021_00004_00003.png
1,7472,30,29,6,5,25,24,4,Train/4/00004_00034_00002.png
1,35438,37,35,6,6,32,30,36,Train/36/00036_00001_00009.png
1,30996,45,42,6,6,40,37,28,Train/28/00028_00006_00006.png
1,30598,167,151,14,13,152,138,27,Train/27/00027_00000_00028.png
1,31298,40,42,6,6,35,37,28,Train/28/00028_00016_00008.png
1,9747,54,54,6,6,49,49,5,Train/5/00005_00043_00027.png
1,4727,38,39,5,6,33,33,2,Train/2/00002_00064_00017.png
1,3080,76,74,6,7,69,68,2,Train/2/00002_00009_00020.png
1,9486,32,32,6,6,27,27,5,Train/5/00005_00035_00006.png
1,25513,30,30,5,5,25,25,17,Train/17/00017_00035_00013.png
1,20499,33,35,5,5,28,29,13,Train/13/00013_00001_00009.png
1,28239,60,63,6,6,54,58,24,Train/24/00024_00001_00009.png
1,2170,61,64,6,6,56,59,1,Train/1/00001_00053_00010.png
1,29818,112,106,9,9,103,97,25,Train/25/00025_00044_00028.png
1,9227,39,35,6,6,34,30,5,Train/5/00005_00026_00017.png
1,31262,31,30,5,5,26,25,28,Train/28/00028_00015_00002.png
1,37243,33,36,5,6,28,31,38,Train/38/00038_00041_00014.png
1,9602,26,29,5,6,21,24,5,Train/5/00005_00039_00002.png
1,8925,43,43,5,5,38,38,5,Train/5/00005_00016_00015.png
1,24395,28,29,5,6,23,24,16,Train/16/00016_00012_00005.png
1,34447,48,46,6,5,43,41,35,Train/35/00035_00008_00008.png
1,5850,28,29,6,5,23,24,3,Train/3/00003_00027_00000.png
1,18009,46,45,6,5,40,40,11,Train/11/00011_00032_00009.png
1,24462,27,32,5,6,21,27,17,Train/17/00017_00000_00012.png
1,8341,26,26,5,5,21,21,4,Train/4/00004_00063_00001.png
1,1328,31,30,6,5,26,25,1,Train/1/00001_00025_00008.png
1,35972,42,43,6,6,37,38,37,Train/37/00037_00006_00003.png
1,27969,44,41,5,5,39,36,23,Train/23/00023_00009_00009.png
1,4785,39,42,5,6,33,37,2,Train/2/00002_00066_00015.png
1,33784,29,36,6,5,24,31,34,Train/34/00034_00000_00005.png
1,19003,48,49,6,6,43,44,12,Train/12/00012_00021_00013.png
1,35384,44,43,6,5,39,38,35,Train/35/00035_00039_00015.png
1,13643,64,69,5,7,59,63,9,Train/9/00009_00002_00023.png
1,21089,165,144,14,13,151,131,13,Train/13/00013_00020_00029.png
1,18983,52,52,5,6,47,47,12,Train/12/00012_00020_00023.png
1,5699,110,113,9,10,101,104,3,Train/3/00003_00021_00029.png
1,39111,55,54,5,5,50,49,42,Train/42/00042_00004_00022.png
1,6371,34,35,6,6,29,30,3,Train/3/00003_00044_00011.png
1,14790,28,29,6,6,23,24,9,Train/9/00009_00041_00000.png
1,22522,119,92,11,8,109,84,13,Train/13/00013_00068_00022.png
1,30918,54,52,5,6,49,47,28,Train/28/00028_00003_00018.png
1,8687,48,48,6,6,43,43,5,Train/5/00005_00008_00017.png
1,22700,53,53,6,6,48,48,14,Train/14/00014_00002_00020.png
1,17827,54,51,5,5,49,46,11,Train/11/00011_00026_00007.png
1,20891,58,53,6,6,52,47,13,Train/13/00013_00014_00011.png
1,9934,31,31,6,6,26,26,5,Train/5/00005_00050_00004.png
1,17402,38,37,6,6,33,32,11,Train/11/00011_00012_00002.png
1,12094,29,29,6,6,24,24,7,Train/7/00007_00046_00004.png
1,11629,35,35,5,5,30,30,7,Train/7/00007_00030_00019.png
1,27461,38,35,5,5,33,30,22,Train/22/00022_00005_00011.png
1,9694,32,33,6,5,27,28,5,Train/5/00005_00042_00004.png
1,3338,31,31,6,6,26,26,2,Train/2/00002_00018_00008.png
1,25856,49,47,5,5,44,42,18,Train/18/00018_00009_00026.png
1,37619,27,26,6,5,22,21,38,Train/38/00038_00054_00000.png
1,21293,37,36,6,6,32,31,13,Train/13/00013_00027_00023.png
1,13815,34,34,5,5,28,28,9,Train/9/00009_00008_00015.png
1,26087,46,41,6,6,41,36,18,Train/18/00018_00017_00017.png
1,31260,28,26,6,5,23,21,28,Train/28/00028_00015_00000.png
1,39121,27,27,5,5,21,21,42,Train/42/00042_00005_00002.png
1,2284,31,32,6,6,26,26,1,Train/1/00001_00057_00004.png
1,1491,55,71,5,7,49,64,1,Train/1/00001_00030_00021.png
1,31976,98,99,9,8,90,91,30,Train/30/00030_00011_00026.png
1,18854,38,36,6,5,33,31,12,Train/12/00012_00016_00014.png
1,17828,55,51,6,5,50,46,11,Train/11/00011_00026_00008.png
1,29573,60,54,5,5,55,49,25,Train/25/00025_00036_00023.png
1,21369,41,39,5,5,35,33,13,Train/13/00013_00030_00009.png
1,4170,31,31,5,5,26,26,2,Train/2/00002_00046_00000.png
1,20131,29,30,6,6,24,25,12,Train/12/00012_00059_00001.png
1,27535,117,100,11,9,107,92,22,Train/22/00022_00007_00025.png
1,25478,31,30,6,5,26,25,17,Train/17/00017_00034_00008.png
1,35024,38,39,5,6,33,34,35,Train/35/00035_00027_00015.png
1,26410,44,45,5,6,39,40,18,Train/18/00018_00028_00010.png
1,4765,119,118,11,10,109,108,2,Train/2/00002_00065_00025.png
1,3414,49,54,5,6,44,49,2,Train/2/00002_00020_00024.png
1,19089,51,50,6,5,46,45,12,Train/12/00012_00024_00009.png
1,30045,37,35,6,5,32,30,26,Train/26/00026_00002_00015.png
1,6533,61,62,6,6,56,57,4,Train/4/00004_00002_00023.png
1,28782,50,47,6,5,45,42,25,Train/25/00025_00010_00012.png
1,23310,34,34,5,5,29,29,14,Train/14/00014_00023_00000.png
1,16944,49,51,5,6,44,46,10,Train/10/00010_00063_00024.png
1,5431,29,29,6,6,24,24,3,Train/3/00003_00013_00001.png
1,15531,45,44,6,5,40,39,10,Train/10/00010_00016_00021.png
1,14224,34,34,6,5,29,29,9,Train/9/00009_00022_00004.png
1,25842,35,34,6,5,30,29,18,Train/18/00018_00009_00012.png
1,33567,51,68,5,6,45,62,33,Train/33/00033_00015_00027.png
1,22711,43,44,6,6,38,39,14,Train/14/00014_00003_00001.png
1,30397,59,52,6,5,54,47,26,Train/26/00026_00014_00007.png
1,19400,94,92,8,8,86,84,12,Train/12/00012_00034_00020.png
1,36387,45,46,5,5,40,41,38,Train/38/00038_00012_00028.png
1,26362,71,67,6,6,65,61,18,Train/18/00018_00026_00022.png
1,2153,63,64,6,6,58,59,1,Train/1/00001_00052_00023.png
1,13696,39,38,6,5,34,33,9,Train/9/00009_00004_00016.png
1,24231,112,113,9,10,102,103,16,Train/16/00016_00006_00021.png
1,7215,47,46,5,6,42,41,4,Train/4/00004_00025_00015.png
1,23175,68,68,7,6,62,62,14,Train/14/00014_00018_00015.png
1,8315,34,33,6,6,29,28,4,Train/4/00004_00062_00005.png
1,8795,31,32,5,6,25,26,5,Train/5/00005_00012_00005.png
1,32336,82,74,7,7,75,68,31,Train/31/00031_00008_00026.png
1,32870,44,45,5,6,39,40,32,Train/32/00032_00000_00020.png
1,6783,30,29,6,5,25,24,4,Train/4/00004_00011_00003.png
1,19197,72,72,6,6,66,66,12,Train/12/00012_00027_00027.png
1,15804,52,53,5,5,47,48,10,Train/10/00010_00025_00024.png
1,5588,36,36,5,5,31,31,3,Train/3/00003_00018_00008.png
1,18518,52,52,6,6,47,47,12,Train/12/00012_00005_00008.png
1,36868,34,34,6,5,29,29,38,Train/38/00038_00028_00029.png
1,1784,46,49,5,6,41,44,1,Train/1/00001_00040_00014.png
1,1146,31,31,6,5,26,26,1,Train/1/00001_00019_00006.png
1,33738,44,49,5,6,38,44,33,Train/33/00033_00021_00019.png
1,17065,82,77,7,7,75,71,11,Train/11/00011_00000_00025.png
1,1779,40,42,5,5,35,37,1,Train/1/00001_00040_00009.png
1,20247,128,127,12,11,117,116,12,Train/12/00012_00062_00027.png
1,34130,73,73,7,7,67,67,34,Train/34/00034_00011_00021.png
1,25185,40,42,6,6,35,37,17,Train/17/00017_00024_00015.png
1,30822,40,39,5,5,35,34,28,Train/28/00028_00000_00012.png
1,2317,34,36,5,6,29,31,1,Train/1/00001_00058_00007.png
1,28025,52,47,5,5,47,42,23,Train/23/00023_00011_00005.png
1,1858,103,104,9,10,94,95,1,Train/1/00001_00042_00028.png
1,34738,155,146,14,13,142,134,35,Train/35/00035_00017_00029.png
1,28313,109,96,9,8,100,88,24,Train/24/00024_00003_00023.png
1,16396,47,49,6,6,42,44,10,Train/10/00010_00045_00016.png
1,11210,61,62,5,6,56,57,7,Train/7/00007_00016_00020.png
1,8651,36,36,5,5,31,31,5,Train/5/00005_00007_00011.png
1,26794,33,32,5,6,27,27,19,Train/19/00019_00001_00004.png
1,9722,31,30,6,5,26,25,5,Train/5/00005_00043_00002.png
1,36244,30,30,6,6,25,25,38,Train/38/00038_00008_00005.png
1,31521,67,58,6,6,61,53,29,Train/29/00029_00005_00021.png
1,12122,27,27,6,6,22,22,7,Train/7/00007_00047_00002.png
1,13220,45,46,5,6,40,41,8,Train/8/00008_00035_00020.png
1,7855,70,71,6,7,64,65,4,Train/4/00004_00046_00025.png
1,29808,56,52,6,5,51,47,25,Train/25/00025_00044_00018.png
1,32365,87,80,7,8,80,73,31,Train/31/00031_00009_00025.png
1,6292,99,99,8,8,91,91,3,Train/3/00003_00041_00022.png
1,33963,28,31,5,6,23,26,34,Train/34/00034_00006_00004.png
1,13324,33,33,5,6,28,28,8,Train/8/00008_00039_00004.png
1,11377,38,39,5,6,32,33,7,Train/7/00007_00022_00007.png
1,9144,57,57,6,6,52,52,5,Train/5/00005_00023_00024.png
1,27382,73,70,7,6,67,64,22,Train/22/00022_00002_00022.png
1,21140,69,77,6,7,63,71,13,Train/13/00013_00022_00020.png
1,21516,45,51,6,5,40,46,13,Train/13/00013_00035_00006.png
1,11954,40,40,6,6,35,35,7,Train/7/00007_00041_00014.png
1,2506,39,39,5,5,33,33,1,Train/1/00001_00064_00016.png
1,3622,45,45,6,6,40,40,2,Train/2/00002_00027_00022.png
1,7529,117,131,11,12,107,120,4,Train/4/00004_00035_00029.png
1,1570,34,36,5,6,29,30,1,Train/1/00001_00033_00010.png
1,20091,47,49,5,5,42,44,12,Train/12/00012_00057_00021.png
1,4843,37,37,6,6,32,31,2,Train/2/00002_00068_00013.png
1,26824,46,43,6,6,41,37,19,Train/19/00019_00002_00004.png
1,12830,48,47,5,5,43,41,8,Train/8/00008_00022_00020.png
1,4490,49,48,6,5,44,43,2,Train/2/00002_00056_00020.png
1,35337,71,76,6,6,65,70,35,Train/35/00035_00037_00028.png
1,37521,37,38,6,5,32,33,38,Train/38/00038_00050_00022.png
1,22436,91,76,8,6,83,70,13,Train/13/00013_00065_00026.png
1,19365,48,52,6,5,43,47,12,Train/12/00012_00033_00015.png
1,19155,43,42,6,6,38,37,12,Train/12/00012_00026_00015.png
1,30358,76,70,7,7,69,64,26,Train/26/00026_00012_00028.png
1,3985,52,51,6,5,47,46,2,Train/2/00002_00039_00025.png
1,6347,36,37,6,5,31,32,3,Train/3/00003_00043_00017.png
1,37437,34,33,6,6,28,28,38,Train/38/00038_00047_00028.png
1,3881,38,36,5,5,33,31,2,Train/2/00002_00036_00011.png
1,17400,37,37,5,6,32,32,11,Train/11/00011_00012_00000.png
1,309,38,35,5,6,33,30,20,Train/20/00020_00010_00009.png
1,4094,36,34,6,5,30,29,2,Train/2/00002_00043_00014.png
1,32376,32,31,5,6,27,26,31,Train/31/00031_00010_00006.png
1,14702,33,35,5,6,28,29,9,Train/9/00009_00038_00002.png
1,11810,46,45,5,6,41,40,7,Train/7/00007_00036_00020.png
1,31523,75,65,6,6,69,60,29,Train/29/00029_00005_00023.png
1,6114,58,58,5,5,52,52,3,Train/3/00003_00035_00024.png
1,9915,37,39,6,6,32,34,5,Train/5/00005_00049_00015.png
1,33721,35,37,6,6,30,32,33,Train/33/00033_00021_00002.png
1,13221,48,48,6,6,43,43,8,Train/8/00008_00035_00021.png
1,35765,55,55,5,6,50,50,36,Train/36/00036_00012_00006.png
1,29453,52,47,6,6,46,42,25,Train/25/00025_00032_00023.png
1,12095,30,29,6,5,25,24,7,Train/7/00007_00046_00005.png
1,980,58,61,5,5,53,56,1,Train/1/00001_00013_00020.png
1,19405,110,111,9,10,101,102,12,Train/12/00012_00034_00025.png
1,22425,51,46,6,6,46,41,13,Train/13/00013_00065_00015.png
1,33956,55,62,5,5,50,56,34,Train/34/00034_00005_00027.png
1,23546,64,64,5,5,58,58,15,Train/15/00015_00004_00026.png
1,8514,39,42,5,6,33,36,5,Train/5/00005_00002_00024.png
1,4618,121,119,10,10,111,109,2,Train/2/00002_00060_00028.png
1,22584,135,123,11,11,124,113,13,Train/13/00013_00070_00024.png
1,5714,34,36,5,5,29,31,3,Train/3/00003_00022_00014.png
1,3919,43,42,5,5,38,37,2,Train/2/00002_00037_00019.png
1,9758,37,37,6,5,32,32,5,Train/5/00005_00044_00008.png
1,26117,70,63,6,5,64,58,18,Train/18/00018_00018_00017.png
1,2492,27,27,6,5,22,22,1,Train/1/00001_00064_00002.png
1,1059,39,41,6,6,34,36,1,Train/1/00001_00016_00009.png
1,24627,61,62,5,6,56,57,17,Train/17/00017_00005_00027.png
1,2079,42,39,6,5,37,34,1,Train/1/00001_00050_00009.png
1,2822,28,28,6,6,23,23,2,Train/2/00002_00001_00002.png
1,1601,38,37,6,5,33,32,1,Train/1/00001_00034_00011.png
1,15231,48,47,6,5,43,42,10,Train/10/00010_00006_00021.png
1,16698,41,42,5,6,36,37,10,Train/10/00010_00055_00018.png
1,15311,38,39,5,6,33,34,10,Train/10/00010_00009_00011.png
1,23861,35,41,6,5,30,36,15,Train/15/00015_00015_00011.png
1,5830,30,30,5,5,25,25,3,Train/3/00003_00026_00010.png
1,34943,47,49,6,6,42,44,35,Train/35/00035_00024_00024.png
1,26765,72,60,6,5,65,55,19,Train/19/00019_00000_00005.png
1,16270,33,33,6,6,28,28,10,Train/10/00010_00041_00010.png
1,30672,48,47,5,5,43,42,27,Train/27/00027_00003_00012.png
1,26082,40,35,6,5,35,30,18,Train/18/00018_00017_00012.png
1,2213,71,70,6,6,65,64,1,Train/1/00001_00054_00023.png
1,7264,31,30,6,5,26,25,4,Train/4/00004_00027_00004.png
1,7282,47,47,6,6,42,42,4,Train/4/00004_00027_00022.png
1,32859,29,30,5,5,24,25,32,Train/32/00032_00000_00009.png
1,22218,39,40,5,5,33,34,13,Train/13/00013_00058_00018.png
1,7550,56,56,5,5,51,51,4,Train/4/00004_00036_00020.png
1,3531,46,47,5,5,41,42,2,Train/2/00002_00024_00021.png
1,24451,28,33,6,6,22,28,17,Train/17/00017_00000_00001.png
1,11758,56,61,5,5,51,56,7,Train/7/00007_00034_00028.png
1,16929,30,32,5,6,24,26,10,Train/10/00010_00063_00009.png
1,1305,30,29,6,6,24,23,1,Train/1/00001_00024_00015.png
1,34911,56,55,5,5,51,50,35,Train/35/00035_00023_00022.png
1,27397,44,40,6,6,39,35,22,Train/22/00022_00003_00007.png
1,198,45,42,5,6,40,36,20,Train/20/00020_00006_00018.png
1,33696,33,33,6,6,28,28,33,Train/33/00033_00020_00007.png
1,2559,42,44,5,6,37,38,1,Train/1/00001_00066_00009.png
1,35423,54,54,5,5,49,49,36,Train/36/00036_00000_00024.png
1,257,40,40,6,6,35,35,20,Train/20/00020_00008_00017.png
1,9537,69,68,7,7,63,62,5,Train/5/00005_00036_00027.png
1,5462,29,29,5,5,24,24,3,Train/3/00003_00014_00002.png
1,24391,27,27,5,5,22,22,16,Train/16/00016_00012_00001.png
1,38858,32,31,6,5,27,26,41,Train/41/00041_00004_00009.png
1,28833,54,52,5,6,49,47,25,Train/25/00025_00012_00003.png
1,34993,42,42,5,5,37,37,35,Train/35/00035_00026_00014.png
1,14478,39,40,6,5,34,34,9,Train/9/00009_00030_00018.png
1,2278,108,110,9,10,99,101,1,Train/1/00001_00056_00028.png
1,15384,71,70,7,6,65,64,10,Train/10/00010_00011_00024.png
1,9567,51,46,6,5,46,41,5,Train/5/00005_00037_00027.png
1,9037,28,28,5,5,23,23,5,Train/5/00005_00020_00007.png
1,37407,68,65,6,6,62,60,38,Train/38/00038_00046_00028.png
1,36014,41,43,5,6,36,38,38,Train/38/00038_00000_00015.png
1,19394,73,73,7,7,67,67,12,Train/12/00012_00034_00014.png
1,6438,40,40,5,6,35,34,3,Train/3/00003_00046_00018.png
1,12893,50,50,5,5,45,45,8,Train/8/00008_00024_00023.png
1,6982,42,46,5,6,36,40,4,Train/4/00004_00017_00022.png
1,9895,60,59,6,6,55,54,5,Train/5/00005_00048_00025.png
1,37173,31,31,6,6,26,26,38,Train/38/00038_00039_00004.png
1,34397,48,50,5,6,43,44,35,Train/35/00035_00006_00018.png
1,10800,30,31,5,6,25,26,7,Train/7/00007_00003_00000.png
1,29095,59,52,6,5,54,47,25,Train/25/00025_00020_00025.png
1,29896,94,85,8,8,86,78,25,Train/25/00025_00047_00016.png
1,14538,49,49,5,5,44,44,9,Train/9/00009_00032_00018.png
1,34128,64,65,5,6,59,60,34,Train/34/00034_00011_00019.png
1,30420,91,81,8,7,83,74,26,Train/26/00026_00015_00000.png
1,6669,34,33,6,6,28,28,4,Train/4/00004_00007_00009.png
1,37233,28,30,6,5,23,25,38,Train/38/00038_00041_00004.png
1,13907,50,51,6,6,45,46,9,Train/9/00009_00011_00017.png
1,27508,89,83,8,7,82,76,22,Train/22/00022_00006_00028.png
1,15251,41,40,6,5,36,35,10,Train/10/00010_00007_00011.png
1,16669,47,47,5,5,42,42,10,Train/10/00010_00054_00019.png
1,32097,125,116,11,10,115,106,31,Train/31/00031_00000_00027.png
1,19035,44,43,6,6,39,38,12,Train/12/00012_00022_00015.png
1,26501,43,39,6,5,38,33,18,Train/18/00018_00031_00011.png
1,24459,25,31,5,5,20,25,17,Train/17/00017_00000_00009.png
1,4317,52,57,5,6,47,52,2,Train/2/00002_00050_00027.png
1,3747,51,54,6,6,46,49,2,Train/2/00002_00031_00027.png
1,31566,37,39,5,6,32,33,29,Train/29/00029_00007_00006.png
1,28163,103,87,9,7,94,80,23,Train/23/00023_00015_00023.png
1,23069,166,180,14,15,152,165,14,Train/14/00014_00014_00029.png
1,20012,31,31,5,5,26,26,12,Train/12/00012_00055_00002.png
1,25756,61,55,6,5,56,50,18,Train/18/00018_00006_00016.png
1,19203,28,28,5,5,23,23,12,Train/12/00012_00028_00003.png
1,8759,62,64,6,6,57,59,5,Train/5/00005_00010_00029.png
1,31717,47,40,6,5,42,35,30,Train/30/00030_00003_00007.png
1,5304,63,67,6,6,58,61,3,Train/3/00003_00008_00024.png
1,17521,39,38,6,6,34,33,11,Train/11/00011_00016_00001.png
1,18814,36,37,6,5,31,32,12,Train/12/00012_00015_00004.png
1,20265,36,39,5,6,31,34,12,Train/12/00012_00063_00015.png
1,36082,68,68,7,6,62,62,38,Train/38/00038_00002_00023.png
1,12445,49,49,6,6,44,44,8,Train/8/00008_00009_00025.png
1,29879,106,105,9,9,97,96,25,Train/25/00025_00046_00029.png
1,15984,54,49,6,5,48,44,10,Train/10/00010_00031_00024.png
1,3165,63,60,6,5,58,55,2,Train/2/00002_00012_00015.png
1,22647,144,143,12,13,132,131,14,Train/14/00014_00000_00027.png
1,31561,33,32,6,5,28,27,29,Train/29/00029_00007_00001.png
1,1044,68,69,7,7,62,63,1,Train/1/00001_00015_00024.png
1,20587,32,30,5,6,27,24,13,Train/13/00013_00004_00007.png
1,7746,31,30,6,6,25,25,4,Train/4/00004_00043_00006.png
1,29191,39,38,6,6,34,33,25,Train/25/00025_00024_00001.png
1,11161,33,34,5,5,28,29,7,Train/7/00007_00015_00001.png
1,21974,41,43,6,5,35,37,13,Train/13/00013_00050_00014.png
1,13299,32,33,5,5,27,28,8,Train/8/00008_00038_00009.png
1,17070,47,48,5,5,42,43,11,Train/11/00011_00001_00000.png
1,29335,110,106,9,9,101,97,25,Train/25/00025_00028_00025.png
1,36048,48,59,6,5,42,54,38,Train/38/00038_00001_00019.png
1,836,60,65,6,6,55,60,1,Train/1/00001_00008_00026.png
1,13116,31,33,6,6,26,28,8,Train/8/00008_00032_00006.png
1,31222,92,87,9,8,84,80,28,Train/28/00028_00013_00022.png
1,20879,86,74,8,7,78,67,13,Train/13/00013_00013_00029.png
1,7946,57,58,5,6,52,52,4,Train/4/00004_00049_00026.png
1,19255,74,73,7,7,68,67,12,Train/12/00012_00029_00025.png
1,21125,47,46,6,5,42,41,13,Train/13/00013_00022_00005.png
1,21595,96,96,9,9,88,88,13,Train/13/00013_00037_00025.png
1,29241,55,50,5,6,50,45,25,Train/25/00025_00025_00021.png
1,27794,68,63,6,5,62,57,23,Train/23/00023_00003_00014.png
1,22047,77,69,6,6,70,63,13,Train/13/00013_00052_00027.png
1,734,42,40,5,6,37,35,1,Train/1/00001_00005_00014.png
1,20176,52,52,5,5,47,47,12,Train/12/00012_00060_00016.png
1,17576,91,81,8,7,83,74,11,Train/11/00011_00017_00026.png
1,29708,47,43,5,5,42,38,25,Train/25/00025_00041_00008.png
1,388,124,127,10,11,113,116,0,Train/0/00000_00000_00028.png
1,7983,31,31,5,6,26,26,4,Train/4/00004_00051_00003.png
1,13005,34,31,5,5,29,26,8,Train/8/00008_00028_00015.png
1,31663,39,36,5,5,34,31,30,Train/30/00030_00001_00013.png
1,14475,36,37,5,5,31,32,9,Train/9/00009_00030_00015.png
1,8716,47,47,6,6,42,42,5,Train/5/00005_00009_00016.png
1,525,42,39,6,5,36,34,0,Train/0/00000_00005_00015.png
1,18056,107,97,10,8,97,88,11,Train/11/00011_00033_00026.png
1,21611,46,44,5,6,41,39,13,Train/13/00013_00038_00011.png
1,10132,58,57,6,6,53,52,5,Train/5/00005_00056_00022.png
1,35011,29,28,6,6,23,22,35,Train/35/00035_00027_00002.png
1,20427,69,67,6,6,63,61,12,Train/12/00012_00068_00027.png
1,30776,62,60,6,6,57,55,27,Train/27/00027_00006_00026.png
1,1165,49,52,5,6,44,47,1,Train/1/00001_00019_00025.png
1,45,45,41,5,6,40,35,20,Train/20/00020_00001_00015.png
1,2962,52,52,6,5,47,47,2,Train/2/00002_00005_00022.png
1,2954,38,38,5,5,33,33,2,Train/2/00002_00005_00014.png
1,31716,47,41,6,6,42,36,30,Train/30/00030_00003_00006.png
1,9775,60,68,5,6,55,62,5,Train/5/00005_00044_00025.png
1,27591,64,57,5,6,59,52,22,Train/22/00022_00009_00021.png
1,4345,82,81,8,8,75,74,2,Train/2/00002_00051_00025.png
1,3084,98,91,9,8,90,83,2,Train/2/00002_00009_00024.png
1,4368,76,75,6,7,70,69,2,Train/2/00002_00052_00018.png
1,19044,60,59,6,6,55,54,12,Train/12/00012_00022_00024.png
1,38222,34,34,6,6,29,29,39,Train/39/00039_00005_00003.png
1,29526,33,32,6,6,28,26,25,Train/25/00025_00035_00006.png
1,32141,43,41,5,5,38,36,31,Train/31/00031_00002_00011.png
1,20011,32,31,6,5,27,26,12,Train/12/00012_00055_00001.png
1,25230,28,28,6,6,23,23,17,Train/17/00017_00026_00000.png
1,2425,54,54,6,5,49,49,1,Train/1/00001_00061_00025.png
1,6040,33,34,5,5,27,28,3,Train/3/00003_00033_00010.png
1,22702,57,57,6,6,51,51,14,Train/14/00014_00002_00022.png
1,21074,52,49,5,6,46,43,13,Train/13/00013_00020_00014.png
1,34042,53,56,5,6,48,51,34,Train/34/00034_00008_00023.png
1,33092,27,27,5,5,22,21,33,Train/33/00033_00000_00002.png
1,31497,101,97,9,9,93,88,29,Train/29/00029_00004_00027.png
1,19440,38,39,5,6,33,34,12,Train/12/00012_00036_00000.png
1,20043,41,41,6,6,36,36,12,Train/12/00012_00056_00003.png
1,33673,32,34,5,5,27,28,33,Train/33/00033_00019_00013.png
1,25633,46,42,6,5,41,36,18,Train/18/00018_00002_00013.png
1,2392,58,59,6,6,53,54,1,Train/1/00001_00060_00022.png
1,7395,34,35,6,6,29,30,4,Train/4/00004_00031_00015.png
1,18512,48,44,6,5,42,38,12,Train/12/00012_00005_00002.png
1,3330,29,29,6,6,24,24,2,Train/2/00002_00018_00000.png
1,24258,38,38,6,5,33,33,16,Train/16/00016_00007_00018.png
1,19694,42,42,6,6,37,37,12,Train/12/00012_00044_00014.png
1,19821,64,69,5,6,59,63,12,Train/12/00012_00048_00021.png
1,27495,42,38,5,5,37,33,22,Train/22/00022_00006_00015.png
1,19021,35,34,6,5,30,29,12,Train/12/00012_00022_00001.png
1,35920,33,32,6,5,27,27,37,Train/37/00037_00004_00011.png
1,34568,36,37,5,5,31,32,35,Train/35/00035_00012_00009.png
1,5000,48,46,6,5,42,41,2,Train/2/00002_00073_00020.png
1,28616,70,62,7,6,64,57,25,Train/25/00025_00004_00026.png
1,35850,28,28,5,5,23,23,37,Train/37/00037_00002_00001.png
1,28397,54,51,5,6,49,46,24,Train/24/00024_00006_00017.png
1,1979,123,123,10,10,113,113,1,Train/1/00001_00046_00029.png
1,13876,54,54,6,6,49,49,9,Train/9/00009_00010_00016.png
1,25863,72,64,6,5,65,59,18,Train/18/00018_00010_00003.png
1,26702,40,39,6,5,35,34,18,Train/18/00018_00038_00002.png
1,19715,38,41,5,6,33,36,12,Train/12/00012_00045_00005.png
1,6078,43,44,5,5,38,39,3,Train/3/00003_00034_00018.png
1,20124,86,75,7,6,79,69,12,Train/12/00012_00058_00024.png
1,11443,37,37,5,6,32,32,7,Train/7/00007_00024_00013.png
1,23033,107,104,10,10,98,95,14,Train/14/00014_00013_00023.png
1,4754,61,61,6,6,55,56,2,Train/2/00002_00065_00014.png
1,18116,132,127,11,11,121,116,11,Train/11/00011_00035_00026.png
1,23417,50,50,5,5,45,45,15,Train/15/00015_00000_00017.png
1,19921,89,88,8,8,81,81,12,Train/12/00012_00052_00001.png
1,30305,45,40,6,5,40,35,26,Train/26/00026_00011_00005.png
1,13170,30,32,5,6,25,27,8,Train/8/00008_00034_00000.png
1,24137,44,45,6,6,39,40,16,Train/16/00016_00003_00017.png
1,22887,80,104,7,9,73,95,14,Train/14/00014_00008_00027.png
1,12268,70,71,7,7,64,65,8,Train/8/00008_00003_00028.png
1,29434,29,27,6,6,23,22,25,Train/25/00025_00032_00004.png
1,28492,74,72,6,6,68,66,25,Train/25/00025_00000_00022.png
1,13693,35,36,5,5,30,30,9,Train/9/00009_00004_00013.png
1,24558,36,38,5,6,31,33,17,Train/17/00017_00003_00018.png
1,35929,43,45,6,6,38,39,37,Train/37/00037_00004_00020.png
1,3510,30,31,5,6,25,26,2,Train/2/00002_00024_00000.png
1,682,63,64,6,6,58,59,1,Train/1/00001_00003_00022.png
1,22077,123,113,10,10,112,103,13,Train/13/00013_00053_00027.png
1,28750,32,32,5,5,26,26,25,Train/25/00025_00009_00010.png
1,3515,32,32,5,6,27,27,2,Train/2/00002_00024_00005.png
1,5285,30,30,5,5,25,25,3,Train/3/00003_00008_00005.png
1,36320,44,43,6,5,38,37,38,Train/38/00038_00010_00021.png
1,19466,112,113,9,10,103,104,12,Train/12/00012_00036_00026.png
1,18679,59,51,5,6,54,46,12,Train/12/00012_00010_00019.png
1,30623,84,73,8,6,77,67,27,Train/27/00027_00001_00023.png
1,16193,46,47,5,5,41,42,10,Train/10/00010_00038_00023.png
1,4096,37,36,6,6,32,31,2,Train/2/00002_00043_00016.png
1,22705,62,61,6,5,57,55,14,Train/14/00014_00002_00025.png
1,7718,32,34,6,6,27,28,4,Train/4/00004_00042_00008.png
1,20852,41,38,6,6,36,33,13,Train/13/00013_00013_00002.png
1,5913,30,29,6,6,25,24,3,Train/3/00003_00029_00003.png
1,33303,44,44,5,5,38,38,33,Train/33/00033_00007_00003.png
1,4397,41,40,6,6,36,35,2,Train/2/00002_00053_00017.png
1,22725,63,64,6,5,58,59,14,Train/14/00014_00003_00015.png
1,16118,30,28,5,6,25,23,10,Train/10/00010_00036_00008.png
1,7386,28,29,5,5,23,24,4,Train/4/00004_00031_00006.png
1,17836,93,83,8,8,85,76,11,Train/11/00011_00026_00016.png
1,28166,134,119,11,10,123,109,23,Train/23/00023_00015_00026.png
1,7154,35,36,6,6,30,30,4,Train/4/00004_00023_00014.png
1,8517,45,47,6,6,40,42,5,Train/5/00005_00002_00027.png
1,37680,40,41,6,5,35,36,38,Train/38/00038_00056_00001.png
1,22980,43,43,5,5,38,38,14,Train/14/00014_00012_00000.png
1,33117,93,100,8,8,84,91,33,Train/33/00033_00000_00027.png
1,2800,44,39,6,5,39,34,2,Train/2/00002_00000_00010.png
1,29044,44,43,5,6,39,38,25,Train/25/00025_00019_00004.png
1,37209,45,52,6,6,40,47,38,Train/38/00038_00040_00010.png
1,9056,45,42,6,6,40,37,5,Train/5/00005_00020_00026.png
1,5629,43,43,5,6,38,38,3,Train/3/00003_00019_00019.png
1,6884,37,38,6,6,32,33,4,Train/4/00004_00014_00014.png
1,5974,27,29,6,6,22,24,3,Train/3/00003_00031_00004.png
1,11665,49,50,5,5,44,45,7,Train/7/00007_00031_00025.png
1,33558,39,43,6,5,33,38,33,Train/33/00033_00015_00018.png
1,7610,47,46,6,5,42,41,4,Train/4/00004_00038_00020.png
1,39011,37,37,6,5,32,32,42,Train/42/00042_00001_00012.png
1,21905,53,48,6,6,47,43,13,Train/13/00013_00048_00005.png
1,30953,60,55,6,6,54,50,28,Train/28/00028_00004_00023.png
1,22202,29,27,6,5,24,22,13,Train/13/00013_00058_00002.png
1,14757,41,41,5,5,36,36,9,Train/9/00009_00039_00027.png
1,1884,73,74,6,7,67,68,1,Train/1/00001_00043_00024.png
1,32968,72,83,6,7,66,76,32,Train/32/00032_00003_00028.png
1,8873,53,52,6,5,48,47,5,Train/5/00005_00014_00023.png
1,31758,67,58,6,5,61,53,30,Train/30/00030_00004_00018.png
1,38761,27,29,5,5,22,24,41,Train/41/00041_00001_00002.png
1,33967,28,31,5,6,23,26,34,Train/34/00034_00006_00008.png
1,38420,58,57,6,5,53,52,40,Train/40/00040_00001_00021.png
1,26725,92,93,8,9,84,85,18,Train/18/00018_00038_00025.png
1,29467,39,38,5,5,33,32,25,Train/25/00025_00033_00007.png
1,5576,89,94,8,8,82,86,3,Train/3/00003_00017_00026.png
1,10232,28,27,6,5,22,22,5,Train/5/00005_00060_00002.png
1,1540,39,40,5,6,33,34,1,Train/1/00001_00032_00010.png
1,6439,41,39,6,5,36,34,3,Train/3/00003_00046_00019.png
1,7982,31,31,6,6,25,25,4,Train/4/00004_00051_00002.png
1,14095,69,76,6,7,63,70,9,Train/9/00009_00017_00025.png
1,11585,28,28,5,5,23,23,7,Train/7/00007_00029_00005.png
1,29514,107,94,10,9,98,86,25,Train/25/00025_00034_00024.png
1,38390,52,52,6,6,47,47,40,Train/40/00040_00000_00021.png
1,38670,31,32,6,5,26,27,40,Train/40/00040_00010_00001.png
1,24353,52,54,6,6,47,49,16,Train/16/00016_00010_00023.png
1,12628,63,58,6,5,58,53,8,Train/8/00008_00015_00028.png
1,4503,26,28,5,6,21,23,2,Train/2/00002_00057_00003.png
1,3491,32,33,5,5,27,28,2,Train/2/00002_00023_00011.png
1,25069,45,42,6,6,40,37,17,Train/17/00017_00020_00019.png
1,36790,28,29,5,5,23,24,38,Train/38/00038_00026_00011.png
1,22332,41,40,5,6,36,35,13,Train/13/00013_00062_00012.png
1,13470,29,30,6,5,24,25,8,Train/8/00008_00044_00000.png
1,26058,43,40,6,6,38,35,18,Train/18/00018_00016_00018.png
1,8092,74,79,7,7,68,72,4,Train/4/00004_00054_00022.png
1,16459,41,40,6,5,36,35,10,Train/10/00010_00047_00019.png
1,16168,71,61,6,6,65,56,10,Train/10/00010_00037_00028.png
1,15962,29,31,6,6,24,26,10,Train/10/00010_00031_00002.png
1,14750,41,41,5,5,36,36,9,Train/9/00009_00039_00020.png
1,21371,43,42,5,6,38,37,13,Train/13/00013_00030_00011.png
1,19086,47,46,6,5,42,41,12,Train/12/00012_00024_00006.png
1,34598,32,31,6,5,26,25,35,Train/35/00035_00013_00009.png
1,38619,42,43,5,6,37,38,40,Train/40/00040_00008_00010.png
1,2814,72,71,6,7,66,65,2,Train/2/00002_00000_00024.png
1,29643,30,28,6,6,24,22,25,Train/25/00025_00039_00003.png
1,22422,41,38,5,5,36,33,13,Train/13/00013_00065_00012.png
1,31688,44,40,5,5,39,35,30,Train/30/00030_00002_00008.png
1,27253,46,46,6,6,41,40,21,Train/21/00021_00009_00013.png
1,3417,59,64,5,5,54,59,2,Train/2/00002_00020_00027.png
1,33241,64,65,5,6,59,60,33,Train/33/00033_00005_00001.png
1,11650,30,31,5,6,25,26,7,Train/7/00007_00031_00010.png
1,32751,47,46,6,5,42,41,31,Train/31/00031_00022_00021.png
1,3895,63,63,6,5,58,58,2,Train/2/00002_00036_00025.png
1,36831,33,35,5,6,28,30,38,Train/38/00038_00027_00022.png
1,12104,33,34,6,6,28,29,7,Train/7/00007_00046_00014.png
1,23142,38,37,6,5,33,32,14,Train/14/00014_00017_00012.png
1,26134,40,40,5,5,35,35,18,Train/18/00018_00019_00004.png
1,11922,32,31,6,5,27,26,7,Train/7/00007_00040_00012.png
1,33108,31,32,5,6,26,27,33,Train/33/00033_00000_00018.png
1,4277,40,40,5,5,35,35,2,Train/2/00002_00049_00017.png
1,14781,49,52,5,6,44,47,9,Train/9/00009_00040_00021.png
1,26992,77,73,7,7,71,67,21,Train/21/00021_00000_00022.png
1,7187,48,48,5,5,43,43,4,Train/4/00004_00024_00017.png
1,6513,34,33,6,5,29,28,4,Train/4/00004_00002_00003.png
1,28038,83,73,8,6,76,66,23,Train/23/00023_00011_00018.png
1,9608,30,32,5,6,25,27,5,Train/5/00005_00039_00008.png
1,39102,39,40,5,6,34,35,42,Train/42/00042_00004_00013.png
1,35302,54,52,6,6,49,47,35,Train/35/00035_00036_00023.png
1,27207,112,101,10,9,103,93,21,Train/21/00021_00007_00027.png
1,2499,31,32,6,6,26,26,1,Train/1/00001_00064_00009.png
1,25766,98,88,9,7,90,81,18,Train/18/00018_00006_00026.png
1,30989,115,106,10,9,105,97,28,Train/28/00028_00005_00029.png
1,13386,34,35,5,6,29,30,8,Train/8/00008_00041_00006.png
1,20407,33,34,5,5,28,29,12,Train/12/00012_00068_00007.png
1,32329,56,53,5,6,51,48,31,Train/31/00031_00008_00019.png
1,11763,29,32,5,6,24,26,7,Train/7/00007_00035_00003.png
1,16730,43,43,5,5,38,38,10,Train/10/00010_00056_00020.png
1,34845,38,39,5,6,33,34,35,Train/35/00035_00021_00016.png
1,7682,30,30,5,5,24,24,4,Train/4/00004_00041_00002.png
1,17894,28,43,5,6,23,38,11,Train/11/00011_00028_00014.png
1,4643,75,76,7,7,69,70,2,Train/2/00002_00061_00023.png
1,35470,40,40,5,6,35,35,36,Train/36/00036_00002_00011.png
1,16430,42,42,5,5,37,37,10,Train/10/00010_00046_00020.png
1,9132,39,39,6,6,34,34,5,Train/5/00005_00023_00012.png
1,17673,32,28,6,6,27,23,11,Train/11/00011_00021_00003.png
1,23816,68,70,7,7,62,64,15,Train/15/00015_00013_00026.png
1,29673,32,31,6,6,27,26,25,Train/25/00025_00040_00003.png
1,14678,35,35,6,6,30,30,9,Train/9/00009_00037_00008.png
1,11986,43,44,5,6,38,39,7,Train/7/00007_00042_00016.png
1,29192,39,39,5,6,34,34,25,Train/25/00025_00024_00002.png
1,12901,27,26,6,5,22,21,8,Train/8/00008_00025_00001.png
1,38552,39,38,6,5,34,33,40,Train/40/00040_00006_00003.png
1,7319,69,69,7,7,63,63,4,Train/4/00004_00028_00029.png
1,31557,88,81,8,8,81,74,29,Train/29/00029_00006_00027.png
1,25135,74,73,7,6,68,67,17,Train/17/00017_00022_00025.png
1,12396,34,33,6,5,29,28,8,Train/8/00008_00008_00006.png
1,11416,38,37,6,6,32,32,7,Train/7/00007_00023_00016.png
1,10590,26,28,5,6,21,23,6,Train/6/00006_00010_00000.png
1,16335,35,36,6,5,30,31,10,Train/10/00010_00043_00015.png
1,19019,76,81,6,7,70,74,12,Train/12/00012_00021_00029.png
1,26581,34,30,6,5,29,25,18,Train/18/00018_00034_00001.png
1,19811,45,47,6,5,40,42,12,Train/12/00012_00048_00011.png
1,19043,58,55,6,5,53,50,12,Train/12/00012_00022_00023.png
1,986,75,80,6,8,69,73,1,Train/1/00001_00013_00026.png
1,13779,33,32,6,6,28,27,9,Train/9/00009_00007_00009.png
1,11721,55,55,6,6,50,50,7,Train/7/00007_00033_00021.png
1,606,36,34,6,5,31,29,1,Train/1/00001_00001_00006.png
1,8531,31,31,5,6,26,26,5,Train/5/00005_00003_00011.png
1,29645,31,30,5,6,26,24,25,Train/25/00025_00039_00005.png
1,21196,54,50,5,5,49,44,13,Train/13/00013_00024_00016.png
1,22936,79,88,7,8,72,81,14,Train/14/00014_00010_00016.png
1,36509,31,32,5,6,26,27,38,Train/38/00038_00017_00000.png
1,28352,27,25,5,5,22,20,24,Train/24/00024_00005_00002.png
1,6546,32,31,6,5,27,25,4,Train/4/00004_00003_00006.png
1,16322,28,27,6,6,23,22,10,Train/10/00010_00043_00002.png
1,28562,58,60,5,6,53,55,25,Train/25/00025_00003_00002.png
1,27026,82,67,8,6,75,61,21,Train/21/00021_00001_00026.png
1,13980,33,34,5,6,28,29,9,Train/9/00009_00014_00000.png
1,13702,47,48,5,6,42,43,9,Train/9/00009_00004_00022.png
1,16795,57,56,6,5,52,51,10,Train/10/00010_00058_00025.png
1,19778,45,47,6,6,39,42,12,Train/12/00012_00047_00008.png
1,32510,71,62,6,5,64,57,31,Train/31/00031_00014_00020.png
1,32438,42,36,6,5,36,31,31,Train/31/00031_00012_00008.png
1,27216,53,46,6,5,48,41,21,Train/21/00021_00008_00006.png
1,17667,129,113,11,10,118,104,11,Train/11/00011_00020_00027.png
1,11052,42,41,5,5,36,36,7,Train/7/00007_00011_00012.png
1,36015,43,43,5,5,38,38,38,Train/38/00038_00000_00016.png
1,6508,68,70,6,6,62,64,4,Train/4/00004_00001_00028.png
1,27159,38,38,5,6,33,33,21,Train/21/00021_00006_00009.png
1,22979,141,134,12,12,129,123,14,Train/14/00014_00011_00029.png
1,10458,37,40,5,5,31,34,6,Train/6/00006_00005_00018.png
1,34628,36,36,6,6,31,31,35,Train/35/00035_00014_00009.png
1,27749,226,213,19,18,209,195,23,Train/23/00023_00001_00029.png
1,20564,57,54,5,6,52,49,13,Train/13/00013_00003_00014.png
1,19647,128,129,11,12,117,118,12,Train/12/00012_00042_00027.png
1,5461,30,30,6,6,25,25,3,Train/3/00003_00014_00001.png
1,21187,41,39,5,6,36,34,13,Train/13/00013_00024_00007.png
1,16115,30,26,5,5,25,21,10,Train/10/00010_00036_00005.png
1,19693,42,41,6,5,37,36,12,Train/12/00012_00044_00013.png
1,19343,52,63,5,6,47,58,12,Train/12/00012_00032_00023.png
1,34986,36,36,5,5,30,30,35,Train/35/00035_00026_00007.png
1,29031,64,56,6,5,59,51,25,Train/25/00025_00018_00021.png
1,15623,62,62,5,5,57,57,10,Train/10/00010_00019_00023.png
1,13998,51,51,6,5,46,46,9,Train/9/00009_00014_00018.png
1,23631,39,43,6,6,34,38,15,Train/15/00015_00007_00021.png
1,5799,32,34,5,6,27,29,3,Train/3/00003_00025_00009.png
1,31235,39,37,6,5,34,32,28,Train/28/00028_00014_00005.png
1,8224,31,30,6,5,26,25,4,Train/4/00004_00059_00004.png
1,25100,49,45,5,6,44,40,17,Train/17/00017_00021_00020.png
1,15112,43,41,6,6,38,36,10,Train/10/00010_00002_00022.png
1,17289,55,49,6,5,50,44,11,Train/11/00011_00008_00009.png
1,24730,35,38,5,5,30,33,17,Train/17/00017_00009_00010.png
1,26663,84,87,7,8,77,80,18,Train/18/00018_00036_00023.png
1,35224,33,36,6,6,28,31,35,Train/35/00035_00034_00005.png
1,570,56,57,6,5,51,52,1,Train/1/00001_00000_00000.png
1,10363,37,38,6,5,32,33,6,Train/6/00006_00002_00013.png
1,346,42,38,6,5,36,33,20,Train/20/00020_00011_00016.png
1,15226,41,40,6,5,36,35,10,Train/10/00010_00006_00016.png
1,18093,51,55,5,5,46,50,11,Train/11/00011_00035_00003.png
1,35511,51,51,5,5,46,46,36,Train/36/00036_00003_00022.png
1,1316,32,34,6,6,27,28,1,Train/1/00001_00024_00026.png
1,19281,42,42,5,5,37,37,12,Train/12/00012_00030_00021.png
1,33757,27,27,5,5,22,22,33,Train/33/00033_00022_00008.png
1,16086,31,31,5,6,26,25,10,Train/10/00010_00035_00006.png
1,20299,49,52,5,5,44,47,12,Train/12/00012_00064_00019.png
1,16620,36,34,6,5,31,29,10,Train/10/00010_00053_00000.png
1,38113,35,36,5,5,29,31,39,Train/39/00039_00001_00014.png
1,13075,45,43,6,5,39,37,8,Train/8/00008_00030_00025.png
1,36905,31,34,6,6,26,29,38,Train/38/00038_00030_00006.png
1,8021,32,33,6,6,27,27,4,Train/4/00004_00052_00011.png
1,17752,62,55,6,6,57,50,11,Train/11/00011_00023_00022.png
1,27254,47,47,5,6,42,41,21,Train/21/00021_00009_00014.png
1,12596,69,73,6,7,63,67,8,Train/8/00008_00014_00026.png
1,653,62,63,5,6,57,58,1,Train/1/00001_00002_00023.png
1,2754,80,80,7,7,73,73,1,Train/1/00001_00072_00024.png
1,31799,111,97,9,9,102,89,30,Train/30/00030_00005_00029.png
1,3252,63,68,5,6,57,61,2,Train/2/00002_00015_00012.png
1,30939,37,34,5,5,32,29,28,Train/28/00028_00004_00009.png
1,19279,41,42,5,6,36,37,12,Train/12/00012_00030_00019.png
1,22022,28,29,5,5,23,24,13,Train/13/00013_00052_00002.png
1,26135,41,40,6,5,36,35,18,Train/18/00018_00019_00005.png
1,20588,34,31,6,6,29,26,13,Train/13/00013_00004_00008.png
1,31556,80,72,7,7,73,66,29,Train/29/00029_00006_00026.png
1,23857,33,38,6,5,28,33,15,Train/15/00015_00015_00007.png
1,36153,27,29,5,5,22,24,38,Train/38/00038_00005_00004.png
1,21944,43,39,6,6,38,34,13,Train/13/00013_00049_00014.png
1,36529,48,45,6,5,43,40,38,Train/38/00038_00017_00020.png
1,23245,136,135,11,12,124,123,14,Train/14/00014_00020_00025.png
1,12239,107,95,9,9,97,87,8,Train/8/00008_00002_00029.png
