client_id,source_row_index,Width,Height,Roi.X1,Roi.Y1,Roi.X2,Roi.Y2,ClassId,Path
client_0,7681,29,30,5,6,24,25,4,Train/4/00004_00041_00001.png
client_0,26864,44,41,6,5,38,36,19,Train/19/00019_00003_00014.png
client_0,12405,40,40,5,5,35,35,8,Train/8/00008_00008_00015.png
client_0,26110,56,54,6,6,51,49,18,Train/18/00018_00018_00010.png
client_0,21521,55,61,6,5,50,56,13,Train/13/00013_00035_00011.png
client_0,29330,93,87,9,8,85,80,25,Train/25/00025_00028_00020.png
client_0,30282,37,36,5,6,32,31,26,Train/26/00026_00010_00012.png
client_0,30540,29,26,6,5,23,20,26,Train/26/00026_00019_00000.png
client_0,28993,45,44,5,6,39,39,25,Train/25/00025_00017_00013.png
client_0,12540,31,32,5,6,26,27,8,Train/8/00008_00013_00000.png
client_0,15121,30,31,5,6,25,26,10,Train/10/00010_00003_00001.png
client_0,3374,41,42,6,6,36,37,2,Train/2/00002_00019_00014.png
client_0,14171,30,31,6,6,25,26,9,Train/9/00009_00020_00011.png
client_0,4572,53,53,6,6,48,48,2,Train/2/00002_00059_00012.png
client_0,16265,27,27,6,5,22,21,10,Train/10/00010_00041_00005.png
client_0,5007,72,72,6,6,66,66,2,Train/2/00002_00073_00027.png
client_0,7004,48,50,6,5,43,45,4,Train/4/00004_00018_00014.png
client_0,18837,63,68,5,7,58,62,12,Train/12/00012_00015_00027.png
client_0,31137,121,109,11,10,111,100,28,Train/28/00028_00010_00027.png
client_0,20172,48,48,5,5,43,43,12,Train/12/00012_00060_00012.png
client_0,20442,56,60,5,6,51,55,12,Train/12/00012_00069_00012.png
client_0,11624,33,32,6,5,28,27,7,Train/7/00007_00030_00014.png
client_0,8643,30,31,5,5,25,25,5,Train/5/00005_00007_00003.png
client_0,11081,33,32,6,5,28,27,7,Train/7/00007_00012_00011.png
client_0,11498,30,30,6,5,24,24,7,Train/7/00007_00026_00008.png
client_0,13488,42,43,5,5,37,38,8,Train/8/00008_00044_00018.png
client_0,37269,41,45,5,5,36,40,38,Train/38/00038_00042_00010.png
client_0,31802,29,28,6,5,24,23,30,Train/30/00030_00006_00002.png
client_0,9647,37,38,5,5,32,33,5,Train/5/00005_00040_00017.png
client_0,36785,27,28,5,5,22,23,38,Train/38/00038_00026_00006.png
client_0,28416,44,39,6,5,39,34,24,Train/24/00024_00007_00006.png
client_0,22873,43,50,6,6,38,44,14,Train/14/00014_00008_00013.png
client_0,623,55,54,6,6,49,49,1,Train/1/00001_00001_00023.png
client_0,26613,30,28,5,6,25,23,18,Train/18/00018_00035_00003.png
client_0,25089,35,33,6,5,30,28,17,Train/17/00017_00021_00009.png
client_0,3820,36,37,6,6,31,32,2,Train/2/00002_00034_00010.png
client_0,34501,39,41,5,6,34,36,35,Train/35/00035_00010_00002.png
client_0,32961,44,47,6,5,39,42,32,Train/32/00032_00003_00021.png
client_0,10332,38,38,6,5,33,33,6,Train/6/00006_00001_00012.png
client_0,1357,57,59,5,6,51,53,1,Train/1/00001_00026_00007.png
client_0,10075,46,45,5,5,41,40,5,Train/5/00005_00054_00025.png
client_0,22602,42,42,5,6,37,36,13,Train/13/00013_00071_00012.png
client_0,12282,34,33,6,5,29,28,8,Train/8/00008_00004_00012.png
client_0,8681,38,38,5,5,33,33,5,Train/5/00005_00008_00011.png
client_0,36301,28,27,6,5,23,22,38,Train/38/00038_00010_00002.png
client_0,11990,52,51,6,5,47,46,7,Train/7/00007_00042_00020.png
client_0,8893,41,42,5,5,36,36,5,Train/5/00005_00015_00013.png
client_0,18509,36,32,6,6,30,26,12,Train/12/00012_00004_00029.png
client_0,16767,101,95,9,8,93,87,10,Train/10/00010_00057_00027.png
client_0,11357,40,40,5,5,34,34,7,Train/7/00007_00021_00017.png
client_0,23857,33,38,6,5,28,33,15,Train/15/00015_00015_00007.png
client_0,37317,59,80,5,8,54,73,38,Train/38/00038_00043_00028.png
client_0,13636,54,53,6,5,48,48,9,Train/9/00009_00002_00016.png
client_0,11637,43,43,5,5,38,38,7,Train/7/00007_00030_00027.png
client_0,4157,38,39,5,6,33,34,2,Train/2/00002_00045_00017.png
client_0,10974,56,57,6,5,51,52,7,Train/7/00007_00008_00024.png
client_0,13178,38,39,6,5,33,34,8,Train/8/00008_00034_00008.png
client_0,18909,38,38,5,5,33,33,12,Train/12/00012_00018_00009.png
client_0,5524,35,36,6,6,30,31,3,Train/3/00003_00016_00004.png
client_0,28738,219,197,19,16,201,180,25,Train/25/00025_00008_00028.png
client_0,12461,37,38,6,6,32,33,8,Train/8/00008_00010_00011.png
client_0,14822,34,35,6,6,29,30,9,Train/9/00009_00042_00002.png
client_0,1104,67,69,6,6,61,63,1,Train/1/00001_00017_00024.png
client_0,16815,44,44,5,5,39,39,10,Train/10/00010_00059_00015.png
client_0,1241,40,40,5,5,34,35,1,Train/1/00001_00022_00011.png
client_0,3338,31,31,6,6,26,26,2,Train/2/00002_00018_00008.png
client_0,25838,33,32,5,6,28,26,18,Train/18/00018_00009_00008.png
client_0,7234,41,41,6,6,36,36,4,Train/4/00004_00026_00004.png
client_0,10605,39,40,5,5,34,35,6,Train/6/00006_00010_00015.png
client_0,17375,45,43,5,6,40,38,11,Train/11/00011_00011_00005.png
client_0,20628,52,46,6,5,47,41,13,Train/13/00013_00005_00018.png
client_0,20763,34,34,5,6,29,29,13,Train/13/00013_00010_00003.png
client_0,8397,54,52,6,6,49,47,4,Train/4/00004_00064_00027.png
client_0,28193,62,61,5,5,57,56,23,Train/23/00023_00016_00023.png
client_0,37223,76,93,7,9,70,85,38,Train/38/00038_00040_00024.png
client_0,1993,41,42,5,6,36,37,1,Train/1/00001_00047_00013.png
client_0,22637,74,76,6,7,68,70,14,Train/14/00014_00000_00017.png
client_0,990,30,28,5,5,25,23,1,Train/1/00001_00014_00000.png
client_0,8941,32,32,6,6,27,27,5,Train/5/00005_00017_00001.png
client_0,28418,45,42,5,6,40,37,24,Train/24/00024_00007_00008.png
client_0,20394,67,62,6,5,61,57,12,Train/12/00012_00067_00024.png
client_0,28442,36,39,5,5,31,34,24,Train/24/00024_00008_00002.png
client_0,14705,36,35,6,5,31,29,9,Train/9/00009_00038_00005.png
client_0,1130,76,81,6,8,69,73,1,Train/1/00001_00018_00020.png
client_0,28249,68,69,7,7,62,63,24,Train/24/00024_00001_00019.png
client_0,16866,35,29,6,5,30,24,10,Train/10/00010_00061_00006.png
client_0,14040,44,44,6,6,39,39,9,Train/9/00009_00016_00000.png
client_0,6823,37,38,5,6,32,33,4,Train/4/00004_00012_00013.png
client_0,15572,32,32,5,5,27,27,10,Train/10/00010_00018_00002.png
client_0,35217,104,101,9,9,94,93,35,Train/35/00035_00033_00028.png
client_0,9594,50,52,6,5,45,47,5,Train/5/00005_00038_00024.png
client_0,5782,43,46,5,5,38,41,3,Train/3/00003_00024_00022.png
client_0,4255,44,41,6,5,39,36,2,Train/2/00002_00048_00025.png
client_0,38763,28,28,6,5,23,23,41,Train/41/00041_00001_00004.png
client_0,17418,68,62,6,5,61,57,11,Train/11/00011_00012_00018.png
client_0,2623,36,36,6,6,31,31,1,Train/1/00001_00068_00013.png
client_0,15644,31,29,5,5,26,24,10,Train/10/00010_00020_00014.png
client_0,14482,47,48,6,6,42,43,9,Train/9/00009_00030_00022.png
client_0,31730,79,71,7,6,72,65,30,Train/30/00030_00003_00020.png
client_0,20354,44,49,5,5,39,44,12,Train/12/00012_00066_00014.png
client_0,15948,36,36,5,5,31,31,10,Train/10/00010_00030_00018.png
client_0,11343,30,31,5,6,25,26,7,Train/7/00007_00021_00003.png
client_0,29662,68,60,6,6,62,55,25,Train/25/00025_00039_00022.png
client_0,22059,50,46,6,6,45,41,13,Train/13/00013_00053_00009.png
client_0,38283,55,59,5,6,50,53,39,Train/39/00039_00007_00004.png
client_0,29277,75,73,7,6,69,67,25,Train/25/00025_00026_00027.png
client_0,12060,25,27,5,5,20,21,7,Train/7/00007_00045_00000.png
client_0,2499,31,32,6,6,26,26,1,Train/1/00001_00064_00009.png
client_0,29612,31,29,5,6,26,24,25,Train/25/00025_00038_00002.png
client_0,37607,39,41,6,6,34,35,38,Train/38/00038_00053_00018.png
client_0,8473,32,33,6,5,27,27,5,Train/5/00005_00001_00013.png
client_0,15300,31,31,5,5,26,26,10,Train/10/00010_00009_00000.png
client_0,15575,34,34,5,5,29,29,10,Train/10/00010_00018_00005.png
client_0,21552,43,41,6,6,38,36,13,Train/13/00013_00036_00012.png
client_0,12134,31,33,5,5,26,28,7,Train/7/00007_00047_00014.png
client_0,13111,30,31,6,6,24,26,8,Train/8/00008_00032_00001.png
client_0,11769,34,34,5,5,28,29,7,Train/7/00007_00035_00009.png
client_0,33408,39,40,5,6,34,35,33,Train/33/00033_00010_00018.png
client_0,20890,55,51,5,6,49,46,13,Train/13/00013_00014_00010.png
client_0,724,32,31,6,5,26,25,1,Train/1/00001_00005_00004.png
client_0,12986,47,40,6,6,41,35,8,Train/8/00008_00027_00026.png
client_0,13783,37,36,6,6,32,31,9,Train/9/00009_00007_00013.png
client_0,3091,28,27,6,6,23,22,2,Train/2/00002_00010_00001.png
client_0,21626,105,96,9,9,96,88,13,Train/13/00013_00038_00026.png
client_0,19859,71,70,7,6,65,64,12,Train/12/00012_00049_00029.png
client_0,24033,55,57,6,6,50,52,16,Train/16/00016_00000_00003.png
client_0,38964,57,58,5,5,52,53,41,Train/41/00041_00007_00025.png
client_0,20527,42,39,6,5,37,34,13,Train/13/00013_00002_00007.png
client_0,3835,71,72,7,7,65,66,2,Train/2/00002_00034_00025.png
client_0,17382,55,51,5,6,49,46,11,Train/11/00011_00011_00012.png
client_0,13365,38,37,6,5,33,32,8,Train/8/00008_00040_00015.png
client_0,26124,94,82,8,8,86,75,18,Train/18/00018_00018_00024.png
client_0,10993,34,34,6,5,29,29,7,Train/7/00007_00009_00013.png
client_0,36417,62,61,6,5,57,55,38,Train/38/00038_00013_00028.png
client_0,33667,32,33,5,6,26,28,33,Train/33/00033_00019_00007.png
client_0,10210,33,32,5,5,28,27,5,Train/5/00005_00059_00010.png
client_0,26513,50,48,5,6,45,43,18,Train/18/00018_00031_00023.png
client_0,16710,30,30,6,6,25,25,10,Train/10/00010_00056_00000.png
client_0,5684,40,43,5,6,35,38,3,Train/3/00003_00021_00014.png
client_0,18958,130,130,11,12,119,119,12,Train/12/00012_00019_00028.png
client_0,28681,53,49,5,6,48,44,25,Train/25/00025_00007_00001.png
client_0,7274,38,37,6,5,33,32,4,Train/4/00004_00027_00014.png
client_0,31686,40,37,6,5,35,32,30,Train/30/00030_00002_00006.png
client_0,10573,35,36,6,6,30,31,6,Train/6/00006_00009_00013.png
client_0,3809,45,47,6,6,40,42,2,Train/2/00002_00033_00029.png
client_0,2577,111,110,10,10,102,101,1,Train/1/00001_00066_00027.png
client_0,1560,30,30,6,5,25,25,1,Train/1/00001_00033_00000.png
client_0,35276,67,64,6,5,61,58,35,Train/35/00035_00035_00027.png
client_0,13810,29,29,5,5,24,24,9,Train/9/00009_00008_00010.png
client_0,28150,50,47,6,6,45,42,23,Train/23/00023_00015_00010.png
client_0,33402,33,34,5,6,27,28,33,Train/33/00033_00010_00012.png
client_0,14544,69,69,7,7,63,63,9,Train/9/00009_00032_00024.png
client_0,18842,28,28,6,5,23,22,12,Train/12/00012_00016_00002.png
client_0,741,53,52,5,5,48,47,1,Train/1/00001_00005_00021.png
client_0,17180,73,70,7,7,66,63,11,Train/11/00011_00004_00020.png
client_0,23088,58,58,5,5,53,53,14,Train/14/00014_00015_00018.png
client_0,18862,45,45,5,6,40,40,12,Train/12/00012_00016_00022.png
client_0,20433,53,51,6,5,48,46,12,Train/12/00012_00069_00003.png
client_0,9520,34,33,6,5,29,28,5,Train/5/00005_00036_00010.png
client_0,38516,117,110,10,10,107,100,40,Train/40/00040_00004_00027.png
client_0,1402,55,56,5,5,50,51,1,Train/1/00001_00027_00022.png
client_0,4449,33,34,5,6,27,28,2,Train/2/00002_00055_00009.png
client_0,5124,53,57,5,6,48,52,3,Train/3/00003_00002_00024.png
client_0,17926,73,69,6,7,67,63,11,Train/11/00011_00029_00016.png
client_0,22211,34,34,5,5,28,29,13,Train/13/00013_00058_00011.png
client_0,2479,46,47,5,6,41,42,1,Train/1/00001_00063_00019.png
client_0,34409,25,26,5,5,20,20,35,Train/35/00035_00007_00000.png
client_0,3481,29,28,6,5,24,23,2,Train/2/00002_00023_00001.png
client_0,18083,89,84,8,8,82,77,11,Train/11/00011_00034_00023.png
client_0,11470,33,34,5,6,28,29,7,Train/7/00007_00025_00010.png
client_0,787,57,57,5,6,52,52,1,Train/1/00001_00007_00007.png
client_0,7277,40,40,6,6,35,35,4,Train/4/00004_00027_00017.png
client_0,4032,30,32,5,6,25,27,2,Train/2/00002_00041_00012.png
client_0,9329,75,68,7,6,69,62,5,Train/5/00005_00029_00029.png
client_0,11567,37,40,6,6,32,34,7,Train/7/00007_00028_00017.png
client_0,19818,60,62,6,6,55,57,12,Train/12/00012_00048_00018.png
client_0,17869,81,70,7,6,74,64,11,Train/11/00011_00027_00019.png
client_0,13490,44,45,5,5,39,40,8,Train/8/00008_00044_00020.png
client_0,36450,29,31,5,6,24,26,38,Train/38/00038_00015_00001.png
client_0,36198,71,86,7,8,65,79,38,Train/38/00038_00006_00019.png
client_0,10526,38,41,5,5,33,36,6,Train/6/00006_00007_00026.png
client_0,202,55,49,5,5,50,43,20,Train/20/00020_00006_00022.png
client_0,2442,39,39,6,6,34,34,1,Train/1/00001_00062_00012.png
client_0,30060,29,27,5,5,24,22,26,Train/26/00026_00003_00000.png
client_0,30551,36,32,5,5,30,27,26,Train/26/00026_00019_00011.png
client_0,4561,39,40,6,6,34,35,2,Train/2/00002_00059_00001.png
client_0,22908,49,51,5,5,43,46,14,Train/14/00014_00009_00018.png
client_0,14913,32,36,5,6,26,30,9,Train/9/00009_00045_00003.png
client_0,742,55,53,6,5,50,48,1,Train/1/00001_00005_00022.png
client_0,34792,46,46,6,5,41,41,35,Train/35/00035_00019_00023.png
client_0,25077,59,54,5,5,54,49,17,Train/17/00017_00020_00027.png
client_0,10510,30,29,6,5,24,24,6,Train/6/00006_00007_00010.png
client_0,37944,68,69,7,6,62,63,38,Train/38/00038_00064_00025.png
client_0,32990,48,47,6,5,43,42,32,Train/32/00032_00004_00020.png
client_0,19256,75,74,7,7,69,68,12,Train/12/00012_00029_00026.png
client_0,30601,36,36,5,6,31,30,27,Train/27/00027_00001_00001.png
client_0,10671,40,41,6,5,34,35,6,Train/6/00006_00012_00021.png
client_0,14095,69,76,6,7,63,70,9,Train/9/00009_00017_00025.png
client_0,10962,36,37,5,5,31,32,7,Train/7/00007_00008_00012.png
client_0,26747,58,52,5,5,52,47,18,Train/18/00018_00039_00017.png
client_0,29862,51,49,5,6,46,44,25,Train/25/00025_00046_00012.png
client_0,203,60,52,6,5,54,46,20,Train/20/00020_00006_00023.png
client_0,6325,55,51,6,5,50,46,3,Train/3/00003_00042_00025.png
client_0,28081,42,40,5,6,37,35,23,Train/23/00023_00013_00001.png
client_0,11550,30,32,6,6,25,27,7,Train/7/00007_00028_00000.png
client_0,8000,51,48,5,5,46,43,4,Train/4/00004_00051_00020.png
client_0,30243,31,29,5,6,26,24,26,Train/26/00026_00009_00003.png
client_0,6675,36,37,5,6,30,31,4,Train/4/00004_00007_00015.png
client_0,2625,37,38,5,6,32,33,1,Train/1/00001_00068_00015.png
client_0,36695,33,35,5,6,28,30,38,Train/38/00038_00023_00006.png
client_0,17476,50,45,6,5,44,40,11,Train/11/00011_00014_00016.png
client_0,7811,36,37,6,6,31,32,4,Train/4/00004_00045_00011.png
client_0,10378,84,93,8,8,77,85,6,Train/6/00006_00002_00028.png
client_0,8535,34,34,5,6,29,29,5,Train/5/00005_00003_00015.png
client_0,37034,35,37,5,5,30,32,38,Train/38/00038_00034_00015.png
client_0,4367,75,73,7,7,68,67,2,Train/2/00002_00052_00017.png
client_0,9599,74,80,6,7,68,73,5,Train/5/00005_00038_00029.png
client_0,12213,27,29,5,6,22,23,8,Train/8/00008_00002_00003.png
client_0,28170,41,37,6,6,36,32,23,Train/23/00023_00016_00000.png
client_0,15157,30,29,6,5,25,24,10,Train/10/00010_00004_00007.png
client_0,11030,46,44,6,5,41,39,7,Train/7/00007_00010_00020.png
client_0,4008,38,38,6,6,33,33,2,Train/2/00002_00040_00018.png
client_0,17129,216,203,19,17,203,186,11,Train/11/00011_00002_00029.png
client_0,35715,36,38,5,5,31,32,36,Train/36/00036_00010_00016.png
client_0,3349,45,46,5,6,39,40,2,Train/2/00002_00018_00019.png
client_0,30323,96,86,8,8,88,79,26,Train/26/00026_00011_00023.png
client_0,6188,31,31,6,6,26,26,3,Train/3/00003_00038_00008.png
client_0,11874,53,53,5,5,48,48,7,Train/7/00007_00038_00024.png
client_0,10059,35,35,5,6,30,30,5,Train/5/00005_00054_00009.png
client_0,4024,28,28,6,6,23,23,2,Train/2/00002_00041_00004.png
client_0,17402,38,37,6,6,33,32,11,Train/11/00011_00012_00002.png
client_0,34556,52,53,5,5,47,48,35,Train/35/00035_00011_00027.png
client_0,20994,84,80,8,8,77,73,13,Train/13/00013_00017_00024.png
client_0,23933,57,55,6,5,51,49,15,Train/15/00015_00017_00023.png
client_0,27861,61,59,5,6,56,53,23,Train/23/00023_00005_00021.png
client_0,19548,57,57,5,5,52,52,12,Train/12/00012_00039_00018.png
client_0,13908,52,53,5,5,47,48,9,Train/9/00009_00011_00018.png
client_0,23184,106,110,9,10,97,101,14,Train/14/00014_00018_00024.png
client_0,15677,50,51,5,6,45,46,10,Train/10/00010_00021_00017.png
client_0,27700,34,31,6,5,28,26,23,Train/23/00023_00000_00010.png
client_0,20941,35,33,5,5,30,28,13,Train/13/00013_00016_00001.png
client_0,28333,43,40,5,5,38,35,24,Train/24/00024_00004_00013.png
client_0,10365,40,42,5,5,35,37,6,Train/6/00006_00002_00015.png
client_0,23125,88,88,8,8,81,81,14,Train/14/00014_00016_00025.png
client_0,33797,50,58,5,6,45,53,34,Train/34/00034_00000_00018.png
client_0,34434,73,71,7,7,66,65,35,Train/35/00035_00007_00025.png
client_0,14721,45,48,5,6,40,43,9,Train/9/00009_00038_00021.png
client_0,11214,85,86,7,8,78,79,7,Train/7/00007_00016_00024.png
client_0,5194,32,33,5,6,26,27,3,Train/3/00003_00005_00004.png
client_0,30878,50,44,6,6,45,39,28,Train/28/00028_00002_00008.png
client_0,12675,40,43,6,6,35,38,8,Train/8/00008_00017_00015.png
client_0,30733,38,35,5,5,32,30,27,Train/27/00027_00005_00013.png
client_0,24871,29,31,5,5,24,26,17,Train/17/00017_00014_00001.png
client_0,35812,50,47,6,5,44,42,37,Train/37/00037_00000_00023.png
client_0,39053,40,43,5,6,35,38,42,Train/42/00042_00002_00024.png
client_0,4309,39,40,6,6,34,35,2,Train/2/00002_00050_00019.png
client_0,26642,44,43,6,6,39,38,18,Train/18/00018_00036_00002.png
client_0,4900,35,36,6,6,30,31,2,Train/2/00002_00070_00010.png
client_0,264,50,50,5,5,45,45,20,Train/20/00020_00008_00024.png
client_0,12866,55,56,5,6,50,51,8,Train/8/00008_00023_00026.png
client_0,29832,43,38,5,6,38,33,25,Train/25/00025_00045_00012.png
client_0,16161,45,42,6,5,40,37,10,Train/10/00010_00037_00021.png
client_0,4003,31,32,5,6,26,27,2,Train/2/00002_00040_00013.png
client_0,11880,29,30,6,6,24,24,7,Train/7/00007_00039_00000.png
client_0,31865,34,30,6,5,29,25,30,Train/30/00030_00008_00005.png
client_0,2128,88,88,8,7,81,80,1,Train/1/00001_00051_00028.png
client_0,10335,39,41,5,6,34,36,6,Train/6/00006_00001_00015.png
client_0,9932,31,30,6,5,26,25,5,Train/5/00005_00050_00002.png
client_0,16101,51,47,6,5,45,42,10,Train/10/00010_00035_00021.png
client_0,16333,34,33,6,5,29,28,10,Train/10/00010_00043_00013.png
client_0,24599,35,35,5,6,30,30,17,Train/17/00017_00004_00029.png
client_0,28357,29,28,6,6,24,23,24,Train/24/00024_00005_00007.png
client_0,12391,32,31,6,5,27,26,8,Train/8/00008_00008_00001.png
client_0,5924,37,36,6,6,32,31,3,Train/3/00003_00029_00014.png
client_0,22098,108,104,10,10,99,95,13,Train/13/00013_00054_00018.png
client_0,35990,64,71,6,6,59,64,37,Train/37/00037_00006_00021.png
client_0,30276,35,31,6,5,29,26,26,Train/26/00026_00010_00006.png
client_0,37054,28,29,5,5,23,24,38,Train/38/00038_00035_00005.png
client_0,22866,35,40,5,5,30,35,14,Train/14/00014_00008_00006.png
client_0,2202,46,46,5,6,41,40,1,Train/1/00001_00054_00012.png
client_0,13819,39,38,6,5,34,33,9,Train/9/00009_00008_00019.png
client_0,38676,35,38,5,5,30,33,40,Train/40/00040_00010_00007.png
client_0,13721,34,33,6,5,29,28,9,Train/9/00009_00005_00011.png
client_0,22860,29,33,5,5,24,28,14,Train/14/00014_00008_00000.png
client_0,17044,31,27,6,6,26,22,11,Train/11/00011_00000_00004.png
client_0,20317,48,49,6,6,43,44,12,Train/12/00012_00065_00007.png
client_0,439,51,50,6,5,46,45,0,Train/0/00000_00002_00019.png
client_0,9564,45,40,6,5,40,35,5,Train/5/00005_00037_00024.png
client_0,31850,69,65,6,6,63,60,30,Train/30/00030_00007_00020.png
client_0,29312,46,44,5,5,41,39,25,Train/25/00025_00028_00002.png
client_0,458,33,33,5,5,28,28,0,Train/0/00000_00003_00008.png
client_0,37664,60,61,5,6,54,56,38,Train/38/00038_00055_00015.png
client_0,27825,43,38,6,6,38,33,23,Train/23/00023_00004_00015.png
client_0,22834,37,37,6,6,32,32,14,Train/14/00014_00007_00004.png
client_0,29938,99,97,9,8,91,89,25,Train/25/00025_00048_00028.png
client_0,35030,43,44,6,6,38,39,35,Train/35/00035_00027_00021.png
client_0,641,52,53,6,5,47,47,1,Train/1/00001_00002_00011.png
client_0,24073,52,55,5,5,47,50,16,Train/16/00016_00001_00013.png
client_0,13513,41,42,5,6,36,37,8,Train/8/00008_00045_00013.png
client_0,17991,85,80,8,8,78,73,11,Train/11/00011_00031_00021.png
client_0,2412,39,40,5,5,34,35,1,Train/1/00001_00061_00012.png
client_0,5139,37,37,6,5,31,31,3,Train/3/00003_00003_00009.png
client_0,26662,82,85,8,8,75,78,18,Train/18/00018_00036_00022.png
client_0,2113,41,43,5,5,36,38,1,Train/1/00001_00051_00013.png
client_0,30820,40,40,5,6,34,34,28,Train/28/00028_00000_00010.png
client_0,26341,39,33,5,5,34,28,18,Train/18/00018_00026_00001.png
client_0,21593,74,74,7,7,68,68,13,Train/13/00013_00037_00023.png
client_0,23105,58,57,6,5,53,52,14,Train/14/00014_00016_00005.png
client_0,5203,39,38,6,5,33,32,3,Train/3/00003_00005_00013.png
client_0,2406,36,36,6,5,31,31,1,Train/1/00001_00061_00006.png
client_0,16222,49,49,5,5,43,43,10,Train/10/00010_00039_00022.png
client_0,19604,34,35,5,6,29,30,12,Train/12/00012_00041_00014.png
client_0,12637,34,33,6,6,29,28,8,Train/8/00008_00016_00007.png
client_0,24628,64,66,5,6,59,60,17,Train/17/00017_00005_00028.png
client_0,8414,34,36,5,6,28,30,4,Train/4/00004_00065_00014.png
client_0,10091,36,35,6,5,31,30,5,Train/5/00005_00055_00011.png
client_0,13641,58,61,5,6,53,56,9,Train/9/00009_00002_00021.png
client_0,13676,61,59,6,6,56,54,9,Train/9/00009_00003_00026.png
client_0,22214,37,38,5,6,32,33,13,Train/13/00013_00058_00014.png
client_0,21610,44,42,6,6,39,37,13,Train/13/00013_00038_00010.png
client_0,3853,38,39,5,6,33,34,2,Train/2/00002_00035_00013.png
client_0,269,76,76,6,6,70,70,20,Train/20/00020_00008_00029.png
client_0,33314,64,68,6,7,59,62,33,Train/33/00033_00007_00014.png
client_0,30533,63,56,5,5,58,51,26,Train/26/00026_00018_00023.png
client_0,36249,30,31,5,6,25,26,38,Train/38/00038_00008_00010.png
client_0,28900,45,41,6,6,40,36,25,Train/25/00025_00014_00010.png
client_0,7608,46,45,6,5,41,40,4,Train/4/00004_00038_00018.png
client_0,3876,34,34,6,6,29,29,2,Train/2/00002_00036_00006.png
client_0,17697,87,74,8,7,80,68,11,Train/11/00011_00021_00027.png
client_0,16455,35,36,6,6,30,31,10,Train/10/00010_00047_00015.png
client_0,26232,68,69,6,7,62,63,18,Train/18/00018_00022_00012.png
client_0,2881,49,49,6,6,44,44,2,Train/2/00002_00003_00001.png
client_0,13719,31,31,5,5,26,26,9,Train/9/00009_00005_00009.png
client_0,16,45,39,6,5,40,34,20,Train/20/00020_00000_00016.png
client_0,1414,30,36,5,5,25,30,1,Train/1/00001_00028_00004.png
client_0,8116,41,40,6,6,36,35,4,Train/4/00004_00055_00016.png
client_0,39018,47,49,5,6,42,44,42,Train/42/00042_00001_00019.png
client_0,11362,51,51,6,6,45,45,7,Train/7/00007_00021_00022.png
client_0,31877,47,42,5,5,42,37,30,Train/30/00030_00008_00017.png
client_0,10410,29,29,5,5,24,24,6,Train/6/00006_00004_00000.png
client_0,37341,64,64,6,5,59,59,38,Train/38/00038_00044_00022.png
client_0,23814,58,60,5,5,53,55,15,Train/15/00015_00013_00024.png
client_0,2585,36,38,5,6,31,33,1,Train/1/00001_00067_00005.png
client_0,12300,29,30,6,5,24,25,8,Train/8/00008_00005_00000.png
client_0,14088,44,48,6,6,39,43,9,Train/9/00009_00017_00018.png
client_0,6551,35,34,6,5,30,28,4,Train/4/00004_00003_00011.png
client_0,10724,37,38,6,6,32,32,7,Train/7/00007_00000_00014.png
client_0,9722,31,30,6,5,26,25,5,Train/5/00005_00043_00002.png
client_0,5597,48,49,5,6,43,44,3,Train/3/00003_00018_00017.png
client_0,719,63,64,5,6,58,59,1,Train/1/00001_00004_00029.png
client_0,11034,49,48,5,5,44,43,7,Train/7/00007_00010_00024.png
client_0,21721,38,33,6,6,33,28,13,Train/13/00013_00042_00001.png
client_0,4576,58,58,5,5,53,53,2,Train/2/00002_00059_00016.png
client_0,24740,44,48,6,6,39,43,17,Train/17/00017_00009_00020.png
client_0,19482,55,56,5,6,50,51,12,Train/12/00012_00037_00012.png
client_0,14203,44,44,6,6,39,39,9,Train/9/00009_00021_00013.png
client_0,23684,48,48,5,5,43,43,15,Train/15/00015_00009_00014.png
client_0,4019,62,63,6,6,57,58,2,Train/2/00002_00040_00029.png
client_0,21638,36,31,6,5,31,26,13,Train/13/00013_00039_00008.png
client_0,11019,38,37,6,6,33,32,7,Train/7/00007_00010_00009.png
client_0,30275,34,31,6,5,29,26,26,Train/26/00026_00010_00005.png
client_0,3435,36,36,6,6,31,31,2,Train/2/00002_00021_00015.png
client_0,6559,41,41,5,6,36,36,4,Train/4/00004_00003_00019.png
client_0,8755,53,53,5,5,48,48,5,Train/5/00005_00010_00025.png
client_0,29254,37,34,5,6,32,29,25,Train/25/00025_00026_00004.png
client_0,8369,106,107,9,10,97,98,4,Train/4/00004_00063_00029.png
client_0,7128,39,39,6,6,34,34,4,Train/4/00004_00022_00018.png
client_0,13834,32,33,6,5,27,28,9,Train/9/00009_00009_00004.png
client_0,29269,52,52,5,6,47,47,25,Train/25/00025_00026_00019.png
client_0,4263,30,30,5,5,25,25,2,Train/2/00002_00049_00003.png
client_0,32183,65,61,6,5,60,56,31,Train/31/00031_00003_00023.png
client_0,36174,59,62,5,6,53,56,38,Train/38/00038_00005_00025.png
client_0,14198,40,42,5,6,35,36,9,Train/9/00009_00021_00008.png
client_0,10414,32,33,6,6,27,28,6,Train/6/00006_00004_00004.png
client_0,16456,33,33,5,5,28,28,10,Train/10/00010_00047_00016.png
client_0,35645,29,30,6,5,24,25,36,Train/36/00036_00008_00006.png
client_0,24993,32,35,5,6,27,30,17,Train/17/00017_00018_00003.png
client_0,11728,122,123,11,11,112,113,7,Train/7/00007_00033_00028.png
client_0,2659,50,51,5,6,45,46,1,Train/1/00001_00069_00019.png
client_0,3047,38,39,5,5,33,34,2,Train/2/00002_00008_00017.png
client_0,36919,38,42,5,5,33,37,38,Train/38/00038_00030_00020.png
client_0,10307,46,47,6,6,41,42,6,Train/6/00006_00000_00017.png
client_0,24481,30,30,6,6,25,25,17,Train/17/00017_00001_00001.png
client_0,16081,29,28,5,6,24,23,10,Train/10/00010_00035_00001.png
client_0,21908,55,51,6,5,50,46,13,Train/13/00013_00048_00008.png
client_0,6536,76,76,7,6,70,70,4,Train/4/00004_00002_00026.png
client_0,3476,77,80,7,8,71,73,2,Train/2/00002_00022_00026.png
client_0,15909,33,32,6,5,28,27,10,Train/10/00010_00029_00009.png
client_0,18789,37,34,5,5,32,29,12,Train/12/00012_00014_00009.png
client_0,21276,32,32,6,6,27,27,13,Train/13/00013_00027_00006.png
client_0,25136,86,82,8,7,79,75,17,Train/17/00017_00022_00026.png
client_0,6144,59,57,5,5,54,52,3,Train/3/00003_00036_00024.png
client_0,6399,35,35,6,6,30,30,3,Train/3/00003_00045_00009.png
client_0,15498,47,47,6,6,42,42,10,Train/10/00010_00015_00018.png
client_0,14696,96,95,9,8,88,87,9,Train/9/00009_00037_00026.png
client_0,12068,31,31,6,5,25,25,7,Train/7/00007_00045_00008.png
client_0,11858,34,34,5,5,29,29,7,Train/7/00007_00038_00008.png
client_0,2684,67,73,6,7,61,67,1,Train/1/00001_00070_00014.png
client_0,27983,70,61,6,6,64,56,23,Train/23/00023_00009_00023.png
client_0,12219,31,31,6,6,26,26,8,Train/8/00008_00002_00009.png
client_0,12444,47,47,5,5,42,42,8,Train/8/00008_00009_00024.png
client_0,31875,43,39,5,6,38,34,30,Train/30/00030_00008_00015.png
client_0,8968,107,106,10,9,98,97,5,Train/5/00005_00017_00028.png
client_0,24647,43,43,6,5,38,38,17,Train/17/00017_00006_00017.png
client_0,13446,30,29,6,6,25,24,8,Train/8/00008_00043_00006.png
client_0,3981,44,46,6,6,39,40,2,Train/2/00002_00039_00021.png
client_0,37647,94,103,9,9,86,94,38,Train/38/00038_00054_00028.png
client_0,18220,35,33,6,6,30,28,11,Train/11/00011_00039_00010.png
client_0,24536,36,50,6,6,30,44,17,Train/17/00017_00002_00026.png
client_0,30457,35,32,5,5,29,27,26,Train/26/00026_00016_00007.png
client_0,13743,28,28,5,5,23,23,9,Train/9/00009_00006_00003.png
client_0,11702,27,27,6,6,22,22,7,Train/7/00007_00033_00002.png
client_0,1378,113,112,10,9,104,103,1,Train/1/00001_00026_00028.png
client_0,20383,40,39,5,5,35,34,12,Train/12/00012_00067_00013.png
client_0,14245,59,62,6,6,54,57,9,Train/9/00009_00022_00025.png
client_0,13701,45,46,5,6,40,41,9,Train/9/00009_00004_00021.png
client_0,5624,40,39,6,5,35,34,3,Train/3/00003_00019_00014.png
client_0,6003,48,48,6,5,42,42,3,Train/3/00003_00032_00003.png
client_0,13915,87,90,7,8,80,82,9,Train/9/00009_00011_00025.png
client_0,29906,177,154,16,14,162,141,25,Train/25/00025_00047_00026.png
client_0,11275,55,55,5,5,50,50,7,Train/7/00007_00018_00025.png
client_0,29365,106,104,9,10,97,95,25,Train/25/00025_00029_00025.png
client_0,10302,37,39,5,6,32,34,6,Train/6/00006_00000_00012.png
client_0,38867,38,41,5,6,33,35,41,Train/41/00041_00004_00018.png
client_0,1300,28,28,6,6,23,23,1,Train/1/00001_00024_00010.png
client_0,9943,38,38,6,6,33,33,5,Train/5/00005_00050_00013.png
client_0,23637,44,48,6,6,39,43,15,Train/15/00015_00007_00027.png
client_0,6054,52,48,5,5,47,43,3,Train/3/00003_00033_00024.png
client_0,32248,69,63,6,5,63,58,31,Train/31/00031_00005_00028.png
client_0,20668,76,69,6,6,70,63,13,Train/13/00013_00006_00028.png
client_0,11278,68,68,6,7,62,62,7,Train/7/00007_00018_00028.png
client_0,10341,46,50,5,6,41,45,6,Train/6/00006_00001_00021.png
client_0,9920,41,44,5,6,36,39,5,Train/5/00005_00049_00020.png
client_0,1040,50,50,6,5,45,44,1,Train/1/00001_00015_00020.png
client_0,2334,82,74,8,6,74,68,1,Train/1/00001_00058_00024.png
client_0,18331,34,36,5,5,29,31,11,Train/11/00011_00043_00001.png
client_0,9619,37,37,6,5,32,32,5,Train/5/00005_00039_00019.png
client_0,23721,49,49,5,6,44,44,15,Train/15/00015_00010_00021.png
client_0,9823,41,40,6,5,36,35,5,Train/5/00005_00046_00013.png
client_0,29344,48,47,5,5,43,42,25,Train/25/00025_00029_00004.png
client_0,3385,58,59,6,5,53,54,2,Train/2/00002_00019_00025.png
client_0,21112,61,56,6,6,56,51,13,Train/13/00013_00021_00022.png
client_0,8251,30,30,6,6,25,25,4,Train/4/00004_00060_00001.png
client_0,15093,32,32,5,6,27,27,10,Train/10/00010_00002_00003.png
client_0,21693,63,57,5,5,58,52,13,Train/13/00013_00041_00003.png
client_0,14513,39,40,6,6,33,34,9,Train/9/00009_00031_00023.png
client_0,38038,107,108,10,9,98,99,38,Train/38/00038_00067_00029.png
client_0,26887,43,41,5,5,38,36,19,Train/19/00019_00004_00007.png
client_0,6811,30,30,6,5,25,24,4,Train/4/00004_00012_00001.png
client_0,12455,32,33,5,6,27,28,8,Train/8/00008_00010_00005.png
client_0,15636,31,28,6,6,26,23,10,Train/10/00010_00020_00006.png
client_0,9291,48,43,6,5,43,38,5,Train/5/00005_00028_00021.png
client_0,15270,31,31,6,6,26,26,10,Train/10/00010_00008_00000.png
client_0,31106,84,76,7,7,77,70,28,Train/28/00028_00009_00026.png
client_0,11738,30,33,5,5,25,28,7,Train/7/00007_00034_00008.png
client_0,21989,106,108,9,10,97,99,13,Train/13/00013_00050_00029.png
client_0,7205,35,34,6,6,30,29,4,Train/4/00004_00025_00005.png
client_0,4306,35,35,5,5,30,30,2,Train/2/00002_00050_00016.png
client_0,13423,37,38,5,6,32,33,8,Train/8/00008_00042_00013.png
client_0,24293,93,93,9,9,85,85,16,Train/16/00016_00008_00023.png
client_0,12769,69,69,6,6,63,63,8,Train/8/00008_00020_00019.png
client_0,34372,51,52,6,6,46,47,35,Train/35/00035_00005_00023.png
client_0,20387,48,47,6,6,43,42,12,Train/12/00012_00067_00017.png
client_0,13747,30,30,6,6,25,25,9,Train/9/00009_00006_00007.png
client_0,22323,33,33,5,5,28,28,13,Train/13/00013_00062_00003.png
client_0,34296,29,29,6,6,24,24,35,Train/35/00035_00003_00007.png
client_0,6739,44,45,5,6,39,40,4,Train/4/00004_00009_00019.png
client_0,15805,58,58,6,5,53,53,10,Train/10/00010_00025_00025.png
client_0,26445,49,47,5,6,43,42,18,Train/18/00018_00029_00015.png
client_0,5556,41,39,6,5,35,34,3,Train/3/00003_00017_00006.png
client_0,36436,35,38,6,6,30,33,38,Train/38/00038_00014_00017.png
client_0,8823,31,31,6,6,26,26,5,Train/5/00005_00013_00003.png
client_0,469,50,50,5,5,45,45,0,Train/0/00000_00003_00019.png
client_0,2779,59,59,5,5,54,54,1,Train/1/00001_00073_00019.png
client_0,36825,32,32,6,5,27,27,38,Train/38/00038_00027_00016.png
client_0,14555,33,30,6,5,27,24,9,Train/9/00009_00033_00005.png
client_0,35108,30,31,6,6,25,26,35,Train/35/00035_00030_00009.png
client_0,35985,57,60,5,5,52,54,37,Train/37/00037_00006_00016.png
client_0,29887,67,61,6,6,61,56,25,Train/25/00025_00047_00007.png
client_0,5047,30,29,6,5,25,24,3,Train/3/00003_00000_00007.png
client_0,34299,29,30,5,6,23,25,35,Train/35/00035_00003_00010.png
client_0,19448,43,42,6,5,38,37,12,Train/12/00012_00036_00008.png
client_0,31619,154,141,13,13,141,129,29,Train/29/00029_00008_00029.png
client_0,14444,39,40,5,5,34,35,9,Train/9/00009_00029_00014.png
client_0,11060,53,53,6,6,48,48,7,Train/7/00007_00011_00020.png
client_0,13055,27,28,5,6,22,23,8,Train/8/00008_00030_00005.png
client_0,3734,36,38,5,5,31,33,2,Train/2/00002_00031_00014.png
client_0,21600,39,36,6,5,34,31,13,Train/13/00013_00038_00000.png
client_0,6037,30,32,6,6,25,27,3,Train/3/00003_00033_00007.png
client_0,11211,69,69,7,7,63,63,7,Train/7/00007_00016_00021.png
client_0,4882,32,33,6,6,27,28,2,Train/2/00002_00069_00022.png
client_0,14246,63,70,5,7,58,64,9,Train/9/00009_00022_00026.png
client_0,30359,81,73,8,7,74,67,26,Train/26/00026_00012_00029.png
client_0,20149,47,46,6,6,41,41,12,Train/12/00012_00059_00019.png
client_0,18690,35,37,6,6,30,32,12,Train/12/00012_00011_00000.png
client_0,1975,85,86,7,8,78,79,1,Train/1/00001_00046_00025.png
client_0,27495,42,38,5,5,37,33,22,Train/22/00022_00006_00015.png
client_0,30875,42,39,5,5,37,34,28,Train/28/00028_00002_00005.png
client_0,32404,34,34,6,6,29,29,31,Train/31/00031_00011_00004.png
client_0,16979,57,59,5,5,52,54,10,Train/10/00010_00064_00029.png
client_0,15704,44,45,5,5,39,40,10,Train/10/00010_00022_00014.png
client_0,12683,51,51,5,6,46,46,8,Train/8/00008_00017_00023.png
client_0,872,31,30,6,5,26,24,1,Train/1/00001_00010_00002.png
client_0,30084,87,84,8,8,79,77,26,Train/26/00026_00003_00024.png
client_0,32139,41,39,6,5,36,34,31,Train/31/00031_00002_00009.png
client_0,1761,65,70,6,7,60,64,1,Train/1/00001_00039_00021.png
client_0,30823,41,39,6,5,36,34,28,Train/28/00028_00000_00013.png
client_0,3879,36,35,6,6,31,30,2,Train/2/00002_00036_00009.png
client_0,19709,152,152,14,14,139,139,12,Train/12/00012_00044_00029.png
client_0,39128,30,30,5,6,24,25,42,Train/42/00042_00005_00009.png
client_0,14055,50,49,5,5,44,44,9,Train/9/00009_00016_00015.png
client_0,9656,53,54,6,6,47,49,5,Train/5/00005_00040_00026.png
client_0,11536,38,37,6,5,33,32,7,Train/7/00007_00027_00016.png
client_0,238,106,100,10,8,97,92,20,Train/20/00020_00007_00028.png
client_0,596,100,104,9,9,92,95,1,Train/1/00001_00000_00026.png
client_0,4286,58,56,6,5,53,51,2,Train/2/00002_00049_00026.png
client_0,10194,56,59,5,6,51,54,5,Train/5/00005_00058_00024.png
client_0,21537,146,142,13,12,134,130,13,Train/13/00013_00035_00027.png
client_0,23333,74,73,7,6,68,67,14,Train/14/00014_00023_00023.png
client_0,27514,39,35,6,6,34,30,22,Train/22/00022_00007_00004.png
client_0,9625,43,45,6,6,38,39,5,Train/5/00005_00039_00025.png
client_0,27355,62,56,5,5,57,51,22,Train/22/00022_00001_00025.png
client_0,35671,25,28,5,5,20,22,36,Train/36/00036_00009_00002.png
client_0,21611,46,44,5,6,41,39,13,Train/13/00013_00038_00011.png
client_0,14532,42,43,6,6,37,38,9,Train/9/00009_00032_00012.png
client_0,8340,28,29,5,6,23,24,4,Train/4/00004_00063_00000.png
client_0,28985,34,35,5,5,28,29,25,Train/25/00025_00017_00005.png
client_0,19782,51,53,6,6,45,48,12,Train/12/00012_00047_00012.png
client_0,31078,164,142,14,12,150,130,28,Train/28/00028_00008_00028.png
client_0,16581,62,63,5,6,57,58,10,Train/10/00010_00051_00021.png
client_0,16392,44,44,5,5,39,39,10,Train/10/00010_00045_00012.png
client_0,23615,28,30,5,5,23,25,15,Train/15/00015_00007_00005.png
client_0,36172,54,55,5,5,48,50,38,Train/38/00038_00005_00023.png
client_0,28055,27,28,5,5,22,22,23,Train/23/00023_00012_00005.png
client_0,6554,35,36,5,6,30,31,4,Train/4/00004_00003_00014.png
client_0,31685,39,37,5,5,34,32,30,Train/30/00030_00002_00005.png
client_0,12038,28,30,5,6,23,25,7,Train/7/00007_00044_00008.png
client_0,28786,57,52,5,6,52,47,25,Train/25/00025_00010_00016.png
client_0,23034,112,111,9,9,103,102,14,Train/14/00014_00013_00024.png
client_0,4706,40,41,5,6,35,36,2,Train/2/00002_00063_00026.png
client_0,11517,63,72,5,7,58,66,7,Train/7/00007_00026_00027.png
client_0,12002,29,29,5,5,24,24,7,Train/7/00007_00043_00002.png
client_0,12080,47,48,5,5,42,42,7,Train/7/00007_00045_00020.png
client_0,18127,54,54,6,6,48,48,11,Train/11/00011_00036_00007.png
client_0,8938,100,100,8,8,92,92,5,Train/5/00005_00016_00028.png
client_0,33519,38,38,6,5,33,33,33,Train/33/00033_00014_00009.png
client_0,17137,41,39,6,6,36,34,11,Train/11/00011_00003_00007.png
client_0,17438,45,43,6,5,40,37,11,Train/11/00011_00013_00008.png
client_0,37549,53,54,5,5,48,49,38,Train/38/00038_00051_00020.png
client_0,33987,46,46,5,5,41,41,34,Train/34/00034_00006_00028.png
client_0,3705,44,38,6,6,38,33,2,Train/2/00002_00030_00015.png
client_0,28326,36,31,6,6,31,26,24,Train/24/00024_00004_00006.png
client_0,6842,28,29,6,6,23,24,4,Train/4/00004_00013_00002.png
client_0,34662,40,42,5,6,35,37,35,Train/35/00035_00015_00013.png
client_0,14115,37,37,5,6,31,31,9,Train/9/00009_00018_00015.png
client_0,25534,26,32,5,6,21,27,17,Train/17/00017_00036_00004.png
client_0,19905,40,41,5,6,35,36,12,Train/12/00012_00051_00015.png
client_0,24982,58,61,5,6,53,56,17,Train/17/00017_00017_00022.png
client_0,31334,50,45,6,5,45,40,28,Train/28/00028_00017_00014.png
client_0,25070,44,41,5,5,39,36,17,Train/17/00017_00020_00020.png
client_0,30296,58,51,6,5,53,46,26,Train/26/00026_00010_00026.png
client_0,5829,30,31,6,6,25,26,3,Train/3/00003_00026_00009.png
client_0,25820,82,71,8,6,75,65,18,Train/18/00018_00008_00020.png
client_0,18785,36,35,6,5,31,30,12,Train/12/00012_00014_00005.png
client_0,23009,65,63,6,5,60,58,14,Train/14/00014_00012_00029.png
client_0,34676,95,91,9,8,87,83,35,Train/35/00035_00015_00027.png
client_0,19229,123,124,10,11,113,114,12,Train/12/00012_00028_00029.png
client_0,38275,41,41,5,5,36,36,39,Train/39/00039_00006_00026.png
client_0,32184,70,64,6,5,63,59,31,Train/31/00031_00003_00024.png
client_0,223,30,30,5,5,25,25,20,Train/20/00020_00007_00013.png
client_0,17602,83,74,7,7,76,68,11,Train/11/00011_00018_00022.png
client_0,2349,41,41,6,6,36,36,1,Train/1/00001_00059_00009.png
client_0,23027,88,87,7,7,81,80,14,Train/14/00014_00013_00017.png
client_0,25959,45,46,5,6,40,41,18,Train/18/00018_00013_00009.png
client_0,18250,46,42,6,5,41,37,11,Train/11/00011_00040_00010.png
client_0,14810,37,40,5,6,32,35,9,Train/9/00009_00041_00020.png
client_0,17586,49,46,5,6,44,41,11,Train/11/00011_00018_00006.png
client_0,37197,64,69,5,7,59,63,38,Train/38/00038_00039_00028.png
client_0,2090,54,52,6,5,49,47,1,Train/1/00001_00050_00020.png
client_0,2906,69,70,6,6,63,64,2,Train/2/00002_00003_00026.png
client_0,10468,56,59,6,5,51,53,6,Train/6/00006_00005_00028.png
client_0,1108,92,94,8,8,84,86,1,Train/1/00001_00017_00028.png
client_0,21093,29,27,6,5,24,21,13,Train/13/00013_00021_00003.png
client_0,11746,34,41,5,6,29,36,7,Train/7/00007_00034_00016.png
client_0,17970,37,38,5,6,32,33,11,Train/11/00011_00031_00000.png
client_0,30385,60,58,6,5,54,52,26,Train/26/00026_00013_00025.png
client_0,9384,48,50,6,6,43,45,5,Train/5/00005_00031_00024.png
client_0,29114,46,42,6,5,41,37,25,Train/25/00025_00021_00014.png
client_0,5582,32,31,6,5,27,26,3,Train/3/00003_00018_00002.png
client_0,15252,41,41,6,6,36,36,10,Train/10/00010_00007_00012.png
client_0,4833,31,30,6,5,26,25,2,Train/2/00002_00068_00003.png
client_0,30172,61,55,6,5,56,50,26,Train/26/00026_00006_00022.png
client_0,38125,52,54,5,6,47,49,39,Train/39/00039_00001_00026.png
client_0,27339,37,33,5,5,32,28,22,Train/22/00022_00001_00009.png
client_0,2002,61,61,6,6,56,56,1,Train/1/00001_00047_00022.png
client_0,32382,37,34,6,6,31,28,31,Train/31/00031_00010_00012.png
client_0,7185,44,45,5,6,39,40,4,Train/4/00004_00024_00015.png
client_0,24158,33,33,5,5,28,28,16,Train/16/00016_00004_00008.png
client_0,24040,64,63,6,5,59,58,16,Train/16/00016_00000_00010.png
client_0,36360,26,27,5,6,21,22,38,Train/38/00038_00012_00001.png
client_0,31218,71,68,7,7,65,62,28,Train/28/00028_00013_00018.png
client_0,29524,30,30,5,6,25,25,25,Train/25/00025_00035_00004.png
client_0,37791,57,56,6,5,52,51,38,Train/38/00038_00059_00022.png
client_0,2077,39,39,5,6,34,34,1,Train/1/00001_00050_00007.png
client_0,16414,29,28,6,5,24,23,10,Train/10/00010_00046_00004.png
client_0,9360,26,27,6,5,21,22,5,Train/5/00005_00031_00000.png
client_0,31217,68,65,6,6,61,60,28,Train/28/00028_00013_00017.png
client_0,35637,38,40,5,6,33,35,36,Train/36/00036_00007_00028.png
client_0,24570,36,41,4,6,31,36,17,Train/17/00017_00004_00000.png
client_0,27752,37,35,5,5,32,29,23,Train/23/00023_00002_00002.png
client_0,8537,36,36,6,6,31,30,5,Train/5/00005_00003_00017.png
client_0,33828,40,39,6,5,35,34,34,Train/34/00034_00001_00019.png
client_0,26188,163,147,14,12,149,135,18,Train/18/00018_00020_00028.png
client_0,37194,56,57,6,6,51,52,38,Train/38/00038_00039_00025.png
client_0,21633,33,30,5,5,28,25,13,Train/13/00013_00039_00003.png
client_0,4912,46,44,6,5,41,39,2,Train/2/00002_00070_00022.png
client_0,11903,50,49,6,5,45,44,7,Train/7/00007_00039_00023.png
client_0,1669,48,47,5,5,43,42,1,Train/1/00001_00036_00019.png
client_0,30780,32,30,5,5,27,25,27,Train/27/00027_00007_00000.png
client_0,16343,46,48,6,6,41,43,10,Train/10/00010_00043_00023.png
client_0,16988,31,29,6,5,26,24,10,Train/10/00010_00065_00008.png
client_0,4555,49,48,5,5,43,42,2,Train/2/00002_00058_00025.png
client_0,6330,28,29,5,5,23,24,3,Train/3/00003_00043_00000.png
client_0,16643,77,81,7,8,71,74,10,Train/10/00010_00053_00023.png
client_0,23988,33,32,6,5,28,27,15,Train/15/00015_00019_00018.png
client_0,16272,34,33,6,6,29,28,10,Train/10/00010_00041_00012.png
client_0,30578,54,51,5,5,49,46,27,Train/27/00027_00000_00008.png
client_0,34602,37,38,5,6,31,32,35,Train/35/00035_00013_00013.png
client_0,12197,41,43,6,6,36,37,8,Train/8/00008_00001_00017.png
client_0,34414,28,29,5,5,23,24,35,Train/35/00035_00007_00005.png
client_0,20314,43,45,6,6,37,40,12,Train/12/00012_00065_00004.png
client_0,21883,74,64,7,6,68,59,13,Train/13/00013_00047_00013.png
client_0,16687,33,34,5,6,28,29,10,Train/10/00010_00055_00007.png
client_0,28596,42,39,6,6,37,34,25,Train/25/00025_00004_00006.png
client_0,30630,31,29,5,6,26,24,27,Train/27/00027_00002_00000.png
client_0,38567,62,61,6,5,56,56,40,Train/40/00040_00006_00018.png
client_0,36235,83,85,8,8,76,78,38,Train/38/00038_00007_00026.png
client_0,31046,99,86,9,8,91,79,28,Train/28/00028_00007_00026.png
client_0,27573,35,32,6,5,30,27,22,Train/22/00022_00009_00003.png
client_0,17656,53,51,5,6,48,45,11,Train/11/00011_00020_00016.png
client_0,31389,45,41,5,5,39,36,29,Train/29/00029_00001_00009.png
client_0,18358,56,55,5,6,51,50,11,Train/11/00011_00043_00028.png
client_0,11017,36,36,5,6,31,31,7,Train/7/00007_00010_00007.png
client_0,848,33,33,5,5,28,28,1,Train/1/00001_00009_00008.png
client_0,23021,63,63,6,5,58,58,14,Train/14/00014_00013_00011.png
client_0,30208,57,53,6,6,51,48,26,Train/26/00026_00007_00028.png
client_0,17429,207,180,18,15,190,165,11,Train/11/00011_00012_00029.png
client_0,25623,37,35,5,6,31,30,18,Train/18/00018_00002_00003.png
client_0,36886,46,45,6,5,41,40,38,Train/38/00038_00029_00017.png
client_0,17733,33,30,5,6,28,25,11,Train/11/00011_00023_00003.png
client_0,7709,71,72,6,7,65,66,4,Train/4/00004_00041_00029.png
client_0,10564,28,29,6,5,23,24,6,Train/6/00006_00009_00004.png
client_0,14677,35,34,6,6,29,29,9,Train/9/00009_00037_00007.png
client_0,3111,54,53,6,6,49,48,2,Train/2/00002_00010_00021.png
client_0,20964,93,84,9,7,85,77,13,Train/13/00013_00016_00024.png
client_0,27567,99,100,8,9,91,92,22,Train/22/00022_00008_00027.png
client_0,10799,131,145,11,12,120,133,7,Train/7/00007_00002_00029.png
client_0,27845,34,34,5,5,29,28,23,Train/23/00023_00005_00005.png
client_0,24424,50,49,5,5,44,44,16,Train/16/00016_00013_00004.png
client_0,26318,42,39,5,5,37,34,18,Train/18/00018_00025_00008.png
client_0,8326,41,41,5,5,36,36,4,Train/4/00004_00062_00016.png
client_0,20218,91,92,8,9,83,84,12,Train/12/00012_00061_00028.png
client_0,37739,38,40,6,6,33,35,38,Train/38/00038_00058_00000.png
client_0,11061,56,55,6,5,51,50,7,Train/7/00007_00011_00021.png
client_0,6693,29,29,5,5,23,24,4,Train/4/00004_00008_00003.png
client_0,31161,52,48,6,6,47,43,28,Train/28/00028_00011_00021.png
client_0,30045,37,35,6,5,32,30,26,Train/26/00026_00002_00015.png
client_0,9461,32,35,5,6,27,29,5,Train/5/00005_00034_00011.png
client_0,11643,28,28,5,5,22,22,7,Train/7/00007_00031_00003.png
client_0,26424,71,76,7,6,65,70,18,Train/18/00018_00028_00024.png
client_0,3302,28,28,6,6,22,22,2,Train/2/00002_00017_00002.png
client_0,28191,59,58,5,6,54,53,23,Train/23/00023_00016_00021.png
client_0,32542,70,62,7,6,64,57,31,Train/31/00031_00015_00022.png
client_0,34951,32,32,6,5,26,26,35,Train/35/00035_00025_00002.png
client_0,17469,39,38,6,6,33,32,11,Train/11/00011_00014_00009.png
client_0,7781,34,33,6,5,28,28,4,Train/4/00004_00044_00011.png
client_0,1959,46,45,6,5,41,40,1,Train/1/00001_00046_00009.png
client_0,10169,63,62,5,5,58,57,5,Train/5/00005_00057_00029.png
client_0,38623,53,55,5,5,48,50,40,Train/40/00040_00008_00014.png
client_0,23399,83,85,8,7,75,78,14,Train/14/00014_00025_00029.png
client_0,7082,28,29,6,5,23,24,4,Train/4/00004_00021_00002.png
client_0,14157,56,56,6,5,51,51,9,Train/9/00009_00019_00027.png
client_0,32729,117,116,11,10,107,106,31,Train/31/00031_00021_00029.png
client_0,14065,60,62,5,6,55,57,9,Train/9/00009_00016_00025.png
client_0,16880,49,41,6,6,43,36,10,Train/10/00010_00061_00020.png
client_0,8974,29,29,5,6,23,24,5,Train/5/00005_00018_00004.png
client_0,11844,54,52,6,5,49,47,7,Train/7/00007_00037_00024.png
client_0,17541,76,72,6,7,70,66,11,Train/11/00011_00016_00021.png
client_0,28119,83,73,8,7,76,67,23,Train/23/00023_00014_00009.png
client_0,14666,98,98,8,8,90,90,9,Train/9/00009_00036_00026.png
client_0,32114,50,46,6,5,45,40,31,Train/31/00031_00001_00014.png
client_0,37103,91,93,8,8,83,85,38,Train/38/00038_00036_00024.png
client_0,4076,58,59,6,5,53,54,2,Train/2/00002_00042_00026.png
client_0,222,28,28,5,5,23,23,20,Train/20/00020_00007_00012.png
client_0,22907,46,48,6,5,41,43,14,Train/14/00014_00009_00017.png
client_0,18222,37,35,5,5,32,30,11,Train/11/00011_00039_00012.png
client_0,8747,39,39,5,5,34,34,5,Train/5/00005_00010_00017.png
client_0,18933,29,30,5,5,24,25,12,Train/12/00012_00019_00003.png
client_0,24051,100,100,9,9,92,92,16,Train/16/00016_00000_00021.png
client_0,18547,38,37,6,6,33,32,12,Train/12/00012_00006_00007.png
client_0,22551,47,48,5,6,42,43,13,Train/13/00013_00069_00021.png
client_0,13556,58,58,6,5,53,53,8,Train/8/00008_00046_00026.png
client_0,13228,61,61,5,5,56,56,8,Train/8/00008_00035_00028.png
client_0,3230,46,47,5,6,41,42,2,Train/2/00002_00014_00020.png
client_0,36003,28,29,6,6,23,24,38,Train/38/00038_00000_00004.png
client_0,21445,115,85,10,7,105,78,13,Train/13/00013_00032_00025.png
client_0,1461,60,61,5,5,55,56,1,Train/1/00001_00029_00021.png
client_0,35547,54,58,6,5,49,53,36,Train/36/00036_00004_00028.png
client_0,10644,55,54,6,5,50,49,6,Train/6/00006_00011_00024.png
client_0,21154,29,34,6,5,23,28,13,Train/13/00013_00023_00004.png
client_0,26539,71,71,6,6,65,65,18,Train/18/00018_00032_00019.png
client_0,15320,45,45,5,5,40,40,10,Train/10/00010_00009_00020.png
client_0,18787,36,36,6,6,31,31,12,Train/12/00012_00014_00007.png
client_0,20933,117,106,10,9,106,97,13,Train/13/00013_00015_00023.png
client_0,25120,43,43,6,6,38,38,17,Train/17/00017_00022_00010.png
client_0,2160,51,54,6,5,46,49,1,Train/1/00001_00053_00000.png
client_0,35007,117,120,10,11,107,110,35,Train/35/00035_00026_00028.png
client_0,14324,40,39,6,5,35,34,9,Train/9/00009_00025_00014.png
client_0,37718,35,38,5,6,29,32,38,Train/38/00038_00057_00009.png
client_0,6529,51,53,6,6,46,47,4,Train/4/00004_00002_00019.png
client_0,34187,46,47,5,6,41,42,34,Train/34/00034_00013_00018.png
client_0,31633,45,37,6,5,40,32,30,Train/30/00030_00000_00013.png
client_0,37516,35,35,5,5,30,30,38,Train/38/00038_00050_00017.png
client_0,26044,31,29,5,6,25,23,18,Train/18/00018_00016_00004.png
client_0,24100,32,32,5,5,27,27,16,Train/16/00016_00002_00010.png
client_0,34589,25,26,5,5,20,21,35,Train/35/00035_00013_00000.png
client_0,33277,31,32,5,6,25,27,33,Train/33/00033_00006_00007.png
client_0,36951,69,70,6,7,63,64,38,Train/38/00038_00031_00022.png
client_0,7885,86,83,8,8,78,76,4,Train/4/00004_00047_00025.png
client_0,26455,97,85,9,8,89,78,18,Train/18/00018_00029_00025.png
client_0,16868,35,31,5,6,30,26,10,Train/10/00010_00061_00008.png
client_0,24690,26,28,6,5,21,23,17,Train/17/00017_00008_00000.png
client_0,34541,36,36,6,5,31,31,35,Train/35/00035_00011_00012.png
client_0,8731,32,33,6,6,27,28,5,Train/5/00005_00010_00001.png
client_0,24708,29,30,6,5,24,25,17,Train/17/00017_00008_00018.png
client_0,33136,40,41,5,6,35,36,33,Train/33/00033_00001_00016.png
client_0,26883,41,39,5,6,36,34,19,Train/19/00019_00004_00003.png
client_0,32082,51,45,6,6,46,40,31,Train/31/00031_00000_00012.png
client_0,570,56,57,6,5,51,52,1,Train/1/00001_00000_00000.png
client_0,14179,31,31,6,6,26,26,9,Train/9/00009_00020_00019.png
client_0,31935,45,40,6,5,40,35,30,Train/30/00030_00010_00015.png
client_0,31241,46,45,5,6,40,39,28,Train/28/00028_00014_00011.png
client_0,5749,47,47,6,6,42,42,3,Train/3/00003_00023_00019.png
client_0,36137,41,45,6,6,36,40,38,Train/38/00038_00004_00018.png
client_0,10483,34,35,5,5,29,30,6,Train/6/00006_00006_00013.png
client_0,18027,134,132,11,12,123,121,11,Train/11/00011_00032_00027.png
client_0,19343,52,63,5,6,47,58,12,Train/12/00012_00032_00023.png
client_0,28491,71,71,6,7,65,65,25,Train/25/00025_00000_00021.png
client_0,26339,192,180,17,15,176,165,18,Train/18/00018_00025_00029.png
client_0,25147,31,31,6,5,26,26,17,Train/17/00017_00023_00007.png
client_0,5567,54,56,5,5,49,51,3,Train/3/00003_00017_00017.png
client_0,27965,40,41,5,6,35,36,23,Train/23/00023_00009_00005.png
client_0,16193,46,47,5,5,41,42,10,Train/10/00010_00038_00023.png
client_0,3076,64,61,6,5,59,56,2,Train/2/00002_00009_00016.png
client_0,19191,57,56,6,5,52,51,12,Train/12/00012_00027_00021.png
client_0,34007,44,43,6,5,39,38,34,Train/34/00034_00007_00018.png
client_0,27046,44,42,6,6,39,37,21,Train/21/00021_00002_00016.png
client_0,11102,32,32,6,6,27,26,7,Train/7/00007_00013_00002.png
client_0,26848,123,98,11,9,113,90,19,Train/19/00019_00002_00028.png
client_0,16125,38,35,6,6,33,29,10,Train/10/00010_00036_00015.png
client_0,16033,34,34,6,6,29,29,10,Train/10/00010_00033_00013.png
client_0,2038,108,107,10,9,99,98,1,Train/1/00001_00048_00028.png
client_0,20766,37,36,5,5,31,31,13,Train/13/00013_00010_00006.png
client_0,11558,33,33,6,5,28,28,7,Train/7/00007_00028_00008.png
client_0,25445,27,28,6,5,22,23,17,Train/17/00017_00033_00005.png
client_0,13849,50,50,6,5,45,44,9,Train/9/00009_00009_00019.png
client_0,26550,45,41,6,5,40,36,18,Train/18/00018_00033_00000.png
client_0,29437,30,30,5,6,25,25,25,Train/25/00025_00032_00007.png
client_0,17540,72,65,6,6,66,60,11,Train/11/00011_00016_00020.png
client_0,6960,30,31,6,6,25,26,4,Train/4/00004_00017_00000.png
client_0,25112,34,34,6,5,29,29,17,Train/17/00017_00022_00002.png
client_0,2963,54,54,6,5,49,49,2,Train/2/00002_00005_00023.png
client_0,27776,118,100,11,8,108,92,23,Train/23/00023_00002_00026.png
client_0,16029,29,28,5,5,24,23,10,Train/10/00010_00033_00009.png
client_0,21027,93,85,9,8,85,78,13,Train/13/00013_00018_00027.png
client_0,30452,33,29,6,5,28,24,26,Train/26/00026_00016_00002.png
client_0,28812,75,80,6,8,68,73,25,Train/25/00025_00011_00012.png
client_0,35257,33,32,5,5,27,26,35,Train/35/00035_00035_00008.png
client_0,332,31,28,6,6,26,23,20,Train/20/00020_00011_00002.png
client_0,20745,44,42,5,5,38,36,13,Train/13/00013_00009_00015.png
client_0,19109,88,89,7,8,81,82,12,Train/12/00012_00024_00029.png
client_0,24335,33,33,5,5,28,28,16,Train/16/00016_00010_00005.png
client_0,2355,50,50,6,6,45,45,1,Train/1/00001_00059_00015.png
client_0,25166,50,53,5,6,44,47,17,Train/17/00017_00023_00026.png
client_0,19439,62,64,5,6,57,59,12,Train/12/00012_00035_00029.png
client_0,8502,31,32,5,6,26,27,5,Train/5/00005_00002_00012.png
client_0,12096,30,29,5,5,25,24,7,Train/7/00007_00046_00006.png
client_0,34863,38,39,5,6,33,34,35,Train/35/00035_00022_00004.png
client_0,20359,49,54,6,5,44,49,12,Train/12/00012_00066_00019.png
client_0,31155,48,46,6,6,43,41,28,Train/28/00028_00011_00015.png
client_0,13841,39,41,6,6,34,35,9,Train/9/00009_00009_00011.png
client_0,35099,26,26,5,6,20,21,35,Train/35/00035_00030_00000.png
client_0,6585,63,62,6,5,58,56,4,Train/4/00004_00004_00015.png
client_0,8385,36,36,5,5,31,30,4,Train/4/00004_00064_00015.png
client_0,17817,105,86,10,8,96,79,11,Train/11/00011_00025_00027.png
client_0,2234,61,71,5,6,56,65,1,Train/1/00001_00055_00014.png
client_0,27607,34,33,6,5,29,28,22,Train/22/00022_00010_00007.png
client_0,1170,44,50,5,6,39,45,1,Train/1/00001_00020_00000.png
client_0,22096,99,93,9,8,90,85,13,Train/13/00013_00054_00016.png
client_0,29055,62,59,5,5,57,54,25,Train/25/00025_00019_00015.png
client_0,625,59,57,6,6,54,52,1,Train/1/00001_00001_00025.png
client_0,14390,46,43,6,5,41,38,9,Train/9/00009_00027_00020.png
client_0,13506,35,33,6,5,30,28,8,Train/8/00008_00045_00006.png
client_0,31473,39,39,6,6,34,34,29,Train/29/00029_00004_00003.png
client_0,2566,55,53,6,5,49,48,1,Train/1/00001_00066_00016.png
client_0,17381,54,50,6,6,49,45,11,Train/11/00011_00011_00011.png
client_0,28082,42,39,5,5,36,34,23,Train/23/00023_00013_00002.png
client_0,35972,42,43,6,6,37,38,37,Train/37/00037_00006_00003.png
client_0,14670,28,28,6,6,23,23,9,Train/9/00009_00037_00000.png
client_0,24,76,69,6,6,70,63,20,Train/20/00020_00000_00024.png
client_0,31534,31,30,5,6,26,25,29,Train/29/00029_00006_00004.png
client_0,19605,34,34,5,5,29,29,12,Train/12/00012_00041_00015.png
client_0,9690,29,30,6,6,24,25,5,Train/5/00005_00042_00000.png
client_0,34354,28,29,5,6,23,24,35,Train/35/00035_00005_00005.png
client_0,36686,60,64,5,5,55,59,38,Train/38/00038_00022_00027.png
client_0,16974,44,46,6,6,39,41,10,Train/10/00010_00064_00024.png
client_0,31798,100,85,9,7,92,78,30,Train/30/00030_00005_00028.png
client_0,3688,107,103,9,9,97,94,2,Train/2/00002_00029_00028.png
client_0,36483,42,51,6,6,37,46,38,Train/38/00038_00016_00004.png
client_0,16700,45,45,6,6,40,40,10,Train/10/00010_00055_00020.png
client_0,22727,70,72,7,7,64,66,14,Train/14/00014_00003_00017.png
client_0,17788,127,109,11,10,116,100,11,Train/11/00011_00024_00028.png
client_0,21353,45,44,5,6,40,39,13,Train/13/00013_00029_00023.png
client_0,5247,82,91,7,8,75,83,3,Train/3/00003_00006_00027.png
client_0,9112,53,52,6,5,48,47,5,Train/5/00005_00022_00022.png
client_0,20001,55,56,5,6,50,51,12,Train/12/00012_00054_00021.png
client_0,3322,57,57,5,5,52,52,2,Train/2/00002_00017_00022.png
client_0,32342,37,36,5,5,31,31,31,Train/31/00031_00009_00002.png
client_0,24111,42,42,6,5,37,37,16,Train/16/00016_00002_00021.png
client_0,26315,39,36,6,5,34,31,18,Train/18/00018_00025_00005.png
client_0,31794,71,63,6,5,65,58,30,Train/30/00030_00005_00024.png
client_0,11366,58,59,5,6,52,54,7,Train/7/00007_00021_00026.png
client_0,23285,37,40,5,6,32,35,14,Train/14/00014_00022_00005.png
client_0,31726,64,57,6,6,59,52,30,Train/30/00030_00003_00016.png
client_0,1301,28,28,6,6,23,23,1,Train/1/00001_00024_00011.png
client_0,23905,55,54,5,5,50,49,15,Train/15/00015_00016_00025.png
client_0,16349,71,79,7,7,65,72,10,Train/10/00010_00043_00029.png
client_0,15464,40,39,6,5,35,34,10,Train/10/00010_00014_00014.png
client_0,637,50,50,6,5,45,45,1,Train/1/00001_00002_00007.png
client_0,16136,51,43,6,5,46,38,10,Train/10/00010_00036_00026.png
client_0,5893,31,34,5,6,26,29,3,Train/3/00003_00028_00013.png
client_0,7796,57,58,6,5,52,53,4,Train/4/00004_00044_00026.png
client_0,429,34,33,6,5,29,28,0,Train/0/00000_00002_00009.png
client_0,25360,48,51,5,6,43,46,17,Train/17/00017_00030_00010.png
client_0,10563,27,29,6,5,22,23,6,Train/6/00006_00009_00003.png
client_0,31527,119,103,10,9,109,94,29,Train/29/00029_00005_00027.png
client_0,13864,39,38,6,5,34,33,9,Train/9/00009_00010_00004.png
client_0,5647,30,31,5,6,25,26,3,Train/3/00003_00020_00007.png
client_0,26675,40,39,6,5,35,34,18,Train/18/00018_00037_00005.png
client_0,28558,166,145,14,13,151,133,25,Train/25/00025_00002_00028.png
client_0,9658,58,61,6,5,53,56,5,Train/5/00005_00040_00028.png
client_0,24654,55,60,5,6,50,55,17,Train/17/00017_00006_00024.png
client_0,15213,30,32,5,6,25,26,10,Train/10/00010_00006_00003.png
client_0,27366,37,34,6,5,32,29,22,Train/22/00022_00002_00006.png
client_0,20074,44,44,6,5,39,39,12,Train/12/00012_00057_00004.png
client_0,3161,54,53,5,6,48,48,2,Train/2/00002_00012_00011.png
client_0,1447,39,38,6,5,33,32,1,Train/1/00001_00029_00007.png
client_0,5476,35,35,6,6,30,30,3,Train/3/00003_00014_00016.png
client_0,20260,34,36,5,6,29,31,12,Train/12/00012_00063_00010.png
client_0,1845,49,49,6,5,44,44,1,Train/1/00001_00042_00015.png
client_0,31991,37,37,5,5,32,32,30,Train/30/00030_00012_00011.png
client_0,36513,33,32,6,5,28,27,38,Train/38/00038_00017_00004.png
client_0,6203,61,58,6,5,56,53,3,Train/3/00003_00038_00023.png
client_0,29389,86,76,8,6,79,70,25,Train/25/00025_00030_00019.png
client_0,8179,46,46,6,6,41,41,4,Train/4/00004_00057_00019.png
client_0,30498,50,42,6,5,44,37,26,Train/26/00026_00017_00018.png
client_0,36814,28,28,6,5,23,22,38,Train/38/00038_00027_00005.png
client_0,2921,34,36,6,6,29,31,2,Train/2/00002_00004_00011.png
client_0,32480,48,48,5,6,43,43,31,Train/31/00031_00013_00020.png
client_0,9917,39,40,6,5,34,35,5,Train/5/00005_00049_00017.png
client_0,1276,39,38,5,6,34,33,1,Train/1/00001_00023_00016.png
client_0,27820,36,34,6,6,31,29,23,Train/23/00023_00004_00010.png
client_0,35876,124,122,11,11,114,112,37,Train/37/00037_00002_00027.png
client_0,32630,64,60,5,6,59,55,31,Train/31/00031_00018_00020.png
client_0,7800,32,33,6,6,27,28,4,Train/4/00004_00045_00000.png
client_0,27951,84,80,7,8,77,73,23,Train/23/00023_00008_00021.png
client_0,31786,49,46,6,6,44,41,30,Train/30/00030_00005_00016.png
client_0,36282,40,43,5,6,35,38,38,Train/38/00038_00009_00013.png
client_0,12263,54,54,5,5,49,49,8,Train/8/00008_00003_00023.png
client_0,26631,58,53,6,6,53,48,18,Train/18/00018_00035_00021.png
client_0,35338,76,83,7,8,70,76,35,Train/35/00035_00037_00029.png
client_0,25359,47,50,5,6,42,45,17,Train/17/00017_00030_00009.png
client_0,34911,56,55,5,5,51,50,35,Train/35/00035_00023_00022.png
client_0,11203,44,44,5,5,39,39,7,Train/7/00007_00016_00013.png
client_0,2068,97,97,9,9,89,89,1,Train/1/00001_00049_00028.png
client_0,30179,106,100,10,9,97,92,26,Train/26/00026_00006_00029.png
client_0,23727,86,82,7,7,79,75,15,Train/15/00015_00010_00027.png
client_0,23996,39,39,5,5,34,34,15,Train/15/00015_00019_00026.png
client_0,5168,35,34,5,5,29,29,3,Train/3/00003_00004_00008.png
client_0,26786,133,116,12,10,122,106,19,Train/19/00019_00000_00026.png
client_0,6915,38,37,6,6,33,32,4,Train/4/00004_00015_00015.png
client_0,9004,33,32,6,5,28,27,5,Train/5/00005_00019_00004.png
client_0,528,45,44,5,6,40,39,0,Train/0/00000_00005_00018.png
client_0,19158,49,49,5,5,44,44,12,Train/12/00012_00026_00018.png
client_0,18342,42,40,6,5,37,35,11,Train/11/00011_00043_00012.png
client_0,5254,28,29,5,6,23,24,3,Train/3/00003_00007_00004.png
client_0,541,36,37,6,6,30,32,0,Train/0/00000_00006_00001.png
client_0,2797,37,33,5,5,32,28,2,Train/2/00002_00000_00007.png
client_0,395,32,32,6,6,27,27,0,Train/0/00000_00001_00005.png
client_0,34211,46,49,5,6,41,43,35,Train/35/00035_00000_00012.png
client_0,22092,85,82,7,8,77,74,13,Train/13/00013_00054_00012.png
client_0,14964,88,87,8,8,81,80,9,Train/9/00009_00046_00024.png
client_0,20543,58,59,5,6,52,54,13,Train/13/00013_00002_00023.png
client_0,8933,61,60,6,5,56,55,5,Train/5/00005_00016_00023.png
client_0,9802,50,50,5,6,44,44,5,Train/5/00005_00045_00022.png
client_0,5063,52,52,6,6,47,47,3,Train/3/00003_00000_00023.png
client_0,1554,77,80,7,8,71,73,1,Train/1/00001_00032_00024.png
client_0,30412,110,104,9,9,101,95,26,Train/26/00026_00014_00022.png
client_0,4360,61,61,5,5,55,56,2,Train/2/00002_00052_00010.png
client_0,10145,31,33,5,5,26,28,5,Train/5/00005_00057_00005.png
client_0,32280,30,28,6,5,25,23,31,Train/31/00031_00007_00000.png
client_0,15339,35,35,6,6,30,30,10,Train/10/00010_00010_00009.png
client_0,13808,28,28,5,5,23,23,9,Train/9/00009_00008_00008.png
client_0,26193,30,29,6,5,25,23,18,Train/18/00018_00021_00003.png
client_0,33194,41,43,5,5,36,38,33,Train/33/00033_00003_00014.png
client_0,36380,36,35,6,5,31,30,38,Train/38/00038_00012_00021.png
client_0,8463,27,29,5,6,22,24,5,Train/5/00005_00001_00003.png
client_0,14877,86,87,8,8,79,80,9,Train/9/00009_00043_00027.png
client_0,36021,58,58,6,5,53,53,38,Train/38/00038_00000_00022.png
client_0,3402,34,37,6,6,29,32,2,Train/2/00002_00020_00012.png
client_0,3027,72,70,7,7,66,64,2,Train/2/00002_00007_00027.png
client_0,25315,59,61,5,6,54,56,17,Train/17/00017_00028_00025.png
client_0,12918,38,38,6,6,33,33,8,Train/8/00008_00025_00018.png
client_0,19327,35,37,6,5,30,32,12,Train/12/00012_00032_00007.png
client_0,10458,37,40,5,5,31,34,6,Train/6/00006_00005_00018.png
client_0,16142,27,27,5,6,22,22,10,Train/10/00010_00037_00002.png
client_0,8302,50,51,5,6,45,46,4,Train/4/00004_00061_00022.png
client_0,15429,40,40,6,6,35,35,10,Train/10/00010_00013_00009.png
client_0,19726,64,69,5,7,59,63,12,Train/12/00012_00045_00016.png
client_0,31192,60,56,5,5,54,51,28,Train/28/00028_00012_00022.png
client_0,4229,48,51,5,6,43,46,2,Train/2/00002_00047_00029.png
client_0,33913,63,64,5,6,58,59,34,Train/34/00034_00004_00014.png
client_0,19015,63,69,6,6,58,63,12,Train/12/00012_00021_00025.png
client_0,22968,58,56,6,5,52,51,14,Train/14/00014_00011_00018.png
client_0,15548,33,32,6,5,28,27,10,Train/10/00010_00017_00008.png
client_0,22,64,57,6,5,59,52,20,Train/20/00020_00000_00022.png
client_0,8510,38,38,6,5,33,33,5,Train/5/00005_00002_00020.png
client_0,32012,34,30,6,6,29,25,30,Train/30/00030_00013_00002.png
client_0,36406,38,38,5,5,32,33,38,Train/38/00038_00013_00017.png
client_0,14575,71,64,7,5,65,58,9,Train/9/00009_00033_00025.png
client_0,12652,45,45,5,5,40,40,8,Train/8/00008_00016_00022.png
client_0,26382,44,38,6,5,39,33,18,Train/18/00018_00027_00012.png
client_0,855,40,40,6,6,35,35,1,Train/1/00001_00009_00015.png
client_0,11380,40,40,5,5,35,35,7,Train/7/00007_00022_00010.png
client_0,10024,28,28,6,6,23,23,5,Train/5/00005_00053_00004.png
client_0,29020,39,37,5,5,34,31,25,Train/25/00025_00018_00010.png
client_0,17219,201,175,18,15,184,160,11,Train/11/00011_00005_00029.png
client_0,27462,39,36,5,5,34,31,22,Train/22/00022_00005_00012.png
client_0,25725,106,96,10,9,97,88,18,Train/18/00018_00005_00015.png
client_0,35128,83,76,7,6,76,70,35,Train/35/00035_00030_00029.png
client_0,2430,32,31,6,5,27,26,1,Train/1/00001_00062_00000.png
client_0,19429,48,48,6,5,43,43,12,Train/12/00012_00035_00019.png
client_0,28205,28,27,5,5,23,22,24,Train/24/00024_00000_00005.png
client_0,2093,59,58,6,6,54,53,1,Train/1/00001_00050_00023.png
client_0,30658,142,129,12,12,130,118,27,Train/27/00027_00002_00028.png
client_0,19052,32,32,6,6,27,27,12,Train/12/00012_00023_00002.png
client_0,29603,69,59,7,5,63,54,25,Train/25/00025_00037_00023.png
client_0,25501,27,26,6,5,22,21,17,Train/17/00017_00035_00001.png
client_0,1962,50,49,6,5,45,44,1,Train/1/00001_00046_00012.png
client_0,26281,32,31,5,6,27,26,18,Train/18/00018_00024_00001.png
client_0,24695,27,29,5,5,22,24,17,Train/17/00017_00008_00005.png
client_0,31690,47,43,6,6,42,38,30,Train/30/00030_00002_00010.png
client_0,20061,57,57,6,6,51,51,12,Train/12/00012_00056_00021.png
client_0,7168,44,45,5,6,39,40,4,Train/4/00004_00023_00028.png
client_0,12107,34,36,5,6,29,31,7,Train/7/00007_00046_00017.png
client_0,1321,28,26,5,5,22,21,1,Train/1/00001_00025_00001.png
client_0,13346,72,74,7,6,66,68,8,Train/8/00008_00039_00026.png
client_0,6967,31,33,5,5,26,27,4,Train/4/00004_00017_00007.png
client_0,20086,46,48,6,5,41,42,12,Train/12/00012_00057_00016.png
client_0,13994,45,45,6,6,40,40,9,Train/9/00009_00014_00014.png
client_0,22471,35,33,6,6,30,28,13,Train/13/00013_00067_00001.png
client_0,38847,70,71,6,7,64,65,41,Train/41/00041_00003_00028.png
client_0,3099,32,30,6,5,27,25,2,Train/2/00002_00010_00009.png
client_0,3011,41,39,6,5,36,34,2,Train/2/00002_00007_00011.png
client_0,9018,46,45,5,5,40,40,5,Train/5/00005_00019_00018.png
client_0,2384,45,47,5,6,40,42,1,Train/1/00001_00060_00014.png
client_0,19552,72,73,6,7,66,67,12,Train/12/00012_00039_00022.png
client_0,35838,55,55,6,5,50,50,37,Train/37/00037_00001_00019.png
client_0,7361,37,38,6,6,32,33,4,Train/4/00004_00030_00011.png
client_0,255,40,40,6,6,35,35,20,Train/20/00020_00008_00015.png
client_0,17026,34,32,6,6,29,27,10,Train/10/00010_00066_00016.png
client_0,9006,35,34,6,5,29,28,5,Train/5/00005_00019_00006.png
client_0,19103,68,69,6,7,62,63,12,Train/12/00012_00024_00023.png
client_0,37996,46,47,6,6,41,42,38,Train/38/00038_00066_00017.png
client_0,8074,38,39,5,6,33,34,4,Train/4/00004_00054_00004.png
client_0,25155,37,37,6,5,32,32,17,Train/17/00017_00023_00015.png
client_0,15098,34,33,5,5,29,27,10,Train/10/00010_00002_00008.png
client_0,12829,47,44,6,5,42,39,8,Train/8/00008_00022_00019.png
client_0,5040,26,28,6,6,21,22,3,Train/3/00003_00000_00000.png
client_0,4494,60,61,6,5,54,56,2,Train/2/00002_00056_00024.png
client_0,14336,73,73,6,6,67,67,9,Train/9/00009_00025_00026.png
client_0,12909,31,30,6,5,26,25,8,Train/8/00008_00025_00009.png
client_0,25299,39,40,6,6,34,35,17,Train/17/00017_00028_00009.png
client_0,22485,40,38,5,6,35,33,13,Train/13/00013_00067_00015.png
client_0,24967,38,38,6,6,33,33,17,Train/17/00017_00017_00007.png
client_0,23958,107,128,10,12,97,117,15,Train/15/00015_00018_00018.png
client_0,18238,95,86,8,7,87,79,11,Train/11/00011_00039_00028.png
client_0,26779,105,88,10,7,96,81,19,Train/19/00019_00000_00019.png
client_0,36073,51,52,6,6,46,47,38,Train/38/00038_00002_00014.png
client_0,33790,39,45,6,5,34,40,34,Train/34/00034_00000_00011.png
client_0,20691,58,52,6,5,53,47,13,Train/13/00013_00007_00021.png
client_0,9031,27,27,6,5,22,21,5,Train/5/00005_00020_00001.png
client_0,17491,28,27,5,5,22,22,11,Train/11/00011_00015_00001.png
client_0,2089,51,51,5,5,46,45,1,Train/1/00001_00050_00019.png
client_0,5111,34,36,5,5,29,31,3,Train/3/00003_00002_00011.png
client_0,4091,32,31,6,5,27,26,2,Train/2/00002_00043_00011.png
client_0,32147,59,55,5,5,54,50,31,Train/31/00031_00002_00017.png
client_0,25528,38,40,5,6,33,35,17,Train/17/00017_00035_00028.png
client_0,36945,52,52,6,6,47,47,38,Train/38/00038_00031_00016.png
client_0,31931,41,39,5,5,36,34,30,Train/30/00030_00010_00011.png
client_0,14461,28,30,6,6,23,25,9,Train/9/00009_00030_00001.png
client_0,545,38,40,6,6,32,35,0,Train/0/00000_00006_00005.png
client_0,28148,47,43,6,6,42,38,23,Train/23/00023_00015_00008.png
client_0,25348,47,50,6,5,42,45,17,Train/17/00017_00029_00028.png
client_0,31297,39,39,6,5,34,34,28,Train/28/00028_00016_00007.png
client_0,13087,30,29,5,5,24,24,8,Train/8/00008_00031_00007.png
client_0,27176,85,75,8,6,78,69,21,Train/21/00021_00006_00026.png
client_0,27822,40,37,6,6,35,31,23,Train/23/00023_00004_00012.png
client_0,10689,33,32,6,5,28,27,6,Train/6/00006_00013_00009.png
client_0,1364,72,68,6,6,65,62,1,Train/1/00001_00026_00014.png
client_0,24639,34,36,5,6,28,30,17,Train/17/00017_00006_00009.png
client_0,13627,43,41,6,5,38,36,9,Train/9/00009_00002_00007.png
client_0,16133,46,40,5,5,41,35,10,Train/10/00010_00036_00023.png
client_0,34934,36,38,5,5,31,33,35,Train/35/00035_00024_00015.png
client_0,27520,49,46,6,6,44,41,22,Train/22/00022_00007_00010.png
client_0,10062,36,35,5,5,31,30,5,Train/5/00005_00054_00012.png
client_0,15664,37,34,6,5,32,29,10,Train/10/00010_00021_00004.png
client_0,5461,30,30,6,6,25,25,3,Train/3/00003_00014_00001.png
client_0,13594,29,26,6,5,23,21,9,Train/9/00009_00001_00004.png
client_0,6716,83,83,7,8,76,76,4,Train/4/00004_00008_00026.png
client_0,16742,33,32,5,5,28,27,10,Train/10/00010_00057_00002.png
client_0,37670,70,73,6,7,64,67,38,Train/38/00038_00055_00021.png
client_0,31876,45,41,5,6,40,36,30,Train/30/00030_00008_00016.png
client_0,30541,29,26,5,5,23,21,26,Train/26/00026_00019_00001.png
client_0,23222,42,45,5,5,36,40,14,Train/14/00014_00020_00002.png
client_0,186,31,29,6,6,26,24,20,Train/20/00020_00006_00006.png
client_0,20862,46,45,5,6,41,40,13,Train/13/00013_00013_00012.png
client_0,6458,47,46,6,5,42,41,4,Train/4/00004_00000_00008.png
client_0,24080,72,76,6,7,66,70,16,Train/16/00016_00001_00020.png
client_0,10602,36,39,5,5,31,34,6,Train/6/00006_00010_00012.png
client_0,11384,44,45,5,5,39,40,7,Train/7/00007_00022_00014.png
client_0,9141,48,48,5,5,43,43,5,Train/5/00005_00023_00021.png
client_0,867,63,64,5,6,58,59,1,Train/1/00001_00009_00027.png
client_0,3824,39,40,5,5,34,35,2,Train/2/00002_00034_00014.png
client_0,22585,142,128,12,12,130,117,13,Train/13/00013_00070_00025.png
client_0,38668,111,108,10,10,101,98,40,Train/40/00040_00009_00029.png
client_0,36589,42,42,5,5,37,37,38,Train/38/00038_00019_00020.png
client_0,22620,48,45,6,5,43,40,14,Train/14/00014_00000_00000.png
client_0,3634,32,33,5,5,27,28,2,Train/2/00002_00028_00004.png
client_0,32692,58,57,5,6,53,52,31,Train/31/00031_00020_00022.png
client_0,16698,41,42,5,6,36,37,10,Train/10/00010_00055_00018.png
client_0,16956,29,29,5,5,23,24,10,Train/10/00010_00064_00006.png
client_0,14059,54,53,6,6,48,47,9,Train/9/00009_00016_00019.png
client_0,24102,32,33,5,6,27,28,16,Train/16/00016_00002_00012.png
client_0,9235,47,42,5,6,42,36,5,Train/5/00005_00026_00025.png
client_0,27989,99,85,8,8,91,78,23,Train/23/00023_00009_00029.png
client_0,37858,47,48,5,5,42,43,38,Train/38/00038_00061_00029.png
client_0,15048,47,47,6,5,42,42,10,Train/10/00010_00000_00018.png
client_0,14958,69,64,6,6,62,59,9,Train/9/00009_00046_00018.png
client_0,37517,34,35,5,6,29,30,38,Train/38/00038_00050_00018.png
client_0,11914,28,29,6,6,23,24,7,Train/7/00007_00040_00004.png
client_0,19444,41,41,6,6,36,36,12,Train/12/00012_00036_00004.png
client_0,12063,29,29,6,6,23,24,7,Train/7/00007_00045_00003.png
client_0,24388,55,53,6,5,49,48,16,Train/16/00016_00011_00028.png
client_0,901,29,29,6,5,24,24,1,Train/1/00001_00011_00001.png
client_0,14941,45,41,6,6,39,36,9,Train/9/00009_00046_00001.png
client_0,27748,205,191,17,17,187,175,23,Train/23/00023_00001_00028.png
client_0,32117,54,51,6,6,49,46,31,Train/31/00031_00001_00017.png
client_0,29470,42,39,6,5,37,34,25,Train/25/00025_00033_00010.png
client_0,35918,31,31,5,5,25,26,37,Train/37/00037_00004_00009.png
client_0,5032,46,46,6,6,41,41,2,Train/2/00002_00074_00022.png
client_0,37995,45,46,6,6,40,41,38,Train/38/00038_00066_00016.png
client_0,30617,57,54,6,6,52,48,27,Train/27/00027_00001_00017.png
client_0,32689,51,48,5,5,46,43,31,Train/31/00031_00020_00019.png
client_0,698,62,65,5,6,57,60,1,Train/1/00001_00004_00008.png
client_0,7631,38,38,6,6,33,33,4,Train/4/00004_00039_00011.png
client_0,27657,74,72,6,6,68,66,22,Train/22/00022_00011_00027.png
client_0,37504,28,33,5,5,23,28,38,Train/38/00038_00050_00005.png
client_0,13881,64,63,6,6,59,58,9,Train/9/00009_00010_00021.png
client_0,34936,39,42,5,6,34,37,35,Train/35/00035_00024_00017.png
client_0,36377,32,33,5,6,27,28,38,Train/38/00038_00012_00018.png
client_0,17349,57,53,5,5,52,48,11,Train/11/00011_00010_00009.png
client_0,1441,33,36,6,6,28,30,1,Train/1/00001_00029_00001.png
client_0,37614,46,46,5,5,41,41,38,Train/38/00038_00053_00025.png
client_0,36665,32,33,5,6,27,28,38,Train/38/00038_00022_00006.png
client_0,30794,44,41,6,6,39,35,27,Train/27/00027_00007_00014.png
client_0,734,42,40,5,6,37,35,1,Train/1/00001_00005_00014.png
client_0,29464,38,36,6,5,33,30,25,Train/25/00025_00033_00004.png
client_0,18406,45,42,6,5,40,37,12,Train/12/00012_00001_00016.png
client_0,952,57,56,5,5,51,50,1,Train/1/00001_00012_00022.png
client_0,26130,40,39,6,5,35,34,18,Train/18/00018_00019_00000.png
client_0,13525,73,73,6,6,67,67,8,Train/8/00008_00045_00025.png
client_0,30741,52,48,5,5,47,42,27,Train/27/00027_00005_00021.png
client_0,3644,40,40,6,6,35,35,2,Train/2/00002_00028_00014.png
client_0,32069,72,61,7,6,66,56,30,Train/30/00030_00014_00029.png
client_0,12993,29,27,6,6,23,22,8,Train/8/00008_00028_00003.png
client_0,9592,48,53,6,6,43,48,5,Train/5/00005_00038_00022.png
client_0,26196,30,31,6,6,25,26,18,Train/18/00018_00021_00006.png
client_0,7989,37,34,6,5,32,29,4,Train/4/00004_00051_00009.png
client_0,13694,37,36,5,5,31,31,9,Train/9/00009_00004_00014.png
client_0,32042,30,29,6,5,25,24,30,Train/30/00030_00014_00002.png
client_0,6984,43,46,5,5,38,41,4,Train/4/00004_00017_00024.png
client_0,9541,27,25,5,5,22,20,5,Train/5/00005_00037_00001.png
client_0,10267,29,30,6,6,24,25,5,Train/5/00005_00061_00007.png
client_0,26670,36,36,5,5,31,31,18,Train/18/00018_00037_00000.png
client_0,1391,39,40,5,6,33,34,1,Train/1/00001_00027_00011.png
client_0,35839,57,58,5,6,52,53,37,Train/37/00037_00001_00020.png
client_0,5403,31,30,6,5,26,25,3,Train/3/00003_00012_00003.png
client_0,38133,49,54,5,5,44,49,39,Train/39/00039_00002_00004.png
client_0,11864,39,40,5,6,34,35,7,Train/7/00007_00038_00014.png
client_0,32332,62,56,6,5,57,51,31,Train/31/00031_00008_00022.png
client_0,240,30,30,5,5,25,25,20,Train/20/00020_00008_00000.png
client_0,5069,97,99,9,9,89,90,3,Train/3/00003_00000_00029.png
client_0,1618,110,113,9,9,100,103,1,Train/1/00001_00034_00028.png
client_0,11596,37,38,5,5,32,33,7,Train/7/00007_00029_00016.png
client_0,36509,31,32,5,6,26,27,38,Train/38/00038_00017_00000.png
client_0,4416,31,32,5,6,26,27,2,Train/2/00002_00054_00006.png
client_0,12410,44,44,6,6,39,39,8,Train/8/00008_00008_00020.png
client_0,23353,35,35,5,5,30,30,14,Train/14/00014_00024_00013.png
client_0,39078,43,43,5,5,38,38,42,Train/42/00042_00003_00019.png
client_0,25270,31,33,5,6,26,27,17,Train/17/00017_00027_00010.png
client_0,1444,36,38,6,5,31,32,1,Train/1/00001_00029_00004.png
client_0,12408,43,43,6,6,38,38,8,Train/8/00008_00008_00018.png
client_0,24501,39,38,6,5,34,33,17,Train/17/00017_00001_00021.png
client_0,24081,76,81,6,7,70,74,16,Train/16/00016_00001_00021.png
client_0,15264,71,71,6,6,65,65,10,Train/10/00010_00007_00024.png
client_0,391,30,30,6,5,25,25,0,Train/0/00000_00001_00001.png
client_0,32390,46,44,5,6,40,38,31,Train/31/00031_00010_00020.png
client_0,29528,33,33,5,6,28,28,25,Train/25/00025_00035_00008.png
client_0,9491,37,37,5,5,32,32,5,Train/5/00005_00035_00011.png
client_0,30334,33,30,6,6,27,24,26,Train/26/00026_00012_00004.png
client_0,38655,41,40,6,6,35,35,40,Train/40/00040_00009_00016.png
client_0,18788,36,36,5,6,31,31,12,Train/12/00012_00014_00008.png
client_0,11511,46,47,6,5,40,41,7,Train/7/00007_00026_00021.png
client_0,36017,48,47,6,5,42,41,38,Train/38/00038_00000_00018.png
client_0,26062,50,46,6,6,44,41,18,Train/18/00018_00016_00022.png
client_0,21953,75,69,7,6,69,62,13,Train/13/00013_00049_00023.png
client_0,13936,44,45,6,5,39,40,9,Train/9/00009_00012_00016.png
client_0,20743,43,40,6,5,38,35,13,Train/13/00013_00009_00013.png
client_0,22626,54,52,6,5,49,47,14,Train/14/00014_00000_00006.png
client_0,27762,47,43,5,5,42,38,23,Train/23/00023_00002_00012.png
client_0,30317,67,61,6,6,61,56,26,Train/26/00026_00011_00017.png
client_0,28197,72,69,6,6,66,63,23,Train/23/00023_00016_00027.png
client_0,1413,30,35,5,6,25,30,1,Train/1/00001_00028_00003.png
client_0,36734,42,44,5,6,37,39,38,Train/38/00038_00024_00015.png
client_0,3154,46,46,5,6,40,40,2,Train/2/00002_00012_00004.png
client_0,22777,53,53,5,5,48,48,14,Train/14/00014_00005_00007.png
client_0,23301,69,76,7,7,63,70,14,Train/14/00014_00022_00021.png
client_0,2131,28,28,6,5,22,23,1,Train/1/00001_00052_00001.png
client_0,12673,39,39,5,6,34,34,8,Train/8/00008_00017_00013.png
client_0,12744,62,61,6,5,57,56,8,Train/8/00008_00019_00024.png
client_0,7771,27,30,5,6,22,24,4,Train/4/00004_00044_00001.png
client_0,34430,53,54,5,6,48,49,35,Train/35/00035_00007_00021.png
client_0,24255,36,37,5,6,30,32,16,Train/16/00016_00007_00015.png
client_0,20221,39,38,6,5,34,33,12,Train/12/00012_00062_00001.png
client_0,8892,41,40,6,5,36,35,5,Train/5/00005_00015_00012.png
client_0,11700,26,25,5,5,20,20,7,Train/7/00007_00033_00000.png
client_0,30726,34,31,6,6,28,26,27,Train/27/00027_00005_00006.png
client_0,11038,55,55,5,6,50,50,7,Train/7/00007_00010_00028.png
client_0,12581,38,40,5,6,33,35,8,Train/8/00008_00014_00011.png
client_0,4500,27,27,6,6,21,22,2,Train/2/00002_00057_00000.png
client_0,33903,54,54,6,6,48,48,34,Train/34/00034_00004_00004.png
client_0,24069,47,50,5,5,42,45,16,Train/16/00016_00001_00009.png
client_0,36228,51,52,5,5,46,47,38,Train/38/00038_00007_00019.png
client_0,26413,46,48,5,5,40,43,18,Train/18/00018_00028_00013.png
client_0,27365,37,36,6,6,32,31,22,Train/22/00022_00002_00005.png
client_0,14481,45,45,6,5,40,40,9,Train/9/00009_00030_00021.png
client_0,37345,89,84,8,7,82,77,38,Train/38/00038_00044_00026.png
client_0,29053,56,56,5,5,51,51,25,Train/25/00025_00019_00013.png
client_0,21356,50,46,6,6,45,41,13,Train/13/00013_00029_00026.png
client_0,31320,35,32,6,5,30,27,28,Train/28/00028_00017_00000.png
client_0,4232,30,28,6,5,25,23,2,Train/2/00002_00048_00002.png
client_0,17267,63,57,6,5,57,51,11,Train/11/00011_00007_00017.png
client_0,11731,30,32,5,6,25,27,7,Train/7/00007_00034_00001.png
client_0,36283,41,44,5,5,36,39,38,Train/38/00038_00009_00014.png
client_0,3940,52,54,5,6,46,49,2,Train/2/00002_00038_00010.png
client_0,29279,83,83,7,8,76,76,25,Train/25/00025_00026_00029.png
client_0,19525,82,82,7,7,75,75,12,Train/12/00012_00038_00025.png
client_0,12994,29,27,6,5,24,22,8,Train/8/00008_00028_00004.png
client_0,5769,32,32,5,5,27,27,3,Train/3/00003_00024_00009.png
client_0,2032,58,57,6,5,53,52,1,Train/1/00001_00048_00022.png
client_0,17764,34,32,5,5,29,27,11,Train/11/00011_00024_00004.png
client_0,5068,85,88,7,8,78,81,3,Train/3/00003_00000_00028.png
client_0,9679,43,44,5,5,38,39,5,Train/5/00005_00041_00019.png
client_0,15426,39,39,6,6,34,34,10,Train/10/00010_00013_00006.png
client_0,5688,46,48,5,6,41,43,3,Train/3/00003_00021_00018.png
client_0,32437,40,36,5,5,34,31,31,Train/31/00031_00012_00007.png
client_0,30248,35,34,6,6,30,28,26,Train/26/00026_00009_00008.png
client_0,34405,81,82,7,7,74,75,35,Train/35/00035_00006_00026.png
client_0,37126,51,51,6,5,46,46,38,Train/38/00038_00037_00017.png
client_0,10342,49,52,5,5,44,47,6,Train/6/00006_00001_00022.png
client_0,9034,29,29,6,6,24,24,5,Train/5/00005_00020_00004.png
client_0,14002,59,61,5,6,54,56,9,Train/9/00009_00014_00022.png
client_0,2534,39,40,5,5,33,34,1,Train/1/00001_00065_00014.png
client_0,27832,53,51,5,5,48,46,23,Train/23/00023_00004_00022.png
client_0,11088,39,40,6,6,34,35,7,Train/7/00007_00012_00018.png
client_0,30890,76,71,7,6,70,65,28,Train/28/00028_00002_00020.png
client_0,8043,37,38,6,6,32,33,4,Train/4/00004_00053_00003.png
client_0,14419,62,63,5,5,57,58,9,Train/9/00009_00028_00019.png
client_0,21839,158,169,14,14,145,155,13,Train/13/00013_00045_00029.png
client_0,9782,27,26,5,5,22,21,5,Train/5/00005_00045_00002.png
client_0,14467,30,30,6,5,25,25,9,Train/9/00009_00030_00007.png
client_0,6359,48,52,5,5,43,47,3,Train/3/00003_00043_00029.png
client_0,21621,70,65,6,6,64,60,13,Train/13/00013_00038_00021.png
client_0,14565,43,42,6,6,38,36,9,Train/9/00009_00033_00015.png
client_0,16655,34,34,5,5,29,29,10,Train/10/00010_00054_00005.png
client_0,34147,33,33,6,6,28,28,34,Train/34/00034_00012_00008.png
client_0,11647,29,29,5,5,24,24,7,Train/7/00007_00031_00007.png
client_0,37221,71,84,7,7,65,77,38,Train/38/00038_00040_00022.png
client_0,11553,29,32,5,5,24,27,7,Train/7/00007_00028_00003.png
client_0,2965,58,61,6,6,53,56,2,Train/2/00002_00005_00025.png
client_0,16338,39,38,6,5,34,33,10,Train/10/00010_00043_00018.png
client_0,657,70,68,6,7,64,62,1,Train/1/00001_00002_00027.png
client_0,22595,38,35,5,5,32,30,13,Train/13/00013_00071_00005.png
client_0,38958,47,46,6,5,42,41,41,Train/41/00041_00007_00019.png
client_0,15649,39,39,5,5,34,34,10,Train/10/00010_00020_00019.png
client_0,11715,42,42,6,6,37,36,7,Train/7/00007_00033_00015.png
client_0,33216,31,31,6,5,26,26,33,Train/33/00033_00004_00006.png
client_0,24174,59,58,6,5,54,53,16,Train/16/00016_00004_00024.png
client_0,2833,37,37,6,5,32,32,2,Train/2/00002_00001_00013.png
client_0,14164,28,29,5,6,23,24,9,Train/9/00009_00020_00004.png
client_0,17455,92,86,8,7,84,79,11,Train/11/00011_00013_00025.png
client_0,32810,47,44,5,6,42,39,31,Train/31/00031_00024_00020.png
client_0,24603,29,30,5,6,24,25,17,Train/17/00017_00005_00003.png
client_0,14763,41,43,5,6,36,38,9,Train/9/00009_00040_00003.png
client_0,17036,42,43,5,6,37,38,10,Train/10/00010_00066_00026.png
client_0,18573,33,33,6,5,28,28,12,Train/12/00012_00007_00003.png
client_0,5838,38,39,5,5,33,33,3,Train/3/00003_00026_00018.png
client_0,30313,57,51,6,5,52,46,26,Train/26/00026_00011_00013.png
client_0,17702,56,51,6,5,51,46,11,Train/11/00011_00022_00002.png
client_0,19419,41,40,6,5,36,35,12,Train/12/00012_00035_00009.png
client_0,14680,38,37,6,5,33,32,9,Train/9/00009_00037_00010.png
client_0,10475,29,29,6,5,24,24,6,Train/6/00006_00006_00005.png
client_0,31539,37,34,6,5,32,28,29,Train/29/00029_00006_00009.png
client_0,28011,73,69,6,6,67,63,23,Train/23/00023_00010_00021.png
client_0,24790,28,30,5,6,23,25,17,Train/17/00017_00011_00010.png
client_0,30256,43,41,6,6,38,35,26,Train/26/00026_00009_00016.png
client_0,2794,37,33,6,6,32,28,2,Train/2/00002_00000_00004.png
client_0,6808,75,83,7,8,69,76,4,Train/4/00004_00011_00028.png
client_0,14738,41,41,5,5,36,36,9,Train/9/00009_00039_00008.png
client_0,19288,55,54,5,6,50,49,12,Train/12/00012_00030_00028.png
client_0,13161,40,42,5,6,35,37,8,Train/8/00008_00033_00021.png
client_0,18875,36,35,6,5,30,30,12,Train/12/00012_00017_00005.png
client_0,14005,70,72,6,6,64,66,9,Train/9/00009_00014_00025.png
client_0,31233,37,36,5,5,32,31,28,Train/28/00028_00014_00003.png
client_0,11750,41,44,6,6,36,39,7,Train/7/00007_00034_00020.png
client_0,12925,47,47,6,6,41,41,8,Train/8/00008_00025_00025.png
client_0,12783,29,28,5,6,23,23,8,Train/8/00008_00021_00003.png
client_0,31184,40,38,6,6,35,33,28,Train/28/00028_00012_00014.png
client_0,34685,42,43,5,6,37,38,35,Train/35/00035_00016_00006.png
client_0,13843,41,40,6,5,35,35,9,Train/9/00009_00009_00013.png
client_0,15180,30,31,5,6,25,26,10,Train/10/00010_00005_00000.png
client_0,27529,65,62,6,6,60,57,22,Train/22/00022_00007_00019.png
client_0,22454,41,37,6,5,36,32,13,Train/13/00013_00066_00014.png
client_0,28012,81,74,8,6,74,68,23,Train/23/00023_00010_00022.png
client_0,19339,45,52,6,5,40,47,12,Train/12/00012_00032_00019.png
client_0,25395,40,42,6,5,34,36,17,Train/17/00017_00031_00015.png
client_0,26349,42,39,5,5,37,34,18,Train/18/00018_00026_00009.png
client_0,31459,71,65,6,6,65,60,29,Train/29/00029_00003_00019.png
client_0,32513,87,75,8,6,80,69,31,Train/31/00031_00014_00023.png
client_0,32389,45,42,6,6,40,37,31,Train/31/00031_00010_00019.png
client_0,14608,97,94,8,8,89,86,9,Train/9/00009_00034_00028.png
client_0,31680,37,34,6,6,32,29,30,Train/30/00030_00002_00000.png
client_0,16175,31,30,6,6,25,24,10,Train/10/00010_00038_00005.png
client_0,1519,50,50,5,5,45,45,1,Train/1/00001_00031_00019.png
client_0,3953,82,80,8,8,75,73,2,Train/2/00002_00038_00023.png
client_0,27755,40,36,6,6,35,31,23,Train/23/00023_00002_00005.png
client_0,13717,31,30,6,5,26,25,9,Train/9/00009_00005_00007.png
client_0,32241,50,47,6,5,45,42,31,Train/31/00031_00005_00021.png
client_0,31177,34,32,6,6,28,26,28,Train/28/00028_00012_00007.png
client_0,10347,64,70,5,7,59,64,6,Train/6/00006_00001_00027.png
client_0,14415,56,56,5,6,51,51,9,Train/9/00009_00028_00015.png
client_0,37391,34,33,6,6,29,28,38,Train/38/00038_00046_00012.png
client_0,23162,43,44,6,5,38,38,14,Train/14/00014_00018_00002.png
client_0,1295,26,29,5,6,21,24,1,Train/1/00001_00024_00005.png
client_0,17489,131,117,11,11,119,107,11,Train/11/00011_00014_00029.png
client_0,12663,31,33,6,6,26,28,8,Train/8/00008_00017_00003.png
client_0,11856,33,34,5,6,27,28,7,Train/7/00007_00038_00006.png
client_0,2600,56,55,6,5,51,50,1,Train/1/00001_00067_00020.png
client_0,17051,36,28,6,5,31,23,11,Train/11/00011_00000_00011.png
client_0,31621,32,26,6,5,27,21,30,Train/30/00030_00000_00001.png
client_0,1586,63,60,6,5,57,54,1,Train/1/00001_00033_00026.png
client_0,11021,38,38,5,6,33,33,7,Train/7/00007_00010_00011.png
client_0,15275,33,33,6,6,28,28,10,Train/10/00010_00008_00005.png
client_0,26593,44,38,6,5,39,33,18,Train/18/00018_00034_00013.png
client_0,2522,29,29,5,5,24,24,1,Train/1/00001_00065_00002.png
client_0,38557,43,44,5,6,37,38,40,Train/40/00040_00006_00008.png
client_0,25476,29,31,6,6,24,26,17,Train/17/00017_00034_00006.png
client_0,33943,35,39,5,5,30,33,34,Train/34/00034_00005_00014.png
client_0,1654,34,35,6,6,29,29,1,Train/1/00001_00036_00004.png
client_0,11132,36,37,5,6,31,32,7,Train/7/00007_00014_00002.png
client_0,16703,48,48,5,5,43,43,10,Train/10/00010_00055_00023.png
client_0,20885,48,44,5,5,42,39,13,Train/13/00013_00014_00005.png
client_0,23813,55,58,5,5,50,52,15,Train/15/00015_00013_00023.png
client_0,17729,189,168,16,15,173,154,11,Train/11/00011_00022_00029.png
client_0,6781,28,29,5,6,22,23,4,Train/4/00004_00011_00001.png
client_0,2701,37,37,6,6,32,32,1,Train/1/00001_00071_00001.png
client_0,36355,77,77,7,7,71,71,38,Train/38/00038_00011_00026.png
client_0,17113,99,92,8,8,91,84,11,Train/11/00011_00002_00013.png
client_0,4525,63,63,5,6,58,58,2,Train/2/00002_00057_00025.png
client_0,14749,41,41,5,5,36,36,9,Train/9/00009_00039_00019.png
client_0,17762,32,32,5,5,27,27,11,Train/11/00011_00024_00002.png
client_0,31551,55,51,5,6,50,46,29,Train/29/00029_00006_00021.png
client_0,31277,45,42,6,5,40,37,28,Train/28/00028_00015_00017.png
client_0,7257,57,60,5,6,52,55,4,Train/4/00004_00026_00027.png
client_0,11531,32,33,5,6,27,28,7,Train/7/00007_00027_00011.png
client_0,14581,27,26,6,5,22,21,9,Train/9/00009_00034_00001.png
client_0,21940,37,32,5,5,32,27,13,Train/13/00013_00049_00010.png
client_0,12187,31,31,6,5,26,26,8,Train/8/00008_00001_00007.png
client_0,23062,101,109,9,9,93,100,14,Train/14/00014_00014_00022.png
client_0,18940,38,36,6,5,33,31,12,Train/12/00012_00019_00010.png
client_0,32591,70,64,6,6,64,58,31,Train/31/00031_00017_00011.png
client_0,13981,33,33,5,5,28,28,9,Train/9/00009_00014_00001.png
client_0,19616,72,71,7,6,66,65,12,Train/12/00012_00041_00026.png
client_0,15403,38,38,5,5,33,33,10,Train/10/00010_00012_00013.png
client_0,35973,42,43,5,5,37,38,37,Train/37/00037_00006_00004.png
client_0,21712,72,63,6,5,66,58,13,Train/13/00013_00041_00022.png
client_0,37240,31,34,5,5,26,29,38,Train/38/00038_00041_00011.png
client_0,16182,32,34,5,6,27,29,10,Train/10/00010_00038_00012.png
client_0,31173,28,27,5,6,23,22,28,Train/28/00028_00012_00003.png
client_0,15422,36,37,5,6,31,32,10,Train/10/00010_00013_00002.png
client_0,17099,133,128,11,11,121,117,11,Train/11/00011_00001_00029.png
client_0,8559,32,33,5,5,27,27,5,Train/5/00005_00004_00009.png
client_0,28576,107,96,9,8,98,88,25,Train/25/00025_00003_00016.png
client_0,11523,28,29,6,5,23,24,7,Train/7/00007_00027_00003.png
client_0,11724,71,70,7,6,64,64,7,Train/7/00007_00033_00024.png
client_0,17801,40,36,6,6,35,31,11,Train/11/00011_00025_00011.png
client_0,1471,28,34,6,5,23,29,1,Train/1/00001_00030_00001.png
client_0,28370,42,43,6,6,37,37,24,Train/24/00024_00005_00020.png
client_0,39198,41,41,6,5,36,36,42,Train/42/00042_00007_00019.png
client_0,3486,30,30,5,5,25,25,2,Train/2/00002_00023_00006.png
client_0,21002,33,33,5,6,28,28,13,Train/13/00013_00018_00002.png
client_0,27358,76,73,6,7,70,67,22,Train/22/00022_00001_00028.png
client_0,34799,29,30,5,6,24,25,35,Train/35/00035_00020_00000.png
client_0,16099,47,43,6,5,42,38,10,Train/10/00010_00035_00019.png
client_0,17686,44,41,6,6,39,36,11,Train/11/00011_00021_00016.png
client_0,6849,31,32,5,5,26,26,4,Train/4/00004_00013_00009.png
client_0,27507,85,77,8,7,78,71,22,Train/22/00022_00006_00027.png
client_0,37130,56,60,5,6,51,55,38,Train/38/00038_00037_00021.png
client_0,10629,33,34,5,6,28,29,6,Train/6/00006_00011_00009.png
client_0,27722,68,63,7,6,62,58,23,Train/23/00023_00001_00002.png
client_0,12579,36,38,5,6,31,33,8,Train/8/00008_00014_00009.png
client_0,12701,37,40,6,6,32,35,8,Train/8/00008_00018_00011.png
client_0,4891,30,30,6,6,25,25,2,Train/2/00002_00070_00001.png
client_0,22296,52,48,5,5,47,42,13,Train/13/00013_00061_00006.png
client_0,12614,37,36,5,6,32,31,8,Train/8/00008_00015_00014.png
client_0,29677,37,35,5,5,32,30,25,Train/25/00025_00040_00007.png
client_0,21767,55,48,6,5,50,43,13,Train/13/00013_00043_00017.png
client_0,19442,38,39,5,6,33,34,12,Train/12/00012_00036_00002.png
client_0,15512,29,31,5,6,24,25,10,Train/10/00010_00016_00002.png
client_0,3806,41,43,6,6,36,38,2,Train/2/00002_00033_00026.png
client_0,16364,34,36,5,6,29,31,10,Train/10/00010_00044_00014.png
client_0,1798,121,117,11,11,111,107,1,Train/1/00001_00040_00028.png
client_0,24687,47,50,6,6,42,45,17,Train/17/00017_00007_00027.png
client_0,28122,83,75,8,7,76,69,23,Train/23/00023_00014_00012.png
client_0,29278,80,79,7,7,73,72,25,Train/25/00025_00026_00028.png
client_0,13218,42,43,5,6,37,38,8,Train/8/00008_00035_00018.png
client_0,14657,53,53,6,6,48,48,9,Train/9/00009_00036_00017.png
client_0,14645,38,37,6,5,33,32,9,Train/9/00009_00036_00005.png
client_0,30443,151,136,13,12,138,125,26,Train/26/00026_00015_00023.png
client_0,5415,40,40,6,5,35,34,3,Train/3/00003_00012_00015.png
client_0,31519,59,53,6,6,54,48,29,Train/29/00029_00005_00019.png
client_0,2690,88,89,8,8,81,82,1,Train/1/00001_00070_00020.png
client_0,28149,49,45,6,6,44,40,23,Train/23/00023_00015_00009.png
client_0,16511,34,36,5,6,29,30,10,Train/10/00010_00049_00011.png
client_0,10613,54,55,6,5,49,50,6,Train/6/00006_00010_00023.png
client_0,32788,97,88,9,7,89,81,31,Train/31/00031_00023_00028.png
client_0,4302,32,31,6,5,27,26,2,Train/2/00002_00050_00012.png
client_0,23483,62,74,6,6,57,68,15,Train/15/00015_00002_00023.png
client_0,38186,87,91,8,8,80,83,39,Train/39/00039_00003_00027.png
client_0,14139,31,32,5,6,26,27,9,Train/9/00009_00019_00009.png
client_0,9234,47,41,5,6,41,35,5,Train/5/00005_00026_00024.png
client_0,38416,50,50,5,6,44,45,40,Train/40/00040_00001_00017.png
client_0,31328,39,39,5,6,34,34,28,Train/28/00028_00017_00008.png
client_0,25056,33,31,6,5,28,26,17,Train/17/00017_00020_00006.png
client_0,33871,44,48,6,6,39,42,34,Train/34/00034_00003_00002.png
client_0,29722,88,83,8,8,81,75,25,Train/25/00025_00041_00022.png
client_0,29195,40,40,5,5,35,35,25,Train/25/00025_00024_00005.png
client_0,29888,67,60,6,5,61,55,25,Train/25/00025_00047_00008.png
client_0,22169,70,63,6,5,64,58,13,Train/13/00013_00056_00029.png
client_0,13744,28,28,5,5,23,23,9,Train/9/00009_00006_00004.png
client_0,1161,45,46,6,6,40,41,1,Train/1/00001_00019_00021.png
client_0,12354,49,49,6,6,44,44,8,Train/8/00008_00006_00024.png
client_0,35465,30,31,5,6,25,26,36,Train/36/00036_00002_00006.png
client_0,11472,35,35,5,5,30,30,7,Train/7/00007_00025_00012.png
client_0,17605,98,85,8,7,90,78,11,Train/11/00011_00018_00025.png
client_0,27652,56,57,6,6,51,52,22,Train/22/00022_00011_00022.png
client_0,12649,41,45,5,6,36,40,8,Train/8/00008_00016_00019.png
client_0,2335,86,82,8,8,79,75,1,Train/1/00001_00058_00025.png
client_0,8604,41,44,5,5,36,39,5,Train/5/00005_00005_00024.png
client_0,4159,42,41,6,5,37,36,2,Train/2/00002_00045_00019.png
client_0,16952,27,27,6,5,21,22,10,Train/10/00010_00064_00002.png
client_0,13142,28,28,6,5,23,23,8,Train/8/00008_00033_00002.png
client_0,27863,74,69,6,7,68,63,23,Train/23/00023_00005_00023.png
client_0,31006,56,52,5,6,51,47,28,Train/28/00028_00006_00016.png
client_0,14296,42,44,6,5,37,39,9,Train/9/00009_00024_00016.png
client_0,11506,37,38,5,6,31,33,7,Train/7/00007_00026_00016.png
client_0,9712,55,56,6,6,50,51,5,Train/5/00005_00042_00022.png
client_0,31257,85,77,7,6,77,70,28,Train/28/00028_00014_00027.png
client_0,36284,45,47,6,6,40,42,38,Train/38/00038_00009_00015.png
client_0,30855,52,46,6,5,47,41,28,Train/28/00028_00001_00015.png
client_0,35653,38,38,6,6,32,33,36,Train/36/00036_00008_00014.png
client_0,1866,43,42,6,5,38,37,1,Train/1/00001_00043_00006.png
client_0,11473,37,37,5,5,32,32,7,Train/7/00007_00025_00013.png
client_0,31814,35,34,6,5,30,29,30,Train/30/00030_00006_00014.png
client_0,32271,54,52,6,6,49,47,31,Train/31/00031_00006_00021.png
client_0,18314,46,47,5,6,41,42,11,Train/11/00011_00042_00014.png
client_0,7519,50,52,6,6,45,47,4,Train/4/00004_00035_00019.png
client_0,15474,57,57,6,6,52,52,10,Train/10/00010_00014_00024.png
client_0,21217,37,36,5,6,32,31,13,Train/13/00013_00025_00007.png
client_0,26245,112,110,10,9,102,100,18,Train/18/00018_00022_00025.png
client_0,1046,85,87,7,8,78,80,1,Train/1/00001_00015_00026.png
client_0,25790,96,83,9,8,88,75,18,Train/18/00018_00007_00020.png
client_0,8678,36,36,6,6,31,31,5,Train/5/00005_00008_00008.png
client_0,26104,47,44,6,5,42,39,18,Train/18/00018_00018_00004.png
client_0,26757,97,93,8,9,88,85,18,Train/18/00018_00039_00027.png
client_0,2395,69,71,7,7,63,65,1,Train/1/00001_00060_00025.png
client_0,17590,55,50,6,6,50,45,11,Train/11/00011_00018_00010.png
client_0,27000,32,31,6,6,27,26,21,Train/21/00021_00001_00000.png
client_0,36956,95,96,8,9,87,88,38,Train/38/00038_00031_00027.png
client_0,36168,43,42,6,5,38,37,38,Train/38/00038_00005_00019.png
client_0,8403,26,28,5,6,21,23,4,Train/4/00004_00065_00003.png
client_0,21494,40,39,6,6,35,33,13,Train/13/00013_00034_00014.png
client_0,6807,69,72,7,6,63,66,4,Train/4/00004_00011_00027.png
client_0,38731,29,31,6,6,24,26,41,Train/41/00041_00000_00002.png
client_0,38463,39,38,5,5,33,33,40,Train/40/00040_00003_00004.png
client_0,24411,44,47,5,6,39,42,16,Train/16/00016_00012_00021.png
client_0,1016,75,71,6,6,68,65,1,Train/1/00001_00014_00026.png
client_0,18160,36,39,5,6,31,33,11,Train/11/00011_00037_00010.png
client_0,37692,51,54,6,5,46,49,38,Train/38/00038_00056_00013.png
client_0,1102,61,61,6,6,55,56,1,Train/1/00001_00017_00022.png
client_0,22242,94,86,8,7,86,79,13,Train/13/00013_00059_00012.png
client_0,3975,35,36,5,5,30,31,2,Train/2/00002_00039_00015.png
client_0,21960,26,28,6,6,21,23,13,Train/13/00013_00050_00000.png
client_0,38956,43,45,5,6,38,40,41,Train/41/00041_00007_00017.png
client_0,14926,46,50,5,5,40,44,9,Train/9/00009_00045_00016.png
client_0,5358,45,46,6,6,40,41,3,Train/3/00003_00010_00018.png
client_0,2421,48,49,6,5,43,44,1,Train/1/00001_00061_00021.png
client_0,37999,47,50,5,6,42,45,38,Train/38/00038_00066_00020.png
client_0,9137,43,42,6,5,38,37,5,Train/5/00005_00023_00017.png
client_0,30331,30,27,6,6,24,21,26,Train/26/00026_00012_00001.png
client_0,29683,47,43,5,5,42,38,25,Train/25/00025_00040_00013.png
client_0,35533,38,42,5,6,33,36,36,Train/36/00036_00004_00014.png
client_0,22179,85,76,7,6,78,70,13,Train/13/00013_00057_00009.png
client_0,3025,63,62,6,6,57,56,2,Train/2/00002_00007_00025.png
client_0,12315,38,41,5,6,33,36,8,Train/8/00008_00005_00015.png
client_0,19506,37,37,6,6,32,32,12,Train/12/00012_00038_00006.png
client_0,2766,48,49,5,5,43,44,1,Train/1/00001_00073_00006.png
client_0,3923,49,50,5,5,44,45,2,Train/2/00002_00037_00023.png
client_0,6235,70,74,6,6,64,68,3,Train/3/00003_00039_00025.png
client_0,9059,48,44,5,5,43,39,5,Train/5/00005_00020_00029.png
client_0,10719,32,32,6,5,27,27,7,Train/7/00007_00000_00009.png
client_0,372,37,38,5,6,32,33,0,Train/0/00000_00000_00012.png
client_0,23200,46,45,6,5,40,40,14,Train/14/00014_00019_00010.png
client_0,749,64,63,5,6,58,58,1,Train/1/00001_00005_00029.png
client_0,28582,146,128,12,11,133,117,25,Train/25/00025_00003_00022.png
client_0,11285,29,28,5,6,24,23,7,Train/7/00007_00019_00005.png
client_0,26866,46,43,6,5,40,38,19,Train/19/00019_00003_00016.png
client_0,3386,61,63,6,5,56,58,2,Train/2/00002_00019_00026.png
client_0,3423,29,29,6,6,24,24,2,Train/2/00002_00021_00003.png
client_0,14641,34,34,5,5,29,29,9,Train/9/00009_00036_00001.png
client_0,28036,75,68,6,6,69,62,23,Train/23/00023_00011_00016.png
client_0,22056,47,43,5,5,42,38,13,Train/13/00013_00053_00006.png
client_0,15169,40,41,6,6,35,36,10,Train/10/00010_00004_00019.png
client_0,2558,41,42,5,5,36,37,1,Train/1/00001_00066_00008.png
client_0,14539,53,52,6,5,47,46,9,Train/9/00009_00032_00019.png
client_0,27874,36,33,5,6,31,28,23,Train/23/00023_00006_00004.png
client_0,25241,29,31,5,5,23,25,17,Train/17/00017_00026_00011.png
client_0,12988,50,42,6,5,45,36,8,Train/8/00008_00027_00028.png
client_0,4031,30,32,5,6,25,27,2,Train/2/00002_00041_00011.png
client_0,13869,45,44,6,5,39,38,9,Train/9/00009_00010_00009.png
client_0,27702,36,36,6,6,30,30,23,Train/23/00023_00000_00012.png
client_0,27361,34,29,6,5,29,24,22,Train/22/00022_00002_00001.png
client_0,25023,35,38,5,6,30,33,17,Train/17/00017_00019_00003.png
client_0,312,42,37,6,5,36,31,20,Train/20/00020_00010_00012.png
client_0,25562,27,27,5,6,22,22,18,Train/18/00018_00000_00002.png
client_0,32561,40,39,6,6,35,34,31,Train/31/00031_00016_00011.png
client_0,6008,53,54,6,5,48,49,3,Train/3/00003_00032_00008.png
client_0,27745,166,153,15,13,152,140,23,Train/23/00023_00001_00025.png
client_0,8478,37,36,6,5,32,31,5,Train/5/00005_00001_00018.png
client_0,11040,32,32,5,5,27,27,7,Train/7/00007_00011_00000.png
client_0,27943,56,52,5,5,51,47,23,Train/23/00023_00008_00013.png
client_0,12259,44,44,6,5,39,39,8,Train/8/00008_00003_00019.png
client_0,21415,52,46,5,5,47,41,13,Train/13/00013_00031_00025.png
client_0,12272,29,29,6,5,24,23,8,Train/8/00008_00004_00002.png
client_0,37270,41,45,5,5,36,40,38,Train/38/00038_00042_00011.png
client_0,19468,145,145,13,13,133,133,12,Train/12/00012_00036_00028.png
client_0,15828,38,37,6,5,33,32,10,Train/10/00010_00026_00018.png
client_0,2938,84,87,8,7,77,80,2,Train/2/00002_00004_00028.png
client_0,15306,33,34,5,6,28,29,10,Train/10/00010_00009_00006.png
client_0,21205,111,94,10,8,102,86,13,Train/13/00013_00024_00025.png
client_0,1826,68,69,6,6,62,63,1,Train/1/00001_00041_00026.png
client_0,1872,49,48,6,5,44,43,1,Train/1/00001_00043_00012.png
client_0,29816,88,85,7,8,81,78,25,Train/25/00025_00044_00026.png
client_0,10394,38,39,6,5,33,34,6,Train/6/00006_00003_00014.png
client_0,23704,28,29,5,6,23,24,15,Train/15/00015_00010_00004.png
client_0,26441,41,39,6,6,36,34,18,Train/18/00018_00029_00011.png
client_0,13741,28,28,5,5,23,23,9,Train/9/00009_00006_00001.png
client_0,4233,30,28,6,5,25,23,2,Train/2/00002_00048_00003.png
client_0,6138,43,43,6,6,38,38,3,Train/3/00003_00036_00018.png
client_0,27440,48,46,6,5,43,41,22,Train/22/00022_00004_00020.png
client_0,5076,32,31,6,5,27,26,3,Train/3/00003_00001_00006.png
client_0,21701,64,60,5,6,59,55,13,Train/13/00013_00041_00011.png
client_0,22937,82,92,8,9,75,84,14,Train/14/00014_00010_00017.png
client_0,301,31,29,6,6,26,23,20,Train/20/00020_00010_00001.png
client_0,10472,26,29,5,6,21,23,6,Train/6/00006_00006_00002.png
client_0,38475,57,56,5,6,52,51,40,Train/40/00040_00003_00016.png
client_0,3136,41,36,6,6,35,31,2,Train/2/00002_00011_00016.png
client_0,8346,28,27,6,5,23,22,4,Train/4/00004_00063_00006.png
client_0,26489,205,191,18,17,188,175,18,Train/18/00018_00030_00029.png
client_0,33958,62,69,6,6,56,63,34,Train/34/00034_00005_00029.png
client_0,11118,44,43,5,6,39,38,7,Train/7/00007_00013_00018.png
client_0,25922,37,37,6,5,32,32,18,Train/18/00018_00012_00002.png
client_0,11825,29,31,5,6,24,26,7,Train/7/00007_00037_00005.png
client_0,12062,27,29,5,6,21,23,7,Train/7/00007_00045_00002.png
client_0,32466,31,30,6,5,26,25,31,Train/31/00031_00013_00006.png
client_0,20196,41,46,5,6,36,41,12,Train/12/00012_00061_00006.png
client_0,16808,37,37,6,6,32,32,10,Train/10/00010_00059_00008.png
client_0,1689,31,32,5,6,25,27,1,Train/1/00001_00037_00009.png
client_0,2807,53,46,6,5,48,41,2,Train/2/00002_00000_00017.png
client_0,32177,52,49,6,6,47,44,31,Train/31/00031_00003_00017.png
client_0,5456,65,68,6,7,60,62,3,Train/3/00003_00013_00026.png
client_0,32900,41,39,6,5,36,34,32,Train/32/00032_00001_00020.png
client_0,2518,105,107,9,10,96,98,1,Train/1/00001_00064_00028.png
client_0,31231,36,36,5,6,30,30,28,Train/28/00028_00014_00001.png
client_0,21410,44,38,6,5,39,33,13,Train/13/00013_00031_00020.png
client_0,31466,93,86,8,8,85,79,29,Train/29/00029_00003_00026.png
client_0,9888,47,47,6,6,42,42,5,Train/5/00005_00048_00018.png
client_0,36950,63,64,5,6,58,59,38,Train/38/00038_00031_00021.png
client_0,17760,31,29,6,5,26,24,11,Train/11/00011_00024_00000.png
client_0,18799,54,54,6,6,49,49,12,Train/12/00012_00014_00019.png
client_0,32553,33,32,5,6,27,27,31,Train/31/00031_00016_00003.png
client_0,23179,80,81,7,7,73,74,14,Train/14/00014_00018_00019.png
client_0,14212,58,61,5,6,53,56,9,Train/9/00009_00021_00022.png
client_0,29438,33,30,6,5,28,25,25,Train/25/00025_00032_00008.png
client_0,26571,97,85,9,7,89,78,18,Train/18/00018_00033_00021.png
client_0,30263,62,56,6,6,57,50,26,Train/26/00026_00009_00023.png
client_0,29223,36,35,5,6,31,30,25,Train/25/00025_00025_00003.png
client_0,2950,36,36,6,6,31,31,2,Train/2/00002_00005_00010.png
client_0,2360,60,60,5,5,54,55,1,Train/1/00001_00059_00020.png
client_0,21106,45,39,6,6,39,34,13,Train/13/00013_00021_00016.png
client_0,19873,42,42,6,6,37,37,12,Train/12/00012_00050_00013.png
client_0,12984,44,38,6,6,39,33,8,Train/8/00008_00027_00024.png
client_0,14260,33,36,5,6,28,31,9,Train/9/00009_00023_00010.png
client_0,1481,37,47,6,6,32,42,1,Train/1/00001_00030_00011.png
client_0,28245,65,68,6,6,59,61,24,Train/24/00024_00001_00015.png
client_0,2074,39,37,6,5,34,31,1,Train/1/00001_00050_00004.png
client_0,21223,45,40,5,5,39,35,13,Train/13/00013_00025_00013.png
client_0,12175,51,55,5,6,46,50,8,Train/8/00008_00000_00025.png
client_0,2293,37,37,5,5,32,32,1,Train/1/00001_00057_00013.png
client_0,440,52,52,5,5,47,47,0,Train/0/00000_00002_00020.png
client_0,14507,33,34,6,6,28,28,9,Train/9/00009_00031_00017.png
client_0,23044,41,52,6,6,36,47,14,Train/14/00014_00014_00004.png
client_0,30469,46,43,5,6,41,38,26,Train/26/00026_00016_00019.png
client_0,30572,46,44,5,5,41,39,27,Train/27/00027_00000_00002.png
client_0,4973,44,47,6,5,38,41,2,Train/2/00002_00072_00023.png
client_0,10789,61,67,5,6,56,61,7,Train/7/00007_00002_00019.png
client_0,28232,54,61,5,5,48,56,24,Train/24/00024_00001_00002.png
client_0,30207,55,51,6,5,50,46,26,Train/26/00026_00007_00027.png
client_0,3597,69,70,6,6,63,64,2,Train/2/00002_00026_00027.png
client_0,1422,36,42,6,6,31,37,1,Train/1/00001_00028_00012.png
client_0,19667,36,35,6,5,31,30,12,Train/12/00012_00043_00017.png
client_0,25646,75,71,6,6,69,65,18,Train/18/00018_00002_00026.png
client_0,22164,64,60,5,6,58,55,13,Train/13/00013_00056_00024.png
client_0,29294,51,45,5,5,46,40,25,Train/25/00025_00027_00014.png
client_0,12620,46,43,6,5,41,38,8,Train/8/00008_00015_00020.png
client_0,38745,41,42,5,6,36,37,41,Train/41/00041_00000_00016.png
client_0,20233,42,43,5,6,37,38,12,Train/12/00012_00062_00013.png
client_0,12501,52,51,6,5,47,46,8,Train/8/00008_00011_00021.png
client_0,38788,81,84,7,8,74,77,41,Train/41/00041_00001_00029.png
client_0,5811,47,48,5,6,42,43,3,Train/3/00003_00025_00021.png
client_0,843,30,31,5,6,25,26,1,Train/1/00001_00009_00003.png
client_0,19985,35,34,6,5,30,29,12,Train/12/00012_00054_00005.png
client_0,23266,52,52,5,5,47,47,14,Train/14/00014_00021_00016.png
client_0,15233,52,51,6,5,47,46,10,Train/10/00010_00006_00023.png
client_0,6877,31,31,6,5,26,26,4,Train/4/00004_00014_00007.png
client_0,30446,171,155,14,13,157,142,26,Train/26/00026_00015_00026.png
client_0,10033,37,35,6,6,32,30,5,Train/5/00005_00053_00013.png
client_0,19558,129,130,11,12,118,119,12,Train/12/00012_00039_00028.png
client_0,3310,35,35,5,5,29,30,2,Train/2/00002_00017_00010.png
client_0,13238,38,37,6,5,33,32,8,Train/8/00008_00036_00008.png
client_0,11703,29,29,6,6,24,24,7,Train/7/00007_00033_00003.png
client_0,1515,44,43,6,5,39,38,1,Train/1/00001_00031_00015.png
client_0,6318,42,43,6,6,37,38,3,Train/3/00003_00042_00018.png
client_0,31332,45,41,6,5,40,36,28,Train/28/00028_00017_00012.png
client_0,18705,54,55,5,6,48,50,12,Train/12/00012_00011_00015.png
client_0,36274,35,35,5,6,30,30,38,Train/38/00038_00009_00005.png
client_0,22182,93,82,9,7,85,75,13,Train/13/00013_00057_00012.png
client_0,12305,31,33,5,5,26,28,8,Train/8/00008_00005_00005.png
client_0,33744,48,53,6,6,43,48,33,Train/33/00033_00021_00025.png
client_0,38184,74,73,7,6,68,67,39,Train/39/00039_00003_00025.png
client_0,32359,58,55,5,6,53,49,31,Train/31/00031_00009_00019.png
client_0,146,48,49,5,6,43,44,20,Train/20/00020_00004_00026.png
client_0,5186,59,60,6,6,54,55,3,Train/3/00003_00004_00026.png
client_0,11973,31,31,6,6,26,26,7,Train/7/00007_00042_00003.png
client_0,29967,100,96,9,8,92,88,25,Train/25/00025_00049_00027.png
client_0,13353,31,31,5,5,26,26,8,Train/8/00008_00040_00003.png
client_0,24775,47,49,5,6,42,44,17,Train/17/00017_00010_00025.png
client_0,24463,27,32,5,6,22,27,17,Train/17/00017_00000_00013.png
client_0,22431,68,59,7,6,62,54,13,Train/13/00013_00065_00021.png
client_0,28136,110,96,9,8,101,88,23,Train/23/00023_00014_00026.png
client_0,10917,87,88,7,8,80,81,7,Train/7/00007_00006_00027.png
client_0,34682,40,41,6,6,35,36,35,Train/35/00035_00016_00003.png
client_0,29293,53,48,6,6,48,43,25,Train/25/00025_00027_00013.png
client_0,3799,35,38,5,6,30,33,2,Train/2/00002_00033_00019.png
client_0,34116,30,29,6,5,25,24,34,Train/34/00034_00011_00007.png
client_0,33515,37,38,6,6,32,33,33,Train/33/00033_00014_00005.png
client_0,5087,38,38,5,5,33,33,3,Train/3/00003_00001_00017.png
client_0,16972,42,42,6,5,37,37,10,Train/10/00010_00064_00022.png
client_0,37559,41,56,6,6,36,51,38,Train/38/00038_00052_00000.png
client_0,32037,60,53,6,6,55,48,30,Train/30/00030_00013_00027.png
client_0,27697,29,30,5,6,24,25,23,Train/23/00023_00000_00007.png
client_0,34461,74,72,7,7,68,66,35,Train/35/00035_00008_00022.png
client_0,1288,50,46,6,5,45,41,1,Train/1/00001_00023_00028.png
client_0,2018,39,40,5,6,34,35,1,Train/1/00001_00048_00008.png
client_0,7404,42,44,6,6,37,39,4,Train/4/00004_00031_00024.png
client_0,30968,44,45,6,5,39,40,28,Train/28/00028_00005_00008.png
client_0,16796,59,59,6,5,54,54,10,Train/10/00010_00058_00026.png
client_0,18328,134,132,11,11,123,121,11,Train/11/00011_00042_00028.png
client_0,36449,30,30,6,5,25,25,38,Train/38/00038_00015_00000.png
client_0,18101,59,60,6,6,54,55,11,Train/11/00011_00035_00011.png
client_0,37939,49,52,6,6,44,47,38,Train/38/00038_00064_00020.png
client_0,35032,42,44,5,6,37,39,35,Train/35/00035_00027_00023.png
client_0,37848,41,42,5,6,36,37,38,Train/38/00038_00061_00019.png
client_0,24423,50,49,5,5,44,44,16,Train/16/00016_00013_00003.png
client_0,32417,42,44,5,6,37,39,31,Train/31/00031_00011_00017.png
client_0,29840,49,45,5,5,44,40,25,Train/25/00025_00045_00020.png
client_0,27287,47,42,6,5,42,37,21,Train/21/00021_00010_00017.png
client_0,16490,45,45,5,5,40,40,10,Train/10/00010_00048_00020.png
client_0,14835,50,52,5,6,45,46,9,Train/9/00009_00042_00015.png
client_0,5393,59,61,5,6,54,56,3,Train/3/00003_00011_00023.png
client_0,30922,69,63,7,6,63,58,28,Train/28/00028_00003_00022.png
client_0,16628,43,42,6,5,38,37,10,Train/10/00010_00053_00008.png
client_0,2785,74,77,7,7,68,71,1,Train/1/00001_00073_00025.png
client_0,35175,40,39,6,5,34,33,35,Train/35/00035_00032_00016.png
client_0,33634,31,35,6,5,25,29,33,Train/33/00033_00018_00004.png
client_0,4335,46,45,6,5,41,39,2,Train/2/00002_00051_00015.png
client_0,26136,42,42,5,5,37,37,18,Train/18/00018_00019_00006.png
client_0,35017,33,33,6,6,27,28,35,Train/35/00035_00027_00008.png
client_0,27896,70,63,7,6,64,58,23,Train/23/00023_00006_00026.png
client_0,16216,38,39,5,6,33,34,10,Train/10/00010_00039_00016.png
client_0,29874,77,74,7,7,71,68,25,Train/25/00025_00046_00024.png
client_0,28601,43,41,5,5,38,35,25,Train/25/00025_00004_00011.png
client_0,11260,32,32,6,5,27,27,7,Train/7/00007_00018_00010.png
client_0,2109,38,38,6,5,33,33,1,Train/1/00001_00051_00009.png
client_0,3570,30,31,5,5,25,26,2,Train/2/00002_00026_00000.png
client_0,22689,40,39,6,5,35,34,14,Train/14/00014_00002_00009.png
client_0,22057,49,45,6,6,43,39,13,Train/13/00013_00053_00007.png
client_0,38549,35,35,6,6,30,30,40,Train/40/00040_00006_00000.png
client_0,18678,57,49,5,6,52,43,12,Train/12/00012_00010_00018.png
client_0,16362,32,34,5,6,27,29,10,Train/10/00010_00044_00012.png
client_0,3752,29,28,6,6,24,23,2,Train/2/00002_00032_00002.png
client_0,9645,34,36,5,6,29,31,5,Train/5/00005_00040_00015.png
client_0,13677,62,60,5,5,57,55,9,Train/9/00009_00003_00027.png
client_0,11840,44,43,5,5,39,38,7,Train/7/00007_00037_00020.png
client_0,14466,29,30,5,5,24,25,9,Train/9/00009_00030_00006.png
client_0,12346,36,37,5,6,31,32,8,Train/8/00008_00006_00016.png
client_0,34358,31,31,5,5,26,26,35,Train/35/00035_00005_00009.png
client_0,15138,39,40,6,6,34,35,10,Train/10/00010_00003_00018.png
client_0,21477,132,118,12,11,121,108,13,Train/13/00013_00033_00027.png
client_0,16958,31,32,6,6,26,27,10,Train/10/00010_00064_00008.png
client_0,31107,93,82,8,8,85,75,28,Train/28/00028_00009_00027.png
client_0,21052,76,70,7,7,70,64,13,Train/13/00013_00019_00022.png
client_0,12072,34,34,6,5,29,28,7,Train/7/00007_00045_00012.png
client_0,28049,147,132,12,12,135,121,23,Train/23/00023_00011_00029.png
client_0,5706,30,31,5,5,25,26,3,Train/3/00003_00022_00006.png
client_0,30002,41,39,6,6,36,34,26,Train/26/00026_00001_00002.png
client_0,28095,56,51,6,5,51,46,23,Train/23/00023_00013_00015.png
client_0,36117,69,71,7,7,63,65,38,Train/38/00038_00003_00028.png
client_0,3621,43,44,5,6,38,39,2,Train/2/00002_00027_00021.png
client_0,36372,31,29,6,5,26,24,38,Train/38/00038_00012_00013.png
client_0,34728,58,59,5,5,53,54,35,Train/35/00035_00017_00019.png
client_0,20436,52,54,5,6,47,49,12,Train/12/00012_00069_00006.png
client_0,14330,47,47,5,5,42,42,9,Train/9/00009_00025_00020.png
client_0,14247,70,73,7,7,64,67,9,Train/9/00009_00022_00027.png
client_0,2728,95,95,8,8,87,87,1,Train/1/00001_00071_00028.png
client_0,13474,31,32,6,5,26,27,8,Train/8/00008_00044_00004.png
client_0,13791,53,53,6,6,48,48,9,Train/9/00009_00007_00021.png
client_0,38774,33,37,5,6,28,32,41,Train/41/00041_00001_00015.png
client_0,6696,31,31,6,6,25,26,4,Train/4/00004_00008_00006.png
client_0,17554,29,27,5,5,23,22,11,Train/11/00011_00017_00004.png
client_0,14457,100,98,8,8,92,90,9,Train/9/00009_00029_00027.png
client_0,35393,75,77,6,7,69,71,35,Train/35/00035_00039_00024.png
client_0,27314,51,47,6,6,46,42,22,Train/22/00022_00000_00014.png
client_0,32343,37,38,5,6,32,33,31,Train/31/00031_00009_00003.png
client_0,19827,94,94,9,9,86,86,12,Train/12/00012_00048_00027.png
client_0,30022,69,65,6,6,63,60,26,Train/26/00026_00001_00022.png
client_0,12065,28,29,5,5,23,24,7,Train/7/00007_00045_00005.png
client_0,22613,56,55,5,6,51,49,13,Train/13/00013_00071_00023.png
client_0,39003,29,29,5,5,24,24,42,Train/42/00042_00001_00004.png
client_0,9543,28,26,5,5,23,21,5,Train/5/00005_00037_00003.png
client_0,2448,43,44,5,6,38,39,1,Train/1/00001_00062_00018.png
client_0,27621,44,44,5,6,39,39,22,Train/22/00022_00010_00021.png
client_0,27233,100,82,9,8,92,75,21,Train/21/00021_00008_00023.png
client_0,37153,36,36,5,5,31,31,38,Train/38/00038_00038_00014.png
client_0,5468,31,31,5,5,26,26,3,Train/3/00003_00014_00008.png
client_0,7243,46,45,6,5,41,40,4,Train/4/00004_00026_00013.png
client_0,1854,72,73,6,6,66,67,1,Train/1/00001_00042_00024.png
client_0,22948,160,171,14,15,147,157,14,Train/14/00014_00010_00028.png
client_0,33999,34,34,6,6,29,29,34,Train/34/00034_00007_00010.png
client_0,23605,60,61,5,5,55,56,15,Train/15/00015_00006_00025.png
client_0,36142,49,53,6,6,44,48,38,Train/38/00038_00004_00023.png
client_0,11393,72,71,7,7,66,65,7,Train/7/00007_00022_00023.png
client_0,36615,47,51,5,6,42,45,38,Train/38/00038_00020_00016.png
client_0,447,92,95,8,9,84,87,0,Train/0/00000_00002_00027.png
client_0,3365,33,33,5,5,28,28,2,Train/2/00002_00019_00005.png
client_0,30157,34,30,5,5,29,25,26,Train/26/00026_00006_00007.png
client_0,21823,88,88,7,7,81,81,13,Train/13/00013_00045_00013.png
client_0,12199,43,44,5,5,38,38,8,Train/8/00008_00001_00019.png
client_0,21203,87,78,8,7,80,71,13,Train/13/00013_00024_00023.png
client_0,32792,31,29,6,5,26,23,31,Train/31/00031_00024_00002.png
client_0,18695,41,42,6,6,35,37,12,Train/12/00012_00011_00005.png
client_0,10306,44,45,5,5,39,40,6,Train/6/00006_00000_00016.png
client_0,32731,26,26,5,5,21,21,31,Train/31/00031_00022_00001.png
client_0,37634,39,39,5,5,34,34,38,Train/38/00038_00054_00015.png
client_0,23303,75,87,7,8,69,80,14,Train/14/00014_00022_00023.png
client_0,29072,37,35,6,6,32,30,25,Train/25/00025_00020_00002.png
client_0,31409,164,149,14,13,150,137,29,Train/29/00029_00001_00029.png
client_0,2510,51,50,6,5,45,45,1,Train/1/00001_00064_00020.png
client_0,3854,39,40,5,6,34,35,2,Train/2/00002_00035_00014.png
client_0,7924,30,29,6,5,24,24,4,Train/4/00004_00049_00004.png
client_0,36633,31,32,5,6,25,26,38,Train/38/00038_00021_00004.png
client_0,16279,42,42,6,6,37,37,10,Train/10/00010_00041_00019.png
client_0,52,54,46,6,6,48,41,20,Train/20/00020_00001_00022.png
client_0,20975,45,44,5,6,40,39,13,Train/13/00013_00017_00005.png
client_0,16377,48,47,6,5,43,42,10,Train/10/00010_00044_00027.png
client_0,15576,35,35,6,6,30,30,10,Train/10/00010_00018_00006.png
client_0,38450,58,58,5,5,53,53,40,Train/40/00040_00002_00021.png
client_0,7783,36,37,6,5,31,32,4,Train/4/00004_00044_00013.png
client_0,20910,58,55,5,5,53,50,13,Train/13/00013_00015_00000.png
client_0,29176,59,59,5,5,54,54,25,Train/25/00025_00023_00016.png
client_0,16717,33,33,5,5,28,28,10,Train/10/00010_00056_00007.png
client_0,7889,110,108,10,10,101,99,4,Train/4/00004_00047_00029.png
client_0,14478,39,40,6,5,34,34,9,Train/9/00009_00030_00018.png
client_0,17478,53,51,5,6,48,45,11,Train/11/00011_00014_00018.png
client_0,5008,79,79,7,7,72,72,2,Train/2/00002_00073_00028.png
client_0,22366,44,42,5,6,39,37,13,Train/13/00013_00063_00016.png
client_0,24376,36,36,6,6,31,31,16,Train/16/00016_00011_00016.png
client_0,2211,63,61,5,5,58,56,1,Train/1/00001_00054_00021.png
client_0,22591,36,34,5,5,31,29,13,Train/13/00013_00071_00001.png
client_0,16977,51,54,5,6,46,49,10,Train/10/00010_00064_00027.png
client_0,29203,55,50,6,5,50,45,25,Train/25/00025_00024_00013.png
client_0,19066,43,43,5,5,38,38,12,Train/12/00012_00023_00016.png
client_0,9677,39,39,5,5,34,34,5,Train/5/00005_00041_00017.png
client_0,2161,51,54,5,5,46,49,1,Train/1/00001_00053_00001.png
client_0,5370,26,26,5,5,21,21,3,Train/3/00003_00011_00000.png
client_0,21869,117,106,11,10,107,97,13,Train/13/00013_00046_00029.png
client_0,36708,49,50,5,5,44,45,38,Train/38/00038_00023_00019.png
client_0,7576,43,42,6,5,38,37,4,Train/4/00004_00037_00016.png
client_0,25163,46,47,6,6,40,42,17,Train/17/00017_00023_00023.png
client_0,35721,47,48,5,6,42,43,36,Train/36/00036_00010_00022.png
client_0,18727,36,35,6,6,31,30,12,Train/12/00012_00012_00007.png
client_0,5132,31,32,5,6,26,27,3,Train/3/00003_00003_00002.png
client_0,2476,39,40,5,5,34,34,1,Train/1/00001_00063_00016.png
client_0,24638,34,35,6,6,29,30,17,Train/17/00017_00006_00008.png
client_0,38740,35,36,6,6,30,31,41,Train/41/00041_00000_00011.png
client_0,12476,59,58,6,5,54,53,8,Train/8/00008_00010_00026.png
client_0,29237,53,47,6,6,48,42,25,Train/25/00025_00025_00017.png
client_0,12775,80,81,7,8,73,74,8,Train/8/00008_00020_00025.png
client_0,37594,31,31,5,5,25,25,38,Train/38/00038_00053_00005.png
client_0,26391,68,60,7,6,62,55,18,Train/18/00018_00027_00021.png
client_0,8583,29,28,6,6,24,23,5,Train/5/00005_00005_00003.png
client_0,35646,30,32,6,6,25,27,36,Train/36/00036_00008_00007.png
client_0,14817,44,47,5,6,39,42,9,Train/9/00009_00041_00027.png
client_0,4519,46,46,6,6,41,41,2,Train/2/00002_00057_00019.png
client_0,12374,39,39,5,5,34,34,8,Train/8/00008_00007_00014.png
client_0,10785,51,54,6,5,46,49,7,Train/7/00007_00002_00015.png
client_0,18851,34,33,6,5,29,28,12,Train/12/00012_00016_00011.png
client_0,39111,55,54,5,5,50,49,42,Train/42/00042_00004_00022.png
client_0,10734,68,65,6,6,62,59,7,Train/7/00007_00000_00024.png
client_0,20619,32,34,5,6,27,29,13,Train/13/00013_00005_00009.png
client_0,13260,31,30,6,5,26,25,8,Train/8/00008_00037_00000.png
client_0,36829,33,34,6,6,28,29,38,Train/38/00038_00027_00020.png
client_0,28428,65,58,6,6,60,53,24,Train/24/00024_00007_00018.png
client_0,15961,27,28,5,5,21,23,10,Train/10/00010_00031_00001.png
client_0,37729,54,60,5,6,49,54,38,Train/38/00038_00057_00020.png
client_0,26918,37,33,6,5,32,28,19,Train/19/00019_00005_00008.png
client_0,3539,73,75,6,7,67,69,2,Train/2/00002_00024_00029.png
client_0,14827,38,40,5,6,33,35,9,Train/9/00009_00042_00007.png
client_0,20162,43,42,6,5,38,37,12,Train/12/00012_00060_00002.png
client_0,4875,28,29,5,5,23,24,2,Train/2/00002_00069_00015.png
client_0,10236,27,29,5,6,22,24,5,Train/5/00005_00060_00006.png
client_0,30529,50,45,6,6,45,40,26,Train/26/00026_00018_00019.png
client_0,12567,100,106,9,10,92,97,8,Train/8/00008_00013_00027.png
client_0,6617,68,67,6,6,62,61,4,Train/4/00004_00005_00017.png
client_0,29321,59,57,5,6,54,52,25,Train/25/00025_00028_00011.png
client_0,11582,29,27,6,5,24,22,7,Train/7/00007_00029_00002.png
client_0,6419,122,122,11,10,112,112,3,Train/3/00003_00045_00029.png
client_0,8959,54,55,5,6,49,50,5,Train/5/00005_00017_00019.png
client_0,19457,59,59,6,6,54,54,12,Train/12/00012_00036_00017.png
client_0,32556,36,35,5,5,30,29,31,Train/31/00031_00016_00006.png
client_0,31842,50,47,5,5,45,42,30,Train/30/00030_00007_00012.png
client_0,29261,43,40,6,5,38,35,25,Train/25/00025_00026_00011.png
client_0,3804,39,41,5,5,34,36,2,Train/2/00002_00033_00024.png
client_0,37092,58,57,6,5,53,52,38,Train/38/00038_00036_00013.png
client_0,24203,42,42,6,5,37,37,16,Train/16/00016_00005_00023.png
client_0,8474,32,34,5,5,27,28,5,Train/5/00005_00001_00014.png
client_0,17233,34,32,5,5,28,26,11,Train/11/00011_00006_00013.png
client_0,14673,31,31,5,5,26,26,9,Train/9/00009_00037_00003.png
client_0,30178,94,87,8,7,86,80,26,Train/26/00026_00006_00028.png
client_0,28132,98,87,9,8,90,80,23,Train/23/00023_00014_00022.png
client_0,13309,38,39,5,5,33,34,8,Train/8/00008_00038_00019.png
client_0,23540,46,48,5,5,41,43,15,Train/15/00015_00004_00020.png
client_0,26865,43,42,5,5,38,37,19,Train/19/00019_00003_00015.png
client_0,25523,35,35,6,5,30,30,17,Train/17/00017_00035_00023.png
client_0,27922,59,53,6,5,54,48,23,Train/23/00023_00007_00022.png
client_0,27374,48,47,6,6,43,42,22,Train/22/00022_00002_00014.png
client_0,1604,41,41,6,6,36,36,1,Train/1/00001_00034_00014.png
client_0,12743,58,58,5,5,53,53,8,Train/8/00008_00019_00023.png
client_0,25252,34,35,6,5,29,30,17,Train/17/00017_00026_00022.png
client_0,6362,28,30,5,6,23,25,3,Train/3/00003_00044_00002.png
client_0,32927,43,42,5,5,38,37,32,Train/32/00032_00002_00017.png
client_0,29822,35,32,5,5,30,27,25,Train/25/00025_00045_00002.png
client_0,17060,51,48,5,6,46,43,11,Train/11/00011_00000_00020.png
client_0,13151,31,30,6,5,26,25,8,Train/8/00008_00033_00011.png
client_0,4188,42,44,5,5,37,39,2,Train/2/00002_00046_00018.png
client_0,21817,81,81,8,8,74,74,13,Train/13/00013_00045_00007.png
client_0,16904,36,36,6,5,30,30,10,Train/10/00010_00062_00014.png
client_0,18256,57,51,5,5,52,46,11,Train/11/00011_00040_00016.png
client_0,21566,82,71,8,6,75,65,13,Train/13/00013_00036_00026.png
client_0,10663,31,33,5,5,25,27,6,Train/6/00006_00012_00013.png
client_0,1730,39,41,5,6,34,36,1,Train/1/00001_00038_00020.png
client_0,12648,40,46,6,6,35,41,8,Train/8/00008_00016_00018.png
client_0,15661,33,34,5,6,28,29,10,Train/10/00010_00021_00001.png
client_0,14737,41,41,5,5,36,36,9,Train/9/00009_00039_00007.png
client_0,19618,96,95,9,8,88,87,12,Train/12/00012_00041_00028.png
client_0,23315,39,38,6,5,34,33,14,Train/14/00014_00023_00005.png
client_0,25763,81,72,7,6,74,66,18,Train/18/00018_00006_00023.png
client_0,11671,31,34,5,6,25,28,7,Train/7/00007_00032_00001.png
client_0,8191,28,29,5,6,23,24,4,Train/4/00004_00058_00001.png
client_0,13713,28,28,5,5,23,23,9,Train/9/00009_00005_00003.png
client_0,26577,157,144,14,13,144,132,18,Train/18/00018_00033_00027.png
client_0,4331,40,40,5,6,34,35,2,Train/2/00002_00051_00011.png
client_0,39172,46,46,5,5,41,41,42,Train/42/00042_00006_00023.png
client_0,10771,38,41,5,5,32,35,7,Train/7/00007_00002_00001.png
client_0,5404,31,31,6,5,26,25,3,Train/3/00003_00012_00004.png
client_0,8538,37,36,6,6,32,31,5,Train/5/00005_00003_00018.png
client_0,14000,53,55,5,5,48,50,9,Train/9/00009_00014_00020.png
client_0,4444,29,29,6,5,24,23,2,Train/2/00002_00055_00004.png
client_0,31309,57,57,6,6,52,52,28,Train/28/00028_00016_00019.png
client_0,31940,51,47,5,5,46,42,30,Train/30/00030_00010_00020.png
client_0,635,46,48,6,6,41,43,1,Train/1/00001_00002_00005.png
client_0,28359,29,29,5,6,24,24,24,Train/24/00024_00005_00009.png
client_0,7400,39,39,6,5,34,34,4,Train/4/00004_00031_00020.png
client_0,2252,39,41,5,5,34,36,1,Train/1/00001_00056_00002.png
client_0,11500,31,32,6,6,26,27,7,Train/7/00007_00026_00010.png
client_0,15395,32,32,5,5,27,27,10,Train/10/00010_00012_00005.png
client_0,21140,69,77,6,7,63,71,13,Train/13/00013_00022_00020.png
client_0,748,63,63,5,6,57,57,1,Train/1/00001_00005_00028.png
client_0,16107,83,74,7,6,75,68,10,Train/10/00010_00035_00027.png
client_0,37992,40,40,6,6,35,35,38,Train/38/00038_00066_00013.png
client_0,20478,47,45,6,6,42,40,13,Train/13/00013_00000_00018.png
client_0,32756,62,62,5,5,57,57,31,Train/31/00031_00022_00026.png
client_0,7555,82,81,7,7,75,74,4,Train/4/00004_00036_00025.png
client_0,9202,41,40,6,5,36,35,5,Train/5/00005_00025_00022.png
client_0,20704,42,48,6,6,36,42,13,Train/13/00013_00008_00004.png
client_0,22655,37,37,6,6,32,32,14,Train/14/00014_00001_00005.png
client_0,39193,34,35,5,5,29,30,42,Train/42/00042_00007_00014.png
client_0,38076,89,88,8,7,82,81,39,Train/39/00039_00000_00007.png
client_0,23599,45,45,5,6,40,40,15,Train/15/00015_00006_00019.png
client_0,33431,41,42,5,6,36,37,33,Train/33/00033_00011_00011.png
client_0,18024,98,96,8,9,89,87,11,Train/11/00011_00032_00024.png
client_0,23609,95,94,8,8,87,86,15,Train/15/00015_00006_00029.png
client_0,36811,27,27,5,5,22,22,38,Train/38/00038_00027_00002.png
client_0,23024,74,75,6,6,68,69,14,Train/14/00014_00013_00014.png
client_0,22512,72,54,6,5,66,49,13,Train/13/00013_00068_00012.png
client_0,8278,62,63,6,6,57,58,4,Train/4/00004_00060_00028.png
client_0,28321,33,28,6,5,27,23,24,Train/24/00024_00004_00001.png
client_0,12522,41,41,5,5,36,36,8,Train/8/00008_00012_00012.png
client_0,37533,34,33,6,5,29,28,38,Train/38/00038_00051_00004.png
client_0,14884,29,30,6,6,24,24,9,Train/9/00009_00044_00004.png
client_0,34931,36,38,5,5,31,33,35,Train/35/00035_00024_00012.png
client_0,12049,36,38,5,5,30,32,7,Train/7/00007_00044_00019.png
client_0,11381,42,41,6,5,37,36,7,Train/7/00007_00022_00011.png
client_0,29808,56,52,6,5,51,47,25,Train/25/00025_00044_00018.png
client_0,9954,52,52,6,6,47,47,5,Train/5/00005_00050_00024.png
client_0,14529,38,39,5,5,33,33,9,Train/9/00009_00032_00009.png
client_0,9231,43,39,5,6,38,34,5,Train/5/00005_00026_00021.png
client_0,2411,40,40,6,5,34,34,1,Train/1/00001_00061_00011.png
client_0,35638,41,42,6,5,36,37,36,Train/36/00036_00007_00029.png
client_0,11324,37,38,5,5,32,33,7,Train/7/00007_00020_00014.png
client_0,12052,42,44,6,6,37,39,7,Train/7/00007_00044_00022.png
client_0,4569,47,47,6,5,42,41,2,Train/2/00002_00059_00009.png
client_0,38371,35,34,5,5,30,29,40,Train/40/00040_00000_00002.png
client_0,10143,31,33,6,6,26,28,5,Train/5/00005_00057_00003.png
client_0,17102,72,66,7,6,66,60,11,Train/11/00011_00002_00002.png
client_0,10948,130,132,12,12,119,121,7,Train/7/00007_00007_00028.png
client_0,38488,120,115,11,10,109,105,40,Train/40/00040_00003_00029.png
client_0,11754,48,50,5,5,43,45,7,Train/7/00007_00034_00024.png
client_0,34629,37,37,6,6,32,32,35,Train/35/00035_00014_00010.png
client_0,8447,42,45,5,6,37,40,5,Train/5/00005_00000_00017.png
client_0,22212,36,37,5,6,30,31,13,Train/13/00013_00058_00012.png
client_0,27915,48,43,5,6,43,38,23,Train/23/00023_00007_00015.png
client_0,34270,35,35,6,5,30,30,35,Train/35/00035_00002_00011.png
client_0,26219,144,127,13,11,132,116,18,Train/18/00018_00021_00029.png
client_0,13762,50,48,6,5,45,43,9,Train/9/00009_00006_00022.png
client_0,813,43,47,5,5,38,42,1,Train/1/00001_00008_00003.png
client_0,24677,37,38,6,6,32,33,17,Train/17/00017_00007_00017.png
client_0,13950,31,31,6,6,26,26,9,Train/9/00009_00013_00000.png
client_0,6764,37,36,6,5,31,31,4,Train/4/00004_00010_00014.png
client_0,785,55,56,5,6,50,50,1,Train/1/00001_00007_00005.png
client_0,35810,46,46,6,6,41,41,37,Train/37/00037_00000_00021.png
client_0,7100,50,49,6,6,45,44,4,Train/4/00004_00021_00020.png
client_0,18996,41,43,6,6,36,38,12,Train/12/00012_00021_00006.png
client_0,16624,37,38,5,6,32,33,10,Train/10/00010_00053_00004.png
client_0,20755,71,65,7,6,64,60,13,Train/13/00013_00009_00025.png
client_0,19608,38,38,5,5,33,33,12,Train/12/00012_00041_00018.png
client_0,35659,48,48,6,6,43,43,36,Train/36/00036_00008_00020.png
client_0,27750,37,34,6,6,32,29,23,Train/23/00023_00002_00000.png
client_0,16737,53,54,6,5,48,49,10,Train/10/00010_00056_00027.png
client_0,18040,43,39,6,6,38,34,11,Train/11/00011_00033_00010.png
client_0,15756,31,33,5,6,26,28,10,Train/10/00010_00024_00006.png
client_0,4027,28,27,6,5,23,22,2,Train/2/00002_00041_00007.png
client_0,1055,37,37,6,6,32,32,1,Train/1/00001_00016_00005.png
client_0,27545,30,26,6,5,24,21,22,Train/22/00022_00008_00005.png
client_0,29658,49,47,5,6,44,41,25,Train/25/00025_00039_00018.png
client_0,32839,60,56,5,6,55,51,31,Train/31/00031_00025_00019.png
client_0,23384,38,38,5,5,33,33,14,Train/14/00014_00025_00014.png
client_0,38837,51,53,6,6,46,48,41,Train/41/00041_00003_00018.png
client_0,11871,47,47,5,5,42,42,7,Train/7/00007_00038_00021.png
client_0,28810,70,75,7,7,64,68,25,Train/25/00025_00011_00010.png
client_0,32445,51,46,6,6,46,41,31,Train/31/00031_00012_00015.png
client_0,28883,61,59,5,6,56,54,25,Train/25/00025_00013_00023.png
client_0,11185,63,72,6,7,58,66,7,Train/7/00007_00015_00025.png
client_0,14613,32,33,6,6,27,28,9,Train/9/00009_00035_00003.png
client_0,21594,83,84,7,8,76,77,13,Train/13/00013_00037_00024.png
client_0,32339,96,93,8,9,88,85,31,Train/31/00031_00008_00029.png
client_0,9028,72,70,6,6,66,64,5,Train/5/00005_00019_00028.png
client_0,25995,49,49,5,5,44,44,18,Train/18/00018_00014_00015.png
client_0,10791,69,73,6,6,63,67,7,Train/7/00007_00002_00021.png
client_0,6995,39,43,5,6,34,37,4,Train/4/00004_00018_00005.png
client_0,34781,33,32,6,5,28,27,35,Train/35/00035_00019_00012.png
client_0,24701,27,30,5,5,22,25,17,Train/17/00017_00008_00011.png
client_0,14533,42,43,5,6,37,38,9,Train/9/00009_00032_00013.png
client_0,1525,74,73,7,7,68,66,1,Train/1/00001_00031_00025.png
client_0,3493,35,34,6,5,30,29,2,Train/2/00002_00023_00013.png
client_0,29263,46,45,5,6,41,40,25,Train/25/00025_00026_00013.png
client_0,28056,30,30,6,6,24,24,23,Train/23/00023_00012_00006.png
client_0,27019,52,47,5,5,47,42,21,Train/21/00021_00001_00019.png
client_0,31868,36,34,5,6,31,29,30,Train/30/00030_00008_00008.png
client_0,25240,29,30,6,6,23,25,17,Train/17/00017_00026_00010.png
client_0,33319,85,87,8,8,77,80,33,Train/33/00033_00007_00019.png
client_0,33691,28,28,5,5,23,23,33,Train/33/00033_00020_00002.png
client_0,13679,71,72,6,7,65,66,9,Train/9/00009_00003_00029.png
client_0,28114,80,71,8,7,73,65,23,Train/23/00023_00014_00004.png
client_0,32744,35,34,6,5,30,29,31,Train/31/00031_00022_00014.png
client_0,1172,46,50,6,5,40,44,1,Train/1/00001_00020_00002.png
client_0,24011,33,35,5,6,28,30,15,Train/15/00015_00020_00011.png
client_0,6975,36,38,5,5,31,33,4,Train/4/00004_00017_00015.png
client_0,25388,32,33,5,5,27,28,17,Train/17/00017_00031_00008.png
client_0,19597,31,31,5,5,26,26,12,Train/12/00012_00041_00007.png
client_0,29531,37,35,6,5,32,30,25,Train/25/00025_00035_00011.png
client_0,3934,48,50,6,6,43,45,2,Train/2/00002_00038_00004.png
client_0,9813,30,31,5,5,25,26,5,Train/5/00005_00046_00003.png
client_0,26717,57,56,6,5,52,51,18,Train/18/00018_00038_00017.png
client_0,37536,35,36,5,6,30,31,38,Train/38/00038_00051_00007.png
client_0,26423,64,70,6,6,59,64,18,Train/18/00018_00028_00023.png
client_0,32642,41,41,5,5,36,36,31,Train/31/00031_00019_00002.png
client_0,24906,32,37,5,5,27,32,17,Train/17/00017_00015_00006.png
client_0,20185,70,70,6,6,64,64,12,Train/12/00012_00060_00025.png
client_0,18017,60,57,6,5,55,52,11,Train/11/00011_00032_00017.png
client_0,14744,41,41,5,5,36,36,9,Train/9/00009_00039_00014.png
client_0,11993,59,58,6,5,54,53,7,Train/7/00007_00042_00023.png
client_0,32204,47,42,6,6,42,37,31,Train/31/00031_00004_00014.png
client_0,1017,82,76,7,7,75,70,1,Train/1/00001_00014_00027.png
client_0,2962,52,52,6,5,47,47,2,Train/2/00002_00005_00022.png
client_0,364,30,32,5,6,25,26,0,Train/0/00000_00000_00004.png
client_0,14925,44,49,5,6,39,44,9,Train/9/00009_00045_00015.png
client_0,7005,49,52,6,6,44,47,4,Train/4/00004_00018_00015.png
client_0,28599,41,40,5,6,36,35,25,Train/25/00025_00004_00009.png
client_0,2138,32,35,5,6,27,30,1,Train/1/00001_00052_00008.png
client_0,13837,34,36,5,6,29,31,9,Train/9/00009_00009_00007.png
client_0,16462,49,45,6,5,44,40,10,Train/10/00010_00047_00022.png
client_0,17972,38,39,5,6,33,34,11,Train/11/00011_00031_00002.png
client_0,26161,63,59,6,5,58,54,18,Train/18/00018_00020_00001.png
client_0,9616,35,36,6,6,29,30,5,Train/5/00005_00039_00016.png
client_0,26164,68,61,6,5,61,55,18,Train/18/00018_00020_00004.png
client_0,22200,27,25,6,5,22,20,13,Train/13/00013_00058_00000.png
client_0,27781,53,49,6,5,48,44,23,Train/23/00023_00003_00001.png
client_0,624,57,55,6,5,52,49,1,Train/1/00001_00001_00024.png
client_0,36306,31,30,6,5,26,25,38,Train/38/00038_00010_00007.png
client_0,25082,31,31,5,6,26,26,17,Train/17/00017_00021_00002.png
client_0,24557,35,37,5,5,30,31,17,Train/17/00017_00003_00017.png
client_0,14725,51,53,6,5,46,48,9,Train/9/00009_00038_00025.png
client_0,36266,40,39,6,5,35,34,38,Train/38/00038_00008_00027.png
client_0,1080,32,33,5,6,27,28,1,Train/1/00001_00017_00000.png
client_0,3896,68,69,7,7,62,63,2,Train/2/00002_00036_00026.png
client_0,28501,69,62,7,6,63,57,25,Train/25/00025_00001_00001.png
client_0,2397,75,80,7,8,69,73,1,Train/1/00001_00060_00027.png
client_0,36005,28,28,6,5,23,23,38,Train/38/00038_00000_00006.png
client_0,36848,29,31,5,6,23,25,38,Train/38/00038_00028_00009.png
client_0,11668,59,60,6,6,54,55,7,Train/7/00007_00031_00028.png
client_0,13011,45,39,6,6,39,34,8,Train/8/00008_00028_00021.png
client_0,26569,84,76,7,6,77,70,18,Train/18/00018_00033_00019.png
client_0,15030,37,37,6,5,32,32,10,Train/10/00010_00000_00000.png
client_0,31945,59,55,5,5,54,50,30,Train/30/00030_00010_00025.png
client_0,26506,44,42,5,6,39,37,18,Train/18/00018_00031_00016.png
client_0,3892,53,54,5,6,48,49,2,Train/2/00002_00036_00022.png
client_0,25721,95,86,8,8,87,79,18,Train/18/00018_00005_00011.png
client_0,23401,37,40,6,6,32,35,15,Train/15/00015_00000_00001.png
client_0,2687,79,80,7,7,72,73,1,Train/1/00001_00070_00017.png
client_0,28999,59,58,5,6,53,52,25,Train/25/00025_00017_00019.png
client_0,1744,36,38,5,6,31,33,1,Train/1/00001_00039_00004.png
client_0,31312,64,64,5,5,59,59,28,Train/28/00028_00016_00022.png
client_0,684,76,79,6,7,70,72,1,Train/1/00001_00003_00024.png
client_0,27024,72,60,7,5,66,55,21,Train/21/00021_00001_00024.png
client_0,7694,36,37,5,6,31,32,4,Train/4/00004_00041_00014.png
client_0,4283,49,50,6,6,44,45,2,Train/2/00002_00049_00023.png
client_0,9713,60,61,6,6,55,56,5,Train/5/00005_00042_00023.png
client_0,9120,30,30,5,5,25,25,5,Train/5/00005_00023_00000.png
client_0,26532,57,58,5,6,52,53,18,Train/18/00018_00032_00012.png
client_0,19165,74,74,6,6,68,68,12,Train/12/00012_00026_00025.png
client_0,6363,29,30,6,6,24,25,3,Train/3/00003_00044_00003.png
client_0,37181,34,35,5,5,29,30,38,Train/38/00038_00039_00012.png
client_0,14256,32,33,6,6,27,28,9,Train/9/00009_00023_00006.png
client_0,16538,33,34,5,6,28,29,10,Train/10/00010_00050_00008.png
client_0,1703,56,55,6,6,51,49,1,Train/1/00001_00037_00023.png
client_0,25545,29,36,6,6,24,31,17,Train/17/00017_00036_00015.png
client_0,26691,57,56,6,5,52,51,18,Train/18/00018_00037_00021.png
client_0,17050,34,28,6,5,29,23,11,Train/11/00011_00000_00010.png
client_0,16368,35,36,6,5,30,31,10,Train/10/00010_00044_00018.png
client_0,28372,47,44,6,5,42,39,24,Train/24/00024_00005_00022.png
client_0,26611,30,26,5,5,24,21,18,Train/18/00018_00035_00001.png
client_0,27934,46,43,6,6,41,38,23,Train/23/00023_00008_00004.png
client_0,19502,33,33,6,6,28,28,12,Train/12/00012_00038_00002.png
client_0,35195,29,31,5,6,23,25,35,Train/35/00035_00033_00006.png
client_0,25335,34,38,5,6,28,32,17,Train/17/00017_00029_00015.png
client_0,34036,42,44,5,6,37,39,34,Train/34/00034_00008_00017.png
client_0,24830,31,30,5,5,26,25,17,Train/17/00017_00012_00020.png
client_0,23454,60,121,5,11,55,111,15,Train/15/00015_00001_00024.png
client_0,24328,49,54,5,6,43,49,16,Train/16/00016_00009_00028.png
client_0,13025,32,32,6,6,27,27,8,Train/8/00008_00029_00005.png
client_0,10516,33,32,6,5,28,27,6,Train/6/00006_00007_00016.png
client_0,25444,28,30,6,6,23,25,17,Train/17/00017_00033_00004.png
client_0,15019,41,41,6,6,36,36,9,Train/9/00009_00048_00019.png
client_0,21628,124,117,10,11,114,107,13,Train/13/00013_00038_00028.png
client_0,29001,64,61,6,6,59,55,25,Train/25/00025_00017_00021.png
client_0,35905,62,61,6,6,57,56,37,Train/37/00037_00003_00026.png
client_0,23518,50,52,5,5,45,47,15,Train/15/00015_00003_00028.png
client_0,10733,61,59,6,6,56,54,7,Train/7/00007_00000_00023.png
client_0,38165,31,31,6,6,26,26,39,Train/39/00039_00003_00006.png
client_0,4470,31,29,6,5,26,24,2,Train/2/00002_00056_00000.png
client_0,34970,58,56,6,5,53,51,35,Train/35/00035_00025_00021.png
client_0,34779,31,33,6,6,26,27,35,Train/35/00035_00019_00010.png
client_0,35847,98,98,9,9,90,90,37,Train/37/00037_00001_00028.png
client_0,35983,54,57,5,5,48,52,37,Train/37/00037_00006_00014.png
client_0,22170,73,64,6,6,66,59,13,Train/13/00013_00057_00000.png
client_0,1880,61,60,6,5,56,55,1,Train/1/00001_00043_00020.png
client_0,15382,61,60,6,5,56,55,10,Train/10/00010_00011_00022.png
client_0,4455,40,39,6,6,34,34,2,Train/2/00002_00055_00015.png
client_0,20091,47,49,5,5,42,44,12,Train/12/00012_00057_00021.png
client_0,16610,51,51,5,5,46,46,10,Train/10/00010_00052_00020.png
client_0,25852,47,42,6,6,41,37,18,Train/18/00018_00009_00022.png
client_0,28794,86,76,8,6,79,70,25,Train/25/00025_00010_00024.png
client_0,12574,34,33,6,5,29,28,8,Train/8/00008_00014_00004.png
client_0,26617,31,30,5,5,26,25,18,Train/18/00018_00035_00007.png
client_0,626,61,57,6,5,56,52,1,Train/1/00001_00001_00026.png
client_0,25318,70,75,6,6,64,69,17,Train/17/00017_00028_00028.png
client_0,14931,59,64,6,6,54,59,9,Train/9/00009_00045_00021.png
client_0,6576,48,48,5,5,43,43,4,Train/4/00004_00004_00006.png
client_0,17696,80,68,7,6,73,62,11,Train/11/00011_00021_00026.png
client_0,5761,29,30,6,6,24,25,3,Train/3/00003_00024_00001.png
client_0,918,47,45,6,6,42,40,1,Train/1/00001_00011_00018.png
client_0,23394,56,59,5,6,51,54,14,Train/14/00014_00025_00024.png
client_0,10898,40,40,6,6,35,35,7,Train/7/00007_00006_00008.png
client_0,36206,74,96,6,8,68,88,38,Train/38/00038_00006_00027.png
client_0,28891,37,35,5,6,32,30,25,Train/25/00025_00014_00001.png
client_0,21806,82,73,8,7,75,67,13,Train/13/00013_00044_00026.png
client_0,9328,63,59,5,6,58,54,5,Train/5/00005_00029_00028.png
client_0,28589,243,225,20,20,223,205,25,Train/25/00025_00003_00029.png
client_0,13591,26,27,5,6,21,22,9,Train/9/00009_00001_00001.png
client_0,12843,32,33,5,6,27,28,8,Train/8/00008_00023_00003.png
client_0,36465,43,46,6,5,38,40,38,Train/38/00038_00015_00016.png
client_0,29564,50,45,5,5,44,40,25,Train/25/00025_00036_00014.png
client_0,14011,43,43,5,5,38,38,9,Train/9/00009_00015_00001.png
client_0,19466,112,113,9,10,103,104,12,Train/12/00012_00036_00026.png
client_0,21661,36,30,6,5,31,25,13,Train/13/00013_00040_00001.png
client_0,21830,112,112,10,10,103,103,13,Train/13/00013_00045_00020.png
client_0,23730,38,47,5,6,33,42,15,Train/15/00015_00011_00000.png
client_0,32525,46,42,6,6,40,36,31,Train/31/00031_00015_00005.png
client_0,36747,96,106,8,10,88,97,38,Train/38/00038_00024_00028.png
client_0,864,57,55,6,5,52,50,1,Train/1/00001_00009_00024.png
client_0,23742,48,55,5,6,43,50,15,Train/15/00015_00011_00012.png
client_0,14740,41,41,5,5,36,36,9,Train/9/00009_00039_00010.png
client_0,7346,76,76,7,6,70,70,4,Train/4/00004_00029_00026.png
client_0,37105,104,105,9,10,95,96,38,Train/38/00038_00036_00026.png
client_0,27491,39,36,6,6,34,31,22,Train/22/00022_00006_00011.png
client_0,13284,46,47,5,6,41,42,8,Train/8/00008_00037_00024.png
client_0,4920,26,26,6,6,21,21,2,Train/2/00002_00071_00000.png
client_0,32664,71,64,6,5,65,59,31,Train/31/00031_00019_00024.png
client_0,28695,77,70,6,6,70,64,25,Train/25/00025_00007_00015.png
client_0,12541,32,32,6,6,27,27,8,Train/8/00008_00013_00001.png
client_0,14709,37,37,6,5,32,31,9,Train/9/00009_00038_00009.png
client_0,23930,50,50,5,6,45,45,15,Train/15/00015_00017_00020.png
client_0,11205,47,47,6,6,42,42,7,Train/7/00007_00016_00015.png
client_0,16833,27,28,5,6,22,22,10,Train/10/00010_00060_00003.png
client_0,67,38,37,6,6,33,32,20,Train/20/00020_00002_00007.png
client_0,5145,39,39,5,5,34,34,3,Train/3/00003_00003_00015.png
client_0,32361,67,60,6,6,61,55,31,Train/31/00031_00009_00021.png
client_0,36776,54,53,6,6,49,48,38,Train/38/00038_00025_00027.png
client_0,6972,35,36,6,5,30,31,4,Train/4/00004_00017_00012.png
client_0,25185,40,42,6,6,35,37,17,Train/17/00017_00024_00015.png
client_0,38937,87,93,7,9,80,84,41,Train/41/00041_00006_00028.png
client_0,6245,31,33,5,6,26,28,3,Train/3/00003_00040_00005.png
client_0,9531,47,47,5,6,41,41,5,Train/5/00005_00036_00021.png
client_0,29771,43,41,6,6,38,36,25,Train/25/00025_00043_00011.png
client_0,8178,43,43,5,5,38,38,4,Train/4/00004_00057_00018.png
client_0,34564,34,36,5,6,28,30,35,Train/35/00035_00012_00005.png
client_0,22798,82,82,8,8,75,75,14,Train/14/00014_00005_00028.png
client_0,1094,45,44,6,5,40,39,1,Train/1/00001_00017_00014.png
client_0,25053,29,26,6,5,24,21,17,Train/17/00017_00020_00003.png
client_0,8935,73,74,6,7,67,68,5,Train/5/00005_00016_00025.png
client_0,13415,35,35,5,5,30,30,8,Train/8/00008_00042_00005.png
client_0,19520,52,53,5,6,47,48,12,Train/12/00012_00038_00020.png
client_0,19765,55,54,6,6,50,49,12,Train/12/00012_00046_00025.png
client_0,6652,60,62,5,5,55,57,4,Train/4/00004_00006_00022.png
client_0,15288,46,46,5,5,41,41,10,Train/10/00010_00008_00018.png
client_0,27881,41,38,5,6,36,33,23,Train/23/00023_00006_00011.png
client_0,34658,35,38,5,6,30,33,35,Train/35/00035_00015_00009.png
client_0,29110,39,36,5,5,34,31,25,Train/25/00025_00021_00010.png
client_0,36288,48,50,5,5,43,45,38,Train/38/00038_00009_00019.png
client_0,10398,44,45,6,5,39,40,6,Train/6/00006_00003_00018.png
client_0,11561,34,36,6,6,29,30,7,Train/7/00007_00028_00011.png
client_0,3324,63,62,6,5,58,57,2,Train/2/00002_00017_00024.png
client_0,9643,33,32,6,5,28,27,5,Train/5/00005_00040_00013.png
client_0,24940,29,31,5,6,24,26,17,Train/17/00017_00016_00010.png
client_0,5646,30,31,6,5,25,26,3,Train/3/00003_00020_00006.png
client_0,36251,32,31,6,5,27,26,38,Train/38/00038_00008_00012.png
client_0,26925,46,41,6,5,41,36,19,Train/19/00019_00005_00015.png
client_0,9121,32,32,5,5,27,27,5,Train/5/00005_00023_00001.png
client_0,37380,29,28,6,6,24,23,38,Train/38/00038_00046_00001.png
client_0,22364,42,39,5,5,37,34,13,Train/13/00013_00063_00014.png
client_0,6129,33,34,5,6,28,29,3,Train/3/00003_00036_00009.png
client_0,28557,136,120,12,10,125,109,25,Train/25/00025_00002_00027.png
client_0,28013,85,81,7,7,78,73,23,Train/23/00023_00010_00023.png
client_0,16147,31,30,6,6,25,24,10,Train/10/00010_00037_00007.png
client_0,25712,76,71,6,7,70,65,18,Train/18/00018_00005_00002.png
client_0,12337,32,32,5,5,27,27,8,Train/8/00008_00006_00007.png
client_0,13829,70,69,6,6,63,63,9,Train/9/00009_00008_00029.png
client_0,11569,38,40,5,5,33,34,7,Train/7/00007_00028_00019.png
client_0,2839,46,49,6,6,41,43,2,Train/2/00002_00001_00019.png
client_0,7588,64,63,6,5,59,58,4,Train/4/00004_00037_00028.png
client_0,20192,37,41,6,6,32,36,12,Train/12/00012_00061_00002.png
client_0,22671,87,87,8,7,80,80,14,Train/14/00014_00001_00021.png
client_0,25140,26,26,6,5,21,21,17,Train/17/00017_00023_00000.png
client_0,34233,29,30,6,6,24,25,35,Train/35/00035_00001_00004.png
client_0,30865,81,71,7,6,74,65,28,Train/28/00028_00001_00025.png
client_0,29309,140,123,13,11,128,113,25,Train/25/00025_00027_00029.png
client_0,14185,30,31,6,5,25,26,9,Train/9/00009_00020_00025.png
client_0,28543,42,41,5,5,37,36,25,Train/25/00025_00002_00013.png
client_0,16088,33,30,6,5,28,25,10,Train/10/00010_00035_00008.png
client_0,7067,36,36,6,6,31,31,4,Train/4/00004_00020_00017.png
client_0,21038,55,50,5,6,49,45,13,Train/13/00013_00019_00008.png
client_0,29643,30,28,6,6,24,22,25,Train/25/00025_00039_00003.png
client_0,32486,75,72,7,7,69,66,31,Train/31/00031_00013_00026.png
client_0,18296,84,76,7,7,77,70,11,Train/11/00011_00041_00026.png
client_0,3945,59,60,5,5,53,54,2,Train/2/00002_00038_00015.png
client_0,25451,29,30,5,5,24,25,17,Train/17/00017_00033_00011.png
client_0,20824,39,35,6,6,34,30,13,Train/13/00013_00012_00004.png
client_0,36834,36,37,5,5,31,32,38,Train/38/00038_00027_00025.png
client_0,30203,48,44,6,5,43,39,26,Train/26/00026_00007_00023.png
client_0,11466,31,31,5,5,26,26,7,Train/7/00007_00025_00006.png
client_0,28071,47,46,6,6,41,41,23,Train/23/00023_00012_00021.png
client_0,34110,29,28,6,5,24,23,34,Train/34/00034_00011_00001.png
client_0,37616,49,48,6,5,44,43,38,Train/38/00038_00053_00027.png
client_0,13968,50,51,5,5,45,46,9,Train/9/00009_00013_00018.png
client_0,16452,32,32,6,6,27,27,10,Train/10/00010_00047_00012.png
client_0,10353,30,32,6,6,25,27,6,Train/6/00006_00002_00003.png
client_0,20837,61,54,6,5,56,48,13,Train/13/00013_00012_00017.png
client_0,6859,44,46,5,6,38,40,4,Train/4/00004_00013_00019.png
client_0,12686,65,59,6,6,60,54,8,Train/8/00008_00017_00026.png
client_0,13988,37,39,5,6,32,34,9,Train/9/00009_00014_00008.png
client_0,26486,101,95,8,9,92,87,18,Train/18/00018_00030_00026.png
client_0,10078,50,48,6,5,45,43,5,Train/5/00005_00054_00028.png
client_0,35880,28,28,5,5,23,23,37,Train/37/00037_00003_00001.png
client_0,7206,36,36,5,6,31,31,4,Train/4/00004_00025_00006.png
client_0,32226,35,36,5,6,30,31,31,Train/31/00031_00005_00006.png
client_0,30228,52,47,6,5,47,42,26,Train/26/00026_00008_00018.png
client_0,13812,32,31,6,5,27,26,9,Train/9/00009_00008_00012.png
client_0,30907,39,37,6,6,34,32,28,Train/28/00028_00003_00007.png
client_0,13112,30,32,6,6,25,27,8,Train/8/00008_00032_00002.png
client_0,11160,34,34,6,5,29,29,7,Train/7/00007_00015_00000.png
client_0,37273,43,47,5,5,38,42,38,Train/38/00038_00042_00014.png
client_0,11972,30,29,6,5,25,24,7,Train/7/00007_00042_00002.png
client_0,19798,164,164,15,15,150,150,12,Train/12/00012_00047_00028.png
client_0,26150,70,70,6,6,64,64,18,Train/18/00018_00019_00020.png
client_0,7604,40,41,5,6,35,36,4,Train/4/00004_00038_00014.png
client_0,22037,47,42,5,6,41,37,13,Train/13/00013_00052_00017.png
client_0,76,49,46,6,5,44,41,20,Train/20/00020_00002_00016.png
client_0,20480,53,51,6,6,48,46,13,Train/13/00013_00000_00020.png
client_0,26048,35,31,6,5,29,25,18,Train/18/00018_00016_00008.png
client_0,12820,35,34,5,6,30,29,8,Train/8/00008_00022_00010.png
client_0,23299,59,69,5,7,54,63,14,Train/14/00014_00022_00019.png
client_0,19067,44,45,5,6,39,40,12,Train/12/00012_00023_00017.png
client_0,15950,41,41,6,6,36,36,10,Train/10/00010_00030_00020.png
client_0,27560,55,51,6,5,50,46,22,Train/22/00022_00008_00020.png
client_0,12446,49,50,5,6,44,45,8,Train/8/00008_00009_00026.png
client_0,17988,71,64,6,5,65,59,11,Train/11/00011_00031_00018.png
client_0,12639,34,36,5,5,29,31,8,Train/8/00008_00016_00009.png
client_0,4851,51,49,6,5,46,44,2,Train/2/00002_00068_00021.png
client_0,32669,95,87,8,8,87,80,31,Train/31/00031_00019_00029.png
client_0,35749,50,51,5,5,45,46,36,Train/36/00036_00011_00020.png
client_0,1792,67,68,6,7,61,62,1,Train/1/00001_00040_00022.png
client_0,10746,29,29,6,5,23,23,7,Train/7/00007_00001_00006.png
client_0,17582,44,42,5,5,39,37,11,Train/11/00011_00018_00002.png
client_0,27476,59,57,6,5,54,52,22,Train/22/00022_00005_00026.png
client_0,2311,29,28,6,5,24,23,1,Train/1/00001_00058_00001.png
client_0,32166,42,39,5,5,37,34,31,Train/31/00031_00003_00006.png
client_0,22652,33,34,5,6,28,29,14,Train/14/00014_00001_00002.png
client_0,20277,80,83,7,7,73,76,12,Train/12/00012_00063_00027.png
client_0,5594,43,44,5,6,38,39,3,Train/3/00003_00018_00014.png
client_0,35993,70,72,6,6,63,66,37,Train/37/00037_00006_00024.png
client_0,36746,83,87,8,8,76,80,38,Train/38/00038_00024_00027.png
client_0,2493,28,28,6,6,23,23,1,Train/1/00001_00064_00003.png
client_0,4559,72,73,6,6,66,67,2,Train/2/00002_00058_00029.png
client_0,23131,27,28,6,6,22,23,14,Train/14/00014_00017_00001.png
client_0,5981,32,33,6,6,26,28,3,Train/3/00003_00031_00011.png
client_0,32740,32,32,5,5,27,27,31,Train/31/00031_00022_00010.png
client_0,21548,40,38,6,5,35,33,13,Train/13/00013_00036_00008.png
client_0,13458,42,40,6,6,37,35,8,Train/8/00008_00043_00018.png
client_0,20199,44,47,5,5,39,42,12,Train/12/00012_00061_00009.png
client_0,6758,31,33,5,6,26,28,4,Train/4/00004_00010_00008.png
client_0,20297,44,49,5,6,39,44,12,Train/12/00012_00064_00017.png
client_0,14820,31,33,6,5,26,28,9,Train/9/00009_00042_00000.png
client_0,14639,153,151,14,13,140,138,9,Train/9/00009_00035_00029.png
client_0,15653,46,45,6,5,41,40,10,Train/10/00010_00020_00023.png
client_0,35831,42,42,6,6,37,37,37,Train/37/00037_00001_00012.png
client_0,15083,64,55,5,5,58,49,10,Train/10/00010_00001_00023.png
client_0,24351,49,49,5,5,44,44,16,Train/16/00016_00010_00021.png
client_0,3957,99,97,8,9,91,89,2,Train/2/00002_00038_00027.png
client_0,9217,32,29,6,5,27,24,5,Train/5/00005_00026_00007.png
client_0,10384,31,33,5,5,26,28,6,Train/6/00006_00003_00004.png
client_0,37832,37,37,6,5,32,32,38,Train/38/00038_00061_00003.png
client_0,21796,53,49,6,6,48,44,13,Train/13/00013_00044_00016.png
client_0,20916,71,63,7,5,64,58,13,Train/13/00013_00015_00006.png
client_0,27523,52,49,6,5,47,43,22,Train/22/00022_00007_00013.png
client_0,11981,37,38,5,6,32,33,7,Train/7/00007_00042_00011.png
client_0,18593,64,62,6,6,59,57,12,Train/12/00012_00007_00023.png
client_0,10736,83,83,7,8,76,76,7,Train/7/00007_00000_00026.png
client_0,35358,41,42,6,6,35,37,35,Train/35/00035_00038_00019.png
client_0,28732,148,137,13,12,136,126,25,Train/25/00025_00008_00022.png
client_0,694,49,47,6,5,44,42,1,Train/1/00001_00004_00004.png
client_0,21127,50,50,6,6,45,45,13,Train/13/00013_00022_00007.png
client_0,25938,40,42,6,6,35,37,18,Train/18/00018_00012_00018.png
client_0,33920,77,77,7,7,71,71,34,Train/34/00034_00004_00021.png
client_0,11184,60,63,6,5,55,58,7,Train/7/00007_00015_00024.png
client_0,6688,53,53,6,5,47,47,4,Train/4/00004_00007_00028.png
client_0,14780,49,51,6,6,44,46,9,Train/9/00009_00040_00020.png
client_0,7669,41,41,5,5,36,36,4,Train/4/00004_00040_00019.png
client_0,25893,31,29,6,5,26,24,18,Train/18/00018_00011_00003.png
client_0,738,49,47,5,5,43,42,1,Train/1/00001_00005_00018.png
client_0,28771,44,43,5,6,38,37,25,Train/25/00025_00010_00001.png
client_0,25172,29,28,5,5,24,23,17,Train/17/00017_00024_00002.png
client_0,36797,32,34,5,6,27,29,38,Train/38/00038_00026_00018.png
client_0,4794,43,46,6,6,38,40,2,Train/2/00002_00066_00024.png
client_0,23286,40,41,6,5,34,36,14,Train/14/00014_00022_00006.png
client_0,12257,40,41,6,5,35,36,8,Train/8/00008_00003_00017.png
client_0,5056,40,39,6,5,34,34,3,Train/3/00003_00000_00016.png
client_0,1956,44,43,6,5,39,38,1,Train/1/00001_00046_00006.png
client_0,7183,41,42,5,6,36,37,4,Train/4/00004_00024_00013.png
client_0,31928,39,37,6,5,34,32,30,Train/30/00030_00010_00008.png
client_0,10074,45,45,5,6,40,40,5,Train/5/00005_00054_00024.png
client_0,13499,71,73,6,6,65,67,8,Train/8/00008_00044_00029.png
client_0,3015,44,43,6,6,39,38,2,Train/2/00002_00007_00015.png
client_0,30807,74,68,7,6,68,62,27,Train/27/00027_00007_00027.png
client_0,24210,74,74,7,7,68,68,16,Train/16/00016_00006_00000.png
client_0,29932,59,62,5,5,54,57,25,Train/25/00025_00048_00022.png
client_0,25378,61,70,5,6,56,64,17,Train/17/00017_00030_00028.png
client_0,3095,29,28,6,6,24,23,2,Train/2/00002_00010_00005.png
client_0,18452,37,38,5,5,32,33,12,Train/12/00012_00003_00002.png
client_0,31838,44,44,5,6,39,39,30,Train/30/00030_00007_00008.png
client_0,13736,62,63,5,5,57,58,9,Train/9/00009_00005_00026.png
client_0,247,32,33,5,6,27,28,20,Train/20/00020_00008_00007.png
client_0,12357,56,54,6,5,51,49,8,Train/8/00008_00006_00027.png
client_0,14008,88,94,8,9,81,86,9,Train/9/00009_00014_00028.png
client_0,13967,49,50,6,5,44,45,9,Train/9/00009_00013_00017.png
client_0,695,52,51,6,5,47,46,1,Train/1/00001_00004_00005.png
client_0,27627,57,56,5,5,52,51,22,Train/22/00022_00010_00027.png
client_0,28099,61,56,5,6,56,51,23,Train/23/00023_00013_00019.png
client_0,5471,33,32,6,5,28,27,3,Train/3/00003_00014_00011.png
client_0,474,64,61,5,5,59,56,0,Train/0/00000_00003_00024.png
client_0,16828,92,94,9,8,84,86,10,Train/10/00010_00059_00028.png
client_0,13923,30,32,6,6,25,26,9,Train/9/00009_00012_00003.png
client_0,14368,133,130,11,12,122,119,9,Train/9/00009_00026_00028.png
client_0,30202,46,43,5,6,41,38,26,Train/26/00026_00007_00022.png
client_0,9331,28,28,5,5,23,23,5,Train/5/00005_00030_00001.png
client_0,31290,33,35,5,6,28,30,28,Train/28/00028_00016_00000.png
client_0,28456,47,49,6,5,42,44,24,Train/24/00024_00008_00016.png
client_0,9332,28,29,5,6,23,24,5,Train/5/00005_00030_00002.png
client_0,23314,39,40,6,6,34,35,14,Train/14/00014_00023_00004.png
client_0,22708,71,72,6,7,65,66,14,Train/14/00014_00002_00028.png
client_0,39074,36,36,5,5,30,31,42,Train/42/00042_00003_00015.png
client_0,4552,42,41,6,6,36,36,2,Train/2/00002_00058_00022.png
client_0,34777,28,31,5,6,23,26,35,Train/35/00035_00019_00008.png
client_0,36166,40,42,6,5,35,36,38,Train/38/00038_00005_00017.png
client_0,25635,49,45,6,6,43,40,18,Train/18/00018_00002_00015.png
client_0,7001,44,48,5,6,39,43,4,Train/4/00004_00018_00011.png
client_0,9106,43,43,6,6,38,38,5,Train/5/00005_00022_00016.png
client_0,29588,36,32,6,5,31,27,25,Train/25/00025_00037_00008.png
client_0,13424,41,41,6,6,36,36,8,Train/8/00008_00042_00014.png
client_0,37631,36,36,6,6,30,30,38,Train/38/00038_00054_00012.png
client_0,409,42,43,5,5,36,37,0,Train/0/00000_00001_00019.png
client_0,33533,43,45,5,6,37,40,33,Train/33/00033_00014_00023.png
client_0,17126,180,159,15,13,165,146,11,Train/11/00011_00002_00026.png
client_0,31128,71,62,6,6,65,57,28,Train/28/00028_00010_00018.png
client_0,33490,49,49,6,6,44,44,33,Train/33/00033_00013_00010.png
client_0,20878,82,71,8,7,74,65,13,Train/13/00013_00013_00028.png
client_0,15094,33,32,5,5,27,26,10,Train/10/00010_00002_00004.png
client_0,15001,27,28,6,6,21,22,9,Train/9/00009_00048_00001.png
client_0,37591,30,30,6,6,25,25,38,Train/38/00038_00053_00002.png
client_0,1346,60,58,6,5,55,53,1,Train/1/00001_00025_00026.png
client_0,37899,32,33,5,6,27,28,38,Train/38/00038_00063_00010.png
client_0,357,73,73,6,7,67,67,20,Train/20/00020_00011_00027.png
client_0,24318,38,37,5,5,33,32,16,Train/16/00016_00009_00018.png
client_0,9440,40,42,6,6,35,37,5,Train/5/00005_00033_00020.png
client_0,23201,45,45,5,5,40,40,14,Train/14/00014_00019_00011.png
client_0,3102,36,34,6,5,31,29,2,Train/2/00002_00010_00012.png
client_0,7968,40,41,5,5,35,36,4,Train/4/00004_00050_00018.png
client_0,11790,29,29,6,6,24,24,7,Train/7/00007_00036_00000.png
client_0,20023,42,42,5,5,37,37,12,Train/12/00012_00055_00013.png
client_0,29803,47,45,6,5,42,40,25,Train/25/00025_00044_00013.png
client_0,21872,61,53,5,5,56,48,13,Train/13/00013_00047_00002.png
client_0,15812,27,28,5,6,22,23,10,Train/10/00010_00026_00002.png
client_0,23397,69,71,6,7,62,65,14,Train/14/00014_00025_00027.png
client_0,8756,55,57,5,6,50,51,5,Train/5/00005_00010_00026.png
client_0,16983,29,27,6,5,23,22,10,Train/10/00010_00065_00003.png
client_0,27497,44,41,5,6,39,36,22,Train/22/00022_00006_00017.png
client_0,37127,53,53,6,5,48,48,38,Train/38/00038_00037_00018.png
client_0,12913,34,35,6,6,29,29,8,Train/8/00008_00025_00013.png
client_0,3996,26,27,5,6,21,22,2,Train/2/00002_00040_00006.png
client_0,1685,27,27,5,5,22,22,1,Train/1/00001_00037_00005.png
client_0,28782,50,47,6,5,45,42,25,Train/25/00025_00010_00012.png
client_0,3574,33,33,6,5,28,28,2,Train/2/00002_00026_00004.png
client_0,24023,56,59,5,6,50,53,15,Train/15/00015_00020_00023.png
client_0,651,58,58,6,6,53,53,1,Train/1/00001_00002_00021.png
client_0,35178,44,44,6,6,39,39,35,Train/35/00035_00032_00019.png
client_0,12926,47,47,5,5,42,42,8,Train/8/00008_00025_00026.png
client_0,24648,44,46,5,6,38,41,17,Train/17/00017_00006_00018.png
client_0,31282,59,54,5,6,54,49,28,Train/28/00028_00015_00022.png
client_0,37748,45,45,6,6,40,40,38,Train/38/00038_00058_00009.png
client_0,11417,38,37,6,5,33,32,7,Train/7/00007_00023_00017.png
client_0,18944,42,41,5,5,37,36,12,Train/12/00012_00019_00014.png
client_0,34843,36,38,5,6,31,33,35,Train/35/00035_00021_00014.png
client_0,20881,45,40,6,5,39,35,13,Train/13/00013_00014_00001.png
client_0,16280,44,43,5,5,39,38,10,Train/10/00010_00041_00020.png
client_0,10251,35,41,5,6,30,35,5,Train/5/00005_00060_00021.png
client_0,35293,36,37,5,6,31,32,35,Train/35/00035_00036_00014.png
client_0,11032,47,46,5,5,42,41,7,Train/7/00007_00010_00022.png
client_0,26695,71,71,7,7,65,65,18,Train/18/00018_00037_00025.png
client_0,25439,46,49,5,6,41,44,17,Train/17/00017_00032_00029.png
client_0,30074,48,45,6,5,43,40,26,Train/26/00026_00003_00014.png
client_0,6789,32,33,6,6,27,28,4,Train/4/00004_00011_00009.png
client_0,14719,43,45,5,5,38,40,9,Train/9/00009_00038_00019.png
client_0,17338,100,88,8,8,92,81,11,Train/11/00011_00009_00028.png
client_0,19583,74,75,6,7,68,69,12,Train/12/00012_00040_00023.png
client_0,34259,29,30,5,6,24,25,35,Train/35/00035_00002_00000.png
client_0,23134,29,30,5,6,23,24,14,Train/14/00014_00017_00004.png
client_0,930,28,30,5,6,23,25,1,Train/1/00001_00012_00000.png
client_0,14984,39,40,6,6,34,35,9,Train/9/00009_00047_00014.png
client_0,21919,82,75,8,7,75,69,13,Train/13/00013_00048_00019.png
client_0,26599,53,48,5,5,47,43,18,Train/18/00018_00034_00019.png
client_0,26010,40,39,6,5,35,34,18,Train/18/00018_00015_00000.png
client_0,13776,31,31,6,6,26,26,9,Train/9/00009_00007_00006.png
client_0,19955,44,40,5,6,39,35,12,Train/12/00012_00053_00005.png
client_0,1772,34,38,5,6,29,33,1,Train/1/00001_00040_00002.png
client_0,30564,59,55,5,6,54,49,26,Train/26/00026_00019_00024.png
client_0,19228,101,101,9,9,93,93,12,Train/12/00012_00028_00028.png
client_0,19969,63,52,5,5,58,47,12,Train/12/00012_00053_00019.png
client_0,6810,29,29,5,5,24,24,4,Train/4/00004_00012_00000.png
client_0,29717,62,59,6,5,57,53,25,Train/25/00025_00041_00017.png
client_0,23319,44,44,6,5,39,39,14,Train/14/00014_00023_00009.png
client_0,38667,98,96,8,9,89,88,40,Train/40/00040_00009_00028.png
client_0,15509,118,121,11,11,108,111,10,Train/10/00010_00015_00029.png
client_0,28863,29,28,6,5,24,23,25,Train/25/00025_00013_00003.png
client_0,2498,31,31,6,6,26,26,1,Train/1/00001_00064_00008.png
client_0,9715,68,71,7,7,62,65,5,Train/5/00005_00042_00025.png
client_0,38062,60,63,6,6,55,58,38,Train/38/00038_00068_00023.png
client_0,31208,48,47,6,5,43,42,28,Train/28/00028_00013_00008.png
client_0,2310,28,28,5,5,23,23,1,Train/1/00001_00058_00000.png
client_0,2123,61,63,5,6,55,58,1,Train/1/00001_00051_00023.png
client_0,26159,142,143,12,13,130,131,18,Train/18/00018_00019_00029.png
client_0,36495,51,60,6,6,46,55,38,Train/38/00038_00016_00016.png
client_0,900,27,28,5,5,22,23,1,Train/1/00001_00011_00000.png
client_0,17887,28,43,6,5,23,38,11,Train/11/00011_00028_00007.png
client_0,12404,39,39,5,5,34,34,8,Train/8/00008_00008_00014.png
client_0,12999,33,30,6,6,28,25,8,Train/8/00008_00028_00009.png
client_0,28041,95,84,8,7,87,77,23,Train/23/00023_00011_00021.png
client_0,26812,70,61,7,6,64,55,19,Train/19/00019_00001_00022.png
client_0,36120,29,28,6,5,24,23,38,Train/38/00038_00004_00001.png
client_0,11879,72,74,6,6,66,68,7,Train/7/00007_00038_00029.png
client_0,36341,49,49,6,5,44,44,38,Train/38/00038_00011_00012.png
client_0,909,35,36,5,5,30,31,1,Train/1/00001_00011_00009.png
client_0,31852,80,73,7,6,73,67,30,Train/30/00030_00007_00022.png
client_0,18408,44,45,5,6,39,40,12,Train/12/00012_00001_00018.png
client_0,19355,37,41,5,6,32,36,12,Train/12/00012_00033_00005.png
client_0,30129,42,38,6,5,37,33,26,Train/26/00026_00005_00009.png
client_0,17775,45,42,6,6,40,37,11,Train/11/00011_00024_00015.png
client_0,23108,57,58,5,6,52,53,14,Train/14/00014_00016_00008.png
client_0,14096,80,83,8,8,73,76,9,Train/9/00009_00017_00026.png
client_0,31566,37,39,5,6,32,33,29,Train/29/00029_00007_00006.png
client_0,27375,50,47,6,5,45,42,22,Train/22/00022_00002_00015.png
client_0,11581,28,28,6,6,23,23,7,Train/7/00007_00029_00001.png
client_0,34264,33,34,6,6,28,28,35,Train/35/00035_00002_00005.png
client_0,35607,97,99,9,9,89,91,36,Train/36/00036_00006_00028.png
client_0,10854,62,63,5,6,57,58,7,Train/7/00007_00004_00024.png
client_0,10665,33,34,6,5,28,29,6,Train/6/00006_00012_00015.png
client_0,15246,34,34,6,5,29,29,10,Train/10/00010_00007_00006.png
client_0,20972,42,40,5,6,37,35,13,Train/13/00013_00017_00002.png
client_0,22190,117,104,11,9,106,95,13,Train/13/00013_00057_00020.png
client_0,11547,60,61,5,5,55,56,7,Train/7/00007_00027_00027.png
client_0,9063,30,30,5,5,25,25,5,Train/5/00005_00021_00003.png
client_0,21186,39,38,5,6,34,33,13,Train/13/00013_00024_00006.png
client_0,21125,47,46,6,5,42,41,13,Train/13/00013_00022_00005.png
client_0,3863,57,57,6,6,52,52,2,Train/2/00002_00035_00023.png
client_0,11079,31,30,6,5,26,25,7,Train/7/00007_00012_00009.png
client_0,28864,30,29,6,5,25,24,25,Train/25/00025_00013_00004.png
client_0,35321,41,46,5,5,36,41,35,Train/35/00035_00037_00012.png
client_0,17763,31,31,5,5,26,26,11,Train/11/00011_00024_00003.png
client_0,18928,116,120,11,10,106,110,12,Train/12/00012_00018_00028.png
client_0,3763,37,34,6,5,32,29,2,Train/2/00002_00032_00013.png
client_0,28142,40,36,5,5,35,31,23,Train/23/00023_00015_00002.png
client_0,14503,33,33,6,6,27,27,9,Train/9/00009_00031_00013.png
client_0,27397,44,40,6,6,39,35,22,Train/22/00022_00003_00007.png
client_0,34545,38,38,5,5,33,33,35,Train/35/00035_00011_00016.png
client_0,26242,98,98,9,9,90,89,18,Train/18/00018_00022_00022.png
client_0,24607,32,32,6,6,27,27,17,Train/17/00017_00005_00007.png
client_0,7506,32,32,5,5,27,27,4,Train/4/00004_00035_00006.png
client_0,25108,72,62,6,5,66,57,17,Train/17/00017_00021_00028.png
client_0,32759,101,101,9,9,93,93,31,Train/31/00031_00022_00029.png
client_0,26701,39,40,5,6,34,35,18,Train/18/00018_00038_00001.png
client_0,19554,86,85,8,7,79,78,12,Train/12/00012_00039_00024.png
client_0,15284,39,39,6,6,34,34,10,Train/10/00010_00008_00014.png
client_0,13785,38,40,5,6,33,35,9,Train/9/00009_00007_00015.png
client_0,6484,42,42,6,6,37,37,4,Train/4/00004_00001_00004.png
client_0,1034,39,39,5,5,33,33,1,Train/1/00001_00015_00014.png
client_0,13758,39,39,5,5,34,34,9,Train/9/00009_00006_00018.png
client_0,32286,36,32,6,5,31,27,31,Train/31/00031_00007_00006.png
client_0,29327,75,71,7,7,69,65,25,Train/25/00025_00028_00017.png
client_0,23481,55,68,6,7,50,62,15,Train/15/00015_00002_00021.png
client_0,28678,50,49,6,6,45,44,25,Train/25/00025_00006_00028.png
client_0,8885,34,34,6,6,29,29,5,Train/5/00005_00015_00005.png
client_0,34507,45,46,5,5,40,41,35,Train/35/00035_00010_00008.png
client_0,12980,36,34,6,5,31,29,8,Train/8/00008_00027_00020.png
client_0,22990,45,45,5,5,40,40,14,Train/14/00014_00012_00010.png
client_0,225,31,32,5,6,25,27,20,Train/20/00020_00007_00015.png
client_0,994,32,31,6,5,27,26,1,Train/1/00001_00014_00004.png
client_0,40,40,37,5,6,35,32,20,Train/20/00020_00001_00010.png
client_0,6987,47,50,5,5,42,45,4,Train/4/00004_00017_00027.png
client_0,24974,44,45,5,5,39,40,17,Train/17/00017_00017_00014.png
client_0,10997,36,37,6,6,31,32,7,Train/7/00007_00009_00017.png
client_0,19939,121,123,10,11,111,113,12,Train/12/00012_00052_00019.png
client_0,38894,33,36,5,5,28,30,41,Train/41/00041_00005_00015.png
client_0,13901,40,40,5,5,34,35,9,Train/9/00009_00011_00011.png
client_0,18532,83,81,7,8,75,73,12,Train/12/00012_00005_00022.png
client_0,11898,42,43,5,6,37,38,7,Train/7/00007_00039_00018.png
client_0,17462,32,32,5,5,27,27,11,Train/11/00011_00014_00002.png
client_0,12959,57,58,6,5,51,52,8,Train/8/00008_00026_00029.png
client_0,27148,125,112,11,9,114,103,21,Train/21/00021_00005_00028.png
client_0,33125,27,28,5,6,22,23,33,Train/33/00033_00001_00005.png
client_0,8360,40,41,5,6,35,36,4,Train/4/00004_00063_00020.png
client_0,34398,50,50,5,5,45,45,35,Train/35/00035_00006_00019.png
client_0,2246,84,97,8,9,77,89,1,Train/1/00001_00055_00026.png
client_0,24649,47,47,6,6,41,42,17,Train/17/00017_00006_00019.png
client_0,22410,37,32,6,5,32,27,13,Train/13/00013_00065_00000.png
client_0,28195,69,68,6,7,63,62,23,Train/23/00023_00016_00025.png
client_0,6843,27,27,5,5,22,22,4,Train/4/00004_00013_00003.png
client_0,32176,52,47,6,5,47,42,31,Train/31/00031_00003_00016.png
client_0,3736,38,40,6,6,33,35,2,Train/2/00002_00031_00016.png
client_0,5115,39,40,5,5,33,34,3,Train/3/00003_00002_00015.png
client_0,35035,44,45,5,5,38,39,35,Train/35/00035_00027_00026.png
client_0,13634,51,50,6,5,46,45,9,Train/9/00009_00002_00014.png
client_0,16920,26,26,5,5,20,21,10,Train/10/00010_00063_00000.png
client_0,30294,55,49,6,6,50,44,26,Train/26/00026_00010_00024.png
client_0,26378,37,34,6,5,32,29,18,Train/18/00018_00027_00008.png
client_0,10703,47,49,5,5,42,44,6,Train/6/00006_00013_00023.png
client_0,35913,28,27,6,6,22,22,37,Train/37/00037_00004_00004.png
client_0,27052,54,49,5,6,49,44,21,Train/21/00021_00002_00022.png
client_0,39029,28,29,5,6,23,24,42,Train/42/00042_00002_00000.png
client_0,38028,50,51,6,5,45,46,38,Train/38/00038_00067_00019.png
client_0,20714,49,60,5,5,44,55,13,Train/13/00013_00008_00014.png
client_0,27972,47,44,6,6,42,39,23,Train/23/00023_00009_00012.png
client_0,10525,37,40,5,5,32,35,6,Train/6/00006_00007_00025.png
client_0,29785,91,83,8,7,83,76,25,Train/25/00025_00043_00025.png
client_0,4869,31,32,6,6,26,27,2,Train/2/00002_00069_00009.png
client_0,809,112,110,10,10,103,101,1,Train/1/00001_00007_00029.png
client_0,15942,32,32,5,5,27,27,10,Train/10/00010_00030_00012.png
client_0,24437,60,60,5,6,54,55,16,Train/16/00016_00013_00017.png
client_0,21450,33,30,5,5,28,25,13,Train/13/00013_00033_00000.png
client_0,14771,43,45,6,6,38,40,9,Train/9/00009_00040_00011.png
client_0,30101,46,41,6,6,41,36,26,Train/26/00026_00004_00011.png
client_0,38107,30,30,5,5,24,25,39,Train/39/00039_00001_00008.png
client_0,31998,49,49,6,6,44,44,30,Train/30/00030_00012_00018.png
client_0,18261,64,59,5,5,59,54,11,Train/11/00011_00040_00021.png
client_0,10536,28,29,6,5,23,24,6,Train/6/00006_00008_00006.png
client_0,14898,48,45,6,5,42,39,9,Train/9/00009_00044_00018.png
client_0,11483,52,51,6,6,47,46,7,Train/7/00007_00025_00023.png
client_0,7076,41,40,5,5,36,35,4,Train/4/00004_00020_00026.png
client_0,8866,43,40,6,5,38,35,5,Train/5/00005_00014_00016.png
client_0,16319,68,70,7,6,62,64,10,Train/10/00010_00042_00029.png
client_0,25339,37,40,6,6,32,35,17,Train/17/00017_00029_00019.png
client_0,18299,122,110,11,10,112,101,11,Train/11/00011_00041_00029.png
client_0,30126,40,37,5,5,35,32,26,Train/26/00026_00005_00006.png
client_0,1674,61,59,6,5,56,54,1,Train/1/00001_00036_00024.png
client_0,11183,56,60,5,5,51,55,7,Train/7/00007_00015_00023.png
client_0,5709,32,34,6,6,27,29,3,Train/3/00003_00022_00009.png
client_0,37825,60,67,6,6,55,61,38,Train/38/00038_00060_00026.png
client_0,35598,48,48,6,6,43,43,36,Train/36/00036_00006_00019.png
client_0,36816,29,28,6,5,24,23,38,Train/38/00038_00027_00007.png
client_0,16395,47,48,6,5,42,43,10,Train/10/00010_00045_00015.png
client_0,26570,88,82,8,8,81,75,18,Train/18/00018_00033_00020.png
client_0,22489,48,46,5,6,43,41,13,Train/13/00013_00067_00019.png
client_0,22177,82,75,7,7,75,68,13,Train/13/00013_00057_00007.png
client_0,16393,44,45,5,6,39,40,10,Train/10/00010_00045_00013.png
client_0,29121,64,61,5,6,59,56,25,Train/25/00025_00021_00021.png
client_0,457,31,33,6,6,26,28,0,Train/0/00000_00003_00007.png
client_0,9200,39,39,6,6,34,34,5,Train/5/00005_00025_00020.png
client_0,20902,98,87,8,7,90,79,13,Train/13/00013_00014_00022.png
client_0,26437,39,37,6,5,34,32,18,Train/18/00018_00029_00007.png
client_0,18574,34,34,6,5,29,29,12,Train/12/00012_00007_00004.png
client_0,4814,41,41,5,6,36,36,2,Train/2/00002_00067_00014.png
client_0,19463,82,82,8,8,75,75,12,Train/12/00012_00036_00023.png
client_0,33753,27,28,5,6,22,23,33,Train/33/00033_00022_00004.png
client_0,37997,44,45,6,5,39,40,38,Train/38/00038_00066_00018.png
client_0,22080,63,58,5,6,58,53,13,Train/13/00013_00054_00000.png
client_0,5418,43,43,5,5,38,38,3,Train/3/00003_00012_00018.png
client_0,35323,42,48,5,5,37,43,35,Train/35/00035_00037_00014.png
client_0,34284,47,50,5,6,42,44,35,Train/35/00035_00002_00025.png
client_0,15637,31,30,6,6,26,24,10,Train/10/00010_00020_00007.png
client_0,28032,64,58,5,6,58,53,23,Train/23/00023_00011_00012.png
client_0,17209,74,67,7,6,68,61,11,Train/11/00011_00005_00019.png
client_0,22286,104,92,9,9,94,84,13,Train/13/00013_00060_00026.png
client_0,21535,125,128,11,12,115,117,13,Train/13/00013_00035_00025.png
client_0,6370,31,32,5,5,26,27,3,Train/3/00003_00044_00010.png
client_0,17981,54,49,6,5,49,44,11,Train/11/00011_00031_00011.png
client_0,2034,69,68,7,6,63,62,1,Train/1/00001_00048_00024.png
client_0,33646,36,50,5,5,31,44,33,Train/33/00033_00018_00016.png
client_0,9509,140,153,13,13,128,140,5,Train/5/00005_00035_00029.png
client_0,17456,104,94,10,9,95,86,11,Train/11/00011_00013_00026.png
client_0,36801,32,35,5,5,27,30,38,Train/38/00038_00026_00022.png
client_0,1916,76,76,6,6,70,70,1,Train/1/00001_00044_00026.png
client_0,34305,33,32,6,5,28,27,35,Train/35/00035_00003_00016.png
client_0,24029,94,99,8,9,85,91,15,Train/15/00015_00020_00029.png
client_0,17771,40,36,5,5,35,31,11,Train/11/00011_00024_00011.png
client_0,9447,53,56,6,5,48,51,5,Train/5/00005_00033_00027.png
client_0,15579,35,34,6,5,30,29,10,Train/10/00010_00018_00009.png
client_0,25433,37,42,6,6,32,37,17,Train/17/00017_00032_00023.png
client_0,33835,46,46,6,6,41,41,34,Train/34/00034_00001_00026.png
client_0,38370,34,34,6,5,29,29,40,Train/40/00040_00000_00001.png
client_0,2431,32,32,5,5,27,27,1,Train/1/00001_00062_00001.png
client_0,27703,38,35,6,5,33,30,23,Train/23/00023_00000_00013.png
client_0,31739,168,148,15,13,154,136,30,Train/30/00030_00003_00029.png
client_0,10274,35,34,6,6,29,29,5,Train/5/00005_00061_00014.png
client_0,23976,27,28,5,6,22,23,15,Train/15/00015_00019_00006.png
client_0,37562,41,54,5,6,35,49,38,Train/38/00038_00052_00003.png
client_0,26795,34,33,5,6,29,28,19,Train/19/00019_00001_00005.png
client_0,35216,90,88,8,8,82,81,35,Train/35/00035_00033_00027.png
client_0,24184,29,28,6,5,24,23,16,Train/16/00016_00005_00004.png
client_0,7953,28,30,6,6,23,24,4,Train/4/00004_00050_00003.png
client_0,2714,49,49,6,6,44,44,1,Train/1/00001_00071_00014.png
client_0,7708,68,68,7,6,62,62,4,Train/4/00004_00041_00028.png
client_0,29095,59,52,6,5,54,47,25,Train/25/00025_00020_00025.png
client_0,24656,62,69,5,6,56,62,17,Train/17/00017_00006_00026.png
client_0,29482,64,59,5,5,59,53,25,Train/25/00025_00033_00022.png
client_0,14175,30,30,6,5,25,25,9,Train/9/00009_00020_00015.png
client_0,8975,29,30,5,6,24,25,5,Train/5/00005_00018_00005.png
client_0,12671,36,37,5,5,31,32,8,Train/8/00008_00017_00011.png
client_0,15016,36,36,5,5,31,31,9,Train/9/00009_00048_00016.png
client_0,25541,27,33,5,5,22,28,17,Train/17/00017_00036_00011.png
client_0,8366,64,63,6,5,59,58,4,Train/4/00004_00063_00026.png
client_0,24307,30,32,5,5,25,27,16,Train/16/00016_00009_00007.png
client_0,22914,76,76,7,7,70,70,14,Train/14/00014_00009_00024.png
client_0,32674,32,32,5,5,27,27,31,Train/31/00031_00020_00004.png
client_0,28848,76,73,7,7,70,67,25,Train/25/00025_00012_00018.png
client_0,17654,48,46,5,6,43,41,11,Train/11/00011_00020_00014.png
client_0,31921,36,35,6,6,31,30,30,Train/30/00030_00010_00001.png
client_0,13673,48,49,5,6,43,44,9,Train/9/00009_00003_00023.png
client_0,21815,76,76,7,7,70,70,13,Train/13/00013_00045_00005.png
client_0,19477,47,48,5,6,42,43,12,Train/12/00012_00037_00007.png
client_0,3432,34,35,5,6,29,30,2,Train/2/00002_00021_00012.png
client_0,38686,51,52,6,5,45,46,40,Train/40/00040_00010_00017.png
client_0,29828,36,35,5,6,31,30,25,Train/25/00025_00045_00008.png
client_0,6200,50,51,6,6,45,46,3,Train/3/00003_00038_00020.png
client_0,14597,42,42,5,6,36,36,9,Train/9/00009_00034_00017.png
client_0,16910,43,44,6,6,38,39,10,Train/10/00010_00062_00020.png
client_0,10961,36,38,5,6,31,33,7,Train/7/00007_00008_00011.png
client_0,29318,51,48,6,5,46,43,25,Train/25/00025_00028_00008.png
client_0,22479,38,35,6,6,33,30,13,Train/13/00013_00067_00009.png
client_0,11603,50,52,6,6,45,47,7,Train/7/00007_00029_00023.png
client_0,37384,31,29,6,5,26,24,38,Train/38/00038_00046_00005.png
client_0,25901,38,35,5,5,33,30,18,Train/18/00018_00011_00011.png
client_0,10622,28,29,6,5,23,24,6,Train/6/00006_00011_00002.png
client_0,12004,30,30,6,6,25,25,7,Train/7/00007_00043_00004.png
client_0,24072,50,54,5,6,45,49,16,Train/16/00016_00001_00012.png
client_0,32172,48,44,6,6,43,39,31,Train/31/00031_00003_00012.png
client_0,28073,49,48,6,6,43,43,23,Train/23/00023_00012_00023.png
client_0,106,53,51,6,6,48,45,20,Train/20/00020_00003_00016.png
client_0,20181,58,58,5,5,53,53,12,Train/12/00012_00060_00021.png
client_0,28365,34,32,5,5,29,27,24,Train/24/00024_00005_00015.png
client_0,38374,38,36,5,6,33,31,40,Train/40/00040_00000_00005.png
client_0,18317,51,52,5,6,46,47,11,Train/11/00011_00042_00017.png
client_0,28591,38,34,6,5,32,29,25,Train/25/00025_00004_00001.png
client_0,10874,47,47,6,6,42,42,7,Train/7/00007_00005_00014.png
client_0,3274,30,30,6,6,25,25,2,Train/2/00002_00016_00004.png
client_0,21256,46,59,6,5,41,54,13,Train/13/00013_00026_00016.png
client_0,15285,40,41,5,6,35,36,10,Train/10/00010_00008_00015.png
client_0,20157,84,82,8,7,77,75,12,Train/12/00012_00059_00027.png
client_0,27384,83,82,8,7,76,75,22,Train/22/00022_00002_00024.png
client_0,11385,46,48,5,6,41,43,7,Train/7/00007_00022_00015.png
client_0,12560,58,59,5,6,53,54,8,Train/8/00008_00013_00020.png
client_0,35873,103,99,9,8,94,91,37,Train/37/00037_00002_00024.png
client_0,29670,32,29,5,5,27,24,25,Train/25/00025_00040_00000.png
client_0,11625,33,33,5,6,27,28,7,Train/7/00007_00030_00015.png
client_0,26145,57,56,6,5,52,51,18,Train/18/00018_00019_00015.png
client_0,14776,47,46,6,5,41,41,9,Train/9/00009_00040_00016.png
client_0,29490,47,45,6,5,42,40,25,Train/25/00025_00034_00000.png
client_0,19235,44,41,6,6,38,36,12,Train/12/00012_00029_00005.png
client_0,18686,101,84,9,8,93,77,12,Train/12/00012_00010_00026.png
client_0,32533,52,47,6,5,47,42,31,Train/31/00031_00015_00013.png
client_0,31805,31,31,6,6,26,26,30,Train/30/00030_00006_00005.png
client_0,32193,34,32,5,6,29,27,31,Train/31/00031_00004_00003.png
client_0,21206,121,104,11,10,110,95,13,Train/13/00013_00024_00026.png
client_0,1566,34,33,6,5,28,28,1,Train/1/00001_00033_00006.png
client_0,15526,40,39,6,5,35,34,10,Train/10/00010_00016_00016.png
client_0,22157,56,53,5,5,51,47,13,Train/13/00013_00056_00017.png
client_0,22622,49,46,5,6,44,41,14,Train/14/00014_00000_00002.png
client_0,35791,39,38,6,5,34,33,37,Train/37/00037_00000_00002.png
client_0,31471,39,38,6,5,34,33,29,Train/29/00029_00004_00001.png
client_0,19567,42,42,5,5,37,37,12,Train/12/00012_00040_00007.png
client_0,20165,42,42,5,5,37,37,12,Train/12/00012_00060_00005.png
client_0,18036,39,37,6,5,34,31,11,Train/11/00011_00033_00006.png
client_0,17457,109,97,9,9,100,89,11,Train/11/00011_00013_00027.png
client_0,8733,31,33,5,6,26,28,5,Train/5/00005_00010_00003.png
client_0,11791,28,28,5,5,23,23,7,Train/7/00007_00036_00001.png
client_0,3317,44,44,5,6,38,39,2,Train/2/00002_00017_00017.png
client_0,18739,58,57,6,5,53,52,12,Train/12/00012_00012_00019.png
client_0,36079,61,59,5,5,56,54,38,Train/38/00038_00002_00020.png
client_0,32589,64,60,6,6,59,55,31,Train/31/00031_00017_00009.png
client_0,18464,45,42,5,5,40,37,12,Train/12/00012_00003_00014.png
client_0,1239,38,39,6,5,33,33,1,Train/1/00001_00022_00009.png
client_0,36485,42,50,5,5,37,45,38,Train/38/00038_00016_00006.png
client_0,12161,40,41,6,5,35,36,8,Train/8/00008_00000_00011.png
client_0,36892,54,54,5,5,49,49,38,Train/38/00038_00029_00023.png
client_0,37427,30,31,5,6,25,26,38,Train/38/00038_00047_00018.png
client_0,30209,61,58,6,6,56,53,26,Train/26/00026_00007_00029.png
client_0,3427,32,32,6,6,27,27,2,Train/2/00002_00021_00007.png
client_0,2281,29,29,6,6,24,24,1,Train/1/00001_00057_00001.png
client_0,19211,33,33,5,5,28,28,12,Train/12/00012_00028_00011.png
client_0,14352,62,60,6,6,57,55,9,Train/9/00009_00026_00012.png
client_0,20160,41,41,6,6,36,36,12,Train/12/00012_00060_00000.png
client_0,380,57,54,6,5,51,49,0,Train/0/00000_00000_00020.png
client_0,24497,37,36,6,5,32,31,17,Train/17/00017_00001_00017.png
client_0,36573,31,30,6,5,26,25,38,Train/38/00038_00019_00004.png
client_0,2944,31,32,6,6,26,26,2,Train/2/00002_00005_00004.png
client_0,36476,71,84,7,8,65,77,38,Train/38/00038_00015_00027.png
client_0,13802,28,28,6,6,23,23,9,Train/9/00009_00008_00002.png
client_0,9982,53,52,6,5,48,47,5,Train/5/00005_00051_00022.png
client_0,1497,93,108,9,10,85,99,1,Train/1/00001_00030_00027.png
client_0,24919,41,43,6,6,36,38,17,Train/17/00017_00015_00019.png
client_0,30742,53,51,5,6,48,46,27,Train/27/00027_00005_00022.png
client_0,19118,33,40,5,5,28,35,12,Train/12/00012_00025_00008.png
client_0,30026,88,86,8,7,81,79,26,Train/26/00026_00001_00026.png
client_0,12604,33,30,6,5,28,25,8,Train/8/00008_00015_00004.png
client_0,17104,73,69,6,7,67,63,11,Train/11/00011_00002_00004.png
client_0,8260,34,33,6,5,29,28,4,Train/4/00004_00060_00010.png
client_0,32007,83,75,8,6,76,69,30,Train/30/00030_00012_00027.png
client_0,13257,96,96,9,9,88,88,8,Train/8/00008_00036_00027.png
client_0,20270,45,47,5,5,40,42,12,Train/12/00012_00063_00020.png
client_0,14781,49,52,5,6,44,47,9,Train/9/00009_00040_00021.png
client_0,4659,38,39,5,5,33,34,2,Train/2/00002_00062_00009.png
client_0,11618,30,30,6,6,25,25,7,Train/7/00007_00030_00008.png
client_0,33814,31,30,5,5,26,25,34,Train/34/00034_00001_00005.png
client_0,3637,34,37,5,6,29,32,2,Train/2/00002_00028_00007.png
client_0,17229,33,30,6,5,28,25,11,Train/11/00011_00006_00009.png
client_0,6898,69,73,6,6,63,67,4,Train/4/00004_00014_00028.png
client_0,18180,46,40,5,5,41,35,11,Train/11/00011_00038_00000.png
client_0,6386,79,76,7,7,72,70,3,Train/3/00003_00044_00026.png
client_0,4653,34,36,5,6,29,30,2,Train/2/00002_00062_00003.png
client_0,27769,62,58,5,5,57,52,23,Train/23/00023_00002_00019.png
client_0,38670,31,32,6,5,26,27,40,Train/40/00040_00010_00001.png
client_0,8787,86,93,7,8,79,85,5,Train/5/00005_00011_00027.png
client_0,28896,41,38,6,6,36,33,25,Train/25/00025_00014_00006.png
client_0,29221,35,33,5,5,30,28,25,Train/25/00025_00025_00001.png
client_0,31469,110,104,9,10,101,95,29,Train/29/00029_00003_00029.png
client_0,38571,76,74,7,6,70,68,40,Train/40/00040_00006_00022.png
client_0,16554,50,49,5,5,45,44,10,Train/10/00010_00050_00024.png
client_0,18037,41,38,6,5,35,32,11,Train/11/00011_00033_00007.png
client_0,34356,29,29,5,5,24,24,35,Train/35/00035_00005_00007.png
client_0,14110,33,33,5,5,28,27,9,Train/9/00009_00018_00010.png
client_0,23917,35,38,6,6,30,32,15,Train/15/00015_00017_00007.png
client_0,29130,40,36,6,5,35,31,25,Train/25/00025_00022_00000.png
client_0,1765,82,85,7,7,75,78,1,Train/1/00001_00039_00025.png
client_0,19826,86,87,7,7,79,80,12,Train/12/00012_00048_00026.png
client_0,10582,42,43,6,6,37,38,6,Train/6/00006_00009_00022.png
client_0,15481,29,28,6,5,23,22,10,Train/10/00010_00015_00001.png
client_0,17109,87,80,8,7,80,73,11,Train/11/00011_00002_00009.png
client_0,2764,48,47,6,5,43,42,1,Train/1/00001_00073_00004.png
client_0,38429,33,32,6,5,28,27,40,Train/40/00040_00002_00000.png
client_0,17426,138,128,12,12,126,117,11,Train/11/00011_00012_00026.png
client_0,21185,40,38,5,6,34,33,13,Train/13/00013_00024_00005.png
client_0,37896,28,28,5,5,23,23,38,Train/38/00038_00063_00007.png
client_0,1210,32,33,6,6,26,28,1,Train/1/00001_00021_00010.png
client_0,21300,47,46,5,6,42,41,13,Train/13/00013_00028_00000.png
client_0,30666,43,44,6,6,37,39,27,Train/27/00027_00003_00006.png
client_0,10889,147,146,13,12,135,134,7,Train/7/00007_00005_00029.png
client_0,633,46,47,6,5,41,42,1,Train/1/00001_00002_00003.png
client_0,7690,34,34,5,5,29,29,4,Train/4/00004_00041_00010.png
client_0,38132,49,53,6,5,43,47,39,Train/39/00039_00002_00003.png
client_0,517,33,30,6,5,28,25,0,Train/0/00000_00005_00007.png
client_0,9274,34,31,6,5,29,26,5,Train/5/00005_00028_00004.png
client_0,16202,29,30,5,6,24,25,10,Train/10/00010_00039_00002.png
client_0,15665,36,36,5,6,31,31,10,Train/10/00010_00021_00005.png
client_0,14314,30,31,5,6,25,26,9,Train/9/00009_00025_00004.png
client_0,12365,34,33,6,6,28,28,8,Train/8/00008_00007_00005.png
client_0,1736,49,51,6,6,44,46,1,Train/1/00001_00038_00026.png
client_0,28629,38,37,6,6,33,32,25,Train/25/00025_00005_00009.png
client_0,16711,30,30,5,5,25,25,10,Train/10/00010_00056_00001.png
client_0,22025,31,29,5,5,26,24,13,Train/13/00013_00052_00005.png
client_0,12619,43,41,5,5,38,36,8,Train/8/00008_00015_00019.png
client_0,16421,31,33,5,6,26,28,10,Train/10/00010_00046_00011.png
client_0,34718,40,41,6,5,35,36,35,Train/35/00035_00017_00009.png
client_0,25104,56,52,6,6,51,47,17,Train/17/00017_00021_00024.png
client_0,369,36,36,6,5,30,30,0,Train/0/00000_00000_00009.png
client_0,23610,26,28,5,6,21,23,15,Train/15/00015_00007_00000.png
client_0,25821,82,73,7,7,75,67,18,Train/18/00018_00008_00021.png
client_0,25482,32,35,5,6,27,30,17,Train/17/00017_00034_00012.png
client_0,11453,48,46,6,5,43,41,7,Train/7/00007_00024_00023.png
client_0,28178,46,45,5,6,41,40,23,Train/23/00023_00016_00008.png
client_0,33326,124,127,10,11,114,116,33,Train/33/00033_00007_00026.png
client_0,23678,42,43,5,6,37,38,15,Train/15/00015_00009_00008.png
client_0,9102,38,38,5,5,33,33,5,Train/5/00005_00022_00012.png
client_0,25114,36,37,6,6,31,32,17,Train/17/00017_00022_00004.png
client_0,8046,39,39,5,5,34,34,4,Train/4/00004_00053_00006.png
client_0,39136,35,34,5,5,29,28,42,Train/42/00042_00005_00017.png
client_0,28858,122,112,11,9,112,103,25,Train/25/00025_00012_00028.png
client_0,14176,30,30,6,5,25,25,9,Train/9/00009_00020_00016.png
client_0,18949,51,51,6,6,46,46,12,Train/12/00012_00019_00019.png
client_0,37378,46,48,5,6,41,43,38,Train/38/00038_00045_00029.png
client_0,29010,27,26,6,5,21,21,25,Train/25/00025_00018_00000.png
client_0,10939,55,56,5,6,50,51,7,Train/7/00007_00007_00019.png
client_0,1651,31,31,5,5,26,26,1,Train/1/00001_00036_00001.png
client_0,7963,35,35,5,5,29,29,4,Train/4/00004_00050_00013.png
client_0,34974,74,73,7,6,68,67,35,Train/35/00035_00025_00025.png
client_0,18404,42,42,5,5,37,37,12,Train/12/00012_00001_00014.png
client_0,11043,35,35,5,5,30,30,7,Train/7/00007_00011_00003.png
client_0,15197,38,38,5,5,33,33,10,Train/10/00010_00005_00017.png
client_0,5776,34,32,5,6,29,27,3,Train/3/00003_00024_00016.png
client_0,7167,42,43,5,5,37,38,4,Train/4/00004_00023_00027.png
client_0,8627,50,50,5,5,45,45,5,Train/5/00005_00006_00017.png
client_0,14032,43,43,5,5,38,38,9,Train/9/00009_00015_00022.png
client_0,13708,73,72,7,6,67,66,9,Train/9/00009_00004_00028.png
client_0,10300,36,37,6,6,31,32,6,Train/6/00006_00000_00010.png
client_0,35834,46,45,6,5,41,40,37,Train/37/00037_00001_00015.png
client_0,3074,56,54,6,6,50,49,2,Train/2/00002_00009_00014.png
client_0,34243,34,34,6,6,29,29,35,Train/35/00035_00001_00014.png
client_0,25158,38,39,5,5,33,34,17,Train/17/00017_00023_00018.png
client_0,20208,52,53,6,5,47,48,12,Train/12/00012_00061_00018.png
client_0,36821,31,31,6,5,26,25,38,Train/38/00038_00027_00012.png
client_0,32783,61,60,5,6,56,55,31,Train/31/00031_00023_00023.png
client_0,28837,58,54,5,5,53,49,25,Train/25/00025_00012_00007.png
client_0,7202,36,32,6,5,31,27,4,Train/4/00004_00025_00002.png
client_0,37849,41,42,5,6,36,37,38,Train/38/00038_00061_00020.png
client_0,13818,38,37,6,5,33,32,9,Train/9/00009_00008_00018.png
client_0,13672,47,46,6,5,42,41,9,Train/9/00009_00003_00022.png
client_0,14290,35,38,6,6,30,33,9,Train/9/00009_00024_00010.png
client_0,24519,27,44,5,6,22,39,17,Train/17/00017_00002_00009.png
client_0,31032,68,59,6,6,62,53,28,Train/28/00028_00007_00012.png
client_0,38306,94,101,8,9,86,93,39,Train/39/00039_00007_00027.png
client_0,31720,49,43,5,5,44,38,30,Train/30/00030_00003_00010.png
client_0,27966,44,43,6,5,39,38,23,Train/23/00023_00009_00006.png
client_0,6931,29,32,5,5,24,27,4,Train/4/00004_00016_00001.png
client_0,20744,42,42,5,6,37,36,13,Train/13/00013_00009_00014.png
client_0,36163,36,37,5,5,31,32,38,Train/38/00038_00005_00014.png
client_0,3832,56,55,6,5,51,50,2,Train/2/00002_00034_00022.png
client_0,7048,121,120,11,11,111,110,4,Train/4/00004_00019_00028.png
client_0,13735,58,60,6,6,53,54,9,Train/9/00009_00005_00025.png
client_0,38606,80,87,7,8,73,80,40,Train/40/00040_00007_00027.png
client_0,22754,52,53,5,6,47,48,14,Train/14/00014_00004_00014.png
client_0,33910,59,59,5,5,54,54,34,Train/34/00034_00004_00011.png
client_0,7472,30,29,6,5,25,24,4,Train/4/00004_00034_00002.png
client_0,17908,32,47,6,6,26,42,11,Train/11/00011_00028_00028.png
client_0,22767,147,147,13,13,135,135,14,Train/14/00014_00004_00027.png
client_0,27849,37,36,5,5,32,31,23,Train/23/00023_00005_00009.png
client_0,9819,33,35,5,5,28,30,5,Train/5/00005_00046_00009.png
client_0,13718,31,31,5,5,26,26,9,Train/9/00009_00005_00008.png
client_0,36663,31,31,6,6,26,26,38,Train/38/00038_00022_00004.png
client_0,26684,53,53,6,6,48,48,18,Train/18/00018_00037_00014.png
client_0,27726,74,72,6,7,67,65,23,Train/23/00023_00001_00006.png
client_0,3464,35,38,5,6,30,33,2,Train/2/00002_00022_00014.png
client_0,10768,44,42,5,5,39,37,7,Train/7/00007_00001_00028.png
client_0,23239,85,94,7,8,78,85,14,Train/14/00014_00020_00019.png
client_0,35893,40,39,6,6,34,33,37,Train/37/00037_00003_00014.png
client_0,21079,64,60,5,5,59,55,13,Train/13/00013_00020_00019.png
client_0,25744,46,41,6,6,40,36,18,Train/18/00018_00006_00004.png
client_0,11870,46,46,6,6,41,41,7,Train/7/00007_00038_00020.png
client_0,26711,49,49,5,5,44,44,18,Train/18/00018_00038_00011.png
client_0,2937,71,74,6,7,65,68,2,Train/2/00002_00004_00027.png
client_0,12246,32,32,6,6,27,27,8,Train/8/00008_00003_00006.png
client_0,1557,107,108,10,10,97,98,1,Train/1/00001_00032_00027.png
client_0,11816,62,62,5,6,57,57,7,Train/7/00007_00036_00026.png
client_0,3419,71,75,7,6,65,69,2,Train/2/00002_00020_00029.png
client_0,12757,39,39,6,6,34,34,8,Train/8/00008_00020_00007.png
client_0,13334,40,41,6,6,35,36,8,Train/8/00008_00039_00014.png
client_0,32001,51,51,5,5,46,46,30,Train/30/00030_00012_00021.png
client_0,17079,62,60,5,6,56,55,11,Train/11/00011_00001_00009.png
client_0,1928,48,49,5,6,43,44,1,Train/1/00001_00045_00008.png
client_0,3933,46,48,5,5,41,43,2,Train/2/00002_00038_00003.png
client_0,27699,33,32,6,6,28,27,23,Train/23/00023_00000_00009.png
client_0,7009,54,56,6,5,48,51,4,Train/4/00004_00018_00019.png
client_0,37925,33,34,6,6,28,29,38,Train/38/00038_00064_00006.png
client_0,32848,133,116,12,10,122,106,31,Train/31/00031_00025_00028.png
client_0,32706,34,34,5,5,29,29,31,Train/31/00031_00021_00006.png
client_0,4361,63,63,6,6,58,58,2,Train/2/00002_00052_00011.png
client_0,31766,119,104,10,10,109,95,30,Train/30/00030_00004_00026.png
client_0,21219,40,37,6,6,35,32,13,Train/13/00013_00025_00009.png
client_0,17084,75,72,7,7,69,66,11,Train/11/00011_00001_00014.png
client_0,27704,39,38,5,6,33,33,23,Train/23/00023_00000_00014.png
client_0,27941,52,49,6,6,47,44,23,Train/23/00023_00008_00011.png
client_0,20739,36,34,6,6,30,29,13,Train/13/00013_00009_00009.png
client_0,6343,32,33,6,5,27,28,3,Train/3/00003_00043_00013.png
client_0,20201,46,48,5,5,41,43,12,Train/12/00012_00061_00011.png
client_0,1192,69,69,6,6,63,63,1,Train/1/00001_00020_00022.png
client_0,23308,107,135,9,12,97,124,14,Train/14/00014_00022_00028.png
client_0,12814,33,28,6,5,27,23,8,Train/8/00008_00022_00004.png
client_0,1352,49,52,5,5,44,47,1,Train/1/00001_00026_00002.png
client_0,27161,40,37,6,6,35,32,21,Train/21/00021_00006_00011.png
client_0,25332,33,35,6,6,28,30,17,Train/17/00017_00029_00012.png
client_0,22680,31,32,5,6,26,27,14,Train/14/00014_00002_00000.png
client_0,10847,47,46,6,5,42,41,7,Train/7/00007_00004_00017.png
client_0,30547,32,31,5,6,27,25,26,Train/26/00026_00019_00007.png
client_0,24313,34,35,5,5,29,30,16,Train/16/00016_00009_00013.png
client_0,4699,37,37,6,6,32,32,2,Train/2/00002_00063_00019.png
client_0,38083,103,106,9,10,94,97,39,Train/39/00039_00000_00014.png
client_0,3232,52,52,6,6,47,47,2,Train/2/00002_00014_00022.png
client_0,6991,37,39,5,5,31,33,4,Train/4/00004_00018_00001.png
client_0,14238,45,47,5,6,40,42,9,Train/9/00009_00022_00018.png
client_0,38515,110,105,9,10,101,96,40,Train/40/00040_00004_00026.png
client_0,11232,36,37,5,6,31,32,7,Train/7/00007_00017_00012.png
client_0,32577,91,84,8,8,83,77,31,Train/31/00031_00016_00027.png
client_0,27773,85,76,7,7,78,70,23,Train/23/00023_00002_00023.png
client_0,35967,111,107,10,9,102,98,37,Train/37/00037_00005_00028.png
client_0,31599,48,44,5,5,43,39,29,Train/29/00029_00008_00009.png
client_0,26669,128,130,11,12,117,119,18,Train/18/00018_00036_00029.png
client_0,25982,37,36,6,5,32,31,18,Train/18/00018_00014_00002.png
client_0,32854,27,27,5,5,22,22,32,Train/32/00032_00000_00004.png
client_0,19777,42,46,5,6,37,41,12,Train/12/00012_00047_00007.png
client_0,13833,30,32,5,5,25,27,9,Train/9/00009_00009_00003.png
client_0,12032,27,28,6,6,22,23,7,Train/7/00007_00044_00002.png
client_0,11121,52,49,6,5,47,44,7,Train/7/00007_00013_00021.png
client_0,36490,47,56,5,6,42,51,38,Train/38/00038_00016_00011.png
client_0,28152,54,50,5,6,49,45,23,Train/23/00023_00015_00012.png
client_0,32225,36,35,6,6,31,30,31,Train/31/00031_00005_00005.png
client_0,4017,55,55,6,6,50,50,2,Train/2/00002_00040_00027.png
client_0,33147,86,89,8,8,79,82,33,Train/33/00033_00001_00027.png
client_0,17617,33,29,6,6,28,24,11,Train/11/00011_00019_00007.png
client_0,10343,50,53,5,6,45,48,6,Train/6/00006_00001_00023.png
client_0,24645,40,42,6,6,35,37,17,Train/17/00017_00006_00015.png
client_0,10438,71,70,6,7,65,64,6,Train/6/00006_00004_00028.png
client_0,1403,58,59,6,5,53,53,1,Train/1/00001_00027_00023.png
client_0,8764,36,38,5,6,31,33,5,Train/5/00005_00011_00004.png
client_0,7099,47,46,5,5,42,41,4,Train/4/00004_00021_00019.png
client_0,9311,34,34,6,5,29,29,5,Train/5/00005_00029_00011.png
client_0,1559,143,135,12,11,131,123,1,Train/1/00001_00032_00029.png
client_0,37646,83,92,7,8,75,83,38,Train/38/00038_00054_00027.png
client_0,11478,44,42,6,5,39,37,7,Train/7/00007_00025_00018.png
client_0,21517,47,54,5,5,42,49,13,Train/13/00013_00035_00007.png
client_0,10679,55,55,6,5,50,50,6,Train/6/00006_00012_00029.png
client_0,19453,50,49,6,5,45,44,12,Train/12/00012_00036_00013.png
client_0,14685,45,45,5,5,40,40,9,Train/9/00009_00037_00015.png
client_0,24005,29,30,6,6,24,24,15,Train/15/00015_00020_00005.png
client_0,18582,39,40,6,5,34,35,12,Train/12/00012_00007_00012.png
client_0,16331,31,32,5,5,26,27,10,Train/10/00010_00043_00011.png
client_0,35157,56,60,5,6,51,55,35,Train/35/00035_00031_00028.png
client_0,38290,63,64,5,5,57,59,39,Train/39/00039_00007_00011.png
client_0,16233,28,29,5,6,23,24,10,Train/10/00010_00040_00003.png
client_0,20130,29,30,5,6,24,25,12,Train/12/00012_00059_00000.png
client_0,13383,34,34,5,5,29,29,8,Train/8/00008_00041_00003.png
client_0,25958,40,40,6,6,35,35,18,Train/18/00018_00013_00008.png
client_0,6793,37,37,6,6,32,32,4,Train/4/00004_00011_00013.png
client_0,1193,73,72,7,6,66,65,1,Train/1/00001_00020_00023.png
client_0,23642,36,35,6,5,31,30,15,Train/15/00015_00008_00002.png
client_0,7451,36,38,6,6,31,33,4,Train/4/00004_00033_00011.png
client_0,33563,44,54,6,5,39,48,33,Train/33/00033_00015_00023.png
client_0,13271,35,37,5,6,30,31,8,Train/8/00008_00037_00011.png
client_0,30046,37,37,5,6,32,32,26,Train/26/00026_00002_00016.png
client_0,23667,69,68,7,6,63,62,15,Train/15/00015_00008_00027.png
client_0,5318,35,34,6,5,30,29,3,Train/3/00003_00009_00008.png
client_0,25384,28,31,5,6,22,26,17,Train/17/00017_00031_00004.png
client_0,26387,53,49,5,6,48,44,18,Train/18/00018_00027_00017.png
client_0,22304,64,62,5,6,59,57,13,Train/13/00013_00061_00014.png
client_0,24260,41,40,6,5,36,35,16,Train/16/00016_00007_00020.png
client_0,27568,124,123,11,11,113,113,22,Train/22/00022_00008_00028.png
client_0,20597,47,40,5,5,42,35,13,Train/13/00013_00004_00017.png
client_0,4789,40,44,5,5,35,38,2,Train/2/00002_00066_00019.png
client_0,10816,46,47,5,6,41,42,7,Train/7/00007_00003_00016.png
client_0,22540,35,35,5,5,30,30,13,Train/13/00013_00069_00010.png
client_0,9516,29,31,5,6,24,25,5,Train/5/00005_00036_00006.png
client_0,14498,30,30,6,6,25,25,9,Train/9/00009_00031_00008.png
client_0,28025,52,47,5,5,47,42,23,Train/23/00023_00011_00005.png
client_0,13769,77,75,6,6,70,69,9,Train/9/00009_00006_00029.png
client_0,24276,61,60,6,5,56,55,16,Train/16/00016_00008_00006.png
client_0,31420,43,40,5,6,38,35,29,Train/29/00029_00002_00010.png
client_0,24096,32,32,6,6,27,27,16,Train/16/00016_00002_00006.png
client_0,12842,32,32,5,5,27,27,8,Train/8/00008_00023_00002.png
client_0,15964,30,32,5,6,24,26,10,Train/10/00010_00031_00004.png
client_0,31990,37,41,6,6,32,36,30,Train/30/00030_00012_00010.png
client_0,4838,32,32,6,5,27,27,2,Train/2/00002_00068_00008.png
client_0,29450,44,41,6,5,39,35,25,Train/25/00025_00032_00020.png
client_0,12203,53,52,6,6,48,47,8,Train/8/00008_00001_00023.png
client_0,26105,48,45,6,5,43,40,18,Train/18/00018_00018_00005.png
client_0,20272,50,53,5,6,45,48,12,Train/12/00012_00063_00022.png
client_0,15460,37,37,6,6,32,32,10,Train/10/00010_00014_00010.png
client_0,35441,38,38,6,5,33,33,36,Train/36/00036_00001_00012.png
client_0,37786,51,51,5,5,46,46,38,Train/38/00038_00059_00017.png
client_0,95,39,38,5,6,33,32,20,Train/20/00020_00003_00005.png
client_0,7602,38,38,5,5,33,33,4,Train/4/00004_00038_00012.png
client_0,17750,56,52,5,6,51,47,11,Train/11/00011_00023_00020.png
client_0,13193,64,70,6,7,58,63,8,Train/8/00008_00034_00023.png
client_0,28327,38,32,6,5,32,26,24,Train/24/00024_00004_00007.png
client_0,38462,38,38,5,5,33,33,40,Train/40/00040_00003_00003.png
client_0,21987,95,97,8,9,87,89,13,Train/13/00013_00050_00027.png
client_0,10349,76,80,7,7,70,73,6,Train/6/00006_00001_00029.png
client_0,37440,29,26,6,5,24,21,38,Train/38/00038_00048_00001.png
client_0,36182,61,73,6,6,56,67,38,Train/38/00038_00006_00003.png
client_0,26549,118,118,11,11,108,108,18,Train/18/00018_00032_00029.png
client_0,12208,91,85,8,7,83,78,8,Train/8/00008_00001_00028.png
client_0,26548,111,112,9,10,102,103,18,Train/18/00018_00032_00028.png
client_0,22677,159,157,14,14,146,144,14,Train/14/00014_00001_00027.png
client_0,3686,92,87,8,7,83,80,2,Train/2/00002_00029_00026.png
client_0,25829,116,100,11,8,106,91,18,Train/18/00018_00008_00029.png
client_0,14501,32,31,6,6,26,26,9,Train/9/00009_00031_00011.png
client_0,18473,63,63,5,5,58,58,12,Train/12/00012_00003_00023.png
client_0,11289,32,33,5,5,27,28,7,Train/7/00007_00019_00009.png
client_0,12288,44,42,6,5,39,37,8,Train/8/00008_00004_00018.png
client_0,38699,38,40,5,5,33,35,40,Train/40/00040_00011_00000.png
client_0,12545,35,35,5,5,30,30,8,Train/8/00008_00013_00005.png
client_0,7538,37,36,6,6,31,31,4,Train/4/00004_00036_00008.png
client_0,29161,42,41,6,5,37,36,25,Train/25/00025_00023_00001.png
client_0,11405,29,30,5,6,24,25,7,Train/7/00007_00023_00005.png
client_0,32090,74,69,6,7,68,63,31,Train/31/00031_00000_00020.png
client_0,21586,49,49,5,5,44,44,13,Train/13/00013_00037_00016.png
client_0,15907,31,30,6,5,26,25,10,Train/10/00010_00029_00007.png
client_0,27095,34,33,6,6,29,28,21,Train/21/00021_00004_00005.png
client_0,4290,26,26,5,6,20,21,2,Train/2/00002_00050_00000.png
client_0,16660,37,37,5,5,32,32,10,Train/10/00010_00054_00010.png
client_0,2094,60,58,6,5,55,53,1,Train/1/00001_00050_00024.png
client_0,31130,75,69,6,6,69,63,28,Train/28/00028_00010_00020.png
client_0,11108,35,35,5,6,30,30,7,Train/7/00007_00013_00008.png
client_0,22993,46,46,5,5,41,41,14,Train/14/00014_00012_00013.png
client_0,38055,41,42,6,6,36,37,38,Train/38/00038_00068_00016.png
client_0,32009,91,92,8,9,83,84,30,Train/30/00030_00012_00029.png
client_0,8609,50,53,5,5,45,48,5,Train/5/00005_00005_00029.png
client_0,26410,44,45,5,6,39,40,18,Train/18/00018_00028_00010.png
client_0,14846,111,111,9,10,102,102,9,Train/9/00009_00042_00026.png
client_0,3569,99,99,8,8,91,91,2,Train/2/00002_00025_00029.png
client_0,26344,42,35,6,5,36,30,18,Train/18/00018_00026_00004.png
client_0,14089,46,50,6,6,41,45,9,Train/9/00009_00017_00019.png
client_0,8469,30,30,6,5,24,24,5,Train/5/00005_00001_00009.png
client_0,22004,45,42,6,6,40,37,13,Train/13/00013_00051_00014.png
client_0,632,46,48,6,6,41,43,1,Train/1/00001_00002_00002.png
client_0,3873,32,33,6,6,27,28,2,Train/2/00002_00036_00003.png
client_0,23051,56,66,6,6,51,60,14,Train/14/00014_00014_00011.png
client_0,12977,32,31,5,5,27,26,8,Train/8/00008_00027_00017.png
client_0,1270,39,36,6,5,34,31,1,Train/1/00001_00023_00010.png
client_0,24469,30,34,6,6,25,29,17,Train/17/00017_00000_00019.png
client_0,4579,71,68,7,6,65,62,2,Train/2/00002_00059_00019.png
client_0,28956,34,35,6,6,29,30,25,Train/25/00025_00016_00006.png
client_0,25244,31,33,6,6,26,28,17,Train/17/00017_00026_00014.png
client_0,16612,56,56,6,6,51,51,10,Train/10/00010_00052_00022.png
client_0,32575,84,80,7,8,77,73,31,Train/31/00031_00016_00025.png
client_0,25401,43,46,6,6,38,41,17,Train/17/00017_00031_00021.png
client_0,628,68,61,7,5,62,56,1,Train/1/00001_00001_00028.png
client_0,8679,36,35,6,5,31,30,5,Train/5/00005_00008_00009.png
client_0,19044,60,59,6,6,55,54,12,Train/12/00012_00022_00024.png
client_0,34023,32,33,6,6,27,28,34,Train/34/00034_00008_00004.png
client_0,4556,53,53,6,5,48,47,2,Train/2/00002_00058_00026.png
client_0,23150,52,53,5,5,47,48,14,Train/14/00014_00017_00020.png
client_0,5871,42,45,6,5,37,40,3,Train/3/00003_00027_00021.png
client_0,30188,33,32,5,6,28,27,26,Train/26/00026_00007_00008.png
client_0,3987,58,58,6,5,52,52,2,Train/2/00002_00039_00027.png
client_0,30669,44,46,5,6,39,40,27,Train/27/00027_00003_00009.png
client_0,2856,28,28,5,5,23,23,2,Train/2/00002_00002_00006.png
client_0,124,32,33,5,6,27,28,20,Train/20/00020_00004_00004.png
client_0,26429,94,109,9,10,86,100,18,Train/18/00018_00028_00029.png
client_0,4669,53,55,5,5,48,50,2,Train/2/00002_00062_00019.png
client_0,3989,65,67,6,6,59,61,2,Train/2/00002_00039_00029.png
client_0,3140,46,43,6,6,41,37,2,Train/2/00002_00011_00020.png
client_0,27690,26,26,5,6,21,21,23,Train/23/00023_00000_00000.png
client_0,13764,54,54,5,6,49,49,9,Train/9/00009_00006_00024.png
client_0,16431,44,45,5,6,39,39,10,Train/10/00010_00046_00021.png
client_0,33171,60,59,6,6,55,54,33,Train/33/00033_00002_00021.png
client_0,30184,32,29,5,6,27,24,26,Train/26/00026_00007_00004.png
client_0,29933,68,69,7,7,62,63,25,Train/25/00025_00048_00023.png
client_0,25239,28,30,6,6,23,25,17,Train/17/00017_00026_00009.png
client_0,24064,40,44,5,5,35,39,16,Train/16/00016_00001_00004.png
client_0,30370,37,34,6,5,31,29,26,Train/26/00026_00013_00010.png
client_0,10098,39,41,5,6,34,36,5,Train/5/00005_00055_00018.png
client_0,14468,30,31,5,5,24,25,9,Train/9/00009_00030_00008.png
client_0,34634,41,41,5,5,36,36,35,Train/35/00035_00014_00015.png
client_0,7363,39,40,5,6,34,35,4,Train/4/00004_00030_00013.png
client_0,15918,38,40,5,6,33,35,10,Train/10/00010_00029_00018.png
client_0,35921,34,33,6,6,28,28,37,Train/37/00037_00004_00012.png
client_0,34321,28,29,5,6,23,24,35,Train/35/00035_00004_00002.png
client_0,29163,44,44,6,6,39,39,25,Train/25/00025_00023_00003.png
client_0,31373,54,96,6,8,49,87,29,Train/29/00029_00000_00023.png
client_0,33965,28,31,5,6,23,26,34,Train/34/00034_00006_00006.png
client_0,595,97,96,9,8,88,88,1,Train/1/00001_00000_00025.png
client_0,32072,40,37,5,5,34,32,31,Train/31/00031_00000_00002.png
client_0,11753,48,50,5,5,43,45,7,Train/7/00007_00034_00023.png
client_0,11008,44,46,5,5,39,41,7,Train/7/00007_00009_00028.png
client_0,27065,34,32,6,5,29,27,21,Train/21/00021_00003_00005.png
client_0,36411,46,47,6,6,41,42,38,Train/38/00038_00013_00022.png
client_0,3937,49,53,5,6,44,47,2,Train/2/00002_00038_00007.png
client_0,10670,38,40,5,5,33,35,6,Train/6/00006_00012_00020.png
client_0,39061,29,27,6,6,23,22,42,Train/42/00042_00003_00002.png
client_0,32356,53,48,6,5,48,43,31,Train/31/00031_00009_00016.png
client_0,150,28,26,5,6,22,21,20,Train/20/00020_00005_00000.png
client_0,20438,54,53,5,5,49,48,12,Train/12/00012_00069_00008.png
client_0,2802,43,39,5,5,38,34,2,Train/2/00002_00000_00012.png
client_0,25843,37,35,5,6,31,29,18,Train/18/00018_00009_00013.png
client_0,29922,41,49,6,6,36,44,25,Train/25/00025_00048_00012.png
client_0,14571,55,52,6,6,49,47,9,Train/9/00009_00033_00021.png
client_0,38167,33,32,6,5,28,27,39,Train/39/00039_00003_00008.png
client_0,34272,36,37,6,6,31,32,35,Train/35/00035_00002_00013.png
client_0,18420,30,31,5,5,25,26,12,Train/12/00012_00002_00000.png
client_0,7696,40,40,6,6,35,35,4,Train/4/00004_00041_00016.png
client_0,5837,38,38,5,5,32,32,3,Train/3/00003_00026_00017.png
client_0,598,108,110,10,9,99,101,1,Train/1/00001_00000_00028.png
client_0,2637,98,100,9,8,89,91,1,Train/1/00001_00068_00027.png
client_0,27908,41,38,5,6,36,33,23,Train/23/00023_00007_00008.png
client_0,17707,54,53,5,6,49,48,11,Train/11/00011_00022_00007.png
client_0,12998,32,28,5,5,26,23,8,Train/8/00008_00028_00008.png
client_0,5784,47,49,6,5,42,44,3,Train/3/00003_00024_00024.png
client_0,14082,34,38,5,5,29,33,9,Train/9/00009_00017_00012.png
client_0,9078,45,45,6,6,40,40,5,Train/5/00005_00021_00018.png
client_0,14293,37,40,5,5,32,35,9,Train/9/00009_00024_00013.png
client_0,29027,49,46,6,5,44,41,25,Train/25/00025_00018_00017.png
client_0,30255,43,39,6,5,37,33,26,Train/26/00026_00009_00015.png
client_0,39179,27,28,5,6,22,23,42,Train/42/00042_00007_00000.png
client_0,23572,46,45,6,5,41,40,15,Train/15/00015_00005_00022.png
client_0,18087,138,120,12,10,126,110,11,Train/11/00011_00034_00027.png
client_0,8304,54,54,5,5,49,49,4,Train/4/00004_00061_00024.png
client_0,29212,83,75,7,6,76,69,25,Train/25/00025_00024_00022.png
client_0,15465,40,40,5,5,35,35,10,Train/10/00010_00014_00015.png
client_0,19218,42,42,6,6,37,37,12,Train/12/00012_00028_00018.png
client_0,29326,69,68,6,7,63,62,25,Train/25/00025_00028_00016.png
client_0,25042,56,60,5,6,51,55,17,Train/17/00017_00019_00022.png
client_0,14604,60,59,5,6,55,54,9,Train/9/00009_00034_00024.png
client_0,19544,50,50,5,5,45,45,12,Train/12/00012_00039_00014.png
client_0,19464,95,95,9,9,87,87,12,Train/12/00012_00036_00024.png
client_0,18424,35,36,6,6,30,31,12,Train/12/00012_00002_00004.png
client_0,2092,57,56,5,5,52,51,1,Train/1/00001_00050_00022.png
client_0,1115,43,44,6,5,38,39,1,Train/1/00001_00018_00005.png
client_0,24743,48,51,5,5,43,46,17,Train/17/00017_00009_00023.png
client_0,15638,32,30,6,5,27,24,10,Train/10/00010_00020_00008.png
client_0,22313,105,97,9,9,96,89,13,Train/13/00013_00061_00023.png
client_0,13992,41,43,5,6,36,38,9,Train/9/00009_00014_00012.png
client_0,2373,36,35,6,6,30,30,1,Train/1/00001_00060_00003.png
client_0,29475,49,47,6,6,44,42,25,Train/25/00025_00033_00015.png
client_0,31256,81,72,8,6,74,66,28,Train/28/00028_00014_00026.png
client_0,8532,31,31,5,6,26,26,5,Train/5/00005_00003_00012.png
client_0,3514,30,30,5,5,25,25,2,Train/2/00002_00024_00004.png
client_0,36303,29,30,5,6,24,25,38,Train/38/00038_00010_00004.png
client_0,30393,53,48,6,5,48,42,26,Train/26/00026_00014_00003.png
client_0,12712,51,50,5,5,46,45,8,Train/8/00008_00018_00022.png
client_0,13760,44,44,5,6,39,39,9,Train/9/00009_00006_00020.png
client_0,11331,44,45,5,5,39,40,7,Train/7/00007_00020_00021.png
client_0,29515,119,104,10,10,109,95,25,Train/25/00025_00034_00025.png
client_0,31139,135,131,11,12,124,120,28,Train/28/00028_00010_00029.png
client_0,25884,119,107,11,9,108,98,18,Train/18/00018_00010_00024.png
client_0,36346,52,54,5,5,47,49,38,Train/38/00038_00011_00017.png
client_0,29177,64,63,6,5,59,58,25,Train/25/00025_00023_00017.png
client_0,36239,26,27,6,5,21,22,38,Train/38/00038_00008_00000.png
client_0,23789,52,56,6,6,47,51,15,Train/15/00015_00012_00029.png
client_0,36531,48,49,5,5,43,44,38,Train/38/00038_00017_00022.png
client_0,33159,41,40,6,6,36,35,33,Train/33/00033_00002_00009.png
client_0,10991,34,36,6,6,29,31,7,Train/7/00007_00009_00011.png
client_0,8441,35,38,5,5,30,33,5,Train/5/00005_00000_00011.png
client_0,19628,61,62,5,6,56,57,12,Train/12/00012_00042_00008.png
client_0,10686,30,31,5,5,25,25,6,Train/6/00006_00013_00006.png
client_0,7156,35,36,5,6,30,31,4,Train/4/00004_00023_00016.png
client_0,35799,41,41,6,6,36,36,37,Train/37/00037_00000_00010.png
client_0,22401,34,35,5,6,29,30,13,Train/13/00013_00064_00021.png
client_0,13465,56,55,6,6,51,50,8,Train/8/00008_00043_00025.png
client_0,13047,104,105,10,10,95,96,8,Train/8/00008_00029_00027.png
client_0,34693,51,52,5,5,46,47,35,Train/35/00035_00016_00014.png
client_0,13444,29,28,5,5,24,23,8,Train/8/00008_00043_00004.png
client_0,31411,38,35,6,6,33,30,29,Train/29/00029_00002_00001.png
client_0,11833,34,35,5,5,29,30,7,Train/7/00007_00037_00013.png
client_0,8687,48,48,6,6,43,43,5,Train/5/00005_00008_00017.png
client_0,8809,50,50,5,5,45,45,5,Train/5/00005_00012_00019.png
client_0,27442,52,49,5,5,46,43,22,Train/22/00022_00004_00022.png
client_0,15519,34,33,6,5,29,28,10,Train/10/00010_00016_00009.png
client_0,28996,51,50,5,5,45,44,25,Train/25/00025_00017_00016.png
client_0,10761,37,38,6,5,32,33,7,Train/7/00007_00001_00021.png
client_0,22555,61,61,5,5,56,56,13,Train/13/00013_00069_00025.png
client_0,21846,35,42,5,5,30,37,13,Train/13/00013_00046_00006.png
client_0,35234,37,39,5,5,32,34,35,Train/35/00035_00034_00015.png
client_0,39164,37,37,5,5,32,32,42,Train/42/00042_00006_00015.png
client_0,17575,83,75,8,7,76,69,11,Train/11/00011_00017_00025.png
client_0,12837,72,70,7,6,66,64,8,Train/8/00008_00022_00027.png
client_0,32326,52,47,6,6,47,42,31,Train/31/00031_00008_00016.png
client_0,887,41,42,5,5,36,36,1,Train/1/00001_00010_00017.png
client_0,14375,30,31,5,6,25,26,9,Train/9/00009_00027_00005.png
client_0,29978,34,35,5,5,29,29,26,Train/26/00026_00000_00008.png
client_0,36298,81,85,8,8,74,78,38,Train/38/00038_00009_00029.png
client_0,20336,98,95,8,8,90,87,12,Train/12/00012_00065_00026.png
client_0,15193,35,35,5,6,29,30,10,Train/10/00010_00005_00013.png
client_0,39069,32,33,5,6,27,28,42,Train/42/00042_00003_00010.png
client_0,7949,72,72,7,6,66,65,4,Train/4/00004_00049_00029.png
client_0,28795,93,84,9,8,85,76,25,Train/25/00025_00010_00025.png
client_0,30031,33,31,6,6,28,26,26,Train/26/00026_00002_00001.png
client_0,1636,35,36,5,5,30,31,1,Train/1/00001_00035_00016.png
client_0,26221,59,59,6,6,54,54,18,Train/18/00018_00022_00001.png
client_0,12778,92,93,8,9,84,85,8,Train/8/00008_00020_00028.png
client_0,6725,32,33,5,6,27,28,4,Train/4/00004_00009_00005.png
client_0,7620,29,29,5,5,24,24,4,Train/4/00004_00039_00000.png
client_0,13333,38,39,5,5,33,34,8,Train/8/00008_00039_00013.png
client_0,31474,38,38,5,5,33,33,29,Train/29/00029_00004_00004.png
client_0,14261,33,34,5,5,28,29,9,Train/9/00009_00023_00011.png
client_0,11658,36,37,5,5,30,31,7,Train/7/00007_00031_00018.png
client_0,14413,52,52,5,5,47,47,9,Train/9/00009_00028_00013.png
client_0,34543,37,40,5,6,32,35,35,Train/35/00035_00011_00014.png
client_0,2326,50,48,6,6,45,42,1,Train/1/00001_00058_00016.png
client_0,11220,29,29,5,5,24,24,7,Train/7/00007_00017_00000.png
client_0,21348,44,41,6,6,38,35,13,Train/13/00013_00029_00018.png
client_0,28965,44,40,6,5,39,35,25,Train/25/00025_00016_00015.png
client_0,2553,39,41,6,6,33,35,1,Train/1/00001_00066_00003.png
client_0,16605,42,42,5,5,37,37,10,Train/10/00010_00052_00015.png
client_0,24999,32,32,6,6,27,27,17,Train/17/00017_00018_00009.png
client_0,16826,74,77,6,7,68,71,10,Train/10/00010_00059_00026.png
client_0,20937,131,120,11,10,120,110,13,Train/13/00013_00015_00027.png
client_0,9275,34,32,5,5,29,27,5,Train/5/00005_00028_00005.png
client_0,9711,51,52,5,5,46,47,5,Train/5/00005_00042_00021.png
client_0,1639,42,42,5,6,37,37,1,Train/1/00001_00035_00019.png
client_0,38072,83,82,7,7,75,75,39,Train/39/00039_00000_00003.png
client_0,29616,36,32,6,5,30,26,25,Train/25/00025_00038_00006.png
client_0,27775,106,93,9,8,97,85,23,Train/23/00023_00002_00025.png
client_0,7341,53,53,5,5,48,48,4,Train/4/00004_00029_00021.png
client_0,9494,41,40,5,5,36,35,5,Train/5/00005_00035_00014.png
client_0,32370,29,28,5,6,24,23,31,Train/31/00031_00010_00000.png
client_0,455,31,31,6,6,25,25,0,Train/0/00000_00003_00005.png
client_0,28510,76,71,7,7,70,65,25,Train/25/00025_00001_00010.png
client_0,38946,36,36,5,5,31,31,41,Train/41/00041_00007_00007.png
client_0,29985,44,46,6,6,39,41,26,Train/26/00026_00000_00015.png
client_0,29030,56,53,5,5,51,48,25,Train/25/00025_00018_00020.png
client_0,35945,42,44,6,5,37,38,37,Train/37/00037_00005_00006.png
client_0,8459,84,88,7,7,77,81,5,Train/5/00005_00000_00029.png
client_0,2520,29,28,6,5,24,23,1,Train/1/00001_00065_00000.png
client_0,32511,76,69,7,6,70,63,31,Train/31/00031_00014_00021.png
client_0,4847,41,42,5,6,36,37,2,Train/2/00002_00068_00017.png
client_0,32260,37,37,6,6,32,32,31,Train/31/00031_00006_00010.png
client_0,21283,34,32,6,5,29,27,13,Train/13/00013_00027_00013.png
client_0,16984,28,27,5,5,22,22,10,Train/10/00010_00065_00004.png
client_0,27032,32,30,6,6,27,25,21,Train/21/00021_00002_00002.png
client_0,38979,36,35,6,5,31,30,42,Train/42/00042_00000_00010.png
client_0,27889,51,46,5,6,46,41,23,Train/23/00023_00006_00019.png
client_0,10823,64,68,6,6,59,62,7,Train/7/00007_00003_00023.png
client_0,26510,48,46,6,6,43,40,18,Train/18/00018_00031_00020.png
client_0,3354,60,61,5,6,54,55,2,Train/2/00002_00018_00024.png
client_0,19436,57,57,6,5,52,52,12,Train/12/00012_00035_00026.png
client_0,22389,30,30,5,5,25,25,13,Train/13/00013_00064_00009.png
client_0,38578,144,141,13,12,132,129,40,Train/40/00040_00006_00029.png
client_0,12181,27,28,5,6,21,23,8,Train/8/00008_00001_00001.png
client_0,29608,132,120,11,10,121,110,25,Train/25/00025_00037_00028.png
client_0,9075,41,40,6,5,36,35,5,Train/5/00005_00021_00015.png
client_0,35160,28,27,6,5,23,22,35,Train/35/00035_00032_00001.png
client_0,20520,38,36,6,5,33,31,13,Train/13/00013_00002_00000.png
client_0,14099,119,123,10,10,109,113,9,Train/9/00009_00017_00029.png
client_0,14356,72,70,6,6,65,63,9,Train/9/00009_00026_00016.png
client_0,12992,27,26,5,5,22,21,8,Train/8/00008_00028_00002.png
client_0,36126,31,34,5,5,25,28,38,Train/38/00038_00004_00007.png
client_0,28254,73,73,6,7,67,67,24,Train/24/00024_00001_00024.png
client_0,16672,52,52,5,5,47,47,10,Train/10/00010_00054_00022.png
client_0,36277,39,37,6,6,34,32,38,Train/38/00038_00009_00008.png
client_0,29846,64,60,5,5,59,55,25,Train/25/00025_00045_00026.png
client_0,39019,48,49,5,6,43,44,42,Train/42/00042_00001_00020.png
client_0,13076,45,43,6,5,40,38,8,Train/8/00008_00030_00026.png
client_0,25342,39,42,5,5,34,37,17,Train/17/00017_00029_00022.png
client_0,2806,51,45,6,6,46,40,2,Train/2/00002_00000_00016.png
client_0,33940,33,37,5,6,28,31,34,Train/34/00034_00005_00011.png
client_0,25129,56,55,6,5,51,50,17,Train/17/00017_00022_00019.png
client_0,20362,53,61,5,5,48,56,12,Train/12/00012_00066_00022.png
client_0,36759,35,35,5,5,30,30,38,Train/38/00038_00025_00010.png
client_0,6735,40,38,6,5,34,33,4,Train/4/00004_00009_00015.png
client_0,32966,60,64,6,5,54,59,32,Train/32/00032_00003_00026.png
client_0,12702,39,41,6,5,34,36,8,Train/8/00008_00018_00012.png
client_0,10566,30,31,6,6,24,26,6,Train/6/00006_00009_00006.png
client_0,3070,50,48,6,5,44,42,2,Train/2/00002_00009_00010.png
client_0,19450,45,44,6,5,40,39,12,Train/12/00012_00036_00010.png
client_0,12425,34,33,6,5,29,28,8,Train/8/00008_00009_00005.png
client_0,21810,71,71,7,7,65,65,13,Train/13/00013_00045_00000.png
client_0,39096,34,34,5,5,29,29,42,Train/42/00042_00004_00007.png
client_0,35881,29,29,5,5,24,24,37,Train/37/00037_00003_00002.png
client_0,12915,36,37,6,6,31,32,8,Train/8/00008_00025_00015.png
client_0,38722,56,59,6,6,50,53,40,Train/40/00040_00011_00023.png
client_0,1460,57,57,6,5,52,52,1,Train/1/00001_00029_00020.png
client_0,31402,81,73,7,7,74,67,29,Train/29/00029_00001_00022.png
client_0,29168,49,49,5,5,44,44,25,Train/25/00025_00023_00008.png
client_0,3895,63,63,6,5,58,58,2,Train/2/00002_00036_00025.png
client_0,3375,42,44,5,6,37,39,2,Train/2/00002_00019_00015.png
client_0,38446,50,49,6,5,45,44,40,Train/40/00040_00002_00017.png
client_0,13150,28,30,5,6,23,25,8,Train/8/00008_00033_00010.png
client_0,7379,131,123,11,11,120,113,4,Train/4/00004_00030_00029.png
client_0,35459,26,26,5,6,20,21,36,Train/36/00036_00002_00000.png
client_0,3179,143,136,12,11,131,125,2,Train/2/00002_00012_00029.png
client_0,10085,31,32,5,6,26,27,5,Train/5/00005_00055_00005.png
client_0,37834,37,39,5,6,32,34,38,Train/38/00038_00061_00005.png
client_0,172,49,47,5,6,44,42,20,Train/20/00020_00005_00022.png
client_0,25370,53,57,5,5,47,51,17,Train/17/00017_00030_00020.png
client_0,27887,49,44,6,6,44,39,23,Train/23/00023_00006_00017.png
client_0,1085,35,35,5,5,30,30,1,Train/1/00001_00017_00005.png
client_0,21230,61,57,5,6,56,52,13,Train/13/00013_00025_00020.png
client_0,14646,39,37,6,5,33,32,9,Train/9/00009_00036_00006.png
client_0,23511,40,43,6,6,35,38,15,Train/15/00015_00003_00021.png
client_0,33956,55,62,5,5,50,56,34,Train/34/00034_00005_00027.png
client_0,9068,34,35,5,6,29,30,5,Train/5/00005_00021_00008.png
client_0,19517,48,48,5,5,43,43,12,Train/12/00012_00038_00017.png
client_0,35329,53,57,5,5,47,51,35,Train/35/00035_00037_00020.png
client_0,17061,57,53,6,5,52,48,11,Train/11/00011_00000_00021.png
client_0,17536,62,60,6,6,57,55,11,Train/11/00011_00016_00016.png
client_0,4064,35,35,5,6,30,30,2,Train/2/00002_00042_00014.png
client_0,35370,30,30,5,5,25,25,35,Train/35/00035_00039_00001.png
client_0,25526,37,38,6,6,32,33,17,Train/17/00017_00035_00026.png
client_0,30431,106,94,9,8,97,86,26,Train/26/00026_00015_00011.png
client_0,10023,28,28,6,6,23,23,5,Train/5/00005_00053_00003.png
client_0,25389,34,35,5,5,28,30,17,Train/17/00017_00031_00009.png
client_0,18634,33,33,6,6,28,28,12,Train/12/00012_00009_00004.png
client_0,30518,33,30,6,5,28,25,26,Train/26/00026_00018_00008.png
client_0,6756,31,30,6,5,25,25,4,Train/4/00004_00010_00006.png
client_0,31423,47,42,5,5,42,37,29,Train/29/00029_00002_00013.png
client_0,11418,37,39,5,6,32,33,7,Train/7/00007_00023_00018.png
client_0,2188,94,111,8,9,86,102,1,Train/1/00001_00053_00028.png
client_0,10425,43,43,5,6,38,38,6,Train/6/00006_00004_00015.png
client_0,1935,55,55,5,5,50,50,1,Train/1/00001_00045_00015.png
client_0,24606,31,31,5,5,25,25,17,Train/17/00017_00005_00006.png
client_0,9569,54,50,6,6,49,45,5,Train/5/00005_00037_00029.png
client_0,283,39,39,5,5,34,34,20,Train/20/00020_00009_00013.png
client_0,26024,56,56,6,6,51,51,18,Train/18/00018_00015_00014.png
client_0,37148,31,31,6,6,26,26,38,Train/38/00038_00038_00009.png
client_0,37473,32,31,6,5,27,26,38,Train/38/00038_00049_00004.png
client_0,23215,106,108,10,10,97,99,14,Train/14/00014_00019_00025.png
client_0,12599,86,91,7,8,79,83,8,Train/8/00008_00014_00029.png
client_0,35430,33,31,6,5,28,26,36,Train/36/00036_00001_00001.png
client_0,27155,35,33,6,5,30,28,21,Train/21/00021_00006_00005.png
client_0,26405,38,39,5,6,33,34,18,Train/18/00018_00028_00005.png
client_0,27230,81,70,8,7,74,64,21,Train/21/00021_00008_00020.png
client_0,14955,61,56,5,5,56,51,9,Train/9/00009_00046_00015.png
client_0,19576,52,52,5,5,47,47,12,Train/12/00012_00040_00016.png
client_0,35836,51,50,6,6,46,45,37,Train/37/00037_00001_00017.png
client_0,1644,60,58,6,6,54,52,1,Train/1/00001_00035_00024.png
client_0,37463,62,64,5,6,57,59,38,Train/38/00038_00048_00024.png
client_0,23468,33,41,5,5,27,36,15,Train/15/00015_00002_00008.png
client_0,36880,37,37,5,5,32,32,38,Train/38/00038_00029_00011.png
client_0,27847,35,35,5,6,30,30,23,Train/23/00023_00005_00007.png
client_0,1972,70,71,6,7,64,65,1,Train/1/00001_00046_00022.png
client_0,18578,34,36,5,5,29,31,12,Train/12/00012_00007_00008.png
client_0,4903,35,35,6,5,30,30,2,Train/2/00002_00070_00013.png
client_0,19458,60,61,5,6,55,56,12,Train/12/00012_00036_00018.png
client_0,1588,72,69,7,6,66,63,1,Train/1/00001_00033_00028.png
client_0,6109,47,48,5,6,42,43,3,Train/3/00003_00035_00019.png
client_0,30062,33,29,5,5,27,24,26,Train/26/00026_00003_00002.png
client_0,11098,55,57,5,6,50,52,7,Train/7/00007_00012_00028.png
client_0,15020,43,43,6,6,38,38,9,Train/9/00009_00048_00020.png
client_0,7742,28,28,6,6,23,23,4,Train/4/00004_00043_00002.png
client_0,23256,36,38,5,6,30,33,14,Train/14/00014_00021_00006.png
client_0,34123,32,31,6,5,27,26,34,Train/34/00034_00011_00014.png
client_0,998,32,33,5,6,27,28,1,Train/1/00001_00014_00008.png
client_0,26430,34,31,6,6,29,26,18,Train/18/00018_00029_00000.png
client_0,27485,33,31,6,6,28,26,22,Train/22/00022_00006_00005.png
client_0,13684,29,29,6,6,24,24,9,Train/9/00009_00004_00004.png
client_0,26679,47,47,6,6,42,42,18,Train/18/00018_00037_00009.png
client_0,20921,76,74,6,6,69,67,13,Train/13/00013_00015_00011.png
client_0,12421,34,33,6,5,28,27,8,Train/8/00008_00009_00001.png
client_0,14549,104,103,9,9,95,94,9,Train/9/00009_00032_00029.png
client_0,3295,79,77,7,7,72,71,2,Train/2/00002_00016_00025.png
client_0,18791,41,40,6,6,36,35,12,Train/12/00012_00014_00011.png
client_0,13939,52,54,5,5,47,49,9,Train/9/00009_00012_00019.png
client_0,37200,45,48,5,6,40,43,38,Train/38/00038_00040_00001.png
client_0,28918,101,92,9,9,93,84,25,Train/25/00025_00014_00028.png
client_0,25479,31,31,6,5,26,26,17,Train/17/00017_00034_00009.png
client_0,24257,36,37,5,5,31,32,16,Train/16/00016_00007_00017.png
client_0,28092,51,49,6,6,46,43,23,Train/23/00023_00013_00012.png
client_0,7745,29,30,5,6,24,25,4,Train/4/00004_00043_00005.png
client_0,2758,109,109,9,9,100,100,1,Train/1/00001_00072_00028.png
client_0,17958,36,36,6,5,31,31,11,Train/11/00011_00030_00018.png
client_0,34775,28,29,6,5,23,23,35,Train/35/00035_00019_00006.png
client_0,14149,40,40,5,5,35,35,9,Train/9/00009_00019_00019.png
client_0,21870,58,52,6,6,53,47,13,Train/13/00013_00047_00000.png
client_0,10953,29,30,5,6,24,25,7,Train/7/00007_00008_00003.png
client_0,27888,51,46,6,6,46,41,23,Train/23/00023_00006_00018.png
client_0,26923,41,39,5,6,35,34,19,Train/19/00019_00005_00013.png
client_0,11335,55,56,6,5,50,51,7,Train/7/00007_00020_00025.png
client_0,2261,47,48,6,5,42,43,1,Train/1/00001_00056_00011.png
client_0,10460,38,41,5,5,33,36,6,Train/6/00006_00005_00020.png
client_0,16765,75,72,6,6,69,66,10,Train/10/00010_00057_00025.png
client_0,8513,38,41,5,6,33,35,5,Train/5/00005_00002_00023.png
client_0,14993,50,54,5,6,45,49,9,Train/9/00009_00047_00023.png
client_0,32893,34,33,5,5,29,28,32,Train/32/00032_00001_00013.png
client_0,15880,37,36,6,5,32,31,10,Train/10/00010_00028_00010.png
client_0,20215,80,82,7,8,73,75,12,Train/12/00012_00061_00025.png
client_0,11164,35,37,6,6,30,32,7,Train/7/00007_00015_00004.png
client_0,10348,67,70,6,7,61,64,6,Train/6/00006_00001_00028.png
client_0,22128,53,51,5,6,48,46,13,Train/13/00013_00055_00018.png
client_0,21909,57,53,6,5,52,48,13,Train/13/00013_00048_00009.png
client_0,17647,39,37,5,5,34,32,11,Train/11/00011_00020_00007.png
client_0,14525,36,36,6,6,31,31,9,Train/9/00009_00032_00005.png
client_0,3455,30,29,6,5,25,24,2,Train/2/00002_00022_00005.png
client_0,26174,81,74,7,6,74,68,18,Train/18/00018_00020_00014.png
client_0,39116,71,69,7,6,65,63,42,Train/42/00042_00004_00027.png
client_0,25605,60,54,6,6,55,49,18,Train/18/00018_00001_00015.png
client_0,7883,76,74,7,7,70,68,4,Train/4/00004_00047_00023.png
client_0,34735,106,105,9,10,97,96,35,Train/35/00035_00017_00026.png
client_0,35042,28,30,5,6,23,24,35,Train/35/00035_00028_00003.png
client_0,18687,111,95,9,9,101,87,12,Train/12/00012_00010_00027.png
client_0,23745,50,59,5,6,45,54,15,Train/15/00015_00011_00015.png
client_0,28376,71,64,6,5,64,59,24,Train/24/00024_00005_00026.png
client_0,10474,28,29,6,5,23,23,6,Train/6/00006_00006_00004.png
client_0,15763,35,38,5,6,30,33,10,Train/10/00010_00024_00013.png
client_0,38682,43,46,6,6,38,41,40,Train/40/00040_00010_00013.png
client_0,34783,35,34,6,5,29,28,35,Train/35/00035_00019_00014.png
client_0,13296,33,35,5,5,28,30,8,Train/8/00008_00038_00006.png
client_0,4536,28,27,6,5,23,22,2,Train/2/00002_00058_00006.png
client_0,29636,82,73,8,7,75,67,25,Train/25/00025_00038_00026.png
client_0,31035,72,62,7,6,66,56,28,Train/28/00028_00007_00015.png
client_0,29915,34,39,6,5,29,34,25,Train/25/00025_00048_00005.png
client_0,32635,100,92,8,9,92,84,31,Train/31/00031_00018_00025.png
client_0,23046,44,56,5,6,38,50,14,Train/14/00014_00014_00006.png
client_0,31461,76,71,7,7,70,65,29,Train/29/00029_00003_00021.png
client_0,13797,92,95,9,8,84,87,9,Train/9/00009_00007_00027.png
client_0,8482,40,39,6,5,35,34,5,Train/5/00005_00001_00022.png
client_0,12772,61,62,5,6,56,57,8,Train/8/00008_00020_00022.png
client_0,5661,45,44,6,5,40,39,3,Train/3/00003_00020_00021.png
client_0,2033,63,64,5,6,58,59,1,Train/1/00001_00048_00023.png
client_0,19619,129,129,12,12,118,118,12,Train/12/00012_00041_00029.png
client_0,7200,35,33,6,6,30,28,4,Train/4/00004_00025_00000.png
client_0,27976,52,47,6,5,47,42,23,Train/23/00023_00009_00016.png
client_0,12019,41,43,5,6,36,38,7,Train/7/00007_00043_00019.png
client_0,9587,38,39,5,5,32,33,5,Train/5/00005_00038_00017.png
client_0,758,46,55,5,6,41,50,1,Train/1/00001_00006_00008.png
client_0,13761,47,46,6,6,42,41,9,Train/9/00009_00006_00021.png
client_0,17594,59,54,5,5,54,49,11,Train/11/00011_00018_00014.png
client_0,10999,38,39,6,6,33,34,7,Train/7/00007_00009_00019.png
client_0,15086,80,65,7,6,73,60,10,Train/10/00010_00001_00026.png
client_0,11041,33,33,5,6,27,28,7,Train/7/00007_00011_00001.png
client_0,28823,113,128,10,12,103,117,25,Train/25/00025_00011_00023.png
client_0,27566,86,85,7,8,79,78,22,Train/22/00022_00008_00026.png
client_0,37503,31,34,5,6,26,29,38,Train/38/00038_00050_00004.png
client_0,31034,71,60,7,6,65,55,28,Train/28/00028_00007_00014.png
client_0,18396,34,31,6,6,28,25,12,Train/12/00012_00001_00006.png
client_0,30862,69,60,7,5,62,55,28,Train/28/00028_00001_00022.png
client_0,10173,27,29,5,6,22,23,5,Train/5/00005_00058_00003.png
client_0,15470,46,47,5,6,41,42,10,Train/10/00010_00014_00020.png
client_0,5167,34,34,5,5,29,29,3,Train/3/00003_00004_00007.png
client_0,2045,33,33,5,5,28,28,1,Train/1/00001_00049_00005.png
client_0,25507,28,29,5,6,23,24,17,Train/17/00017_00035_00007.png
client_0,38587,31,31,6,6,26,26,40,Train/40/00040_00007_00008.png
client_0,27995,43,41,6,6,38,35,23,Train/23/00023_00010_00005.png
client_0,400,36,35,6,5,30,29,0,Train/0/00000_00001_00010.png
client_0,22000,38,36,5,5,33,31,13,Train/13/00013_00051_00010.png
client_0,36902,31,33,6,5,26,28,38,Train/38/00038_00030_00003.png
client_0,19960,48,43,5,5,42,37,12,Train/12/00012_00053_00010.png
client_0,25787,84,74,8,6,77,67,18,Train/18/00018_00007_00017.png
client_0,16791,50,50,6,6,45,45,10,Train/10/00010_00058_00021.png
client_0,25117,38,39,5,5,33,34,17,Train/17/00017_00022_00007.png
client_0,39093,34,34,6,6,29,29,42,Train/42/00042_00004_00004.png
client_0,12921,41,41,5,5,36,36,8,Train/8/00008_00025_00021.png
client_0,30605,39,38,6,6,34,33,27,Train/27/00027_00001_00005.png
client_0,17634,51,47,5,5,46,42,11,Train/11/00011_00019_00024.png
client_0,33378,96,92,9,8,88,84,33,Train/33/00033_00009_00018.png
client_0,14981,35,36,5,5,30,31,9,Train/9/00009_00047_00011.png
client_0,14536,47,46,6,6,41,41,9,Train/9/00009_00032_00016.png
client_0,467,43,45,5,5,38,40,0,Train/0/00000_00003_00017.png
client_0,697,60,61,5,5,55,56,1,Train/1/00001_00004_00007.png
client_0,8259,33,34,5,6,28,29,4,Train/4/00004_00060_00009.png
client_0,9157,34,35,5,6,29,30,5,Train/5/00005_00024_00007.png
client_0,16548,42,41,6,5,37,36,10,Train/10/00010_00050_00018.png
client_0,3952,77,75,7,6,71,69,2,Train/2/00002_00038_00022.png
client_0,11716,44,43,6,6,39,38,7,Train/7/00007_00033_00016.png
client_0,31803,28,28,5,5,23,23,30,Train/30/00030_00006_00003.png
client_0,7064,35,35,6,6,30,30,4,Train/4/00004_00020_00014.png
client_0,24175,63,64,5,6,58,59,16,Train/16/00016_00004_00025.png
client_0,10692,35,34,6,5,29,29,6,Train/6/00006_00013_00012.png
client_0,3208,51,53,6,5,46,48,2,Train/2/00002_00013_00028.png
client_0,25231,28,29,5,6,23,24,17,Train/17/00017_00026_00001.png
client_0,22885,69,83,7,7,63,75,14,Train/14/00014_00008_00025.png
client_0,8526,30,30,6,6,25,24,5,Train/5/00005_00003_00006.png
client_0,891,48,49,5,6,43,44,1,Train/1/00001_00010_00021.png
client_0,24801,29,29,6,5,24,24,17,Train/17/00017_00011_00021.png
client_0,10595,32,32,5,5,27,27,6,Train/6/00006_00010_00005.png
client_0,24385,47,48,5,5,42,43,16,Train/16/00016_00011_00025.png
client_0,21695,64,57,6,5,59,52,13,Train/13/00013_00041_00005.png
client_0,27872,36,33,6,6,31,28,23,Train/23/00023_00006_00002.png
client_0,25068,44,42,5,6,39,37,17,Train/17/00017_00020_00018.png
client_0,1643,54,55,6,6,49,50,1,Train/1/00001_00035_00023.png
client_0,28128,93,81,9,7,85,74,23,Train/23/00023_00014_00018.png
client_0,18211,30,29,5,5,24,23,11,Train/11/00011_00039_00001.png
client_0,32580,54,50,6,6,49,45,31,Train/31/00031_00017_00000.png
client_0,23938,72,69,7,6,66,63,15,Train/15/00015_00017_00028.png
client_0,20677,41,40,6,6,36,35,13,Train/13/00013_00007_00007.png
client_0,32844,87,80,7,8,80,73,31,Train/31/00031_00025_00024.png
client_0,27615,39,38,6,5,34,33,22,Train/22/00022_00010_00015.png
client_0,11771,35,35,5,5,30,30,7,Train/7/00007_00035_00011.png
client_0,29791,35,32,6,5,30,27,25,Train/25/00025_00044_00001.png
client_0,3917,41,42,6,6,36,37,2,Train/2/00002_00037_00017.png
client_0,7110,29,29,6,5,24,24,4,Train/4/00004_00022_00000.png
client_0,10336,40,41,5,5,35,36,6,Train/6/00006_00001_00016.png
client_0,16987,30,28,6,5,25,23,10,Train/10/00010_00065_00007.png
client_0,19320,29,33,6,5,24,28,12,Train/12/00012_00032_00000.png
client_0,30212,34,31,5,6,29,26,26,Train/26/00026_00008_00002.png
client_0,28171,41,35,6,5,36,30,23,Train/23/00023_00016_00001.png
client_0,1922,43,43,6,6,38,38,1,Train/1/00001_00045_00002.png
client_0,29324,64,61,6,5,59,56,25,Train/25/00025_00028_00014.png
client_0,5163,32,32,5,5,27,27,3,Train/3/00003_00004_00003.png
client_0,25631,43,41,5,6,38,35,18,Train/18/00018_00002_00011.png
client_0,17118,123,110,11,9,113,101,11,Train/11/00011_00002_00018.png
client_0,24092,26,26,5,5,21,21,16,Train/16/00016_00002_00002.png
client_0,25963,43,43,6,6,38,38,18,Train/18/00018_00013_00013.png
client_0,13782,36,35,6,6,31,30,9,Train/9/00009_00007_00012.png
client_0,4947,44,45,5,6,39,40,2,Train/2/00002_00071_00027.png
client_0,23534,39,38,6,5,34,33,15,Train/15/00015_00004_00014.png
client_0,11714,40,39,5,5,35,34,7,Train/7/00007_00033_00014.png
client_0,16916,59,61,5,6,54,56,10,Train/10/00010_00062_00026.png
client_0,35173,38,38,5,5,32,32,35,Train/35/00035_00032_00014.png
client_0,25978,108,107,10,9,99,98,18,Train/18/00018_00013_00028.png
client_0,29929,54,58,6,5,49,53,25,Train/25/00025_00048_00019.png
client_0,26452,73,64,6,6,67,59,18,Train/18/00018_00029_00022.png
client_0,18478,95,97,8,8,87,89,12,Train/12/00012_00003_00028.png
client_0,29339,144,142,12,13,132,130,25,Train/25/00025_00028_00029.png
client_0,23302,70,82,6,8,64,75,14,Train/14/00014_00022_00022.png
client_0,26260,41,38,6,5,36,33,18,Train/18/00018_00023_00010.png
client_0,18176,61,66,5,6,55,60,11,Train/11/00011_00037_00026.png
client_0,3772,50,46,6,5,45,41,2,Train/2/00002_00032_00022.png
client_0,119,117,118,7,11,107,108,20,Train/20/00020_00003_00029.png
client_0,26171,76,71,6,7,69,64,18,Train/18/00018_00020_00011.png
client_0,7736,63,62,6,6,58,57,4,Train/4/00004_00042_00026.png
client_0,14985,39,40,5,6,34,35,9,Train/9/00009_00047_00015.png
client_0,12372,39,39,6,6,34,34,8,Train/8/00008_00007_00012.png
client_0,3307,33,32,6,5,27,27,2,Train/2/00002_00017_00007.png
client_0,17082,70,67,7,6,64,61,11,Train/11/00011_00001_00012.png
client_0,30775,62,60,6,6,57,55,27,Train/27/00027_00006_00025.png
client_0,4419,33,33,5,5,28,28,2,Train/2/00002_00054_00009.png
client_0,12557,51,51,6,6,46,46,8,Train/8/00008_00013_00017.png
client_0,29119,56,53,5,5,51,48,25,Train/25/00025_00021_00019.png
client_0,1996,47,48,5,6,42,43,1,Train/1/00001_00047_00016.png
client_0,22730,83,83,8,7,75,75,14,Train/14/00014_00003_00020.png
client_0,37761,56,55,6,5,51,50,38,Train/38/00038_00058_00022.png
client_0,34511,50,52,5,6,45,47,35,Train/35/00035_00010_00012.png
client_0,7840,36,35,6,5,31,30,4,Train/4/00004_00046_00010.png
client_0,29696,119,106,11,10,109,97,25,Train/25/00025_00040_00026.png
client_0,29166,47,47,6,6,42,42,25,Train/25/00025_00023_00006.png
client_0,18259,60,57,5,5,55,52,11,Train/11/00011_00040_00019.png
client_0,28305,73,68,7,7,67,62,24,Train/24/00024_00003_00015.png
client_0,21031,50,44,6,5,44,38,13,Train/13/00013_00019_00001.png
client_0,13609,44,44,6,6,39,39,9,Train/9/00009_00001_00019.png
client_0,31057,63,59,5,5,58,53,28,Train/28/00028_00008_00007.png
client_0,34362,32,32,5,5,27,27,35,Train/35/00035_00005_00013.png
client_0,8914,33,32,6,5,28,27,5,Train/5/00005_00016_00004.png
client_0,23402,38,40,6,5,33,35,15,Train/15/00015_00000_00002.png
client_0,32004,67,63,6,5,61,58,30,Train/30/00030_00012_00024.png
client_0,17628,39,35,5,6,34,30,11,Train/11/00011_00019_00018.png
client_0,6039,31,33,5,5,26,27,3,Train/3/00003_00033_00009.png
client_0,15247,35,36,6,6,30,31,10,Train/10/00010_00007_00007.png
client_0,36024,71,72,7,7,65,66,38,Train/38/00038_00000_00025.png
client_0,35269,43,41,6,5,38,36,35,Train/35/00035_00035_00020.png
client_0,2578,123,121,11,11,112,111,1,Train/1/00001_00066_00028.png
client_0,27629,64,62,6,5,59,57,22,Train/22/00022_00010_00029.png
client_0,22661,46,44,6,5,40,39,14,Train/14/00014_00001_00011.png
client_0,30952,57,53,6,6,52,48,28,Train/28/00028_00004_00022.png
client_0,17709,58,57,5,5,53,52,11,Train/11/00011_00022_00009.png
client_0,12530,54,54,5,5,49,49,8,Train/8/00008_00012_00020.png
client_0,23144,40,40,6,6,35,35,14,Train/14/00014_00017_00014.png
client_0,25290,34,36,5,6,29,31,17,Train/17/00017_00028_00000.png
client_0,36238,113,122,10,10,104,112,38,Train/38/00038_00007_00029.png
client_0,31785,48,46,6,6,43,41,30,Train/30/00030_00005_00015.png
client_0,17961,81,75,7,7,74,68,11,Train/11/00011_00030_00021.png
client_0,32599,93,82,9,7,85,75,31,Train/31/00031_00017_00019.png
client_0,17550,27,26,6,6,22,21,11,Train/11/00011_00017_00000.png
client_0,619,48,46,6,5,42,41,1,Train/1/00001_00001_00019.png
client_0,27334,33,30,6,5,28,25,22,Train/22/00022_00001_00004.png
client_0,27948,71,64,7,5,65,59,23,Train/23/00023_00008_00018.png
client_0,14854,31,29,6,5,25,23,9,Train/9/00009_00043_00004.png
client_0,34834,32,33,6,6,27,28,35,Train/35/00035_00021_00005.png
client_0,37411,27,26,6,5,22,21,38,Train/38/00038_00047_00002.png
client_0,2713,47,47,5,5,42,42,1,Train/1/00001_00071_00013.png
client_0,2969,74,80,6,7,68,73,2,Train/2/00002_00005_00029.png
client_0,7715,31,31,6,5,26,26,4,Train/4/00004_00042_00005.png
client_0,21949,56,51,5,5,50,45,13,Train/13/00013_00049_00019.png
client_0,14206,46,47,5,6,41,42,9,Train/9/00009_00021_00016.png
client_0,12738,51,51,6,6,46,46,8,Train/8/00008_00019_00018.png
client_0,29077,38,35,6,6,33,30,25,Train/25/00025_00020_00007.png
client_0,23419,52,53,5,6,46,47,15,Train/15/00015_00000_00019.png
client_0,29585,34,31,5,6,29,26,25,Train/25/00025_00037_00005.png
client_0,19247,55,53,6,6,50,48,12,Train/12/00012_00029_00017.png
client_0,16461,44,41,6,5,39,36,10,Train/10/00010_00047_00021.png
client_0,5201,36,36,6,6,31,31,3,Train/3/00003_00005_00011.png
client_0,9107,44,45,5,6,39,40,5,Train/5/00005_00022_00017.png
client_0,35152,43,47,5,6,38,42,35,Train/35/00035_00031_00023.png
client_0,7851,54,53,5,5,48,47,4,Train/4/00004_00046_00021.png
client_0,2705,38,37,6,5,33,32,1,Train/1/00001_00071_00005.png
client_0,28919,106,95,9,9,97,86,25,Train/25/00025_00014_00029.png
client_0,4943,39,38,5,5,33,33,2,Train/2/00002_00071_00023.png
client_0,33957,58,65,6,6,53,59,34,Train/34/00034_00005_00028.png
client_0,18053,80,79,8,7,73,72,11,Train/11/00011_00033_00023.png
client_0,37507,35,36,6,5,30,31,38,Train/38/00038_00050_00008.png
client_0,9783,28,27,5,5,23,22,5,Train/5/00005_00045_00003.png
client_0,17052,38,32,6,5,33,27,11,Train/11/00011_00000_00012.png
client_0,14235,40,42,5,5,35,37,9,Train/9/00009_00022_00015.png
client_0,2232,62,71,6,7,57,65,1,Train/1/00001_00055_00012.png
client_0,27321,70,62,6,5,64,56,22,Train/22/00022_00000_00021.png
client_0,26083,39,36,5,6,34,31,18,Train/18/00018_00017_00013.png
client_0,18274,35,32,6,6,30,27,11,Train/11/00011_00041_00004.png
client_0,1195,76,75,7,6,70,69,1,Train/1/00001_00020_00025.png
client_0,10416,34,34,6,5,29,29,6,Train/6/00006_00004_00006.png
client_0,29125,94,84,8,7,86,77,25,Train/25/00025_00021_00025.png
client_0,21707,70,61,7,5,64,56,13,Train/13/00013_00041_00017.png
client_0,35544,47,49,6,6,41,44,36,Train/36/00036_00004_00025.png
client_0,1096,46,48,5,6,41,43,1,Train/1/00001_00017_00016.png
client_0,35169,32,33,5,5,27,27,35,Train/35/00035_00032_00010.png
client_0,27800,88,81,7,7,80,74,23,Train/23/00023_00003_00020.png
client_0,19629,64,64,6,6,59,59,12,Train/12/00012_00042_00009.png
client_0,20187,83,82,8,7,76,75,12,Train/12/00012_00060_00027.png
client_0,2382,43,42,5,5,38,37,1,Train/1/00001_00060_00012.png
client_0,10779,44,48,6,6,39,43,7,Train/7/00007_00002_00009.png
client_0,11854,32,31,6,5,27,26,7,Train/7/00007_00038_00004.png
client_0,10829,125,129,11,11,115,118,7,Train/7/00007_00003_00029.png
client_0,9913,37,37,6,5,32,32,5,Train/5/00005_00049_00013.png
client_0,21588,54,54,6,6,49,49,13,Train/13/00013_00037_00018.png
client_0,17275,80,70,7,6,72,64,11,Train/11/00011_00007_00025.png
client_0,35963,91,92,8,9,83,84,37,Train/37/00037_00005_00024.png
client_0,24952,41,43,5,5,36,38,17,Train/17/00017_00016_00022.png
client_0,8966,83,83,8,8,76,76,5,Train/5/00005_00017_00026.png
client_0,512,29,28,5,5,24,23,0,Train/0/00000_00005_00002.png
client_0,12939,30,32,5,6,25,27,8,Train/8/00008_00026_00009.png
client_0,36841,27,30,5,6,22,25,38,Train/38/00038_00028_00002.png
client_0,4727,38,39,5,6,33,33,2,Train/2/00002_00064_00017.png
client_0,7605,43,42,6,5,38,37,4,Train/4/00004_00038_00015.png
client_0,7480,34,34,5,5,29,29,4,Train/4/00004_00034_00010.png
client_0,19362,43,48,6,6,38,43,12,Train/12/00012_00033_00012.png
client_0,15033,37,39,5,6,32,34,10,Train/10/00010_00000_00003.png
client_0,39134,34,31,6,5,29,26,42,Train/42/00042_00005_00015.png
client_0,6522,40,42,5,6,34,37,4,Train/4/00004_00002_00012.png
client_0,28020,50,45,5,6,45,40,23,Train/23/00023_00011_00000.png
client_0,370,35,36,5,5,30,31,0,Train/0/00000_00000_00010.png
client_0,2072,39,35,6,5,33,30,1,Train/1/00001_00050_00002.png
client_0,33407,39,38,5,5,33,33,33,Train/33/00033_00010_00017.png
client_0,11591,33,32,5,6,27,27,7,Train/7/00007_00029_00011.png
client_0,38544,107,104,9,10,98,95,40,Train/40/00040_00005_00025.png
client_0,14879,112,114,10,10,102,104,9,Train/9/00009_00043_00029.png
client_0,3364,33,33,5,5,28,28,2,Train/2/00002_00019_00004.png
client_0,6882,34,36,5,6,29,31,4,Train/4/00004_00014_00012.png
client_0,26523,49,49,5,5,44,44,18,Train/18/00018_00032_00003.png
client_0,31531,29,28,5,5,24,23,29,Train/29/00029_00006_00001.png
client_0,4018,59,58,6,5,53,52,2,Train/2/00002_00040_00028.png
client_0,1629,29,30,6,6,24,25,1,Train/1/00001_00035_00009.png
client_0,19796,127,128,11,11,116,117,12,Train/12/00012_00047_00026.png
client_0,34733,84,85,7,8,77,78,35,Train/35/00035_00017_00024.png
client_0,20085,46,48,6,5,41,42,12,Train/12/00012_00057_00015.png
client_0,9905,32,34,5,6,27,29,5,Train/5/00005_00049_00005.png
client_0,24093,27,27,5,5,22,22,16,Train/16/00016_00002_00003.png
client_0,28431,75,68,6,7,69,62,24,Train/24/00024_00007_00021.png
client_0,27945,62,57,5,5,57,52,23,Train/23/00023_00008_00015.png
client_0,23539,44,47,5,6,39,42,15,Train/15/00015_00004_00019.png
client_0,17851,49,42,6,5,44,37,11,Train/11/00011_00027_00001.png
client_0,31530,29,29,5,6,24,24,29,Train/29/00029_00006_00000.png
client_0,31015,86,77,8,6,79,70,28,Train/28/00028_00006_00025.png
client_0,26629,54,48,6,5,49,43,18,Train/18/00018_00035_00019.png
client_0,5170,37,36,6,5,32,31,3,Train/3/00003_00004_00010.png
client_0,15342,37,36,6,5,32,31,10,Train/10/00010_00010_00012.png
client_0,31099,62,54,6,5,57,49,28,Train/28/00028_00009_00019.png
client_0,21175,61,93,6,9,56,85,13,Train/13/00013_00023_00025.png
client_0,22605,45,45,5,6,40,39,13,Train/13/00013_00071_00015.png
client_0,7561,30,31,5,6,25,26,4,Train/4/00004_00037_00001.png
client_0,10455,35,37,6,5,29,31,6,Train/6/00006_00005_00015.png
client_0,32393,55,51,6,5,50,46,31,Train/31/00031_00010_00023.png
client_0,17285,49,46,5,5,44,41,11,Train/11/00011_00008_00005.png
client_0,20586,33,29,5,6,28,24,13,Train/13/00013_00004_00006.png
client_0,28302,69,59,7,5,63,54,24,Train/24/00024_00003_00012.png
client_0,29666,101,92,9,8,93,84,25,Train/25/00025_00039_00026.png
client_0,11083,33,34,5,6,28,29,7,Train/7/00007_00012_00013.png
client_0,8113,37,36,5,5,32,31,4,Train/4/00004_00055_00013.png
client_0,15626,85,84,8,7,78,77,10,Train/10/00010_00019_00026.png
client_0,21036,55,49,6,5,49,43,13,Train/13/00013_00019_00006.png
client_0,9090,33,33,6,6,28,28,5,Train/5/00005_00022_00000.png
client_0,27805,116,106,11,10,106,97,23,Train/23/00023_00003_00025.png
client_0,14202,43,44,5,6,38,39,9,Train/9/00009_00021_00012.png
client_0,13083,27,29,5,6,22,23,8,Train/8/00008_00031_00003.png
client_0,25565,27,27,5,6,22,22,18,Train/18/00018_00000_00005.png
client_0,7138,47,48,5,5,42,43,4,Train/4/00004_00022_00028.png
client_0,11171,40,43,5,6,35,38,7,Train/7/00007_00015_00011.png
client_0,19241,49,47,6,6,44,42,12,Train/12/00012_00029_00011.png
client_0,2266,53,55,5,6,48,50,1,Train/1/00001_00056_00016.png
client_0,24077,60,65,5,6,55,60,16,Train/16/00016_00001_00017.png
client_0,37228,107,132,9,11,98,121,38,Train/38/00038_00040_00029.png
client_0,16823,61,61,6,5,56,56,10,Train/10/00010_00059_00023.png
client_0,24761,33,35,5,6,28,29,17,Train/17/00017_00010_00011.png
client_0,27994,43,40,6,6,37,35,23,Train/23/00023_00010_00004.png
client_0,28465,51,56,6,6,46,51,24,Train/24/00024_00008_00025.png
client_0,24768,40,40,5,6,34,35,17,Train/17/00017_00010_00018.png
client_0,35947,45,45,6,5,40,40,37,Train/37/00037_00005_00008.png
client_0,13551,43,43,5,5,38,38,8,Train/8/00008_00046_00021.png
client_0,23526,32,33,6,6,26,28,15,Train/15/00015_00004_00006.png
client_0,1802,44,44,6,6,39,39,1,Train/1/00001_00041_00002.png
client_0,17399,130,118,11,11,119,107,11,Train/11/00011_00011_00029.png
client_0,34688,46,46,6,6,41,41,35,Train/35/00035_00016_00009.png
client_0,1000,34,34,5,5,29,29,1,Train/1/00001_00014_00010.png
client_0,32368,108,97,9,8,99,89,31,Train/31/00031_00009_00028.png
client_0,35267,39,38,5,5,34,33,35,Train/35/00035_00035_00018.png
client_0,11403,30,30,6,6,25,25,7,Train/7/00007_00023_00003.png
client_0,11218,140,140,13,13,128,128,7,Train/7/00007_00016_00028.png
client_0,37244,35,37,5,5,30,32,38,Train/38/00038_00041_00015.png
client_0,9241,27,26,5,6,22,21,5,Train/5/00005_00027_00001.png
client_0,15620,55,55,5,5,50,50,10,Train/10/00010_00019_00020.png
client_0,24547,29,30,6,6,24,25,17,Train/17/00017_00003_00007.png
client_0,8978,31,31,6,6,26,26,5,Train/5/00005_00018_00008.png
client_0,38119,42,43,5,5,36,37,39,Train/39/00039_00001_00020.png
client_0,4804,36,36,6,6,30,30,2,Train/2/00002_00067_00004.png
client_0,21879,68,59,7,5,62,54,13,Train/13/00013_00047_00009.png
client_0,36340,47,47,6,5,42,42,38,Train/38/00038_00011_00011.png
client_0,15831,41,40,6,5,36,35,10,Train/10/00010_00026_00021.png
client_0,28417,45,40,5,5,40,35,24,Train/24/00024_00007_00007.png
client_0,20504,44,45,5,6,39,40,13,Train/13/00013_00001_00014.png
client_0,27836,71,68,7,6,65,62,23,Train/23/00023_00004_00026.png
client_0,10839,37,37,5,5,32,32,7,Train/7/00007_00004_00009.png
client_0,35181,47,49,5,6,42,44,35,Train/35/00035_00032_00022.png
client_0,17767,35,33,5,6,30,28,11,Train/11/00011_00024_00007.png
client_0,5802,36,37,5,6,31,32,3,Train/3/00003_00025_00012.png
client_0,38150,69,76,6,7,62,69,39,Train/39/00039_00002_00021.png
client_0,6011,58,57,6,5,52,52,3,Train/3/00003_00032_00011.png
client_0,13839,37,38,5,6,31,33,9,Train/9/00009_00009_00009.png
client_0,643,52,55,5,6,47,50,1,Train/1/00001_00002_00013.png
client_0,35853,29,28,6,5,24,23,37,Train/37/00037_00002_00004.png
client_0,16111,31,27,6,6,25,21,10,Train/10/00010_00036_00001.png
client_0,1037,44,44,5,5,39,38,1,Train/1/00001_00015_00017.png
client_0,2267,55,57,5,6,50,52,1,Train/1/00001_00056_00017.png
client_0,16018,72,58,6,6,66,52,10,Train/10/00010_00032_00028.png
client_0,13550,43,43,6,6,38,38,8,Train/8/00008_00046_00020.png
client_0,3535,56,57,5,5,51,52,2,Train/2/00002_00024_00025.png
client_0,37768,71,70,7,6,65,64,38,Train/38/00038_00058_00029.png
client_0,11117,43,42,5,6,38,37,7,Train/7/00007_00013_00017.png
client_0,2429,62,67,5,6,57,61,1,Train/1/00001_00061_00029.png
client_0,28043,105,93,9,8,96,85,23,Train/23/00023_00011_00023.png
client_0,27060,30,32,5,6,25,27,21,Train/21/00021_00003_00000.png
client_0,15305,32,32,5,5,27,27,10,Train/10/00010_00009_00005.png
client_0,30611,46,44,5,5,41,39,27,Train/27/00027_00001_00011.png
client_0,27579,40,37,5,6,35,32,22,Train/22/00022_00009_00009.png
client_0,17790,29,28,6,5,24,23,11,Train/11/00011_00025_00000.png
client_0,36229,53,54,5,5,48,49,38,Train/38/00038_00007_00020.png
client_0,6454,43,43,5,5,38,38,4,Train/4/00004_00000_00004.png
client_0,14716,42,43,6,6,37,38,9,Train/9/00009_00038_00016.png
client_0,6189,31,32,5,5,26,27,3,Train/3/00003_00038_00009.png
client_0,23937,65,64,5,6,59,59,15,Train/15/00015_00017_00027.png
client_0,33964,28,30,5,5,23,25,34,Train/34/00034_00006_00005.png
client_0,15681,58,59,5,6,53,54,10,Train/10/00010_00021_00021.png
client_0,17226,32,29,5,6,27,24,11,Train/11/00011_00006_00006.png
client_0,37580,71,108,7,10,65,99,38,Train/38/00038_00052_00021.png
client_0,615,42,43,5,6,37,38,1,Train/1/00001_00001_00015.png
client_0,22308,82,75,7,6,75,69,13,Train/13/00013_00061_00018.png
client_0,4025,27,27,5,5,22,22,2,Train/2/00002_00041_00005.png
client_0,10545,33,36,5,6,28,31,6,Train/6/00006_00008_00015.png
client_0,13567,34,36,5,6,29,31,9,Train/9/00009_00000_00007.png
client_0,10492,53,54,6,5,48,48,6,Train/6/00006_00006_00022.png
client_0,24719,33,36,6,6,28,31,17,Train/17/00017_00008_00029.png
client_0,15567,55,56,5,5,50,51,10,Train/10/00010_00017_00027.png
client_0,6285,73,74,6,7,67,68,3,Train/3/00003_00041_00015.png
client_0,15389,106,107,9,10,97,98,10,Train/10/00010_00011_00029.png
client_0,16168,71,61,6,6,65,56,10,Train/10/00010_00037_00028.png
client_0,19384,55,54,6,5,50,49,12,Train/12/00012_00034_00004.png
client_0,30675,48,49,5,6,43,44,27,Train/27/00027_00003_00015.png
client_0,30561,50,46,5,6,45,41,26,Train/26/00026_00019_00021.png
client_0,19496,112,112,10,10,103,103,12,Train/12/00012_00037_00026.png
client_0,28916,88,81,7,7,81,74,25,Train/25/00025_00014_00026.png
client_0,39138,37,36,5,5,32,31,42,Train/42/00042_00005_00019.png
client_0,20212,61,61,6,5,56,56,12,Train/12/00012_00061_00022.png
client_0,10258,47,52,6,5,42,47,5,Train/5/00005_00060_00028.png
client_0,14303,55,60,6,6,49,55,9,Train/9/00009_00024_00023.png
client_0,24434,56,54,6,5,50,49,16,Train/16/00016_00013_00014.png
client_0,11383,43,44,5,5,38,39,7,Train/7/00007_00022_00013.png
client_0,5441,34,34,6,5,29,28,3,Train/3/00003_00013_00011.png
client_0,29034,75,64,6,5,68,59,25,Train/25/00025_00018_00024.png
client_0,24401,34,34,6,6,29,29,16,Train/16/00016_00012_00011.png
client_0,14577,84,76,8,7,77,70,9,Train/9/00009_00033_00027.png
client_0,5266,37,39,5,6,32,34,3,Train/3/00003_00007_00016.png
client_0,16361,33,32,6,5,27,27,10,Train/10/00010_00044_00011.png
client_0,6234,60,63,6,5,55,58,3,Train/3/00003_00039_00024.png
client_0,8986,35,35,6,6,30,30,5,Train/5/00005_00018_00016.png
client_0,28476,49,47,6,6,44,42,25,Train/25/00025_00000_00006.png
client_0,24620,44,43,6,5,38,37,17,Train/17/00017_00005_00020.png
client_0,7378,118,111,10,10,108,102,4,Train/4/00004_00030_00028.png
client_0,8901,61,61,6,5,56,56,5,Train/5/00005_00015_00021.png
client_0,23963,110,134,9,12,101,123,15,Train/15/00015_00018_00023.png
client_0,37167,98,99,9,8,90,91,38,Train/38/00038_00038_00028.png
client_0,19497,122,121,11,10,112,111,12,Train/12/00012_00037_00027.png
client_0,20911,60,56,6,5,55,51,13,Train/13/00013_00015_00001.png
client_0,36416,58,58,5,5,53,53,38,Train/38/00038_00013_00027.png
client_0,18584,42,45,5,6,37,40,12,Train/12/00012_00007_00014.png
client_0,31055,61,56,5,6,56,51,28,Train/28/00028_00008_00005.png
client_0,454,28,30,5,6,23,25,0,Train/0/00000_00003_00004.png
client_0,24738,42,46,5,6,36,41,17,Train/17/00017_00009_00018.png
client_0,10423,42,41,5,5,37,36,6,Train/6/00006_00004_00013.png
client_0,20927,93,88,9,8,85,80,13,Train/13/00013_00015_00017.png
client_0,8850,29,29,5,5,24,24,5,Train/5/00005_00014_00000.png
client_0,25471,27,27,5,5,22,22,17,Train/17/00017_00034_00001.png
client_0,26237,81,81,8,8,74,74,18,Train/18/00018_00022_00017.png
client_0,29864,54,50,6,6,49,45,25,Train/25/00025_00046_00014.png
client_0,23086,53,53,6,6,48,48,14,Train/14/00014_00015_00016.png
client_0,26746,57,51,6,5,52,46,18,Train/18/00018_00039_00016.png
client_0,8630,55,55,5,5,50,50,5,Train/5/00005_00006_00020.png
client_0,27654,62,61,6,6,57,56,22,Train/22/00022_00011_00024.png
client_0,9762,39,41,6,6,33,36,5,Train/5/00005_00044_00012.png
client_0,20984,58,54,5,6,53,49,13,Train/13/00013_00017_00014.png
client_0,27879,39,35,5,5,34,30,23,Train/23/00023_00006_00009.png
client_0,20154,59,61,5,6,54,56,12,Train/12/00012_00059_00024.png
client_0,12024,51,51,6,5,46,46,7,Train/7/00007_00043_00024.png
client_0,6806,64,69,6,6,59,63,4,Train/4/00004_00011_00026.png
client_0,1274,40,37,6,5,34,31,1,Train/1/00001_00023_00014.png
client_0,32075,43,39,6,5,38,34,31,Train/31/00031_00000_00005.png
client_0,3979,41,42,6,6,36,37,2,Train/2/00002_00039_00019.png
client_0,12033,26,28,5,6,21,23,7,Train/7/00007_00044_00003.png
client_0,27958,154,141,14,13,141,129,23,Train/23/00023_00008_00028.png
client_0,7688,34,35,6,6,29,29,4,Train/4/00004_00041_00008.png
client_0,17062,59,59,6,5,54,54,11,Train/11/00011_00000_00022.png
client_0,17165,40,38,6,5,35,33,11,Train/11/00011_00004_00005.png
client_0,4083,27,27,6,5,22,22,2,Train/2/00002_00043_00003.png
client_0,26606,82,72,7,6,74,66,18,Train/18/00018_00034_00026.png
client_0,22287,119,107,10,10,109,97,13,Train/13/00013_00060_00027.png
client_0,3458,31,32,5,5,26,27,2,Train/2/00002_00022_00008.png
client_0,28535,32,30,6,5,27,25,25,Train/25/00025_00002_00005.png
client_0,4955,27,29,5,5,22,23,2,Train/2/00002_00072_00005.png
client_0,30627,122,110,10,10,111,101,27,Train/27/00027_00001_00027.png
client_0,10533,26,29,5,6,21,24,6,Train/6/00006_00008_00003.png
client_0,24893,33,38,6,6,28,33,17,Train/17/00017_00014_00023.png
client_0,31610,74,68,6,7,68,62,29,Train/29/00029_00008_00020.png
client_0,18117,141,133,13,12,129,122,11,Train/11/00011_00035_00027.png
client_0,24925,47,50,5,6,42,45,17,Train/17/00017_00015_00025.png
client_0,14451,62,62,6,6,57,56,9,Train/9/00009_00029_00021.png
client_0,1005,40,40,6,6,35,35,1,Train/1/00001_00014_00015.png
client_0,26033,85,85,8,8,78,78,18,Train/18/00018_00015_00023.png
client_0,8084,48,51,5,6,43,46,4,Train/4/00004_00054_00014.png
client_0,27723,68,63,6,5,62,58,23,Train/23/00023_00001_00003.png
client_0,9330,28,29,5,6,23,24,5,Train/5/00005_00030_00000.png
client_0,1452,41,43,5,6,35,38,1,Train/1/00001_00029_00012.png
client_0,24422,51,49,6,5,45,44,16,Train/16/00016_00013_00002.png
client_0,20883,46,43,6,6,41,38,13,Train/13/00013_00014_00003.png
client_0,38524,56,56,5,6,51,51,40,Train/40/00040_00005_00005.png
client_0,32501,50,46,6,5,45,41,31,Train/31/00031_00014_00011.png
client_0,28931,48,45,5,5,42,39,25,Train/25/00025_00015_00011.png
client_0,11434,34,34,6,6,29,29,7,Train/7/00007_00024_00004.png
client_0,15867,86,88,8,8,79,81,10,Train/10/00010_00027_00027.png
client_0,37220,68,82,7,8,62,75,38,Train/38/00038_00040_00021.png
client_0,4237,31,30,5,5,26,25,2,Train/2/00002_00048_00007.png
client_0,2999,80,84,7,7,73,76,2,Train/2/00002_00006_00029.png
client_0,7338,48,47,6,5,43,42,4,Train/4/00004_00029_00018.png
client_0,8908,130,136,11,12,119,125,5,Train/5/00005_00015_00028.png
client_0,24920,41,43,5,5,36,38,17,Train/17/00017_00015_00020.png
client_0,11894,38,38,6,6,33,33,7,Train/7/00007_00039_00014.png
client_0,1331,33,31,6,5,28,26,1,Train/1/00001_00025_00011.png
client_0,9583,34,36,5,6,29,31,5,Train/5/00005_00038_00013.png
client_0,6373,35,35,6,5,30,30,3,Train/3/00003_00044_00013.png
client_0,13890,31,33,6,6,26,28,9,Train/9/00009_00011_00000.png
client_0,25328,30,32,6,5,25,26,17,Train/17/00017_00029_00008.png
client_0,3034,28,30,5,6,23,25,2,Train/2/00002_00008_00004.png
client_0,1451,40,42,5,6,35,37,1,Train/1/00001_00029_00011.png
client_0,1448,39,40,5,6,33,34,1,Train/1/00001_00029_00008.png
client_0,22827,97,101,9,9,88,92,14,Train/14/00014_00006_00027.png
client_0,20642,28,26,6,5,23,21,13,Train/13/00013_00006_00002.png
client_0,9130,37,37,6,6,32,32,5,Train/5/00005_00023_00010.png
client_0,21863,75,71,7,6,69,65,13,Train/13/00013_00046_00023.png
client_0,33975,33,35,6,5,28,30,34,Train/34/00034_00006_00016.png
client_0,4292,26,26,5,5,21,21,2,Train/2/00002_00050_00002.png
client_0,36459,36,39,5,6,31,34,38,Train/38/00038_00015_00010.png
client_0,34347,73,75,7,7,67,69,35,Train/35/00035_00004_00028.png
client_0,201,52,46,5,5,47,40,20,Train/20/00020_00006_00021.png
client_0,11640,26,27,5,6,21,22,7,Train/7/00007_00031_00000.png
client_0,28304,73,68,7,7,67,62,24,Train/24/00024_00003_00014.png
client_0,35750,54,55,5,6,48,49,36,Train/36/00036_00011_00021.png
client_0,8729,134,140,12,13,123,128,5,Train/5/00005_00009_00029.png
client_0,15113,43,41,5,6,38,36,10,Train/10/00010_00002_00023.png
client_0,14907,84,84,8,8,77,76,9,Train/9/00009_00044_00027.png
client_0,19740,27,31,5,6,22,26,12,Train/12/00012_00046_00000.png
client_0,24753,26,26,5,5,21,21,17,Train/17/00017_00010_00003.png
client_0,19570,44,43,6,5,39,38,12,Train/12/00012_00040_00010.png
client_0,37028,33,32,6,5,28,27,38,Train/38/00038_00034_00009.png
client_0,25908,49,47,5,6,44,42,18,Train/18/00018_00011_00018.png
client_0,4435,54,56,5,6,49,50,2,Train/2/00002_00054_00025.png
client_0,11501,32,32,6,5,27,27,7,Train/7/00007_00026_00011.png
client_0,20474,40,40,5,6,34,35,13,Train/13/00013_00000_00014.png
client_0,4682,28,30,5,6,23,25,2,Train/2/00002_00063_00002.png
client_0,16181,32,33,5,6,27,28,10,Train/10/00010_00038_00011.png
client_0,27916,50,45,5,6,45,40,23,Train/23/00023_00007_00016.png
client_0,11726,85,87,7,8,77,79,7,Train/7/00007_00033_00026.png
client_0,20991,74,69,6,7,68,63,13,Train/13/00013_00017_00021.png
client_0,26998,141,127,12,11,129,116,21,Train/21/00021_00000_00028.png
client_0,9027,70,67,7,6,64,61,5,Train/5/00005_00019_00027.png
client_0,2270,60,62,5,5,55,57,1,Train/1/00001_00056_00020.png
client_0,22634,69,68,7,6,63,62,14,Train/14/00014_00000_00014.png
client_0,33618,41,55,5,5,36,50,33,Train/33/00033_00017_00018.png
client_0,31516,52,46,6,5,47,41,29,Train/29/00029_00005_00016.png
client_0,15226,41,40,6,5,36,35,10,Train/10/00010_00006_00016.png
client_0,2203,48,46,6,5,43,41,1,Train/1/00001_00054_00013.png
client_0,26682,53,52,6,5,48,47,18,Train/18/00018_00037_00012.png
client_0,1401,53,55,5,6,48,50,1,Train/1/00001_00027_00021.png
client_0,11371,33,31,6,5,27,26,7,Train/7/00007_00022_00001.png
client_0,5601,57,58,5,6,52,53,3,Train/3/00003_00018_00021.png
client_0,2165,54,57,5,6,49,52,1,Train/1/00001_00053_00005.png
client_0,19725,62,62,6,5,57,57,12,Train/12/00012_00045_00015.png
client_0,21625,94,85,9,7,86,78,13,Train/13/00013_00038_00025.png
client_0,22102,130,123,12,11,119,112,13,Train/13/00013_00054_00022.png
client_0,36547,31,31,6,5,26,26,38,Train/38/00038_00018_00008.png
client_0,1128,71,71,7,7,65,65,1,Train/1/00001_00018_00018.png
client_0,16673,55,54,6,5,50,49,10,Train/10/00010_00054_00023.png
client_0,28574,97,86,8,8,89,79,25,Train/25/00025_00003_00014.png
client_0,30965,40,44,5,6,35,38,28,Train/28/00028_00005_00005.png
client_0,277,39,40,5,6,34,35,20,Train/20/00020_00009_00007.png
client_0,35222,32,36,5,6,27,31,35,Train/35/00035_00034_00003.png
client_0,1427,42,50,5,5,37,45,1,Train/1/00001_00028_00017.png
client_0,16709,64,64,5,6,59,59,10,Train/10/00010_00055_00029.png
client_0,26994,94,87,8,7,86,80,21,Train/21/00021_00000_00024.png
client_0,16140,27,27,6,6,22,21,10,Train/10/00010_00037_00000.png
client_0,21877,63,57,6,5,58,52,13,Train/13/00013_00047_00007.png
client_0,26690,57,57,6,6,52,52,18,Train/18/00018_00037_00020.png
client_0,18493,30,26,5,5,25,21,12,Train/12/00012_00004_00013.png
client_0,24984,68,71,6,7,62,65,17,Train/17/00017_00017_00024.png
client_0,11652,33,31,6,5,27,26,7,Train/7/00007_00031_00012.png
client_0,25716,85,77,7,7,78,71,18,Train/18/00018_00005_00006.png
client_0,412,45,47,5,6,40,42,0,Train/0/00000_00001_00022.png
client_0,3829,46,49,5,6,41,44,2,Train/2/00002_00034_00019.png
client_0,23913,34,34,6,5,29,28,15,Train/15/00015_00017_00003.png
client_0,3871,29,31,5,6,24,26,2,Train/2/00002_00036_00001.png
client_0,25859,58,50,6,5,52,45,18,Train/18/00018_00009_00029.png
client_0,11135,39,39,6,6,34,34,7,Train/7/00007_00014_00005.png
client_0,32174,50,46,6,6,45,41,31,Train/31/00031_00003_00014.png
client_0,38538,82,81,7,7,75,74,40,Train/40/00040_00005_00019.png
client_0,26201,35,33,6,6,30,28,18,Train/18/00018_00021_00011.png
client_0,34998,52,51,6,5,47,46,35,Train/35/00035_00026_00019.png
client_0,29844,55,54,5,6,50,49,25,Train/25/00025_00045_00024.png
client_0,3290,53,53,6,6,47,47,2,Train/2/00002_00016_00020.png
client_0,17819,135,120,11,11,124,110,11,Train/11/00011_00025_00029.png
client_0,35924,37,39,5,6,32,34,37,Train/37/00037_00004_00015.png
client_0,9100,36,37,5,6,31,32,5,Train/5/00005_00022_00010.png
client_0,30054,45,43,5,6,40,38,26,Train/26/00026_00002_00024.png
client_0,31713,44,40,5,6,39,35,30,Train/30/00030_00003_00003.png
client_0,25295,37,37,6,5,32,32,17,Train/17/00017_00028_00005.png
client_0,32617,41,39,6,6,36,34,31,Train/31/00031_00018_00007.png
client_0,32230,38,39,5,6,33,34,31,Train/31/00031_00005_00010.png
client_0,38255,29,30,5,6,24,25,39,Train/39/00039_00006_00006.png
client_0,31926,37,36,5,5,32,31,30,Train/30/00030_00010_00006.png
client_0,13348,88,93,8,8,81,85,8,Train/8/00008_00039_00028.png
client_0,3180,30,32,5,6,25,27,2,Train/2/00002_00013_00000.png
client_0,26653,58,57,6,5,53,52,18,Train/18/00018_00036_00013.png
client_0,9287,43,40,6,5,38,35,5,Train/5/00005_00028_00017.png
client_0,7470,29,29,5,5,24,24,4,Train/4/00004_00034_00000.png
client_0,18065,39,37,5,5,33,32,11,Train/11/00011_00034_00005.png
client_0,27450,32,31,6,5,27,26,22,Train/22/00022_00005_00000.png
client_0,30136,48,42,6,5,43,37,26,Train/26/00026_00005_00016.png
client_0,34485,44,45,6,6,39,40,35,Train/35/00035_00009_00016.png
client_0,18044,49,49,6,5,44,43,11,Train/11/00011_00033_00014.png
client_0,12653,48,50,6,5,43,45,8,Train/8/00008_00016_00023.png
client_0,36220,39,40,6,6,33,35,38,Train/38/00038_00007_00011.png
client_0,26745,54,50,5,6,49,45,18,Train/18/00018_00039_00015.png
client_0,36247,29,31,5,6,24,25,38,Train/38/00038_00008_00008.png
client_0,10809,38,39,5,6,33,34,7,Train/7/00007_00003_00009.png
client_0,3613,35,35,6,6,30,30,2,Train/2/00002_00027_00013.png
client_0,35274,54,54,5,6,49,49,35,Train/35/00035_00035_00025.png
client_0,14140,32,33,5,6,27,28,9,Train/9/00009_00019_00010.png
client_0,3611,34,34,6,6,28,28,2,Train/2/00002_00027_00011.png
client_0,13121,35,37,5,6,29,31,8,Train/8/00008_00032_00011.png
client_0,39033,30,30,6,6,24,24,42,Train/42/00042_00002_00004.png
client_0,20980,54,48,6,5,49,43,13,Train/13/00013_00017_00010.png
client_0,37040,48,51,6,5,43,46,38,Train/38/00038_00034_00021.png
client_0,13772,28,29,5,6,23,24,9,Train/9/00009_00007_00002.png
client_0,5454,59,59,6,6,53,54,3,Train/3/00003_00013_00024.png
client_0,23754,62,64,5,5,57,59,15,Train/15/00015_00011_00024.png
client_0,23965,115,136,10,11,105,125,15,Train/15/00015_00018_00025.png
client_0,30480,30,26,6,6,24,21,26,Train/26/00026_00017_00000.png
client_0,18552,52,52,6,6,46,46,12,Train/12/00012_00006_00012.png
client_0,33772,52,51,5,5,46,46,33,Train/33/00033_00022_00023.png
client_0,34905,44,44,6,6,39,39,35,Train/35/00035_00023_00016.png
client_0,30402,71,63,7,6,64,57,26,Train/26/00026_00014_00012.png
client_0,7061,32,31,6,5,27,26,4,Train/4/00004_00020_00011.png
client_0,26798,37,34,6,5,32,28,19,Train/19/00019_00001_00008.png
client_0,32263,40,41,5,6,35,36,31,Train/31/00031_00006_00013.png
client_0,421,27,28,5,6,22,23,0,Train/0/00000_00002_00001.png
client_0,38309,32,33,5,5,27,28,39,Train/39/00039_00008_00000.png
client_0,17692,62,54,6,6,57,49,11,Train/11/00011_00021_00022.png
client_0,22570,86,80,7,7,79,73,13,Train/13/00013_00070_00010.png
client_0,3372,39,41,5,6,33,36,2,Train/2/00002_00019_00012.png
client_0,2313,31,31,6,6,26,26,1,Train/1/00001_00058_00003.png
client_0,18393,31,28,6,5,25,23,12,Train/12/00012_00001_00003.png
client_0,28906,53,48,6,5,48,43,25,Train/25/00025_00014_00016.png
client_0,6108,45,46,5,6,39,41,3,Train/3/00003_00035_00018.png
client_0,36655,51,55,5,6,46,50,38,Train/38/00038_00021_00026.png
client_0,34778,31,32,6,6,26,27,35,Train/35/00035_00019_00009.png
client_0,37879,43,44,5,6,38,39,38,Train/38/00038_00062_00020.png
client_0,38643,27,29,5,6,22,24,40,Train/40/00040_00009_00004.png
client_0,32805,39,38,5,6,34,33,31,Train/31/00031_00024_00015.png
client_0,16746,35,34,5,5,30,29,10,Train/10/00010_00057_00006.png
client_0,36577,32,32,5,6,27,27,38,Train/38/00038_00019_00008.png
client_0,38597,43,45,6,6,38,40,40,Train/40/00040_00007_00018.png
client_0,13946,93,96,9,8,85,88,9,Train/9/00009_00012_00026.png
client_0,17837,97,84,8,7,89,77,11,Train/11/00011_00026_00017.png
client_0,26397,123,113,10,10,113,104,18,Train/18/00018_00027_00027.png
client_0,22703,57,58,5,6,51,52,14,Train/14/00014_00002_00023.png
client_0,28752,35,35,5,5,30,30,25,Train/25/00025_00009_00012.png
client_0,32776,43,42,6,6,38,37,31,Train/31/00031_00023_00016.png
client_0,9397,29,29,5,5,23,24,5,Train/5/00005_00032_00007.png
client_0,8347,28,27,6,5,23,22,4,Train/4/00004_00063_00007.png
client_0,17520,37,37,5,6,32,32,11,Train/11/00011_00016_00000.png
client_0,3758,34,31,6,5,29,26,2,Train/2/00002_00032_00008.png
client_0,13587,57,57,5,5,52,52,9,Train/9/00009_00000_00027.png
client_0,35383,41,41,5,5,36,36,35,Train/35/00035_00039_00014.png
client_0,5639,49,48,5,6,44,43,3,Train/3/00003_00019_00029.png
client_0,14016,43,43,5,5,38,38,9,Train/9/00009_00015_00006.png
client_0,9193,30,31,5,6,25,26,5,Train/5/00005_00025_00013.png
client_0,17880,26,42,6,6,21,37,11,Train/11/00011_00028_00000.png
client_0,24897,35,40,6,6,30,35,17,Train/17/00017_00014_00027.png
client_0,20093,48,49,5,5,42,44,12,Train/12/00012_00057_00023.png
client_0,30813,38,35,6,6,33,30,28,Train/28/00028_00000_00003.png
client_0,11653,33,33,6,6,28,28,7,Train/7/00007_00031_00013.png
client_0,21048,71,61,7,6,65,56,13,Train/13/00013_00019_00018.png
client_0,16919,74,80,6,8,68,73,10,Train/10/00010_00062_00029.png
client_0,35362,47,49,6,5,42,44,35,Train/35/00035_00038_00023.png
client_0,15076,42,39,5,6,37,34,10,Train/10/00010_00001_00016.png
client_0,36085,76,76,6,6,70,70,38,Train/38/00038_00002_00026.png
client_0,11968,64,65,5,6,59,60,7,Train/7/00007_00041_00028.png
client_0,19809,42,48,5,6,37,43,12,Train/12/00012_00048_00009.png
client_0,14158,59,61,5,5,54,56,9,Train/9/00009_00019_00028.png
client_0,36047,46,58,6,5,41,53,38,Train/38/00038_00001_00018.png
client_0,3796,34,36,6,6,29,31,2,Train/2/00002_00033_00016.png
client_0,1434,64,80,5,8,59,73,1,Train/1/00001_00028_00024.png
client_0,20493,28,30,6,5,23,25,13,Train/13/00013_00001_00003.png
client_0,3444,47,49,5,6,42,44,2,Train/2/00002_00021_00024.png
client_0,2748,72,73,6,7,66,67,1,Train/1/00001_00072_00018.png
client_0,385,85,86,7,8,78,79,0,Train/0/00000_00000_00025.png
client_0,20039,117,117,10,10,107,107,12,Train/12/00012_00055_00029.png
client_0,36769,42,42,5,5,37,37,38,Train/38/00038_00025_00020.png
client_0,14924,43,47,5,6,37,42,9,Train/9/00009_00045_00014.png
client_0,4768,154,154,14,14,141,141,2,Train/2/00002_00065_00028.png
client_0,18349,45,44,5,5,40,39,11,Train/11/00011_00043_00019.png
client_0,12157,40,39,6,5,35,34,8,Train/8/00008_00000_00007.png
client_0,17944,28,29,6,6,23,24,11,Train/11/00011_00030_00004.png
client_0,31629,38,36,6,5,33,31,30,Train/30/00030_00000_00009.png
client_0,16441,28,27,6,5,23,22,10,Train/10/00010_00047_00001.png
client_0,15527,40,40,5,5,35,35,10,Train/10/00010_00016_00017.png
client_0,559,60,64,5,6,55,59,0,Train/0/00000_00006_00019.png
client_0,28841,62,60,5,6,57,55,25,Train/25/00025_00012_00011.png
client_0,28980,32,32,6,6,27,27,25,Train/25/00025_00017_00000.png
client_0,29354,65,61,6,5,60,56,25,Train/25/00025_00029_00014.png
client_0,26740,47,43,6,5,41,37,18,Train/18/00018_00039_00010.png
client_0,32602,105,95,10,9,96,87,31,Train/31/00031_00017_00022.png
client_0,32753,51,50,6,5,46,45,31,Train/31/00031_00022_00023.png
client_0,13680,27,26,6,6,21,21,9,Train/9/00009_00004_00000.png
client_0,6998,42,45,5,6,36,40,4,Train/4/00004_00018_00008.png
client_0,27394,42,39,6,6,37,34,22,Train/22/00022_00003_00004.png
client_0,23461,29,34,5,6,24,29,15,Train/15/00015_00002_00001.png
client_0,25368,52,56,5,6,46,51,17,Train/17/00017_00030_00018.png
client_0,11595,37,37,6,5,32,32,7,Train/7/00007_00029_00015.png
client_0,19811,45,47,6,5,40,42,12,Train/12/00012_00048_00011.png
client_0,22822,68,67,7,6,62,61,14,Train/14/00014_00006_00022.png
client_0,27,111,100,9,8,102,92,20,Train/20/00020_00000_00027.png
client_0,14502,32,32,6,6,27,27,9,Train/9/00009_00031_00012.png
client_0,15900,28,28,5,5,23,23,10,Train/10/00010_00029_00000.png
client_0,34947,55,56,6,6,50,51,35,Train/35/00035_00024_00028.png
client_0,23761,37,40,6,5,31,35,15,Train/15/00015_00012_00001.png
client_0,2575,93,92,9,9,85,84,1,Train/1/00001_00066_00025.png
client_0,14761,42,42,6,5,37,37,9,Train/9/00009_00040_00001.png
client_0,31065,85,75,7,6,78,69,28,Train/28/00028_00008_00015.png
client_0,2610,26,27,6,6,21,21,1,Train/1/00001_00068_00000.png
client_0,26037,110,104,9,9,101,95,18,Train/18/00018_00015_00027.png
client_0,26238,85,83,8,7,77,76,18,Train/18/00018_00022_00018.png
client_0,28017,120,108,11,9,110,98,23,Train/23/00023_00010_00027.png
client_0,13463,49,49,5,6,44,44,8,Train/8/00008_00043_00023.png
client_0,25777,62,58,5,6,57,52,18,Train/18/00018_00007_00007.png
client_0,15798,42,43,6,5,37,38,10,Train/10/00010_00025_00018.png
client_0,27942,56,52,6,6,51,47,23,Train/23/00023_00008_00012.png
client_0,135,37,37,6,6,32,32,20,Train/20/00020_00004_00015.png
client_0,28290,50,47,6,5,45,42,24,Train/24/00024_00003_00000.png
client_0,38422,62,62,6,5,57,56,40,Train/40/00040_00001_00023.png
client_0,2569,63,61,6,5,57,55,1,Train/1/00001_00066_00019.png
client_0,35562,40,40,6,6,35,35,36,Train/36/00036_00005_00013.png
client_0,490,66,71,6,7,60,65,0,Train/0/00000_00004_00010.png
client_0,37139,26,28,5,6,21,23,38,Train/38/00038_00038_00000.png
client_0,20198,46,49,6,5,41,44,12,Train/12/00012_00061_00008.png
client_0,31947,67,60,6,6,61,55,30,Train/30/00030_00010_00027.png
client_0,2259,44,46,6,6,39,41,1,Train/1/00001_00056_00009.png
client_0,31490,57,55,6,5,52,49,29,Train/29/00029_00004_00020.png
client_0,36966,36,36,5,5,31,31,38,Train/38/00038_00032_00007.png
client_0,21813,74,74,6,6,68,68,13,Train/13/00013_00045_00003.png
client_0,10872,43,43,6,6,38,38,7,Train/7/00007_00005_00012.png
client_0,38024,41,45,5,6,36,40,38,Train/38/00038_00067_00015.png
client_0,9960,29,30,5,6,24,25,5,Train/5/00005_00051_00000.png
client_0,19701,56,57,5,6,51,52,12,Train/12/00012_00044_00021.png
client_0,11838,41,41,6,6,36,36,7,Train/7/00007_00037_00018.png
client_0,31787,49,47,6,6,44,42,30,Train/30/00030_00005_00017.png
client_0,6062,30,29,6,5,25,24,3,Train/3/00003_00034_00002.png
client_0,14690,58,58,5,5,53,53,9,Train/9/00009_00037_00020.png
client_0,28575,104,91,10,8,95,83,25,Train/25/00025_00003_00015.png
client_0,31622,31,25,5,5,26,20,30,Train/30/00030_00000_00002.png
client_0,20444,60,63,5,5,55,58,12,Train/12/00012_00069_00014.png
client_0,38669,30,32,5,5,25,27,40,Train/40/00040_00010_00000.png
client_0,21431,47,40,5,6,42,34,13,Train/13/00013_00032_00011.png
client_0,10956,33,35,5,6,28,30,7,Train/7/00007_00008_00006.png
client_0,32047,33,32,6,6,28,27,30,Train/30/00030_00014_00007.png
client_0,6367,31,31,6,5,26,26,3,Train/3/00003_00044_00007.png
client_0,14508,33,34,5,5,28,28,9,Train/9/00009_00031_00018.png
client_0,35816,54,51,6,5,48,46,37,Train/37/00037_00000_00027.png
client_0,9704,40,41,6,5,35,36,5,Train/5/00005_00042_00014.png
client_0,28828,159,176,14,16,146,161,25,Train/25/00025_00011_00028.png
client_0,27376,52,50,5,5,47,45,22,Train/22/00022_00002_00016.png
client_0,36246,30,30,6,5,25,24,38,Train/38/00038_00008_00007.png
client_0,13226,57,58,5,6,52,53,8,Train/8/00008_00035_00026.png
client_0,32129,86,80,8,7,79,73,31,Train/31/00031_00001_00029.png
client_0,4994,38,38,5,6,32,33,2,Train/2/00002_00073_00014.png
client_0,8819,123,123,10,10,113,113,5,Train/5/00005_00012_00029.png
client_0,14141,33,32,6,5,28,27,9,Train/9/00009_00019_00011.png
client_0,23259,39,41,6,6,34,36,14,Train/14/00014_00021_00009.png
client_0,29811,68,61,7,6,62,56,25,Train/25/00025_00044_00021.png
client_0,9118,81,81,8,8,74,74,5,Train/5/00005_00022_00028.png
client_0,37584,73,116,6,10,67,106,38,Train/38/00038_00052_00025.png
client_0,1308,30,28,6,5,25,23,1,Train/1/00001_00024_00018.png
client_0,11412,34,34,5,5,29,29,7,Train/7/00007_00023_00012.png
client_0,12101,32,33,5,6,27,28,7,Train/7/00007_00046_00011.png
client_0,10249,35,38,5,5,29,33,5,Train/5/00005_00060_00019.png
client_0,24425,52,51,6,6,46,46,16,Train/16/00016_00013_00005.png
client_0,10403,53,54,6,5,48,49,6,Train/6/00006_00003_00023.png
client_0,6208,121,128,10,12,111,117,3,Train/3/00003_00038_00028.png
client_0,28730,134,125,11,11,123,115,25,Train/25/00025_00008_00020.png
client_0,34131,74,75,6,7,68,69,34,Train/34/00034_00011_00022.png
client_0,7158,37,38,6,6,32,32,4,Train/4/00004_00023_00018.png
client_0,27604,31,31,6,6,26,26,22,Train/22/00022_00010_00004.png
client_0,23237,74,81,7,8,68,73,14,Train/14/00014_00020_00017.png
client_0,24118,60,60,6,6,55,55,16,Train/16/00016_00002_00028.png
client_0,26587,39,36,6,6,34,31,18,Train/18/00018_00034_00007.png
client_0,7683,30,30,5,5,25,25,4,Train/4/00004_00041_00003.png
client_0,38590,35,35,6,6,30,30,40,Train/40/00040_00007_00011.png
client_0,19908,42,42,6,5,37,37,12,Train/12/00012_00051_00018.png
client_0,4849,45,46,5,6,40,41,2,Train/2/00002_00068_00019.png
client_0,36375,32,30,6,5,27,25,38,Train/38/00038_00012_00016.png
client_0,10521,35,38,5,6,29,32,6,Train/6/00006_00007_00021.png
client_0,22969,58,58,5,5,53,53,14,Train/14/00014_00011_00019.png
client_0,28366,35,32,6,5,30,27,24,Train/24/00024_00005_00016.png
client_0,23018,51,52,6,6,46,47,14,Train/14/00014_00013_00008.png
client_0,16232,28,28,5,5,23,23,10,Train/10/00010_00040_00002.png
client_0,24535,35,49,6,6,30,44,17,Train/17/00017_00002_00025.png
client_0,35240,39,44,6,6,34,39,35,Train/35/00035_00034_00021.png
client_0,11462,28,29,5,6,23,24,7,Train/7/00007_00025_00002.png
client_0,19280,41,41,5,5,36,36,12,Train/12/00012_00030_00020.png
client_0,15263,69,68,7,6,63,62,10,Train/10/00010_00007_00023.png
client_0,21064,40,38,6,6,35,33,13,Train/13/00013_00020_00004.png
client_0,29613,31,30,5,6,26,25,25,Train/25/00025_00038_00003.png
client_0,65,36,36,5,6,31,31,20,Train/20/00020_00002_00005.png
client_0,27763,49,46,5,5,44,41,23,Train/23/00023_00002_00013.png
client_0,13971,60,59,5,5,54,54,9,Train/9/00009_00013_00021.png
client_0,37499,31,32,5,5,26,27,38,Train/38/00038_00050_00000.png
client_0,35676,29,30,5,6,23,25,36,Train/36/00036_00009_00007.png
client_0,31985,33,32,6,5,28,27,30,Train/30/00030_00012_00005.png
client_0,22862,31,34,6,5,26,29,14,Train/14/00014_00008_00002.png
client_0,31429,56,49,6,5,51,44,29,Train/29/00029_00002_00019.png
client_0,16138,55,47,5,6,50,42,10,Train/10/00010_00036_00028.png
client_0,19093,50,50,5,5,45,45,12,Train/12/00012_00024_00013.png
client_0,21939,38,32,6,5,33,27,13,Train/13/00013_00049_00009.png
client_0,27739,121,112,10,10,110,103,23,Train/23/00023_00001_00019.png
client_0,11916,28,29,5,5,23,24,7,Train/7/00007_00040_00006.png
client_0,29456,60,57,5,6,54,51,25,Train/25/00025_00032_00026.png
client_0,2831,33,34,5,6,28,29,2,Train/2/00002_00001_00011.png
client_0,14917,35,38,5,5,30,33,9,Train/9/00009_00045_00007.png
client_0,20719,57,68,6,6,52,62,13,Train/13/00013_00008_00019.png
client_0,14362,89,90,8,8,82,82,9,Train/9/00009_00026_00022.png
client_0,36139,44,46,6,5,39,41,38,Train/38/00038_00004_00020.png
client_0,36344,49,53,5,6,44,48,38,Train/38/00038_00011_00015.png
client_0,19404,108,108,9,9,99,99,12,Train/12/00012_00034_00024.png
client_0,10848,49,49,6,6,44,44,7,Train/7/00007_00004_00018.png
client_0,15974,37,38,5,5,32,32,10,Train/10/00010_00031_00014.png
client_0,37035,37,39,6,6,32,34,38,Train/38/00038_00034_00016.png
client_0,37033,35,38,5,6,30,33,38,Train/38/00038_00034_00014.png
client_0,27725,74,70,7,7,68,64,23,Train/23/00023_00001_00005.png
client_0,24364,26,27,5,5,20,21,16,Train/16/00016_00011_00004.png
client_0,8953,45,45,5,5,40,40,5,Train/5/00005_00017_00013.png
client_0,12527,49,48,6,5,44,43,8,Train/8/00008_00012_00017.png
client_0,37211,48,56,5,6,43,51,38,Train/38/00038_00040_00012.png
client_0,18260,64,58,5,6,59,53,11,Train/11/00011_00040_00020.png
client_0,16968,37,39,5,6,32,34,10,Train/10/00010_00064_00018.png
client_0,29249,75,71,6,6,69,65,25,Train/25/00025_00025_00029.png
client_0,30230,57,52,5,6,52,47,26,Train/26/00026_00008_00020.png
client_0,11131,36,35,6,5,31,30,7,Train/7/00007_00014_00001.png
client_0,27959,177,160,16,14,162,147,23,Train/23/00023_00008_00029.png
client_0,3882,39,37,6,6,34,32,2,Train/2/00002_00036_00012.png
client_0,34345,59,62,5,5,54,56,35,Train/35/00035_00004_00026.png
client_0,34224,85,91,8,8,78,83,35,Train/35/00035_00000_00025.png
client_0,13251,60,61,5,6,55,56,8,Train/8/00008_00036_00021.png
client_0,24995,33,34,6,5,28,29,17,Train/17/00017_00018_00005.png
client_0,25837,33,32,5,6,28,26,18,Train/18/00018_00009_00007.png
client_0,35210,54,58,5,6,49,53,35,Train/35/00035_00033_00021.png
client_0,25964,44,44,5,5,38,39,18,Train/18/00018_00013_00014.png
client_0,16622,35,35,6,6,30,30,10,Train/10/00010_00053_00002.png
client_0,2150,52,54,5,6,46,49,1,Train/1/00001_00052_00020.png
client_0,21598,143,143,12,12,131,131,13,Train/13/00013_00037_00028.png
client_0,35371,31,31,5,5,26,26,35,Train/35/00035_00039_00002.png
client_0,5520,34,35,6,5,29,29,3,Train/3/00003_00016_00000.png
client_0,4289,74,71,6,6,67,65,2,Train/2/00002_00049_00029.png
client_0,4766,132,131,12,11,121,120,2,Train/2/00002_00065_00026.png
client_0,14102,32,32,6,6,27,27,9,Train/9/00009_00018_00002.png
client_0,14928,51,55,6,6,46,50,9,Train/9/00009_00045_00018.png
client_0,7818,41,41,6,5,36,35,4,Train/4/00004_00045_00018.png
client_0,25287,78,88,7,7,71,80,17,Train/17/00017_00027_00027.png
client_0,24268,55,54,6,6,49,49,16,Train/16/00016_00007_00028.png
client_0,2348,39,40,5,5,34,35,1,Train/1/00001_00059_00008.png
client_0,16562,34,34,5,6,29,29,10,Train/10/00010_00051_00002.png
client_0,25284,61,62,5,5,55,56,17,Train/17/00017_00027_00024.png
client_0,10681,27,28,5,6,21,22,6,Train/6/00006_00013_00001.png
client_0,14024,43,43,5,5,38,38,9,Train/9/00009_00015_00014.png
client_0,38212,64,68,6,7,59,62,39,Train/39/00039_00004_00023.png
client_0,14328,44,44,6,6,39,39,9,Train/9/00009_00025_00018.png
client_0,13811,30,30,5,5,25,25,9,Train/9/00009_00008_00011.png
client_0,18041,45,40,6,5,40,35,11,Train/11/00011_00033_00011.png
client_0,6873,28,30,5,6,23,25,4,Train/4/00004_00014_00003.png
client_0,10628,32,32,5,5,27,27,6,Train/6/00006_00011_00008.png
client_0,28852,88,84,7,8,81,77,25,Train/25/00025_00012_00022.png
client_0,11979,35,35,6,6,30,30,7,Train/7/00007_00042_00009.png
client_0,1339,42,41,6,5,37,35,1,Train/1/00001_00025_00019.png
client_0,22104,137,129,12,11,126,118,13,Train/13/00013_00054_00024.png
client_0,27843,32,32,6,6,27,26,23,Train/23/00023_00005_00003.png
client_0,20266,38,41,5,6,33,36,12,Train/12/00012_00063_00016.png
client_0,20806,44,49,5,5,39,44,13,Train/13/00013_00011_00016.png
client_0,30566,70,60,7,5,63,55,26,Train/26/00026_00019_00026.png
client_0,10864,35,36,5,6,30,31,7,Train/7/00007_00005_00004.png
client_0,35649,33,34,5,6,28,29,36,Train/36/00036_00008_00010.png
client_0,7339,49,49,5,5,44,44,4,Train/4/00004_00029_00019.png
client_0,32167,43,40,5,5,38,34,31,Train/31/00031_00003_00007.png
client_0,1098,50,53,5,6,45,48,1,Train/1/00001_00017_00018.png
client_0,19094,53,52,6,5,48,47,12,Train/12/00012_00024_00014.png
client_0,10975,58,60,5,5,53,55,7,Train/7/00007_00008_00025.png
client_0,36783,28,28,6,5,23,23,38,Train/38/00038_00026_00004.png
client_0,11741,32,36,5,6,27,31,7,Train/7/00007_00034_00011.png
client_0,28014,93,86,9,8,85,78,23,Train/23/00023_00010_00024.png
client_0,10432,51,51,5,6,46,46,6,Train/6/00006_00004_00022.png
client_0,703,31,32,6,6,26,27,1,Train/1/00001_00004_00013.png
client_0,28185,53,51,6,5,48,46,23,Train/23/00023_00016_00015.png
client_0,30268,98,92,8,9,90,84,26,Train/26/00026_00009_00028.png
client_0,957,84,83,8,7,77,76,1,Train/1/00001_00012_00027.png
client_0,25986,38,37,6,5,33,32,18,Train/18/00018_00014_00006.png
client_0,11934,39,39,5,5,34,34,7,Train/7/00007_00040_00024.png
client_0,22959,46,46,6,6,41,41,14,Train/14/00014_00011_00009.png
client_0,2590,41,39,6,5,35,34,1,Train/1/00001_00067_00010.png
client_0,7382,28,30,6,6,23,25,4,Train/4/00004_00031_00002.png
client_0,2927,41,42,6,6,35,36,2,Train/2/00002_00004_00017.png
client_0,4540,28,29,5,6,23,24,2,Train/2/00002_00058_00010.png
client_0,27846,36,35,6,6,31,30,23,Train/23/00023_00005_00006.png
client_0,34938,42,45,5,5,37,40,35,Train/35/00035_00024_00019.png
client_0,11636,42,43,5,5,37,38,7,Train/7/00007_00030_00026.png
client_0,36226,47,48,5,6,42,43,38,Train/38/00038_00007_00017.png
client_0,34329,33,34,5,6,28,29,35,Train/35/00035_00004_00010.png
client_0,5605,77,77,7,7,71,71,3,Train/3/00003_00018_00025.png
client_0,37257,88,92,7,8,81,84,38,Train/38/00038_00041_00028.png
client_0,4106,57,57,5,5,52,52,2,Train/2/00002_00043_00026.png
client_0,16407,65,69,6,6,60,63,10,Train/10/00010_00045_00027.png
client_0,25394,38,42,5,6,33,37,17,Train/17/00017_00031_00014.png
client_0,11905,53,53,5,5,48,48,7,Train/7/00007_00039_00025.png
client_0,25556,30,38,5,5,25,33,17,Train/17/00017_00036_00026.png
client_0,37102,86,88,8,8,79,81,38,Train/38/00038_00036_00023.png
client_0,18438,55,58,5,6,50,53,12,Train/12/00012_00002_00018.png
client_0,21011,40,41,5,6,35,36,13,Train/13/00013_00018_00011.png
client_0,2224,54,60,6,6,49,55,1,Train/1/00001_00055_00004.png
client_0,6218,30,30,6,5,25,25,3,Train/3/00003_00039_00008.png
client_0,7559,134,128,11,12,123,117,4,Train/4/00004_00036_00029.png
client_0,10606,40,41,5,5,35,36,6,Train/6/00006_00010_00016.png
client_0,1367,76,75,6,7,70,69,1,Train/1/00001_00026_00017.png
client_0,24242,29,30,6,5,24,25,16,Train/16/00016_00007_00002.png
client_0,24075,55,58,5,5,50,53,16,Train/16/00016_00001_00015.png
client_0,26000,54,54,5,5,49,49,18,Train/18/00018_00014_00020.png
client_0,38155,93,97,9,9,85,89,39,Train/39/00039_00002_00026.png
client_0,36575,32,32,6,6,27,27,38,Train/38/00038_00019_00006.png
client_0,13885,83,81,7,7,75,73,9,Train/9/00009_00010_00025.png
client_0,2576,100,99,9,8,92,90,1,Train/1/00001_00066_00026.png
client_0,30581,61,58,6,6,56,52,27,Train/27/00027_00000_00011.png
client_0,30174,64,60,6,6,59,55,26,Train/26/00026_00006_00024.png
client_0,35957,68,70,6,7,62,64,37,Train/37/00037_00005_00018.png
client_0,11369,73,74,7,7,67,68,7,Train/7/00007_00021_00029.png
client_0,12845,37,36,6,5,32,31,8,Train/8/00008_00023_00005.png
client_0,12879,35,35,5,5,30,30,8,Train/8/00008_00024_00009.png
client_0,22548,43,43,6,6,38,38,13,Train/13/00013_00069_00018.png
client_0,20515,86,84,7,8,79,77,13,Train/13/00013_00001_00025.png
client_0,10801,32,31,6,5,27,26,7,Train/7/00007_00003_00001.png
client_0,23692,62,61,6,5,57,56,15,Train/15/00015_00009_00022.png
client_0,16006,40,35,5,5,35,30,10,Train/10/00010_00032_00016.png
client_0,31660,39,36,6,6,34,31,30,Train/30/00030_00001_00010.png
client_0,21905,53,48,6,6,47,43,13,Train/13/00013_00048_00005.png
client_0,10812,40,40,5,5,35,35,7,Train/7/00007_00003_00012.png
client_0,1832,34,36,6,6,29,31,1,Train/1/00001_00042_00002.png
client_0,8165,30,30,5,5,25,25,4,Train/4/00004_00057_00005.png
client_0,11288,29,27,6,5,24,22,7,Train/7/00007_00019_00008.png
client_0,16513,36,36,5,5,31,31,10,Train/10/00010_00049_00013.png
client_0,26504,44,40,6,5,39,35,18,Train/18/00018_00031_00014.png
client_0,13544,36,36,6,5,31,31,8,Train/8/00008_00046_00014.png
client_0,5257,29,30,5,5,24,25,3,Train/3/00003_00007_00007.png
client_0,32216,83,69,7,7,76,63,31,Train/31/00031_00004_00026.png
client_0,12132,31,31,6,5,26,25,7,Train/7/00007_00047_00012.png
client_0,2531,34,36,5,6,28,30,1,Train/1/00001_00065_00011.png
client_0,15277,33,34,5,6,28,29,10,Train/10/00010_00008_00007.png
client_0,21461,45,39,5,5,40,34,13,Train/13/00013_00033_00011.png
client_0,10328,35,37,5,6,30,32,6,Train/6/00006_00001_00008.png
client_0,25461,35,36,5,6,30,31,17,Train/17/00017_00033_00021.png
client_0,18623,70,73,6,6,64,67,12,Train/12/00012_00008_00023.png
client_0,30147,63,56,5,6,58,51,26,Train/26/00026_00005_00027.png
client_0,36463,40,43,6,6,35,38,38,Train/38/00038_00015_00014.png
client_0,14038,43,43,5,5,38,38,9,Train/9/00009_00015_00028.png
client_0,9632,27,27,6,6,22,22,5,Train/5/00005_00040_00002.png
client_0,34758,40,42,5,5,35,37,35,Train/35/00035_00018_00019.png
client_0,38291,64,68,6,7,59,62,39,Train/39/00039_00007_00012.png
client_0,28859,135,125,12,11,123,114,25,Train/25/00025_00012_00029.png
client_0,37757,51,53,6,6,46,48,38,Train/38/00038_00058_00018.png
client_0,27987,82,73,7,6,75,67,23,Train/23/00023_00009_00027.png
client_0,34855,83,82,8,8,76,75,35,Train/35/00035_00021_00026.png
client_0,28468,57,57,6,5,52,52,24,Train/24/00024_00008_00028.png
client_0,2061,54,55,5,6,49,50,1,Train/1/00001_00049_00021.png
client_0,14241,52,52,6,5,47,47,9,Train/9/00009_00022_00021.png
client_0,13521,55,55,5,5,50,50,8,Train/8/00008_00045_00021.png
client_0,8293,37,37,5,5,32,32,4,Train/4/00004_00061_00013.png
client_0,29247,68,63,6,6,62,58,25,Train/25/00025_00025_00027.png
client_0,37121,44,46,5,5,39,41,38,Train/38/00038_00037_00012.png
client_0,11076,31,30,6,5,26,25,7,Train/7/00007_00012_00006.png
client_0,38019,36,38,5,6,31,33,38,Train/38/00038_00067_00010.png
client_0,37251,48,48,5,5,43,43,38,Train/38/00038_00041_00022.png
client_0,25755,58,54,5,6,53,49,18,Train/18/00018_00006_00015.png
client_0,32040,29,28,5,5,24,23,30,Train/30/00030_00014_00000.png
client_0,5971,27,28,6,6,22,22,3,Train/3/00003_00031_00001.png
client_0,15957,61,60,6,5,56,55,10,Train/10/00010_00030_00027.png
client_0,2354,47,48,5,5,42,42,1,Train/1/00001_00059_00014.png
client_0,24631,29,29,5,5,24,24,17,Train/17/00017_00006_00001.png
client_0,25356,45,48,5,6,39,42,17,Train/17/00017_00030_00006.png
client_0,25686,76,68,7,6,70,62,18,Train/18/00018_00004_00006.png
client_0,29954,49,47,5,6,44,42,25,Train/25/00025_00049_00014.png
client_0,17097,121,116,10,11,110,106,11,Train/11/00011_00001_00027.png
client_0,8493,28,27,5,6,23,22,5,Train/5/00005_00002_00003.png
client_0,12100,31,31,6,5,26,26,7,Train/7/00007_00046_00010.png
client_0,4417,33,32,6,5,27,26,2,Train/2/00002_00054_00007.png
client_0,16931,32,34,5,6,27,29,10,Train/10/00010_00063_00011.png
client_0,18650,52,52,5,6,47,47,12,Train/12/00012_00009_00020.png
client_0,3190,32,33,5,5,27,28,2,Train/2/00002_00013_00010.png
client_0,8693,64,64,5,5,59,59,5,Train/5/00005_00008_00023.png
client_0,31047,105,92,9,9,95,84,28,Train/28/00028_00007_00027.png
client_0,33416,57,57,5,5,52,52,33,Train/33/00033_00010_00026.png
client_0,36156,30,34,5,6,25,29,38,Train/38/00038_00005_00007.png
client_0,12500,49,50,5,6,44,45,8,Train/8/00008_00011_00020.png
client_0,8412,32,31,6,5,27,26,4,Train/4/00004_00065_00012.png
client_0,32044,32,30,6,5,27,25,30,Train/30/00030_00014_00004.png
client_0,9576,30,29,6,5,24,24,5,Train/5/00005_00038_00006.png
client_0,11103,32,32,5,6,26,27,7,Train/7/00007_00013_00003.png
client_0,28878,46,45,5,6,41,40,25,Train/25/00025_00013_00018.png
client_0,14715,41,41,6,5,36,36,9,Train/9/00009_00038_00015.png
client_0,31587,93,92,8,8,84,84,29,Train/29/00029_00007_00027.png
client_0,13545,36,36,6,5,31,31,8,Train/8/00008_00046_00015.png
client_0,29795,36,35,5,5,31,30,25,Train/25/00025_00044_00005.png
client_0,4041,39,41,6,6,34,35,2,Train/2/00002_00041_00021.png
client_0,38020,38,39,6,6,33,34,38,Train/38/00038_00067_00011.png
client_0,16191,43,45,5,6,38,40,10,Train/10/00010_00038_00021.png
client_0,18311,42,42,6,6,37,37,11,Train/11/00011_00042_00011.png
client_0,5199,35,35,6,5,30,29,3,Train/3/00003_00005_00009.png
client_0,24793,28,30,6,6,23,25,17,Train/17/00017_00011_00013.png
client_0,10006,39,38,6,5,34,33,5,Train/5/00005_00052_00016.png
client_0,16932,32,34,5,6,27,29,10,Train/10/00010_00063_00012.png
client_0,14208,48,47,6,5,43,42,9,Train/9/00009_00021_00018.png
client_0,13059,29,29,6,5,24,23,8,Train/8/00008_00030_00009.png
client_0,3544,28,28,5,5,23,23,2,Train/2/00002_00025_00004.png
client_0,30692,41,38,6,6,36,33,27,Train/27/00027_00004_00002.png
client_0,32830,44,42,5,6,39,36,31,Train/31/00031_00025_00010.png
client_0,24858,32,38,6,6,27,33,17,Train/17/00017_00013_00018.png
client_0,25288,89,101,8,9,82,93,17,Train/17/00017_00027_00028.png
client_0,262,45,45,6,6,40,40,20,Train/20/00020_00008_00022.png
client_0,19282,42,42,5,5,37,37,12,Train/12/00012_00030_00022.png
client_0,19179,43,43,6,6,38,38,12,Train/12/00012_00027_00009.png
client_0,17509,43,42,5,5,37,37,11,Train/11/00011_00015_00019.png
client_0,27988,89,74,8,6,82,68,23,Train/23/00023_00009_00028.png
client_0,39065,30,30,6,5,24,24,42,Train/42/00042_00003_00006.png
client_0,38875,59,58,6,5,54,53,41,Train/41/00041_00004_00026.png
client_0,20685,49,44,6,5,44,39,13,Train/13/00013_00007_00015.png
client_0,28027,54,50,5,6,49,45,23,Train/23/00023_00011_00007.png
client_0,32350,43,40,5,5,38,35,31,Train/31/00031_00009_00010.png
client_0,35817,55,54,5,5,50,49,37,Train/37/00037_00000_00028.png
client_0,6938,31,34,5,5,25,28,4,Train/4/00004_00016_00008.png
client_0,27438,45,43,6,6,39,37,22,Train/22/00022_00004_00018.png
client_0,12644,36,39,6,5,31,34,8,Train/8/00008_00016_00014.png
client_0,22083,67,62,6,6,61,56,13,Train/13/00013_00054_00003.png
client_0,19145,32,31,6,5,27,26,12,Train/12/00012_00026_00005.png
client_0,12313,37,38,6,5,32,33,8,Train/8/00008_00005_00013.png
client_0,37234,27,31,5,6,22,26,38,Train/38/00038_00041_00005.png
client_0,411,45,45,6,5,40,40,0,Train/0/00000_00001_00021.png
client_0,35300,48,48,5,6,43,43,35,Train/35/00035_00036_00021.png
client_0,24098,31,32,5,6,26,27,16,Train/16/00016_00002_00008.png
client_0,6717,88,88,8,8,81,81,4,Train/4/00004_00008_00027.png
client_0,14410,51,50,5,5,46,45,9,Train/9/00009_00028_00010.png
client_0,13515,44,44,5,5,39,39,8,Train/8/00008_00045_00015.png
client_0,9122,32,33,5,6,27,28,5,Train/5/00005_00023_00002.png
client_0,30636,38,34,6,5,33,29,27,Train/27/00027_00002_00006.png
client_0,37666,63,64,5,5,58,59,38,Train/38/00038_00055_00017.png
client_0,4541,29,30,5,6,24,25,2,Train/2/00002_00058_00011.png
client_0,25764,84,76,7,7,77,70,18,Train/18/00018_00006_00024.png
client_0,35828,37,37,6,6,31,31,37,Train/37/00037_00001_00009.png
client_0,37387,31,29,6,5,26,24,38,Train/38/00038_00046_00008.png
client_0,18956,94,96,8,9,86,88,12,Train/12/00012_00019_00026.png
client_0,31547,46,44,5,5,41,39,29,Train/29/00029_00006_00017.png
client_0,15129,35,34,6,5,29,29,10,Train/10/00010_00003_00009.png
client_0,28342,71,64,7,5,65,59,24,Train/24/00024_00004_00022.png
client_0,22953,42,42,5,5,37,37,14,Train/14/00014_00011_00003.png
client_0,9435,35,37,6,6,30,32,5,Train/5/00005_00033_00015.png
client_0,39183,30,32,5,6,25,27,42,Train/42/00042_00007_00004.png
client_0,597,105,107,10,9,96,98,1,Train/1/00001_00000_00027.png
client_0,27730,84,81,8,8,77,73,23,Train/23/00023_00001_00010.png
client_0,12551,43,43,6,6,38,38,8,Train/8/00008_00013_00011.png
client_0,4995,40,39,6,5,35,34,2,Train/2/00002_00073_00015.png
client_0,14363,99,94,8,8,91,86,9,Train/9/00009_00026_00023.png
client_0,37254,61,62,5,5,56,57,38,Train/38/00038_00041_00025.png
client_0,17719,92,81,9,7,84,74,11,Train/11/00011_00022_00019.png
client_0,23672,35,35,5,5,30,30,15,Train/15/00015_00009_00002.png
client_0,3625,55,52,6,5,50,47,2,Train/2/00002_00027_00025.png
client_0,2258,43,45,5,6,38,39,1,Train/1/00001_00056_00008.png
client_0,24929,52,56,5,5,47,51,17,Train/17/00017_00015_00029.png
client_0,9320,41,40,5,5,36,35,5,Train/5/00005_00029_00020.png
client_0,4194,49,56,5,6,44,51,2,Train/2/00002_00046_00024.png
client_0,1185,59,61,5,6,54,56,1,Train/1/00001_00020_00015.png
client_0,28913,75,68,7,6,68,61,25,Train/25/00025_00014_00023.png
client_0,2124,64,67,6,6,59,61,1,Train/1/00001_00051_00024.png
client_0,2916,31,33,5,6,26,28,2,Train/2/00002_00004_00006.png
client_0,1591,30,31,6,6,25,25,1,Train/1/00001_00034_00001.png
client_0,21324,50,47,6,6,45,42,13,Train/13/00013_00028_00024.png
client_0,14111,35,34,6,5,30,28,9,Train/9/00009_00018_00011.png
client_0,14320,35,36,5,6,30,31,9,Train/9/00009_00025_00010.png
client_0,12892,46,47,5,6,41,42,8,Train/8/00008_00024_00022.png
client_0,14762,41,42,6,6,36,37,9,Train/9/00009_00040_00002.png
client_0,29913,30,35,6,6,25,30,25,Train/25/00025_00048_00003.png
client_0,24086,118,119,10,11,108,109,16,Train/16/00016_00001_00026.png
client_0,23893,35,34,6,5,30,28,15,Train/15/00015_00016_00013.png
client_0,1921,40,40,5,5,35,35,1,Train/1/00001_00045_00001.png
client_0,38678,38,42,5,6,33,36,40,Train/40/00040_00010_00009.png
client_0,4155,37,35,6,5,32,30,2,Train/2/00002_00045_00015.png
client_0,26802,43,39,6,5,38,34,19,Train/19/00019_00001_00012.png
client_0,15485,31,30,6,5,26,25,10,Train/10/00010_00015_00005.png
client_0,25877,98,86,9,7,90,79,18,Train/18/00018_00010_00017.png
client_0,7112,31,30,6,6,26,25,4,Train/4/00004_00022_00002.png
client_0,18233,56,51,6,5,51,46,11,Train/11/00011_00039_00023.png
client_0,668,34,33,6,6,29,28,1,Train/1/00001_00003_00008.png
client_0,2589,40,38,6,5,35,33,1,Train/1/00001_00067_00009.png
client_0,26082,40,35,6,5,35,30,18,Train/18/00018_00017_00012.png
client_0,11983,40,40,6,6,35,35,7,Train/7/00007_00042_00013.png
client_0,35898,44,45,5,6,39,40,37,Train/37/00037_00003_00019.png
client_0,320,54,48,6,6,49,43,20,Train/20/00020_00010_00020.png
client_0,949,49,48,6,5,43,43,1,Train/1/00001_00012_00019.png
client_0,14909,105,107,9,10,95,97,9,Train/9/00009_00044_00029.png
client_0,16164,51,49,6,6,46,44,10,Train/10/00010_00037_00024.png
client_0,14625,44,43,6,5,39,38,9,Train/9/00009_00035_00015.png
client_0,9734,36,38,5,6,31,32,5,Train/5/00005_00043_00014.png
client_0,4933,30,31,6,6,25,26,2,Train/2/00002_00071_00013.png
client_0,31604,57,51,6,5,52,46,29,Train/29/00029_00008_00014.png
client_0,6104,37,40,5,6,31,34,3,Train/3/00003_00035_00014.png
client_0,18243,33,31,5,6,28,26,11,Train/11/00011_00040_00003.png
client_0,1718,31,33,5,6,26,28,1,Train/1/00001_00038_00008.png
client_0,22542,38,39,5,6,33,34,13,Train/13/00013_00069_00012.png
client_0,21405,37,34,6,6,32,29,13,Train/13/00013_00031_00015.png
client_0,12054,46,47,6,6,40,42,7,Train/7/00007_00044_00024.png
client_0,15866,84,85,8,7,77,78,10,Train/10/00010_00027_00026.png
client_0,28509,74,70,6,7,68,64,25,Train/25/00025_00001_00009.png
client_0,118,106,99,10,9,97,91,20,Train/20/00020_00003_00028.png
client_0,37744,41,40,6,5,36,35,38,Train/38/00038_00058_00005.png
client_0,19157,46,47,5,6,41,42,12,Train/12/00012_00026_00017.png
client_0,3272,27,28,5,5,22,23,2,Train/2/00002_00016_00002.png
client_0,30626,109,98,9,8,100,89,27,Train/27/00027_00001_00026.png
client_0,13647,82,84,8,8,74,76,9,Train/9/00009_00002_00027.png
client_0,5781,43,46,6,6,38,41,3,Train/3/00003_00024_00021.png
client_0,25918,129,117,11,11,117,106,18,Train/18/00018_00011_00028.png
client_0,27786,57,53,5,5,52,48,23,Train/23/00023_00003_00006.png
client_0,208,84,71,8,6,76,64,20,Train/20/00020_00006_00028.png
client_0,32993,56,57,6,6,51,52,32,Train/32/00032_00004_00023.png
client_0,14743,41,41,5,5,36,36,9,Train/9/00009_00039_00013.png
client_0,11783,49,51,5,6,44,45,7,Train/7/00007_00035_00023.png
client_0,13979,115,116,10,10,105,106,9,Train/9/00009_00013_00029.png
client_0,32315,39,36,6,5,34,31,31,Train/31/00031_00008_00005.png
client_0,30545,30,28,5,5,25,23,26,Train/26/00026_00019_00005.png
client_0,3915,39,40,6,6,34,35,2,Train/2/00002_00037_00015.png
client_0,24601,29,28,6,5,24,23,17,Train/17/00017_00005_00001.png
client_0,12490,37,38,5,6,32,33,8,Train/8/00008_00011_00010.png
client_0,26137,42,42,5,5,37,37,18,Train/18/00018_00019_00007.png
client_0,14793,29,30,6,6,24,25,9,Train/9/00009_00041_00003.png
client_0,23778,41,47,5,6,36,42,15,Train/15/00015_00012_00018.png
client_0,20343,38,44,5,6,33,39,12,Train/12/00012_00066_00003.png
client_0,1248,51,50,6,5,46,45,1,Train/1/00001_00022_00018.png
client_0,11358,42,41,6,6,37,36,7,Train/7/00007_00021_00018.png
client_0,28831,55,52,6,6,50,47,25,Train/25/00025_00012_00001.png
client_0,38218,145,146,12,12,133,134,39,Train/39/00039_00004_00029.png
client_0,24792,27,29,5,5,22,24,17,Train/17/00017_00011_00012.png
client_0,2694,111,111,9,10,102,102,1,Train/1/00001_00070_00024.png
client_0,9767,46,48,6,5,41,43,5,Train/5/00005_00044_00017.png
client_0,37937,44,47,5,6,39,42,38,Train/38/00038_00064_00018.png
client_0,22692,42,42,5,5,36,36,14,Train/14/00014_00002_00012.png
client_0,13699,43,44,5,6,38,39,9,Train/9/00009_00004_00019.png
client_0,22530,33,32,6,5,28,27,13,Train/13/00013_00069_00000.png
client_0,34846,40,40,5,5,35,35,35,Train/35/00035_00021_00017.png
client_0,10114,28,31,5,6,23,26,5,Train/5/00005_00056_00004.png
client_0,3775,57,53,6,5,52,48,2,Train/2/00002_00032_00025.png
client_0,21386,92,83,9,7,84,76,13,Train/13/00013_00030_00026.png
client_0,8988,35,36,5,6,30,31,5,Train/5/00005_00018_00018.png
client_0,29486,82,74,8,7,75,68,25,Train/25/00025_00033_00026.png
client_0,26112,58,56,5,5,53,51,18,Train/18/00018_00018_00012.png
client_0,12114,39,40,6,6,34,35,7,Train/7/00007_00046_00024.png
client_0,8886,33,34,5,5,28,28,5,Train/5/00005_00015_00006.png
client_0,9284,41,39,6,5,36,34,5,Train/5/00005_00028_00014.png
client_0,34789,42,42,6,6,36,37,35,Train/35/00035_00019_00020.png
client_0,16260,27,26,6,5,21,20,10,Train/10/00010_00041_00000.png
client_0,19351,37,42,6,5,32,37,12,Train/12/00012_00033_00001.png
client_0,36285,44,46,6,6,39,41,38,Train/38/00038_00009_00016.png
client_0,38843,59,62,6,6,54,57,41,Train/41/00041_00003_00024.png
client_0,1785,48,49,5,6,43,44,1,Train/1/00001_00040_00015.png
client_0,20828,44,40,6,6,39,35,13,Train/13/00013_00012_00008.png
client_0,18387,63,73,5,6,58,67,12,Train/12/00012_00000_00027.png
client_0,26425,74,83,7,8,68,76,18,Train/18/00018_00028_00025.png
client_0,18071,48,48,5,6,43,43,11,Train/11/00011_00034_00011.png
client_0,14051,49,46,6,5,43,41,9,Train/9/00009_00016_00011.png
client_0,5320,35,34,6,5,30,29,3,Train/3/00003_00009_00010.png
client_0,15026,59,60,5,5,54,55,9,Train/9/00009_00048_00026.png
client_0,17331,71,62,6,5,65,57,11,Train/11/00011_00009_00021.png
client_0,35509,47,48,5,6,42,43,36,Train/36/00036_00003_00020.png
client_0,17263,56,53,5,6,50,47,11,Train/11/00011_00007_00013.png
client_0,17850,42,45,5,6,37,40,11,Train/11/00011_00027_00000.png
client_0,13633,50,49,5,5,44,44,9,Train/9/00009_00002_00013.png
client_0,2696,119,121,10,11,109,111,1,Train/1/00001_00070_00026.png
client_0,29060,83,81,7,7,76,74,25,Train/25/00025_00019_00020.png
client_0,25054,29,26,6,5,24,21,17,Train/17/00017_00020_00004.png
client_0,4366,73,72,6,6,67,66,2,Train/2/00002_00052_00016.png
client_0,26351,45,42,6,6,40,37,18,Train/18/00018_00026_00011.png
client_0,33269,72,69,6,6,66,63,33,Train/33/00033_00005_00029.png
client_0,22686,36,36,5,5,31,31,14,Train/14/00014_00002_00006.png
client_0,28861,28,28,5,5,23,22,25,Train/25/00025_00013_00001.png
client_0,16636,54,56,5,6,49,51,10,Train/10/00010_00053_00016.png
client_0,33609,33,42,5,6,28,37,33,Train/33/00033_00017_00009.png
client_0,26491,37,33,6,6,31,28,18,Train/18/00018_00031_00001.png
client_0,941,37,37,6,5,32,32,1,Train/1/00001_00012_00011.png
client_0,35661,54,55,5,6,49,50,36,Train/36/00036_00008_00022.png
client_0,1694,36,36,6,6,31,31,1,Train/1/00001_00037_00014.png
client_0,11054,45,46,5,6,40,41,7,Train/7/00007_00011_00014.png
client_0,16321,27,27,6,6,22,22,10,Train/10/00010_00043_00001.png
client_0,6005,52,52,6,6,46,47,3,Train/3/00003_00032_00005.png
client_0,27351,53,45,6,5,48,40,22,Train/22/00022_00001_00021.png
client_0,32274,60,56,5,5,55,51,31,Train/31/00031_00006_00024.png
client_0,21921,84,78,7,7,76,71,13,Train/13/00013_00048_00021.png
client_0,19027,37,36,6,6,32,31,12,Train/12/00012_00022_00007.png
client_0,22068,72,65,6,6,66,60,13,Train/13/00013_00053_00018.png
client_0,4735,56,55,5,5,51,50,2,Train/2/00002_00064_00025.png
client_0,11461,29,29,6,6,24,24,7,Train/7/00007_00025_00001.png
client_0,6400,35,36,6,6,30,31,3,Train/3/00003_00045_00010.png
client_0,220,27,27,5,5,22,22,20,Train/20/00020_00007_00010.png
client_0,19390,63,63,6,5,58,57,12,Train/12/00012_00034_00010.png
client_0,20992,81,73,8,7,74,67,13,Train/13/00013_00017_00022.png
client_0,12529,52,52,5,5,47,47,8,Train/8/00008_00012_00019.png
client_0,9502,59,61,5,5,54,56,5,Train/5/00005_00035_00022.png
client_0,18069,45,44,6,6,39,38,11,Train/11/00011_00034_00009.png
client_0,1947,105,105,10,10,96,96,1,Train/1/00001_00045_00027.png
client_0,4469,86,94,7,9,79,86,2,Train/2/00002_00055_00029.png
client_0,13119,31,34,5,6,26,29,8,Train/8/00008_00032_00009.png
client_0,16951,26,27,5,5,20,21,10,Train/10/00010_00064_00001.png
client_0,12595,63,69,5,7,58,63,8,Train/8/00008_00014_00025.png
client_0,4908,42,40,6,5,37,35,2,Train/2/00002_00070_00018.png
client_0,25021,32,34,5,5,27,29,17,Train/17/00017_00019_00001.png
client_0,718,59,59,6,6,54,54,1,Train/1/00001_00004_00028.png
client_0,32135,38,37,5,5,33,32,31,Train/31/00031_00002_00005.png
client_0,10209,32,31,5,5,27,26,5,Train/5/00005_00059_00009.png
client_0,28844,68,65,6,6,62,59,25,Train/25/00025_00012_00014.png
client_0,27667,36,33,5,5,31,28,22,Train/22/00022_00012_00007.png
client_0,10407,69,71,7,6,63,65,6,Train/6/00006_00003_00027.png
client_0,26053,38,34,6,5,33,29,18,Train/18/00018_00016_00013.png
client_0,21317,49,45,6,5,44,40,13,Train/13/00013_00028_00017.png
client_0,1180,54,56,6,6,49,51,1,Train/1/00001_00020_00010.png
client_0,26058,43,40,6,6,38,35,18,Train/18/00018_00016_00018.png
client_0,25515,30,31,5,5,25,26,17,Train/17/00017_00035_00015.png
client_0,1014,61,61,5,6,55,55,1,Train/1/00001_00014_00024.png
client_0,33711,67,65,6,6,61,60,33,Train/33/00033_00020_00022.png
client_0,6247,32,32,6,5,27,27,3,Train/3/00003_00040_00007.png
client_0,19304,50,50,6,6,45,45,12,Train/12/00012_00031_00014.png
client_0,3632,31,33,5,5,26,28,2,Train/2/00002_00028_00002.png
client_0,33447,87,87,7,7,80,80,33,Train/33/00033_00011_00027.png
client_0,16264,26,26,5,5,21,21,10,Train/10/00010_00041_00004.png
client_0,28517,101,89,8,7,92,81,25,Train/25/00025_00001_00017.png
client_0,25481,31,35,5,6,26,30,17,Train/17/00017_00034_00011.png
client_0,24457,25,32,5,5,20,27,17,Train/17/00017_00000_00007.png
client_0,610,38,39,5,6,33,34,1,Train/1/00001_00001_00010.png
client_0,26262,44,41,5,6,39,36,18,Train/18/00018_00023_00012.png
client_0,2272,69,72,6,7,63,66,1,Train/1/00001_00056_00022.png
client_0,19793,93,96,8,9,84,87,12,Train/12/00012_00047_00023.png
client_0,25038,48,52,5,6,43,47,17,Train/17/00017_00019_00018.png
client_0,33002,27,26,6,5,22,21,32,Train/32/00032_00005_00002.png
client_0,34357,32,31,5,5,26,26,35,Train/35/00035_00005_00008.png
client_0,3393,28,29,5,6,23,24,2,Train/2/00002_00020_00003.png
client_0,6881,34,33,6,5,29,28,4,Train/4/00004_00014_00011.png
client_0,15495,42,41,6,5,37,36,10,Train/10/00010_00015_00015.png
client_0,23666,64,63,6,5,59,58,15,Train/15/00015_00008_00026.png
client_0,37708,140,147,13,13,128,135,38,Train/38/00038_00056_00029.png
client_0,22773,53,53,6,6,48,48,14,Train/14/00014_00005_00003.png
client_0,8413,34,35,6,6,29,30,4,Train/4/00004_00065_00013.png
client_0,39139,39,37,5,5,33,31,42,Train/42/00042_00005_00020.png
client_0,29122,70,68,6,7,64,62,25,Train/25/00025_00021_00022.png
client_0,15716,55,57,5,5,50,52,10,Train/10/00010_00022_00026.png
client_0,8957,51,51,6,6,46,46,5,Train/5/00005_00017_00017.png
client_0,25340,38,41,6,6,33,36,17,Train/17/00017_00029_00020.png
client_0,916,42,42,5,5,37,37,1,Train/1/00001_00011_00016.png
client_0,5448,43,43,6,6,37,38,3,Train/3/00003_00013_00018.png
client_0,16190,41,42,5,5,36,37,10,Train/10/00010_00038_00020.png
client_0,4729,41,41,5,6,36,36,2,Train/2/00002_00064_00019.png
client_0,18569,98,97,9,8,90,88,12,Train/12/00012_00006_00029.png
client_0,22909,53,56,6,6,47,50,14,Train/14/00014_00009_00019.png
client_0,9499,51,50,6,6,46,45,5,Train/5/00005_00035_00019.png
client_0,4191,46,49,6,6,41,44,2,Train/2/00002_00046_00021.png
client_0,17724,118,107,11,9,108,98,11,Train/11/00011_00022_00024.png
client_0,15118,49,45,6,5,43,40,10,Train/10/00010_00002_00028.png
client_0,27136,47,45,5,5,42,40,21,Train/21/00021_00005_00016.png
client_0,10701,44,46,5,6,38,41,6,Train/6/00006_00013_00021.png
client_0,7665,36,36,5,5,31,31,4,Train/4/00004_00040_00015.png
client_0,24211,74,73,7,6,68,67,16,Train/16/00016_00006_00001.png
client_0,31895,46,44,5,5,41,39,30,Train/30/00030_00009_00005.png
client_0,10309,48,50,5,6,43,45,6,Train/6/00006_00000_00019.png
client_0,34665,45,45,6,6,39,40,35,Train/35/00035_00015_00016.png
client_0,32529,47,45,5,6,42,40,31,Train/31/00031_00015_00009.png
client_0,363,31,31,5,5,26,26,0,Train/0/00000_00000_00003.png
client_0,36667,32,33,5,5,27,28,38,Train/38/00038_00022_00008.png
client_0,13727,41,41,6,6,35,35,9,Train/9/00009_00005_00017.png
client_0,5541,45,48,5,6,40,42,3,Train/3/00003_00016_00021.png
client_0,2857,29,29,6,6,24,24,2,Train/2/00002_00002_00007.png
client_0,206,72,60,6,5,65,55,20,Train/20/00020_00006_00026.png
client_0,20419,40,41,6,6,35,36,12,Train/12/00012_00068_00019.png
client_0,2821,27,27,6,6,22,22,2,Train/2/00002_00001_00001.png
client_0,1575,40,40,6,6,35,35,1,Train/1/00001_00033_00015.png
client_0,35684,34,37,5,6,29,31,36,Train/36/00036_00009_00015.png
client_0,9524,38,36,6,5,33,31,5,Train/5/00005_00036_00014.png
client_0,28352,27,25,5,5,22,20,24,Train/24/00024_00005_00002.png
client_0,10136,80,76,8,6,73,70,5,Train/5/00005_00056_00026.png
client_0,30040,37,34,5,6,32,29,26,Train/26/00026_00002_00010.png
client_0,580,61,62,5,6,56,57,1,Train/1/00001_00000_00010.png
client_0,31125,68,56,7,6,62,51,28,Train/28/00028_00010_00015.png
client_0,3169,80,74,7,6,73,68,2,Train/2/00002_00012_00019.png
client_0,12860,45,45,6,6,40,40,8,Train/8/00008_00023_00020.png
client_0,34902,35,37,5,6,30,32,35,Train/35/00035_00023_00013.png
client_0,12255,37,40,5,6,32,35,8,Train/8/00008_00003_00015.png
client_0,8026,35,36,5,5,30,30,4,Train/4/00004_00052_00016.png
client_0,37869,32,32,5,5,27,27,38,Train/38/00038_00062_00010.png
client_0,25799,158,140,13,12,145,128,18,Train/18/00018_00007_00029.png
client_0,30186,34,29,6,5,28,24,26,Train/26/00026_00007_00006.png
client_0,29250,36,33,5,5,31,28,25,Train/25/00025_00026_00000.png
client_0,32644,42,42,5,5,37,37,31,Train/31/00031_00019_00004.png
client_0,11097,54,55,6,6,49,50,7,Train/7/00007_00012_00027.png
client_0,26654,59,59,6,6,54,54,18,Train/18/00018_00036_00014.png
client_0,18716,108,110,10,10,99,101,12,Train/12/00012_00011_00026.png
client_0,17897,29,44,5,5,24,39,11,Train/11/00011_00028_00017.png
client_0,17737,37,34,5,5,32,29,11,Train/11/00011_00023_00007.png
client_0,4240,35,32,6,5,30,27,2,Train/2/00002_00048_00010.png
client_0,976,53,56,5,5,48,50,1,Train/1/00001_00013_00016.png
client_0,9279,38,37,6,5,33,32,5,Train/5/00005_00028_00009.png
client_0,23746,51,58,6,5,46,53,15,Train/15/00015_00011_00016.png
client_0,19733,72,73,7,6,66,67,12,Train/12/00012_00045_00023.png
client_0,11755,50,52,5,5,45,47,7,Train/7/00007_00034_00025.png
client_0,25977,98,98,9,9,90,90,18,Train/18/00018_00013_00027.png
client_0,33914,65,65,6,6,60,60,34,Train/34/00034_00004_00015.png
client_0,13132,45,46,6,6,40,41,8,Train/8/00008_00032_00022.png
client_0,14672,30,29,6,5,25,24,9,Train/9/00009_00037_00002.png
client_0,21620,68,62,7,6,62,57,13,Train/13/00013_00038_00020.png
client_0,4854,62,63,5,6,57,58,2,Train/2/00002_00068_00024.png
client_0,32765,32,32,5,5,27,27,31,Train/31/00031_00023_00005.png
client_0,35952,56,56,5,6,50,51,37,Train/37/00037_00005_00013.png
client_0,17145,52,47,5,5,47,42,11,Train/11/00011_00003_00015.png
client_0,30509,106,87,9,8,96,80,26,Train/26/00026_00017_00029.png
client_0,11966,58,59,5,6,53,54,7,Train/7/00007_00041_00026.png
client_0,24439,62,61,6,6,56,56,16,Train/16/00016_00013_00019.png
client_0,33144,63,63,6,6,58,58,33,Train/33/00033_00001_00024.png
client_0,37349,26,28,5,6,21,23,38,Train/38/00038_00045_00000.png
client_0,18833,56,57,5,6,51,52,12,Train/12/00012_00015_00023.png
client_0,744,58,57,6,5,53,52,1,Train/1/00001_00005_00024.png
client_0,9952,49,48,6,5,44,43,5,Train/5/00005_00050_00022.png
client_0,19345,62,76,5,7,57,70,12,Train/12/00012_00032_00025.png
client_0,21055,86,75,7,7,79,69,13,Train/13/00013_00019_00025.png
client_0,28981,31,33,5,6,26,28,25,Train/25/00025_00017_00001.png
client_0,28953,32,32,5,5,26,27,25,Train/25/00025_00016_00003.png
client_0,35080,46,43,6,5,40,38,35,Train/35/00035_00029_00011.png
client_0,1107,84,85,7,7,77,78,1,Train/1/00001_00017_00027.png
client_0,21139,69,76,6,7,63,70,13,Train/13/00013_00022_00019.png
client_0,605,34,33,6,5,29,28,1,Train/1/00001_00001_00005.png
client_0,25783,75,66,7,6,69,60,18,Train/18/00018_00007_00013.png
client_0,73,44,42,6,5,39,37,20,Train/20/00020_00002_00013.png
client_0,13102,53,55,6,5,48,50,8,Train/8/00008_00031_00022.png
client_0,11592,34,34,5,6,29,29,7,Train/7/00007_00029_00012.png
client_0,20889,54,50,6,6,49,45,13,Train/13/00013_00014_00009.png
client_0,6715,73,72,7,7,67,66,4,Train/4/00004_00008_00025.png
client_0,25894,32,30,6,6,27,25,18,Train/18/00018_00011_00004.png
client_0,13048,113,115,10,10,104,105,8,Train/8/00008_00029_00028.png
client_0,34686,44,43,6,5,39,38,35,Train/35/00035_00016_00007.png
client_0,38064,72,72,7,7,66,66,38,Train/38/00038_00068_00025.png
client_0,6206,86,86,8,7,79,79,3,Train/3/00003_00038_00026.png
client_0,14937,103,112,9,10,94,102,9,Train/9/00009_00045_00027.png
client_0,34089,33,39,5,5,28,34,34,Train/34/00034_00010_00010.png
client_0,24726,34,36,6,5,29,31,17,Train/17/00017_00009_00006.png
client_0,35679,30,31,5,5,25,26,36,Train/36/00036_00009_00010.png
client_0,24229,107,108,9,10,97,98,16,Train/16/00016_00006_00019.png
client_0,17218,162,143,14,12,148,131,11,Train/11/00011_00005_00028.png
client_0,5022,35,36,5,6,30,31,2,Train/2/00002_00074_00012.png
client_0,32613,37,35,5,6,32,30,31,Train/31/00031_00018_00003.png
client_0,6264,41,42,6,5,36,37,3,Train/3/00003_00040_00024.png
client_0,2129,96,96,9,9,88,88,1,Train/1/00001_00051_00029.png
client_0,23834,37,42,6,6,31,36,15,Train/15/00015_00014_00014.png
client_0,780,50,49,5,5,45,44,1,Train/1/00001_00007_00000.png
client_0,17789,143,125,12,11,131,115,11,Train/11/00011_00024_00029.png
client_0,31044,94,81,9,8,85,74,28,Train/28/00028_00007_00024.png
client_0,11454,49,47,5,5,44,42,7,Train/7/00007_00024_00024.png
client_0,5985,37,39,5,5,31,33,3,Train/3/00003_00031_00015.png
client_0,27127,35,35,5,6,30,29,21,Train/21/00021_00005_00007.png
client_0,13140,28,29,6,6,23,24,8,Train/8/00008_00033_00000.png
client_0,13210,35,36,5,6,30,31,8,Train/8/00008_00035_00010.png
client_0,11219,176,175,15,15,161,160,7,Train/7/00007_00016_00029.png
client_0,21565,71,68,7,7,65,62,13,Train/13/00013_00036_00025.png
client_0,9029,80,75,7,7,73,69,5,Train/5/00005_00019_00029.png
client_0,30987,96,88,9,8,88,81,28,Train/28/00028_00005_00027.png
client_0,10966,41,42,6,6,36,37,7,Train/7/00007_00008_00016.png
client_0,18728,38,37,5,5,32,32,12,Train/12/00012_00012_00008.png
client_0,28010,71,65,7,6,65,60,23,Train/23/00023_00010_00020.png
client_0,1835,37,37,6,5,32,32,1,Train/1/00001_00042_00005.png
client_0,11497,28,29,5,5,23,24,7,Train/7/00007_00026_00007.png
client_0,18357,55,55,6,6,50,50,11,Train/11/00011_00043_00027.png
client_0,13261,31,31,6,6,26,26,8,Train/8/00008_00037_00001.png
client_0,29031,64,56,6,5,59,51,25,Train/25/00025_00018_00021.png
client_0,34518,60,60,5,6,55,55,35,Train/35/00035_00010_00019.png
client_0,15573,34,34,6,6,29,29,10,Train/10/00010_00018_00003.png
client_0,15343,37,38,5,6,32,33,10,Train/10/00010_00010_00013.png
client_0,31226,122,118,10,10,111,108,28,Train/28/00028_00013_00026.png
client_0,23334,77,76,7,6,71,70,14,Train/14/00014_00023_00024.png
client_0,27834,59,58,5,5,54,53,23,Train/23/00023_00004_00024.png
client_0,12526,47,46,6,5,42,41,8,Train/8/00008_00012_00016.png
client_0,3839,107,106,9,10,98,97,2,Train/2/00002_00034_00029.png
client_0,5968,101,106,9,10,93,97,3,Train/3/00003_00030_00028.png
client_0,11686,47,47,6,5,42,41,7,Train/7/00007_00032_00016.png
client_0,16584,75,76,6,7,69,70,10,Train/10/00010_00051_00024.png
client_0,15220,35,37,5,6,30,31,10,Train/10/00010_00006_00010.png
client_0,7303,37,36,6,5,32,31,4,Train/4/00004_00028_00013.png
client_0,15397,34,34,6,6,29,29,10,Train/10/00010_00012_00007.png
client_0,4687,31,31,5,5,26,26,2,Train/2/00002_00063_00007.png
client_0,8665,54,56,5,5,49,51,5,Train/5/00005_00007_00025.png
client_0,20388,48,46,6,5,43,41,12,Train/12/00012_00067_00018.png
client_0,881,36,35,6,5,31,29,1,Train/1/00001_00010_00011.png
client_0,8373,28,28,5,6,23,23,4,Train/4/00004_00064_00003.png
client_0,37923,34,33,6,5,29,28,38,Train/38/00038_00064_00004.png
client_0,21392,30,27,6,5,25,22,13,Train/13/00013_00031_00002.png
client_0,23204,68,74,6,7,62,67,14,Train/14/00014_00019_00014.png
client_0,21499,43,40,6,5,38,35,13,Train/13/00013_00034_00019.png
client_0,420,27,26,6,5,22,21,0,Train/0/00000_00002_00000.png
client_0,37438,33,34,5,6,28,29,38,Train/38/00038_00047_00029.png
client_0,13737,70,71,6,6,64,65,9,Train/9/00009_00005_00027.png
client_0,18052,73,73,6,6,67,67,11,Train/11/00011_00033_00022.png
client_0,29593,40,35,6,5,34,30,25,Train/25/00025_00037_00013.png
client_0,14586,29,30,5,6,24,25,9,Train/9/00009_00034_00006.png
client_0,26107,52,51,5,6,47,46,18,Train/18/00018_00018_00007.png
client_0,7446,32,32,6,5,27,27,4,Train/4/00004_00033_00006.png
client_0,36082,68,68,7,6,62,62,38,Train/38/00038_00002_00023.png
client_0,14222,32,32,6,6,27,27,9,Train/9/00009_00022_00002.png
client_0,1475,32,39,5,5,27,34,1,Train/1/00001_00030_00005.png
client_0,37381,28,27,5,5,23,21,38,Train/38/00038_00046_00002.png
client_0,11283,29,28,6,6,24,22,7,Train/7/00007_00019_00003.png
client_0,12667,33,34,6,6,28,29,8,Train/8/00008_00017_00007.png
client_0,31596,44,41,6,6,39,36,29,Train/29/00029_00008_00006.png
client_0,26057,41,38,5,5,36,33,18,Train/18/00018_00016_00017.png
client_0,10154,39,38,6,6,34,33,5,Train/5/00005_00057_00014.png
client_0,7306,39,40,5,6,34,35,4,Train/4/00004_00028_00016.png
client_0,30185,33,29,6,5,28,24,26,Train/26/00026_00007_00005.png
client_0,38517,123,116,10,11,112,106,40,Train/40/00040_00004_00028.png
client_0,24895,33,38,6,6,28,33,17,Train/17/00017_00014_00025.png
client_0,22623,51,49,5,6,46,44,14,Train/14/00014_00000_00003.png
client_0,23439,32,65,6,6,27,60,15,Train/15/00015_00001_00009.png
client_0,29189,154,155,13,14,141,142,25,Train/25/00025_00023_00029.png
client_0,25537,26,32,5,5,21,27,17,Train/17/00017_00036_00007.png
client_0,27326,100,91,8,8,92,83,22,Train/22/00022_00000_00026.png
client_0,20721,60,77,6,7,54,71,13,Train/13/00013_00008_00021.png
client_0,12435,39,39,5,5,34,34,8,Train/8/00008_00009_00015.png
client_0,32095,101,92,9,8,93,84,31,Train/31/00031_00000_00025.png
client_0,5850,28,29,6,5,23,24,3,Train/3/00003_00027_00000.png
client_0,14590,32,32,5,6,27,27,9,Train/9/00009_00034_00010.png
client_0,12606,33,31,5,5,28,25,8,Train/8/00008_00015_00006.png
client_0,8308,60,63,5,6,55,58,4,Train/4/00004_00061_00028.png
client_0,16389,43,43,6,6,38,38,10,Train/10/00010_00045_00009.png
client_0,22789,62,61,6,5,57,56,14,Train/14/00014_00005_00019.png
client_0,9996,32,33,5,6,27,28,5,Train/5/00005_00052_00006.png
client_0,28223,70,64,6,5,64,58,24,Train/24/00024_00000_00023.png
client_0,15699,42,42,5,6,37,37,10,Train/10/00010_00022_00009.png
client_0,5148,43,42,6,5,38,37,3,Train/3/00003_00003_00018.png
client_0,25446,28,29,6,5,23,24,17,Train/17/00017_00033_00006.png
client_0,37803,31,33,6,5,26,28,38,Train/38/00038_00060_00004.png
client_0,22225,46,50,6,5,41,44,13,Train/13/00013_00058_00025.png
client_0,22607,49,46,6,6,44,41,13,Train/13/00013_00071_00017.png
client_0,32476,40,43,5,6,35,37,31,Train/31/00031_00013_00016.png
client_0,25014,41,42,5,5,36,37,17,Train/17/00017_00018_00024.png
client_0,64,36,34,6,5,31,29,20,Train/20/00020_00002_00004.png
client_0,6713,59,58,6,5,54,53,4,Train/4/00004_00008_00023.png
client_0,31133,87,80,7,8,80,73,28,Train/28/00028_00010_00023.png
client_0,15489,34,35,5,5,29,30,10,Train/10/00010_00015_00009.png
client_0,12130,29,28,5,5,23,23,7,Train/7/00007_00047_00010.png
client_0,29522,31,29,6,5,26,23,25,Train/25/00025_00035_00002.png
client_0,7250,51,51,6,6,46,46,4,Train/4/00004_00026_00020.png
client_0,9347,40,39,6,5,35,34,5,Train/5/00005_00030_00017.png
client_0,4929,28,29,5,6,23,24,2,Train/2/00002_00071_00009.png
client_0,2004,72,71,7,6,66,65,1,Train/1/00001_00047_00024.png
client_0,28241,62,64,6,6,57,59,24,Train/24/00024_00001_00011.png
client_0,37398,39,41,5,6,34,36,38,Train/38/00038_00046_00019.png
client_0,12553,44,44,5,5,39,39,8,Train/8/00008_00013_00013.png
client_0,10885,92,92,8,8,84,84,7,Train/7/00007_00005_00025.png
client_0,10568,31,31,6,5,26,26,6,Train/6/00006_00009_00008.png
client_0,10318,68,72,6,6,62,66,6,Train/6/00006_00000_00028.png
client_0,1309,29,29,6,6,24,24,1,Train/1/00001_00024_00019.png
client_0,24872,29,32,5,5,24,27,17,Train/17/00017_00014_00002.png
client_0,4421,35,35,6,6,30,30,2,Train/2/00002_00054_00011.png
client_0,36404,34,34,5,5,28,29,38,Train/38/00038_00013_00015.png
client_0,8495,30,27,6,6,24,22,5,Train/5/00005_00002_00005.png
client_0,2248,88,106,7,10,81,97,1,Train/1/00001_00055_00028.png
client_0,4637,57,58,6,6,52,53,2,Train/2/00002_00061_00017.png
client_0,30634,36,33,6,6,31,28,27,Train/27/00027_00002_00004.png
client_0,24923,44,47,5,6,39,42,17,Train/17/00017_00015_00023.png
client_0,18992,38,41,5,6,33,36,12,Train/12/00012_00021_00002.png
client_0,13742,28,29,5,6,23,24,9,Train/9/00009_00006_00002.png
client_0,16733,47,47,5,5,42,42,10,Train/10/00010_00056_00023.png
client_0,31082,36,34,5,5,31,29,28,Train/28/00028_00009_00002.png
client_0,27864,84,74,7,7,77,68,23,Train/23/00023_00005_00024.png
client_0,36704,40,40,5,5,35,35,38,Train/38/00038_00023_00015.png
client_0,10677,49,50,6,5,44,45,6,Train/6/00006_00012_00027.png
client_0,10484,37,37,6,5,32,32,6,Train/6/00006_00006_00014.png
client_0,39015,40,40,5,5,35,35,42,Train/42/00042_00001_00016.png
client_0,35245,42,48,6,5,37,42,35,Train/35/00035_00034_00026.png
client_0,6999,42,45,5,5,37,40,4,Train/4/00004_00018_00009.png
client_0,1830,34,35,5,6,29,30,1,Train/1/00001_00042_00000.png
client_0,9765,42,44,5,6,37,39,5,Train/5/00005_00044_00015.png
client_0,34151,35,35,6,6,30,30,34,Train/34/00034_00012_00012.png
client_0,19880,55,57,6,6,49,51,12,Train/12/00012_00050_00020.png
client_0,27728,77,75,6,7,70,69,23,Train/23/00023_00001_00008.png
client_0,21858,54,54,5,5,49,49,13,Train/13/00013_00046_00018.png
client_0,29089,45,44,5,6,40,39,25,Train/25/00025_00020_00019.png
client_0,24267,52,51,6,5,47,46,16,Train/16/00016_00007_00027.png
client_0,29681,42,41,5,6,37,36,25,Train/25/00025_00040_00011.png
client_0,35079,45,43,6,5,40,38,35,Train/35/00035_00029_00010.png
client_0,37523,43,48,5,6,38,43,38,Train/38/00038_00050_00024.png
client_0,22855,121,118,10,11,111,108,14,Train/14/00014_00007_00025.png
client_0,24767,38,38,6,6,33,33,17,Train/17/00017_00010_00017.png
client_0,30688,60,60,6,6,55,55,27,Train/27/00027_00003_00028.png
client_0,13646,75,76,7,6,69,70,9,Train/9/00009_00002_00026.png
client_0,32265,42,41,5,5,37,36,31,Train/31/00031_00006_00015.png
client_0,15490,35,36,6,6,30,31,10,Train/10/00010_00015_00010.png
client_0,29878,100,104,9,10,92,95,25,Train/25/00025_00046_00028.png
client_0,36066,38,38,5,5,33,33,38,Train/38/00038_00002_00007.png
client_0,4896,30,30,5,5,25,25,2,Train/2/00002_00070_00006.png
client_0,17439,46,44,6,6,41,39,11,Train/11/00011_00013_00009.png
client_0,37484,34,35,5,6,29,30,38,Train/38/00038_00049_00015.png
client_0,14389,44,43,6,6,39,38,9,Train/9/00009_00027_00019.png
client_0,6607,49,48,5,5,43,43,4,Train/4/00004_00005_00007.png
client_0,22746,41,42,6,5,36,37,14,Train/14/00014_00004_00006.png
client_0,22470,33,32,6,6,28,27,13,Train/13/00013_00067_00000.png
client_0,16632,47,48,5,5,42,43,10,Train/10/00010_00053_00012.png
client_0,28989,38,38,5,5,33,32,25,Train/25/00025_00017_00009.png
client_0,33850,35,34,6,5,30,28,34,Train/34/00034_00002_00011.png
client_0,1353,50,53,5,5,45,47,1,Train/1/00001_00026_00003.png
client_0,22031,38,33,6,5,33,28,13,Train/13/00013_00052_00011.png
client_0,32838,58,53,5,6,53,48,31,Train/31/00031_00025_00018.png
client_0,37676,97,95,9,8,89,87,38,Train/38/00038_00055_00027.png
client_0,34335,38,39,5,5,33,34,35,Train/35/00035_00004_00016.png
client_0,29886,63,59,6,6,58,54,25,Train/25/00025_00047_00006.png
client_0,28740,26,25,5,5,21,20,25,Train/25/00025_00009_00000.png
client_0,25350,41,43,6,6,36,38,17,Train/17/00017_00030_00000.png
client_0,10938,53,54,5,6,48,49,7,Train/7/00007_00007_00018.png
client_0,24892,32,37,6,6,27,32,17,Train/17/00017_00014_00022.png
client_0,30033,34,30,6,6,29,25,26,Train/26/00026_00002_00003.png
client_0,2492,27,27,6,5,22,22,1,Train/1/00001_00064_00002.png
client_0,31902,58,52,6,5,53,47,30,Train/30/00030_00009_00012.png
client_0,22310,89,83,8,7,81,75,13,Train/13/00013_00061_00020.png
client_0,2379,40,39,6,6,35,34,1,Train/1/00001_00060_00009.png
client_0,19806,41,44,6,5,35,38,12,Train/12/00012_00048_00006.png
client_0,7849,48,47,6,6,43,42,4,Train/4/00004_00046_00019.png
client_0,9381,43,44,6,6,38,39,5,Train/5/00005_00031_00021.png
client_0,29140,51,48,6,6,46,43,25,Train/25/00025_00022_00010.png
client_0,10411,31,30,6,5,26,25,6,Train/6/00006_00004_00001.png
client_0,37843,42,43,6,6,37,38,38,Train/38/00038_00061_00014.png
client_0,16639,58,59,5,5,53,54,10,Train/10/00010_00053_00019.png
client_0,22537,33,33,5,5,28,28,13,Train/13/00013_00069_00007.png
client_0,26751,69,63,6,5,63,57,18,Train/18/00018_00039_00021.png
client_0,12431,36,37,5,6,31,32,8,Train/8/00008_00009_00011.png
client_0,5174,37,37,5,5,32,32,3,Train/3/00003_00004_00014.png
client_0,13234,34,33,5,5,28,28,8,Train/8/00008_00036_00004.png
client_0,38010,28,30,6,5,23,25,38,Train/38/00038_00067_00001.png
client_0,24699,28,30,5,5,23,25,17,Train/17/00017_00008_00009.png
client_0,12665,33,31,5,5,28,26,8,Train/8/00008_00017_00005.png
client_0,14167,30,31,6,6,25,26,9,Train/9/00009_00020_00007.png
client_0,26004,82,79,8,7,75,72,18,Train/18/00018_00014_00024.png
client_0,13432,46,47,5,6,41,42,8,Train/8/00008_00042_00022.png
client_0,23819,80,83,7,7,72,75,15,Train/15/00015_00013_00029.png
client_0,21972,37,39,6,6,31,34,13,Train/13/00013_00050_00012.png
client_0,19430,50,51,6,6,45,46,12,Train/12/00012_00035_00020.png
client_0,1312,28,29,5,5,23,23,1,Train/1/00001_00024_00022.png
client_0,36642,36,36,5,5,31,31,38,Train/38/00038_00021_00013.png
client_0,28941,85,75,8,6,77,68,25,Train/25/00025_00015_00021.png
client_0,6298,143,144,13,13,131,132,3,Train/3/00003_00041_00028.png
client_0,28827,146,165,12,15,134,150,25,Train/25/00025_00011_00027.png
client_0,13882,70,68,6,6,63,62,9,Train/9/00009_00010_00022.png
client_0,38767,28,30,5,5,23,25,41,Train/41/00041_00001_00008.png
client_0,36053,62,83,6,7,56,75,38,Train/38/00038_00001_00024.png
client_0,20864,51,49,6,6,46,44,13,Train/13/00013_00013_00014.png
client_0,17866,69,60,7,6,63,55,11,Train/11/00011_00027_00016.png
client_0,1573,37,37,6,6,32,32,1,Train/1/00001_00033_00013.png
client_0,1488,46,59,5,5,40,54,1,Train/1/00001_00030_00018.png
client_0,10043,50,49,6,6,45,44,5,Train/5/00005_00053_00023.png
client_0,639,49,50,5,5,44,45,1,Train/1/00001_00002_00009.png
client_0,12242,30,30,6,6,25,25,8,Train/8/00008_00003_00002.png
client_0,38541,93,88,9,7,85,81,40,Train/40/00040_00005_00022.png
client_0,14404,48,48,6,5,43,43,9,Train/9/00009_00028_00004.png
client_0,30265,73,65,6,6,67,60,26,Train/26/00026_00009_00025.png
client_0,34408,108,110,10,10,99,101,35,Train/35/00035_00006_00029.png
client_0,17430,39,38,5,5,34,33,11,Train/11/00011_00013_00000.png
client_0,8258,33,34,5,6,28,29,4,Train/4/00004_00060_00008.png
client_0,22788,61,60,6,5,55,54,14,Train/14/00014_00005_00018.png
client_0,26596,48,43,6,5,43,37,18,Train/18/00018_00034_00016.png
client_0,13925,32,33,6,6,26,27,9,Train/9/00009_00012_00005.png
client_0,9001,31,30,6,5,25,24,5,Train/5/00005_00019_00001.png
client_0,14699,147,148,13,13,135,135,9,Train/9/00009_00037_00029.png
client_0,7227,99,93,9,8,91,85,4,Train/4/00004_00025_00027.png
client_0,37532,34,35,6,6,29,29,38,Train/38/00038_00051_00003.png
client_0,10305,42,44,5,6,37,39,6,Train/6/00006_00000_00015.png
client_0,1909,51,50,6,5,46,45,1,Train/1/00001_00044_00019.png
client_0,1235,34,37,5,6,29,32,1,Train/1/00001_00022_00005.png
client_0,28921,34,32,6,6,29,27,25,Train/25/00025_00015_00001.png
client_0,8319,34,35,5,6,29,30,4,Train/4/00004_00062_00009.png
client_0,29968,116,111,10,9,106,101,25,Train/25/00025_00049_00028.png
client_0,14295,40,44,6,6,35,38,9,Train/9/00009_00024_00015.png
client_0,14667,111,110,9,9,102,101,9,Train/9/00009_00036_00027.png
client_0,15890,42,42,6,6,37,37,10,Train/10/00010_00028_00020.png
client_0,38677,37,40,6,6,32,35,40,Train/40/00040_00010_00008.png
client_0,15647,37,36,6,6,32,31,10,Train/10/00010_00020_00017.png
client_0,8257,34,34,6,6,29,29,4,Train/4/00004_00060_00007.png
client_0,31495,79,74,7,7,72,68,29,Train/29/00029_00004_00025.png
client_0,25485,36,39,5,6,31,34,17,Train/17/00017_00034_00015.png
client_0,32595,81,72,7,6,74,66,31,Train/31/00031_00017_00015.png
client_0,4688,32,32,6,6,27,27,2,Train/2/00002_00063_00008.png
client_0,15230,45,46,5,6,40,41,10,Train/10/00010_00006_00020.png
client_0,26178,92,84,8,7,84,77,18,Train/18/00018_00020_00018.png
client_0,11031,46,46,5,6,41,41,7,Train/7/00007_00010_00021.png
client_0,23681,45,44,6,5,40,39,15,Train/15/00015_00009_00011.png
client_0,18737,53,52,6,5,47,46,12,Train/12/00012_00012_00017.png
client_0,1733,42,44,6,6,37,39,1,Train/1/00001_00038_00023.png
client_0,27714,69,63,7,5,63,57,23,Train/23/00023_00000_00024.png
client_0,3189,32,34,5,6,27,29,2,Train/2/00002_00013_00009.png
client_0,8674,32,32,5,5,27,27,5,Train/5/00005_00008_00004.png
client_0,3087,133,124,12,10,122,114,2,Train/2/00002_00009_00027.png
client_0,11022,40,39,6,6,34,33,7,Train/7/00007_00010_00012.png
client_0,35025,39,38,6,5,34,33,35,Train/35/00035_00027_00016.png
client_0,9865,64,67,6,6,59,61,5,Train/5/00005_00047_00025.png
client_0,18253,50,42,6,5,45,37,11,Train/11/00011_00040_00013.png
client_0,14948,48,46,5,6,43,41,9,Train/9/00009_00046_00008.png
client_0,13020,26,26,5,5,21,21,8,Train/8/00008_00029_00000.png
client_0,1010,46,46,5,5,40,41,1,Train/1/00001_00014_00020.png
client_0,38033,63,68,6,6,58,62,38,Train/38/00038_00067_00024.png
client_0,32313,38,35,6,5,33,30,31,Train/31/00031_00008_00003.png
client_0,37297,33,38,5,6,28,33,38,Train/38/00038_00043_00008.png
client_0,16799,72,73,7,7,66,67,10,Train/10/00010_00058_00029.png
client_0,32322,46,44,5,6,41,39,31,Train/31/00031_00008_00012.png
client_0,27996,44,41,5,6,38,36,23,Train/23/00023_00010_00006.png
client_0,28979,89,91,8,8,82,83,25,Train/25/00025_00016_00029.png
client_0,759,47,56,5,6,42,51,1,Train/1/00001_00006_00009.png
client_0,20155,67,67,6,6,61,61,12,Train/12/00012_00059_00025.png
client_0,32737,30,30,5,5,25,25,31,Train/31/00031_00022_00007.png
client_0,5023,36,35,6,5,31,30,2,Train/2/00002_00074_00013.png
client_0,18000,35,35,6,5,30,30,11,Train/11/00011_00032_00000.png
client_0,15932,28,29,5,6,23,24,10,Train/10/00010_00030_00002.png
client_0,10530,25,27,5,5,20,22,6,Train/6/00006_00008_00000.png
client_0,8239,51,51,6,5,46,46,4,Train/4/00004_00059_00019.png
client_0,11696,88,88,8,7,81,80,7,Train/7/00007_00032_00026.png
client_0,13535,28,31,5,6,23,26,8,Train/8/00008_00046_00005.png
client_0,6580,53,53,5,5,48,48,4,Train/4/00004_00004_00010.png
client_0,16883,58,46,6,5,52,40,10,Train/10/00010_00061_00023.png
client_0,6942,35,37,6,5,30,32,4,Train/4/00004_00016_00012.png
client_0,27854,46,43,5,6,41,38,23,Train/23/00023_00005_00014.png
client_0,10499,98,108,9,10,89,98,6,Train/6/00006_00006_00029.png
client_0,27064,33,32,5,6,28,27,21,Train/21/00021_00003_00004.png
client_0,31491,60,58,6,6,54,53,29,Train/29/00029_00004_00021.png
client_0,10286,56,58,5,6,50,53,5,Train/5/00005_00061_00026.png
client_0,15353,50,50,6,6,45,45,10,Train/10/00010_00010_00023.png
client_0,21299,41,39,5,6,36,34,13,Train/13/00013_00027_00029.png
client_0,19053,32,32,5,5,27,27,12,Train/12/00012_00023_00003.png
client_0,10586,47,48,5,5,41,43,6,Train/6/00006_00009_00026.png
client_0,36401,33,33,6,5,28,28,38,Train/38/00038_00013_00012.png
client_0,24346,41,42,5,5,36,37,16,Train/16/00016_00010_00016.png
client_0,15515,31,32,5,6,26,27,10,Train/10/00010_00016_00005.png
client_0,38245,76,80,6,7,70,73,39,Train/39/00039_00005_00026.png
client_0,6867,83,87,8,7,76,80,4,Train/4/00004_00013_00027.png
client_0,16891,29,30,5,6,24,25,10,Train/10/00010_00062_00001.png
client_0,9251,34,32,6,5,29,26,5,Train/5/00005_00027_00011.png
client_0,20825,40,35,6,5,35,30,13,Train/13/00013_00012_00005.png
client_0,31614,97,87,8,7,89,80,29,Train/29/00029_00008_00024.png
client_0,30479,69,60,7,5,63,55,26,Train/26/00026_00016_00029.png
client_0,10707,55,59,5,6,50,54,6,Train/6/00006_00013_00027.png
client_0,25996,48,49,6,5,43,44,18,Train/18/00018_00014_00016.png
client_0,13630,47,46,6,6,41,40,9,Train/9/00009_00002_00010.png
client_0,8446,41,42,5,5,36,37,5,Train/5/00005_00000_00016.png
client_0,15605,33,34,5,6,28,29,10,Train/10/00010_00019_00005.png
client_0,38228,37,37,5,5,32,32,39,Train/39/00039_00005_00009.png
client_0,10437,63,61,5,5,58,56,6,Train/6/00006_00004_00027.png
client_0,2726,80,80,8,8,73,73,1,Train/1/00001_00071_00026.png
client_0,33950,42,48,5,5,37,42,34,Train/34/00034_00005_00021.png
client_0,2698,134,133,12,12,123,122,1,Train/1/00001_00070_00028.png
client_0,731,38,38,6,6,32,32,1,Train/1/00001_00005_00011.png
client_0,33279,32,34,5,5,27,28,33,Train/33/00033_00006_00009.png
client_0,29018,38,34,6,5,33,29,25,Train/25/00025_00018_00008.png
client_0,1124,57,59,5,6,52,54,1,Train/1/00001_00018_00014.png
client_0,6666,32,32,5,5,26,26,4,Train/4/00004_00007_00006.png
client_0,8834,38,38,5,5,33,33,5,Train/5/00005_00013_00014.png
client_0,11682,41,42,5,6,35,37,7,Train/7/00007_00032_00012.png
client_0,2626,40,41,5,6,35,36,1,Train/1/00001_00068_00016.png
client_0,12373,39,39,5,5,34,34,8,Train/8/00008_00007_00013.png
client_0,15670,39,39,5,5,34,34,10,Train/10/00010_00021_00010.png
client_0,10988,31,34,5,6,26,29,7,Train/7/00007_00009_00008.png
client_0,14734,41,41,5,5,36,36,9,Train/9/00009_00039_00004.png
client_0,15741,44,46,5,5,39,41,10,Train/10/00010_00023_00021.png
client_0,10710,26,26,5,6,20,21,7,Train/7/00007_00000_00000.png
client_0,2741,50,50,5,5,45,45,1,Train/1/00001_00072_00011.png
client_0,34413,28,29,6,5,23,23,35,Train/35/00035_00007_00004.png
client_0,13711,27,26,6,5,22,21,9,Train/9/00009_00005_00001.png
client_0,33554,34,39,5,5,28,34,33,Train/33/00033_00015_00014.png
client_0,30473,53,47,6,5,48,42,26,Train/26/00026_00016_00023.png
client_0,23190,36,40,5,6,31,35,14,Train/14/00014_00019_00000.png
client_0,6385,68,64,7,6,62,59,3,Train/3/00003_00044_00025.png
client_0,34861,39,39,5,5,34,34,35,Train/35/00035_00022_00002.png
client_0,9076,43,42,6,5,37,36,5,Train/5/00005_00021_00016.png
client_0,10338,45,45,6,5,40,40,6,Train/6/00006_00001_00018.png
client_0,31442,45,38,6,6,40,32,29,Train/29/00029_00003_00002.png
client_0,29078,38,35,6,6,33,30,25,Train/25/00025_00020_00008.png
client_0,15969,33,33,5,5,28,28,10,Train/10/00010_00031_00009.png
client_0,27839,92,84,8,7,84,76,23,Train/23/00023_00004_00029.png
client_0,38672,32,35,5,5,27,30,40,Train/40/00040_00010_00003.png
client_0,12809,73,71,6,7,67,65,8,Train/8/00008_00021_00029.png
client_0,28614,62,56,6,6,57,51,25,Train/25/00025_00004_00024.png
client_0,15679,54,54,5,5,49,49,10,Train/10/00010_00021_00019.png
client_0,16156,37,36,6,6,32,31,10,Train/10/00010_00037_00016.png
client_0,19638,85,85,7,7,78,78,12,Train/12/00012_00042_00018.png
client_0,15506,80,80,7,7,73,73,10,Train/10/00010_00015_00026.png
client_0,31138,128,117,12,11,117,107,28,Train/28/00028_00010_00028.png
client_0,33724,35,38,5,5,29,32,33,Train/33/00033_00021_00005.png
client_0,28515,98,86,8,7,90,79,25,Train/25/00025_00001_00015.png
client_0,28004,54,50,5,6,49,45,23,Train/23/00023_00010_00014.png
client_0,10873,47,46,6,5,42,41,7,Train/7/00007_00005_00013.png
client_0,36592,47,47,6,6,42,42,38,Train/38/00038_00019_00023.png
client_0,22842,48,48,5,6,43,43,14,Train/14/00014_00007_00012.png
client_0,28156,62,57,5,5,57,52,23,Train/23/00023_00015_00016.png
client_0,37045,62,69,5,6,57,63,38,Train/38/00038_00034_00026.png
client_0,812,43,46,5,5,38,41,1,Train/1/00001_00008_00002.png
client_0,26858,37,37,6,6,32,31,19,Train/19/00019_00003_00008.png
client_0,503,84,88,8,7,76,81,0,Train/0/00000_00004_00023.png
client_0,12195,38,39,5,5,33,34,8,Train/8/00008_00001_00015.png
client_0,18469,52,52,6,6,47,47,12,Train/12/00012_00003_00019.png
client_0,1122,55,55,6,6,50,50,1,Train/1/00001_00018_00012.png
client_0,16933,33,34,5,5,28,29,10,Train/10/00010_00063_00013.png
client_0,18289,54,50,6,6,49,45,11,Train/11/00011_00041_00019.png
client_0,37038,42,45,5,6,37,40,38,Train/38/00038_00034_00019.png
client_0,9015,41,41,5,5,35,35,5,Train/5/00005_00019_00015.png
client_0,30030,33,31,6,6,28,26,26,Train/26/00026_00002_00000.png
client_0,31171,31,28,6,6,26,23,28,Train/28/00028_00012_00001.png
client_0,30216,37,34,6,6,32,28,26,Train/26/00026_00008_00006.png
client_0,14792,27,28,5,5,22,23,9,Train/9/00009_00041_00002.png
client_0,1174,47,51,6,5,42,46,1,Train/1/00001_00020_00004.png
client_0,29789,144,133,13,12,132,122,25,Train/25/00025_00043_00029.png
client_0,9539,84,82,8,7,77,75,5,Train/5/00005_00036_00029.png
client_0,8887,34,34,5,5,29,29,5,Train/5/00005_00015_00007.png
client_0,8316,34,32,6,5,29,27,4,Train/4/00004_00062_00006.png
client_0,5630,43,42,5,5,38,37,3,Train/3/00003_00019_00020.png
client_0,3368,37,36,6,5,31,30,2,Train/2/00002_00019_00008.png
client_0,11930,35,35,5,5,30,30,7,Train/7/00007_00040_00020.png
client_0,17587,52,48,6,6,47,43,11,Train/11/00011_00018_00007.png
client_0,1322,28,28,5,6,23,23,1,Train/1/00001_00025_00002.png
client_0,32293,38,36,5,5,33,31,31,Train/31/00031_00007_00013.png
client_0,3631,32,33,6,6,27,28,2,Train/2/00002_00028_00001.png
client_0,32281,32,31,6,6,27,26,31,Train/31/00031_00007_00001.png
client_0,38364,56,61,5,6,51,56,39,Train/39/00039_00009_00025.png
client_0,24591,29,28,6,5,24,23,17,Train/17/00017_00004_00021.png
client_0,27956,120,111,10,9,110,102,23,Train/23/00023_00008_00026.png
client_0,5195,33,33,6,6,28,28,3,Train/3/00003_00005_00005.png
client_0,35472,44,43,5,5,38,38,36,Train/36/00036_00002_00013.png
client_0,29948,46,43,6,6,40,38,25,Train/25/00025_00049_00008.png
client_0,11817,72,71,7,7,66,65,7,Train/7/00007_00036_00027.png
client_0,38000,49,49,6,5,44,44,38,Train/38/00038_00066_00021.png
client_0,22549,46,46,5,5,41,41,13,Train/13/00013_00069_00019.png
client_0,7661,33,34,5,6,28,29,4,Train/4/00004_00040_00011.png
client_0,26557,54,49,6,6,49,44,18,Train/18/00018_00033_00007.png
client_0,19040,51,49,5,5,46,44,12,Train/12/00012_00022_00020.png
client_0,14652,45,45,6,6,40,40,9,Train/9/00009_00036_00012.png
client_0,1517,47,46,6,5,42,41,1,Train/1/00001_00031_00017.png
client_0,18341,41,40,6,5,36,35,11,Train/11/00011_00043_00011.png
client_0,28851,85,82,7,8,77,75,25,Train/25/00025_00012_00021.png
client_0,15980,44,43,6,6,39,38,10,Train/10/00010_00031_00020.png
client_0,17853,48,45,5,5,43,40,11,Train/11/00011_00027_00003.png
client_0,27993,40,39,5,6,35,34,23,Train/23/00023_00010_00003.png
client_0,37418,28,28,5,6,23,23,38,Train/38/00038_00047_00009.png
client_0,29606,96,92,8,9,88,84,25,Train/25/00025_00037_00026.png
client_0,23103,57,57,5,5,52,52,14,Train/14/00014_00016_00003.png
client_0,16471,28,30,5,6,23,24,10,Train/10/00010_00048_00001.png
client_0,31873,41,36,5,5,36,31,30,Train/30/00030_00008_00013.png
client_0,10294,32,33,5,5,27,28,6,Train/6/00006_00000_00004.png
client_0,20816,63,84,5,7,58,77,13,Train/13/00013_00011_00026.png
client_0,16756,46,44,6,6,41,39,10,Train/10/00010_00057_00016.png
client_0,34201,39,39,6,6,34,34,35,Train/35/00035_00000_00002.png
client_0,28909,59,55,5,6,53,50,25,Train/25/00025_00014_00019.png
client_0,26503,44,39,6,5,39,34,18,Train/18/00018_00031_00013.png
client_0,26220,59,56,6,5,54,51,18,Train/18/00018_00022_00000.png
client_0,8348,29,30,5,6,24,25,4,Train/4/00004_00063_00008.png
client_0,12211,27,27,6,6,22,22,8,Train/8/00008_00002_00001.png
client_0,12016,39,40,6,6,34,35,7,Train/7/00007_00043_00016.png
client_0,19637,82,81,8,7,75,74,12,Train/12/00012_00042_00017.png
client_0,15904,31,31,6,6,26,26,10,Train/10/00010_00029_00004.png
client_0,20348,41,46,5,5,36,41,12,Train/12/00012_00066_00008.png
client_0,13804,28,28,5,5,23,23,9,Train/9/00009_00008_00004.png
client_0,22925,62,72,6,7,57,66,14,Train/14/00014_00010_00005.png
client_0,8817,98,98,9,9,90,90,5,Train/5/00005_00012_00027.png
client_0,36786,28,31,5,6,23,26,38,Train/38/00038_00026_00007.png
client_0,32797,35,32,6,5,30,27,31,Train/31/00031_00024_00007.png
client_0,6393,29,30,5,6,24,25,3,Train/3/00003_00045_00003.png
client_0,23114,62,61,6,5,57,56,14,Train/14/00014_00016_00014.png
client_0,29127,121,108,11,9,111,99,25,Train/25/00025_00021_00027.png
client_0,34796,56,57,5,6,51,52,35,Train/35/00035_00019_00027.png
client_0,28585,170,157,14,13,156,144,25,Train/25/00025_00003_00025.png
client_0,7600,36,37,5,6,31,32,4,Train/4/00004_00038_00010.png
client_0,28523,140,121,13,11,128,111,25,Train/25/00025_00001_00023.png
client_0,22648,164,159,15,14,150,146,14,Train/14/00014_00000_00028.png
client_0,1823,63,63,6,5,58,58,1,Train/1/00001_00041_00023.png
client_0,20197,42,45,6,5,37,40,12,Train/12/00012_00061_00007.png
client_0,1299,28,27,6,5,23,22,1,Train/1/00001_00024_00009.png
client_0,4358,58,57,5,5,52,52,2,Train/2/00002_00052_00008.png
client_0,5803,36,36,5,5,31,31,3,Train/3/00003_00025_00013.png
client_0,7514,41,43,5,6,36,38,4,Train/4/00004_00035_00014.png
client_0,35155,50,53,6,6,45,48,35,Train/35/00035_00031_00026.png
client_0,296,56,57,5,6,51,52,20,Train/20/00020_00009_00026.png
client_0,9513,28,28,5,6,22,23,5,Train/5/00005_00036_00003.png
client_0,18201,84,75,8,7,77,68,11,Train/11/00011_00038_00021.png
client_0,9914,37,39,6,6,32,34,5,Train/5/00005_00049_00014.png
client_0,30308,49,45,6,6,43,40,26,Train/26/00026_00011_00008.png
client_0,22865,35,38,6,6,30,33,14,Train/14/00014_00008_00005.png
client_0,19906,42,41,6,5,37,36,12,Train/12/00012_00051_00016.png
client_0,35101,26,27,5,6,21,22,35,Train/35/00035_00030_00002.png
client_0,23028,93,91,9,8,85,83,14,Train/14/00014_00013_00018.png
client_0,7321,30,31,5,6,25,26,4,Train/4/00004_00029_00001.png
client_0,18821,41,43,6,6,36,38,12,Train/12/00012_00015_00011.png
client_0,31344,89,82,8,8,82,75,28,Train/28/00028_00017_00024.png
client_0,5914,30,29,6,6,25,24,3,Train/3/00003_00029_00004.png
client_0,35095,57,60,6,6,52,54,35,Train/35/00035_00029_00026.png
client_0,266,55,55,6,6,50,50,20,Train/20/00020_00008_00026.png
client_0,14654,48,48,5,6,43,43,9,Train/9/00009_00036_00014.png
client_0,24140,46,46,6,6,41,41,16,Train/16/00016_00003_00020.png
client_0,13328,34,35,5,5,29,30,8,Train/8/00008_00039_00008.png
client_0,27811,30,29,5,5,25,24,23,Train/23/00023_00004_00001.png
client_0,19780,47,50,6,6,41,44,12,Train/12/00012_00047_00010.png
client_0,32141,43,41,5,5,38,36,31,Train/31/00031_00002_00011.png
client_0,22387,30,29,6,5,25,24,13,Train/13/00013_00064_00007.png
client_0,26932,61,55,6,5,55,49,19,Train/19/00019_00005_00022.png
client_0,36152,28,29,6,5,23,24,38,Train/38/00038_00005_00003.png
client_0,19566,40,40,5,5,35,35,12,Train/12/00012_00040_00006.png
client_0,20502,40,41,5,5,35,36,13,Train/13/00013_00001_00012.png
client_0,19125,43,49,6,5,38,44,12,Train/12/00012_00025_00015.png
client_0,20223,38,38,5,5,33,33,12,Train/12/00012_00062_00003.png
client_0,29317,49,47,5,5,44,42,25,Train/25/00025_00028_00007.png
client_0,2459,64,68,5,7,59,62,1,Train/1/00001_00062_00029.png
client_0,13323,33,31,6,5,28,26,8,Train/8/00008_00039_00003.png
client_0,28434,94,82,9,7,86,75,24,Train/24/00024_00007_00024.png
client_0,10718,32,32,6,5,27,27,7,Train/7/00007_00000_00008.png
client_0,18590,55,54,5,6,50,49,12,Train/12/00012_00007_00020.png
client_0,15330,29,29,5,5,24,24,10,Train/10/00010_00010_00000.png
client_0,22143,48,45,5,5,43,40,13,Train/13/00013_00056_00003.png
client_0,22747,41,43,5,6,36,37,14,Train/14/00014_00004_00007.png
client_0,948,45,48,5,6,40,42,1,Train/1/00001_00012_00018.png
client_0,22403,34,34,5,5,29,29,13,Train/13/00013_00064_00023.png
client_0,20712,49,57,6,6,44,52,13,Train/13/00013_00008_00012.png
client_0,32108,44,41,6,6,39,35,31,Train/31/00031_00001_00008.png
client_0,12470,46,46,5,5,41,41,8,Train/8/00008_00010_00020.png
client_0,22786,57,59,5,6,52,53,14,Train/14/00014_00005_00016.png
client_0,8225,30,31,5,6,25,26,4,Train/4/00004_00059_00005.png
client_0,3840,33,32,6,5,28,27,2,Train/2/00002_00035_00000.png
client_0,11848,69,67,6,6,63,61,7,Train/7/00007_00037_00028.png
client_0,26520,47,48,5,6,42,43,18,Train/18/00018_00032_00000.png
client_0,16025,26,26,5,5,21,21,10,Train/10/00010_00033_00005.png
client_0,16061,35,32,6,6,29,27,10,Train/10/00010_00034_00011.png
client_0,4518,44,44,6,6,38,39,2,Train/2/00002_00057_00018.png
client_0,28758,44,43,5,6,39,38,25,Train/25/00025_00009_00018.png
client_0,1745,36,38,5,6,31,33,1,Train/1/00001_00039_00005.png
client_0,20651,36,33,5,6,31,28,13,Train/13/00013_00006_00011.png
client_0,24477,30,36,6,5,25,31,17,Train/17/00017_00000_00027.png
client_0,22524,128,100,12,9,117,92,13,Train/13/00013_00068_00024.png
client_0,31090,44,42,6,5,39,37,28,Train/28/00028_00009_00010.png
client_0,33114,75,82,6,8,68,74,33,Train/33/00033_00000_00024.png
client_0,9092,35,35,6,6,30,30,5,Train/5/00005_00022_00002.png
client_0,2941,30,30,6,6,25,25,2,Train/2/00002_00005_00001.png
client_0,11360,46,45,6,6,41,40,7,Train/7/00007_00021_00020.png
client_0,16084,31,29,6,5,26,23,10,Train/10/00010_00035_00004.png
client_0,3078,67,68,6,7,61,62,2,Train/2/00002_00009_00018.png
client_0,11047,39,38,6,5,34,33,7,Train/7/00007_00011_00007.png
client_0,20338,107,104,10,10,98,95,12,Train/12/00012_00065_00028.png
client_0,27601,30,31,5,5,25,25,22,Train/22/00022_00010_00001.png
client_0,4591,49,50,5,6,44,45,2,Train/2/00002_00060_00001.png
client_0,36336,39,44,5,6,34,39,38,Train/38/00038_00011_00007.png
client_0,16913,49,48,6,5,44,43,10,Train/10/00010_00062_00023.png
client_0,21980,60,63,5,5,55,58,13,Train/13/00013_00050_00020.png
client_0,19411,34,34,6,5,29,29,12,Train/12/00012_00035_00001.png
client_0,31772,32,32,6,6,27,27,30,Train/30/00030_00005_00002.png
client_0,33872,46,47,6,5,40,42,34,Train/34/00034_00003_00003.png
client_0,1459,55,56,6,5,50,50,1,Train/1/00001_00029_00019.png
client_0,25436,40,43,6,6,35,38,17,Train/17/00017_00032_00026.png
client_0,1876,55,55,6,6,50,50,1,Train/1/00001_00043_00016.png
client_0,959,108,109,9,10,99,100,1,Train/1/00001_00012_00029.png
client_0,16207,31,31,6,6,26,26,10,Train/10/00010_00039_00007.png
client_0,30176,80,72,8,7,73,66,26,Train/26/00026_00006_00026.png
client_0,10660,29,31,5,5,23,25,6,Train/6/00006_00012_00010.png
client_0,3994,26,27,5,5,21,21,2,Train/2/00002_00040_00004.png
client_0,10935,45,45,5,5,40,40,7,Train/7/00007_00007_00015.png
client_0,35720,45,46,6,6,39,40,36,Train/36/00036_00010_00021.png
client_0,37301,43,46,6,5,38,41,38,Train/38/00038_00043_00012.png
client_0,32822,38,35,6,6,33,30,31,Train/31/00031_00025_00002.png
client_0,16934,35,36,5,5,29,30,10,Train/10/00010_00063_00014.png
client_0,29002,72,64,7,5,65,58,25,Train/25/00025_00017_00022.png
client_0,24981,57,59,6,6,52,54,17,Train/17/00017_00017_00021.png
client_0,15938,30,31,5,6,25,26,10,Train/10/00010_00030_00008.png
client_0,29304,88,81,8,7,81,74,25,Train/25/00025_00027_00024.png
client_0,17882,28,44,6,6,23,39,11,Train/11/00011_00028_00002.png
client_0,19001,44,46,5,5,39,41,12,Train/12/00012_00021_00011.png
client_0,35824,31,32,5,6,26,27,37,Train/37/00037_00001_00005.png
client_0,32016,34,29,6,5,29,24,30,Train/30/00030_00013_00006.png
client_0,37219,64,75,6,7,59,69,38,Train/38/00038_00040_00020.png
client_0,25510,30,30,6,6,25,25,17,Train/17/00017_00035_00010.png
client_0,36061,37,37,5,5,32,32,38,Train/38/00038_00002_00002.png
client_0,4498,80,84,8,8,73,77,2,Train/2/00002_00056_00028.png
client_0,1528,101,99,9,9,93,91,1,Train/1/00001_00031_00028.png
client_0,12084,66,69,6,7,60,63,7,Train/7/00007_00045_00024.png
client_0,16684,31,31,6,6,26,26,10,Train/10/00010_00055_00004.png
client_0,6328,58,56,6,5,53,51,3,Train/3/00003_00042_00028.png
client_0,26724,87,86,8,7,80,79,18,Train/18/00018_00038_00024.png
client_0,35855,32,31,5,5,27,26,37,Train/37/00037_00002_00006.png
client_0,20122,74,65,6,6,68,60,12,Train/12/00012_00058_00022.png
client_0,36478,82,97,8,8,75,89,38,Train/38/00038_00015_00029.png
client_0,9696,33,35,6,6,28,30,5,Train/5/00005_00042_00006.png
client_0,21016,51,48,6,6,46,43,13,Train/13/00013_00018_00016.png
client_0,37926,32,33,5,5,27,28,38,Train/38/00038_00064_00007.png
client_0,26120,82,73,8,7,75,67,18,Train/18/00018_00018_00020.png
client_0,15610,38,38,5,5,33,33,10,Train/10/00010_00019_00010.png
client_0,22972,70,70,6,6,64,64,14,Train/14/00014_00011_00022.png
client_0,8827,31,32,5,5,26,26,5,Train/5/00005_00013_00007.png
client_0,25703,137,123,12,11,126,113,18,Train/18/00018_00004_00023.png
client_0,11732,30,31,5,5,25,26,7,Train/7/00007_00034_00002.png
client_0,35226,34,35,6,5,29,30,35,Train/35/00035_00034_00007.png
client_0,16577,52,52,5,5,47,47,10,Train/10/00010_00051_00017.png
client_0,15311,38,39,5,6,33,34,10,Train/10/00010_00009_00011.png
client_0,25092,37,36,5,5,32,31,17,Train/17/00017_00021_00012.png
client_0,34644,64,65,5,6,59,59,35,Train/35/00035_00014_00025.png
client_0,16735,52,52,5,5,47,47,10,Train/10/00010_00056_00025.png
client_0,2985,36,36,6,5,30,30,2,Train/2/00002_00006_00015.png
client_0,13531,28,30,6,6,23,25,8,Train/8/00008_00046_00001.png
client_0,16583,70,70,6,6,64,64,10,Train/10/00010_00051_00023.png
client_0,18063,41,38,6,6,36,33,11,Train/11/00011_00034_00003.png
client_0,15893,48,47,6,5,43,42,10,Train/10/00010_00028_00023.png
client_0,35420,54,54,6,6,49,49,36,Train/36/00036_00000_00021.png
client_0,11012,32,32,5,5,27,27,7,Train/7/00007_00010_00002.png
client_0,33344,61,61,5,5,55,56,33,Train/33/00033_00008_00014.png
client_0,38841,56,56,6,5,51,51,41,Train/41/00041_00003_00022.png
client_0,32061,46,43,5,5,41,38,30,Train/30/00030_00014_00021.png
client_0,12160,40,42,6,6,35,37,8,Train/8/00008_00000_00010.png
client_0,19207,31,32,5,6,26,27,12,Train/12/00012_00028_00007.png
client_0,26609,108,97,9,8,99,89,18,Train/18/00018_00034_00029.png
client_0,4543,31,32,6,6,26,27,2,Train/2/00002_00058_00013.png
client_0,13986,35,35,5,5,30,30,9,Train/9/00009_00014_00006.png
client_0,22276,55,51,5,6,50,45,13,Train/13/00013_00060_00016.png
client_0,27981,60,56,5,6,55,51,23,Train/23/00023_00009_00021.png
client_0,9861,52,53,6,6,46,48,5,Train/5/00005_00047_00021.png
client_0,10159,44,43,6,5,39,38,5,Train/5/00005_00057_00019.png
client_0,13255,81,81,7,7,74,74,8,Train/8/00008_00036_00025.png
client_0,34990,40,40,5,5,35,35,35,Train/35/00035_00026_00011.png
client_0,23541,49,51,5,5,44,45,15,Train/15/00015_00004_00021.png
client_0,18227,42,40,5,5,37,35,11,Train/11/00011_00039_00017.png
client_0,16143,28,28,5,6,23,23,10,Train/10/00010_00037_00003.png
client_0,34954,32,34,5,6,27,29,35,Train/35/00035_00025_00005.png
client_0,9591,43,44,6,6,38,39,5,Train/5/00005_00038_00021.png
client_0,3532,48,48,5,5,43,43,2,Train/2/00002_00024_00022.png
client_0,31971,63,65,5,6,57,59,30,Train/30/00030_00011_00021.png
client_0,13176,35,37,6,6,30,32,8,Train/8/00008_00034_00006.png
client_0,30554,39,35,5,5,34,30,26,Train/26/00026_00019_00014.png
client_0,29744,47,41,6,5,42,36,25,Train/25/00025_00042_00014.png
client_0,13691,34,35,5,6,29,30,9,Train/9/00009_00004_00011.png
client_0,27162,41,38,6,5,36,33,21,Train/21/00021_00006_00012.png
client_0,22432,69,60,6,5,63,55,13,Train/13/00013_00065_00022.png
client_0,36233,69,70,7,7,63,64,38,Train/38/00038_00007_00024.png
client_0,22658,39,40,5,5,34,34,14,Train/14/00014_00001_00008.png
client_0,8095,94,99,9,9,86,91,4,Train/4/00004_00054_00025.png
client_0,28802,63,61,6,6,58,56,25,Train/25/00025_00011_00002.png
client_0,37857,46,48,5,6,41,43,38,Train/38/00038_00061_00028.png
client_0,19050,31,32,5,6,26,27,12,Train/12/00012_00023_00000.png
client_0,6503,56,57,6,6,51,52,4,Train/4/00004_00001_00023.png
client_0,25344,42,45,6,5,37,39,17,Train/17/00017_00029_00024.png
client_0,32317,40,38,6,5,35,33,31,Train/31/00031_00008_00007.png
client_0,13208,33,34,5,6,28,29,8,Train/8/00008_00035_00008.png
client_0,36773,48,46,6,5,43,41,38,Train/38/00038_00025_00024.png
client_0,29854,40,39,5,5,35,34,25,Train/25/00025_00046_00004.png
client_0,2730,35,36,5,6,30,31,1,Train/1/00001_00072_00000.png
client_0,4855,70,71,7,7,64,65,2,Train/2/00002_00068_00025.png
client_0,11373,34,33,6,5,29,28,7,Train/7/00007_00022_00003.png
client_0,28391,44,40,6,5,39,35,24,Train/24/00024_00006_00011.png
client_0,1411,29,32,6,5,23,27,1,Train/1/00001_00028_00001.png
client_0,22964,49,50,5,6,44,45,14,Train/14/00014_00011_00014.png
client_0,978,56,60,5,6,51,54,1,Train/1/00001_00013_00018.png
client_0,23158,120,124,10,11,110,114,14,Train/14/00014_00017_00028.png
client_0,34535,33,33,5,5,28,28,35,Train/35/00035_00011_00006.png
client_0,21427,41,37,5,5,35,31,13,Train/13/00013_00032_00007.png
client_0,19139,105,108,9,10,96,99,12,Train/12/00012_00025_00029.png
client_0,15079,49,45,6,6,44,40,10,Train/10/00010_00001_00019.png
client_0,2670,47,48,5,5,42,43,1,Train/1/00001_00070_00000.png
client_0,34215,55,54,6,5,50,49,35,Train/35/00035_00000_00016.png
client_0,37059,32,34,5,6,27,29,38,Train/38/00038_00035_00010.png
client_0,20470,35,33,5,5,29,28,13,Train/13/00013_00000_00010.png
client_0,8667,59,61,6,5,54,56,5,Train/5/00005_00007_00027.png
client_0,26627,49,43,6,5,44,38,18,Train/18/00018_00035_00017.png
client_0,32611,35,34,5,6,30,29,31,Train/31/00031_00018_00001.png
client_0,37008,40,46,5,5,35,41,38,Train/38/00038_00033_00019.png
client_0,9787,33,31,5,5,27,25,5,Train/5/00005_00045_00007.png
client_0,31541,40,36,6,5,35,30,29,Train/29/00029_00006_00011.png
client_0,22899,35,37,5,5,30,32,14,Train/14/00014_00009_00009.png
client_0,10969,45,45,6,5,40,40,7,Train/7/00007_00008_00019.png
client_0,28273,61,58,6,6,56,53,24,Train/24/00024_00002_00013.png
client_0,1680,26,25,5,5,21,20,1,Train/1/00001_00037_00000.png
client_0,8356,36,36,5,5,31,31,4,Train/4/00004_00063_00016.png
client_0,5632,44,42,6,5,39,37,3,Train/3/00003_00019_00022.png
client_0,14114,37,36,6,6,32,31,9,Train/9/00009_00018_00014.png
client_0,655,63,64,5,6,58,59,1,Train/1/00001_00002_00025.png
client_0,27857,52,48,6,5,47,42,23,Train/23/00023_00005_00017.png
client_0,27565,84,78,8,7,76,71,22,Train/22/00022_00008_00025.png
client_0,1660,38,38,6,6,33,33,1,Train/1/00001_00036_00010.png
client_0,8617,38,37,6,5,33,32,5,Train/5/00005_00006_00007.png
client_0,38013,31,34,5,5,26,29,38,Train/38/00038_00067_00004.png
client_0,285,43,43,6,6,38,38,20,Train/20/00020_00009_00015.png
client_0,10640,45,44,6,5,40,39,6,Train/6/00006_00011_00020.png
client_0,30122,38,34,6,6,33,29,26,Train/26/00026_00005_00002.png
client_0,36020,54,53,5,5,48,48,38,Train/38/00038_00000_00021.png
client_0,26290,38,36,5,5,33,31,18,Train/18/00018_00024_00010.png
client_0,14702,33,35,5,6,28,29,9,Train/9/00009_00038_00002.png
client_0,6537,84,85,7,7,77,78,4,Train/4/00004_00002_00027.png
client_0,6191,32,32,5,5,27,27,3,Train/3/00003_00038_00011.png
client_0,24113,49,48,6,5,44,43,16,Train/16/00016_00002_00023.png
client_0,14808,36,38,5,5,31,33,9,Train/9/00009_00041_00018.png
client_0,38809,57,59,5,5,52,54,41,Train/41/00041_00002_00020.png
client_0,27456,35,36,5,5,30,31,22,Train/22/00022_00005_00006.png
client_0,38960,50,51,5,6,45,46,41,Train/41/00041_00007_00021.png
client_0,8496,29,28,5,5,24,22,5,Train/5/00005_00002_00006.png
client_0,2477,42,42,6,6,36,36,1,Train/1/00001_00063_00017.png
client_0,21408,40,38,5,6,35,33,13,Train/13/00013_00031_00018.png
client_0,24813,27,26,5,5,22,21,17,Train/17/00017_00012_00003.png
client_0,24839,35,35,5,6,30,30,17,Train/17/00017_00012_00029.png
client_0,4340,55,54,6,5,50,49,2,Train/2/00002_00051_00020.png
client_0,18266,99,84,9,7,91,77,11,Train/11/00011_00040_00026.png
client_0,14446,45,45,5,5,40,40,9,Train/9/00009_00029_00016.png
client_0,17465,36,35,6,5,31,30,11,Train/11/00011_00014_00005.png
client_0,31072,111,98,10,8,102,90,28,Train/28/00028_00008_00022.png
client_0,38239,52,53,5,6,47,48,39,Train/39/00039_00005_00020.png
client_0,25513,30,30,5,5,25,25,17,Train/17/00017_00035_00013.png
client_0,13563,35,35,5,5,30,30,9,Train/9/00009_00000_00003.png
client_0,10981,27,28,6,6,22,23,7,Train/7/00007_00009_00001.png
client_0,16220,44,44,5,5,39,39,10,Train/10/00010_00039_00020.png
client_0,422,27,28,5,6,22,23,0,Train/0/00000_00002_00002.png
client_0,21380,60,55,6,6,55,50,13,Train/13/00013_00030_00020.png
client_0,13649,89,92,8,8,82,84,9,Train/9/00009_00002_00029.png
client_0,14596,41,39,6,5,36,34,9,Train/9/00009_00034_00016.png
client_0,39106,45,44,6,5,40,39,42,Train/42/00042_00004_00017.png
client_0,36314,35,36,5,5,30,31,38,Train/38/00038_00010_00015.png
client_0,25697,111,98,9,8,101,89,18,Train/18/00018_00004_00017.png
client_0,7276,39,38,6,5,34,33,4,Train/4/00004_00027_00016.png
client_0,34127,62,61,6,5,57,56,34,Train/34/00034_00011_00018.png
client_0,36803,34,35,6,5,29,30,38,Train/38/00038_00026_00024.png
client_0,25209,40,41,6,6,35,36,17,Train/17/00017_00025_00009.png
client_0,34617,109,110,10,10,100,101,35,Train/35/00035_00013_00028.png
client_0,337,31,29,6,6,26,24,20,Train/20/00020_00011_00007.png
client_0,22766,129,130,11,12,118,119,14,Train/14/00014_00004_00026.png
client_0,13120,34,34,6,5,29,29,8,Train/8/00008_00032_00010.png
client_0,36273,33,33,5,5,28,28,38,Train/38/00038_00009_00004.png
client_0,25934,38,40,5,5,33,35,18,Train/18/00018_00012_00014.png
client_0,32320,42,39,5,5,37,34,31,Train/31/00031_00008_00010.png
client_0,31846,59,54,6,6,53,49,30,Train/30/00030_00007_00016.png
client_0,25871,86,75,8,6,79,69,18,Train/18/00018_00010_00011.png
client_0,11777,41,42,5,6,36,37,7,Train/7/00007_00035_00017.png
client_0,22556,70,71,6,7,64,65,13,Train/13/00013_00069_00026.png
client_0,34788,39,39,6,5,34,34,35,Train/35/00035_00019_00019.png
client_0,21293,37,36,6,6,32,31,13,Train/13/00013_00027_00023.png
client_0,37004,35,41,6,6,30,36,38,Train/38/00038_00033_00015.png
client_0,15341,36,36,6,6,31,31,10,Train/10/00010_00010_00011.png
client_0,16989,31,29,6,5,26,24,10,Train/10/00010_00065_00009.png
client_0,37740,38,41,5,6,33,36,38,Train/38/00038_00058_00001.png
client_0,19018,73,76,7,6,67,70,12,Train/12/00012_00021_00028.png
client_0,20652,38,35,6,6,33,30,13,Train/13/00013_00006_00012.png
client_0,8841,46,46,5,5,41,41,5,Train/5/00005_00013_00021.png
client_0,11004,41,43,5,6,36,38,7,Train/7/00007_00009_00024.png
client_0,38813,75,82,7,7,69,74,41,Train/41/00041_00002_00024.png
client_0,31449,49,43,5,5,44,38,29,Train/29/00029_00003_00009.png
client_0,3164,61,58,6,5,56,53,2,Train/2/00002_00012_00014.png
client_0,14519,43,43,6,5,38,38,9,Train/9/00009_00031_00029.png
client_0,17589,51,48,5,6,46,43,11,Train/11/00011_00018_00009.png
client_0,31543,38,38,5,5,33,32,29,Train/29/00029_00006_00013.png
client_0,20789,74,74,6,6,68,68,13,Train/13/00013_00010_00029.png
client_0,21245,36,44,6,6,31,38,13,Train/13/00013_00026_00005.png
client_0,3970,31,31,5,5,26,26,2,Train/2/00002_00039_00010.png
client_0,16752,40,40,5,6,35,35,10,Train/10/00010_00057_00012.png
client_0,16043,46,45,5,6,41,40,10,Train/10/00010_00033_00023.png
client_0,23424,55,57,5,6,50,51,15,Train/15/00015_00000_00024.png
client_0,11996,71,68,7,6,65,62,7,Train/7/00007_00042_00026.png
client_0,35291,34,34,6,5,29,29,35,Train/35/00035_00036_00012.png
client_0,15170,40,41,6,6,35,36,10,Train/10/00010_00004_00020.png
client_0,18381,45,51,5,5,40,46,12,Train/12/00012_00000_00021.png
client_0,23617,30,32,5,5,25,27,15,Train/15/00015_00007_00007.png
client_0,8578,75,81,7,7,69,74,5,Train/5/00005_00004_00028.png
client_0,36784,28,29,5,5,23,24,38,Train/38/00038_00026_00005.png
client_0,1769,110,116,9,11,101,106,1,Train/1/00001_00039_00029.png
client_0,37645,75,79,7,7,68,72,38,Train/38/00038_00054_00026.png
client_0,12464,39,38,6,5,34,33,8,Train/8/00008_00010_00014.png
client_0,10386,32,34,6,6,27,29,6,Train/6/00006_00003_00006.png
client_0,37890,28,28,5,5,23,23,38,Train/38/00038_00063_00001.png
client_0,17136,40,38,6,5,35,33,11,Train/11/00011_00003_00006.png
client_0,14850,26,26,6,6,21,21,9,Train/9/00009_00043_00000.png
client_0,14813,41,42,6,5,36,37,9,Train/9/00009_00041_00023.png
client_0,27111,49,44,6,6,44,39,21,Train/21/00021_00004_00021.png
client_0,28820,96,106,8,10,87,97,25,Train/25/00025_00011_00020.png
client_0,30785,35,33,6,6,30,27,27,Train/27/00027_00007_00005.png
client_0,27266,98,89,9,8,90,82,21,Train/21/00021_00009_00026.png
client_0,26753,76,71,6,7,69,65,18,Train/18/00018_00039_00023.png
client_0,34975,83,82,7,7,75,75,35,Train/35/00035_00025_00026.png
client_0,29582,31,29,6,6,25,24,25,Train/25/00025_00037_00002.png
client_0,6704,35,38,5,5,30,32,4,Train/4/00004_00008_00014.png
client_0,16078,83,74,7,6,76,68,10,Train/10/00010_00034_00028.png
client_0,18475,72,73,6,6,66,67,12,Train/12/00012_00003_00025.png
client_0,11228,33,33,5,5,28,28,7,Train/7/00007_00017_00008.png
client_0,12964,28,27,5,5,23,22,8,Train/8/00008_00027_00004.png
client_0,37990,38,40,5,6,33,35,38,Train/38/00038_00066_00011.png
client_0,5625,41,40,6,5,36,35,3,Train/3/00003_00019_00015.png
client_0,4077,62,65,5,6,57,60,2,Train/2/00002_00042_00027.png
client_0,31080,36,33,5,5,31,28,28,Train/28/00028_00009_00000.png
client_0,38103,28,29,6,5,23,23,39,Train/39/00039_00001_00004.png
client_0,36626,98,108,8,9,90,99,38,Train/38/00038_00020_00027.png
client_0,16623,37,37,6,6,32,32,10,Train/10/00010_00053_00003.png
client_0,17914,55,50,6,6,49,44,11,Train/11/00011_00029_00004.png
client_0,8241,56,57,6,6,51,52,4,Train/4/00004_00059_00021.png
client_0,3183,31,33,5,6,25,27,2,Train/2/00002_00013_00003.png
client_0,11490,25,27,5,6,20,21,7,Train/7/00007_00026_00000.png
client_0,3276,30,32,5,5,25,27,2,Train/2/00002_00016_00006.png
client_0,18985,57,57,6,5,52,52,12,Train/12/00012_00020_00025.png
client_0,5141,37,37,5,5,31,32,3,Train/3/00003_00003_00011.png
client_0,20982,56,51,6,6,51,46,13,Train/13/00013_00017_00012.png
client_0,443,62,63,5,6,57,58,0,Train/0/00000_00002_00023.png
client_0,25107,62,58,6,5,57,53,17,Train/17/00017_00021_00027.png
client_0,8120,45,43,6,5,40,38,4,Train/4/00004_00055_00020.png
client_0,18832,55,57,6,5,50,52,12,Train/12/00012_00015_00022.png
client_0,9507,99,105,9,10,91,96,5,Train/5/00005_00035_00027.png
client_0,22251,95,89,8,8,87,81,13,Train/13/00013_00059_00021.png
client_0,23877,81,88,8,8,74,80,15,Train/15/00015_00015_00027.png
client_0,17237,40,36,6,5,35,30,11,Train/11/00011_00006_00017.png
client_0,10821,58,57,6,5,53,52,7,Train/7/00007_00003_00021.png
client_0,30453,34,31,6,6,29,26,26,Train/26/00026_00016_00003.png
client_0,15123,31,32,5,6,26,27,10,Train/10/00010_00003_00003.png
client_0,1045,76,76,6,6,69,70,1,Train/1/00001_00015_00025.png
client_0,4962,33,34,6,5,28,29,2,Train/2/00002_00072_00012.png
client_0,34626,34,34,6,6,29,29,35,Train/35/00035_00014_00007.png
client_0,22282,79,73,7,6,72,67,13,Train/13/00013_00060_00022.png
client_0,14334,61,61,5,5,56,56,9,Train/9/00009_00025_00024.png
client_0,2721,60,59,6,5,55,54,1,Train/1/00001_00071_00021.png
client_0,19127,47,52,5,5,42,47,12,Train/12/00012_00025_00017.png
client_0,16302,40,41,6,6,35,36,10,Train/10/00010_00042_00012.png
client_0,28793,82,72,8,7,75,66,25,Train/25/00025_00010_00023.png
client_0,33298,141,140,13,13,129,128,33,Train/33/00033_00006_00028.png
client_0,9746,51,52,5,6,46,47,5,Train/5/00005_00043_00026.png
client_0,17093,105,97,10,9,96,89,11,Train/11/00011_00001_00023.png
client_0,10946,94,93,9,8,86,85,7,Train/7/00007_00007_00026.png
client_0,23450,47,99,6,8,42,91,15,Train/15/00015_00001_00020.png
client_0,15070,37,35,6,6,31,29,10,Train/10/00010_00001_00010.png
client_0,34913,65,63,6,5,60,58,35,Train/35/00035_00023_00024.png
client_0,7787,38,39,5,6,33,34,4,Train/4/00004_00044_00017.png
client_0,8520,27,26,6,6,22,21,5,Train/5/00005_00003_00000.png
client_0,23559,30,30,5,6,24,25,15,Train/15/00015_00005_00009.png
client_0,14612,31,31,6,5,26,26,9,Train/9/00009_00035_00002.png
client_0,17067,109,97,10,9,100,89,11,Train/11/00011_00000_00027.png
client_0,37340,63,61,5,5,58,56,38,Train/38/00038_00044_00021.png
client_0,16514,38,37,6,5,33,32,10,Train/10/00010_00049_00014.png
client_0,3045,37,37,6,5,32,32,2,Train/2/00002_00008_00015.png
client_0,28199,79,75,7,6,72,69,23,Train/23/00023_00016_00029.png
client_0,11909,69,71,7,6,63,65,7,Train/7/00007_00039_00029.png
client_0,17718,83,72,8,6,76,66,11,Train/11/00011_00022_00018.png
client_0,25772,58,52,6,6,53,47,18,Train/18/00018_00007_00002.png
client_0,37541,41,41,6,6,36,36,38,Train/38/00038_00051_00012.png
client_0,32775,41,40,5,5,36,35,31,Train/31/00031_00023_00015.png
client_0,10083,31,32,5,6,26,27,5,Train/5/00005_00055_00003.png
client_0,18885,47,46,6,6,42,41,12,Train/12/00012_00017_00015.png
client_0,1121,53,52,6,5,47,47,1,Train/1/00001_00018_00011.png
client_0,26210,51,48,5,5,46,43,18,Train/18/00018_00021_00020.png
client_0,30560,50,45,6,6,44,39,26,Train/26/00026_00019_00020.png
client_0,8006,76,76,6,6,70,70,4,Train/4/00004_00051_00026.png
client_0,13883,74,71,7,6,67,65,9,Train/9/00009_00010_00023.png
client_0,13740,27,27,5,5,22,22,9,Train/9/00009_00006_00000.png
client_0,37730,58,63,5,5,53,58,38,Train/38/00038_00057_00021.png
client_0,35145,35,37,5,6,30,32,35,Train/35/00035_00031_00016.png
client_0,15702,44,45,6,6,39,40,10,Train/10/00010_00022_00012.png
client_0,5598,50,49,6,5,45,44,3,Train/3/00003_00018_00018.png
client_0,28274,62,57,6,5,57,52,24,Train/24/00024_00002_00014.png
client_0,13610,46,45,6,5,41,40,9,Train/9/00009_00001_00020.png
client_0,37224,82,98,8,8,75,90,38,Train/38/00038_00040_00025.png
client_0,1735,46,48,6,6,41,43,1,Train/1/00001_00038_00025.png
client_0,31919,178,153,16,14,165,140,30,Train/30/00030_00009_00029.png
client_0,15479,74,74,6,6,68,68,10,Train/10/00010_00014_00029.png
client_0,14905,72,74,7,6,66,68,9,Train/9/00009_00044_00025.png
client_0,37719,37,40,5,6,32,35,38,Train/38/00038_00057_00010.png
client_0,2818,100,97,9,8,92,89,2,Train/2/00002_00000_00028.png
client_0,24462,27,32,5,6,21,27,17,Train/17/00017_00000_00012.png
client_0,27350,53,44,5,5,48,39,22,Train/22/00022_00001_00020.png
client_0,92,37,35,6,5,32,29,20,Train/20/00020_00003_00002.png
client_0,13734,54,54,5,5,48,49,9,Train/9/00009_00005_00024.png
client_0,30893,94,83,8,8,86,76,28,Train/28/00028_00002_00023.png
client_0,8051,45,42,5,5,40,37,4,Train/4/00004_00053_00011.png
client_0,16688,36,36,6,6,31,31,10,Train/10/00010_00055_00008.png
client_0,25459,32,34,5,6,27,29,17,Train/17/00017_00033_00019.png
client_0,15995,32,26,6,5,26,21,10,Train/10/00010_00032_00005.png
client_0,61,33,33,5,6,28,28,20,Train/20/00020_00002_00001.png
client_0,27509,99,93,8,9,91,85,22,Train/22/00022_00006_00029.png
client_0,18877,36,36,5,5,31,31,12,Train/12/00012_00017_00007.png
client_0,37777,40,41,5,6,35,36,38,Train/38/00038_00059_00008.png
client_0,15516,32,32,5,5,27,27,10,Train/10/00010_00016_00006.png
client_0,28716,77,75,7,7,71,68,25,Train/25/00025_00008_00006.png
client_0,34472,28,28,6,6,23,23,35,Train/35/00035_00009_00003.png
client_0,29614,33,30,6,5,28,25,25,Train/25/00025_00038_00004.png
client_0,27955,115,106,10,10,105,97,23,Train/23/00023_00008_00025.png
client_0,31450,50,43,6,5,45,38,29,Train/29/00029_00003_00010.png
client_0,3413,47,51,5,6,42,46,2,Train/2/00002_00020_00023.png
client_0,6489,44,43,6,5,39,38,4,Train/4/00004_00001_00009.png
client_0,7035,47,46,6,5,42,41,4,Train/4/00004_00019_00015.png
client_0,12240,29,28,6,5,24,23,8,Train/8/00008_00003_00000.png
client_0,30644,48,44,5,6,43,39,27,Train/27/00027_00002_00014.png
client_0,4474,31,31,5,5,26,25,2,Train/2/00002_00056_00004.png
client_0,37419,29,28,5,6,24,23,38,Train/38/00038_00047_00010.png
client_0,25987,40,39,6,5,35,34,18,Train/18/00018_00014_00007.png
client_0,19081,43,43,6,6,38,38,12,Train/12/00012_00024_00001.png
client_0,3442,45,46,6,6,40,41,2,Train/2/00002_00021_00022.png
client_0,1389,34,35,5,5,29,29,1,Train/1/00001_00027_00009.png
client_0,30003,42,40,6,6,37,35,26,Train/26/00026_00001_00003.png
client_0,9367,29,29,5,5,23,24,5,Train/5/00005_00031_00007.png
client_0,21741,62,51,5,5,57,46,13,Train/13/00013_00042_00021.png
client_0,9308,31,32,5,5,26,27,5,Train/5/00005_00029_00008.png
client_0,16573,46,46,6,6,41,41,10,Train/10/00010_00051_00013.png
client_0,3728,33,35,5,5,28,30,2,Train/2/00002_00031_00008.png
client_0,17241,47,43,5,5,42,38,11,Train/11/00011_00006_00021.png
client_0,29302,80,72,8,7,73,66,25,Train/25/00025_00027_00022.png
client_0,14661,64,64,6,6,59,59,9,Train/9/00009_00036_00021.png
client_0,11223,32,32,6,6,27,27,7,Train/7/00007_00017_00003.png
client_0,24034,55,57,6,6,50,52,16,Train/16/00016_00000_00004.png
client_0,38388,52,49,5,5,47,44,40,Train/40/00040_00000_00019.png
client_0,17597,64,61,5,6,59,56,11,Train/11/00011_00018_00017.png
client_0,9153,31,31,6,6,26,26,5,Train/5/00005_00024_00003.png
client_0,17688,48,45,5,6,43,40,11,Train/11/00011_00021_00018.png
client_0,30927,97,92,8,9,89,84,28,Train/28/00028_00003_00027.png
client_0,13281,44,45,5,6,39,40,8,Train/8/00008_00037_00021.png
client_0,33179,140,134,13,12,128,122,33,Train/33/00033_00002_00029.png
client_0,29820,36,33,6,6,31,28,25,Train/25/00025_00045_00000.png
client_0,7416,31,31,6,5,26,26,4,Train/4/00004_00032_00006.png
client_0,11818,77,75,7,6,71,69,7,Train/7/00007_00036_00028.png
client_0,20923,81,80,7,8,73,73,13,Train/13/00013_00015_00013.png
client_0,9663,27,29,5,6,21,23,5,Train/5/00005_00041_00003.png
client_0,3651,44,44,6,5,39,39,2,Train/2/00002_00028_00021.png
client_0,33448,95,95,9,9,87,87,33,Train/33/00033_00011_00028.png
client_0,29759,141,131,13,12,129,120,25,Train/25/00025_00042_00029.png
client_0,14056,51,50,6,6,46,45,9,Train/9/00009_00016_00016.png
client_0,10477,29,30,5,5,24,25,6,Train/6/00006_00006_00007.png
client_0,14794,29,29,5,5,24,24,9,Train/9/00009_00041_00004.png
client_0,13033,40,40,6,6,35,35,8,Train/8/00008_00029_00013.png
client_0,24156,29,30,5,6,24,25,16,Train/16/00016_00004_00006.png
client_0,34399,52,53,5,6,47,48,35,Train/35/00035_00006_00020.png
client_0,13756,37,36,6,6,31,31,9,Train/9/00009_00006_00016.png
client_0,29100,30,31,5,6,25,26,25,Train/25/00025_00021_00000.png
client_0,23362,51,49,6,5,46,44,14,Train/14/00014_00024_00022.png
client_0,22438,104,92,9,9,95,84,13,Train/13/00013_00065_00028.png
client_0,15399,36,36,6,6,31,31,10,Train/10/00010_00012_00009.png
client_0,24712,30,33,5,6,25,28,17,Train/17/00017_00008_00022.png
client_0,11524,28,29,5,5,23,24,7,Train/7/00007_00027_00004.png
client_0,1675,64,62,5,5,59,57,1,Train/1/00001_00036_00025.png
client_0,34674,74,76,6,7,68,69,35,Train/35/00035_00015_00025.png
client_0,16874,40,34,5,5,35,28,10,Train/10/00010_00061_00014.png
client_0,37941,54,57,6,6,49,52,38,Train/38/00038_00064_00022.png
client_0,4101,43,43,5,5,38,38,2,Train/2/00002_00043_00021.png
client_0,17612,32,29,6,6,27,24,11,Train/11/00011_00019_00002.png
client_0,38093,145,148,12,12,133,136,39,Train/39/00039_00000_00024.png
client_0,6894,52,55,5,5,47,50,4,Train/4/00004_00014_00024.png
client_0,20896,70,61,6,5,63,56,13,Train/13/00013_00014_00016.png
client_0,25124,49,48,6,5,44,43,17,Train/17/00017_00022_00014.png
client_0,3780,27,27,6,5,22,22,2,Train/2/00002_00033_00000.png
client_0,21173,53,76,5,7,48,70,13,Train/13/00013_00023_00023.png
client_0,35296,41,40,5,5,36,35,35,Train/35/00035_00036_00017.png
client_0,26876,88,80,7,7,81,73,19,Train/19/00019_00003_00026.png
client_0,16598,38,39,5,6,33,34,10,Train/10/00010_00052_00008.png
client_0,5038,59,58,6,5,54,53,2,Train/2/00002_00074_00028.png
client_0,22008,51,47,6,6,45,42,13,Train/13/00013_00051_00018.png
client_0,5410,34,36,5,6,29,31,3,Train/3/00003_00012_00010.png
client_0,13668,38,39,5,6,33,34,9,Train/9/00009_00003_00018.png
client_0,11169,39,40,6,5,34,35,7,Train/7/00007_00015_00009.png
client_0,29892,82,74,7,7,75,68,25,Train/25/00025_00047_00012.png
client_0,15014,35,34,5,5,29,29,9,Train/9/00009_00048_00014.png
client_0,32189,89,86,8,8,82,79,31,Train/31/00031_00003_00029.png
client_0,9481,28,28,6,6,23,23,5,Train/5/00005_00035_00001.png
client_0,25275,38,38,5,5,33,33,17,Train/17/00017_00027_00015.png
client_0,12196,39,41,5,6,34,36,8,Train/8/00008_00001_00016.png
client_0,823,49,53,5,6,44,48,1,Train/1/00001_00008_00013.png
client_0,34371,51,51,5,5,46,46,35,Train/35/00035_00005_00022.png
client_0,13016,53,45,5,5,47,39,8,Train/8/00008_00028_00026.png
client_0,334,30,28,5,6,25,23,20,Train/20/00020_00011_00004.png
client_0,17170,44,44,5,5,39,38,11,Train/11/00011_00004_00010.png
client_0,32836,53,50,5,6,48,45,31,Train/31/00031_00025_00016.png
client_0,31515,48,43,5,5,43,38,29,Train/29/00029_00005_00015.png
client_0,17259,53,50,5,6,47,44,11,Train/11/00011_00007_00009.png
client_0,29703,41,38,5,5,36,33,25,Train/25/00025_00041_00003.png
client_0,30981,64,67,5,6,59,61,28,Train/28/00028_00005_00021.png
client_0,16347,59,62,6,6,54,57,10,Train/10/00010_00043_00027.png
client_0,15550,34,35,5,6,29,30,10,Train/10/00010_00017_00010.png
client_0,39161,36,37,5,6,31,32,42,Train/42/00042_00006_00012.png
client_0,3080,76,74,6,7,69,68,2,Train/2/00002_00009_00020.png
client_0,18344,42,41,5,5,36,35,11,Train/11/00011_00043_00014.png
client_0,27008,38,36,5,6,33,31,21,Train/21/00021_00001_00008.png
client_0,494,70,74,7,7,64,68,0,Train/0/00000_00004_00014.png
client_0,24820,29,28,5,6,24,23,17,Train/17/00017_00012_00010.png
client_0,19372,57,61,6,5,52,56,12,Train/12/00012_00033_00022.png
client_0,2557,42,43,6,6,37,38,1,Train/1/00001_00066_00007.png
client_0,11460,29,31,6,6,24,26,7,Train/7/00007_00025_00000.png
client_0,33881,59,60,5,5,53,55,34,Train/34/00034_00003_00012.png
client_0,15266,88,87,8,7,81,80,10,Train/10/00010_00007_00026.png
client_0,28412,41,37,6,6,36,32,24,Train/24/00024_00007_00002.png
client_0,15373,44,43,6,5,39,38,10,Train/10/00010_00011_00013.png
client_0,35914,27,28,5,6,22,23,37,Train/37/00037_00004_00005.png
client_0,19696,44,45,5,6,39,40,12,Train/12/00012_00044_00016.png
client_0,32152,76,72,6,7,70,66,31,Train/31/00031_00002_00022.png
client_0,7587,68,68,7,7,62,62,4,Train/4/00004_00037_00027.png
client_0,33076,36,37,5,6,30,31,32,Train/32/00032_00007_00016.png
client_0,33091,27,28,5,6,22,23,33,Train/33/00033_00000_00001.png
client_0,14283,31,33,6,6,26,28,9,Train/9/00009_00024_00003.png
client_0,17777,49,46,5,5,44,41,11,Train/11/00011_00024_00017.png
client_0,19542,47,46,6,5,42,41,12,Train/12/00012_00039_00012.png
client_0,3658,56,54,6,5,51,49,2,Train/2/00002_00028_00028.png
client_0,12721,33,33,6,6,28,28,8,Train/8/00008_00019_00001.png
client_0,19545,50,51,5,6,45,46,12,Train/12/00012_00039_00015.png
client_0,28310,92,85,8,8,84,78,24,Train/24/00024_00003_00020.png
client_0,2966,62,64,6,5,57,59,2,Train/2/00002_00005_00026.png
client_0,37091,58,56,6,5,53,51,38,Train/38/00038_00036_00012.png
client_0,30522,40,36,6,6,34,31,26,Train/26/00026_00018_00012.png
client_0,14401,47,49,5,6,42,44,9,Train/9/00009_00028_00001.png
client_0,28625,35,33,5,5,30,28,25,Train/25/00025_00005_00005.png
client_0,32782,58,57,6,6,52,51,31,Train/31/00031_00023_00022.png
client_0,9841,30,29,6,6,24,24,5,Train/5/00005_00047_00001.png
client_0,38135,50,54,6,5,45,49,39,Train/39/00039_00002_00006.png
client_0,29202,53,49,6,5,48,44,25,Train/25/00025_00024_00012.png
client_0,13957,36,37,5,6,31,32,9,Train/9/00009_00013_00007.png
client_0,20607,116,96,11,8,106,88,13,Train/13/00013_00004_00027.png
client_0,23624,36,37,6,5,30,31,15,Train/15/00015_00007_00014.png
client_0,27261,64,61,5,6,59,56,21,Train/21/00021_00009_00021.png
client_0,923,59,58,6,6,54,53,1,Train/1/00001_00011_00023.png
client_0,9777,69,76,6,7,63,70,5,Train/5/00005_00044_00027.png
client_0,7714,28,30,5,6,23,25,4,Train/4/00004_00042_00004.png
client_0,15322,49,48,6,5,44,43,10,Train/10/00010_00009_00022.png
client_0,20310,39,41,5,5,34,36,12,Train/12/00012_00065_00000.png
client_0,32201,44,40,5,6,39,35,31,Train/31/00031_00004_00011.png
client_0,15234,54,53,6,5,49,48,10,Train/10/00010_00006_00024.png
client_0,19352,37,42,5,5,32,37,12,Train/12/00012_00033_00002.png
client_0,22718,49,51,5,6,44,46,14,Train/14/00014_00003_00008.png
client_0,19479,50,51,5,6,45,46,12,Train/12/00012_00037_00009.png
client_0,17166,41,39,6,5,36,34,11,Train/11/00011_00004_00006.png
client_0,22631,60,60,6,6,55,55,14,Train/14/00014_00000_00011.png
client_0,37245,35,41,5,6,30,36,38,Train/38/00038_00041_00016.png
client_0,27413,73,63,7,6,67,58,22,Train/22/00022_00003_00023.png
client_0,32262,39,40,5,6,34,35,31,Train/31/00031_00006_00012.png
client_0,31994,39,40,5,5,34,35,30,Train/30/00030_00012_00014.png
client_0,4330,39,38,5,5,34,33,2,Train/2/00002_00051_00010.png
client_0,2474,38,39,6,6,33,34,1,Train/1/00001_00063_00014.png
client_0,6009,53,55,6,6,48,50,3,Train/3/00003_00032_00009.png
client_0,12927,52,51,5,5,46,46,8,Train/8/00008_00025_00027.png
client_0,36451,30,32,5,6,25,27,38,Train/38/00038_00015_00002.png
client_0,30303,42,39,6,5,37,34,26,Train/26/00026_00011_00003.png
client_0,27045,41,41,5,6,36,36,21,Train/21/00021_00002_00015.png
client_0,12880,36,36,5,5,31,31,8,Train/8/00008_00024_00010.png
client_0,1986,37,37,6,6,32,32,1,Train/1/00001_00047_00006.png
client_0,28661,34,32,6,5,29,27,25,Train/25/00025_00006_00011.png
client_0,14338,87,88,7,8,80,81,9,Train/9/00009_00025_00028.png
client_0,10142,30,31,6,5,25,26,5,Train/5/00005_00057_00002.png
client_0,17835,94,82,9,7,86,75,11,Train/11/00011_00026_00015.png
client_0,36681,49,50,6,5,43,44,38,Train/38/00038_00022_00022.png
client_0,13229,65,64,6,5,60,59,8,Train/8/00008_00035_00029.png
client_0,36281,40,41,6,5,35,36,38,Train/38/00038_00009_00012.png
client_0,9956,58,58,6,6,53,53,5,Train/5/00005_00050_00026.png
client_0,35302,54,52,6,6,49,47,35,Train/35/00035_00036_00023.png
client_0,32124,64,60,6,6,59,55,31,Train/31/00031_00001_00024.png
client_0,15261,58,57,6,5,53,52,10,Train/10/00010_00007_00021.png
client_0,13216,41,41,5,5,36,36,8,Train/8/00008_00035_00016.png
client_0,28058,32,32,5,6,26,27,23,Train/23/00023_00012_00008.png
client_0,9127,34,34,5,5,29,29,5,Train/5/00005_00023_00007.png
client_0,1705,62,61,6,6,57,56,1,Train/1/00001_00037_00025.png
client_0,13807,28,28,5,5,23,23,9,Train/9/00009_00008_00007.png
client_0,6238,110,119,9,11,101,109,3,Train/3/00003_00039_00028.png
client_0,14638,124,129,10,12,114,118,9,Train/9/00009_00035_00028.png
client_0,26355,53,51,5,6,48,46,18,Train/18/00018_00026_00015.png
client_0,26997,124,111,11,10,114,102,21,Train/21/00021_00000_00027.png
client_0,34418,33,31,6,5,27,26,35,Train/35/00035_00007_00009.png
client_0,258,40,40,5,5,35,35,20,Train/20/00020_00008_00018.png
client_0,36981,60,61,6,6,55,56,38,Train/38/00038_00032_00022.png
client_0,24383,44,45,5,6,38,40,16,Train/16/00016_00011_00023.png
client_0,7018,76,82,7,7,70,75,4,Train/4/00004_00018_00028.png
client_0,37956,33,33,6,6,28,28,38,Train/38/00038_00065_00007.png
client_0,20384,45,41,6,6,40,36,12,Train/12/00012_00067_00014.png
client_0,16067,41,39,5,6,36,34,10,Train/10/00010_00034_00017.png
client_0,2829,32,31,6,5,26,26,2,Train/2/00002_00001_00009.png
client_0,26869,54,50,6,5,49,45,19,Train/19/00019_00003_00019.png
client_0,26756,89,85,7,8,81,78,18,Train/18/00018_00039_00026.png
client_0,21933,34,28,6,5,29,23,13,Train/13/00013_00049_00003.png
client_0,13479,33,36,5,6,28,31,8,Train/8/00008_00044_00009.png
client_0,31885,72,61,7,5,66,56,30,Train/30/00030_00008_00025.png
client_0,11037,53,52,5,5,48,47,7,Train/7/00007_00010_00027.png
client_0,21612,49,45,5,6,44,40,13,Train/13/00013_00038_00012.png
client_0,25664,60,56,6,6,54,51,18,Train/18/00018_00003_00014.png
client_0,13898,38,37,6,5,33,32,9,Train/9/00009_00011_00008.png
client_0,6941,32,35,5,5,27,30,4,Train/4/00004_00016_00011.png
client_0,10846,45,46,5,6,40,41,7,Train/7/00007_00004_00016.png
client_0,13815,34,34,5,5,28,28,9,Train/9/00009_00008_00015.png
client_0,8916,36,36,6,6,31,31,5,Train/5/00005_00016_00006.png
client_0,2213,71,70,6,6,65,64,1,Train/1/00001_00054_00023.png
client_0,29138,49,44,6,5,44,39,25,Train/25/00025_00022_00008.png
client_0,6509,70,72,7,7,64,66,4,Train/4/00004_00001_00029.png
client_0,26586,37,35,5,5,32,29,18,Train/18/00018_00034_00006.png
client_0,7819,43,42,6,5,38,37,4,Train/4/00004_00045_00019.png
client_0,12645,38,41,6,6,33,36,8,Train/8/00008_00016_00015.png
client_0,28028,57,52,6,6,51,46,23,Train/23/00023_00011_00008.png
client_0,19527,105,105,10,10,96,96,12,Train/12/00012_00038_00027.png
client_0,13878,56,58,5,6,51,52,9,Train/9/00009_00010_00018.png
client_0,15276,34,32,6,5,28,27,10,Train/10/00010_00008_00006.png
client_0,36328,55,53,6,5,50,48,38,Train/38/00038_00010_00029.png
client_0,27796,76,68,7,7,70,62,23,Train/23/00023_00003_00016.png
client_0,12450,30,30,6,6,25,25,8,Train/8/00008_00010_00000.png
client_0,29067,154,146,14,13,141,134,25,Train/25/00025_00019_00027.png
client_0,2484,68,64,7,5,62,59,1,Train/1/00001_00063_00024.png
client_0,1286,48,45,6,6,43,40,1,Train/1/00001_00023_00026.png
client_0,11760,28,30,5,6,23,25,7,Train/7/00007_00035_00000.png
client_0,1948,110,110,9,9,101,101,1,Train/1/00001_00045_00028.png
client_0,30069,37,36,6,6,32,31,26,Train/26/00026_00003_00009.png
client_0,31059,71,63,7,6,65,57,28,Train/28/00028_00008_00009.png
client_0,568,105,109,9,10,95,100,0,Train/0/00000_00006_00028.png
client_0,29260,42,39,6,5,37,34,25,Train/25/00025_00026_00010.png
client_0,23741,46,53,5,6,41,48,15,Train/15/00015_00011_00011.png
client_0,12228,41,40,5,5,36,35,8,Train/8/00008_00002_00018.png
client_0,14973,31,31,5,5,26,26,9,Train/9/00009_00047_00003.png
client_0,8619,38,38,5,5,33,33,5,Train/5/00005_00006_00009.png
client_0,1087,36,37,5,6,31,32,1,Train/1/00001_00017_00007.png
client_0,11094,47,49,5,6,42,44,7,Train/7/00007_00012_00024.png
client_0,32675,34,34,5,6,29,29,31,Train/31/00031_00020_00005.png
client_0,17936,118,105,11,9,108,95,11,Train/11/00011_00029_00026.png
client_0,16044,51,47,5,5,46,42,10,Train/10/00010_00033_00024.png
client_0,27923,61,56,5,6,56,51,23,Train/23/00023_00007_00023.png
client_0,28044,110,98,10,9,101,89,23,Train/23/00023_00011_00024.png
client_0,19248,55,54,5,6,50,49,12,Train/12/00012_00029_00018.png
client_0,32625,54,49,5,6,49,44,31,Train/31/00031_00018_00015.png
client_0,11309,68,75,7,7,62,69,7,Train/7/00007_00019_00029.png
client_0,15617,48,48,5,5,43,43,10,Train/10/00010_00019_00017.png
client_0,36608,32,33,5,5,27,28,38,Train/38/00038_00020_00009.png
client_0,3291,55,55,5,5,49,50,2,Train/2/00002_00016_00021.png
client_0,3991,26,27,5,6,21,22,2,Train/2/00002_00040_00001.png
client_0,1350,51,52,5,6,46,47,1,Train/1/00001_00026_00000.png
client_0,33867,80,85,7,8,72,78,34,Train/34/00034_00002_00028.png
client_0,24204,43,44,5,5,38,39,16,Train/16/00016_00005_00024.png
client_0,15032,36,36,6,5,31,31,10,Train/10/00010_00000_00002.png
client_0,18663,35,32,5,6,30,27,12,Train/12/00012_00010_00003.png
client_0,32884,27,28,5,6,22,23,32,Train/32/00032_00001_00004.png
client_0,20572,106,95,9,8,97,87,13,Train/13/00013_00003_00022.png
client_0,12881,37,36,6,5,32,31,8,Train/8/00008_00024_00011.png
client_0,4704,38,39,5,6,33,34,2,Train/2/00002_00063_00024.png
client_0,20443,56,60,5,6,51,55,12,Train/12/00012_00069_00013.png
client_0,35167,32,31,6,5,26,25,35,Train/35/00035_00032_00008.png
client_0,11780,44,44,5,5,39,39,7,Train/7/00007_00035_00020.png
client_0,29204,54,52,5,6,49,47,25,Train/25/00025_00024_00014.png
client_0,10351,28,30,6,6,23,25,6,Train/6/00006_00002_00001.png
client_0,27318,57,53,5,6,52,48,22,Train/22/00022_00000_00018.png
client_0,6397,32,32,5,5,27,27,3,Train/3/00003_00045_00007.png
client_0,12400,36,37,5,6,31,32,8,Train/8/00008_00008_00010.png
client_0,30895,112,97,10,8,103,89,28,Train/28/00028_00002_00025.png
client_0,14220,30,30,6,6,25,25,9,Train/9/00009_00022_00000.png
client_0,17519,93,85,9,7,85,78,11,Train/11/00011_00015_00029.png
client_0,14552,30,28,6,6,25,23,9,Train/9/00009_00033_00002.png
client_0,15191,34,35,5,6,29,30,10,Train/10/00010_00005_00011.png
client_0,17413,53,51,6,6,48,46,11,Train/11/00011_00012_00013.png
client_0,19251,63,60,6,5,58,55,12,Train/12/00012_00029_00021.png
client_0,21381,61,58,6,6,56,53,13,Train/13/00013_00030_00021.png
client_0,35962,86,85,8,7,78,77,37,Train/37/00037_00005_00023.png
client_0,25196,80,86,8,8,73,78,17,Train/17/00017_00024_00026.png
client_0,566,92,95,8,8,83,87,0,Train/0/00000_00006_00026.png
client_0,29082,38,36,5,6,33,31,25,Train/25/00025_00020_00012.png
client_0,630,46,48,6,6,41,43,1,Train/1/00001_00002_00000.png
client_0,5252,29,28,6,5,23,22,3,Train/3/00003_00007_00002.png
client_0,20696,64,60,6,6,59,55,13,Train/13/00013_00007_00026.png
client_0,31028,62,55,5,5,56,49,28,Train/28/00028_00007_00008.png
client_0,5387,44,44,6,5,39,39,3,Train/3/00003_00011_00017.png
client_0,28243,62,64,5,5,57,59,24,Train/24/00024_00001_00013.png
client_0,12773,65,64,6,5,60,59,8,Train/8/00008_00020_00023.png
client_0,24759,34,34,6,6,28,28,17,Train/17/00017_00010_00009.png
client_0,27048,47,44,5,6,42,39,21,Train/21/00021_00002_00018.png
client_0,9939,36,36,6,6,31,31,5,Train/5/00005_00050_00009.png
client_0,4703,37,38,5,6,32,33,2,Train/2/00002_00063_00023.png
client_0,26285,34,31,6,5,29,26,18,Train/18/00018_00024_00005.png
client_0,31520,61,55,5,6,56,50,29,Train/29/00029_00005_00020.png
client_0,1487,44,58,5,5,39,53,1,Train/1/00001_00030_00017.png
client_0,7217,52,49,6,5,47,44,4,Train/4/00004_00025_00017.png
client_0,9585,36,38,5,6,31,33,5,Train/5/00005_00038_00015.png
client_0,8154,46,52,6,6,41,47,4,Train/4/00004_00056_00024.png
client_0,12902,27,27,6,5,22,21,8,Train/8/00008_00025_00002.png
client_0,19964,52,45,6,5,47,40,12,Train/12/00012_00053_00014.png
client_0,7760,49,50,5,6,44,45,4,Train/4/00004_00043_00020.png
client_0,15136,37,39,6,6,32,33,10,Train/10/00010_00003_00016.png
client_0,29025,46,43,5,6,40,38,25,Train/25/00025_00018_00015.png
client_0,23382,37,37,6,6,32,32,14,Train/14/00014_00025_00012.png
client_0,32760,27,26,5,5,22,21,31,Train/31/00031_00023_00000.png
client_0,31980,31,31,6,5,26,26,30,Train/30/00030_00012_00000.png
client_0,19291,37,38,5,6,32,33,12,Train/12/00012_00031_00001.png
client_0,13529,105,107,10,9,96,98,8,Train/8/00008_00045_00029.png
client_0,7678,63,64,6,6,58,59,4,Train/4/00004_00040_00028.png
client_0,37088,51,52,5,6,46,47,38,Train/38/00038_00036_00009.png
client_0,23662,54,54,5,5,49,49,15,Train/15/00015_00008_00022.png
client_0,4354,54,55,5,6,49,50,2,Train/2/00002_00052_00004.png
client_0,30261,55,49,5,5,49,43,26,Train/26/00026_00009_00021.png
client_0,36649,44,44,5,5,39,39,38,Train/38/00038_00021_00020.png
client_0,18077,61,58,5,6,56,53,11,Train/11/00011_00034_00017.png
client_0,556,54,56,5,5,48,50,0,Train/0/00000_00006_00016.png
client_0,22245,95,87,8,7,87,80,13,Train/13/00013_00059_00015.png
client_0,27719,137,128,12,11,125,117,23,Train/23/00023_00000_00029.png
client_0,11457,54,53,5,6,49,48,7,Train/7/00007_00024_00027.png
client_0,23075,37,37,6,6,32,32,14,Train/14/00014_00015_00005.png
client_0,25230,28,28,6,6,23,23,17,Train/17/00017_00026_00000.png
client_0,34695,54,56,5,6,49,51,35,Train/35/00035_00016_00016.png
client_0,6472,68,68,6,6,62,62,4,Train/4/00004_00000_00022.png
client_0,3363,33,34,5,6,28,29,2,Train/2/00002_00019_00003.png
client_0,7343,62,61,6,5,57,56,4,Train/4/00004_00029_00023.png
client_0,8845,57,56,6,5,52,51,5,Train/5/00005_00013_00025.png
client_0,8002,56,55,6,5,51,49,4,Train/4/00004_00051_00022.png
client_0,36664,31,31,5,6,25,26,38,Train/38/00038_00022_00005.png
client_0,2617,31,32,5,6,26,27,1,Train/1/00001_00068_00007.png
client_0,13990,39,39,5,5,34,34,9,Train/9/00009_00014_00010.png
client_0,10385,31,34,5,6,26,29,6,Train/6/00006_00003_00005.png
client_0,1677,75,72,6,6,68,66,1,Train/1/00001_00036_00027.png
client_0,14895,40,38,5,6,34,33,9,Train/9/00009_00044_00015.png
client_0,1112,39,40,6,5,34,34,1,Train/1/00001_00018_00002.png
client_0,15985,56,53,5,5,51,48,10,Train/10/00010_00031_00025.png
client_0,1637,37,38,6,5,32,32,1,Train/1/00001_00035_00017.png
client_0,36394,29,30,6,6,23,24,38,Train/38/00038_00013_00005.png
client_0,21765,52,47,6,6,47,42,13,Train/13/00013_00043_00015.png
client_0,31478,39,39,5,5,34,34,29,Train/29/00029_00004_00008.png
client_0,25442,27,29,6,6,22,24,17,Train/17/00017_00033_00002.png
client_0,1957,46,46,6,6,41,41,1,Train/1/00001_00046_00007.png
client_0,26332,81,74,8,6,74,68,18,Train/18/00018_00025_00022.png
client_0,16534,31,32,5,6,26,27,10,Train/10/00010_00050_00004.png
client_0,18778,76,77,7,6,69,70,12,Train/12/00012_00013_00028.png
client_0,1581,47,48,5,5,42,42,1,Train/1/00001_00033_00021.png
client_0,18710,64,70,5,6,59,64,12,Train/12/00012_00011_00020.png
client_0,26088,46,42,5,6,40,36,18,Train/18/00018_00017_00018.png
client_0,36347,55,57,6,5,50,52,38,Train/38/00038_00011_00018.png
client_0,5447,41,42,5,6,35,36,3,Train/3/00003_00013_00017.png
client_0,21391,29,27,5,5,24,22,13,Train/13/00013_00031_00001.png
client_0,29251,36,35,5,6,31,30,25,Train/25/00025_00026_00001.png
client_0,17858,56,49,6,6,51,44,11,Train/11/00011_00027_00008.png
client_0,13888,105,98,10,8,96,90,9,Train/9/00009_00010_00028.png
client_0,13330,36,38,5,6,31,33,8,Train/8/00008_00039_00010.png
client_0,29282,37,37,6,6,32,32,25,Train/25/00025_00027_00002.png
client_0,14090,48,51,6,5,43,46,9,Train/9/00009_00017_00020.png
client_0,34245,35,37,5,5,30,31,35,Train/35/00035_00001_00016.png
client_0,1753,45,46,5,5,40,41,1,Train/1/00001_00039_00013.png
client_0,27709,48,45,6,5,43,40,23,Train/23/00023_00000_00019.png
client_0,37156,39,39,5,5,34,34,38,Train/38/00038_00038_00017.png
client_0,29930,55,61,6,6,50,56,25,Train/25/00025_00048_00020.png
client_0,11050,40,40,5,5,35,35,7,Train/7/00007_00011_00010.png
client_0,2855,28,28,5,5,23,23,2,Train/2/00002_00002_00005.png
client_0,11432,32,32,5,5,27,27,7,Train/7/00007_00024_00002.png
client_0,14436,31,32,5,5,26,27,9,Train/9/00009_00029_00006.png
client_0,1144,30,31,5,6,25,26,1,Train/1/00001_00019_00004.png
client_0,23644,38,38,6,6,33,33,15,Train/15/00015_00008_00004.png
client_0,31447,49,42,6,5,44,37,29,Train/29/00029_00003_00007.png
client_0,23638,45,50,5,5,40,45,15,Train/15/00015_00007_00028.png
client_0,33462,38,38,5,6,33,33,33,Train/33/00033_00012_00012.png
client_0,4303,33,33,6,6,27,27,2,Train/2/00002_00050_00013.png
client_0,15480,27,28,5,6,22,23,10,Train/10/00010_00015_00000.png
client_0,35209,51,53,5,5,45,48,35,Train/35/00035_00033_00020.png
client_0,34942,45,47,5,5,40,42,35,Train/35/00035_00024_00023.png
client_0,3916,38,38,6,6,33,33,2,Train/2/00002_00037_00016.png
client_0,6822,37,36,6,5,32,31,4,Train/4/00004_00012_00012.png
client_0,8021,32,33,6,6,27,27,4,Train/4/00004_00052_00011.png
client_0,15168,39,39,6,6,34,34,10,Train/10/00010_00004_00018.png
client_0,13319,47,48,6,6,42,43,8,Train/8/00008_00038_00029.png
client_0,19852,46,48,5,6,41,43,12,Train/12/00012_00049_00022.png
client_0,10435,58,56,5,5,53,51,6,Train/6/00006_00004_00025.png
client_0,36484,43,50,6,5,38,45,38,Train/38/00038_00016_00005.png
client_0,11866,42,42,6,6,37,37,7,Train/7/00007_00038_00016.png
client_0,13755,36,36,6,6,30,30,9,Train/9/00009_00006_00015.png
client_0,34973,70,69,7,6,64,63,35,Train/35/00035_00025_00024.png
client_0,6908,33,33,6,6,28,28,4,Train/4/00004_00015_00008.png
client_0,10985,31,32,6,5,26,27,7,Train/7/00007_00009_00005.png
client_0,23120,73,73,7,7,67,67,14,Train/14/00014_00016_00020.png
client_0,31537,34,32,6,6,28,27,29,Train/29/00029_00006_00007.png
client_0,13589,67,62,6,5,61,57,9,Train/9/00009_00000_00029.png
client_0,30215,37,34,6,6,32,29,26,Train/26/00026_00008_00005.png
client_0,6632,29,30,5,6,24,25,4,Train/4/00004_00006_00002.png
client_0,35207,48,50,6,6,43,45,35,Train/35/00035_00033_00018.png
client_0,24147,54,53,5,6,49,48,16,Train/16/00016_00003_00027.png
client_0,34818,47,47,5,5,42,42,35,Train/35/00035_00020_00019.png
client_0,15746,49,51,5,6,44,46,10,Train/10/00010_00023_00026.png
client_0,24201,39,40,5,6,34,35,16,Train/16/00016_00005_00021.png
client_0,1917,80,80,7,7,73,73,1,Train/1/00001_00044_00027.png
client_0,705,33,32,6,5,28,27,1,Train/1/00001_00004_00015.png
client_0,19635,76,77,6,7,70,71,12,Train/12/00012_00042_00015.png
client_0,19625,60,59,6,5,55,54,12,Train/12/00012_00042_00005.png
client_0,16074,60,55,6,5,55,50,10,Train/10/00010_00034_00024.png
client_0,20666,72,62,7,6,66,57,13,Train/13/00013_00006_00026.png
client_0,17479,55,52,5,5,50,46,11,Train/11/00011_00014_00019.png
client_0,30772,58,55,5,5,53,50,27,Train/27/00027_00006_00022.png
client_0,26870,57,54,6,6,51,48,19,Train/19/00019_00003_00020.png
client_0,36492,48,58,5,6,43,53,38,Train/38/00038_00016_00013.png
client_0,18850,32,32,5,5,27,27,12,Train/12/00012_00016_00010.png
client_0,13096,39,40,6,6,34,35,8,Train/8/00008_00031_00016.png
client_0,792,62,63,5,6,57,57,1,Train/1/00001_00007_00012.png
client_0,33383,99,98,9,9,91,90,33,Train/33/00033_00009_00023.png
client_0,21416,54,50,6,6,49,45,13,Train/13/00013_00031_00026.png
client_0,32973,27,29,5,6,22,24,32,Train/32/00032_00004_00003.png
client_0,14752,41,41,5,5,36,36,9,Train/9/00009_00039_00022.png
client_0,17421,82,76,7,6,75,70,11,Train/11/00011_00012_00021.png
client_0,26608,100,86,9,7,92,79,18,Train/18/00018_00034_00028.png
client_0,8760,31,32,5,5,26,27,5,Train/5/00005_00011_00000.png
client_0,24148,58,56,5,6,53,51,16,Train/16/00016_00003_00028.png
client_0,13574,43,42,5,5,38,37,9,Train/9/00009_00000_00014.png
client_0,22884,64,77,6,7,59,71,14,Train/14/00014_00008_00024.png
client_0,22740,37,38,6,6,32,33,14,Train/14/00014_00004_00000.png
client_0,174,51,48,5,5,46,43,20,Train/20/00020_00005_00024.png
client_0,268,73,72,7,6,67,66,20,Train/20/00020_00008_00028.png
client_0,12281,34,33,6,5,29,28,8,Train/8/00008_00004_00011.png
client_0,32796,33,31,5,5,28,26,31,Train/31/00031_00024_00006.png
client_0,34705,96,96,8,8,88,88,35,Train/35/00035_00016_00026.png
client_0,14610,28,29,5,5,23,24,9,Train/9/00009_00035_00000.png
client_0,25656,50,46,5,5,45,41,18,Train/18/00018_00003_00006.png
client_0,11692,61,62,5,6,55,56,7,Train/7/00007_00032_00022.png
client_0,13174,32,34,5,6,27,29,8,Train/8/00008_00034_00004.png
client_0,33675,33,35,5,6,28,30,33,Train/33/00033_00019_00015.png
client_0,23612,28,30,6,6,23,25,15,Train/15/00015_00007_00002.png
client_0,29615,35,33,6,6,30,28,25,Train/25/00025_00038_00005.png
client_0,7923,30,30,6,6,24,25,4,Train/4/00004_00049_00003.png
client_0,1319,34,35,5,6,28,30,1,Train/1/00001_00024_00029.png
client_0,23875,68,74,7,6,62,68,15,Train/15/00015_00015_00025.png
client_0,3731,35,37,6,5,30,31,2,Train/2/00002_00031_00011.png
client_0,29497,51,50,6,6,46,45,25,Train/25/00025_00034_00007.png
client_0,3273,27,30,5,6,22,24,2,Train/2/00002_00016_00003.png
client_0,14254,30,33,5,6,25,28,9,Train/9/00009_00023_00004.png
client_0,26951,45,43,6,6,40,37,19,Train/19/00019_00006_00011.png
client_0,11294,39,40,6,5,33,35,7,Train/7/00007_00019_00014.png
client_0,27902,35,32,5,5,30,27,23,Train/23/00023_00007_00002.png
client_0,26556,52,48,5,5,47,43,18,Train/18/00018_00033_00006.png
client_0,15559,41,41,6,6,36,36,10,Train/10/00010_00017_00019.png
client_0,8121,45,45,5,6,40,40,4,Train/4/00004_00055_00021.png
client_0,17740,39,37,5,6,34,32,11,Train/11/00011_00023_00010.png
client_0,30735,39,37,5,6,33,32,27,Train/27/00027_00005_00015.png
client_0,32338,88,82,7,7,81,75,31,Train/31/00031_00008_00028.png
client_0,1553,71,73,6,7,65,67,1,Train/1/00001_00032_00023.png
client_0,25717,86,79,7,7,79,72,18,Train/18/00018_00005_00007.png
client_0,11551,29,31,5,5,24,26,7,Train/7/00007_00028_00001.png
client_0,28239,60,63,6,6,54,58,24,Train/24/00024_00001_00009.png
client_0,38908,70,70,7,6,64,63,41,Train/41/00041_00005_00029.png
client_0,2050,38,37,6,5,33,32,1,Train/1/00001_00049_00010.png
client_0,24874,30,32,6,5,25,27,17,Train/17/00017_00014_00004.png
client_0,13041,60,59,6,5,55,54,8,Train/8/00008_00029_00021.png
client_0,482,56,60,5,5,51,55,0,Train/0/00000_00004_00002.png
client_0,34820,51,50,6,5,46,45,35,Train/35/00035_00020_00021.png
client_0,11928,33,34,5,6,28,29,7,Train/7/00007_00040_00018.png
client_0,30880,51,45,6,5,46,40,28,Train/28/00028_00002_00010.png
client_0,28284,70,64,6,6,64,59,24,Train/24/00024_00002_00024.png
client_0,29414,44,42,5,6,39,37,25,Train/25/00025_00031_00014.png
client_0,16596,37,38,5,6,32,33,10,Train/10/00010_00052_00006.png
client_0,3682,70,68,6,6,63,62,2,Train/2/00002_00029_00022.png
client_0,38026,44,47,5,6,39,42,38,Train/38/00038_00067_00017.png
client_0,36939,44,43,6,5,39,38,38,Train/38/00038_00031_00010.png
client_0,27432,36,35,6,5,31,29,22,Train/22/00022_00004_00012.png
client_0,31645,111,96,10,8,102,88,30,Train/30/00030_00000_00025.png
client_0,5765,30,31,5,6,25,26,3,Train/3/00003_00024_00005.png
client_0,31159,51,47,6,6,46,42,28,Train/28/00028_00011_00019.png
client_0,13999,52,53,5,5,47,48,9,Train/9/00009_00014_00019.png
client_0,14025,43,43,5,5,38,38,9,Train/9/00009_00015_00015.png
client_0,24795,29,32,5,6,24,27,17,Train/17/00017_00011_00015.png
client_0,1423,38,44,6,6,33,39,1,Train/1/00001_00028_00013.png
client_0,25504,27,28,5,6,22,23,17,Train/17/00017_00035_00004.png
client_0,30500,52,46,5,6,47,41,26,Train/26/00026_00017_00020.png
client_0,16226,60,63,5,6,54,58,10,Train/10/00010_00039_00026.png
client_0,15958,64,65,5,6,59,60,10,Train/10/00010_00030_00028.png
client_0,8093,77,83,7,8,71,76,4,Train/4/00004_00054_00023.png
client_0,34285,52,51,6,5,46,46,35,Train/35/00035_00002_00026.png
client_0,16517,41,40,6,5,36,35,10,Train/10/00010_00049_00017.png
client_0,33514,37,37,6,5,31,31,33,Train/33/00033_00014_00004.png
client_0,8282,30,29,6,5,25,24,4,Train/4/00004_00061_00002.png
client_0,32109,45,42,6,6,40,36,31,Train/31/00031_00001_00009.png
client_0,35369,28,29,5,6,23,24,35,Train/35/00035_00039_00000.png
client_0,4638,59,59,5,5,54,54,2,Train/2/00002_00061_00018.png
client_0,33915,67,68,6,7,61,62,34,Train/34/00034_00004_00016.png
client_0,28057,32,31,6,5,27,25,23,Train/23/00023_00012_00007.png
client_0,2247,84,99,7,8,77,91,1,Train/1/00001_00055_00027.png
client_0,12042,30,31,5,6,25,26,7,Train/7/00007_00044_00012.png
client_0,10783,48,53,5,6,43,48,7,Train/7/00007_00002_00013.png
client_0,4445,30,30,5,6,24,25,2,Train/2/00002_00055_00005.png
client_0,4785,39,42,5,6,33,37,2,Train/2/00002_00066_00015.png
client_0,5368,124,130,11,11,114,119,3,Train/3/00003_00010_00028.png
client_0,14263,36,37,5,5,31,32,9,Train/9/00009_00023_00013.png
client_0,12328,62,64,6,6,57,59,8,Train/8/00008_00005_00028.png
client_0,18489,33,27,6,5,28,22,12,Train/12/00012_00004_00009.png
client_0,13943,72,72,7,6,66,66,9,Train/9/00009_00012_00023.png
client_0,18540,25,25,5,5,20,20,12,Train/12/00012_00006_00000.png
client_0,19986,36,36,6,5,30,30,12,Train/12/00012_00054_00006.png
client_0,25305,44,44,6,5,39,39,17,Train/17/00017_00028_00015.png
client_0,33698,34,33,6,5,29,28,33,Train/33/00033_00020_00009.png
client_0,27053,56,51,5,6,51,46,21,Train/21/00021_00002_00023.png
client_0,11450,44,43,6,5,39,38,7,Train/7/00007_00024_00020.png
client_0,4481,37,37,5,6,32,32,2,Train/2/00002_00056_00011.png
client_0,5142,39,38,6,5,33,32,3,Train/3/00003_00003_00012.png
client_0,12466,42,41,6,5,37,36,8,Train/8/00008_00010_00016.png
client_0,14452,69,68,7,7,63,62,9,Train/9/00009_00029_00022.png
client_0,20778,62,57,6,6,57,52,13,Train/13/00013_00010_00018.png
client_0,32872,52,50,5,5,47,45,32,Train/32/00032_00000_00022.png
client_0,4488,45,46,5,6,40,41,2,Train/2/00002_00056_00018.png
client_0,36897,76,76,6,6,70,70,38,Train/38/00038_00029_00028.png
client_0,14713,38,40,5,6,33,35,9,Train/9/00009_00038_00013.png
client_0,13307,38,40,6,6,33,35,8,Train/8/00008_00038_00017.png
client_0,36843,28,30,5,6,23,25,38,Train/38/00038_00028_00004.png
client_0,27611,35,34,6,5,30,29,22,Train/22/00022_00010_00011.png
client_0,17689,52,45,6,5,47,40,11,Train/11/00011_00021_00019.png
client_0,5713,35,36,6,5,30,31,3,Train/3/00003_00022_00013.png
client_0,11229,33,33,5,5,28,28,7,Train/7/00007_00017_00009.png
client_0,3571,31,33,5,6,26,28,2,Train/2/00002_00026_00001.png
client_0,31497,101,97,9,9,93,88,29,Train/29/00029_00004_00027.png
client_0,25377,59,68,5,7,53,62,17,Train/17/00017_00030_00027.png
client_0,1715,29,31,5,6,24,26,1,Train/1/00001_00038_00005.png
client_0,31734,109,89,10,8,100,82,30,Train/30/00030_00003_00024.png
client_0,17978,47,46,6,6,42,40,11,Train/11/00011_00031_00008.png
client_0,4048,53,55,6,5,47,50,2,Train/2/00002_00041_00028.png
client_0,32594,76,69,7,7,70,63,31,Train/31/00031_00017_00014.png
client_0,10870,41,41,6,6,36,36,7,Train/7/00007_00005_00010.png
client_0,13969,52,53,5,5,47,48,9,Train/9/00009_00013_00019.png
client_0,35221,33,35,6,5,27,29,35,Train/35/00035_00034_00002.png
client_0,27947,68,61,6,5,62,56,23,Train/23/00023_00008_00017.png
client_0,4694,33,33,5,5,28,28,2,Train/2/00002_00063_00014.png
client_0,26597,50,46,6,6,45,40,18,Train/18/00018_00034_00017.png
client_0,16252,48,48,5,6,43,43,10,Train/10/00010_00040_00022.png
client_0,31759,72,62,7,5,66,57,30,Train/30/00030_00004_00019.png
client_0,19250,60,58,5,6,55,53,12,Train/12/00012_00029_00020.png
client_0,34652,30,33,5,6,25,27,35,Train/35/00035_00015_00003.png
client_0,25343,41,45,5,6,36,40,17,Train/17/00017_00029_00023.png
client_0,13098,43,44,6,5,38,39,8,Train/8/00008_00031_00018.png
client_0,28233,54,61,5,6,48,56,24,Train/24/00024_00001_00003.png
client_0,3448,57,57,5,5,52,52,2,Train/2/00002_00021_00028.png
client_0,16230,27,28,5,6,22,23,10,Train/10/00010_00040_00000.png
client_0,25454,30,31,5,5,25,26,17,Train/17/00017_00033_00014.png
client_0,12747,77,76,7,6,71,70,8,Train/8/00008_00019_00027.png
client_0,1207,30,31,6,5,25,25,1,Train/1/00001_00021_00007.png
client_0,2808,54,48,6,6,49,43,2,Train/2/00002_00000_00018.png
client_0,31425,50,46,5,6,45,41,29,Train/29/00029_00002_00015.png
client_0,9551,32,29,5,5,26,24,5,Train/5/00005_00037_00011.png
client_0,28634,46,42,6,5,40,36,25,Train/25/00025_00005_00014.png
client_0,3546,29,30,6,6,24,25,2,Train/2/00002_00025_00006.png
client_0,12947,38,40,6,6,33,35,8,Train/8/00008_00026_00017.png
client_0,29749,57,53,5,5,52,48,25,Train/25/00025_00042_00019.png
client_0,861,47,47,5,5,42,41,1,Train/1/00001_00009_00021.png
client_0,12933,27,28,6,5,22,22,8,Train/8/00008_00026_00003.png
client_0,14163,29,29,5,5,24,24,9,Train/9/00009_00020_00003.png
client_0,25232,29,28,6,5,24,23,17,Train/17/00017_00026_00002.png
client_0,31731,88,75,7,6,81,69,30,Train/30/00030_00003_00021.png
client_0,29473,44,42,6,5,39,37,25,Train/25/00025_00033_00013.png
client_0,35287,30,30,6,5,25,25,35,Train/35/00035_00036_00008.png
client_0,7992,39,37,5,5,34,32,4,Train/4/00004_00051_00012.png
client_0,29780,67,61,6,6,61,56,25,Train/25/00025_00043_00020.png
client_0,6952,46,51,5,6,40,45,4,Train/4/00004_00016_00022.png
client_0,7164,41,41,5,5,36,36,4,Train/4/00004_00023_00024.png
client_0,10756,35,34,6,5,30,29,7,Train/7/00007_00001_00016.png
client_0,7151,34,33,6,5,29,28,4,Train/4/00004_00023_00011.png
client_0,21890,93,80,8,7,85,73,13,Train/13/00013_00047_00020.png
client_0,19931,108,106,9,9,99,97,12,Train/12/00012_00052_00011.png
client_0,25475,28,30,5,6,23,25,17,Train/17/00017_00034_00005.png
client_0,16865,33,27,5,5,27,22,10,Train/10/00010_00061_00005.png
client_0,34385,30,32,6,6,25,26,35,Train/35/00035_00006_00006.png
client_0,31227,133,129,11,12,121,118,28,Train/28/00028_00013_00027.png
client_0,16219,43,43,6,6,38,38,10,Train/10/00010_00039_00019.png
client_0,11915,28,28,6,5,23,23,7,Train/7/00007_00040_00005.png
client_0,32504,53,49,5,5,48,44,31,Train/31/00031_00014_00014.png
client_0,21017,51,49,6,5,46,44,13,Train/13/00013_00018_00017.png
client_0,31948,71,64,6,6,65,59,30,Train/30/00030_00010_00028.png
client_0,5677,33,33,5,5,28,28,3,Train/3/00003_00021_00007.png
client_0,12818,35,32,6,5,29,26,8,Train/8/00008_00022_00008.png
client_0,4538,28,29,5,6,23,24,2,Train/2/00002_00058_00008.png
client_0,34219,62,63,5,5,57,58,35,Train/35/00035_00000_00020.png
client_0,24244,30,30,6,5,25,25,16,Train/16/00016_00007_00004.png
client_0,15852,37,39,5,5,32,34,10,Train/10/00010_00027_00012.png
client_0,26101,43,41,5,5,38,36,18,Train/18/00018_00018_00001.png
client_0,13514,42,43,5,5,37,37,8,Train/8/00008_00045_00014.png
client_0,20141,35,35,5,5,30,30,12,Train/12/00012_00059_00011.png
client_0,35102,28,28,5,5,22,22,35,Train/35/00035_00030_00003.png
client_0,5833,34,33,6,5,29,28,3,Train/3/00003_00026_00013.png
client_0,21727,40,37,5,6,35,32,13,Train/13/00013_00042_00007.png
client_0,2768,49,50,6,6,44,45,1,Train/1/00001_00073_00008.png
client_0,28447,42,44,6,5,37,39,24,Train/24/00024_00008_00007.png
client_0,37553,68,69,6,6,62,63,38,Train/38/00038_00051_00024.png
client_0,38558,43,45,5,6,38,39,40,Train/40/00040_00006_00009.png
client_0,2438,36,35,6,5,31,30,1,Train/1/00001_00062_00008.png
client_0,23325,54,53,6,5,49,48,14,Train/14/00014_00023_00015.png
client_0,21868,105,97,10,9,96,89,13,Train/13/00013_00046_00028.png
client_0,21589,54,54,6,6,49,49,13,Train/13/00013_00037_00019.png
client_0,16448,30,31,5,6,25,26,10,Train/10/00010_00047_00008.png
client_0,820,47,51,6,5,42,46,1,Train/1/00001_00008_00010.png
client_0,24428,52,52,5,6,46,47,16,Train/16/00016_00013_00008.png
client_0,22749,45,46,5,6,39,40,14,Train/14/00014_00004_00009.png
client_0,27412,68,60,6,6,62,55,22,Train/22/00022_00003_00022.png
client_0,35067,56,57,5,6,51,52,35,Train/35/00035_00028_00028.png
client_0,32137,40,40,5,6,35,35,31,Train/31/00031_00002_00007.png
client_0,38403,32,31,6,5,27,26,40,Train/40/00040_00001_00004.png
client_0,20698,70,63,6,5,63,57,13,Train/13/00013_00007_00028.png
client_0,26602,60,57,5,6,54,51,18,Train/18/00018_00034_00022.png
client_0,5343,30,31,6,6,25,26,3,Train/3/00003_00010_00003.png
client_0,30366,32,31,5,5,27,26,26,Train/26/00026_00013_00006.png
client_0,2257,42,42,5,5,37,37,1,Train/1/00001_00056_00007.png
client_0,27202,73,64,7,5,67,59,21,Train/21/00021_00007_00022.png
client_0,32347,40,38,6,5,35,33,31,Train/31/00031_00009_00007.png
client_0,24396,28,29,5,6,23,24,16,Train/16/00016_00012_00006.png
client_0,456,33,32,6,5,28,27,0,Train/0/00000_00003_00006.png
client_0,15531,45,44,6,5,40,39,10,Train/10/00010_00016_00021.png
client_0,18012,50,49,6,6,45,44,11,Train/11/00011_00032_00012.png
client_0,32250,29,30,5,5,24,25,31,Train/31/00031_00006_00000.png
client_0,9105,42,43,5,6,37,38,5,Train/5/00005_00022_00015.png
client_0,27753,39,35,5,5,33,30,23,Train/23/00023_00002_00003.png
client_0,11962,49,48,6,5,44,43,7,Train/7/00007_00041_00022.png
client_0,29016,34,31,6,6,29,26,25,Train/25/00025_00018_00006.png
client_0,4546,33,33,6,6,28,28,2,Train/2/00002_00058_00016.png
client_0,3884,41,42,6,6,36,37,2,Train/2/00002_00036_00014.png
client_0,27815,31,30,6,5,26,25,23,Train/23/00023_00004_00005.png
client_0,19692,40,40,6,6,35,35,12,Train/12/00012_00044_00012.png
client_0,26030,76,76,7,7,70,70,18,Train/18/00018_00015_00020.png
client_0,31239,42,40,5,5,37,35,28,Train/28/00028_00014_00009.png
client_0,8318,35,35,6,6,30,30,4,Train/4/00004_00062_00008.png
client_0,18591,58,56,6,6,53,51,12,Train/12/00012_00007_00021.png
client_0,16501,28,28,5,5,23,23,10,Train/10/00010_00049_00001.png
client_0,28881,54,52,5,5,49,47,25,Train/25/00025_00013_00021.png
client_0,14242,53,54,6,6,48,49,9,Train/9/00009_00022_00022.png
client_0,11086,37,37,6,5,32,32,7,Train/7/00007_00012_00016.png
client_0,12884,43,43,6,6,38,38,8,Train/8/00008_00024_00014.png
client_0,31976,98,99,9,8,90,91,30,Train/30/00030_00011_00026.png
client_0,7676,55,55,5,5,50,50,4,Train/4/00004_00040_00026.png
client_0,13806,28,29,5,6,23,24,9,Train/9/00009_00008_00006.png
client_0,34909,50,49,5,5,45,44,35,Train/35/00035_00023_00020.png
client_0,23762,37,42,6,6,32,37,15,Train/15/00015_00012_00002.png
client_0,10234,28,28,6,5,23,23,5,Train/5/00005_00060_00004.png
client_0,8020,31,30,6,5,26,25,4,Train/4/00004_00052_00010.png
client_0,15052,50,52,5,6,45,47,10,Train/10/00010_00000_00022.png
client_0,38170,35,35,5,5,30,30,39,Train/39/00039_00003_00011.png
client_0,24976,48,48,5,5,43,43,17,Train/17/00017_00017_00016.png
client_0,18219,34,31,6,5,29,26,11,Train/11/00011_00039_00009.png
client_0,34581,50,52,6,6,45,47,35,Train/35/00035_00012_00022.png
client_0,129,33,34,5,6,28,29,20,Train/20/00020_00004_00009.png
client_0,26436,38,36,6,6,33,31,18,Train/18/00018_00029_00006.png
client_0,16739,59,61,6,6,54,56,10,Train/10/00010_00056_00029.png
client_0,25478,31,30,6,5,26,25,17,Train/17/00017_00034_00008.png
client_0,739,51,50,6,6,46,45,1,Train/1/00001_00005_00019.png
client_0,17387,64,59,6,6,59,54,11,Train/11/00011_00011_00017.png
client_0,20056,49,48,6,5,43,42,12,Train/12/00012_00056_00016.png
client_0,9488,35,34,6,5,29,28,5,Train/5/00005_00035_00008.png
client_0,8488,44,43,6,5,39,38,5,Train/5/00005_00001_00028.png
client_0,3451,27,29,5,6,22,24,2,Train/2/00002_00022_00001.png
client_0,15952,43,43,6,6,38,38,10,Train/10/00010_00030_00022.png
client_0,37871,33,33,6,6,28,28,38,Train/38/00038_00062_00012.png
client_0,3238,112,110,10,9,103,101,2,Train/2/00002_00014_00028.png
client_0,29059,81,75,8,6,74,69,25,Train/25/00025_00019_00019.png
client_0,29707,46,42,5,5,41,37,25,Train/25/00025_00041_00007.png
client_0,4013,44,46,6,6,39,40,2,Train/2/00002_00040_00023.png
client_0,17132,36,35,5,6,31,30,11,Train/11/00011_00003_00002.png
client_0,1119,49,49,6,5,44,44,1,Train/1/00001_00018_00009.png
client_0,7663,36,35,6,5,31,30,4,Train/4/00004_00040_00013.png
client_0,4242,34,33,5,6,29,28,2,Train/2/00002_00048_00012.png
client_0,13462,47,46,6,6,42,41,8,Train/8/00008_00043_00022.png
client_0,21748,68,57,7,6,62,52,13,Train/13/00013_00042_00028.png
client_0,16486,38,38,6,6,33,33,10,Train/10/00010_00048_00016.png
client_0,25338,36,38,6,5,30,32,17,Train/17/00017_00029_00018.png
client_0,30210,32,29,5,5,27,24,26,Train/26/00026_00008_00000.png
client_0,20616,31,32,5,5,26,27,13,Train/13/00013_00005_00006.png
client_0,28610,53,47,6,5,48,42,25,Train/25/00025_00004_00020.png
client_0,5481,38,38,5,5,33,33,3,Train/3/00003_00014_00021.png
client_0,762,51,59,5,5,45,54,1,Train/1/00001_00006_00012.png
client_0,21,59,54,5,5,54,49,20,Train/20/00020_00000_00021.png
client_0,15371,41,41,6,5,36,36,10,Train/10/00010_00011_00011.png
client_0,22294,50,45,5,6,44,40,13,Train/13/00013_00061_00004.png
client_0,12167,44,46,6,6,39,41,8,Train/8/00008_00000_00017.png
client_0,5442,36,35,6,6,31,30,3,Train/3/00003_00013_00012.png
client_0,23797,36,38,6,5,31,33,15,Train/15/00015_00013_00007.png
client_0,25488,39,41,6,6,34,36,17,Train/17/00017_00034_00018.png
client_0,24975,46,46,5,5,41,41,17,Train/17/00017_00017_00015.png
client_0,14180,31,31,6,6,26,26,9,Train/9/00009_00020_00020.png
client_0,8275,52,55,6,6,47,50,4,Train/4/00004_00060_00025.png
client_0,35341,27,29,6,6,22,24,35,Train/35/00035_00038_00002.png
client_0,37284,62,61,6,5,57,56,38,Train/38/00038_00042_00025.png
client_0,3101,35,33,6,5,29,27,2,Train/2/00002_00010_00011.png
client_0,10262,27,29,6,6,22,23,5,Train/5/00005_00061_00002.png
client_0,1018,94,84,8,7,86,77,1,Train/1/00001_00014_00028.png
client_0,15319,44,43,6,5,39,38,10,Train/10/00010_00009_00019.png
client_0,30748,92,83,9,7,84,75,27,Train/27/00027_00005_00028.png
client_0,9041,31,29,6,5,25,24,5,Train/5/00005_00020_00011.png
client_0,39091,33,32,6,5,28,27,42,Train/42/00042_00004_00002.png
client_0,17831,76,70,6,7,70,64,11,Train/11/00011_00026_00011.png
client_0,25730,121,110,10,10,111,101,18,Train/18/00018_00005_00020.png
client_0,36938,42,43,5,6,37,38,38,Train/38/00038_00031_00009.png
client_0,1008,42,42,5,5,37,37,1,Train/1/00001_00014_00018.png
client_0,1123,57,56,6,6,52,51,1,Train/1/00001_00018_00013.png
client_0,11641,27,28,5,6,22,23,7,Train/7/00007_00031_00001.png
client_0,32702,33,33,6,6,28,28,31,Train/31/00031_00021_00002.png
client_0,16170,28,29,5,6,23,24,10,Train/10/00010_00038_00000.png
client_0,8299,47,47,6,6,42,42,4,Train/4/00004_00061_00019.png
client_0,36791,28,31,5,6,23,26,38,Train/38/00038_00026_00012.png
client_0,10129,50,49,6,6,45,44,5,Train/5/00005_00056_00019.png
client_0,12482,33,33,6,6,28,28,8,Train/8/00008_00011_00002.png
client_0,28141,41,37,6,6,36,32,23,Train/23/00023_00015_00001.png
client_0,8365,58,57,6,5,53,52,4,Train/4/00004_00063_00025.png
client_0,10608,43,44,6,5,38,39,6,Train/6/00006_00010_00018.png
client_0,3664,38,39,6,6,33,34,2,Train/2/00002_00029_00004.png
client_0,17518,86,80,8,8,79,73,11,Train/11/00011_00015_00028.png
client_0,5362,57,57,6,6,52,52,3,Train/3/00003_00010_00022.png
client_0,26151,75,75,7,7,69,69,18,Train/18/00018_00019_00021.png
client_0,3126,30,27,5,5,25,22,2,Train/2/00002_00011_00006.png
client_0,35471,40,39,5,5,34,34,36,Train/36/00036_00002_00012.png
client_0,12316,40,42,6,6,35,37,8,Train/8/00008_00005_00016.png
client_0,32319,41,40,5,5,36,35,31,Train/31/00031_00008_00009.png
client_0,34440,39,39,5,5,34,34,35,Train/35/00035_00008_00001.png
client_0,28868,32,33,5,6,27,28,25,Train/25/00025_00013_00008.png
client_0,13356,31,32,5,6,26,27,8,Train/8/00008_00040_00006.png
client_0,23405,42,44,6,5,37,39,15,Train/15/00015_00000_00005.png
client_0,11890,33,34,5,6,28,29,7,Train/7/00007_00039_00010.png
client_0,5263,35,35,6,5,30,30,3,Train/3/00003_00007_00013.png
client_0,31454,57,53,6,6,52,48,29,Train/29/00029_00003_00014.png
client_0,27386,96,96,8,8,88,88,22,Train/22/00022_00002_00026.png
client_0,9693,31,32,6,5,26,27,5,Train/5/00005_00042_00003.png
client_0,34411,26,28,5,5,21,22,35,Train/35/00035_00007_00002.png
client_0,16270,33,33,6,6,28,28,10,Train/10/00010_00041_00010.png
client_0,31448,49,43,5,5,44,38,29,Train/29/00029_00003_00008.png
client_0,5939,81,80,8,7,74,73,3,Train/3/00003_00029_00029.png
client_0,32297,45,41,6,5,40,36,31,Train/31/00031_00007_00017.png
client_0,33786,33,38,6,5,27,33,34,Train/34/00034_00000_00007.png
client_0,32102,39,37,5,6,34,32,31,Train/31/00031_00001_00002.png
client_0,10834,32,33,5,6,27,28,7,Train/7/00007_00004_00004.png
client_0,26129,128,106,12,9,117,97,18,Train/18/00018_00018_00029.png
client_0,21100,36,31,6,5,31,26,13,Train/13/00013_00021_00010.png
client_0,17646,39,36,6,5,34,31,11,Train/11/00011_00020_00006.png
client_0,10878,57,56,6,5,52,51,7,Train/7/00007_00005_00018.png
client_0,34868,40,40,6,6,35,35,35,Train/35/00035_00022_00009.png
client_0,18310,41,41,6,6,36,36,11,Train/11/00011_00042_00010.png
client_0,34812,39,38,6,5,34,33,35,Train/35/00035_00020_00013.png
client_0,37298,34,39,5,6,29,34,38,Train/38/00038_00043_00009.png
client_0,25030,40,40,6,6,35,35,17,Train/17/00017_00019_00010.png
client_0,25195,70,75,6,6,64,69,17,Train/17/00017_00024_00025.png
client_0,2162,54,57,6,6,49,52,1,Train/1/00001_00053_00002.png
client_0,31830,36,36,5,5,31,31,30,Train/30/00030_00007_00000.png
client_0,31435,71,63,6,5,65,58,29,Train/29/00029_00002_00025.png
client_0,37081,45,46,5,6,40,41,38,Train/38/00038_00036_00002.png
client_0,13110,29,30,6,5,24,25,8,Train/8/00008_00032_00000.png
client_0,7699,44,43,6,5,39,38,4,Train/4/00004_00041_00019.png
client_0,32733,29,29,6,6,24,24,31,Train/31/00031_00022_00003.png
client_0,10420,36,37,6,6,31,32,6,Train/6/00006_00004_00010.png
client_0,37596,31,33,5,6,26,27,38,Train/38/00038_00053_00007.png
client_0,19989,36,37,5,5,31,32,12,Train/12/00012_00054_00009.png
client_0,12856,40,40,5,5,35,35,8,Train/8/00008_00023_00016.png
client_0,24232,117,116,10,10,106,106,16,Train/16/00016_00006_00022.png
client_0,14378,31,32,5,6,25,27,9,Train/9/00009_00027_00008.png
client_0,14281,30,32,6,6,25,27,9,Train/9/00009_00024_00001.png
client_0,7740,26,27,5,6,21,22,4,Train/4/00004_00043_00000.png
client_0,38518,135,128,11,12,124,117,40,Train/40/00040_00004_00029.png
client_0,30028,104,104,9,9,95,95,26,Train/26/00026_00001_00028.png
client_0,4418,32,33,5,6,27,28,2,Train/2/00002_00054_00008.png
client_0,35978,46,52,5,6,41,46,37,Train/37/00037_00006_00009.png
client_0,316,45,41,5,5,40,35,20,Train/20/00020_00010_00016.png
client_0,36423,28,31,5,6,23,25,38,Train/38/00038_00014_00004.png
client_0,23368,60,60,6,6,55,55,14,Train/14/00014_00024_00028.png
client_0,20509,57,55,6,6,51,50,13,Train/13/00013_00001_00019.png
client_0,23626,37,39,5,5,32,34,15,Train/15/00015_00007_00016.png
client_0,22864,35,38,6,6,29,33,14,Train/14/00014_00008_00004.png
client_0,22262,35,34,5,5,30,28,13,Train/13/00013_00060_00002.png
client_0,2925,39,38,6,5,33,33,2,Train/2/00002_00004_00015.png
client_0,11924,31,31,5,5,26,26,7,Train/7/00007_00040_00014.png
client_0,21360,34,33,6,5,29,28,13,Train/13/00013_00030_00000.png
client_0,9261,52,48,6,5,47,43,5,Train/5/00005_00027_00021.png
client_0,18599,99,97,9,8,91,89,12,Train/12/00012_00007_00029.png
client_0,21834,129,129,12,12,118,118,13,Train/13/00013_00045_00024.png
client_0,2633,62,63,6,6,57,57,1,Train/1/00001_00068_00023.png
client_0,3012,41,39,6,5,36,34,2,Train/2/00002_00007_00012.png
client_0,38701,39,42,5,6,34,37,40,Train/40/00040_00011_00002.png
client_0,24288,80,79,7,7,73,72,16,Train/16/00016_00008_00018.png
client_0,32983,35,35,6,6,30,30,32,Train/32/00032_00004_00013.png
client_0,18287,52,44,6,5,47,39,11,Train/11/00011_00041_00017.png
client_0,12310,35,36,6,6,30,31,8,Train/8/00008_00005_00010.png
client_0,29689,62,57,5,5,57,52,25,Train/25/00025_00040_00019.png
client_0,4862,26,28,5,6,21,23,2,Train/2/00002_00069_00002.png
client_0,13830,29,31,6,6,24,26,9,Train/9/00009_00009_00000.png
client_0,12218,31,31,6,6,25,25,8,Train/8/00008_00002_00008.png
client_0,299,61,60,6,5,56,55,20,Train/20/00020_00009_00029.png
client_0,32398,82,73,8,6,74,67,31,Train/31/00031_00010_00028.png
client_0,14379,32,32,6,6,27,27,9,Train/9/00009_00027_00009.png
client_0,35009,25,26,5,5,20,20,35,Train/35/00035_00027_00000.png
client_0,1418,32,37,5,5,27,32,1,Train/1/00001_00028_00008.png
client_0,19002,46,48,5,6,41,43,12,Train/12/00012_00021_00012.png
client_0,23496,31,32,6,5,25,27,15,Train/15/00015_00003_00006.png
client_0,25677,121,111,10,10,110,102,18,Train/18/00018_00003_00027.png
client_0,7399,37,36,6,5,32,31,4,Train/4/00004_00031_00019.png
client_0,10851,55,56,5,6,50,51,7,Train/7/00007_00004_00021.png
client_0,23987,31,30,6,5,26,25,15,Train/15/00015_00019_00017.png
client_0,27720,62,60,6,6,57,55,23,Train/23/00023_00001_00000.png
client_0,33262,71,70,6,7,65,64,33,Train/33/00033_00005_00022.png
client_0,15827,37,37,5,5,32,32,10,Train/10/00010_00026_00017.png
client_0,23864,37,44,5,6,32,39,15,Train/15/00015_00015_00014.png
client_0,23582,27,29,5,5,22,24,15,Train/15/00015_00006_00002.png
client_0,15007,29,31,6,6,24,25,9,Train/9/00009_00048_00007.png
client_0,4038,36,35,6,5,31,30,2,Train/2/00002_00041_00018.png
client_0,37565,44,56,6,5,38,50,38,Train/38/00038_00052_00006.png
client_0,4095,37,36,6,6,31,30,2,Train/2/00002_00043_00015.png
client_0,37526,47,51,5,6,42,46,38,Train/38/00038_00050_00027.png
client_0,37771,37,36,6,5,32,31,38,Train/38/00038_00059_00002.png
client_0,38041,29,30,5,6,24,25,38,Train/38/00038_00068_00002.png
client_0,1611,55,54,6,5,50,49,1,Train/1/00001_00034_00021.png
client_0,17716,77,70,7,7,71,64,11,Train/11/00011_00022_00016.png
client_0,36627,106,116,9,10,97,106,38,Train/38/00038_00020_00028.png
client_0,31653,36,33,5,5,30,28,30,Train/30/00030_00001_00003.png
client_0,17885,28,43,6,5,23,38,11,Train/11/00011_00028_00005.png
client_0,22258,97,89,9,8,89,81,13,Train/13/00013_00059_00028.png
client_0,30019,60,59,6,6,55,53,26,Train/26/00026_00001_00019.png
client_0,32173,48,44,5,5,43,39,31,Train/31/00031_00003_00013.png
client_0,35476,56,54,6,5,50,49,36,Train/36/00036_00002_00017.png
client_0,2844,69,69,7,7,62,62,2,Train/2/00002_00001_00024.png
client_0,18500,33,27,6,5,28,22,12,Train/12/00012_00004_00020.png
client_0,1913,58,58,6,5,53,53,1,Train/1/00001_00044_00023.png
client_0,37563,42,55,5,6,36,50,38,Train/38/00038_00052_00004.png
client_0,1074,68,69,6,7,62,63,1,Train/1/00001_00016_00024.png
client_0,729,34,35,5,6,29,30,1,Train/1/00001_00005_00009.png
client_0,10787,56,61,5,6,51,55,7,Train/7/00007_00002_00017.png
client_0,12006,31,31,6,6,26,26,7,Train/7/00007_00043_00006.png
client_0,37497,38,40,5,5,33,35,38,Train/38/00038_00049_00028.png
client_0,22820,60,59,6,5,54,54,14,Train/14/00014_00006_00020.png
client_0,2953,39,39,6,6,34,34,2,Train/2/00002_00005_00013.png
client_0,10046,57,57,5,6,52,52,5,Train/5/00005_00053_00026.png
client_0,7521,55,56,6,6,50,51,4,Train/4/00004_00035_00021.png
client_0,17911,50,46,6,6,45,41,11,Train/11/00011_00029_00001.png
client_0,495,72,75,7,6,65,68,0,Train/0/00000_00004_00015.png
client_0,1841,42,44,5,6,37,39,1,Train/1/00001_00042_00011.png
client_0,14878,96,97,9,9,88,89,9,Train/9/00009_00043_00028.png
client_0,309,38,35,5,6,33,30,20,Train/20/00020_00010_00009.png
client_0,28742,27,28,5,6,22,23,25,Train/25/00025_00009_00002.png
client_0,26200,33,32,6,6,28,27,18,Train/18/00018_00021_00010.png
client_0,25420,33,33,5,6,28,28,17,Train/17/00017_00032_00010.png
client_0,14701,33,33,5,5,27,27,9,Train/9/00009_00038_00001.png
client_0,19795,112,115,10,10,103,105,12,Train/12/00012_00047_00025.png
client_0,34944,47,50,5,5,42,45,35,Train/35/00035_00024_00025.png
client_0,35231,37,39,6,5,32,34,35,Train/35/00035_00034_00012.png
client_0,36914,33,36,5,5,28,31,38,Train/38/00038_00030_00015.png
client_0,20071,44,45,6,6,39,40,12,Train/12/00012_00057_00001.png
client_0,19285,50,49,6,5,45,44,12,Train/12/00012_00030_00025.png
client_0,34694,54,53,6,5,49,48,35,Train/35/00035_00016_00015.png
client_0,30514,28,27,5,5,23,21,26,Train/26/00026_00018_00004.png
client_0,11161,33,34,5,5,28,29,7,Train/7/00007_00015_00001.png
client_0,18743,75,75,6,6,69,69,12,Train/12/00012_00012_00023.png
client_0,25542,29,35,6,6,24,30,17,Train/17/00017_00036_00012.png
client_0,14078,33,35,6,6,28,30,9,Train/9/00009_00017_00008.png
client_0,11196,35,37,5,6,30,32,7,Train/7/00007_00016_00006.png
client_0,28271,59,57,5,5,54,51,24,Train/24/00024_00002_00011.png
client_0,9806,64,62,5,5,59,57,5,Train/5/00005_00045_00026.png
client_0,25369,53,56,6,5,48,50,17,Train/17/00017_00030_00019.png
client_0,16268,29,29,5,5,24,24,10,Train/10/00010_00041_00008.png
client_0,9379,39,41,5,6,34,36,5,Train/5/00005_00031_00019.png
client_0,23508,38,41,6,6,33,36,15,Train/15/00015_00003_00018.png
client_0,23765,37,43,5,6,32,37,15,Train/15/00015_00012_00005.png
client_0,7939,40,41,5,5,35,36,4,Train/4/00004_00049_00019.png
client_0,14048,46,45,6,5,41,40,9,Train/9/00009_00016_00008.png
client_0,15024,53,53,6,5,48,48,9,Train/9/00009_00048_00024.png
client_0,11395,89,86,8,7,82,79,7,Train/7/00007_00022_00025.png
client_0,1976,94,94,8,8,86,86,1,Train/1/00001_00046_00026.png
client_0,30478,63,59,5,6,58,54,26,Train/26/00026_00016_00028.png
client_0,24524,29,44,5,5,24,39,17,Train/17/00017_00002_00014.png
client_0,5407,33,34,6,6,28,28,3,Train/3/00003_00012_00007.png
client_0,4876,30,30,6,5,25,25,2,Train/2/00002_00069_00016.png
client_0,34560,33,34,6,6,28,29,35,Train/35/00035_00012_00001.png
client_0,31939,51,47,5,5,46,42,30,Train/30/00030_00010_00019.png
client_0,13043,67,68,6,7,61,62,8,Train/8/00008_00029_00023.png
client_0,18365,31,31,6,5,25,26,12,Train/12/00012_00000_00005.png
client_0,34762,45,47,6,6,40,42,35,Train/35/00035_00018_00023.png
client_0,20041,41,41,6,6,35,36,12,Train/12/00012_00056_00001.png
client_0,9305,28,30,5,6,23,25,5,Train/5/00005_00029_00005.png
client_0,13049,147,148,13,12,135,136,8,Train/8/00008_00029_00029.png
client_0,3753,29,28,6,6,24,23,2,Train/2/00002_00032_00003.png
client_0,11723,62,62,6,6,57,57,7,Train/7/00007_00033_00023.png
client_0,38779,43,45,5,5,38,40,41,Train/41/00041_00001_00020.png
client_0,18215,31,31,5,6,26,26,11,Train/11/00011_00039_00005.png
client_0,8999,48,47,5,5,43,42,5,Train/5/00005_00018_00029.png
client_0,493,70,74,7,7,64,67,0,Train/0/00000_00004_00013.png
client_0,21725,39,35,5,6,34,30,13,Train/13/00013_00042_00005.png
client_0,35940,36,37,6,6,31,32,37,Train/37/00037_00005_00001.png
client_0,5474,35,35,6,6,30,30,3,Train/3/00003_00014_00014.png
client_0,14531,39,40,5,6,34,35,9,Train/9/00009_00032_00011.png
client_0,476,76,75,6,6,70,69,0,Train/0/00000_00003_00026.png
client_0,7928,30,31,5,5,25,26,4,Train/4/00004_00049_00008.png
client_0,29325,67,63,6,5,61,58,25,Train/25/00025_00028_00015.png
client_0,22241,94,86,8,7,86,79,13,Train/13/00013_00059_00011.png
client_0,36516,35,36,5,6,30,31,38,Train/38/00038_00017_00007.png
client_0,12698,40,37,6,5,35,32,8,Train/8/00008_00018_00008.png
client_0,5929,41,42,5,6,36,36,3,Train/3/00003_00029_00019.png
client_0,20863,50,47,6,5,44,41,13,Train/13/00013_00013_00013.png
client_0,19823,70,73,6,6,64,67,12,Train/12/00012_00048_00023.png
client_0,23766,38,42,6,6,33,37,15,Train/15/00015_00012_00006.png
client_0,24231,112,113,9,10,102,103,16,Train/16/00016_00006_00021.png
client_0,12776,84,84,7,7,77,77,8,Train/8/00008_00020_00026.png
client_0,39100,38,38,6,6,33,33,42,Train/42/00042_00004_00011.png
client_0,27852,42,40,6,6,37,35,23,Train/23/00023_00005_00012.png
client_0,10028,31,31,5,5,26,26,5,Train/5/00005_00053_00008.png
client_0,19518,50,49,6,5,45,44,12,Train/12/00012_00038_00018.png
client_0,3622,45,45,6,6,40,40,2,Train/2/00002_00027_00022.png
client_0,12531,57,57,6,6,52,52,8,Train/8/00008_00012_00021.png
client_0,23759,83,85,8,8,76,78,15,Train/15/00015_00011_00029.png
client_0,34770,26,27,5,6,21,22,35,Train/35/00035_00019_00001.png
client_0,34649,29,29,6,5,24,24,35,Train/35/00035_00015_00000.png
client_0,29274,70,68,7,6,64,62,25,Train/25/00025_00026_00024.png
client_0,3252,63,68,5,6,57,61,2,Train/2/00002_00015_00012.png
client_0,33701,40,38,6,5,34,33,33,Train/33/00033_00020_00012.png
client_0,26047,33,31,5,6,28,26,18,Train/18/00018_00016_00007.png
client_0,7096,41,41,5,5,36,36,4,Train/4/00004_00021_00016.png
client_0,25980,35,35,6,6,30,30,18,Train/18/00018_00014_00000.png
client_0,23829,32,38,5,6,27,33,15,Train/15/00015_00014_00009.png
client_0,15046,45,46,6,6,40,41,10,Train/10/00010_00000_00016.png
client_0,38642,28,27,6,5,23,22,40,Train/40/00040_00009_00003.png
client_0,16827,83,86,8,8,76,79,10,Train/10/00010_00059_00027.png
client_0,18741,64,65,5,6,59,60,12,Train/12/00012_00012_00021.png
client_0,2181,80,85,8,7,73,78,1,Train/1/00001_00053_00021.png
client_0,1647,76,73,6,6,70,66,1,Train/1/00001_00035_00027.png
client_0,31088,42,42,5,6,37,37,28,Train/28/00028_00009_00008.png
client_0,26754,82,74,8,7,75,68,18,Train/18/00018_00039_00024.png
client_0,31005,55,50,6,6,50,45,28,Train/28/00028_00006_00015.png
client_0,36446,70,73,6,6,64,67,38,Train/38/00038_00014_00027.png
client_0,5338,75,80,6,7,69,73,3,Train/3/00003_00009_00028.png
client_0,17494,29,30,5,6,24,25,11,Train/11/00011_00015_00004.png
client_0,15739,44,45,6,6,39,40,10,Train/10/00010_00023_00019.png
client_0,36200,72,88,7,8,66,81,38,Train/38/00038_00006_00021.png
client_0,18983,52,52,5,6,47,47,12,Train/12/00012_00020_00023.png
client_0,38891,32,33,5,5,26,28,41,Train/41/00041_00005_00012.png
client_0,9880,37,39,5,6,32,34,5,Train/5/00005_00048_00010.png
client_0,28059,33,32,6,5,28,27,23,Train/23/00023_00012_00009.png
client_0,4819,49,48,6,6,44,43,2,Train/2/00002_00067_00019.png
client_0,33963,28,31,5,6,23,26,34,Train/34/00034_00006_00004.png
client_0,31458,67,61,6,5,61,55,29,Train/29/00029_00003_00018.png
client_0,5621,37,38,5,5,32,33,3,Train/3/00003_00019_00011.png
client_0,1757,52,55,5,5,47,50,1,Train/1/00001_00039_00017.png
client_0,12524,43,44,5,6,38,39,8,Train/8/00008_00012_00014.png
client_0,25509,28,28,5,5,23,23,17,Train/17/00017_00035_00009.png
client_0,1063,44,43,5,5,38,38,1,Train/1/00001_00016_00013.png
client_0,2727,88,88,8,8,81,81,1,Train/1/00001_00071_00027.png
client_0,3646,40,40,5,5,35,35,2,Train/2/00002_00028_00016.png
client_0,32809,46,43,5,6,40,38,31,Train/31/00031_00024_00019.png
client_0,21123,46,44,5,5,41,39,13,Train/13/00013_00022_00003.png
client_0,29964,76,72,7,6,70,66,25,Train/25/00025_00049_00024.png
client_0,13418,37,37,6,6,32,32,8,Train/8/00008_00042_00008.png
client_0,6682,43,43,6,5,38,37,4,Train/4/00004_00007_00022.png
client_0,27195,51,46,6,5,46,41,21,Train/21/00021_00007_00015.png
client_0,24749,62,70,5,7,57,64,17,Train/17/00017_00009_00029.png
client_0,22369,47,46,5,5,42,41,13,Train/13/00013_00063_00019.png
client_0,12194,39,38,6,5,33,33,8,Train/8/00008_00001_00014.png
client_0,11344,30,31,5,5,25,25,7,Train/7/00007_00021_00004.png
client_0,3908,32,33,5,6,27,28,2,Train/2/00002_00037_00008.png
client_0,28115,80,71,8,6,73,65,23,Train/23/00023_00014_00005.png
client_0,21008,39,39,6,6,34,34,13,Train/13/00013_00018_00008.png
client_0,38561,48,49,5,6,42,43,40,Train/40/00040_00006_00012.png
client_0,9542,27,26,5,6,22,21,5,Train/5/00005_00037_00002.png
client_0,24353,52,54,6,6,47,49,16,Train/16/00016_00010_00023.png
client_0,27300,34,33,6,5,29,28,22,Train/22/00022_00000_00000.png
client_0,22099,113,108,10,10,104,99,13,Train/13/00013_00054_00019.png
client_0,17123,147,134,12,12,135,123,11,Train/11/00011_00002_00023.png
client_0,13030,37,37,6,6,32,32,8,Train/8/00008_00029_00010.png
client_0,34722,45,47,5,6,40,42,35,Train/35/00035_00017_00013.png
client_0,25989,42,41,6,5,37,36,18,Train/18/00018_00014_00009.png
client_0,31146,39,38,5,6,34,33,28,Train/28/00028_00011_00006.png
client_0,28293,53,50,6,5,48,45,24,Train/24/00024_00003_00003.png
client_0,12073,35,35,5,5,29,30,7,Train/7/00007_00045_00013.png
client_0,35643,28,28,6,5,23,23,36,Train/36/00036_00008_00004.png
client_0,22544,37,37,5,5,32,32,13,Train/13/00013_00069_00014.png
client_0,21686,96,84,9,7,88,77,13,Train/13/00013_00040_00026.png
client_0,14745,41,41,5,5,36,36,9,Train/9/00009_00039_00015.png
client_0,36764,39,38,6,5,34,33,38,Train/38/00038_00025_00015.png
client_0,12626,57,52,6,5,52,47,8,Train/8/00008_00015_00026.png
client_0,34473,28,27,6,5,23,22,35,Train/35/00035_00009_00004.png
client_0,37916,81,76,8,7,74,70,38,Train/38/00038_00063_00027.png
client_0,38386,51,49,6,6,46,43,40,Train/40/00040_00000_00017.png
client_0,28776,45,44,5,6,40,39,25,Train/25/00025_00010_00006.png
client_0,22087,75,71,7,6,69,65,13,Train/13/00013_00054_00007.png
client_0,8472,32,32,6,5,26,26,5,Train/5/00005_00001_00012.png
client_0,2389,52,52,6,6,46,47,1,Train/1/00001_00060_00019.png
client_0,5122,50,52,6,6,45,47,3,Train/3/00003_00002_00022.png
client_0,14492,28,27,6,5,23,22,9,Train/9/00009_00031_00002.png
client_0,32947,29,29,6,6,24,23,32,Train/32/00032_00003_00007.png
client_0,38816,104,112,10,9,95,102,41,Train/41/00041_00002_00027.png
client_0,7028,38,37,6,5,33,32,4,Train/4/00004_00019_00008.png
client_0,18325,100,92,9,8,92,84,11,Train/11/00011_00042_00025.png
client_0,17315,46,44,5,6,41,38,11,Train/11/00011_00009_00005.png
client_0,1213,34,36,6,6,29,31,1,Train/1/00001_00021_00013.png
client_0,4356,56,57,5,6,51,52,2,Train/2/00002_00052_00006.png
client_0,3206,46,49,5,6,40,44,2,Train/2/00002_00013_00026.png
client_0,31452,51,47,5,6,46,42,29,Train/29/00029_00003_00012.png
client_0,18141,75,79,6,7,68,72,11,Train/11/00011_00036_00021.png
client_0,29047,49,46,5,5,44,41,25,Train/25/00025_00019_00007.png
client_0,13710,25,27,5,6,20,21,9,Train/9/00009_00005_00000.png
client_0,1222,47,49,6,6,42,44,1,Train/1/00001_00021_00022.png
client_0,11073,29,30,5,6,24,25,7,Train/7/00007_00012_00003.png
client_0,24419,65,69,6,7,60,63,16,Train/16/00016_00012_00029.png
client_0,8287,33,33,5,5,28,28,4,Train/4/00004_00061_00007.png
client_0,754,43,51,5,5,38,45,1,Train/1/00001_00006_00004.png
client_0,13233,34,33,6,6,28,28,8,Train/8/00008_00036_00003.png
client_0,23506,36,40,5,6,31,35,15,Train/15/00015_00003_00016.png
client_0,19543,47,46,6,5,42,41,12,Train/12/00012_00039_00013.png
client_0,19821,64,69,5,6,59,63,12,Train/12/00012_00048_00021.png
client_0,27481,30,29,5,6,25,24,22,Train/22/00022_00006_00001.png
client_0,26333,87,81,8,7,80,74,18,Train/18/00018_00025_00023.png
client_0,35325,45,50,5,5,39,45,35,Train/35/00035_00037_00016.png
client_0,5125,58,62,6,6,53,56,3,Train/3/00003_00002_00025.png
client_0,11015,35,35,6,6,30,30,7,Train/7/00007_00010_00005.png
client_0,17990,82,75,7,7,75,69,11,Train/11/00011_00031_00020.png
client_0,16620,36,34,6,5,31,29,10,Train/10/00010_00053_00000.png
client_0,22846,58,58,5,6,53,53,14,Train/14/00014_00007_00016.png
client_0,24006,28,29,5,6,23,24,15,Train/15/00015_00020_00006.png
client_0,16682,30,30,5,5,25,25,10,Train/10/00010_00055_00002.png
client_0,38163,29,29,5,5,24,24,39,Train/39/00039_00003_00004.png
client_0,26108,52,51,5,6,47,46,18,Train/18/00018_00018_00008.png
client_0,22085,72,69,6,7,65,62,13,Train/13/00013_00054_00005.png
client_0,32411,38,38,5,5,33,33,31,Train/31/00031_00011_00011.png
client_0,10895,37,38,5,6,32,33,7,Train/7/00007_00006_00005.png
client_0,7188,51,50,6,5,46,45,4,Train/4/00004_00024_00018.png
client_0,31904,61,57,5,6,56,52,30,Train/30/00030_00009_00014.png
client_0,13519,50,50,5,5,45,45,8,Train/8/00008_00045_00019.png
client_0,15941,33,33,6,6,28,28,10,Train/10/00010_00030_00011.png
client_0,31465,92,84,9,8,84,77,29,Train/29/00029_00003_00025.png
client_0,15632,30,27,5,5,24,22,10,Train/10/00010_00020_00002.png
client_0,36462,39,40,6,5,34,35,38,Train/38/00038_00015_00013.png
client_0,11694,72,75,6,7,66,69,7,Train/7/00007_00032_00024.png
client_0,14922,40,45,6,6,35,39,9,Train/9/00009_00045_00012.png
client_0,13662,33,34,5,6,28,29,9,Train/9/00009_00003_00012.png
client_0,13399,43,43,6,6,38,38,8,Train/8/00008_00041_00019.png
client_0,21613,52,48,5,6,47,43,13,Train/13/00013_00038_00013.png
client_0,2837,43,43,6,6,37,37,2,Train/2/00002_00001_00017.png
client_0,1383,34,32,6,6,29,27,1,Train/1/00001_00027_00003.png
client_0,13079,51,50,6,6,46,45,8,Train/8/00008_00030_00029.png
client_0,14079,32,35,5,5,27,30,9,Train/9/00009_00017_00009.png
client_0,34980,29,27,5,5,24,22,35,Train/35/00035_00026_00001.png
client_0,23697,74,74,7,7,68,68,15,Train/15/00015_00009_00027.png
client_0,30190,35,32,6,5,30,27,26,Train/26/00026_00007_00010.png
client_0,24347,43,42,5,5,38,37,16,Train/16/00016_00010_00017.png
client_0,13746,30,29,6,5,25,24,9,Train/9/00009_00006_00006.png
client_0,35878,136,134,12,12,125,123,37,Train/37/00037_00002_00029.png
client_0,14484,51,53,6,6,46,47,9,Train/9/00009_00030_00024.png
client_0,11293,38,39,6,5,33,34,7,Train/7/00007_00019_00013.png
client_0,5486,45,45,6,6,39,40,3,Train/3/00003_00014_00026.png
client_0,8702,32,32,6,6,27,27,5,Train/5/00005_00009_00002.png
client_0,23852,29,35,5,6,24,30,15,Train/15/00015_00015_00002.png
client_0,27926,72,65,6,6,66,60,23,Train/23/00023_00007_00026.png
client_0,35753,62,63,5,5,57,57,36,Train/36/00036_00011_00024.png
client_0,36223,43,45,5,6,37,40,38,Train/38/00038_00007_00014.png
client_0,5780,39,43,5,6,34,38,3,Train/3/00003_00024_00020.png
client_0,17117,117,105,10,9,106,96,11,Train/11/00011_00002_00017.png
client_0,6613,58,57,6,5,53,51,4,Train/4/00004_00005_00013.png
client_0,37989,37,39,5,6,32,34,38,Train/38/00038_00066_00010.png
client_0,29574,64,55,6,5,58,50,25,Train/25/00025_00036_00024.png
client_0,13370,41,41,5,5,36,36,8,Train/8/00008_00040_00020.png
client_0,19603,34,35,5,6,29,30,12,Train/12/00012_00041_00013.png
client_0,11689,52,54,5,5,46,48,7,Train/7/00007_00032_00019.png
client_0,10696,38,38,6,6,33,33,6,Train/6/00006_00013_00016.png
client_0,6858,42,43,6,6,37,37,4,Train/4/00004_00013_00018.png
client_0,18080,74,65,7,5,68,59,11,Train/11/00011_00034_00020.png
client_0,20492,26,30,5,6,21,25,13,Train/13/00013_00001_00002.png
client_0,27067,37,37,5,5,32,32,21,Train/21/00021_00003_00007.png
client_0,10156,41,41,6,6,36,36,5,Train/5/00005_00057_00016.png
client_0,36678,42,44,5,5,36,38,38,Train/38/00038_00022_00019.png
client_0,1580,47,46,6,6,41,41,1,Train/1/00001_00033_00020.png
client_0,3300,25,25,5,5,20,20,2,Train/2/00002_00017_00000.png
client_0,27751,38,34,6,6,32,29,23,Train/23/00023_00002_00001.png
client_0,9621,39,39,6,5,34,34,5,Train/5/00005_00039_00021.png
client_0,14624,43,42,6,5,37,36,9,Train/9/00009_00035_00014.png
client_0,31585,81,80,8,8,74,73,29,Train/29/00029_00007_00025.png
client_0,4201,27,28,5,6,22,23,2,Train/2/00002_00047_00001.png
client_0,35019,35,35,6,5,29,29,35,Train/35/00035_00027_00010.png
client_0,1883,69,70,6,7,63,64,1,Train/1/00001_00043_00023.png
client_0,4916,52,49,5,6,47,44,2,Train/2/00002_00070_00026.png
client_0,32059,44,42,5,6,39,37,30,Train/30/00030_00014_00019.png
client_0,27850,39,38,5,5,34,33,23,Train/23/00023_00005_00010.png
client_0,21758,41,40,5,6,36,35,13,Train/13/00013_00043_00008.png
client_0,10926,35,36,5,6,30,31,7,Train/7/00007_00007_00006.png
client_0,32843,80,71,7,6,73,65,31,Train/31/00031_00025_00023.png
client_0,6680,41,41,6,5,36,35,4,Train/4/00004_00007_00020.png
client_0,11742,34,39,5,6,29,34,7,Train/7/00007_00034_00012.png
client_0,23350,32,33,5,6,26,28,14,Train/14/00014_00024_00010.png
client_0,8489,45,45,6,6,40,40,5,Train/5/00005_00001_00029.png
client_0,8206,39,40,5,5,34,35,4,Train/4/00004_00058_00016.png
client_0,10899,42,42,6,6,37,37,7,Train/7/00007_00006_00009.png
client_0,28593,40,37,5,5,34,32,25,Train/25/00025_00004_00003.png
client_0,36957,107,106,10,9,98,97,38,Train/38/00038_00031_00028.png
client_0,8387,37,36,5,5,32,31,4,Train/4/00004_00064_00017.png
client_0,13495,56,58,5,6,51,53,8,Train/8/00008_00044_00025.png
client_0,12352,46,46,6,6,41,41,8,Train/8/00008_00006_00022.png
client_0,37289,33,35,6,6,28,30,38,Train/38/00038_00043_00000.png
client_0,6886,37,40,6,6,32,34,4,Train/4/00004_00014_00016.png
client_0,21452,34,34,5,6,29,29,13,Train/13/00013_00033_00002.png
client_0,27789,61,54,6,5,56,49,23,Train/23/00023_00003_00009.png
client_0,33239,99,106,8,9,91,97,33,Train/33/00033_00004_00029.png
client_0,5162,31,31,5,5,26,26,3,Train/3/00003_00004_00002.png
client_0,10841,38,39,5,6,33,34,7,Train/7/00007_00004_00011.png
client_0,29042,45,43,6,6,40,38,25,Train/25/00025_00019_00002.png
client_0,943,38,40,5,6,32,34,1,Train/1/00001_00012_00013.png
client_0,13422,35,36,5,6,30,31,8,Train/8/00008_00042_00012.png
client_0,28867,31,32,5,6,26,27,25,Train/25/00025_00013_00007.png
client_0,31623,33,26,5,5,28,21,30,Train/30/00030_00000_00003.png
client_0,10534,28,29,6,5,22,23,6,Train/6/00006_00008_00004.png
client_0,21225,49,45,5,5,43,39,13,Train/13/00013_00025_00015.png
client_0,29767,39,37,5,5,34,32,25,Train/25/00025_00043_00007.png
client_0,23290,44,46,6,6,39,41,14,Train/14/00014_00022_00010.png
client_0,544,37,39,5,5,32,34,0,Train/0/00000_00006_00004.png
client_0,2584,36,37,6,6,31,32,1,Train/1/00001_00067_00004.png
client_0,23458,88,157,7,14,81,143,15,Train/15/00015_00001_00028.png
client_0,6098,32,34,5,5,26,28,3,Train/3/00003_00035_00008.png
client_0,12055,47,49,6,6,42,44,7,Train/7/00007_00044_00025.png
client_0,32849,156,134,14,11,143,123,31,Train/31/00031_00025_00029.png
client_0,3297,98,96,9,8,90,88,2,Train/2/00002_00016_00027.png
client_0,4482,39,38,6,6,34,33,2,Train/2/00002_00056_00012.png
client_0,35104,26,28,5,6,21,23,35,Train/35/00035_00030_00005.png
client_0,13248,52,52,6,6,47,47,8,Train/8/00008_00036_00018.png
client_0,2936,65,67,6,6,60,61,2,Train/2/00002_00004_00026.png
client_0,28135,108,94,10,9,99,86,23,Train/23/00023_00014_00025.png
client_0,19305,51,52,5,6,46,47,12,Train/12/00012_00031_00015.png
client_0,14564,43,39,6,5,37,34,9,Train/9/00009_00033_00014.png
client_0,23961,108,130,9,11,98,119,15,Train/15/00015_00018_00021.png
client_0,26438,40,36,6,5,35,31,18,Train/18/00018_00029_00008.png
client_0,8634,71,71,6,6,65,65,5,Train/5/00005_00006_00024.png
client_0,2320,39,40,5,6,33,34,1,Train/1/00001_00058_00010.png
client_0,35049,35,36,6,6,30,31,35,Train/35/00035_00028_00010.png
client_0,2121,55,56,6,5,49,51,1,Train/1/00001_00051_00021.png
client_0,27651,53,52,5,5,48,47,22,Train/22/00022_00011_00021.png
client_0,36216,35,37,5,6,29,32,38,Train/38/00038_00007_00007.png
client_0,1077,82,81,7,7,74,74,1,Train/1/00001_00016_00027.png
client_0,3518,34,34,5,6,29,29,2,Train/2/00002_00024_00008.png
client_0,1315,32,32,6,5,27,27,1,Train/1/00001_00024_00025.png
client_0,27932,40,40,5,5,35,35,23,Train/23/00023_00008_00002.png
client_0,11056,47,47,6,6,42,42,7,Train/7/00007_00011_00016.png
client_0,23161,44,44,6,6,38,39,14,Train/14/00014_00018_00001.png
client_0,31212,55,58,5,6,50,52,28,Train/28/00028_00013_00012.png
client_0,3425,31,31,6,6,26,26,2,Train/2/00002_00021_00005.png
client_0,15159,30,30,5,5,25,25,10,Train/10/00010_00004_00009.png
client_0,12785,30,29,6,6,25,23,8,Train/8/00008_00021_00005.png
client_0,13931,36,37,5,5,31,32,9,Train/9/00009_00012_00011.png
client_0,29988,55,52,6,5,50,46,26,Train/26/00026_00000_00018.png
client_0,6114,58,58,5,5,52,52,3,Train/3/00003_00035_00024.png
client_0,38951,39,39,6,5,34,34,41,Train/41/00041_00007_00012.png
client_0,31576,49,53,6,6,44,47,29,Train/29/00029_00007_00016.png
client_0,713,44,43,6,5,39,38,1,Train/1/00001_00004_00023.png
client_0,5672,30,33,5,6,25,28,3,Train/3/00003_00021_00002.png
client_0,37887,105,105,10,10,96,96,38,Train/38/00038_00062_00028.png
client_0,26957,53,50,5,5,48,45,19,Train/19/00019_00006_00017.png
client_0,2137,33,34,6,6,27,29,1,Train/1/00001_00052_00007.png
client_0,26702,40,39,6,5,35,34,18,Train/18/00018_00038_00002.png
client_0,25168,56,58,6,5,51,53,17,Train/17/00017_00023_00028.png
client_0,32921,35,35,5,5,30,30,32,Train/32/00032_00002_00011.png
client_0,1329,34,32,6,6,29,27,1,Train/1/00001_00025_00009.png
client_0,31270,34,32,5,5,28,26,28,Train/28/00028_00015_00010.png
client_0,34059,36,37,6,6,31,32,34,Train/34/00034_00009_00010.png
client_0,18518,52,52,6,6,47,47,12,Train/12/00012_00005_00008.png
client_0,23689,56,56,5,5,51,51,15,Train/15/00015_00009_00019.png
client_0,26730,39,36,6,6,34,31,18,Train/18/00018_00039_00000.png
client_0,37957,30,32,5,6,25,27,38,Train/38/00038_00065_00008.png
client_0,33787,34,40,6,6,29,35,34,Train/34/00034_00000_00008.png
client_0,12951,41,43,5,6,36,38,8,Train/8/00008_00026_00021.png
client_0,10887,117,116,11,10,107,106,7,Train/7/00007_00005_00027.png
client_0,34717,38,41,5,6,33,36,35,Train/35/00035_00017_00008.png
client_0,16848,39,36,5,5,34,31,10,Train/10/00010_00060_00018.png
client_0,37578,68,103,7,9,62,94,38,Train/38/00038_00052_00019.png
client_0,31825,59,59,6,6,54,54,30,Train/30/00030_00006_00025.png
client_0,24948,36,37,5,5,31,32,17,Train/17/00017_00016_00018.png
client_0,17356,70,63,6,5,64,58,11,Train/11/00011_00010_00016.png
client_0,15310,38,37,5,5,33,32,10,Train/10/00010_00009_00010.png
client_0,31912,91,81,8,7,83,74,30,Train/30/00030_00009_00022.png
client_0,2638,110,116,10,10,101,106,1,Train/1/00001_00068_00028.png
client_0,33600,30,36,6,6,25,31,33,Train/33/00033_00017_00000.png
client_0,1512,40,39,6,5,35,34,1,Train/1/00001_00031_00012.png
client_0,9374,33,33,5,6,27,28,5,Train/5/00005_00031_00014.png
client_0,26060,45,43,5,6,39,37,18,Train/18/00018_00016_00020.png
client_0,25546,29,35,6,5,24,30,17,Train/17/00017_00036_00016.png
client_0,13065,33,32,6,6,28,27,8,Train/8/00008_00030_00015.png
client_0,21403,36,33,6,6,31,28,13,Train/13/00013_00031_00013.png
client_0,14216,72,72,7,6,66,66,9,Train/9/00009_00021_00026.png
client_0,2381,43,41,6,5,38,35,1,Train/1/00001_00060_00011.png
client_0,10232,28,27,6,5,22,22,5,Train/5/00005_00060_00002.png
client_0,35495,29,29,5,5,24,24,36,Train/36/00036_00003_00006.png
client_0,37608,39,41,5,6,33,35,38,Train/38/00038_00053_00019.png
client_0,7146,31,31,5,5,25,25,4,Train/4/00004_00023_00006.png
client_0,15304,32,33,5,6,27,28,10,Train/10/00010_00009_00004.png
client_0,18807,95,97,8,8,87,88,12,Train/12/00012_00014_00027.png
client_0,25525,37,38,6,6,32,33,17,Train/17/00017_00035_00025.png
client_0,14717,43,44,6,6,37,38,9,Train/9/00009_00038_00017.png
client_0,32550,31,30,6,6,26,25,31,Train/31/00031_00016_00000.png
client_0,36035,34,40,6,5,29,35,38,Train/38/00038_00001_00006.png
client_0,12094,29,29,6,6,24,24,7,Train/7/00007_00046_00004.png
client_0,31625,32,28,5,5,27,23,30,Train/30/00030_00000_00005.png
client_0,26487,123,112,10,9,112,103,18,Train/18/00018_00030_00027.png
client_0,27420,28,26,5,6,23,21,22,Train/22/00022_00004_00000.png
client_0,23133,28,28,5,5,23,23,14,Train/14/00014_00017_00003.png
client_0,35639,26,25,5,5,21,20,36,Train/36/00036_00008_00000.png
client_0,34622,31,31,5,5,26,26,35,Train/35/00035_00014_00003.png
client_0,38490,37,39,5,6,32,34,40,Train/40/00040_00004_00001.png
client_0,17527,45,44,5,6,39,39,11,Train/11/00011_00016_00007.png
client_0,17295,68,61,6,5,62,56,11,Train/11/00011_00008_00015.png
client_0,16278,39,40,5,6,34,35,10,Train/10/00010_00041_00018.png
client_0,12392,32,32,5,5,26,26,8,Train/8/00008_00008_00002.png
client_0,13580,48,48,5,6,43,43,9,Train/9/00009_00000_00020.png
client_0,12942,34,35,6,6,29,29,8,Train/8/00008_00026_00012.png
client_0,8705,33,33,6,6,28,28,5,Train/5/00005_00009_00005.png
client_0,21631,30,27,6,6,25,22,13,Train/13/00013_00039_00001.png
client_0,19209,31,30,6,5,26,25,12,Train/12/00012_00028_00009.png
client_0,31862,34,30,6,5,29,25,30,Train/30/00030_00008_00002.png
client_0,30286,40,39,5,6,34,33,26,Train/26/00026_00010_00016.png
client_0,14280,29,32,5,6,24,27,9,Train/9/00009_00024_00000.png
client_0,6706,40,41,6,5,35,36,4,Train/4/00004_00008_00016.png
client_0,26768,77,63,7,5,71,58,19,Train/19/00019_00000_00008.png
client_0,36986,80,84,7,8,73,77,38,Train/38/00038_00032_00027.png
client_0,8635,83,84,7,7,76,77,5,Train/5/00005_00006_00025.png
client_0,1118,47,48,5,5,41,42,1,Train/1/00001_00018_00008.png
client_0,27423,31,28,6,6,26,23,22,Train/22/00022_00004_00003.png
client_0,8761,32,33,5,5,27,28,5,Train/5/00005_00011_00001.png
client_0,16572,43,44,5,6,38,39,10,Train/10/00010_00051_00012.png
client_0,12136,33,36,5,6,28,30,7,Train/7/00007_00047_00016.png
client_0,16243,37,36,6,6,32,31,10,Train/10/00010_00040_00013.png
client_0,14742,41,41,5,5,36,36,9,Train/9/00009_00039_00012.png
client_0,2746,69,69,7,7,63,63,1,Train/1/00001_00072_00016.png
client_0,20070,43,43,6,6,38,38,12,Train/12/00012_00057_00000.png
client_0,20429,95,88,9,8,87,81,12,Train/12/00012_00068_00029.png
client_0,10436,60,59,5,6,55,54,6,Train/6/00006_00004_00026.png
client_0,19630,67,67,6,6,61,61,12,Train/12/00012_00042_00010.png
client_0,24299,123,121,11,11,113,111,16,Train/16/00016_00008_00029.png
client_0,12827,41,41,5,6,36,36,8,Train/8/00008_00022_00017.png
client_0,9967,34,34,6,6,29,29,5,Train/5/00005_00051_00007.png
client_0,31020,58,50,6,5,53,45,28,Train/28/00028_00007_00000.png
client_0,18577,35,35,6,5,30,30,12,Train/12/00012_00007_00007.png
client_0,21297,40,39,5,6,35,34,13,Train/13/00013_00027_00027.png
client_0,26394,88,80,8,7,81,73,18,Train/18/00018_00027_00024.png
client_0,31001,50,44,6,5,44,39,28,Train/28/00028_00006_00011.png
client_0,13311,41,41,6,5,36,36,8,Train/8/00008_00038_00021.png
client_0,31330,43,41,6,6,38,36,28,Train/28/00028_00017_00010.png
client_0,1052,35,34,6,5,29,28,1,Train/1/00001_00016_00002.png
client_0,319,51,46,6,5,46,40,20,Train/20/00020_00010_00019.png
client_0,33735,42,45,6,5,37,39,33,Train/33/00033_00021_00016.png
client_0,8642,32,31,6,5,26,25,5,Train/5/00005_00007_00002.png
client_0,36199,72,88,7,8,65,81,38,Train/38/00038_00006_00020.png
client_0,7377,97,95,9,8,89,87,4,Train/4/00004_00030_00027.png
client_0,31993,41,42,6,5,36,37,30,Train/30/00030_00012_00013.png
client_0,35129,26,26,5,6,20,21,35,Train/35/00035_00031_00000.png
client_0,23141,35,36,6,6,30,30,14,Train/14/00014_00017_00011.png
client_0,12504,60,59,6,5,55,54,8,Train/8/00008_00011_00024.png
client_0,11190,31,31,5,5,26,26,7,Train/7/00007_00016_00000.png
client_0,30170,54,50,6,6,49,45,26,Train/26/00026_00006_00020.png
client_0,10914,70,70,7,7,64,64,7,Train/7/00007_00006_00024.png
client_0,59,69,58,6,5,63,53,20,Train/20/00020_00001_00029.png
client_0,37699,65,69,6,6,60,63,38,Train/38/00038_00056_00020.png
client_0,3403,34,38,5,6,29,33,2,Train/2/00002_00020_00013.png
client_0,9343,38,38,6,6,33,33,5,Train/5/00005_00030_00013.png
client_0,31094,49,44,6,5,44,39,28,Train/28/00028_00009_00014.png
client_0,37357,30,32,6,6,25,27,38,Train/38/00038_00045_00008.png
client_0,30404,74,68,7,7,68,62,26,Train/26/00026_00014_00014.png
client_0,18043,49,49,6,6,43,43,11,Train/11/00011_00033_00013.png
client_0,14729,58,63,5,6,53,58,9,Train/9/00009_00038_00029.png
client_0,3249,58,60,5,5,53,55,2,Train/2/00002_00015_00009.png
client_0,31182,38,35,6,5,33,30,28,Train/28/00028_00012_00012.png
client_0,14156,54,54,6,6,49,49,9,Train/9/00009_00019_00026.png
client_0,2042,34,33,6,5,29,28,1,Train/1/00001_00049_00002.png
client_0,9719,93,99,8,9,85,91,5,Train/5/00005_00042_00029.png
client_0,26435,37,33,6,5,31,28,18,Train/18/00018_00029_00005.png
client_0,367,34,35,6,6,29,30,0,Train/0/00000_00000_00007.png
client_0,10316,59,63,5,6,54,58,6,Train/6/00006_00000_00026.png
client_0,25694,98,88,8,8,90,81,18,Train/18/00018_00004_00014.png
client_0,37238,28,31,5,5,23,26,38,Train/38/00038_00041_00009.png
client_0,21358,51,46,6,5,46,41,13,Train/13/00013_00029_00028.png
client_0,36690,30,30,6,5,25,24,38,Train/38/00038_00023_00001.png
client_0,32026,42,37,6,5,37,32,30,Train/30/00030_00013_00016.png
client_0,10395,38,40,5,5,33,35,6,Train/6/00006_00003_00015.png
client_0,17774,44,40,6,5,39,35,11,Train/11/00011_00024_00014.png
client_0,21609,44,41,6,6,39,36,13,Train/13/00013_00038_00009.png
client_0,30437,124,110,10,10,113,101,26,Train/26/00026_00015_00017.png
client_0,7376,84,83,8,7,77,76,4,Train/4/00004_00030_00026.png
client_0,24089,170,168,14,15,156,154,16,Train/16/00016_00001_00029.png
client_0,22710,41,43,5,6,36,38,14,Train/14/00014_00003_00000.png
client_0,26212,59,55,6,5,53,49,18,Train/18/00018_00021_00022.png
client_0,17785,85,75,8,7,78,69,11,Train/11/00011_00024_00025.png
client_0,324,64,57,5,5,59,52,20,Train/20/00020_00010_00024.png
client_0,16690,34,34,5,5,29,29,10,Train/10/00010_00055_00010.png
client_0,25648,92,84,9,8,84,77,18,Train/18/00018_00002_00028.png
client_0,24640,36,37,6,6,30,31,17,Train/17/00017_00006_00010.png
client_0,38581,28,28,6,6,23,23,40,Train/40/00040_00007_00002.png
client_0,38907,62,63,6,6,57,58,41,Train/41/00041_00005_00028.png
client_0,30163,40,37,5,5,34,32,26,Train/26/00026_00006_00013.png
client_0,38089,127,128,11,12,116,117,39,Train/39/00039_00000_00020.png
client_0,15229,45,46,5,6,40,41,10,Train/10/00010_00006_00019.png
client_0,25883,117,106,11,9,107,96,18,Train/18/00018_00010_00023.png
client_0,5016,32,31,6,5,27,26,2,Train/2/00002_00074_00006.png
client_0,26184,122,111,10,10,112,102,18,Train/18/00018_00020_00024.png
client_0,15021,44,44,5,5,39,39,9,Train/9/00009_00048_00021.png
client_0,30363,30,28,6,5,25,23,26,Train/26/00026_00013_00003.png
client_0,38311,34,33,6,5,28,28,39,Train/39/00039_00008_00002.png
client_0,7445,31,32,6,6,26,27,4,Train/4/00004_00033_00005.png
client_0,1328,31,30,6,5,26,25,1,Train/1/00001_00025_00008.png
client_0,37217,58,69,5,6,53,63,38,Train/38/00038_00040_00018.png
client_0,33938,33,35,6,6,28,30,34,Train/34/00034_00005_00009.png
client_0,12916,36,37,5,6,30,32,8,Train/8/00008_00025_00016.png
client_0,14490,26,26,5,5,20,20,9,Train/9/00009_00031_00000.png
client_0,25580,33,29,6,6,28,24,18,Train/18/00018_00000_00020.png
client_0,19258,88,83,8,7,81,76,12,Train/12/00012_00029_00028.png
client_0,36475,65,80,5,7,59,73,38,Train/38/00038_00015_00026.png
client_0,1110,37,38,5,5,32,33,1,Train/1/00001_00018_00000.png
client_0,30361,29,27,6,5,23,21,26,Train/26/00026_00013_00001.png
client_0,5110,35,36,6,5,30,30,3,Train/3/00003_00002_00010.png
client_0,25597,50,47,5,6,45,42,18,Train/18/00018_00001_00007.png
client_0,8897,50,51,5,6,45,46,5,Train/5/00005_00015_00017.png
client_0,32667,87,80,7,7,79,73,31,Train/31/00031_00019_00027.png
client_0,35285,28,30,5,6,23,25,35,Train/35/00035_00036_00006.png
client_0,31451,50,46,5,6,44,40,29,Train/29/00029_00003_00011.png
client_0,9978,45,46,5,6,40,41,5,Train/5/00005_00051_00018.png
client_0,26153,85,84,8,7,78,77,18,Train/18/00018_00019_00023.png
client_0,30911,44,40,6,6,38,34,28,Train/28/00028_00003_00011.png
client_0,25747,46,43,5,6,41,38,18,Train/18/00018_00006_00007.png
client_0,24587,63,63,5,5,57,58,17,Train/17/00017_00004_00017.png
client_0,2423,52,54,6,6,47,49,1,Train/1/00001_00061_00023.png
client_0,22949,178,184,16,16,162,169,14,Train/14/00014_00010_00029.png
client_0,4786,40,43,6,6,35,38,2,Train/2/00002_00066_00016.png
client_0,29151,86,81,8,8,79,74,25,Train/25/00025_00022_00021.png
client_0,14127,45,43,6,6,40,38,9,Train/9/00009_00018_00027.png
client_0,3043,36,36,6,5,30,30,2,Train/2/00002_00008_00013.png
client_0,19244,52,49,6,6,46,44,12,Train/12/00012_00029_00014.png
client_0,4818,47,46,5,5,41,40,2,Train/2/00002_00067_00018.png
client_0,9460,31,32,5,5,26,27,5,Train/5/00005_00034_00010.png
client_0,8989,37,37,6,6,32,32,5,Train/5/00005_00018_00019.png
client_0,16288,81,83,7,8,74,76,10,Train/10/00010_00041_00028.png
client_0,31254,73,65,7,5,67,59,28,Train/28/00028_00014_00024.png
client_0,32296,44,41,5,6,38,36,31,Train/31/00031_00007_00016.png
client_0,26383,43,38,5,5,38,33,18,Train/18/00018_00027_00013.png
client_0,7287,57,56,6,5,52,51,4,Train/4/00004_00027_00027.png
client_0,14799,32,32,6,5,27,27,9,Train/9/00009_00041_00009.png
client_0,28441,36,39,6,6,31,34,24,Train/24/00024_00008_00001.png
client_0,38194,30,30,5,5,25,25,39,Train/39/00039_00004_00005.png
client_0,28929,43,40,5,6,38,35,25,Train/25/00025_00015_00009.png
client_0,12828,44,43,5,6,39,38,8,Train/8/00008_00022_00018.png
client_0,16267,29,29,6,6,24,24,10,Train/10/00010_00041_00007.png
client_0,13101,49,52,6,6,44,47,8,Train/8/00008_00031_00021.png
client_0,26138,44,44,5,5,39,39,18,Train/18/00018_00019_00008.png
client_0,24667,30,32,5,5,25,27,17,Train/17/00017_00007_00007.png
client_0,14053,48,48,5,5,43,42,9,Train/9/00009_00016_00013.png
client_0,34382,29,30,6,5,23,24,35,Train/35/00035_00006_00003.png
client_0,11474,38,37,6,5,33,32,7,Train/7/00007_00025_00014.png
client_0,30115,94,85,8,7,86,78,26,Train/26/00026_00004_00025.png
client_0,31127,68,60,7,6,62,55,28,Train/28/00028_00010_00017.png
client_0,33500,63,62,5,6,58,57,33,Train/33/00033_00013_00020.png
client_0,32543,71,63,6,5,65,58,31,Train/31/00031_00015_00023.png
client_0,31941,52,47,6,5,47,42,30,Train/30/00030_00010_00021.png
client_0,31542,39,36,5,6,33,31,29,Train/29/00029_00006_00012.png
client_0,18964,30,32,5,6,25,27,12,Train/12/00012_00020_00004.png
client_0,4301,31,31,6,5,26,25,2,Train/2/00002_00050_00011.png
client_0,28236,59,63,6,6,54,58,24,Train/24/00024_00001_00006.png
client_0,17492,29,28,6,5,24,23,11,Train/11/00011_00015_00002.png
client_0,8263,37,36,6,5,32,31,4,Train/4/00004_00060_00013.png
client_0,36987,94,96,9,9,86,88,38,Train/38/00038_00032_00028.png
client_0,31608,68,61,6,6,62,56,29,Train/29/00029_00008_00018.png
client_0,34032,38,37,6,5,33,32,34,Train/34/00034_00008_00013.png
client_0,15005,28,29,6,6,22,23,9,Train/9/00009_00048_00005.png
client_0,38717,51,51,6,5,45,46,40,Train/40/00040_00011_00018.png
client_0,30678,49,49,5,6,43,44,27,Train/27/00027_00003_00018.png
client_0,34916,92,86,8,8,84,79,35,Train/35/00035_00023_00027.png
client_0,16863,31,28,5,6,25,22,10,Train/10/00010_00061_00003.png
client_0,34464,88,85,8,8,81,78,35,Train/35/00035_00008_00025.png
client_0,11204,47,47,6,6,42,42,7,Train/7/00007_00016_00014.png
client_0,26725,92,93,8,9,84,85,18,Train/18/00018_00038_00025.png
client_0,4053,27,29,5,6,22,23,2,Train/2/00002_00042_00003.png
client_0,26350,44,40,6,5,39,35,18,Train/18/00018_00026_00010.png
client_0,32448,55,50,5,5,50,45,31,Train/31/00031_00012_00018.png
client_0,9584,36,36,6,6,30,31,5,Train/5/00005_00038_00014.png
client_0,28806,67,71,6,6,61,65,25,Train/25/00025_00011_00006.png
client_0,12225,36,37,5,6,31,32,8,Train/8/00008_00002_00015.png
client_0,1837,38,40,5,6,33,35,1,Train/1/00001_00042_00007.png
client_0,36762,36,37,5,6,31,32,38,Train/38/00038_00025_00013.png
client_0,14779,47,50,5,6,42,45,9,Train/9/00009_00040_00019.png
client_0,8078,42,42,5,5,37,37,4,Train/4/00004_00054_00008.png
client_0,25416,28,30,5,6,23,25,17,Train/17/00017_00032_00006.png
client_0,6480,38,39,5,6,33,34,4,Train/4/00004_00001_00000.png
client_0,8159,57,68,5,6,52,62,4,Train/4/00004_00056_00029.png
client_0,36988,98,101,8,9,90,93,38,Train/38/00038_00032_00029.png
client_0,11678,37,37,6,6,32,32,7,Train/7/00007_00032_00008.png
client_0,36718,130,137,11,12,119,126,38,Train/38/00038_00023_00029.png
client_0,11836,39,38,6,5,34,33,7,Train/7/00007_00037_00016.png
client_0,16924,29,30,6,6,24,25,10,Train/10/00010_00063_00004.png
client_0,16770,29,30,5,6,24,25,10,Train/10/00010_00058_00000.png
client_0,14989,42,43,5,5,37,38,9,Train/9/00009_00047_00019.png
client_0,983,64,69,6,7,59,63,1,Train/1/00001_00013_00023.png
client_0,28757,42,40,5,6,36,34,25,Train/25/00025_00009_00017.png
client_0,17515,60,57,5,6,55,51,11,Train/11/00011_00015_00025.png
client_0,37227,97,120,9,11,89,110,38,Train/38/00038_00040_00028.png
client_0,1606,42,44,5,6,37,38,1,Train/1/00001_00034_00016.png
client_0,24506,44,45,5,5,39,40,17,Train/17/00017_00001_00026.png
client_0,23562,33,32,6,5,28,27,15,Train/15/00015_00005_00012.png
client_0,472,58,57,5,5,52,51,0,Train/0/00000_00003_00022.png
client_0,30010,47,47,5,6,42,41,26,Train/26/00026_00001_00010.png
client_0,7844,38,38,5,5,33,33,4,Train/4/00004_00046_00014.png
client_0,38794,33,35,5,6,28,30,41,Train/41/00041_00002_00005.png
client_0,17017,30,29,5,6,24,23,10,Train/10/00010_00066_00007.png
client_0,16909,42,41,6,5,36,36,10,Train/10/00010_00062_00019.png
client_0,12849,37,36,6,5,32,31,8,Train/8/00008_00023_00009.png
client_0,8563,35,38,5,6,30,33,5,Train/5/00005_00004_00013.png
client_0,2196,42,41,6,6,37,35,1,Train/1/00001_00054_00006.png
client_0,28089,48,46,6,6,43,40,23,Train/23/00023_00013_00009.png
client_0,21390,29,26,5,5,24,21,13,Train/13/00013_00031_00000.png
client_0,27001,33,31,6,5,28,26,21,Train/21/00021_00001_00001.png
client_0,11627,34,34,5,5,29,29,7,Train/7/00007_00030_00017.png
client_0,24112,46,47,5,6,41,42,16,Train/16/00016_00002_00022.png
client_0,27552,37,35,6,6,32,30,22,Train/22/00022_00008_00012.png
client_0,35604,69,69,7,6,63,63,36,Train/36/00036_00006_00025.png
client_0,20748,50,49,5,6,45,44,13,Train/13/00013_00009_00018.png
client_0,12755,37,37,6,6,32,32,8,Train/8/00008_00020_00005.png
client_0,31981,32,32,6,6,27,27,30,Train/30/00030_00012_00001.png
client_0,7662,35,35,6,6,30,30,4,Train/4/00004_00040_00012.png
client_0,3639,35,37,5,6,30,32,2,Train/2/00002_00028_00009.png
client_0,13177,35,38,5,5,30,32,8,Train/8/00008_00034_00007.png
client_0,2976,29,29,5,5,24,24,2,Train/2/00002_00006_00006.png
client_0,38507,69,70,7,7,63,64,40,Train/40/00040_00004_00018.png
client_0,25992,46,46,6,6,41,41,18,Train/18/00018_00014_00012.png
client_0,25585,31,28,6,5,26,23,18,Train/18/00018_00000_00025.png
client_0,31573,43,44,5,5,38,39,29,Train/29/00029_00007_00013.png
client_0,13378,57,57,5,5,52,52,8,Train/8/00008_00040_00028.png
client_0,28173,40,40,5,6,35,35,23,Train/23/00023_00016_00003.png
client_0,13631,47,47,5,6,41,41,9,Train/9/00009_00002_00011.png
client_0,38314,34,35,5,6,29,30,39,Train/39/00039_00008_00005.png
client_0,15694,38,39,6,5,33,34,10,Train/10/00010_00022_00004.png
client_0,27868,136,122,11,11,124,112,23,Train/23/00023_00005_00028.png
client_0,5414,38,39,5,6,33,34,3,Train/3/00003_00012_00014.png
client_0,16607,46,46,6,6,41,41,10,Train/10/00010_00052_00017.png
client_0,11261,34,34,6,5,29,29,7,Train/7/00007_00018_00011.png
client_0,10565,29,30,6,5,23,24,6,Train/6/00006_00009_00005.png
client_0,10133,60,59,5,5,55,54,5,Train/5/00005_00056_00023.png
client_0,19508,37,37,5,5,32,32,12,Train/12/00012_00038_00008.png
client_0,13215,40,40,6,6,35,35,8,Train/8/00008_00035_00015.png
client_0,23080,42,41,6,5,37,36,14,Train/14/00014_00015_00010.png
client_0,14072,27,29,5,5,22,24,9,Train/9/00009_00017_00002.png
client_0,3836,75,77,6,7,69,71,2,Train/2/00002_00034_00026.png
client_0,1863,41,40,6,5,36,35,1,Train/1/00001_00043_00003.png
client_0,21664,35,33,6,6,30,28,13,Train/13/00013_00040_00004.png
client_0,34624,32,33,5,6,27,28,35,Train/35/00035_00014_00005.png
client_0,22825,85,87,8,7,77,79,14,Train/14/00014_00006_00025.png
client_0,15654,47,46,6,5,42,41,10,Train/10/00010_00020_00024.png
client_0,33231,54,57,5,5,49,52,33,Train/33/00033_00004_00021.png
client_0,11869,45,44,6,5,40,39,7,Train/7/00007_00038_00019.png
client_0,34613,67,69,6,7,61,63,35,Train/35/00035_00013_00024.png
client_0,5458,82,87,7,7,75,80,3,Train/3/00003_00013_00028.png
client_0,27867,110,100,9,9,101,92,23,Train/23/00023_00005_00027.png
client_0,25679,148,137,12,12,136,126,18,Train/18/00018_00003_00029.png
client_0,24908,33,38,5,5,28,33,17,Train/17/00017_00015_00008.png
client_0,12441,44,44,5,5,39,39,8,Train/8/00008_00009_00021.png
client_0,28560,54,59,5,6,49,54,25,Train/25/00025_00003_00000.png
client_0,21519,53,57,6,5,48,52,13,Train/13/00013_00035_00009.png
client_0,27655,67,63,6,6,61,58,22,Train/22/00022_00011_00025.png
client_0,6768,43,45,5,6,37,39,4,Train/4/00004_00010_00018.png
client_0,17266,61,56,5,5,55,51,11,Train/11/00011_00007_00016.png
client_0,23825,30,35,6,5,25,29,15,Train/15/00015_00014_00005.png
client_0,794,69,64,7,5,62,59,1,Train/1/00001_00007_00014.png
client_0,14277,49,53,5,6,44,48,9,Train/9/00009_00023_00027.png
client_0,4736,60,59,6,6,55,54,2,Train/2/00002_00064_00026.png
client_0,4355,55,55,5,5,50,50,2,Train/2/00002_00052_00005.png
client_0,37397,39,41,6,6,34,36,38,Train/38/00038_00046_00018.png
client_0,27984,70,61,6,5,64,56,23,Train/23/00023_00009_00024.png
client_0,2465,29,30,6,6,24,25,1,Train/1/00001_00063_00005.png
client_0,7284,48,48,6,6,43,43,4,Train/4/00004_00027_00024.png
client_0,2152,57,59,5,5,52,54,1,Train/1/00001_00052_00022.png
client_0,3247,55,59,5,6,50,53,2,Train/2/00002_00015_00007.png
client_0,37702,77,82,7,7,71,74,38,Train/38/00038_00056_00023.png
client_0,25024,35,38,5,6,30,33,17,Train/17/00017_00019_00004.png
client_0,7342,58,58,6,6,53,53,4,Train/4/00004_00029_00022.png
client_0,17567,45,43,5,5,40,38,11,Train/11/00011_00017_00017.png
client_0,8779,53,54,6,6,48,49,5,Train/5/00005_00011_00019.png
client_0,14681,40,40,6,6,35,35,9,Train/9/00009_00037_00011.png
client_0,37069,46,46,5,5,41,41,38,Train/38/00038_00035_00020.png
client_0,1334,37,35,5,5,31,30,1,Train/1/00001_00025_00014.png
client_0,28836,58,53,6,5,53,48,25,Train/25/00025_00012_00006.png
client_0,19051,31,31,5,5,26,26,12,Train/12/00012_00023_00001.png
client_0,23623,34,37,5,6,29,32,15,Train/15/00015_00007_00013.png
client_0,13958,36,38,5,6,31,33,9,Train/9/00009_00013_00008.png
client_0,17068,134,122,11,10,123,112,11,Train/11/00011_00000_00028.png
client_0,34713,36,38,6,6,31,32,35,Train/35/00035_00017_00004.png
client_0,22086,75,71,7,7,68,65,13,Train/13/00013_00054_00006.png
client_0,18359,59,55,6,5,54,50,11,Train/11/00011_00043_00029.png
client_0,873,31,31,6,6,26,26,1,Train/1/00001_00010_00003.png
client_0,31958,36,36,5,6,30,31,30,Train/30/00030_00011_00008.png
client_0,14800,32,32,6,5,27,27,9,Train/9/00009_00041_00010.png
client_0,30933,33,30,5,5,28,25,28,Train/28/00028_00004_00003.png
client_0,5651,33,34,5,6,28,29,3,Train/3/00003_00020_00011.png
client_0,9843,30,31,5,6,24,25,5,Train/5/00005_00047_00003.png
client_0,35984,56,58,6,5,51,53,37,Train/37/00037_00006_00015.png
client_0,24530,33,44,6,5,28,39,17,Train/17/00017_00002_00020.png
client_0,11576,45,50,5,6,40,45,7,Train/7/00007_00028_00026.png
client_0,34207,43,43,5,5,37,37,35,Train/35/00035_00000_00008.png
client_0,23803,39,42,6,6,34,37,15,Train/15/00015_00013_00013.png
client_0,14346,57,53,6,5,52,48,9,Train/9/00009_00026_00006.png
client_0,15381,57,58,5,6,52,53,10,Train/10/00010_00011_00021.png
client_0,11177,46,49,6,6,41,44,7,Train/7/00007_00015_00017.png
client_0,27441,50,48,5,5,45,43,22,Train/22/00022_00004_00021.png
client_0,33888,75,83,6,8,69,76,34,Train/34/00034_00003_00019.png
client_0,36529,48,45,6,5,43,40,38,Train/38/00038_00017_00020.png
client_0,30887,64,60,5,5,59,55,28,Train/28/00028_00002_00017.png
client_0,29676,37,34,6,5,32,29,25,Train/25/00025_00040_00006.png
client_0,34314,41,45,5,5,36,40,35,Train/35/00035_00003_00025.png
client_0,34386,31,32,5,6,26,27,35,Train/35/00035_00006_00007.png
client_0,28429,64,58,5,5,59,53,24,Train/24/00024_00007_00019.png
client_0,6239,136,144,12,12,125,132,3,Train/3/00003_00039_00029.png
client_0,14131,26,29,5,6,21,24,9,Train/9/00009_00019_00001.png
client_0,4566,44,44,6,6,39,39,2,Train/2/00002_00059_00006.png
client_0,17115,109,100,9,9,100,91,11,Train/11/00011_00002_00015.png
client_0,5864,35,34,6,5,30,29,3,Train/3/00003_00027_00014.png
client_0,37759,54,55,6,6,49,50,38,Train/38/00038_00058_00020.png
client_0,37264,27,27,6,5,22,22,38,Train/38/00038_00042_00005.png
client_0,14750,41,41,5,5,36,36,9,Train/9/00009_00039_00020.png
client_0,27885,45,40,5,5,40,35,23,Train/23/00023_00006_00015.png
client_0,28451,43,45,6,5,38,40,24,Train/24/00024_00008_00011.png
client_0,38955,42,43,5,6,36,38,41,Train/41/00041_00007_00016.png
client_0,17182,83,80,8,7,76,73,11,Train/11/00011_00004_00022.png
client_0,37811,36,40,5,6,31,35,38,Train/38/00038_00060_00012.png
client_0,25365,52,55,6,5,47,50,17,Train/17/00017_00030_00015.png
client_0,14174,30,31,6,6,25,26,9,Train/9/00009_00020_00014.png
client_0,26247,128,129,11,12,116,117,18,Train/18/00018_00022_00027.png
client_0,12385,53,55,5,6,48,49,8,Train/8/00008_00007_00025.png
client_0,36384,42,41,6,5,37,36,38,Train/38/00038_00012_00025.png
client_0,257,40,40,6,6,35,35,20,Train/20/00020_00008_00017.png
client_0,37046,71,79,7,7,65,72,38,Train/38/00038_00034_00027.png
client_0,1501,28,30,6,5,23,24,1,Train/1/00001_00031_00001.png
client_0,23385,41,40,6,5,35,34,14,Train/14/00014_00025_00015.png
client_0,12442,45,46,5,6,40,41,8,Train/8/00008_00009_00022.png
client_0,36721,31,31,6,5,26,26,38,Train/38/00038_00024_00002.png
client_0,29242,57,52,5,6,52,47,25,Train/25/00025_00025_00022.png
client_0,19100,59,58,6,5,54,53,12,Train/12/00012_00024_00020.png
client_0,11839,43,43,5,6,38,38,7,Train/7/00007_00037_00019.png
client_0,13836,33,35,6,5,28,29,9,Train/9/00009_00009_00006.png
client_0,2324,45,45,5,6,40,40,1,Train/1/00001_00058_00014.png
client_0,24651,49,51,6,5,44,45,17,Train/17/00017_00006_00021.png
client_0,18382,49,55,6,6,44,50,12,Train/12/00012_00000_00022.png
client_0,37988,36,37,5,5,31,32,38,Train/38/00038_00066_00009.png
client_0,5913,30,29,6,6,25,24,3,Train/3/00003_00029_00003.png
client_0,25090,33,32,5,5,28,27,17,Train/17/00017_00021_00010.png
client_0,5828,29,29,6,5,24,24,3,Train/3/00003_00026_00008.png
client_0,25278,40,45,5,6,35,39,17,Train/17/00017_00027_00018.png
client_0,18963,31,31,6,6,26,26,12,Train/12/00012_00020_00003.png
client_0,36498,54,64,6,6,49,59,38,Train/38/00038_00016_00019.png
client_0,8118,42,41,6,6,37,36,4,Train/4/00004_00055_00018.png
client_0,12817,34,31,6,6,28,26,8,Train/8/00008_00022_00007.png
client_0,4197,56,64,6,6,51,59,2,Train/2/00002_00046_00027.png
client_0,14101,31,32,6,6,26,26,9,Train/9/00009_00018_00001.png
client_0,19925,95,96,9,9,87,87,12,Train/12/00012_00052_00005.png
client_0,7701,47,47,6,6,42,42,4,Train/4/00004_00041_00021.png
client_0,37151,37,37,6,6,32,32,38,Train/38/00038_00038_00012.png
client_0,28637,51,48,5,6,46,43,25,Train/25/00025_00005_00017.png
client_0,24026,68,70,6,7,62,64,15,Train/15/00015_00020_00026.png
client_0,22733,99,98,9,8,91,90,14,Train/14/00014_00003_00023.png
client_0,3768,44,40,6,5,39,35,2,Train/2/00002_00032_00018.png
client_0,2909,76,75,7,6,70,69,2,Train/2/00002_00003_00029.png
client_0,18137,71,68,7,7,64,62,11,Train/11/00011_00036_00017.png
client_0,11605,55,56,6,5,50,51,7,Train/7/00007_00029_00025.png
client_0,36439,45,46,6,6,39,41,38,Train/38/00038_00014_00020.png
client_0,31550,54,49,6,5,48,44,29,Train/29/00029_00006_00020.png
client_0,26426,79,85,7,7,72,78,18,Train/18/00018_00028_00026.png
client_0,32180,57,53,6,5,52,48,31,Train/31/00031_00003_00020.png
client_0,37302,43,49,6,6,38,44,38,Train/38/00038_00043_00013.png
client_0,29514,107,94,10,9,98,86,25,Train/25/00025_00034_00024.png
client_0,19838,34,35,5,6,29,30,12,Train/12/00012_00049_00008.png
client_0,11138,42,43,5,6,37,38,7,Train/7/00007_00014_00008.png
client_0,314,44,40,6,6,38,34,20,Train/20/00020_00010_00014.png
client_0,15878,34,35,5,6,29,30,10,Train/10/00010_00028_00008.png
client_0,30283,39,36,6,5,34,31,26,Train/26/00026_00010_00013.png
client_0,30247,35,33,6,6,30,28,26,Train/26/00026_00009_00007.png
client_0,31410,38,35,6,6,33,30,29,Train/29/00029_00002_00000.png
client_0,5243,72,80,7,8,66,73,3,Train/3/00003_00006_00023.png
client_0,36750,30,31,5,6,25,26,38,Train/38/00038_00025_00001.png
client_0,19306,56,56,6,6,51,51,12,Train/12/00012_00031_00016.png
client_0,7347,84,86,7,8,77,79,4,Train/4/00004_00029_00027.png
client_0,31464,87,82,7,8,80,75,29,Train/29/00029_00003_00024.png
client_0,9239,55,46,5,5,49,41,5,Train/5/00005_00026_00029.png
client_0,8177,41,42,5,6,36,37,4,Train/4/00004_00057_00017.png
client_0,11307,57,61,5,5,52,56,7,Train/7/00007_00019_00027.png
client_0,24254,36,36,6,5,30,30,16,Train/16/00016_00007_00014.png
client_0,27969,44,41,5,5,39,36,23,Train/23/00023_00009_00009.png
client_0,39186,30,32,5,6,25,27,42,Train/42/00042_00007_00007.png
client_0,8847,65,64,6,5,60,59,5,Train/5/00005_00013_00027.png
client_0,25637,50,47,5,5,45,42,18,Train/18/00018_00002_00017.png
client_0,5886,28,29,6,5,23,24,3,Train/3/00003_00028_00006.png
client_0,12638,34,34,5,6,29,29,8,Train/8/00008_00016_00008.png
client_0,27296,100,92,9,9,92,84,21,Train/21/00021_00010_00026.png
client_0,17332,74,64,7,5,68,59,11,Train/11/00011_00009_00022.png
client_0,35425,57,58,5,5,52,53,36,Train/36/00036_00000_00026.png
client_0,37188,42,43,6,6,37,38,38,Train/38/00038_00039_00019.png
client_0,26215,78,70,7,6,71,64,18,Train/18/00018_00021_00025.png
client_0,14151,43,42,6,5,38,37,9,Train/9/00009_00019_00021.png
client_0,6382,53,54,5,5,48,49,3,Train/3/00003_00044_00022.png
client_0,1489,48,60,5,5,43,54,1,Train/1/00001_00030_00019.png
client_0,4093,33,32,6,5,28,27,2,Train/2/00002_00043_00013.png
client_0,25203,37,38,5,6,32,33,17,Train/17/00017_00025_00003.png
client_0,18541,29,26,6,5,23,20,12,Train/12/00012_00006_00001.png
client_0,20331,74,76,6,7,68,70,12,Train/12/00012_00065_00021.png
client_0,28631,38,36,6,6,33,31,25,Train/25/00025_00005_00011.png
client_0,29597,47,41,6,6,42,36,25,Train/25/00025_00037_00017.png
client_0,12122,27,27,6,6,22,22,7,Train/7/00007_00047_00002.png
client_0,32130,37,34,6,5,32,29,31,Train/31/00031_00002_00000.png
client_0,4350,52,52,5,5,47,47,2,Train/2/00002_00052_00000.png
client_0,66,38,37,6,6,33,32,20,Train/20/00020_00002_00006.png
client_0,1436,84,99,8,9,76,91,1,Train/1/00001_00028_00026.png
client_0,32318,40,40,5,6,35,35,31,Train/31/00031_00008_00008.png
client_0,18537,91,88,8,7,83,81,12,Train/12/00012_00005_00027.png
client_0,26414,48,51,5,6,43,46,18,Train/18/00018_00028_00014.png
client_0,32052,38,35,6,6,33,30,30,Train/30/00030_00014_00012.png
client_0,12788,31,30,5,6,25,25,8,Train/8/00008_00021_00008.png
client_0,34173,38,40,6,6,33,35,34,Train/34/00034_00013_00004.png
client_0,22882,56,68,5,6,51,62,14,Train/14/00014_00008_00022.png
client_0,35796,40,39,6,5,35,34,37,Train/37/00037_00000_00007.png
client_0,31684,38,37,5,6,33,32,30,Train/30/00030_00002_00004.png
client_0,27463,40,41,6,6,35,36,22,Train/22/00022_00005_00013.png
client_0,4853,59,59,6,6,54,54,2,Train/2/00002_00068_00023.png
client_0,14872,54,50,6,5,49,45,9,Train/9/00009_00043_00022.png
client_0,3599,82,82,7,7,75,75,2,Train/2/00002_00026_00029.png
client_0,15967,32,33,6,6,27,28,10,Train/10/00010_00031_00007.png
client_0,28351,26,26,5,6,21,21,24,Train/24/00024_00005_00001.png
client_0,22906,44,47,5,5,39,42,14,Train/14/00014_00009_00016.png
client_0,21497,42,39,6,5,37,34,13,Train/13/00013_00034_00017.png
client_0,29697,134,120,11,10,123,109,25,Train/25/00025_00040_00027.png
client_0,185,30,28,6,6,25,23,20,Train/20/00020_00006_00005.png
client_0,11814,57,56,5,6,52,51,7,Train/7/00007_00036_00024.png
client_0,8419,40,40,5,5,35,35,4,Train/4/00004_00065_00019.png
client_0,37252,53,53,6,5,48,48,38,Train/38/00038_00041_00023.png
client_0,30043,37,34,5,6,32,29,26,Train/26/00026_00002_00013.png
client_0,10820,55,56,5,6,50,51,7,Train/7/00007_00003_00020.png
client_0,9878,37,37,6,5,32,32,5,Train/5/00005_00048_00008.png
client_0,14098,106,108,10,10,97,99,9,Train/9/00009_00017_00028.png
client_0,38153,82,86,8,8,75,79,39,Train/39/00039_00002_00024.png
client_0,14783,51,54,6,5,46,48,9,Train/9/00009_00040_00023.png
client_0,35020,36,38,5,6,30,32,35,Train/35/00035_00027_00011.png
client_0,10554,44,48,5,5,39,43,6,Train/6/00006_00008_00024.png
client_0,36322,43,43,5,5,38,38,38,Train/38/00038_00010_00023.png
client_0,25357,47,47,6,5,41,42,17,Train/17/00017_00030_00007.png
client_0,7936,38,38,6,5,33,33,4,Train/4/00004_00049_00016.png
client_0,31486,53,48,6,5,48,43,29,Train/29/00029_00004_00016.png
client_0,28164,111,98,10,9,102,90,23,Train/23/00023_00015_00024.png
client_0,27691,26,27,5,6,21,22,23,Train/23/00023_00000_00001.png
client_0,27694,27,27,5,6,22,22,23,Train/23/00023_00000_00004.png
client_0,8570,45,46,6,5,40,41,5,Train/5/00005_00004_00020.png
client_0,3779,75,70,6,6,69,64,2,Train/2/00002_00032_00029.png
client_0,4483,39,39,5,6,34,34,2,Train/2/00002_00056_00013.png
client_0,9736,38,39,5,6,32,33,5,Train/5/00005_00043_00016.png
client_0,22838,42,41,6,6,37,36,14,Train/14/00014_00007_00008.png
client_0,35194,28,29,5,5,23,24,35,Train/35/00035_00033_00005.png
client_0,18119,153,145,13,13,140,133,11,Train/11/00011_00035_00029.png
client_0,25784,76,68,6,6,69,62,18,Train/18/00018_00007_00014.png
client_0,438,48,47,6,5,43,42,0,Train/0/00000_00002_00018.png
client_0,140,41,40,6,5,36,35,20,Train/20/00020_00004_00020.png
client_0,9049,37,35,6,5,31,29,5,Train/5/00005_00020_00019.png
client_0,27869,160,145,13,13,146,132,23,Train/23/00023_00005_00029.png
client_0,36195,69,83,7,8,63,76,38,Train/38/00038_00006_00016.png
client_0,6750,28,27,6,5,23,22,4,Train/4/00004_00010_00000.png
client_0,10219,45,44,5,5,40,39,5,Train/5/00005_00059_00019.png
client_0,22112,42,41,5,6,37,36,13,Train/13/00013_00055_00002.png
client_0,29981,38,38,6,6,33,33,26,Train/26/00026_00000_00011.png
client_0,4387,34,32,6,5,29,27,2,Train/2/00002_00053_00007.png
client_0,16946,53,55,5,6,48,49,10,Train/10/00010_00063_00026.png
client_0,23096,111,110,9,9,102,101,14,Train/14/00014_00015_00026.png
client_0,5092,43,44,5,6,38,39,3,Train/3/00003_00001_00022.png
client_0,1449,40,41,6,6,35,36,1,Train/1/00001_00029_00009.png
client_0,32063,51,46,5,5,46,41,30,Train/30/00030_00014_00023.png
client_0,25391,35,38,6,5,30,33,17,Train/17/00017_00031_00011.png
client_0,4643,75,76,7,7,69,70,2,Train/2/00002_00061_00023.png
client_0,30388,71,70,7,7,65,64,26,Train/26/00026_00013_00028.png
client_0,17230,33,31,5,6,28,26,11,Train/11/00011_00006_00010.png
client_0,30201,46,42,6,5,41,37,26,Train/26/00026_00007_00021.png
client_0,35505,38,39,5,5,33,34,36,Train/36/00036_00003_00016.png
client_0,12284,36,36,6,6,31,31,8,Train/8/00008_00004_00014.png
client_0,18641,36,37,5,5,31,31,12,Train/12/00012_00009_00011.png
client_0,16244,39,37,6,5,34,32,10,Train/10/00010_00040_00014.png
client_0,2892,54,54,5,5,49,48,2,Train/2/00002_00003_00012.png
client_0,37290,33,35,6,6,28,30,38,Train/38/00038_00043_00001.png
client_0,3173,95,88,8,8,87,81,2,Train/2/00002_00012_00023.png
client_0,12636,33,32,5,5,28,27,8,Train/8/00008_00016_00006.png
client_0,18597,83,83,7,8,76,76,12,Train/12/00012_00007_00027.png
client_0,35147,36,37,6,5,31,31,35,Train/35/00035_00031_00018.png
client_0,27693,27,27,6,5,22,21,23,Train/23/00023_00000_00003.png
client_0,9492,38,38,5,5,33,32,5,Train/5/00005_00035_00012.png
client_0,35241,39,44,6,5,34,39,35,Train/35/00035_00034_00022.png
client_0,20398,88,83,7,8,81,76,12,Train/12/00012_00067_00028.png
client_0,15803,51,53,6,6,46,48,10,Train/10/00010_00025_00023.png
client_0,19408,123,125,11,11,113,115,12,Train/12/00012_00034_00028.png
client_0,10011,44,44,5,5,39,39,5,Train/5/00005_00052_00021.png
client_0,16662,37,38,5,6,32,33,10,Train/10/00010_00054_00012.png
client_0,11594,34,35,5,5,29,30,7,Train/7/00007_00029_00014.png
client_0,11464,30,30,5,5,25,25,7,Train/7/00007_00025_00004.png
client_0,25159,39,41,5,6,34,36,17,Train/17/00017_00023_00019.png
client_0,8607,47,50,6,6,42,45,5,Train/5/00005_00005_00027.png
client_0,3907,33,33,5,6,28,28,2,Train/2/00002_00037_00007.png
client_0,22745,39,39,5,5,34,34,14,Train/14/00014_00004_00005.png
client_0,36652,50,51,6,5,45,46,38,Train/38/00038_00021_00023.png
client_0,19652,27,27,5,5,22,22,12,Train/12/00012_00043_00002.png
client_0,12270,28,28,5,5,23,23,8,Train/8/00008_00004_00000.png
client_0,23328,58,60,5,5,53,55,14,Train/14/00014_00023_00018.png
client_0,28029,58,52,6,5,53,46,23,Train/23/00023_00011_00009.png
client_0,38852,27,28,5,6,22,23,41,Train/41/00041_00004_00003.png
client_0,682,63,64,6,6,58,59,1,Train/1/00001_00003_00022.png
client_0,1645,63,59,5,5,57,54,1,Train/1/00001_00035_00025.png
client_0,28088,46,44,5,6,41,39,23,Train/23/00023_00013_00008.png
client_0,18105,69,70,7,7,63,64,11,Train/11/00011_00035_00015.png
client_0,16794,54,55,5,6,49,50,10,Train/10/00010_00058_00024.png
client_0,151,28,26,5,5,22,20,20,Train/20/00020_00005_00001.png
client_0,18890,59,59,5,5,53,53,12,Train/12/00012_00017_00020.png
client_0,2250,39,40,5,6,34,35,1,Train/1/00001_00056_00000.png
client_0,18186,52,46,6,5,47,41,11,Train/11/00011_00038_00006.png
client_0,24939,28,30,5,5,23,25,17,Train/17/00017_00016_00009.png
client_0,21178,70,123,6,11,63,113,13,Train/13/00013_00023_00028.png
client_0,34839,31,32,5,5,26,27,35,Train/35/00035_00021_00010.png
client_0,31052,59,53,6,6,54,48,28,Train/28/00028_00008_00002.png
client_0,24016,40,39,6,5,35,34,15,Train/15/00015_00020_00016.png
client_0,2988,38,39,5,5,33,34,2,Train/2/00002_00006_00018.png
client_0,4174,33,35,5,5,28,30,2,Train/2/00002_00046_00004.png
client_0,34808,34,34,5,5,29,29,35,Train/35/00035_00020_00009.png
client_0,15401,36,36,5,5,31,31,10,Train/10/00010_00012_00011.png
client_0,27490,37,33,5,5,32,28,22,Train/22/00022_00006_00010.png
client_0,7365,41,41,5,5,36,36,4,Train/4/00004_00030_00015.png
client_0,35401,28,29,5,6,23,24,36,Train/36/00036_00000_00002.png
client_0,280,39,40,5,6,34,35,20,Train/20/00020_00009_00010.png
client_0,19511,39,39,6,6,34,34,12,Train/12/00012_00038_00011.png
client_0,14886,30,29,5,5,24,24,9,Train/9/00009_00044_00006.png
client_0,5669,61,60,5,5,56,55,3,Train/3/00003_00020_00029.png
client_0,13598,31,31,6,6,26,26,9,Train/9/00009_00001_00008.png
client_0,32517,125,109,11,10,115,100,31,Train/31/00031_00014_00027.png
client_0,12890,50,49,6,5,45,44,8,Train/8/00008_00024_00020.png
client_0,23780,43,47,6,5,38,42,15,Train/15/00015_00012_00020.png
client_0,33028,39,43,5,5,33,38,32,Train/32/00032_00005_00028.png
client_0,29467,39,38,5,5,33,32,25,Train/25/00025_00033_00007.png
client_0,21077,59,55,5,6,54,50,13,Train/13/00013_00020_00017.png
client_0,27574,35,33,5,5,30,28,22,Train/22/00022_00009_00004.png
client_0,16837,30,28,6,5,25,23,10,Train/10/00010_00060_00007.png
client_0,31750,52,46,6,5,47,41,30,Train/30/00030_00004_00010.png
client_0,24200,38,38,5,5,33,33,16,Train/16/00016_00005_00020.png
client_0,1470,27,34,6,6,22,29,1,Train/1/00001_00030_00000.png
client_0,13294,30,34,5,6,25,29,8,Train/8/00008_00038_00004.png
client_0,20501,39,41,5,6,34,36,13,Train/13/00013_00001_00011.png
client_0,8104,35,32,5,5,30,27,4,Train/4/00004_00055_00004.png
client_0,19651,27,27,5,5,22,22,12,Train/12/00012_00043_00001.png
client_0,6714,65,63,6,5,60,58,4,Train/4/00004_00008_00024.png
client_0,34013,57,57,6,6,52,52,34,Train/34/00034_00007_00024.png
client_0,9364,27,28,5,5,21,23,5,Train/5/00005_00031_00004.png
client_0,29106,35,32,5,5,30,27,25,Train/25/00025_00021_00006.png
client_0,29923,41,50,5,6,36,45,25,Train/25/00025_00048_00013.png
client_0,7556,90,87,8,8,82,80,4,Train/4/00004_00036_00026.png
client_0,18278,39,36,6,5,34,31,11,Train/11/00011_00041_00008.png
client_0,14977,34,33,6,5,29,28,9,Train/9/00009_00047_00007.png
client_0,6222,35,35,6,6,30,30,3,Train/3/00003_00039_00012.png
client_0,16847,38,35,5,5,33,30,10,Train/10/00010_00060_00017.png
client_0,37019,27,26,6,5,22,21,38,Train/38/00038_00034_00000.png
client_0,937,33,34,6,5,28,29,1,Train/1/00001_00012_00007.png
client_0,2371,33,34,5,6,28,29,1,Train/1/00001_00060_00001.png
client_0,28514,87,83,8,8,80,76,25,Train/25/00025_00001_00014.png
client_0,16012,54,45,5,5,48,40,10,Train/10/00010_00032_00022.png
client_0,1920,41,41,6,6,36,36,1,Train/1/00001_00045_00000.png
client_0,15421,35,35,5,5,30,30,10,Train/10/00010_00013_00001.png
client_0,30295,56,51,5,6,51,46,26,Train/26/00026_00010_00025.png
client_0,23329,61,62,5,6,56,57,14,Train/14/00014_00023_00019.png
client_0,27740,124,117,10,10,114,107,23,Train/23/00023_00001_00020.png
client_0,2171,60,64,5,6,55,59,1,Train/1/00001_00053_00011.png
client_0,24746,54,59,5,6,48,53,17,Train/17/00017_00009_00026.png
client_0,2462,27,27,6,6,22,22,1,Train/1/00001_00063_00002.png
client_0,31129,75,70,6,7,69,64,28,Train/28/00028_00010_00019.png
client_0,26253,35,33,5,6,30,28,18,Train/18/00018_00023_00003.png
client_0,14569,49,47,5,5,44,42,9,Train/9/00009_00033_00019.png
client_0,12048,35,36,6,5,30,31,7,Train/7/00007_00044_00018.png
client_0,9973,40,40,6,6,35,35,5,Train/5/00005_00051_00013.png
client_0,24079,68,71,7,7,62,65,16,Train/16/00016_00001_00019.png
client_0,9833,64,68,5,7,59,62,5,Train/5/00005_00046_00023.png
client_0,36963,33,33,5,5,28,28,38,Train/38/00038_00032_00004.png
client_0,27828,49,41,6,5,43,36,23,Train/23/00023_00004_00018.png
client_0,11539,41,42,5,5,35,36,7,Train/7/00007_00027_00019.png
client_0,11082,33,34,5,6,28,29,7,Train/7/00007_00012_00012.png
client_0,6727,34,35,5,6,28,29,4,Train/4/00004_00009_00007.png
client_0,244,31,31,5,5,26,26,20,Train/20/00020_00008_00004.png
client_0,29213,92,82,8,7,84,75,25,Train/25/00025_00024_00023.png
client_0,3229,43,43,5,5,38,38,2,Train/2/00002_00014_00019.png
client_0,30156,34,32,5,6,29,26,26,Train/26/00026_00006_00006.png
client_0,11987,45,46,5,6,40,41,7,Train/7/00007_00042_00017.png
client_0,32329,56,53,5,6,51,48,31,Train/31/00031_00008_00019.png
client_0,11961,46,47,5,5,41,42,7,Train/7/00007_00041_00021.png
client_0,9892,52,54,5,6,47,49,5,Train/5/00005_00048_00022.png
client_0,24517,28,43,6,6,22,38,17,Train/17/00017_00002_00007.png
client_0,17216,119,108,10,10,109,98,11,Train/11/00011_00005_00026.png
client_0,17595,63,56,6,5,58,51,11,Train/11/00011_00018_00015.png
client_0,11370,31,32,5,6,26,27,7,Train/7/00007_00022_00000.png
client_0,32165,41,38,5,5,35,33,31,Train/31/00031_00003_00005.png
client_0,1892,38,37,6,5,33,32,1,Train/1/00001_00044_00002.png
client_0,2031,54,54,6,6,49,49,1,Train/1/00001_00048_00021.png
client_0,8303,51,51,6,6,46,46,4,Train/4/00004_00061_00023.png
client_0,34416,30,31,6,5,25,25,35,Train/35/00035_00007_00007.png
client_0,2005,75,75,6,6,69,69,1,Train/1/00001_00047_00025.png
client_0,15378,49,48,6,5,44,43,10,Train/10/00010_00011_00018.png
client_0,3739,39,42,5,5,34,37,2,Train/2/00002_00031_00019.png
client_0,24063,39,43,5,5,34,38,16,Train/16/00016_00001_00003.png
client_0,35513,57,58,5,5,52,53,36,Train/36/00036_00003_00024.png
client_0,13169,59,62,5,5,54,57,8,Train/8/00008_00033_00029.png
client_0,4086,29,29,6,5,24,24,2,Train/2/00002_00043_00006.png
client_0,31321,35,34,6,6,30,29,28,Train/28/00028_00017_00001.png
client_0,36744,70,74,7,7,64,68,38,Train/38/00038_00024_00025.png
client_0,17524,41,40,5,5,36,35,11,Train/11/00011_00016_00004.png
client_0,16113,31,26,6,5,26,21,10,Train/10/00010_00036_00003.png
client_0,15386,81,82,7,8,74,75,10,Train/10/00010_00011_00026.png
client_0,26985,54,50,6,5,49,45,21,Train/21/00021_00000_00015.png
client_0,4693,33,33,5,5,28,28,2,Train/2/00002_00063_00013.png
client_0,5509,38,36,6,5,32,31,3,Train/3/00003_00015_00019.png
client_0,31745,41,41,5,6,36,35,30,Train/30/00030_00004_00005.png
client_0,4353,53,55,5,6,48,49,2,Train/2/00002_00052_00003.png
client_0,15049,47,48,5,6,42,43,10,Train/10/00010_00000_00019.png
client_0,24443,73,72,6,6,66,66,16,Train/16/00016_00013_00023.png
client_0,4870,29,31,5,6,24,26,2,Train/2/00002_00069_00010.png
client_0,29311,47,45,6,6,42,40,25,Train/25/00025_00028_00001.png
client_0,12796,37,35,6,5,32,29,8,Train/8/00008_00021_00016.png
client_0,11202,42,42,5,5,37,37,7,Train/7/00007_00016_00012.png
client_0,27821,37,34,5,5,32,29,23,Train/23/00023_00004_00011.png
client_0,5006,65,66,5,6,59,60,2,Train/2/00002_00073_00026.png
client_0,9724,32,32,6,6,27,27,5,Train/5/00005_00043_00004.png
client_0,29232,44,38,5,5,39,33,25,Train/25/00025_00025_00012.png
client_0,35827,36,34,6,5,30,29,37,Train/37/00037_00001_00008.png
client_0,11904,50,50,5,5,45,45,7,Train/7/00007_00039_00024.png
client_0,31503,36,31,6,5,30,26,29,Train/29/00029_00005_00003.png
client_0,26075,34,30,6,6,28,25,18,Train/18/00018_00017_00005.png
client_0,11733,30,30,6,5,25,25,7,Train/7/00007_00034_00003.png
client_0,1656,33,34,5,5,28,29,1,Train/1/00001_00036_00006.png
client_0,16885,69,51,7,5,63,46,10,Train/10/00010_00061_00025.png
client_0,17721,99,92,9,8,91,84,11,Train/11/00011_00022_00021.png
client_0,30016,54,53,5,6,48,47,26,Train/26/00026_00001_00016.png
client_0,20709,46,53,5,5,40,47,13,Train/13/00013_00008_00009.png
client_0,7808,36,36,6,5,31,31,4,Train/4/00004_00045_00008.png
client_0,3447,56,56,6,6,51,51,2,Train/2/00002_00021_00027.png
client_0,19137,86,87,7,7,79,80,12,Train/12/00012_00025_00027.png
client_0,4577,61,61,6,6,56,56,2,Train/2/00002_00059_00017.png
client_0,3473,55,58,5,5,50,53,2,Train/2/00002_00022_00023.png
client_0,7120,34,33,6,5,29,28,4,Train/4/00004_00022_00010.png
client_0,24000,26,25,6,5,21,20,15,Train/15/00015_00020_00000.png
client_0,2117,48,48,5,5,43,43,1,Train/1/00001_00051_00017.png
client_0,2760,47,47,6,6,42,42,1,Train/1/00001_00073_00000.png
client_0,22649,172,171,14,15,158,157,14,Train/14/00014_00000_00029.png
client_0,2776,56,56,6,6,51,51,1,Train/1/00001_00073_00016.png
client_0,3462,33,34,5,6,27,29,2,Train/2/00002_00022_00012.png
client_0,32276,62,58,5,5,57,53,31,Train/31/00031_00006_00026.png
client_0,1307,30,28,6,5,25,23,1,Train/1/00001_00024_00017.png
client_0,34129,68,69,6,7,62,63,34,Train/34/00034_00011_00020.png
client_0,13578,46,45,5,5,41,40,9,Train/9/00009_00000_00018.png
client_0,14999,70,73,7,7,64,67,9,Train/9/00009_00047_00029.png
client_0,12462,39,39,6,6,34,34,8,Train/8/00008_00010_00012.png
client_0,20472,37,37,5,6,32,32,13,Train/13/00013_00000_00012.png
client_0,6007,51,52,6,5,46,47,3,Train/3/00003_00032_00007.png
client_0,31365,39,58,6,6,34,52,29,Train/29/00029_00000_00015.png
client_0,24381,42,43,5,6,36,38,16,Train/16/00016_00011_00021.png
client_0,14440,35,36,6,6,30,31,9,Train/9/00009_00029_00010.png
client_0,33157,40,40,5,6,35,35,33,Train/33/00033_00002_00007.png
client_0,33976,33,37,5,6,28,32,34,Train/34/00034_00006_00017.png
client_0,35875,117,116,10,11,107,106,37,Train/37/00037_00002_00026.png
client_0,27686,91,84,8,7,83,77,22,Train/22/00022_00012_00026.png
client_0,23565,36,35,6,5,31,30,15,Train/15/00015_00005_00015.png
client_0,1988,39,39,6,6,34,34,1,Train/1/00001_00047_00008.png
client_0,7126,37,38,6,5,32,33,4,Train/4/00004_00022_00016.png
client_0,5073,30,30,5,6,24,25,3,Train/3/00003_00001_00003.png
client_0,29305,98,88,9,8,90,81,25,Train/25/00025_00027_00025.png
client_0,35289,32,33,5,5,27,28,35,Train/35/00035_00036_00010.png
client_0,17424,110,99,10,8,100,91,11,Train/11/00011_00012_00024.png
client_0,7996,44,42,6,6,39,36,4,Train/4/00004_00051_00016.png
client_0,3125,30,30,5,6,24,24,2,Train/2/00002_00011_00005.png
client_0,23001,54,54,6,6,48,48,14,Train/14/00014_00012_00021.png
client_0,10508,29,30,6,6,23,24,6,Train/6/00006_00007_00008.png
client_0,13964,44,45,5,5,38,39,9,Train/9/00009_00013_00014.png
client_0,1335,37,35,5,5,31,30,1,Train/1/00001_00025_00015.png
client_0,31337,57,52,6,5,52,46,28,Train/28/00028_00017_00017.png
client_0,24715,30,34,5,5,25,29,17,Train/17/00017_00008_00025.png
client_0,24097,31,31,5,5,26,26,16,Train/16/00016_00002_00007.png
client_0,29070,33,31,5,6,28,26,25,Train/25/00025_00020_00000.png
client_0,926,79,77,7,7,72,71,1,Train/1/00001_00011_00026.png
client_0,31988,36,36,5,5,31,31,30,Train/30/00030_00012_00008.png
client_0,24115,52,51,6,5,47,46,16,Train/16/00016_00002_00025.png
client_0,10240,28,31,5,6,22,26,5,Train/5/00005_00060_00010.png
client_0,37460,52,53,6,6,46,47,38,Train/38/00038_00048_00021.png
client_0,4953,28,28,6,6,22,23,2,Train/2/00002_00072_00003.png
client_0,22110,43,41,5,5,38,36,13,Train/13/00013_00055_00000.png
client_0,38793,32,33,6,5,27,28,41,Train/41/00041_00002_00004.png
client_0,25841,36,34,5,6,30,28,18,Train/18/00018_00009_00011.png
client_0,30579,57,53,6,5,52,48,27,Train/27/00027_00000_00009.png
client_0,12178,57,59,6,5,52,54,8,Train/8/00008_00000_00028.png
client_0,1506,30,32,5,6,25,27,1,Train/1/00001_00031_00006.png
client_0,13367,40,39,6,5,35,34,8,Train/8/00008_00040_00017.png
client_0,8704,32,32,5,5,27,27,5,Train/5/00005_00009_00004.png
client_0,8001,53,52,5,5,48,46,4,Train/4/00004_00051_00021.png
client_0,37525,48,51,6,6,43,46,38,Train/38/00038_00050_00026.png
client_0,32304,57,53,6,5,52,48,31,Train/31/00031_00007_00024.png
client_0,34869,42,42,6,6,37,37,35,Train/35/00035_00022_00010.png
client_0,15335,34,33,6,5,29,28,10,Train/10/00010_00010_00005.png
client_0,3654,48,47,6,5,43,42,2,Train/2/00002_00028_00024.png
client_0,11956,41,42,5,6,36,37,7,Train/7/00007_00041_00016.png
client_0,37795,70,71,6,7,64,65,38,Train/38/00038_00059_00026.png
client_0,5766,30,30,5,5,25,25,3,Train/3/00003_00024_00006.png
client_0,9404,34,36,5,6,29,31,5,Train/5/00005_00032_00014.png
client_0,31845,56,51,6,5,51,46,30,Train/30/00030_00007_00015.png
client_0,31068,96,84,9,7,88,77,28,Train/28/00028_00008_00018.png
client_0,11463,29,29,5,5,24,24,7,Train/7/00007_00025_00003.png
client_0,26614,31,28,6,5,26,22,18,Train/18/00018_00035_00004.png
client_0,37903,36,36,6,6,31,31,38,Train/38/00038_00063_00014.png
client_0,34406,87,88,8,8,79,80,35,Train/35/00035_00006_00027.png
client_0,25949,56,52,6,6,50,46,18,Train/18/00018_00012_00029.png
client_0,12631,31,30,6,6,25,24,8,Train/8/00008_00016_00001.png
client_0,30183,32,29,5,5,27,23,26,Train/26/00026_00007_00003.png
client_0,27479,76,74,6,6,70,68,22,Train/22/00022_00005_00029.png
client_0,6694,30,31,6,6,25,26,4,Train/4/00004_00008_00004.png
client_0,33487,44,44,5,5,38,38,33,Train/33/00033_00013_00007.png
client_0,34797,57,60,5,6,52,55,35,Train/35/00035_00019_00028.png
client_0,13185,45,47,5,5,40,42,8,Train/8/00008_00034_00015.png
client_0,24548,29,30,6,6,24,25,17,Train/17/00017_00003_00008.png
client_0,13581,52,49,5,5,47,44,9,Train/9/00009_00000_00021.png
client_0,14118,38,37,6,5,33,31,9,Train/9/00009_00018_00018.png
client_0,29395,106,97,9,8,96,89,25,Train/25/00025_00030_00025.png
client_0,18079,70,63,6,5,64,58,11,Train/11/00011_00034_00019.png
client_0,22887,80,104,7,9,73,95,14,Train/14/00014_00008_00027.png
client_0,21370,42,41,5,6,37,36,13,Train/13/00013_00030_00010.png
client_0,4588,130,129,11,11,119,118,2,Train/2/00002_00059_00028.png
client_0,1805,45,44,6,5,40,39,1,Train/1/00001_00041_00005.png
client_0,28030,61,54,6,5,56,49,23,Train/23/00023_00011_00010.png
client_0,25453,30,31,5,5,25,26,17,Train/17/00017_00033_00013.png
client_0,18702,49,50,5,5,44,45,12,Train/12/00012_00011_00012.png
client_0,16069,44,42,5,6,39,37,10,Train/10/00010_00034_00019.png
client_0,23682,48,47,6,5,43,42,15,Train/15/00015_00009_00012.png
client_0,16985,28,28,5,5,23,22,10,Train/10/00010_00065_00005.png
client_0,9357,54,53,5,6,49,48,5,Train/5/00005_00030_00027.png
client_0,28108,94,83,9,7,86,76,23,Train/23/00023_00013_00028.png
client_0,37792,58,58,5,5,53,53,38,Train/38/00038_00059_00023.png
client_0,6445,53,53,5,5,48,47,3,Train/3/00003_00046_00025.png
client_0,14860,34,33,6,6,28,27,9,Train/9/00009_00043_00010.png
client_0,15248,36,38,5,6,31,33,10,Train/10/00010_00007_00008.png
client_0,16822,57,57,5,5,52,52,10,Train/10/00010_00059_00022.png
client_0,32628,60,56,6,6,55,51,31,Train/31/00031_00018_00018.png
client_0,11186,62,72,5,7,57,66,7,Train/7/00007_00015_00026.png
client_0,25928,34,34,5,5,29,29,18,Train/18/00018_00012_00008.png
client_0,14727,54,58,6,5,49,52,9,Train/9/00009_00038_00027.png
client_0,642,52,55,5,6,47,50,1,Train/1/00001_00002_00012.png
client_0,18810,34,37,5,6,29,32,12,Train/12/00012_00015_00000.png
client_0,28002,53,49,6,6,48,44,23,Train/23/00023_00010_00012.png
client_0,760,50,58,6,6,44,53,1,Train/1/00001_00006_00010.png
client_0,19259,94,89,8,8,86,82,12,Train/12/00012_00029_00029.png
client_0,7730,45,45,5,5,40,40,4,Train/4/00004_00042_00020.png
client_0,153,30,29,5,6,25,24,20,Train/20/00020_00005_00003.png
client_0,10886,105,105,10,10,96,96,7,Train/7/00007_00005_00026.png
client_0,17274,75,70,6,7,69,64,11,Train/11/00011_00007_00024.png
client_0,12093,29,29,6,6,24,24,7,Train/7/00007_00046_00003.png
client_0,16186,38,38,6,5,33,33,10,Train/10/00010_00038_00016.png
client_0,26248,134,136,11,12,123,125,18,Train/18/00018_00022_00028.png
client_0,37230,28,31,5,6,23,26,38,Train/38/00038_00041_00001.png
client_0,2058,49,50,5,6,44,45,1,Train/1/00001_00049_00018.png
client_0,13163,46,48,5,5,41,43,8,Train/8/00008_00033_00023.png
client_0,28035,73,65,6,6,67,60,23,Train/23/00023_00011_00015.png
client_0,17675,34,29,6,5,28,23,11,Train/11/00011_00021_00005.png
client_0,8031,43,42,6,5,38,37,4,Train/4/00004_00052_00021.png
client_0,16812,41,40,6,5,36,35,10,Train/10/00010_00059_00012.png
client_0,19979,99,85,9,8,91,78,12,Train/12/00012_00053_00029.png
client_0,38626,69,69,7,6,63,62,40,Train/40/00040_00008_00017.png
client_0,18613,40,42,5,6,35,37,12,Train/12/00012_00008_00013.png
client_0,128,34,33,6,5,29,28,20,Train/20/00020_00004_00008.png
client_0,25226,50,51,6,6,45,46,17,Train/17/00017_00025_00026.png
client_0,20366,58,68,5,7,53,62,12,Train/12/00012_00066_00026.png
client_0,1051,34,34,6,6,29,29,1,Train/1/00001_00016_00001.png
client_0,15253,41,41,5,5,36,36,10,Train/10/00010_00007_00013.png
client_0,13911,61,63,6,6,56,57,9,Train/9/00009_00011_00021.png
client_0,25705,152,135,13,11,139,124,18,Train/18/00018_00004_00025.png
client_0,376,46,44,6,5,41,39,0,Train/0/00000_00000_00016.png
client_0,7864,40,41,6,6,35,35,4,Train/4/00004_00047_00004.png
client_0,34984,34,35,5,6,29,30,35,Train/35/00035_00026_00005.png
client_0,12035,27,28,5,5,22,23,7,Train/7/00007_00044_00005.png
client_0,28349,176,164,15,14,161,150,24,Train/24/00024_00004_00029.png
client_0,13189,51,55,5,6,46,50,8,Train/8/00008_00034_00019.png
client_0,10072,42,41,5,5,37,36,5,Train/5/00005_00054_00022.png
client_0,518,32,32,5,5,27,26,0,Train/0/00000_00005_00008.png
client_0,13917,109,114,9,10,100,104,9,Train/9/00009_00011_00027.png
client_0,19391,65,65,6,6,60,60,12,Train/12/00012_00034_00011.png
client_0,9883,39,40,5,6,34,35,5,Train/5/00005_00048_00013.png
client_0,30181,33,29,6,6,27,24,26,Train/26/00026_00007_00001.png
client_0,16229,74,80,6,8,68,73,10,Train/10/00010_00039_00029.png
client_0,27954,106,97,9,9,97,89,23,Train/23/00023_00008_00024.png
client_0,674,39,39,6,6,34,34,1,Train/1/00001_00003_00014.png
client_0,24887,30,34,5,5,25,29,17,Train/17/00017_00014_00017.png
client_0,4939,35,34,5,5,29,29,2,Train/2/00002_00071_00019.png
client_0,1254,76,75,7,6,69,68,1,Train/1/00001_00022_00024.png
client_0,28276,64,58,6,5,58,53,24,Train/24/00024_00002_00016.png
client_0,8467,29,29,6,5,24,24,5,Train/5/00005_00001_00007.png
client_0,24464,28,31,6,6,23,26,17,Train/17/00017_00000_00014.png
client_0,4759,76,80,6,8,70,73,2,Train/2/00002_00065_00019.png
client_0,3006,37,37,5,6,32,32,2,Train/2/00002_00007_00006.png
client_0,4244,35,34,5,6,30,29,2,Train/2/00002_00048_00014.png
client_0,15218,35,35,6,6,30,30,10,Train/10/00010_00006_00008.png
client_0,37617,50,50,5,5,45,45,38,Train/38/00038_00053_00028.png
client_0,144,44,44,6,6,39,39,20,Train/20/00020_00004_00024.png
client_0,29445,36,35,6,6,31,30,25,Train/25/00025_00032_00015.png
client_0,15595,71,72,6,7,65,66,10,Train/10/00010_00018_00025.png
client_0,20925,89,84,8,7,82,77,13,Train/13/00013_00015_00015.png
client_0,654,63,64,5,6,58,59,1,Train/1/00001_00002_00024.png
client_0,2835,38,38,5,5,33,33,2,Train/2/00002_00001_00015.png
client_0,18611,40,40,6,6,35,35,12,Train/12/00012_00008_00011.png
client_0,20241,62,62,5,5,57,57,12,Train/12/00012_00062_00021.png
client_0,30555,41,38,6,6,36,32,26,Train/26/00026_00019_00015.png
client_0,28774,45,43,6,6,40,38,25,Train/25/00025_00010_00004.png
client_0,27890,53,47,6,5,48,42,23,Train/23/00023_00006_00020.png
client_0,16277,38,38,5,6,33,33,10,Train/10/00010_00041_00017.png
client_0,17727,154,135,14,12,141,124,11,Train/11/00011_00022_00027.png
client_0,37894,31,30,6,5,26,25,38,Train/38/00038_00063_00005.png
client_0,29281,35,35,6,6,30,30,25,Train/25/00025_00027_00001.png
client_0,24137,44,45,6,6,39,40,16,Train/16/00016_00003_00017.png
client_0,800,82,77,8,7,75,71,1,Train/1/00001_00007_00020.png
client_0,7912,57,59,5,6,52,54,4,Train/4/00004_00048_00022.png
client_0,35600,53,53,5,5,48,48,36,Train/36/00036_00006_00021.png
client_0,34882,49,48,5,6,44,43,35,Train/35/00035_00022_00023.png
client_0,15589,51,50,6,5,46,45,10,Train/10/00010_00018_00019.png
client_0,3147,69,63,6,5,63,58,2,Train/2/00002_00011_00027.png
client_0,21760,44,41,5,5,39,36,13,Train/13/00013_00043_00010.png
client_0,18234,62,56,6,6,57,51,11,Train/11/00011_00039_00024.png
client_0,15377,46,46,5,5,41,41,10,Train/10/00010_00011_00017.png
client_0,24617,40,41,6,6,35,35,17,Train/17/00017_00005_00017.png
client_0,16485,38,38,6,6,33,33,10,Train/10/00010_00048_00015.png
client_0,31957,36,36,5,6,30,31,30,Train/30/00030_00011_00007.png
client_0,31299,42,43,6,6,37,38,28,Train/28/00028_00016_00009.png
client_0,3818,34,34,5,5,29,29,2,Train/2/00002_00034_00008.png
client_0,26733,39,38,5,6,34,33,18,Train/18/00018_00039_00003.png
client_0,31963,42,42,6,6,37,37,30,Train/30/00030_00011_00013.png
client_0,26544,91,92,8,9,83,84,18,Train/18/00018_00032_00024.png
client_0,1415,32,36,6,5,27,31,1,Train/1/00001_00028_00005.png
client_0,13165,50,51,6,5,45,46,8,Train/8/00008_00033_00025.png
client_0,34542,35,38,5,6,30,33,35,Train/35/00035_00011_00013.png
client_0,23898,39,41,5,6,34,36,15,Train/15/00015_00016_00018.png
client_0,24407,38,39,5,6,33,34,16,Train/16/00016_00012_00017.png
client_0,16671,51,50,6,5,46,45,10,Train/10/00010_00054_00021.png
client_0,5635,45,44,5,6,40,39,3,Train/3/00003_00019_00025.png
client_0,16888,81,61,7,6,74,55,10,Train/10/00010_00061_00028.png
client_0,10797,113,124,10,10,103,114,7,Train/7/00007_00002_00027.png
client_0,18897,98,97,9,8,90,89,12,Train/12/00012_00017_00027.png
client_0,2207,54,54,5,6,49,49,1,Train/1/00001_00054_00017.png
client_0,14494,29,28,5,5,23,23,9,Train/9/00009_00031_00004.png
client_0,21792,50,44,6,5,45,39,13,Train/13/00013_00044_00012.png
client_0,15467,41,42,5,6,36,37,10,Train/10/00010_00014_00017.png
client_0,27097,35,32,6,5,30,27,21,Train/21/00021_00004_00007.png
client_0,11620,31,31,6,6,26,26,7,Train/7/00007_00030_00010.png
client_0,20797,41,45,5,5,36,40,13,Train/13/00013_00011_00007.png
client_0,20391,57,58,5,5,52,53,12,Train/12/00012_00067_00021.png
client_0,11255,29,31,5,6,24,26,7,Train/7/00007_00018_00005.png
client_0,26845,100,81,9,8,92,74,19,Train/19/00019_00002_00025.png
client_0,26456,104,93,9,9,95,85,18,Train/18/00018_00029_00026.png
client_0,12269,71,71,7,6,65,65,8,Train/8/00008_00003_00029.png
client_0,22954,43,42,6,5,38,37,14,Train/14/00014_00011_00004.png
client_0,31628,34,32,6,5,29,27,30,Train/30/00030_00000_00008.png
client_0,3814,32,31,6,5,27,26,2,Train/2/00002_00034_00004.png
client_0,1342,48,46,5,5,42,41,1,Train/1/00001_00025_00022.png
client_0,18970,33,35,5,5,28,30,12,Train/12/00012_00020_00010.png
client_0,25751,53,47,6,6,47,42,18,Train/18/00018_00006_00011.png
client_0,4487,44,43,6,5,39,38,2,Train/2/00002_00056_00017.png
client_0,4521,53,54,5,5,48,48,2,Train/2/00002_00057_00021.png
client_0,32851,28,28,6,6,23,23,32,Train/32/00032_00000_00001.png
client_0,16631,46,46,6,5,41,41,10,Train/10/00010_00053_00011.png
client_0,16720,33,34,5,6,28,29,10,Train/10/00010_00056_00010.png
client_0,27531,76,70,6,6,70,64,22,Train/22/00022_00007_00021.png
client_0,14640,33,33,5,5,28,28,9,Train/9/00009_00036_00000.png
client_0,4429,43,42,5,5,38,37,2,Train/2/00002_00054_00019.png
client_0,19866,32,34,5,6,27,29,12,Train/12/00012_00050_00006.png
client_0,6730,35,36,5,5,30,30,4,Train/4/00004_00009_00010.png
client_0,18781,35,33,6,5,30,28,12,Train/12/00012_00014_00001.png
client_0,5237,59,63,6,6,54,57,3,Train/3/00003_00006_00017.png
client_0,29950,47,43,6,5,42,38,25,Train/25/00025_00049_00010.png
client_0,962,44,43,6,5,39,38,1,Train/1/00001_00013_00002.png
client_0,22503,54,48,5,6,49,43,13,Train/13/00013_00068_00003.png
client_0,14785,53,57,5,5,48,52,9,Train/9/00009_00040_00025.png
client_0,7242,45,44,5,5,40,39,4,Train/4/00004_00026_00012.png
client_0,15283,37,37,5,5,32,32,10,Train/10/00010_00008_00013.png
client_0,24978,51,52,6,6,46,47,17,Train/17/00017_00017_00018.png
client_0,7209,38,39,5,6,33,34,4,Train/4/00004_00025_00009.png
client_0,10204,28,28,5,5,23,23,5,Train/5/00005_00059_00004.png
client_0,34478,31,32,5,5,26,27,35,Train/35/00035_00009_00009.png
client_0,19316,76,75,7,6,70,69,12,Train/12/00012_00031_00026.png
client_0,28532,30,29,6,6,25,24,25,Train/25/00025_00002_00002.png
client_0,2337,97,94,9,8,89,86,1,Train/1/00001_00058_00027.png
client_0,26959,60,55,5,5,55,50,19,Train/19/00019_00006_00019.png
client_0,33464,40,39,6,6,34,33,33,Train/33/00033_00012_00014.png
client_0,6930,30,32,6,5,25,27,4,Train/4/00004_00016_00000.png
client_0,6263,39,42,5,6,34,37,3,Train/3/00003_00040_00023.png
client_0,6957,58,61,6,5,52,56,4,Train/4/00004_00016_00027.png
client_0,37837,37,38,6,5,32,33,38,Train/38/00038_00061_00008.png
client_0,5946,29,29,5,5,23,24,3,Train/3/00003_00030_00006.png
client_0,10866,37,38,5,6,31,32,7,Train/7/00007_00005_00006.png
client_0,29655,45,42,5,6,40,37,25,Train/25/00025_00039_00015.png
client_0,6078,43,44,5,5,38,39,3,Train/3/00003_00034_00018.png
client_0,39188,32,32,6,5,27,27,42,Train/42/00042_00007_00009.png
client_0,19196,64,64,5,5,59,59,12,Train/12/00012_00027_00026.png
client_0,28023,53,48,5,6,48,43,23,Train/23/00023_00011_00003.png
client_0,18576,35,36,5,5,30,31,12,Train/12/00012_00007_00006.png
client_0,12224,36,35,6,5,31,30,8,Train/8/00008_00002_00014.png
client_0,806,97,96,8,9,89,88,1,Train/1/00001_00007_00026.png
client_0,28485,58,58,5,6,53,53,25,Train/25/00025_00000_00015.png
client_0,6452,43,44,5,6,38,39,4,Train/4/00004_00000_00002.png
client_0,28227,109,104,9,10,100,95,24,Train/24/00024_00000_00027.png
client_0,38719,53,53,6,5,47,48,40,Train/40/00040_00011_00020.png
client_0,30071,39,38,5,6,34,33,26,Train/26/00026_00003_00011.png
client_0,38580,26,26,5,5,21,21,40,Train/40/00040_00007_00001.png
client_0,23822,28,33,5,5,23,27,15,Train/15/00015_00014_00002.png
client_0,34958,35,36,6,6,30,31,35,Train/35/00035_00025_00009.png
client_0,297,57,57,6,6,52,52,20,Train/20/00020_00009_00027.png
client_0,6071,36,35,6,6,30,29,3,Train/3/00003_00034_00011.png
client_0,9219,31,29,5,5,26,24,5,Train/5/00005_00026_00009.png
client_0,37331,46,46,6,5,41,41,38,Train/38/00038_00044_00012.png
client_0,2225,56,62,6,6,51,57,1,Train/1/00001_00055_00005.png
client_0,6044,36,38,5,6,31,33,3,Train/3/00003_00033_00014.png
client_0,7106,81,80,8,8,74,73,4,Train/4/00004_00021_00026.png
client_0,34801,30,30,6,6,25,25,35,Train/35/00035_00020_00002.png
client_0,35084,47,49,6,6,42,43,35,Train/35/00035_00029_00015.png
client_0,12647,41,42,5,5,36,37,8,Train/8/00008_00016_00017.png
client_0,11435,34,35,6,6,29,29,7,Train/7/00007_00024_00005.png
client_0,25690,85,74,8,7,78,68,18,Train/18/00018_00004_00010.png
client_0,38350,32,34,5,5,27,29,39,Train/39/00039_00009_00011.png
client_0,38376,42,39,6,6,37,34,40,Train/40/00040_00000_00007.png
client_0,21700,65,59,6,6,60,54,13,Train/13/00013_00041_00010.png
client_0,12734,45,46,5,6,40,41,8,Train/8/00008_00019_00014.png
client_0,4085,28,29,5,5,22,23,2,Train/2/00002_00043_00005.png
client_0,3966,30,29,6,6,24,24,2,Train/2/00002_00039_00006.png
client_0,20938,135,123,11,10,124,113,13,Train/13/00013_00015_00028.png
client_0,35280,30,30,6,6,25,25,35,Train/35/00035_00036_00001.png
client_0,34006,42,43,5,6,37,38,34,Train/34/00034_00007_00017.png
client_0,19876,47,47,6,5,42,42,12,Train/12/00012_00050_00016.png
client_0,11389,56,55,6,5,51,50,7,Train/7/00007_00022_00019.png
client_0,23918,36,39,5,6,31,33,15,Train/15/00015_00017_00008.png
client_0,8023,32,32,5,5,27,27,4,Train/4/00004_00052_00013.png
client_0,14622,41,40,6,5,35,34,9,Train/9/00009_00035_00012.png
client_0,12387,59,59,6,5,54,53,8,Train/8/00008_00007_00027.png
client_0,14558,34,32,5,5,29,27,9,Train/9/00009_00033_00008.png
client_0,12386,56,56,5,5,51,51,8,Train/8/00008_00007_00026.png
client_0,17297,71,64,6,5,65,59,11,Train/11/00011_00008_00017.png
client_0,16152,33,31,5,5,28,26,10,Train/10/00010_00037_00012.png
client_0,31245,50,48,5,6,45,43,28,Train/28/00028_00014_00015.png
client_0,38560,47,46,5,5,41,41,40,Train/40/00040_00006_00011.png
client_0,4124,40,40,5,5,35,35,2,Train/2/00002_00044_00014.png
client_0,26592,43,38,6,6,38,33,18,Train/18/00018_00034_00012.png
client_0,17815,81,72,7,6,74,66,11,Train/11/00011_00025_00025.png
client_0,36735,44,45,5,5,39,40,38,Train/38/00038_00024_00016.png
client_0,36477,74,88,7,8,68,80,38,Train/38/00038_00015_00028.png
client_0,28219,55,51,6,6,50,46,24,Train/24/00024_00000_00019.png
client_0,25197,89,96,7,8,81,88,17,Train/17/00017_00024_00027.png
client_0,2095,62,60,6,5,57,55,1,Train/1/00001_00050_00025.png
client_0,28865,31,31,6,6,26,26,25,Train/25/00025_00013_00005.png
client_0,12129,29,28,5,5,23,23,7,Train/7/00007_00047_00009.png
client_0,28623,36,34,6,5,31,29,25,Train/25/00025_00005_00003.png
client_0,3376,44,45,5,6,39,40,2,Train/2/00002_00019_00016.png
client_0,32034,53,49,5,6,48,44,30,Train/30/00030_00013_00024.png
client_0,11806,39,36,5,5,34,31,7,Train/7/00007_00036_00016.png
client_0,19307,55,54,6,5,50,49,12,Train/12/00012_00031_00017.png
client_0,23908,65,65,6,6,60,60,15,Train/15/00015_00016_00028.png
client_0,10972,50,53,5,6,45,48,7,Train/7/00007_00008_00022.png
client_0,29417,47,48,5,6,42,43,25,Train/25/00025_00031_00017.png
client_0,37287,72,71,7,6,66,65,38,Train/38/00038_00042_00028.png
client_0,3318,46,46,5,5,41,41,2,Train/2/00002_00017_00018.png
client_0,37095,64,63,6,5,59,58,38,Train/38/00038_00036_00016.png
client_0,12763,48,48,5,5,43,43,8,Train/8/00008_00020_00013.png
client_0,36113,58,58,6,5,52,53,38,Train/38/00038_00003_00024.png
client_0,24635,31,33,5,6,26,28,17,Train/17/00017_00006_00005.png
client_0,5166,34,33,5,5,29,28,3,Train/3/00003_00004_00006.png
client_0,8298,43,43,6,6,38,38,4,Train/4/00004_00061_00018.png
client_0,25006,36,40,6,6,31,35,17,Train/17/00017_00018_00016.png
client_0,8772,41,43,5,6,36,38,5,Train/5/00005_00011_00012.png
client_0,39120,27,25,5,5,21,20,42,Train/42/00042_00005_00001.png
client_0,30635,36,33,5,5,31,28,27,Train/27/00027_00002_00005.png
client_0,25366,52,56,6,6,47,51,17,Train/17/00017_00030_00016.png
client_0,441,55,55,6,6,50,50,0,Train/0/00000_00002_00021.png
client_0,23983,32,32,6,6,27,27,15,Train/15/00015_00019_00013.png
client_0,28100,64,60,6,6,59,54,23,Train/23/00023_00013_00020.png
client_0,11587,30,29,6,5,25,24,7,Train/7/00007_00029_00007.png
client_0,17168,42,41,5,5,37,36,11,Train/11/00011_00004_00008.png
client_0,29049,49,47,6,5,44,42,25,Train/25/00025_00019_00009.png
client_0,10531,26,28,5,6,20,23,6,Train/6/00006_00008_00001.png
client_0,14587,29,30,5,6,24,25,9,Train/9/00009_00034_00007.png
client_0,30759,48,41,6,5,43,36,27,Train/27/00027_00006_00009.png
client_0,7826,55,54,6,6,49,49,4,Train/4/00004_00045_00026.png
client_0,15287,45,45,6,6,40,40,10,Train/10/00010_00008_00017.png
client_0,36138,42,46,5,6,37,41,38,Train/38/00038_00004_00019.png
client_0,1200,27,27,6,5,21,22,1,Train/1/00001_00021_00000.png
client_0,31507,37,33,6,5,32,28,29,Train/29/00029_00005_00007.png
client_0,13852,59,60,5,6,54,55,9,Train/9/00009_00009_00022.png
client_0,6581,56,55,6,6,50,50,4,Train/4/00004_00004_00011.png
client_0,15455,34,34,6,6,29,29,10,Train/10/00010_00014_00005.png
client_0,21402,35,33,6,6,30,28,13,Train/13/00013_00031_00012.png
client_0,26340,39,32,6,5,34,27,18,Train/18/00018_00026_00000.png
client_0,12781,27,26,5,6,22,21,8,Train/8/00008_00021_00001.png
client_0,11608,72,76,7,7,66,70,7,Train/7/00007_00029_00028.png
client_0,26231,66,65,6,6,60,60,18,Train/18/00018_00022_00011.png
client_0,12012,34,35,6,5,29,30,7,Train/7/00007_00043_00012.png
client_0,34991,41,41,6,6,36,36,35,Train/35/00035_00026_00012.png
client_0,8234,42,42,6,6,37,37,4,Train/4/00004_00059_00014.png
client_0,28124,83,76,7,7,76,70,23,Train/23/00023_00014_00014.png
client_0,21931,31,28,6,6,26,23,13,Train/13/00013_00049_00001.png
client_0,12669,36,34,6,5,31,29,8,Train/8/00008_00017_00009.png
client_0,10372,55,59,5,6,50,54,6,Train/6/00006_00002_00022.png
client_0,10505,28,29,6,6,23,24,6,Train/6/00006_00007_00005.png
client_0,14730,41,41,5,5,36,36,9,Train/9/00009_00039_00000.png
client_0,15249,38,38,5,5,33,33,10,Train/10/00010_00007_00009.png
client_0,23804,39,43,5,5,34,37,15,Train/15/00015_00013_00014.png
client_0,16373,40,43,5,6,34,37,10,Train/10/00010_00044_00023.png
client_0,16945,51,53,5,6,46,48,10,Train/10/00010_00063_00025.png
client_0,1421,32,40,5,6,27,34,1,Train/1/00001_00028_00011.png
client_0,12841,32,33,5,6,27,28,8,Train/8/00008_00023_00001.png
client_0,10840,37,37,5,5,32,32,7,Train/7/00007_00004_00010.png
client_0,36858,31,33,6,6,26,28,38,Train/38/00038_00028_00019.png
client_0,583,68,68,7,7,62,62,1,Train/1/00001_00000_00013.png
client_0,7490,44,43,5,5,39,38,4,Train/4/00004_00034_00020.png
client_0,25626,40,37,6,5,35,32,18,Train/18/00018_00002_00006.png
client_0,19832,30,31,5,6,25,26,12,Train/12/00012_00049_00002.png
client_0,19023,34,34,5,5,29,29,12,Train/12/00012_00022_00003.png
client_0,33896,121,131,11,11,111,120,34,Train/34/00034_00003_00027.png
client_0,36586,38,39,5,6,33,34,38,Train/38/00038_00019_00017.png
client_0,25896,32,30,5,5,27,25,18,Train/18/00018_00011_00006.png
client_0,6336,30,30,6,5,25,25,3,Train/3/00003_00043_00006.png
client_0,14831,43,45,5,6,38,40,9,Train/9/00009_00042_00011.png
client_0,26177,87,81,7,7,80,74,18,Train/18/00018_00020_00017.png
client_0,25179,33,35,5,6,27,30,17,Train/17/00017_00024_00009.png
client_0,12419,61,60,6,5,56,55,8,Train/8/00008_00008_00029.png
client_0,12449,55,55,5,5,50,50,8,Train/8/00008_00009_00029.png
client_0,13863,38,39,5,6,33,34,9,Train/9/00009_00010_00003.png
client_0,17746,46,42,6,6,41,37,11,Train/11/00011_00023_00016.png
client_0,29766,39,35,6,5,34,30,25,Train/25/00025_00043_00006.png
client_0,29373,53,48,5,6,48,43,25,Train/25/00025_00030_00003.png
client_0,25214,43,43,6,5,37,37,17,Train/17/00017_00025_00014.png
client_0,13960,39,39,5,5,34,34,9,Train/9/00009_00013_00010.png
client_0,37546,48,48,6,6,43,43,38,Train/38/00038_00051_00017.png
client_0,11265,37,38,6,6,32,33,7,Train/7/00007_00018_00015.png
client_0,33615,38,50,5,6,33,44,33,Train/33/00033_00017_00015.png
client_0,8156,48,56,6,6,43,51,4,Train/4/00004_00056_00026.png
client_0,24861,32,40,5,6,27,35,17,Train/17/00017_00013_00021.png
client_0,19033,42,41,6,6,37,36,12,Train/12/00012_00022_00013.png
client_0,10626,31,33,6,6,26,28,6,Train/6/00006_00011_00006.png
client_0,30414,123,110,11,9,113,101,26,Train/26/00026_00014_00024.png
client_0,24825,30,28,6,5,25,23,17,Train/17/00017_00012_00015.png
client_0,19988,35,37,5,5,30,31,12,Train/12/00012_00054_00008.png
client_0,15566,54,54,6,6,49,49,10,Train/10/00010_00017_00026.png
client_0,3773,52,49,6,6,47,44,2,Train/2/00002_00032_00023.png
client_0,19417,39,40,5,6,34,35,12,Train/12/00012_00035_00007.png
client_0,13566,35,35,5,5,30,30,9,Train/9/00009_00000_00006.png
client_0,18073,56,49,5,6,51,44,11,Train/11/00011_00034_00013.png
client_0,15486,30,31,6,6,25,26,10,Train/10/00010_00015_00006.png
client_0,31134,97,84,9,8,89,77,28,Train/28/00028_00010_00024.png
client_0,25604,58,56,6,6,53,51,18,Train/18/00018_00001_00014.png
client_0,13831,30,31,6,6,24,26,9,Train/9/00009_00009_00001.png
client_0,13113,30,31,6,5,25,26,8,Train/8/00008_00032_00003.png
client_0,21318,48,45,5,5,43,40,13,Train/13/00013_00028_00018.png
client_0,35857,35,34,5,5,30,29,37,Train/37/00037_00002_00008.png
client_0,5307,92,95,9,9,84,87,3,Train/3/00003_00008_00027.png
client_0,28154,58,52,6,5,53,47,23,Train/23/00023_00015_00014.png
client_0,8248,110,110,10,10,101,101,4,Train/4/00004_00059_00028.png
client_0,20842,73,68,7,7,67,62,13,Train/13/00013_00012_00022.png
client_0,13597,30,29,5,5,25,24,9,Train/9/00009_00001_00007.png
client_0,13738,75,76,6,6,68,70,9,Train/9/00009_00005_00028.png
client_0,22517,88,70,8,6,81,64,13,Train/13/00013_00068_00017.png
client_0,24002,28,27,6,5,22,21,15,Train/15/00015_00020_00002.png
client_0,31187,46,42,5,5,41,37,28,Train/28/00028_00012_00017.png
client_0,2454,51,52,5,6,46,47,1,Train/1/00001_00062_00024.png
client_0,9434,34,35,5,5,28,30,5,Train/5/00005_00033_00014.png
client_0,24391,27,27,5,5,22,22,16,Train/16/00016_00012_00001.png
client_0,14030,43,43,5,5,38,38,9,Train/9/00009_00015_00020.png
client_0,16204,30,31,6,6,25,25,10,Train/10/00010_00039_00004.png
client_0,32039,69,58,7,5,63,53,30,Train/30/00030_00013_00029.png
client_0,2715,51,51,5,5,46,46,1,Train/1/00001_00071_00015.png
client_0,16857,55,49,6,5,49,44,10,Train/10/00010_00060_00027.png
client_0,29488,99,92,8,8,90,84,25,Train/25/00025_00033_00028.png
client_0,14061,56,56,6,6,51,51,9,Train/9/00009_00016_00021.png
client_0,16773,32,31,6,5,27,26,10,Train/10/00010_00058_00003.png
client_0,37785,49,50,5,6,44,45,38,Train/38/00038_00059_00016.png
client_0,14193,40,40,6,6,35,35,9,Train/9/00009_00021_00003.png
client_0,35205,44,46,5,5,39,41,35,Train/35/00035_00033_00016.png
client_0,11834,36,37,5,6,31,32,7,Train/7/00007_00037_00014.png
client_0,31896,48,44,5,5,43,39,30,Train/30/00030_00009_00006.png
client_0,7615,55,55,6,6,50,50,4,Train/4/00004_00038_00025.png
client_0,38430,34,32,6,5,28,27,40,Train/40/00040_00002_00001.png
client_0,37781,44,45,5,6,39,40,38,Train/38/00038_00059_00012.png
client_0,35964,93,95,8,9,85,87,37,Train/37/00037_00005_00025.png
client_0,14773,44,43,6,5,39,38,9,Train/9/00009_00040_00013.png
client_0,24854,29,38,5,6,24,33,17,Train/17/00017_00013_00014.png
client_0,11881,30,29,6,5,25,24,7,Train/7/00007_00039_00001.png
client_0,2602,60,61,5,6,55,56,1,Train/1/00001_00067_00022.png
client_0,1149,33,33,6,5,28,28,1,Train/1/00001_00019_00009.png
client_0,27713,61,60,6,6,56,54,23,Train/23/00023_00000_00023.png
client_0,2673,50,54,6,5,45,49,1,Train/1/00001_00070_00003.png
client_0,27940,51,48,6,6,46,43,23,Train/23/00023_00008_00010.png
client_0,15415,49,48,6,5,44,43,10,Train/10/00010_00012_00025.png
client_0,18905,35,34,6,5,30,29,12,Train/12/00012_00018_00005.png
client_0,23297,56,61,6,6,51,56,14,Train/14/00014_00022_00017.png
client_0,19085,45,45,6,6,40,40,12,Train/12/00012_00024_00005.png
client_0,27952,93,84,9,8,85,77,23,Train/23/00023_00008_00022.png
client_0,21605,38,38,6,6,33,33,13,Train/13/00013_00038_00005.png
client_0,31914,105,93,9,8,96,85,30,Train/30/00030_00009_00024.png
client_0,18463,44,42,5,6,39,37,12,Train/12/00012_00003_00013.png
client_0,32442,46,42,6,6,41,37,31,Train/31/00031_00012_00012.png
client_0,19556,99,100,8,9,91,92,12,Train/12/00012_00039_00026.png
client_0,10959,35,35,6,5,30,30,7,Train/7/00007_00008_00009.png
