client_id,source_row_index,Width,Height,Roi.X1,Roi.Y1,Roi.X2,Roi.Y2,ClassId,Path
client_0,38318,35,35,6,6,30,30,39,Train/39/00039_00008_00009.png
client_0,9989,75,75,6,6,69,69,5,Train/5/00005_00051_00029.png
client_0,17914,55,50,6,6,49,44,11,Train/11/00011_00029_00004.png
client_0,25197,89,96,7,8,81,88,17,Train/17/00017_00024_00027.png
client_0,22516,86,69,8,7,79,63,13,Train/13/00013_00068_00016.png
client_0,27254,47,47,5,6,42,41,21,Train/21/00021_00009_00014.png
client_0,35650,35,33,6,5,29,28,36,Train/36/00036_00008_00011.png
client_0,24386,51,51,6,5,46,46,16,Train/16/00016_00011_00026.png
client_0,20547,70,71,7,6,63,64,13,Train/13/00013_00002_00027.png
client_0,7008,51,54,5,5,46,49,4,Train/4/00004_00018_00018.png
client_0,31590,39,36,6,5,34,31,29,Train/29/00029_00008_00000.png
client_0,31211,54,54,5,5,48,49,28,Train/28/00028_00013_00011.png
client_0,15352,48,48,6,6,43,43,10,Train/10/00010_00010_00022.png
client_0,19837,34,33,5,5,28,28,12,Train/12/00012_00049_00007.png
client_0,21869,117,106,11,10,107,97,13,Train/13/00013_00046_00029.png
client_0,17446,59,58,6,6,54,52,11,Train/11/00011_00013_00016.png
client_0,17712,71,63,7,6,65,58,11,Train/11/00011_00022_00012.png
client_0,923,59,58,6,6,54,53,1,Train/1/00001_00011_00023.png
client_0,25934,38,40,5,5,33,35,18,Train/18/00018_00012_00014.png
client_0,25973,72,72,7,7,66,66,18,Train/18/00018_00013_00023.png
client_0,30560,50,45,6,6,44,39,26,Train/26/00026_00019_00020.png
client_0,17703,53,50,6,6,48,45,11,Train/11/00011_00022_00003.png
client_0,25258,38,39,6,5,33,33,17,Train/17/00017_00026_00028.png
client_0,13239,38,38,5,5,33,33,8,Train/8/00008_00036_00009.png
client_0,23554,28,29,5,6,23,24,15,Train/15/00015_00005_00004.png
client_0,17229,33,30,6,5,28,25,11,Train/11/00011_00006_00009.png
client_0,22278,63,55,6,5,58,50,13,Train/13/00013_00060_00018.png
client_0,18198,73,66,6,6,67,60,11,Train/11/00011_00038_00018.png
client_0,28751,34,34,6,6,29,29,25,Train/25/00025_00009_00011.png
client_0,20523,38,36,5,5,33,31,13,Train/13/00013_00002_00003.png
client_0,24935,28,30,5,6,23,25,17,Train/17/00017_00016_00005.png
client_0,26685,53,53,6,6,48,48,18,Train/18/00018_00037_00015.png
client_0,31597,44,43,5,6,39,38,29,Train/29/00029_00008_00007.png
client_0,34020,28,29,5,5,23,24,34,Train/34/00034_00008_00001.png
client_0,38444,46,45,6,5,41,40,40,Train/40/00040_00002_00015.png
client_0,9439,38,41,5,6,33,36,5,Train/5/00005_00033_00019.png
client_0,27995,43,41,6,6,38,35,23,Train/23/00023_00010_00005.png
client_0,7657,31,30,6,5,26,25,4,Train/4/00004_00040_00007.png
client_0,39062,29,27,6,6,24,22,42,Train/42/00042_00003_00003.png
client_0,20909,169,160,15,14,155,146,13,Train/13/00013_00014_00029.png
client_0,24540,28,28,6,6,23,23,17,Train/17/00017_00003_00000.png
client_0,26341,39,33,5,5,34,28,18,Train/18/00018_00026_00001.png
client_0,8455,63,63,6,6,58,58,5,Train/5/00005_00000_00025.png
client_0,3839,107,106,9,10,98,97,2,Train/2/00002_00034_00029.png
client_0,22580,121,106,11,9,111,97,13,Train/13/00013_00070_00020.png
client_0,6680,41,41,6,5,36,35,4,Train/4/00004_00007_00020.png
client_0,24587,63,63,5,5,57,58,17,Train/17/00017_00004_00017.png
client_0,3302,28,28,6,6,22,22,2,Train/2/00002_00017_00002.png
client_0,12809,73,71,6,7,67,65,8,Train/8/00008_00021_00029.png
client_0,35772,55,56,5,5,50,51,36,Train/36/00036_00012_00013.png
client_0,26938,105,95,10,9,96,87,19,Train/19/00019_00005_00028.png
client_0,8770,40,42,5,6,35,37,5,Train/5/00005_00011_00010.png
client_0,23981,31,32,5,6,26,27,15,Train/15/00015_00019_00011.png
client_0,9661,27,27,6,5,21,21,5,Train/5/00005_00041_00001.png
client_0,17254,47,45,5,6,42,40,11,Train/11/00011_00007_00004.png
client_0,12492,40,40,6,6,35,35,8,Train/8/00008_00011_00012.png
client_0,16355,29,29,6,5,24,24,10,Train/10/00010_00044_00005.png
client_0,21652,56,51,5,6,51,46,13,Train/13/00013_00039_00022.png
client_0,6669,34,33,6,6,28,28,4,Train/4/00004_00007_00009.png
client_0,22251,95,89,8,8,87,81,13,Train/13/00013_00059_00021.png
client_0,3277,30,33,5,6,25,27,2,Train/2/00002_00016_00007.png
client_0,16473,30,30,5,5,25,25,10,Train/10/00010_00048_00003.png
client_0,17055,42,39,6,5,37,34,11,Train/11/00011_00000_00015.png
client_0,17819,135,120,11,11,124,110,11,Train/11/00011_00025_00029.png
client_0,8982,32,32,6,6,27,27,5,Train/5/00005_00018_00012.png
client_0,26496,39,36,5,6,34,31,18,Train/18/00018_00031_00006.png
client_0,30919,57,53,5,5,52,48,28,Train/28/00028_00003_00019.png
client_0,24901,26,31,5,6,21,26,17,Train/17/00017_00015_00001.png
client_0,13440,28,28,6,6,23,23,8,Train/8/00008_00043_00000.png
client_0,6378,43,44,6,6,38,39,3,Train/3/00003_00044_00018.png
client_0,16611,56,55,6,5,51,50,10,Train/10/00010_00052_00021.png
client_0,26648,50,50,5,6,45,45,18,Train/18/00018_00036_00008.png
client_0,31293,38,36,6,5,33,31,28,Train/28/00028_00016_00003.png
client_0,17394,92,82,8,7,84,75,11,Train/11/00011_00011_00024.png
client_0,7439,110,112,10,9,101,103,4,Train/4/00004_00032_00029.png
client_0,30584,68,65,6,6,62,59,27,Train/27/00027_00000_00014.png
client_0,18933,29,30,5,5,24,25,12,Train/12/00012_00019_00003.png
client_0,16641,71,73,7,7,65,67,10,Train/10/00010_00053_00021.png
client_0,27203,76,70,6,6,70,64,21,Train/21/00021_00007_00023.png
client_0,27130,39,37,6,6,34,32,21,Train/21/00021_00005_00010.png
client_0,26689,54,55,5,6,49,50,18,Train/18/00018_00037_00019.png
client_0,16699,42,43,5,6,37,38,10,Train/10/00010_00055_00019.png
client_0,24793,28,30,6,6,23,25,17,Train/17/00017_00011_00013.png
client_0,15010,32,32,5,5,26,26,9,Train/9/00009_00048_00010.png
client_0,9965,33,33,6,6,28,28,5,Train/5/00005_00051_00005.png
client_0,30896,119,104,11,9,109,95,28,Train/28/00028_00002_00026.png
client_0,414,49,49,6,5,44,44,0,Train/0/00000_00001_00024.png
client_0,8874,57,56,6,5,52,51,5,Train/5/00005_00014_00024.png
client_0,31403,87,76,8,6,79,70,29,Train/29/00029_00001_00023.png
client_0,15494,38,39,5,6,33,34,10,Train/10/00010_00015_00014.png
client_0,21184,39,38,5,5,34,32,13,Train/13/00013_00024_00004.png
client_0,30546,32,29,5,5,26,24,26,Train/26/00026_00019_00006.png
client_0,29373,53,48,5,6,48,43,25,Train/25/00025_00030_00003.png
client_0,13350,30,31,5,6,25,26,8,Train/8/00008_00040_00000.png
client_0,4668,50,51,5,6,45,46,2,Train/2/00002_00062_00018.png
client_0,22569,84,79,7,7,77,72,13,Train/13/00013_00070_00009.png
client_0,9364,27,28,5,5,21,23,5,Train/5/00005_00031_00004.png
client_0,8689,54,53,6,5,49,48,5,Train/5/00005_00008_00019.png
client_0,16620,36,34,6,5,31,29,10,Train/10/00010_00053_00000.png
client_0,9936,34,34,6,6,28,28,5,Train/5/00005_00050_00006.png
client_0,29803,47,45,6,5,42,40,25,Train/25/00025_00044_00013.png
client_0,20839,69,59,7,5,63,54,13,Train/13/00013_00012_00019.png
client_0,16837,30,28,6,5,25,23,10,Train/10/00010_00060_00007.png
client_0,16865,33,27,5,5,27,22,10,Train/10/00010_00061_00005.png
client_0,17113,99,92,8,8,91,84,11,Train/11/00011_00002_00013.png
client_0,34017,67,68,6,7,61,62,34,Train/34/00034_00007_00028.png
client_0,16551,44,44,6,6,39,39,10,Train/10/00010_00050_00021.png
client_0,16245,38,38,5,5,33,32,10,Train/10/00010_00040_00015.png
client_0,6031,26,27,5,5,21,22,3,Train/3/00003_00033_00001.png
client_0,16736,53,54,6,5,48,49,10,Train/10/00010_00056_00026.png
client_0,5286,30,30,5,5,25,25,3,Train/3/00003_00008_00006.png
client_0,22069,77,70,7,6,71,64,13,Train/13/00013_00053_00019.png
client_0,5454,59,59,6,6,53,54,3,Train/3/00003_00013_00024.png
client_0,8200,32,32,6,5,27,27,4,Train/4/00004_00058_00010.png
client_0,25633,46,42,6,5,41,36,18,Train/18/00018_00002_00013.png
client_0,15036,40,41,6,6,35,36,10,Train/10/00010_00000_00006.png
client_0,4470,31,29,6,5,26,24,2,Train/2/00002_00056_00000.png
client_0,9319,40,41,6,6,35,36,5,Train/5/00005_00029_00019.png
client_0,14746,41,41,5,5,36,36,9,Train/9/00009_00039_00016.png
client_0,16673,55,54,6,5,50,49,10,Train/10/00010_00054_00023.png
client_0,10055,31,30,6,6,26,25,5,Train/5/00005_00054_00005.png
client_0,27263,76,72,6,7,70,66,21,Train/21/00021_00009_00023.png
client_0,28321,33,28,6,5,27,23,24,Train/24/00024_00004_00001.png
client_0,28814,81,86,8,8,74,78,25,Train/25/00025_00011_00014.png
client_0,25115,36,38,5,6,31,33,17,Train/17/00017_00022_00005.png
client_0,4763,100,99,9,8,92,91,2,Train/2/00002_00065_00023.png
client_0,314,44,40,6,6,38,34,20,Train/20/00020_00010_00014.png
client_0,16260,27,26,6,5,21,20,10,Train/10/00010_00041_00000.png
client_0,17774,44,40,6,5,39,35,11,Train/11/00011_00024_00014.png
client_0,25020,31,34,5,6,26,29,17,Train/17/00017_00019_00000.png
client_0,17399,130,118,11,11,119,107,11,Train/11/00011_00011_00029.png
client_0,24241,27,29,6,6,22,24,16,Train/16/00016_00007_00001.png
client_0,449,122,124,11,11,112,114,0,Train/0/00000_00002_00029.png
client_0,29890,71,63,6,5,65,58,25,Train/25/00025_00047_00010.png
client_0,22084,70,63,7,6,64,58,13,Train/13/00013_00054_00004.png
client_0,17093,105,97,10,9,96,89,11,Train/11/00011_00001_00023.png
client_0,22116,43,40,5,5,38,35,13,Train/13/00013_00055_00006.png
client_0,27050,51,47,5,6,46,42,21,Train/21/00021_00002_00020.png
client_0,21851,42,43,6,6,37,38,13,Train/13/00013_00046_00011.png
client_0,20888,51,48,5,6,46,43,13,Train/13/00013_00014_00008.png
client_0,23768,38,43,5,6,32,37,15,Train/15/00015_00012_00008.png
client_0,35658,46,45,6,5,41,40,36,Train/36/00036_00008_00019.png
client_0,5822,27,28,5,6,22,23,3,Train/3/00003_00026_00002.png
client_0,25056,33,31,6,5,28,26,17,Train/17/00017_00020_00006.png
client_0,6722,32,31,6,5,26,25,4,Train/4/00004_00009_00002.png
client_0,30967,42,45,5,6,37,40,28,Train/28/00028_00005_00007.png
client_0,22317,135,124,11,10,124,113,13,Train/13/00013_00061_00027.png
client_0,8103,35,32,6,5,30,27,4,Train/4/00004_00055_00003.png
client_0,33391,29,28,6,6,23,23,33,Train/33/00033_00010_00001.png
client_0,29689,62,57,5,5,57,52,25,Train/25/00025_00040_00019.png
client_0,17349,57,53,5,5,52,48,11,Train/11/00011_00010_00009.png
client_0,13227,59,60,5,6,54,55,8,Train/8/00008_00035_00027.png
client_0,15381,57,58,5,6,52,53,10,Train/10/00010_00011_00021.png
client_0,31939,51,47,5,5,46,42,30,Train/30/00030_00010_00019.png
client_0,8822,31,31,6,6,26,26,5,Train/5/00005_00013_00002.png
client_0,16099,47,43,6,5,42,38,10,Train/10/00010_00035_00019.png
client_0,21827,97,97,9,9,89,89,13,Train/13/00013_00045_00017.png
client_0,15864,65,64,6,5,60,59,10,Train/10/00010_00027_00024.png
client_0,10674,44,45,6,5,39,40,6,Train/6/00006_00012_00024.png
client_0,17982,56,51,6,6,51,46,11,Train/11/00011_00031_00012.png
client_0,10144,31,32,6,5,26,27,5,Train/5/00005_00057_00004.png
client_0,34392,39,40,6,6,34,35,35,Train/35/00035_00006_00013.png
client_0,35629,34,36,5,5,29,31,36,Train/36/00036_00007_00020.png
client_0,977,55,58,5,6,50,53,1,Train/1/00001_00013_00017.png
client_0,17702,56,51,6,5,51,46,11,Train/11/00011_00022_00002.png
client_0,21281,33,31,5,6,28,26,13,Train/13/00013_00027_00011.png
client_0,21716,75,64,7,5,69,59,13,Train/13/00013_00041_00026.png
client_0,17880,26,42,6,6,21,37,11,Train/11/00011_00028_00000.png
client_0,35677,30,29,6,5,25,24,36,Train/36/00036_00009_00008.png
client_0,26473,40,37,6,5,34,32,18,Train/18/00018_00030_00013.png
client_0,26899,61,59,6,6,56,54,19,Train/19/00019_00004_00019.png
client_0,34106,61,74,6,6,56,68,34,Train/34/00034_00010_00027.png
client_0,19158,49,49,5,5,44,44,12,Train/12/00012_00026_00018.png
client_0,31189,50,46,6,6,45,41,28,Train/28/00028_00012_00019.png
client_0,30969,45,46,6,5,40,41,28,Train/28/00028_00005_00009.png
client_0,7787,38,39,5,6,33,34,4,Train/4/00004_00044_00017.png
client_0,16117,30,28,5,6,25,22,10,Train/10/00010_00036_00007.png
client_0,33795,49,55,6,6,44,50,34,Train/34/00034_00000_00016.png
client_0,17521,39,38,6,6,34,33,11,Train/11/00011_00016_00001.png
client_0,25826,99,85,9,7,90,78,18,Train/18/00018_00008_00026.png
client_0,9374,33,33,5,6,27,28,5,Train/5/00005_00031_00014.png
client_0,16446,31,29,6,5,25,24,10,Train/10/00010_00047_00006.png
client_0,24792,27,29,5,5,22,24,17,Train/17/00017_00011_00012.png
client_0,17263,56,53,5,6,50,47,11,Train/11/00011_00007_00013.png
client_0,2264,50,51,6,5,44,45,1,Train/1/00001_00056_00014.png
client_0,8150,42,45,6,5,37,40,4,Train/4/00004_00056_00020.png
client_0,15665,36,36,5,6,31,31,10,Train/10/00010_00021_00005.png
client_0,22053,39,40,5,6,34,35,13,Train/13/00013_00053_00003.png
client_0,15031,35,37,5,6,30,32,10,Train/10/00010_00000_00001.png
client_0,25391,35,38,6,5,30,33,17,Train/17/00017_00031_00011.png
client_0,21915,69,63,6,6,63,58,13,Train/13/00013_00048_00015.png
client_0,17096,119,112,11,10,108,102,11,Train/11/00011_00001_00026.png
client_0,20781,69,63,6,6,62,57,13,Train/13/00013_00010_00021.png
client_0,38251,28,30,5,6,23,25,39,Train/39/00039_00006_00002.png
client_0,38983,39,39,5,5,33,34,42,Train/42/00042_00000_00014.png
client_0,27420,28,26,5,6,23,21,22,Train/22/00022_00004_00000.png
client_0,34224,85,91,8,8,78,83,35,Train/35/00035_00000_00025.png
client_0,20632,62,57,6,6,57,52,13,Train/13/00013_00005_00022.png
client_0,6289,87,89,7,8,80,81,3,Train/3/00003_00041_00019.png
client_0,22542,38,39,5,6,33,34,13,Train/13/00013_00069_00012.png
client_0,8503,33,34,5,6,28,29,5,Train/5/00005_00002_00013.png
client_0,10588,52,56,5,6,47,51,6,Train/6/00006_00009_00028.png
client_0,38188,119,129,11,12,109,118,39,Train/39/00039_00003_00029.png
client_0,19094,53,52,6,5,48,47,12,Train/12/00012_00024_00014.png
client_0,17299,80,71,8,6,73,65,11,Train/11/00011_00008_00019.png
client_0,533,59,58,6,6,54,53,0,Train/0/00000_00005_00023.png
client_0,22156,58,53,6,5,53,48,13,Train/13/00013_00056_00016.png
client_0,8384,36,34,5,5,30,29,4,Train/4/00004_00064_00014.png
client_0,2947,34,34,6,6,29,29,2,Train/2/00002_00005_00007.png
client_0,11766,33,34,6,6,28,29,7,Train/7/00007_00035_00006.png
client_0,21048,71,61,7,6,65,56,13,Train/13/00013_00019_00018.png
client_0,12219,31,31,6,6,26,26,8,Train/8/00008_00002_00009.png
client_0,5210,42,43,5,5,37,37,3,Train/3/00003_00005_00020.png
client_0,13485,38,40,5,6,33,35,8,Train/8/00008_00044_00015.png
client_0,15936,31,30,6,5,26,25,10,Train/10/00010_00030_00006.png
client_0,38101,27,29,6,6,22,23,39,Train/39/00039_00001_00002.png
client_0,38219,31,32,5,6,26,27,39,Train/39/00039_00005_00000.png
client_0,22535,34,34,6,6,29,29,13,Train/13/00013_00069_00005.png
client_0,16971,41,41,6,5,36,36,10,Train/10/00010_00064_00021.png
client_0,24273,57,58,5,6,52,53,16,Train/16/00016_00008_00003.png
client_0,31066,89,80,8,7,81,72,28,Train/28/00028_00008_00016.png
client_0,35569,51,50,6,5,46,45,36,Train/36/00036_00005_00020.png
client_0,7039,55,56,5,6,50,51,4,Train/4/00004_00019_00019.png
client_0,21450,33,30,5,5,28,25,13,Train/13/00013_00033_00000.png
client_0,15137,37,40,5,6,32,34,10,Train/10/00010_00003_00017.png
client_0,18557,64,67,5,6,59,61,12,Train/12/00012_00006_00017.png
client_0,21845,34,40,6,5,29,35,13,Train/13/00013_00046_00005.png
client_0,20727,68,100,6,9,62,92,13,Train/13/00013_00008_00027.png
client_0,20788,73,74,6,7,67,68,13,Train/13/00013_00010_00028.png
client_0,29133,42,39,6,5,37,34,25,Train/25/00025_00022_00003.png
client_0,5063,52,52,6,6,47,47,3,Train/3/00003_00000_00023.png
client_0,12257,40,41,6,5,35,36,8,Train/8/00008_00003_00017.png
client_0,22305,71,68,7,7,65,62,13,Train/13/00013_00061_00015.png
client_0,7560,30,30,6,6,25,25,4,Train/4/00004_00037_00000.png
client_0,12381,49,49,6,6,44,44,8,Train/8/00008_00007_00021.png
client_0,1063,44,43,5,5,38,38,1,Train/1/00001_00016_00013.png
client_0,10193,52,53,5,5,47,48,5,Train/5/00005_00058_00023.png
client_0,21027,93,85,9,8,85,78,13,Train/13/00013_00018_00027.png
client_0,9943,38,38,6,6,33,33,5,Train/5/00005_00050_00013.png
client_0,25003,35,35,6,5,30,30,17,Train/17/00017_00018_00013.png
client_0,12464,39,38,6,5,34,33,8,Train/8/00008_00010_00014.png
client_0,5386,41,42,5,5,36,37,3,Train/3/00003_00011_00016.png
client_0,5225,46,48,5,5,41,43,3,Train/3/00003_00006_00005.png
client_0,24913,37,41,6,5,32,36,17,Train/17/00017_00015_00013.png
client_0,16773,32,31,6,5,27,26,10,Train/10/00010_00058_00003.png
client_0,8468,28,29,5,5,23,24,5,Train/5/00005_00001_00008.png
client_0,20578,190,168,16,14,173,154,13,Train/13/00013_00003_00028.png
client_0,9521,35,34,6,6,29,29,5,Train/5/00005_00036_00011.png
client_0,12490,37,38,5,6,32,33,8,Train/8/00008_00011_00010.png
client_0,16400,52,53,6,5,47,48,10,Train/10/00010_00045_00020.png
client_0,24355,56,59,5,6,51,54,16,Train/16/00016_00010_00025.png
client_0,22269,47,41,6,6,41,36,13,Train/13/00013_00060_00009.png
client_0,28926,41,37,6,6,36,32,25,Train/25/00025_00015_00006.png
client_0,21751,39,37,6,6,34,32,13,Train/13/00013_00043_00001.png
client_0,9671,33,34,5,5,27,28,5,Train/5/00005_00041_00011.png
client_0,26778,100,85,9,7,92,78,19,Train/19/00019_00000_00018.png
client_0,24058,180,175,16,15,165,160,16,Train/16/00016_00000_00028.png
client_0,4838,32,32,6,5,27,27,2,Train/2/00002_00068_00008.png
client_0,5383,38,38,6,6,33,33,3,Train/3/00003_00011_00013.png
client_0,420,27,26,6,5,22,21,0,Train/0/00000_00002_00000.png
client_0,28063,35,36,5,5,30,31,23,Train/23/00023_00012_00013.png
client_0,9969,35,36,5,6,30,31,5,Train/5/00005_00051_00009.png
client_0,24900,27,31,6,5,22,26,17,Train/17/00017_00015_00000.png
client_0,17472,42,42,5,6,36,36,11,Train/11/00011_00014_00012.png
client_0,16276,38,37,6,6,33,32,10,Train/10/00010_00041_00016.png
client_0,16753,41,39,6,5,36,34,10,Train/10/00010_00057_00013.png
client_0,25389,34,35,5,5,28,30,17,Train/17/00017_00031_00009.png
client_0,31369,46,71,6,6,41,65,29,Train/29/00029_00000_00019.png
client_0,9576,30,29,6,5,24,24,5,Train/5/00005_00038_00006.png
client_0,25378,61,70,5,6,56,64,17,Train/17/00017_00030_00028.png
client_0,39023,69,68,7,7,63,62,42,Train/42/00042_00001_00024.png
client_0,29950,47,43,6,5,42,38,25,Train/25/00025_00049_00010.png
client_0,31244,50,48,6,6,45,42,28,Train/28/00028_00014_00014.png
client_0,25132,62,62,5,5,57,57,17,Train/17/00017_00022_00022.png
client_0,8539,38,37,6,6,33,32,5,Train/5/00005_00003_00019.png
client_0,17320,52,46,6,5,47,41,11,Train/11/00011_00009_00010.png
client_0,25727,110,100,10,8,101,92,18,Train/18/00018_00005_00017.png
client_0,14133,28,28,6,5,23,23,9,Train/9/00009_00019_00003.png
client_0,24825,30,28,6,5,25,23,17,Train/17/00017_00012_00015.png
client_0,16996,33,34,5,6,28,29,10,Train/10/00010_00065_00016.png
client_0,7243,46,45,6,5,41,40,4,Train/4/00004_00026_00013.png
client_0,34196,69,65,7,6,63,60,34,Train/34/00034_00013_00027.png
client_0,21713,74,64,6,5,68,59,13,Train/13/00013_00041_00023.png
client_0,26036,100,101,8,9,92,93,18,Train/18/00018_00015_00026.png
client_0,486,59,66,5,6,54,60,0,Train/0/00000_00004_00006.png
client_0,15832,42,42,6,6,37,37,10,Train/10/00010_00026_00022.png
client_0,21941,40,35,6,6,35,30,13,Train/13/00013_00049_00011.png
client_0,30971,48,50,6,6,43,45,28,Train/28/00028_00005_00011.png
client_0,22060,50,46,5,5,44,41,13,Train/13/00013_00053_00010.png
client_0,17789,143,125,12,11,131,115,11,Train/11/00011_00024_00029.png
client_0,21540,36,36,5,6,31,31,13,Train/13/00013_00036_00000.png
client_0,25190,49,51,6,5,44,45,17,Train/17/00017_00024_00020.png
client_0,5482,39,38,6,5,34,33,3,Train/3/00003_00014_00022.png
client_0,18745,92,94,8,8,84,86,12,Train/12/00012_00012_00025.png
client_0,20493,28,30,6,5,23,25,13,Train/13/00013_00001_00003.png
client_0,30325,113,103,10,9,104,94,26,Train/26/00026_00011_00025.png
client_0,29824,37,33,6,5,32,28,25,Train/25/00025_00045_00004.png
client_0,15530,42,43,5,6,37,38,10,Train/10/00010_00016_00020.png
client_0,31972,70,72,6,7,63,65,30,Train/30/00030_00011_00022.png
client_0,21146,74,85,7,7,68,78,13,Train/13/00013_00022_00026.png
client_0,13267,33,32,6,5,28,27,8,Train/8/00008_00037_00007.png
client_0,15678,52,52,5,5,47,47,10,Train/10/00010_00021_00018.png
client_0,7887,96,93,8,8,87,85,4,Train/4/00004_00047_00027.png
client_0,16388,40,40,6,5,35,35,10,Train/10/00010_00045_00008.png
client_0,38196,33,32,6,5,28,27,39,Train/39/00039_00004_00007.png
client_0,31913,96,85,9,7,88,78,30,Train/30/00030_00009_00023.png
client_0,22465,71,63,7,6,65,58,13,Train/13/00013_00066_00025.png
client_0,24769,42,42,6,6,36,36,17,Train/17/00017_00010_00019.png
client_0,15771,51,53,5,6,46,48,10,Train/10/00010_00024_00021.png
client_0,17307,124,111,11,10,114,102,11,Train/11/00011_00008_00027.png
client_0,24987,75,77,6,7,69,71,17,Train/17/00017_00017_00027.png
client_0,17016,30,28,6,6,25,23,10,Train/10/00010_00066_00006.png
client_0,26880,39,37,5,6,34,32,19,Train/19/00019_00004_00000.png
client_0,31661,39,36,6,6,34,31,30,Train/30/00030_00001_00011.png
client_0,23839,43,49,5,6,38,44,15,Train/15/00015_00014_00019.png
client_0,28121,83,73,8,6,76,67,23,Train/23/00023_00014_00011.png
client_0,35414,50,49,6,5,44,43,36,Train/36/00036_00000_00015.png
client_0,21743,62,54,5,6,57,49,13,Train/13/00013_00042_00023.png
client_0,21289,34,35,5,6,29,30,13,Train/13/00013_00027_00019.png
client_0,34179,41,41,5,5,36,36,34,Train/34/00034_00013_00010.png
client_0,12844,34,35,5,6,29,30,8,Train/8/00008_00023_00004.png
client_0,21141,70,80,6,8,64,73,13,Train/13/00013_00022_00021.png
client_0,12730,40,41,5,6,35,36,8,Train/8/00008_00019_00010.png
client_0,12627,59,56,6,6,54,50,8,Train/8/00008_00015_00027.png
client_0,21596,107,107,9,9,98,98,13,Train/13/00013_00037_00026.png
client_0,18197,71,63,6,6,65,57,11,Train/11/00011_00038_00017.png
client_0,14832,45,46,6,5,40,40,9,Train/9/00009_00042_00012.png
client_0,16147,31,30,6,6,25,24,10,Train/10/00010_00037_00007.png
client_0,13112,30,32,6,6,25,27,8,Train/8/00008_00032_00002.png
client_0,29046,47,44,5,5,42,39,25,Train/25/00025_00019_00006.png
client_0,12529,52,52,5,5,47,47,8,Train/8/00008_00012_00019.png
client_0,22325,33,33,5,5,28,28,13,Train/13/00013_00062_00005.png
client_0,7452,36,37,6,6,31,32,4,Train/4/00004_00033_00012.png
client_0,24751,25,25,5,5,20,20,17,Train/17/00017_00010_00001.png
client_0,12966,30,28,6,5,25,23,8,Train/8/00008_00027_00006.png
client_0,2816,83,82,7,8,76,75,2,Train/2/00002_00000_00026.png
client_0,8185,72,72,7,7,66,66,4,Train/4/00004_00057_00025.png
client_0,38276,43,42,6,5,38,37,39,Train/39/00039_00006_00027.png
client_0,25938,40,42,6,6,35,37,18,Train/18/00018_00012_00018.png
client_0,21650,52,45,6,5,47,40,13,Train/13/00013_00039_00020.png
client_0,25312,55,56,6,6,50,51,17,Train/17/00017_00028_00022.png
client_0,34016,64,64,5,5,59,59,34,Train/34/00034_00007_00027.png
client_0,12577,36,38,5,6,31,33,8,Train/8/00008_00014_00007.png
client_0,22320,31,32,5,6,26,27,13,Train/13/00013_00062_00000.png
client_0,26256,38,34,6,5,33,29,18,Train/18/00018_00023_00006.png
client_0,28512,82,75,8,7,75,69,25,Train/25/00025_00001_00012.png
client_0,5652,35,34,6,5,30,29,3,Train/3/00003_00020_00012.png
client_0,18239,108,96,9,8,99,88,11,Train/11/00011_00039_00029.png
client_0,17716,77,70,7,7,71,64,11,Train/11/00011_00022_00016.png
client_0,4324,34,33,6,6,29,28,2,Train/2/00002_00051_00004.png
client_0,25490,41,43,6,6,36,38,17,Train/17/00017_00034_00020.png
client_0,21853,47,48,5,6,42,43,13,Train/13/00013_00046_00013.png
client_0,9729,35,34,6,5,29,28,5,Train/5/00005_00043_00009.png
client_0,15215,33,33,5,5,27,27,10,Train/10/00010_00006_00005.png
client_0,21371,43,42,5,6,38,37,13,Train/13/00013_00030_00011.png
client_0,28019,146,129,13,11,134,118,23,Train/23/00023_00010_00029.png
client_0,6267,43,45,5,6,38,40,3,Train/3/00003_00040_00027.png
client_0,1260,32,30,6,5,27,25,1,Train/1/00001_00023_00000.png
client_0,35947,45,45,6,5,40,40,37,Train/37/00037_00005_00008.png
client_0,22146,50,49,5,6,45,44,13,Train/13/00013_00056_00006.png
client_0,30579,57,53,6,5,52,48,27,Train/27/00027_00000_00009.png
client_0,31891,41,42,6,6,36,37,30,Train/30/00030_00009_00001.png
client_0,25530,26,30,5,5,21,25,17,Train/17/00017_00036_00000.png
client_0,10437,63,61,5,5,58,56,6,Train/6/00006_00004_00027.png
client_0,22239,93,85,8,7,85,78,13,Train/13/00013_00059_00009.png
client_0,546,39,41,6,6,33,35,0,Train/0/00000_00006_00006.png
client_0,25749,48,45,5,6,43,40,18,Train/18/00018_00006_00009.png
client_0,31579,59,57,6,6,53,52,29,Train/29/00029_00007_00019.png
client_0,25419,29,31,5,5,24,26,17,Train/17/00017_00032_00009.png
client_0,21498,42,39,5,5,36,34,13,Train/13/00013_00034_00018.png
client_0,15057,55,56,6,5,50,51,10,Train/10/00010_00000_00027.png
client_0,27138,52,49,5,6,47,44,21,Train/21/00021_00005_00018.png
client_0,10589,54,58,5,6,49,53,6,Train/6/00006_00009_00029.png
client_0,25103,56,51,6,5,51,46,17,Train/17/00017_00021_00023.png
client_0,11818,77,75,7,6,71,69,7,Train/7/00007_00036_00028.png
client_0,20512,68,64,6,5,62,59,13,Train/13/00013_00001_00022.png
client_0,20000,53,52,6,5,48,47,12,Train/12/00012_00054_00020.png
client_0,14396,60,58,5,5,55,53,9,Train/9/00009_00027_00026.png
client_0,20853,41,37,6,5,36,32,13,Train/13/00013_00013_00003.png
client_0,15928,56,51,6,6,51,46,10,Train/10/00010_00029_00028.png
client_0,29380,60,57,5,5,55,52,25,Train/25/00025_00030_00010.png
client_0,15298,82,82,8,8,75,75,10,Train/10/00010_00008_00028.png
client_0,26942,38,37,5,6,32,31,19,Train/19/00019_00006_00002.png
client_0,9910,34,36,5,6,29,31,5,Train/5/00005_00049_00010.png
client_0,26860,40,39,6,6,34,33,19,Train/19/00019_00003_00010.png
client_0,22485,40,38,5,6,35,33,13,Train/13/00013_00067_00015.png
client_0,21729,44,38,6,5,39,33,13,Train/13/00013_00042_00009.png
client_0,15335,34,33,6,5,29,28,10,Train/10/00010_00010_00005.png
client_0,38363,52,58,5,6,47,52,39,Train/39/00039_00009_00024.png
client_0,24816,28,27,5,6,23,22,17,Train/17/00017_00012_00006.png
client_0,12769,69,69,6,6,63,63,8,Train/8/00008_00020_00019.png
client_0,29208,70,62,7,5,64,57,25,Train/25/00025_00024_00018.png
client_0,21560,49,46,6,5,44,41,13,Train/13/00013_00036_00020.png
client_0,5368,124,130,11,11,114,119,3,Train/3/00003_00010_00028.png
client_0,21801,68,60,6,6,62,55,13,Train/13/00013_00044_00021.png
client_0,12940,32,33,5,6,26,28,8,Train/8/00008_00026_00010.png
client_0,20912,60,58,5,5,55,52,13,Train/13/00013_00015_00002.png
client_0,9186,31,31,6,6,26,26,5,Train/5/00005_00025_00006.png
client_0,14859,32,31,5,5,27,26,9,Train/9/00009_00043_00009.png
client_0,9752,34,36,5,6,29,31,5,Train/5/00005_00044_00002.png
client_0,9124,32,32,5,5,27,27,5,Train/5/00005_00023_00004.png
client_0,20934,119,108,10,10,108,99,13,Train/13/00013_00015_00024.png
client_0,34194,59,58,6,5,54,53,34,Train/34/00034_00013_00025.png
client_0,30838,53,51,5,6,48,46,28,Train/28/00028_00000_00028.png
client_0,16922,28,29,6,6,23,24,10,Train/10/00010_00063_00002.png
client_0,9802,50,50,5,6,44,44,5,Train/5/00005_00045_00022.png
client_0,22088,76,74,6,7,70,68,13,Train/13/00013_00054_00008.png
client_0,21145,75,86,7,8,69,79,13,Train/13/00013_00022_00025.png
client_0,9524,38,36,6,5,33,31,5,Train/5/00005_00036_00014.png
client_0,7930,32,34,5,6,26,28,4,Train/4/00004_00049_00010.png
client_0,26825,48,43,6,5,43,38,19,Train/19/00019_00002_00005.png
client_0,16406,62,64,5,5,57,59,10,Train/10/00010_00045_00026.png
client_0,22527,148,113,13,10,136,104,13,Train/13/00013_00068_00027.png
client_0,30762,50,44,5,6,45,39,27,Train/27/00027_00006_00012.png
client_0,6073,36,37,5,5,31,31,3,Train/3/00003_00034_00013.png
client_0,24728,33,38,5,6,28,32,17,Train/17/00017_00009_00008.png
client_0,7471,29,29,5,5,24,24,4,Train/4/00004_00034_00001.png
client_0,21361,34,35,5,6,29,30,13,Train/13/00013_00030_00001.png
client_0,34820,51,50,6,5,46,45,35,Train/35/00035_00020_00021.png
client_0,30943,42,40,5,5,37,35,28,Train/28/00028_00004_00013.png
client_0,9340,35,35,6,6,30,30,5,Train/5/00005_00030_00010.png
client_0,27030,29,29,5,5,24,24,21,Train/21/00021_00002_00000.png
client_0,6153,27,29,5,6,22,24,3,Train/3/00003_00037_00003.png
client_0,21275,31,32,5,6,26,27,13,Train/13/00013_00027_00005.png
client_0,16320,27,27,6,6,22,22,10,Train/10/00010_00043_00000.png
client_0,26343,41,35,6,6,36,30,18,Train/18/00018_00026_00003.png
client_0,21873,61,53,5,5,56,48,13,Train/13/00013_00047_00003.png
client_0,31355,32,42,6,5,27,37,29,Train/29/00029_00000_00005.png
client_0,5679,35,35,6,6,30,30,3,Train/3/00003_00021_00009.png
client_0,31748,49,44,5,5,44,39,30,Train/30/00030_00004_00008.png
client_0,22170,73,64,6,6,66,59,13,Train/13/00013_00057_00000.png
client_0,22042,60,53,6,5,54,48,13,Train/13/00013_00052_00022.png
client_0,9905,32,34,5,6,27,29,5,Train/5/00005_00049_00005.png
client_0,21061,36,33,5,5,30,27,13,Train/13/00013_00020_00001.png
client_0,4037,35,36,6,6,30,31,2,Train/2/00002_00041_00017.png
client_0,10583,44,45,6,5,39,39,6,Train/6/00006_00009_00023.png
client_0,35114,35,35,5,5,30,29,35,Train/35/00035_00030_00015.png
client_0,7676,55,55,5,5,50,50,4,Train/4/00004_00040_00026.png
client_0,21495,40,38,6,5,35,32,13,Train/13/00013_00034_00015.png
client_0,33898,136,149,12,13,124,137,34,Train/34/00034_00003_00029.png
client_0,10424,42,42,5,6,37,37,6,Train/6/00006_00004_00014.png
client_0,25032,42,42,6,5,37,37,17,Train/17/00017_00019_00012.png
client_0,16397,47,50,6,6,42,45,10,Train/10/00010_00045_00017.png
client_0,35888,34,34,6,6,29,29,37,Train/37/00037_00003_00009.png
client_0,21413,48,43,5,6,43,38,13,Train/13/00013_00031_00023.png
client_0,16493,48,49,5,6,43,44,10,Train/10/00010_00048_00023.png
client_0,2124,64,67,6,6,59,61,1,Train/1/00001_00051_00024.png
client_0,26779,105,88,10,7,96,81,19,Train/19/00019_00000_00019.png
client_0,10994,34,36,5,6,29,31,7,Train/7/00007_00009_00014.png
client_0,19135,74,76,7,7,68,70,12,Train/12/00012_00025_00025.png
client_0,6780,28,27,6,5,23,22,4,Train/4/00004_00011_00000.png
client_0,18018,61,61,5,6,56,55,11,Train/11/00011_00032_00018.png
client_0,26389,59,53,5,5,53,48,18,Train/18/00018_00027_00019.png
client_0,8633,69,68,7,6,63,62,5,Train/5/00005_00006_00023.png
client_0,9391,26,26,5,5,21,21,5,Train/5/00005_00032_00001.png
client_0,21754,39,37,6,6,34,32,13,Train/13/00013_00043_00004.png
client_0,8679,36,35,6,5,31,30,5,Train/5/00005_00008_00009.png
client_0,27266,98,89,9,8,90,82,21,Train/21/00021_00009_00026.png
client_0,21409,41,39,5,6,36,34,13,Train/13/00013_00031_00019.png
client_0,24938,28,30,5,5,23,25,17,Train/17/00017_00016_00008.png
client_0,25117,38,39,5,5,33,34,17,Train/17/00017_00022_00007.png
client_0,11279,74,71,7,6,68,65,7,Train/7/00007_00018_00029.png
client_0,10050,28,27,5,6,23,22,5,Train/5/00005_00054_00000.png
client_0,21022,65,62,6,5,60,57,13,Train/13/00013_00018_00022.png
client_0,4386,32,32,5,5,27,27,2,Train/2/00002_00053_00006.png
client_0,12583,43,43,6,5,38,38,8,Train/8/00008_00014_00013.png
client_0,25377,59,68,5,7,53,62,17,Train/17/00017_00030_00027.png
client_0,10429,48,48,5,6,43,43,6,Train/6/00006_00004_00019.png
client_0,38214,81,83,8,8,74,76,39,Train/39/00039_00004_00025.png
client_0,22138,141,123,13,11,129,113,13,Train/13/00013_00055_00028.png
client_0,21444,101,75,9,6,93,69,13,Train/13/00013_00032_00024.png
client_0,38905,55,55,6,6,49,49,41,Train/41/00041_00005_00026.png
client_0,34825,62,62,5,5,57,57,35,Train/35/00035_00020_00026.png
client_0,22083,67,62,6,6,61,56,13,Train/13/00013_00054_00003.png
client_0,5956,41,42,6,6,36,37,3,Train/3/00003_00030_00016.png
client_0,24584,56,57,5,5,51,51,17,Train/17/00017_00004_00014.png
client_0,18068,44,42,6,5,38,36,11,Train/11/00011_00034_00008.png
client_0,18467,49,49,5,6,44,44,12,Train/12/00012_00003_00017.png
client_0,31142,36,34,5,5,31,29,28,Train/28/00028_00011_00002.png
client_0,10126,42,43,5,6,37,38,5,Train/5/00005_00056_00016.png
client_0,14427,107,103,10,9,98,94,9,Train/9/00009_00028_00027.png
client_0,21778,87,76,7,7,80,70,13,Train/13/00013_00043_00028.png
client_0,20962,75,71,6,6,69,65,13,Train/13/00013_00016_00022.png
client_0,24857,31,38,5,6,26,33,17,Train/17/00017_00013_00017.png
client_0,27970,47,44,6,6,42,39,23,Train/23/00023_00009_00010.png
client_0,23869,46,55,6,6,41,50,15,Train/15/00015_00015_00019.png
client_0,27175,74,69,6,6,68,63,21,Train/21/00021_00006_00025.png
client_0,4553,43,42,6,5,38,37,2,Train/2/00002_00058_00023.png
client_0,25310,51,52,6,6,46,47,17,Train/17/00017_00028_00020.png
client_0,15632,30,27,5,5,24,22,10,Train/10/00010_00020_00002.png
client_0,11187,69,80,6,8,63,73,7,Train/7/00007_00015_00027.png
client_0,7056,29,30,5,6,24,25,4,Train/4/00004_00020_00006.png
client_0,30635,36,33,5,5,31,28,27,Train/27/00027_00002_00005.png
client_0,35949,49,49,5,5,43,44,37,Train/37/00037_00005_00010.png
client_0,29110,39,36,5,5,34,31,25,Train/25/00025_00021_00010.png
client_0,21523,59,68,6,7,54,62,13,Train/13/00013_00035_00013.png
client_0,29932,59,62,5,5,54,57,25,Train/25/00025_00048_00022.png
client_0,20776,57,53,6,6,52,47,13,Train/13/00013_00010_00016.png
client_0,19878,48,49,5,6,42,44,12,Train/12/00012_00050_00018.png
client_0,31367,42,63,6,6,37,58,29,Train/29/00029_00000_00017.png
client_0,18201,84,75,8,7,77,68,11,Train/11/00011_00038_00021.png
client_0,21821,83,82,8,7,76,75,13,Train/13/00013_00045_00011.png
client_0,28776,45,44,5,6,40,39,25,Train/25/00025_00010_00006.png
client_0,16740,32,32,5,6,27,27,10,Train/10/00010_00057_00000.png
client_0,6171,51,50,5,5,46,45,3,Train/3/00003_00037_00021.png
client_0,38143,55,60,5,6,50,55,39,Train/39/00039_00002_00014.png
client_0,20035,77,76,7,6,71,70,12,Train/12/00012_00055_00025.png
client_0,21068,45,42,5,5,40,37,13,Train/13/00013_00020_00008.png
client_0,25220,45,45,6,5,40,40,17,Train/17/00017_00025_00020.png
client_0,12917,38,38,6,6,32,33,8,Train/8/00008_00025_00017.png
client_0,34117,31,29,6,5,26,24,34,Train/34/00034_00011_00008.png
client_0,18485,32,25,6,5,26,20,12,Train/12/00012_00004_00005.png
client_0,20591,37,35,6,6,32,30,13,Train/13/00013_00004_00011.png
client_0,24657,68,73,7,7,62,67,17,Train/17/00017_00006_00027.png
client_0,2682,59,64,5,5,54,59,1,Train/1/00001_00070_00012.png
client_0,25178,33,35,6,6,28,29,17,Train/17/00017_00024_00008.png
client_0,10124,40,39,6,5,35,34,5,Train/5/00005_00056_00014.png
client_0,22559,82,88,7,7,75,81,13,Train/13/00013_00069_00029.png
client_0,25387,32,36,6,6,27,31,17,Train/17/00017_00031_00007.png
client_0,20843,76,70,6,6,70,64,13,Train/13/00013_00012_00023.png
client_0,26239,86,86,7,8,79,79,18,Train/18/00018_00022_00019.png
client_0,3760,34,32,5,5,29,27,2,Train/2/00002_00032_00010.png
client_0,7712,28,29,6,6,22,23,4,Train/4/00004_00042_00002.png
client_0,38119,42,43,5,5,36,37,39,Train/39/00039_00001_00020.png
client_0,16488,41,41,5,5,36,36,10,Train/10/00010_00048_00018.png
client_0,16993,33,30,6,5,27,25,10,Train/10/00010_00065_00013.png
client_0,15227,42,41,6,5,37,36,10,Train/10/00010_00006_00017.png
client_0,13295,31,33,5,5,26,28,8,Train/8/00008_00038_00005.png
client_0,38431,34,33,6,5,29,28,40,Train/40/00040_00002_00002.png
client_0,9974,40,41,6,6,35,35,5,Train/5/00005_00051_00014.png
client_0,38264,33,34,5,6,28,29,39,Train/39/00039_00006_00015.png
client_0,9637,29,30,6,6,24,24,5,Train/5/00005_00040_00007.png
client_0,12960,26,27,6,6,21,22,8,Train/8/00008_00027_00000.png
client_0,10039,42,39,6,5,37,34,5,Train/5/00005_00053_00019.png
client_0,24875,30,34,5,6,25,29,17,Train/17/00017_00014_00005.png
client_0,2079,42,39,6,5,37,34,1,Train/1/00001_00050_00009.png
client_0,13104,63,67,6,6,58,61,8,Train/8/00008_00031_00024.png
client_0,18097,56,58,6,6,51,53,11,Train/11/00011_00035_00007.png
client_0,538,95,94,9,8,87,85,0,Train/0/00000_00005_00028.png
client_0,27141,60,57,5,5,55,52,21,Train/21/00021_00005_00021.png
client_0,221,28,29,5,6,23,24,20,Train/20/00020_00007_00011.png
client_0,9739,43,42,6,5,38,37,5,Train/5/00005_00043_00019.png
client_0,15625,74,76,6,7,68,70,10,Train/10/00010_00019_00025.png
client_0,19212,33,34,5,6,28,29,12,Train/12/00012_00028_00012.png
client_0,35311,36,41,5,6,30,35,35,Train/35/00035_00037_00002.png
client_0,5272,47,49,5,6,41,44,3,Train/3/00003_00007_00022.png
client_0,17408,44,40,6,5,38,35,11,Train/11/00011_00012_00008.png
client_0,21721,38,33,6,6,33,28,13,Train/13/00013_00042_00001.png
client_0,6875,30,30,6,5,25,25,4,Train/4/00004_00014_00005.png
client_0,38322,39,38,6,6,34,33,39,Train/39/00039_00008_00013.png
client_0,21203,87,78,8,7,80,71,13,Train/13/00013_00024_00023.png
client_0,24349,46,46,5,6,41,41,16,Train/16/00016_00010_00019.png
client_0,24693,27,29,6,6,22,24,17,Train/17/00017_00008_00003.png
client_0,7044,80,79,8,7,73,72,4,Train/4/00004_00019_00024.png
client_0,5716,36,38,6,5,31,33,3,Train/3/00003_00022_00016.png
client_0,15014,35,34,5,5,29,29,9,Train/9/00009_00048_00014.png
client_0,15473,54,54,5,5,49,49,10,Train/10/00010_00014_00023.png
client_0,38277,45,43,6,5,40,38,39,Train/39/00039_00006_00028.png
client_0,21843,33,40,6,5,28,35,13,Train/13/00013_00046_00003.png
client_0,9401,31,32,6,6,26,27,5,Train/5/00005_00032_00011.png
client_0,25498,63,71,5,6,58,65,17,Train/17/00017_00034_00028.png
client_0,9699,35,36,6,6,30,31,5,Train/5/00005_00042_00009.png
client_0,16761,61,59,5,6,56,54,10,Train/10/00010_00057_00021.png
client_0,18269,134,108,12,9,123,99,11,Train/11/00011_00040_00029.png
client_0,15848,31,32,6,5,26,27,10,Train/10/00010_00027_00008.png
client_0,26977,42,40,6,6,37,35,21,Train/21/00021_00000_00007.png
client_0,13060,31,30,6,5,25,24,8,Train/8/00008_00030_00010.png
client_0,8246,83,82,8,7,76,75,4,Train/4/00004_00059_00026.png
client_0,6462,54,54,6,6,49,49,4,Train/4/00004_00000_00012.png
client_0,34335,38,39,5,5,33,34,35,Train/35/00035_00004_00016.png
client_0,25945,40,48,5,6,34,42,18,Train/18/00018_00012_00025.png
client_0,22566,76,73,7,7,70,67,13,Train/13/00013_00070_00006.png
client_0,26186,140,124,13,11,128,114,18,Train/18/00018_00020_00026.png
client_0,18331,34,36,5,5,29,31,11,Train/11/00011_00043_00001.png
client_0,26342,39,34,5,6,34,29,18,Train/18/00018_00026_00002.png
client_0,21701,64,60,5,6,59,55,13,Train/13/00013_00041_00011.png
client_0,34934,36,38,5,5,31,33,35,Train/35/00035_00024_00015.png
client_0,320,54,48,6,6,49,43,20,Train/20/00020_00010_00020.png
client_0,5382,36,37,5,6,31,32,3,Train/3/00003_00011_00012.png
client_0,5008,79,79,7,7,72,72,2,Train/2/00002_00073_00028.png
client_0,27198,58,54,6,6,53,49,21,Train/21/00021_00007_00018.png
client_0,6547,32,31,6,6,27,26,4,Train/4/00004_00003_00007.png
client_0,17851,49,42,6,5,44,37,11,Train/11/00011_00027_00001.png
client_0,25292,34,34,6,5,29,29,17,Train/17/00017_00028_00002.png
client_0,13531,28,30,6,6,23,25,8,Train/8/00008_00046_00001.png
client_0,10320,30,31,6,6,25,26,6,Train/6/00006_00001_00000.png
client_0,10667,35,35,6,5,29,30,6,Train/6/00006_00012_00017.png
client_0,22529,167,121,15,10,153,111,13,Train/13/00013_00068_00029.png
client_0,15856,42,46,5,5,37,41,10,Train/10/00010_00027_00016.png
client_0,7989,37,34,6,5,32,29,4,Train/4/00004_00051_00009.png
client_0,24969,37,38,5,5,32,33,17,Train/17/00017_00017_00009.png
client_0,34123,32,31,6,5,27,26,34,Train/34/00034_00011_00014.png
client_0,14456,94,92,8,8,85,83,9,Train/9/00009_00029_00026.png
client_0,4547,34,33,6,5,29,28,2,Train/2/00002_00058_00017.png
client_0,15192,36,34,6,5,30,29,10,Train/10/00010_00005_00012.png
client_0,24460,27,32,6,6,22,27,17,Train/17/00017_00000_00010.png
client_0,20292,37,40,6,5,32,35,12,Train/12/00012_00064_00012.png
client_0,27003,33,33,5,6,28,28,21,Train/21/00021_00001_00003.png
client_0,30536,84,74,8,7,77,67,26,Train/26/00026_00018_00026.png
client_0,33856,42,40,5,5,37,35,34,Train/34/00034_00002_00017.png
client_0,24129,36,38,5,6,31,33,16,Train/16/00016_00003_00009.png
client_0,433,39,39,6,6,34,34,0,Train/0/00000_00002_00013.png
client_0,20674,40,38,6,6,35,33,13,Train/13/00013_00007_00004.png
client_0,6503,56,57,6,6,51,52,4,Train/4/00004_00001_00023.png
client_0,22416,38,34,5,5,33,29,13,Train/13/00013_00065_00006.png
client_0,21008,39,39,6,6,34,34,13,Train/13/00013_00018_00008.png
client_0,34009,50,50,5,5,45,45,34,Train/34/00034_00007_00020.png
client_0,17165,40,38,6,5,35,33,11,Train/11/00011_00004_00005.png
client_0,12807,60,56,6,5,55,51,8,Train/8/00008_00021_00027.png
client_0,17327,61,56,6,5,56,50,11,Train/11/00011_00009_00017.png
client_0,16602,42,42,5,5,37,37,10,Train/10/00010_00052_00012.png
client_0,18091,50,55,5,6,45,49,11,Train/11/00011_00035_00001.png
client_0,9408,38,39,6,6,33,34,5,Train/5/00005_00032_00018.png
client_0,17411,48,47,5,5,43,41,11,Train/11/00011_00012_00011.png
client_0,9586,37,39,5,6,32,34,5,Train/5/00005_00038_00016.png
client_0,20958,59,55,5,5,54,50,13,Train/13/00013_00016_00018.png
client_0,31227,133,129,11,12,121,118,28,Train/28/00028_00013_00027.png
client_0,20651,36,33,5,6,31,28,13,Train/13/00013_00006_00011.png
client_0,9178,54,55,5,6,49,50,5,Train/5/00005_00024_00028.png
client_0,26855,36,34,6,6,30,29,19,Train/19/00019_00003_00005.png
client_0,21584,46,46,6,6,41,41,13,Train/13/00013_00037_00014.png
client_0,27255,49,47,5,5,44,41,21,Train/21/00021_00009_00015.png
client_0,31002,51,46,6,6,45,40,28,Train/28/00028_00006_00012.png
client_0,28576,107,96,9,8,98,88,25,Train/25/00025_00003_00016.png
client_0,27153,35,33,6,6,30,28,21,Train/21/00021_00006_00003.png
client_0,18275,37,34,6,6,32,29,11,Train/11/00011_00041_00005.png
client_0,8956,48,47,6,5,43,42,5,Train/5/00005_00017_00016.png
client_0,17902,31,47,6,6,26,42,11,Train/11/00011_00028_00022.png
client_0,3353,57,55,6,5,51,50,2,Train/2/00002_00018_00023.png
client_0,29546,95,88,8,8,87,81,25,Train/25/00025_00035_00026.png
client_0,15383,67,68,6,7,61,62,10,Train/10/00010_00011_00023.png
client_0,10630,36,35,6,5,31,30,6,Train/6/00006_00011_00010.png
client_0,6821,35,36,5,6,30,30,4,Train/4/00004_00012_00011.png
client_0,25177,32,34,5,6,27,29,17,Train/17/00017_00024_00007.png
client_0,19635,76,77,6,7,70,71,12,Train/12/00012_00042_00015.png
client_0,34116,30,29,6,5,25,24,34,Train/34/00034_00011_00007.png
client_0,19306,56,56,6,6,51,51,12,Train/12/00012_00031_00016.png
client_0,30471,49,45,5,5,44,39,26,Train/26/00026_00016_00021.png
client_0,21461,45,39,5,5,40,34,13,Train/13/00013_00033_00011.png
client_0,8531,31,31,5,6,26,26,5,Train/5/00005_00003_00011.png
client_0,33821,35,35,6,6,30,30,34,Train/34/00034_00001_00012.png
client_0,28199,79,75,7,6,72,69,23,Train/23/00023_00016_00029.png
client_0,34040,50,50,6,5,45,45,34,Train/34/00034_00008_00021.png
client_0,35506,40,41,6,6,35,35,36,Train/36/00036_00003_00017.png
client_0,15166,35,35,6,6,30,30,10,Train/10/00010_00004_00016.png
client_0,26318,42,39,5,5,37,34,18,Train/18/00018_00025_00008.png
client_0,24796,28,30,5,6,23,25,17,Train/17/00017_00011_00016.png
client_0,20969,160,142,14,12,147,130,13,Train/13/00013_00016_00029.png
client_0,28143,42,37,6,6,37,32,23,Train/23/00023_00015_00003.png
client_0,21847,36,41,6,5,31,36,13,Train/13/00013_00046_00007.png
client_0,3041,33,35,5,6,28,30,2,Train/2/00002_00008_00011.png
client_0,372,37,38,5,6,32,33,0,Train/0/00000_00000_00012.png
client_0,25155,37,37,6,5,32,32,17,Train/17/00017_00023_00015.png
client_0,8819,123,123,10,10,113,113,5,Train/5/00005_00012_00029.png
client_0,7297,33,33,5,5,28,28,4,Train/4/00004_00028_00007.png
client_0,17208,74,64,7,5,67,59,11,Train/11/00011_00005_00018.png
client_0,25308,48,49,6,5,43,44,17,Train/17/00017_00028_00018.png
client_0,7232,39,39,6,6,34,34,4,Train/4/00004_00026_00002.png
client_0,7015,66,72,6,7,60,65,4,Train/4/00004_00018_00025.png
client_0,2096,65,64,6,6,59,59,1,Train/1/00001_00050_00026.png
client_0,16398,49,50,6,5,44,45,10,Train/10/00010_00045_00018.png
client_0,19665,32,33,5,6,27,28,12,Train/12/00012_00043_00015.png
client_0,24441,65,64,5,5,59,59,16,Train/16/00016_00013_00021.png
client_0,34550,42,44,5,6,37,39,35,Train/35/00035_00011_00021.png
client_0,16559,64,62,6,6,59,57,10,Train/10/00010_00050_00029.png
client_0,26483,70,64,7,6,64,59,18,Train/18/00018_00030_00023.png
client_0,21342,37,34,6,5,32,29,13,Train/13/00013_00029_00012.png
client_0,20925,89,84,8,7,82,77,13,Train/13/00013_00015_00015.png
client_0,23812,54,56,6,5,49,51,15,Train/15/00015_00013_00022.png
client_0,21919,82,75,8,7,75,69,13,Train/13/00013_00048_00019.png
client_0,8671,30,30,6,6,25,25,5,Train/5/00005_00008_00001.png
client_0,202,55,49,5,5,50,43,20,Train/20/00020_00006_00022.png
client_0,17231,35,32,6,6,30,27,11,Train/11/00011_00006_00011.png
client_0,22518,94,74,9,6,86,68,13,Train/13/00013_00068_00018.png
client_0,26068,67,62,6,6,61,57,18,Train/18/00018_00016_00028.png
client_0,23676,39,38,6,5,34,33,15,Train/15/00015_00009_00006.png
client_0,16393,44,45,5,6,39,40,10,Train/10/00010_00045_00013.png
client_0,17918,57,54,5,6,52,48,11,Train/11/00011_00029_00008.png
client_0,8921,38,38,5,5,33,33,5,Train/5/00005_00016_00011.png
client_0,153,30,29,5,6,25,24,20,Train/20/00020_00005_00003.png
client_0,24990,30,32,5,5,25,27,17,Train/17/00017_00018_00000.png
client_0,21582,43,44,5,6,38,39,13,Train/13/00013_00037_00012.png
client_0,25759,67,62,6,6,61,57,18,Train/18/00018_00006_00019.png
client_0,29342,48,48,5,6,43,43,25,Train/25/00025_00029_00002.png
client_0,15686,87,87,8,8,80,80,10,Train/10/00010_00021_00026.png
client_0,28488,64,63,6,6,59,58,25,Train/25/00025_00000_00018.png
client_0,25561,27,27,5,6,21,22,18,Train/18/00018_00000_00001.png
client_0,25571,28,27,5,6,23,22,18,Train/18/00018_00000_00011.png
client_0,31059,71,63,7,6,65,57,28,Train/28/00028_00008_00009.png
client_0,12508,81,81,8,8,74,74,8,Train/8/00008_00011_00028.png
client_0,28731,140,129,12,11,127,118,25,Train/25/00025_00008_00021.png
client_0,14607,84,81,7,7,77,74,9,Train/9/00009_00034_00027.png
client_0,15674,45,45,5,5,40,40,10,Train/10/00010_00021_00014.png
client_0,34601,37,37,6,6,31,31,35,Train/35/00035_00013_00012.png
client_0,19910,46,46,6,5,41,41,12,Train/12/00012_00051_00020.png
client_0,2436,33,34,5,5,28,29,1,Train/1/00001_00062_00006.png
client_0,15765,39,41,5,6,34,36,10,Train/10/00010_00024_00015.png
client_0,33882,62,63,6,5,56,58,34,Train/34/00034_00003_00013.png
client_0,18130,55,56,5,6,50,51,11,Train/11/00011_00036_00010.png
client_0,10066,37,37,5,6,32,32,5,Train/5/00005_00054_00016.png
client_0,10737,103,97,9,9,94,89,7,Train/7/00007_00000_00027.png
client_0,23544,56,58,5,5,51,52,15,Train/15/00015_00004_00024.png
client_0,21029,107,100,10,8,98,92,13,Train/13/00013_00018_00029.png
client_0,15255,45,45,6,6,40,40,10,Train/10/00010_00007_00015.png
client_0,5595,46,46,6,6,41,41,3,Train/3/00003_00018_00015.png
client_0,12408,43,43,6,6,38,38,8,Train/8/00008_00008_00018.png
client_0,20745,44,42,5,5,38,36,13,Train/13/00013_00009_00015.png
client_0,22360,37,35,5,5,32,30,13,Train/13/00013_00063_00010.png
client_0,31314,71,72,6,6,65,66,28,Train/28/00028_00016_00024.png
client_0,12479,75,75,7,7,69,69,8,Train/8/00008_00010_00029.png
client_0,21455,37,33,6,5,32,28,13,Train/13/00013_00033_00005.png
client_0,17171,45,46,5,6,40,41,11,Train/11/00011_00004_00011.png
client_0,4266,32,31,6,6,26,26,2,Train/2/00002_00049_00006.png
client_0,6033,27,29,5,6,22,24,3,Train/3/00003_00033_00003.png
client_0,16990,31,30,6,6,26,25,10,Train/10/00010_00065_00010.png
client_0,17567,45,43,5,5,40,38,11,Train/11/00011_00017_00017.png
client_0,22501,55,49,5,6,50,44,13,Train/13/00013_00068_00001.png
client_0,17285,49,46,5,5,44,41,11,Train/11/00011_00008_00005.png
client_0,3139,44,41,5,6,38,35,2,Train/2/00002_00011_00019.png
client_0,34917,103,99,9,9,94,91,35,Train/35/00035_00023_00028.png
client_0,4179,35,39,5,6,30,34,2,Train/2/00002_00046_00009.png
client_0,25075,55,51,6,6,50,46,17,Train/17/00017_00020_00025.png
client_0,24534,35,47,6,5,29,42,17,Train/17/00017_00002_00024.png
client_0,31185,42,39,6,5,37,34,28,Train/28/00028_00012_00015.png
client_0,388,124,127,10,11,113,116,0,Train/0/00000_00000_00028.png
client_0,20468,31,31,5,6,26,26,13,Train/13/00013_00000_00008.png
client_0,28308,84,76,7,6,77,70,24,Train/24/00024_00003_00018.png
client_0,13575,43,42,5,5,38,37,9,Train/9/00009_00000_00015.png
client_0,9429,31,32,5,5,25,27,5,Train/5/00005_00033_00009.png
client_0,6709,44,45,5,5,39,40,4,Train/4/00004_00008_00019.png
client_0,5831,32,31,5,5,26,26,3,Train/3/00003_00026_00011.png
client_0,14542,58,58,5,5,53,53,9,Train/9/00009_00032_00022.png
client_0,22372,56,52,5,5,51,47,13,Train/13/00013_00063_00022.png
client_0,22137,117,104,11,9,107,95,13,Train/13/00013_00055_00027.png
client_0,21114,74,67,7,6,68,61,13,Train/13/00013_00021_00024.png
client_0,27129,38,35,6,5,33,30,21,Train/21/00021_00005_00009.png
client_0,2497,30,30,5,6,25,25,1,Train/1/00001_00064_00007.png
client_0,14595,38,38,6,6,33,32,9,Train/9/00009_00034_00015.png
client_0,15717,59,59,6,6,54,54,10,Train/10/00010_00022_00027.png
client_0,27005,35,34,5,6,30,29,21,Train/21/00021_00001_00005.png
client_0,35446,44,45,6,5,39,39,36,Train/36/00036_00001_00017.png
client_0,5901,40,44,5,6,35,39,3,Train/3/00003_00028_00021.png
client_0,16538,33,34,5,6,28,29,10,Train/10/00010_00050_00008.png
client_0,21848,38,43,6,5,33,38,13,Train/13/00013_00046_00008.png
client_0,22160,58,54,5,5,53,49,13,Train/13/00013_00056_00020.png
client_0,10664,33,34,6,5,27,28,6,Train/6/00006_00012_00014.png
client_0,14653,46,46,5,6,41,41,9,Train/9/00009_00036_00013.png
client_0,25139,111,109,9,9,102,100,17,Train/17/00017_00022_00029.png
client_0,33814,31,30,5,5,26,25,34,Train/34/00034_00001_00005.png
client_0,16715,31,31,6,6,26,26,10,Train/10/00010_00056_00005.png
client_0,22321,32,32,6,6,27,27,13,Train/13/00013_00062_00001.png
client_0,21702,65,60,6,6,60,55,13,Train/13/00013_00041_00012.png
client_0,17647,39,37,5,5,34,32,11,Train/11/00011_00020_00007.png
client_0,22336,49,49,5,6,44,44,13,Train/13/00013_00062_00016.png
client_0,21035,53,47,6,5,48,42,13,Train/13/00013_00019_00005.png
client_0,22105,143,133,12,11,131,122,13,Train/13/00013_00054_00025.png
client_0,26252,35,33,6,6,30,28,18,Train/18/00018_00023_00002.png
client_0,22342,80,72,7,7,73,66,13,Train/13/00013_00062_00022.png
client_0,20262,33,35,5,5,28,30,12,Train/12/00012_00063_00012.png
client_0,38387,51,49,5,6,46,44,40,Train/40/00040_00000_00018.png
client_0,10266,29,29,5,5,24,24,5,Train/5/00005_00061_00006.png
client_0,17937,128,113,12,10,117,104,11,Train/11/00011_00029_00027.png
client_0,20516,97,94,8,9,88,85,13,Train/13/00013_00001_00026.png
client_0,21547,39,38,5,5,34,33,13,Train/13/00013_00036_00007.png
client_0,25511,30,30,6,6,25,25,17,Train/17/00017_00035_00011.png
client_0,35593,41,42,5,6,36,37,36,Train/36/00036_00006_00014.png
client_0,13194,72,71,7,6,65,64,8,Train/8/00008_00034_00024.png
client_0,21436,60,47,5,6,55,42,13,Train/13/00013_00032_00016.png
client_0,32068,64,58,5,5,59,53,30,Train/30/00030_00014_00028.png
client_0,17382,55,51,5,6,49,46,11,Train/11/00011_00011_00012.png
client_0,9617,35,35,6,5,30,30,5,Train/5/00005_00039_00017.png
client_0,26313,37,35,6,5,32,29,18,Train/18/00018_00025_00003.png
client_0,20370,33,33,6,5,28,28,12,Train/12/00012_00067_00000.png
client_0,13449,33,30,6,6,28,25,8,Train/8/00008_00043_00009.png
client_0,34270,35,35,6,5,30,30,35,Train/35/00035_00002_00011.png
client_0,25179,33,35,5,6,27,30,17,Train/17/00017_00024_00009.png
client_0,19366,49,54,6,6,44,49,12,Train/12/00012_00033_00016.png
client_0,12835,64,62,5,6,59,57,8,Train/8/00008_00022_00025.png
client_0,8337,58,58,5,5,53,53,4,Train/4/00004_00062_00027.png
client_0,15911,33,34,6,6,28,29,10,Train/10/00010_00029_00011.png
client_0,13405,51,50,6,5,46,45,8,Train/8/00008_00041_00025.png
client_0,12420,33,32,6,5,28,27,8,Train/8/00008_00009_00000.png
client_0,9593,44,46,5,5,39,41,5,Train/5/00005_00038_00023.png
client_0,5934,53,52,6,5,48,47,3,Train/3/00003_00029_00024.png
client_0,7799,70,72,7,6,64,66,4,Train/4/00004_00044_00029.png
client_0,24889,33,37,6,6,28,32,17,Train/17/00017_00014_00019.png
client_0,22316,124,117,10,11,114,107,13,Train/13/00013_00061_00026.png
client_0,24470,30,33,6,5,25,28,17,Train/17/00017_00000_00020.png
client_0,34709,34,34,6,5,29,29,35,Train/35/00035_00017_00000.png
client_0,34080,30,34,5,6,24,29,34,Train/34/00034_00010_00001.png
client_0,247,32,33,5,6,27,28,20,Train/20/00020_00008_00007.png
client_0,7899,35,35,5,5,30,30,4,Train/4/00004_00048_00009.png
client_0,9938,34,34,5,5,29,29,5,Train/5/00005_00050_00008.png
client_0,147,52,53,5,6,47,48,20,Train/20/00020_00004_00027.png
client_0,17713,70,60,6,5,64,55,11,Train/11/00011_00022_00013.png
client_0,9193,30,31,5,6,25,26,5,Train/5/00005_00025_00013.png
client_0,6315,38,38,6,5,33,33,3,Train/3/00003_00042_00015.png
client_0,1084,35,35,5,5,30,30,1,Train/1/00001_00017_00004.png
client_0,22393,30,31,5,6,25,26,13,Train/13/00013_00064_00013.png
client_0,21525,65,73,6,7,60,67,13,Train/13/00013_00035_00015.png
client_0,20106,43,40,6,6,38,35,12,Train/12/00012_00058_00006.png
client_0,26335,106,99,10,9,97,91,18,Train/18/00018_00025_00025.png
client_0,33783,28,34,5,5,23,29,34,Train/34/00034_00000_00004.png
client_0,15941,33,33,6,6,28,28,10,Train/10/00010_00030_00011.png
client_0,27053,56,51,5,6,51,46,21,Train/21/00021_00002_00023.png
client_0,35713,35,37,5,6,30,32,36,Train/36/00036_00010_00014.png
client_0,32065,56,51,6,5,51,46,30,Train/30/00030_00014_00025.png
client_0,18338,40,40,5,5,35,35,11,Train/11/00011_00043_00008.png
client_0,1309,29,29,6,6,24,24,1,Train/1/00001_00024_00019.png
client_0,26463,31,29,6,6,26,24,18,Train/18/00018_00030_00003.png
client_0,29197,44,44,5,6,39,39,25,Train/25/00025_00024_00007.png
client_0,25653,44,41,6,5,39,36,18,Train/18/00018_00003_00003.png
client_0,17612,32,29,6,6,27,24,11,Train/11/00011_00019_00002.png
client_0,28114,80,71,8,7,73,65,23,Train/23/00023_00014_00004.png
client_0,19349,103,105,9,10,94,96,12,Train/12/00012_00032_00029.png
client_0,10514,30,32,5,6,25,27,6,Train/6/00006_00007_00014.png
client_0,17174,51,51,5,6,46,45,11,Train/11/00011_00004_00014.png
client_0,6309,33,33,5,5,28,28,3,Train/3/00003_00042_00009.png
client_0,16063,35,33,5,5,30,27,10,Train/10/00010_00034_00013.png
client_0,24779,50,53,5,6,45,48,17,Train/17/00017_00010_00029.png
client_0,18483,30,27,6,6,25,22,12,Train/12/00012_00004_00003.png
client_0,21356,50,46,6,6,45,41,13,Train/13/00013_00029_00026.png
client_0,20620,33,33,5,5,27,28,13,Train/13/00013_00005_00010.png
client_0,20883,46,43,6,6,41,38,13,Train/13/00013_00014_00003.png
client_0,18006,40,42,5,6,35,37,11,Train/11/00011_00032_00006.png
client_0,22337,53,53,5,6,48,48,13,Train/13/00013_00062_00017.png
client_0,31047,105,92,9,9,95,84,28,Train/28/00028_00007_00027.png
client_0,23731,38,47,5,6,33,42,15,Train/15/00015_00011_00001.png
client_0,26135,41,40,6,5,36,35,18,Train/18/00018_00019_00005.png
client_0,16856,52,47,6,5,47,42,10,Train/10/00010_00060_00026.png
client_0,25048,84,85,8,8,77,78,17,Train/17/00017_00019_00028.png
client_0,25051,27,28,5,5,22,23,17,Train/17/00017_00020_00001.png
client_0,38213,71,73,6,6,64,66,39,Train/39/00039_00004_00024.png
client_0,38137,51,57,6,6,46,51,39,Train/39/00039_00002_00008.png
client_0,5928,42,40,6,5,36,34,3,Train/3/00003_00029_00018.png
client_0,22331,40,39,6,6,35,34,13,Train/13/00013_00062_00011.png
client_0,10040,42,42,5,6,37,37,5,Train/5/00005_00053_00020.png
client_0,21430,46,37,6,5,41,32,13,Train/13/00013_00032_00010.png
client_0,2840,48,49,6,5,43,44,2,Train/2/00002_00001_00020.png
client_0,19936,117,116,11,10,106,106,12,Train/12/00012_00052_00016.png
client_0,25254,35,37,5,6,30,32,17,Train/17/00017_00026_00024.png
client_0,33873,47,48,6,6,42,43,34,Train/34/00034_00003_00004.png
client_0,25977,98,98,9,9,90,90,18,Train/18/00018_00013_00027.png
client_0,34142,30,30,6,5,25,25,34,Train/34/00034_00012_00003.png
client_0,22608,49,46,5,6,44,41,13,Train/13/00013_00071_00018.png
client_0,16670,49,49,6,6,44,44,10,Train/10/00010_00054_00020.png
client_0,9134,39,39,6,6,34,34,5,Train/5/00005_00023_00014.png
client_0,35245,42,48,6,5,37,42,35,Train/35/00035_00034_00026.png
client_0,17814,72,65,7,6,66,60,11,Train/11/00011_00025_00024.png
client_0,39114,64,61,6,5,59,56,42,Train/42/00042_00004_00025.png
client_0,17403,38,39,5,6,33,33,11,Train/11/00011_00012_00003.png
client_0,21253,44,53,6,6,39,48,13,Train/13/00013_00026_00013.png
client_0,4947,44,45,5,6,39,40,2,Train/2/00002_00071_00027.png
client_0,20439,54,53,5,5,49,48,12,Train/12/00012_00069_00009.png
client_0,33837,49,46,6,6,44,41,34,Train/34/00034_00001_00028.png
client_0,21334,32,30,5,5,27,25,13,Train/13/00013_00029_00004.png
client_0,21395,30,29,5,5,25,24,13,Train/13/00013_00031_00005.png
client_0,15136,37,39,6,6,32,33,10,Train/10/00010_00003_00016.png
client_0,34469,25,25,5,5,20,20,35,Train/35/00035_00009_00000.png
client_0,21033,52,47,5,5,46,41,13,Train/13/00013_00019_00003.png
client_0,8602,41,44,6,6,36,39,5,Train/5/00005_00005_00022.png
client_0,24555,33,34,5,5,28,29,17,Train/17/00017_00003_00015.png
client_0,9248,31,31,6,6,26,26,5,Train/5/00005_00027_00008.png
client_0,21706,70,61,7,5,64,56,13,Train/13/00013_00041_00016.png
client_0,39073,36,36,6,5,31,31,42,Train/42/00042_00003_00014.png
client_0,19566,40,40,5,5,35,35,12,Train/12/00012_00040_00006.png
client_0,21591,68,67,7,6,62,61,13,Train/13/00013_00037_00021.png
client_0,22097,103,98,9,9,94,90,13,Train/13/00013_00054_00017.png
client_0,3963,29,28,6,5,24,23,2,Train/2/00002_00039_00003.png
client_0,15628,104,98,10,9,95,90,10,Train/10/00010_00019_00028.png
client_0,5922,35,33,6,5,29,27,3,Train/3/00003_00029_00012.png
client_0,21690,63,57,5,5,58,52,13,Train/13/00013_00041_00000.png
client_0,9660,25,26,5,5,20,21,5,Train/5/00005_00041_00000.png
client_0,21935,34,30,6,6,28,25,13,Train/13/00013_00049_00005.png
client_0,34580,49,50,6,6,43,45,35,Train/35/00035_00012_00021.png
client_0,21544,39,39,5,6,34,34,13,Train/13/00013_00036_00004.png
client_0,22437,95,82,9,8,87,75,13,Train/13/00013_00065_00027.png
client_0,35935,55,57,6,6,50,52,37,Train/37/00037_00004_00026.png
client_0,16859,59,53,6,5,54,48,10,Train/10/00010_00060_00029.png
client_0,16836,28,29,5,6,23,23,10,Train/10/00010_00060_00006.png
client_0,24789,28,29,6,6,23,24,17,Train/17/00017_00011_00009.png
client_0,34127,62,61,6,5,57,56,34,Train/34/00034_00011_00018.png
client_0,20530,43,41,5,6,38,36,13,Train/13/00013_00002_00010.png
client_0,3735,37,38,5,5,31,33,2,Train/2/00002_00031_00015.png
client_0,20366,58,68,5,7,53,62,12,Train/12/00012_00066_00026.png
client_0,26771,83,70,8,7,76,63,19,Train/19/00019_00000_00011.png
client_0,3685,84,83,7,8,76,76,2,Train/2/00002_00029_00025.png
client_0,21704,69,60,6,5,63,55,13,Train/13/00013_00041_00014.png
client_0,7145,30,30,5,5,25,25,4,Train/4/00004_00023_00005.png
client_0,25018,39,41,5,6,34,36,17,Train/17/00017_00018_00028.png
client_0,13049,147,148,13,12,135,136,8,Train/8/00008_00029_00029.png
client_0,17817,105,86,10,8,96,79,11,Train/11/00011_00025_00027.png
client_0,25208,40,40,6,6,34,34,17,Train/17/00017_00025_00008.png
client_0,17259,53,50,5,6,47,44,11,Train/11/00011_00007_00009.png
client_0,9416,52,53,6,6,46,47,5,Train/5/00005_00032_00026.png
client_0,5107,32,34,5,6,27,28,3,Train/3/00003_00002_00007.png
client_0,35782,68,68,7,6,62,62,36,Train/36/00036_00012_00023.png
client_0,21588,54,54,6,6,49,49,13,Train/13/00013_00037_00018.png
client_0,24635,31,33,5,6,26,28,17,Train/17/00017_00006_00005.png
client_0,30993,42,39,6,6,37,34,28,Train/28/00028_00006_00003.png
client_0,34369,39,40,6,6,34,34,35,Train/35/00035_00005_00020.png
client_0,16008,46,38,6,5,40,33,10,Train/10/00010_00032_00018.png
client_0,21279,33,32,6,5,28,27,13,Train/13/00013_00027_00009.png
client_0,8420,42,42,5,5,37,37,4,Train/4/00004_00065_00020.png
client_0,6395,32,32,6,6,27,27,3,Train/3/00003_00045_00005.png
client_0,6891,45,48,5,5,40,43,4,Train/4/00004_00014_00021.png
client_0,14012,43,43,5,5,38,38,9,Train/9/00009_00015_00002.png
client_0,17795,34,33,6,5,29,28,11,Train/11/00011_00025_00005.png
client_0,2332,71,63,7,5,65,58,1,Train/1/00001_00058_00022.png
client_0,22125,49,46,5,5,44,41,13,Train/13/00013_00055_00015.png
client_0,6477,85,84,8,8,78,77,4,Train/4/00004_00000_00027.png
client_0,27190,41,40,5,5,36,35,21,Train/21/00021_00007_00010.png
client_0,8586,31,30,6,6,25,24,5,Train/5/00005_00005_00006.png
client_0,9506,92,97,8,9,84,89,5,Train/5/00005_00035_00026.png
client_0,20570,92,83,8,7,84,76,13,Train/13/00013_00003_00020.png
client_0,30821,41,40,6,6,36,35,28,Train/28/00028_00000_00011.png
client_0,20665,65,58,6,5,60,52,13,Train/13/00013_00006_00025.png
client_0,4460,48,50,5,6,42,45,2,Train/2/00002_00055_00020.png
client_0,2208,57,56,6,6,52,51,1,Train/1/00001_00054_00018.png
client_0,39026,87,85,7,8,80,78,42,Train/42/00042_00001_00027.png
client_0,10361,36,38,6,6,31,33,6,Train/6/00006_00002_00011.png
client_0,6615,62,61,6,6,57,56,4,Train/4/00004_00005_00015.png
client_0,13353,31,31,5,5,26,26,8,Train/8/00008_00040_00003.png
client_0,23451,48,105,5,10,43,96,15,Train/15/00015_00001_00021.png
client_0,9398,29,30,5,6,23,25,5,Train/5/00005_00032_00008.png
client_0,17362,92,80,9,7,84,73,11,Train/11/00011_00010_00022.png
client_0,3987,58,58,6,5,52,52,2,Train/2/00002_00039_00027.png
client_0,382,63,61,6,5,57,56,0,Train/0/00000_00000_00022.png
client_0,25112,34,34,6,5,29,29,17,Train/17/00017_00022_00002.png
client_0,30688,60,60,6,6,55,55,27,Train/27/00027_00003_00028.png
client_0,38230,40,40,6,5,35,34,39,Train/39/00039_00005_00011.png
client_0,28729,127,118,11,10,116,108,25,Train/25/00025_00008_00019.png
client_0,7124,34,35,5,5,29,30,4,Train/4/00004_00022_00014.png
client_0,21009,38,38,5,5,33,33,13,Train/13/00013_00018_00009.png
client_0,21913,63,58,5,5,58,53,13,Train/13/00013_00048_00013.png
client_0,9813,30,31,5,5,25,26,5,Train/5/00005_00046_00003.png
client_0,24829,31,31,5,6,26,26,17,Train/17/00017_00012_00019.png
client_0,38161,29,28,6,6,24,23,39,Train/39/00039_00003_00002.png
client_0,31172,30,26,6,5,25,21,28,Train/28/00028_00012_00002.png
client_0,10227,83,82,7,7,76,75,5,Train/5/00005_00059_00027.png
client_0,24572,41,44,6,6,35,38,17,Train/17/00017_00004_00002.png
client_0,25613,76,69,7,7,70,63,18,Train/18/00018_00001_00023.png
client_0,21433,52,43,6,6,47,38,13,Train/13/00013_00032_00013.png
client_0,25593,47,42,6,5,42,36,18,Train/18/00018_00001_00003.png
client_0,25936,39,41,5,5,34,36,18,Train/18/00018_00012_00016.png
client_0,35603,64,65,6,6,59,60,36,Train/36/00036_00006_00024.png
client_0,8693,64,64,5,5,59,59,5,Train/5/00005_00008_00023.png
client_0,27181,35,34,5,6,30,29,21,Train/21/00021_00007_00001.png
client_0,38261,31,32,5,5,26,27,39,Train/39/00039_00006_00012.png
client_0,8657,42,41,6,5,37,36,5,Train/5/00005_00007_00017.png
client_0,8392,46,46,5,6,41,41,4,Train/4/00004_00064_00022.png
client_0,15768,44,45,5,6,39,40,10,Train/10/00010_00024_00018.png
client_0,12808,70,65,7,6,64,60,8,Train/8/00008_00021_00028.png
client_0,39192,34,36,5,6,29,31,42,Train/42/00042_00007_00013.png
client_0,22376,79,71,7,6,72,65,13,Train/13/00013_00063_00026.png
client_0,10182,32,32,6,5,27,26,5,Train/5/00005_00058_00012.png
client_0,22511,69,54,6,6,63,49,13,Train/13/00013_00068_00011.png
client_0,12401,38,37,6,5,33,32,8,Train/8/00008_00008_00011.png
client_0,3714,52,46,5,5,47,41,2,Train/2/00002_00030_00024.png
client_0,20900,87,79,7,7,80,72,13,Train/13/00013_00014_00020.png
client_0,16313,53,53,6,5,47,48,10,Train/10/00010_00042_00023.png
client_0,22452,38,37,6,6,33,32,13,Train/13/00013_00066_00012.png
client_0,9766,46,48,6,6,40,43,5,Train/5/00005_00044_00016.png
client_0,31112,44,40,6,6,39,35,28,Train/28/00028_00010_00002.png
client_0,21389,122,107,11,9,112,98,13,Train/13/00013_00030_00029.png
client_0,22169,70,63,6,5,64,58,13,Train/13/00013_00056_00029.png
client_0,25191,50,55,5,6,45,49,17,Train/17/00017_00024_00021.png
client_0,7454,39,40,5,6,34,35,4,Train/4/00004_00033_00014.png
client_0,22185,100,89,8,8,92,82,13,Train/13/00013_00057_00015.png
client_0,15194,35,35,5,5,30,30,10,Train/10/00010_00005_00014.png
client_0,23650,42,41,6,5,37,36,15,Train/15/00015_00008_00010.png
client_0,31240,45,43,6,6,39,37,28,Train/28/00028_00014_00010.png
client_0,15933,28,29,5,6,23,24,10,Train/10/00010_00030_00003.png
client_0,25036,47,50,6,6,42,45,17,Train/17/00017_00019_00016.png
client_0,12426,34,33,6,5,29,28,8,Train/8/00008_00009_00006.png
client_0,25261,27,27,6,6,21,22,17,Train/17/00017_00027_00001.png
client_0,15341,36,36,6,6,31,31,10,Train/10/00010_00010_00011.png
client_0,21369,41,39,5,5,35,33,13,Train/13/00013_00030_00009.png
client_0,16599,39,39,5,5,34,34,10,Train/10/00010_00052_00009.png
client_0,4129,50,49,6,5,45,44,2,Train/2/00002_00044_00019.png
client_0,21136,56,57,6,6,50,51,13,Train/13/00013_00022_00016.png
client_0,8857,34,33,6,5,29,28,5,Train/5/00005_00014_00007.png
client_0,39148,62,59,6,5,56,54,42,Train/42/00042_00005_00029.png
client_0,16169,75,63,6,5,69,58,10,Train/10/00010_00037_00029.png
client_0,3067,45,43,6,5,40,38,2,Train/2/00002_00009_00007.png
client_0,13388,40,39,6,5,35,34,8,Train/8/00008_00041_00008.png
client_0,33960,27,29,5,5,22,24,34,Train/34/00034_00006_00001.png
client_0,7227,99,93,9,8,91,85,4,Train/4/00004_00025_00027.png
client_0,33895,112,121,10,10,103,111,34,Train/34/00034_00003_00026.png
client_0,10693,36,36,6,5,31,31,6,Train/6/00006_00013_00013.png
client_0,10061,36,36,5,6,31,31,5,Train/5/00005_00054_00011.png
client_0,24902,27,31,5,5,22,26,17,Train/17/00017_00015_00002.png
client_0,19810,44,48,6,6,39,43,12,Train/12/00012_00048_00010.png
client_0,16894,30,30,5,5,25,25,10,Train/10/00010_00062_00004.png
client_0,422,27,28,5,6,22,23,0,Train/0/00000_00002_00002.png
client_0,6007,51,52,6,5,46,47,3,Train/3/00003_00032_00007.png
client_0,25035,45,49,5,6,40,44,17,Train/17/00017_00019_00015.png
client_0,16367,34,37,5,6,29,32,10,Train/10/00010_00044_00017.png
client_0,20494,29,32,5,6,23,26,13,Train/13/00013_00001_00004.png
client_0,3272,27,28,5,5,22,23,2,Train/2/00002_00016_00002.png
client_0,12104,33,34,6,6,28,29,7,Train/7/00007_00046_00014.png
client_0,21001,33,32,6,5,28,27,13,Train/13/00013_00018_00001.png
client_0,29901,128,112,12,9,117,103,25,Train/25/00025_00047_00021.png
client_0,34189,50,50,6,6,45,45,34,Train/34/00034_00013_00020.png
client_0,18193,63,56,5,5,57,51,11,Train/11/00011_00038_00013.png
client_0,38457,109,111,9,9,100,102,40,Train/40/00040_00002_00028.png
client_0,34521,63,64,6,6,57,59,35,Train/35/00035_00010_00022.png
client_0,21153,27,33,5,5,22,28,13,Train/13/00013_00023_00003.png
client_0,20982,56,51,6,6,51,46,13,Train/13/00013_00017_00012.png
client_0,38360,43,48,5,6,38,43,39,Train/39/00039_00009_00021.png
client_0,26794,33,32,5,6,27,27,19,Train/19/00019_00001_00004.png
client_0,20588,34,31,6,6,29,26,13,Train/13/00013_00004_00008.png
client_0,13450,32,31,5,6,27,26,8,Train/8/00008_00043_00010.png
client_0,21150,26,32,5,6,20,26,13,Train/13/00013_00023_00000.png
client_0,38194,30,30,5,5,25,25,39,Train/39/00039_00004_00005.png
client_0,20132,31,31,6,6,26,26,12,Train/12/00012_00059_00002.png
client_0,34135,92,94,8,9,84,86,34,Train/34/00034_00011_00026.png
client_0,35987,63,67,6,6,58,61,37,Train/37/00037_00006_00018.png
client_0,15043,42,43,5,6,37,38,10,Train/10/00010_00000_00013.png
client_0,7245,46,48,5,5,41,43,4,Train/4/00004_00026_00015.png
client_0,1879,61,61,6,6,56,56,1,Train/1/00001_00043_00019.png
client_0,22489,48,46,5,6,43,41,13,Train/13/00013_00067_00019.png
client_0,29493,50,50,5,6,45,45,25,Train/25/00025_00034_00003.png
client_0,31675,51,45,5,6,46,40,30,Train/30/00030_00001_00025.png
client_0,38138,52,57,6,6,47,52,39,Train/39/00039_00002_00009.png
client_0,5087,38,38,5,5,33,33,3,Train/3/00003_00001_00017.png
client_0,17233,34,32,5,5,28,26,11,Train/11/00011_00006_00013.png
client_0,5248,86,96,8,9,79,88,3,Train/3/00003_00006_00028.png
client_0,19424,44,44,5,5,39,39,12,Train/12/00012_00035_00014.png
client_0,13306,36,40,5,6,31,35,8,Train/8/00008_00038_00016.png
client_0,394,31,31,5,5,26,26,0,Train/0/00000_00001_00004.png
client_0,24711,30,32,5,5,25,27,17,Train/17/00017_00008_00021.png
client_0,16212,36,35,6,6,30,30,10,Train/10/00010_00039_00012.png
client_0,20066,72,73,7,6,66,67,12,Train/12/00012_00056_00026.png
client_0,22224,43,48,5,5,38,42,13,Train/13/00013_00058_00024.png
client_0,7343,62,61,6,5,57,56,4,Train/4/00004_00029_00023.png
client_0,3329,106,110,10,10,97,101,2,Train/2/00002_00017_00029.png
client_0,16842,33,31,6,5,28,26,10,Train/10/00010_00060_00012.png
client_0,24505,45,45,5,5,39,40,17,Train/17/00017_00001_00025.png
client_0,15620,55,55,5,5,50,50,10,Train/10/00010_00019_00020.png
client_0,14277,49,53,5,6,44,48,9,Train/9/00009_00023_00027.png
client_0,35623,34,35,6,6,29,30,36,Train/36/00036_00007_00014.png
client_0,1284,45,42,5,5,40,37,1,Train/1/00001_00023_00024.png
client_0,24947,34,36,5,6,29,31,17,Train/17/00017_00016_00017.png
client_0,22133,75,68,7,6,69,62,13,Train/13/00013_00055_00023.png
client_0,15223,38,38,6,6,33,33,10,Train/10/00010_00006_00013.png
client_0,21123,46,44,5,5,41,39,13,Train/13/00013_00022_00003.png
client_0,35697,77,81,7,7,70,74,36,Train/36/00036_00009_00028.png
client_0,7464,60,61,6,6,55,56,4,Train/4/00004_00033_00024.png
client_0,26417,53,55,5,5,47,50,18,Train/18/00018_00028_00017.png
client_0,5925,37,36,5,6,31,31,3,Train/3/00003_00029_00015.png
client_0,8484,41,40,6,5,36,35,5,Train/5/00005_00001_00024.png
client_0,16816,45,46,5,6,40,41,10,Train/10/00010_00059_00016.png
client_0,21380,60,55,6,6,55,50,13,Train/13/00013_00030_00020.png
client_0,26549,118,118,11,11,108,108,18,Train/18/00018_00032_00029.png
client_0,15548,33,32,6,5,28,27,10,Train/10/00010_00017_00008.png
client_0,21492,39,37,6,5,34,31,13,Train/13/00013_00034_00012.png
client_0,17872,92,80,8,8,84,73,11,Train/11/00011_00027_00022.png
client_0,9310,32,34,5,6,27,29,5,Train/5/00005_00029_00010.png
client_0,22335,45,45,5,6,40,40,13,Train/13/00013_00062_00015.png
client_0,21527,71,80,6,7,65,73,13,Train/13/00013_00035_00017.png
client_0,21025,80,73,8,6,73,67,13,Train/13/00013_00018_00025.png
client_0,21266,61,100,6,8,56,92,13,Train/13/00013_00026_00026.png
client_0,35857,35,34,5,5,30,29,37,Train/37/00037_00002_00008.png
client_0,16938,40,39,6,5,34,34,10,Train/10/00010_00063_00018.png
client_0,8494,30,26,6,5,24,21,5,Train/5/00005_00002_00004.png
client_0,25264,29,29,6,5,24,24,17,Train/17/00017_00027_00004.png
client_0,25185,40,42,6,6,35,37,17,Train/17/00017_00024_00015.png
client_0,26231,66,65,6,6,60,60,18,Train/18/00018_00022_00011.png
client_0,17032,37,37,5,5,31,31,10,Train/10/00010_00066_00022.png
client_0,10677,49,50,6,5,44,45,6,Train/6/00006_00012_00027.png
client_0,2429,62,67,5,6,57,61,1,Train/1/00001_00061_00029.png
client_0,20496,32,33,5,5,27,28,13,Train/13/00013_00001_00006.png
client_0,17786,91,82,8,7,83,75,11,Train/11/00011_00024_00026.png
client_0,8750,44,44,6,6,39,39,5,Train/5/00005_00010_00020.png
client_0,12777,87,86,8,7,80,79,8,Train/8/00008_00020_00027.png
client_0,19412,35,36,5,5,30,31,12,Train/12/00012_00035_00002.png
client_0,38237,50,50,6,5,45,44,39,Train/39/00039_00005_00018.png
client_0,17501,32,31,5,5,27,26,11,Train/11/00011_00015_00011.png
client_0,27248,40,40,5,6,35,35,21,Train/21/00021_00009_00008.png
client_0,30798,50,45,6,5,45,40,27,Train/27/00027_00007_00018.png
client_0,29702,40,38,6,6,35,33,25,Train/25/00025_00041_00002.png
client_0,35448,47,47,5,6,41,42,36,Train/36/00036_00001_00019.png
client_0,16546,40,40,6,6,35,35,10,Train/10/00010_00050_00016.png
client_0,3836,75,77,6,7,69,71,2,Train/2/00002_00034_00026.png
client_0,27059,92,76,9,7,84,70,21,Train/21/00021_00002_00029.png
client_0,24876,31,33,6,5,26,28,17,Train/17/00017_00014_00006.png
client_0,6733,39,39,6,6,33,33,4,Train/4/00004_00009_00013.png
client_0,13705,53,53,5,5,48,48,9,Train/9/00009_00004_00025.png
client_0,21976,46,49,6,5,41,43,13,Train/13/00013_00050_00016.png
client_0,19345,62,76,5,7,57,70,12,Train/12/00012_00032_00025.png
client_0,19839,35,36,5,6,30,31,12,Train/12/00012_00049_00009.png
client_0,24732,35,38,5,5,30,33,17,Train/17/00017_00009_00012.png
client_0,8736,31,34,5,6,26,28,5,Train/5/00005_00010_00006.png
client_0,16191,43,45,5,6,38,40,10,Train/10/00010_00038_00021.png
client_0,21445,115,85,10,7,105,78,13,Train/13/00013_00032_00025.png
client_0,16353,28,29,6,5,23,23,10,Train/10/00010_00044_00003.png
client_0,21825,95,95,9,9,87,87,13,Train/13/00013_00045_00015.png
client_0,16632,47,48,5,5,42,43,10,Train/10/00010_00053_00012.png
client_0,15389,106,107,9,10,97,98,10,Train/10/00010_00011_00029.png
client_0,31665,42,39,6,6,37,34,30,Train/30/00030_00001_00015.png
client_0,35993,70,72,6,6,63,66,37,Train/37/00037_00006_00024.png
client_0,20726,65,96,6,9,60,88,13,Train/13/00013_00008_00026.png
client_0,25553,28,37,5,5,23,32,17,Train/17/00017_00036_00023.png
client_0,27264,84,82,8,8,77,75,21,Train/21/00021_00009_00024.png
client_0,29303,83,74,8,6,76,68,25,Train/25/00025_00027_00023.png
client_0,24589,28,28,6,6,23,23,17,Train/17/00017_00004_00019.png
client_0,9763,40,41,5,5,35,36,5,Train/5/00005_00044_00013.png
client_0,12679,46,45,5,6,41,40,8,Train/8/00008_00017_00019.png
client_0,33940,33,37,5,6,28,31,34,Train/34/00034_00005_00011.png
client_0,34277,39,40,5,5,33,34,35,Train/35/00035_00002_00018.png
client_0,8171,35,34,6,5,30,29,4,Train/4/00004_00057_00011.png
client_0,35262,37,35,6,5,32,30,35,Train/35/00035_00035_00013.png
client_0,18303,35,35,5,5,30,30,11,Train/11/00011_00042_00003.png
client_0,22240,94,87,8,8,85,79,13,Train/13/00013_00059_00010.png
client_0,9043,32,32,6,6,27,26,5,Train/5/00005_00020_00013.png
client_0,4265,30,30,5,5,25,25,2,Train/2/00002_00049_00005.png
client_0,26882,40,38,5,5,35,33,19,Train/19/00019_00004_00002.png
client_0,17199,54,50,5,6,49,45,11,Train/11/00011_00005_00009.png
client_0,284,43,42,6,5,38,37,20,Train/20/00020_00009_00014.png
client_0,12629,67,63,6,6,61,58,8,Train/8/00008_00015_00029.png
client_0,18085,110,104,9,10,101,95,11,Train/11/00011_00034_00025.png
client_0,22181,89,82,7,8,81,75,13,Train/13/00013_00057_00011.png
client_0,18324,87,82,7,7,80,75,11,Train/11/00011_00042_00024.png
client_0,6074,38,38,6,5,32,32,3,Train/3/00003_00034_00014.png
client_0,13527,86,85,8,7,79,78,8,Train/8/00008_00045_00027.png
client_0,21412,47,42,6,5,42,37,13,Train/13/00013_00031_00022.png
client_0,27772,77,71,7,6,71,65,23,Train/23/00023_00002_00022.png
client_0,3649,42,42,5,5,37,37,2,Train/2/00002_00028_00019.png
client_0,19407,123,124,11,10,113,114,12,Train/12/00012_00034_00027.png
client_0,31130,75,69,6,6,69,63,28,Train/28/00028_00010_00020.png
client_0,21687,105,92,10,8,96,84,13,Train/13/00013_00040_00027.png
client_0,21921,84,78,7,7,76,71,13,Train/13/00013_00048_00021.png
client_0,17104,73,69,6,7,67,63,11,Train/11/00011_00002_00004.png
client_0,438,48,47,6,5,43,42,0,Train/0/00000_00002_00018.png
client_0,9554,33,32,5,6,28,27,5,Train/5/00005_00037_00014.png
client_0,30556,42,38,5,6,36,33,26,Train/26/00026_00019_00016.png
client_0,24951,40,41,6,6,35,36,17,Train/17/00017_00016_00021.png
client_0,9626,44,45,5,6,39,40,5,Train/5/00005_00039_00026.png
client_0,26830,53,47,5,5,48,42,19,Train/19/00019_00002_00010.png
client_0,18893,70,70,6,6,64,64,12,Train/12/00012_00017_00023.png
client_0,25661,55,52,5,6,50,47,18,Train/18/00018_00003_00011.png
client_0,17361,88,80,8,8,81,73,11,Train/11/00011_00010_00021.png
client_0,16693,37,36,6,5,32,31,10,Train/10/00010_00055_00013.png
client_0,950,52,51,5,5,46,46,1,Train/1/00001_00012_00020.png
client_0,7445,31,32,6,6,26,27,4,Train/4/00004_00033_00005.png
client_0,8466,29,29,6,5,23,23,5,Train/5/00005_00001_00006.png
client_0,38536,76,75,7,6,70,69,40,Train/40/00040_00005_00017.png
client_0,22600,40,39,5,6,35,34,13,Train/13/00013_00071_00010.png
client_0,25399,43,45,6,5,37,39,17,Train/17/00017_00031_00019.png
client_0,13412,33,33,5,5,28,28,8,Train/8/00008_00042_00002.png
client_0,21366,37,36,6,5,32,31,13,Train/13/00013_00030_00006.png
client_0,17064,72,67,7,6,66,61,11,Train/11/00011_00000_00024.png
client_0,8404,27,29,5,6,21,23,4,Train/4/00004_00065_00004.png
client_0,22232,92,83,9,8,84,76,13,Train/13/00013_00059_00002.png
client_0,981,60,63,5,5,55,58,1,Train/1/00001_00013_00021.png
client_0,17180,73,70,7,7,66,63,11,Train/11/00011_00004_00020.png
client_0,15435,45,46,5,5,40,41,10,Train/10/00010_00013_00015.png
client_0,25774,59,53,5,6,53,48,18,Train/18/00018_00007_00004.png
client_0,21736,53,47,6,6,48,42,13,Train/13/00013_00042_00016.png
client_0,4674,70,75,6,6,64,69,2,Train/2/00002_00062_00024.png
client_0,22534,34,34,6,6,29,29,13,Train/13/00013_00069_00004.png
client_0,20979,52,46,6,5,47,41,13,Train/13/00013_00017_00009.png
client_0,17356,70,63,6,5,64,58,11,Train/11/00011_00010_00016.png
client_0,30845,39,36,5,6,34,31,28,Train/28/00028_00001_00005.png
client_0,25418,30,31,6,5,25,26,17,Train/17/00017_00032_00008.png
client_0,10084,31,32,5,6,26,27,5,Train/5/00005_00055_00004.png
client_0,2948,35,34,6,5,29,28,2,Train/2/00002_00005_00008.png
client_0,22148,53,50,5,6,48,45,13,Train/13/00013_00056_00008.png
client_0,35836,51,50,6,6,46,45,37,Train/37/00037_00001_00017.png
client_0,18643,40,40,5,5,34,34,12,Train/12/00012_00009_00013.png
client_0,26080,35,33,5,5,29,28,18,Train/18/00018_00017_00010.png
client_0,21740,58,50,6,5,53,45,13,Train/13/00013_00042_00020.png
client_0,24289,82,82,8,8,75,75,16,Train/16/00016_00008_00019.png
client_0,34185,45,44,6,5,40,39,34,Train/34/00034_00013_00016.png
client_0,38212,64,68,6,7,59,62,39,Train/39/00039_00004_00023.png
client_0,8885,34,34,6,6,29,29,5,Train/5/00005_00015_00005.png
client_0,24480,29,29,6,6,24,24,17,Train/17/00017_00001_00000.png
client_0,20205,48,49,6,5,43,44,12,Train/12/00012_00061_00015.png
client_0,27259,60,56,6,6,55,51,21,Train/21/00021_00009_00019.png
client_0,35982,51,57,5,6,46,51,37,Train/37/00037_00006_00013.png
client_0,17175,54,53,6,6,49,48,11,Train/11/00011_00004_00015.png
client_0,23411,46,48,6,6,41,43,15,Train/15/00015_00000_00011.png
client_0,25039,51,54,5,5,46,49,17,Train/17/00017_00019_00019.png
client_0,34523,68,70,7,7,62,64,35,Train/35/00035_00010_00024.png
client_0,26136,42,42,5,5,37,37,18,Train/18/00018_00019_00006.png
client_0,10211,34,33,5,5,29,28,5,Train/5/00005_00059_00011.png
client_0,9078,45,45,6,6,40,40,5,Train/5/00005_00021_00018.png
client_0,19871,38,39,5,5,32,33,12,Train/12/00012_00050_00011.png
client_0,8634,71,71,6,6,65,65,5,Train/5/00005_00006_00024.png
client_0,27037,35,33,5,5,30,28,21,Train/21/00021_00002_00007.png
client_0,16451,34,33,6,5,29,28,10,Train/10/00010_00047_00011.png
client_0,12210,25,26,5,6,20,21,8,Train/8/00008_00002_00000.png
client_0,10243,30,34,5,5,25,28,5,Train/5/00005_00060_00013.png
client_0,18340,41,41,6,6,36,36,11,Train/11/00011_00043_00010.png
client_0,30965,40,44,5,6,35,38,28,Train/28/00028_00005_00005.png
client_0,22422,41,38,5,5,36,33,13,Train/13/00013_00065_00012.png
client_0,6747,58,57,6,5,53,52,4,Train/4/00004_00009_00027.png
client_0,18291,62,56,5,5,57,51,11,Train/11/00011_00041_00021.png
client_0,15357,57,58,5,6,52,53,10,Train/10/00010_00010_00027.png
client_0,39021,56,56,6,6,51,51,42,Train/42/00042_00001_00022.png
client_0,29289,43,42,5,5,38,37,25,Train/25/00025_00027_00009.png
client_0,15886,39,40,5,6,34,35,10,Train/10/00010_00028_00016.png
client_0,17103,72,68,6,6,66,61,11,Train/11/00011_00002_00003.png
client_0,25425,33,34,5,5,28,29,17,Train/17/00017_00032_00015.png
client_0,25799,158,140,13,12,145,128,18,Train/18/00018_00007_00029.png
client_0,21517,47,54,5,5,42,49,13,Train/13/00013_00035_00007.png
client_0,9396,29,29,6,5,24,23,5,Train/5/00005_00032_00006.png
client_0,38501,52,54,5,6,47,49,40,Train/40/00040_00004_00012.png
client_0,15179,68,69,7,7,62,63,10,Train/10/00010_00004_00029.png
client_0,13003,34,32,5,6,28,26,8,Train/8/00008_00028_00013.png
client_0,18929,145,155,12,13,133,142,12,Train/12/00012_00018_00029.png
client_0,15283,37,37,5,5,32,32,10,Train/10/00010_00008_00013.png
client_0,21708,71,63,7,6,65,58,13,Train/13/00013_00041_00018.png
client_0,687,114,117,10,10,104,106,1,Train/1/00001_00003_00027.png
client_0,12614,37,36,5,6,32,31,8,Train/8/00008_00015_00014.png
client_0,35856,33,33,5,6,28,28,37,Train/37/00037_00002_00007.png
client_0,16553,49,48,6,6,44,43,10,Train/10/00010_00050_00023.png
client_0,15903,29,30,5,6,24,25,10,Train/10/00010_00029_00003.png
client_0,7057,29,30,5,6,24,25,4,Train/4/00004_00020_00007.png
client_0,16953,26,28,5,6,21,23,10,Train/10/00010_00064_00003.png
client_0,10019,60,61,5,6,55,56,5,Train/5/00005_00052_00029.png
client_0,20572,106,95,9,8,97,87,13,Train/13/00013_00003_00022.png
client_0,5099,53,55,5,5,48,49,3,Train/3/00003_00001_00029.png
client_0,22096,99,93,9,8,90,85,13,Train/13/00013_00054_00016.png
client_0,5048,30,30,6,5,25,24,3,Train/3/00003_00000_00008.png
client_0,26578,172,160,14,14,158,147,18,Train/18/00018_00033_00028.png
client_0,6219,30,32,5,6,25,27,3,Train/3/00003_00039_00009.png
client_0,31470,39,40,5,6,34,35,29,Train/29/00029_00004_00000.png
client_0,12336,33,32,6,5,27,26,8,Train/8/00008_00006_00006.png
client_0,5149,43,43,5,5,38,38,3,Train/3/00003_00003_00019.png
client_0,25365,52,55,6,5,47,50,17,Train/17/00017_00030_00015.png
client_0,25698,117,101,11,9,107,93,18,Train/18/00018_00004_00018.png
client_0,17839,106,93,10,9,97,85,11,Train/11/00011_00026_00019.png
client_0,19435,56,57,5,5,51,52,12,Train/12/00012_00035_00025.png
client_0,18328,134,132,11,11,123,121,11,Train/11/00011_00042_00028.png
client_0,9689,76,83,7,8,70,76,5,Train/5/00005_00041_00029.png
client_0,18250,46,42,6,5,41,37,11,Train/11/00011_00040_00010.png
client_0,8927,43,43,6,6,38,38,5,Train/5/00005_00016_00017.png
client_0,25617,90,82,8,8,82,74,18,Train/18/00018_00001_00027.png
client_0,25791,100,85,9,7,91,78,18,Train/18/00018_00007_00021.png
client_0,18345,44,42,6,5,38,36,11,Train/11/00011_00043_00015.png
client_0,26803,43,39,6,5,38,34,19,Train/19/00019_00001_00013.png
client_0,20671,38,35,6,5,33,30,13,Train/13/00013_00007_00001.png
client_0,26449,61,55,6,5,56,50,18,Train/18/00018_00029_00019.png
client_0,20782,70,64,7,5,63,59,13,Train/13/00013_00010_00022.png
client_0,18243,33,31,5,6,28,26,11,Train/11/00011_00040_00003.png
client_0,30524,42,39,5,6,37,34,26,Train/26/00026_00018_00014.png
client_0,5989,43,45,6,5,38,40,3,Train/3/00003_00031_00019.png
client_0,16776,34,33,6,5,29,28,10,Train/10/00010_00058_00006.png
client_0,16778,34,35,5,6,29,30,10,Train/10/00010_00058_00008.png
client_0,17220,28,27,5,6,23,22,11,Train/11/00011_00006_00000.png
client_0,16596,37,38,5,6,32,33,10,Train/10/00010_00052_00006.png
client_0,38693,70,72,7,7,64,66,40,Train/40/00040_00010_00024.png
client_0,9654,49,49,6,5,44,44,5,Train/5/00005_00040_00024.png
client_0,18059,171,157,15,14,156,143,11,Train/11/00011_00033_00029.png
client_0,38354,38,39,6,5,33,34,39,Train/39/00039_00009_00015.png
client_0,21606,41,39,6,6,36,34,13,Train/13/00013_00038_00006.png
client_0,6274,54,54,5,5,49,49,3,Train/3/00003_00041_00004.png
client_0,1549,54,56,5,5,49,50,1,Train/1/00001_00032_00019.png
client_0,25025,35,37,5,5,30,32,17,Train/17/00017_00019_00005.png
client_0,38687,52,54,6,5,47,48,40,Train/40/00040_00010_00018.png
client_0,16288,81,83,7,8,74,76,10,Train/10/00010_00041_00028.png
client_0,49,50,42,6,5,45,37,20,Train/20/00020_00001_00019.png
client_0,34187,46,47,5,6,41,42,34,Train/34/00034_00013_00018.png
client_0,7702,47,48,5,6,42,43,4,Train/4/00004_00041_00022.png
client_0,6326,53,52,6,5,48,47,3,Train/3/00003_00042_00026.png
client_0,127,33,33,6,6,28,28,20,Train/20/00020_00004_00007.png
client_0,38104,29,30,6,6,24,25,39,Train/39/00039_00001_00005.png
client_0,22358,34,32,5,5,29,27,13,Train/13/00013_00063_00008.png
client_0,30054,45,43,5,6,40,38,26,Train/26/00026_00002_00024.png
client_0,25689,83,72,8,6,76,66,18,Train/18/00018_00004_00009.png
client_0,20869,65,57,6,6,60,52,13,Train/13/00013_00013_00019.png
client_0,20838,64,57,5,6,58,52,13,Train/13/00013_00012_00018.png
client_0,10020,26,26,5,5,21,21,5,Train/5/00005_00053_00000.png
client_0,21697,63,57,5,5,58,52,13,Train/13/00013_00041_00007.png
client_0,26994,94,87,8,7,86,80,21,Train/21/00021_00000_00024.png
client_0,13037,46,46,5,5,41,41,8,Train/8/00008_00029_00017.png
client_0,3419,71,75,7,6,65,69,2,Train/2/00002_00020_00029.png
client_0,5997,74,82,7,7,68,74,3,Train/3/00003_00031_00027.png
client_0,38688,54,56,5,5,49,51,40,Train/40/00040_00010_00019.png
client_0,19758,43,46,5,6,38,41,12,Train/12/00012_00046_00018.png
client_0,22524,128,100,12,9,117,92,13,Train/13/00013_00068_00024.png
client_0,26638,111,98,10,8,101,89,18,Train/18/00018_00035_00028.png
client_0,17057,50,44,6,6,45,39,11,Train/11/00011_00000_00017.png
client_0,20867,55,51,5,5,50,46,13,Train/13/00013_00013_00017.png
client_0,2671,48,49,6,6,43,44,1,Train/1/00001_00070_00001.png
client_0,29917,36,42,6,6,31,37,25,Train/25/00025_00048_00007.png
client_0,9482,28,28,6,5,23,22,5,Train/5/00005_00035_00002.png
client_0,24897,35,40,6,6,30,35,17,Train/17/00017_00014_00027.png
client_0,18377,37,42,5,5,32,37,12,Train/12/00012_00000_00017.png
client_0,26596,48,43,6,5,43,37,18,Train/18/00018_00034_00016.png
client_0,6995,39,43,5,6,34,37,4,Train/4/00004_00018_00005.png
client_0,12456,34,33,6,5,29,28,8,Train/8/00008_00010_00006.png
client_0,24785,27,27,6,5,22,22,17,Train/17/00017_00011_00005.png
client_0,18205,98,87,8,7,90,80,11,Train/11/00011_00038_00025.png
client_0,22546,42,42,5,5,37,37,13,Train/13/00013_00069_00016.png
client_0,17127,191,168,17,14,175,154,11,Train/11/00011_00002_00027.png
client_0,13316,43,43,6,5,38,38,8,Train/8/00008_00038_00026.png
client_0,3319,49,50,5,6,44,45,2,Train/2/00002_00017_00019.png
client_0,7578,44,45,5,6,39,40,4,Train/4/00004_00037_00018.png
client_0,361,30,30,5,5,25,25,0,Train/0/00000_00000_00001.png
client_0,26781,111,97,10,9,102,89,19,Train/19/00019_00000_00021.png
client_0,29814,80,74,7,7,73,68,25,Train/25/00025_00044_00024.png
client_0,20101,38,37,5,5,33,32,12,Train/12/00012_00058_00001.png
client_0,3244,52,54,5,5,47,49,2,Train/2/00002_00015_00004.png
client_0,21952,70,62,7,5,64,57,13,Train/13/00013_00049_00022.png
client_0,17824,51,48,5,5,46,43,11,Train/11/00011_00026_00004.png
client_0,29525,31,31,5,6,26,26,25,Train/25/00025_00035_00005.png
client_0,22301,61,58,5,6,55,53,13,Train/13/00013_00061_00011.png
client_0,31021,59,50,6,5,53,45,28,Train/28/00028_00007_00001.png
client_0,19437,61,60,6,5,56,55,12,Train/12/00012_00035_00027.png
client_0,8653,39,39,6,6,34,34,5,Train/5/00005_00007_00013.png
client_0,17847,154,136,13,11,141,125,11,Train/11/00011_00026_00027.png
client_0,4810,39,38,6,5,33,32,2,Train/2/00002_00067_00010.png
client_0,7268,34,34,6,6,29,29,4,Train/4/00004_00027_00008.png
client_0,3268,118,129,10,11,108,118,2,Train/2/00002_00015_00028.png
client_0,34282,47,48,6,6,41,42,35,Train/35/00035_00002_00023.png
client_0,15103,37,36,5,6,31,30,10,Train/10/00010_00002_00013.png
client_0,15800,46,47,6,5,41,42,10,Train/10/00010_00025_00020.png
client_0,14693,72,71,7,6,66,65,9,Train/9/00009_00037_00023.png
client_0,18064,38,37,5,5,33,32,11,Train/11/00011_00034_00004.png
client_0,17383,58,53,6,6,52,47,11,Train/11/00011_00011_00013.png
client_0,7507,33,33,5,5,28,28,4,Train/4/00004_00035_00007.png
client_0,24957,58,63,6,6,53,58,17,Train/17/00017_00016_00027.png
client_0,22435,84,72,8,7,77,66,13,Train/13/00013_00065_00025.png
client_0,5844,49,50,6,6,44,45,3,Train/3/00003_00026_00024.png
client_0,12851,38,38,5,5,33,33,8,Train/8/00008_00023_00011.png
client_0,5023,36,35,6,5,31,30,2,Train/2/00002_00074_00013.png
client_0,313,42,38,5,5,36,32,20,Train/20/00020_00010_00013.png
client_0,352,52,48,6,6,47,43,20,Train/20/00020_00011_00022.png
client_0,24973,43,45,5,6,38,40,17,Train/17/00017_00017_00013.png
client_0,5246,80,88,8,8,73,80,3,Train/3/00003_00006_00026.png
client_0,9723,30,31,5,6,25,26,5,Train/5/00005_00043_00003.png
client_0,38171,36,36,5,5,30,30,39,Train/39/00039_00003_00012.png
client_0,16689,35,35,6,6,30,30,10,Train/10/00010_00055_00009.png
client_0,2073,39,36,6,5,34,31,1,Train/1/00001_00050_00003.png
client_0,16215,38,37,6,5,33,32,10,Train/10/00010_00039_00015.png
client_0,34031,37,36,6,5,32,31,34,Train/34/00034_00008_00012.png
client_0,24551,31,31,5,5,25,26,17,Train/17/00017_00003_00011.png
client_0,16343,46,48,6,6,41,43,10,Train/10/00010_00043_00023.png
client_0,10388,32,34,5,5,27,29,6,Train/6/00006_00003_00008.png
client_0,23511,40,43,6,6,35,38,15,Train/15/00015_00003_00021.png
client_0,35564,42,43,5,5,37,37,36,Train/36/00036_00005_00015.png
client_0,16924,29,30,6,6,24,25,10,Train/10/00010_00063_00004.png
client_0,15912,33,35,5,6,28,30,10,Train/10/00010_00029_00012.png
client_0,20483,58,56,6,5,53,50,13,Train/13/00013_00000_00023.png
client_0,16096,42,40,5,6,37,35,10,Train/10/00010_00035_00016.png
client_0,18206,105,94,9,8,96,86,11,Train/11/00011_00038_00026.png
client_0,33909,58,59,5,6,53,54,34,Train/34/00034_00004_00010.png
client_0,24518,28,42,6,5,22,37,17,Train/17/00017_00002_00008.png
client_0,21312,48,45,5,5,43,40,13,Train/13/00013_00028_00012.png
client_0,12579,36,38,5,6,31,33,8,Train/8/00008_00014_00009.png
client_0,38287,60,63,5,6,54,57,39,Train/39/00039_00007_00008.png
client_0,12363,32,31,6,6,26,26,8,Train/8/00008_00007_00003.png
client_0,21340,36,34,6,5,31,28,13,Train/13/00013_00029_00010.png
client_0,24115,52,51,6,5,47,46,16,Train/16/00016_00002_00025.png
client_0,24740,44,48,6,6,39,43,17,Train/17/00017_00009_00020.png
client_0,1244,43,43,6,6,37,37,1,Train/1/00001_00022_00014.png
client_0,17517,72,69,7,7,66,63,11,Train/11/00011_00015_00027.png
client_0,21393,31,27,6,6,26,22,13,Train/13/00013_00031_00003.png
client_0,10016,52,52,5,5,47,47,5,Train/5/00005_00052_00026.png
client_0,19621,57,58,5,6,52,53,12,Train/12/00012_00042_00001.png
client_0,12515,36,35,6,5,31,30,8,Train/8/00008_00012_00005.png
client_0,9155,33,33,6,6,28,28,5,Train/5/00005_00024_00005.png
client_0,17207,72,64,7,6,65,58,11,Train/11/00011_00005_00017.png
client_0,12979,34,33,5,5,29,28,8,Train/8/00008_00027_00019.png
client_0,20861,47,44,6,6,42,39,13,Train/13/00013_00013_00011.png
client_0,25940,42,43,6,5,36,37,18,Train/18/00018_00012_00020.png
client_0,8801,38,38,6,6,33,33,5,Train/5/00005_00012_00011.png
client_0,2284,31,32,6,6,26,26,1,Train/1/00001_00057_00004.png
client_0,3011,41,39,6,5,36,34,2,Train/2/00002_00007_00011.png
client_0,30222,42,39,5,5,37,33,26,Train/26/00026_00008_00012.png
client_0,24930,27,29,5,5,22,24,17,Train/17/00017_00016_00000.png
client_0,23318,43,43,6,5,38,38,14,Train/14/00014_00023_00008.png
client_0,16826,74,77,6,7,68,71,10,Train/10/00010_00059_00026.png
client_0,21572,35,35,5,5,30,30,13,Train/13/00013_00037_00002.png
client_0,17693,62,56,6,6,57,51,11,Train/11/00011_00021_00023.png
client_0,3686,92,87,8,7,83,80,2,Train/2/00002_00029_00026.png
client_0,31207,47,48,5,6,42,43,28,Train/28/00028_00013_00007.png
client_0,21238,110,101,9,9,101,93,13,Train/13/00013_00025_00028.png
client_0,22287,119,107,10,10,109,97,13,Train/13/00013_00060_00027.png
client_0,10095,39,39,6,5,34,34,5,Train/5/00005_00055_00015.png
client_0,3943,56,57,6,6,51,52,2,Train/2/00002_00038_00013.png
client_0,25703,137,123,12,11,126,113,18,Train/18/00018_00004_00023.png
client_0,7338,48,47,6,5,43,42,4,Train/4/00004_00029_00018.png
client_0,35257,33,32,5,5,27,26,35,Train/35/00035_00035_00008.png
client_0,26051,37,32,6,5,31,27,18,Train/18/00018_00016_00011.png
client_0,29458,71,65,6,6,65,60,25,Train/25/00025_00032_00028.png
client_0,26330,69,63,6,6,62,58,18,Train/18/00018_00025_00020.png
client_0,13486,40,40,6,5,35,35,8,Train/8/00008_00044_00016.png
client_0,27148,125,112,11,9,114,103,21,Train/21/00021_00005_00028.png
client_0,6428,31,31,5,6,26,26,3,Train/3/00003_00046_00008.png
client_0,17042,30,28,5,6,25,23,11,Train/11/00011_00000_00002.png
client_0,17335,85,75,7,6,78,69,11,Train/11/00011_00009_00025.png
client_0,13828,65,63,6,5,60,58,9,Train/9/00009_00008_00028.png
client_0,21376,49,48,5,5,44,42,13,Train/13/00013_00030_00016.png
client_0,1345,55,54,6,6,50,49,1,Train/1/00001_00025_00025.png
client_0,2011,36,35,6,5,31,30,1,Train/1/00001_00048_00001.png
client_0,30788,38,34,6,6,33,29,27,Train/27/00027_00007_00008.png
client_0,4951,27,27,5,5,21,22,2,Train/2/00002_00072_00001.png
client_0,10067,37,36,5,5,32,31,5,Train/5/00005_00054_00017.png
client_0,13465,56,55,6,6,51,50,8,Train/8/00008_00043_00025.png
client_0,5309,124,131,10,12,114,120,3,Train/3/00003_00008_00029.png
client_0,31243,48,47,5,6,43,42,28,Train/28/00028_00014_00013.png
client_0,12992,27,26,5,5,22,21,8,Train/8/00008_00028_00002.png
client_0,20842,73,68,7,7,67,62,13,Train/13/00013_00012_00022.png
client_0,10365,40,42,5,5,35,37,6,Train/6/00006_00002_00015.png
client_0,22006,48,44,6,5,43,39,13,Train/13/00013_00051_00016.png
client_0,26035,94,93,9,8,86,85,18,Train/18/00018_00015_00025.png
client_0,35438,37,35,6,6,32,30,36,Train/36/00036_00001_00009.png
client_0,27227,72,59,7,6,66,54,21,Train/21/00021_00008_00017.png
client_0,4236,31,30,6,5,26,24,2,Train/2/00002_00048_00006.png
client_0,38341,27,29,5,5,21,23,39,Train/39/00039_00009_00002.png
client_0,34423,38,38,5,5,33,33,35,Train/35/00035_00007_00014.png
client_0,18115,127,125,11,11,116,115,11,Train/11/00011_00035_00025.png
client_0,9377,37,39,5,6,32,34,5,Train/5/00005_00031_00017.png
client_0,9598,71,74,7,6,65,68,5,Train/5/00005_00038_00028.png
client_0,35960,76,81,6,8,70,74,37,Train/37/00037_00005_00021.png
client_0,17509,43,42,5,5,37,37,11,Train/11/00011_00015_00019.png
client_0,21017,51,49,6,5,46,44,13,Train/13/00013_00018_00017.png
client_0,8054,50,48,6,6,45,43,4,Train/4/00004_00053_00014.png
client_0,22210,33,32,6,5,28,27,13,Train/13/00013_00058_00010.png
client_0,13314,42,44,6,6,37,39,8,Train/8/00008_00038_00024.png
client_0,25124,49,48,6,5,44,43,17,Train/17/00017_00022_00014.png
client_0,15654,47,46,6,5,42,41,10,Train/10/00010_00020_00024.png
client_0,23089,61,61,5,5,56,56,14,Train/14/00014_00015_00019.png
client_0,17554,29,27,5,5,23,22,11,Train/11/00011_00017_00004.png
client_0,31985,33,32,6,5,28,27,30,Train/30/00030_00012_00005.png
client_0,9519,32,33,5,6,27,28,5,Train/5/00005_00036_00009.png
client_0,22383,27,27,5,5,22,22,13,Train/13/00013_00064_00003.png
client_0,15733,39,38,6,5,34,33,10,Train/10/00010_00023_00013.png
client_0,20502,40,41,5,5,35,36,13,Train/13/00013_00001_00012.png
client_0,13000,32,30,5,6,27,25,8,Train/8/00008_00028_00010.png
client_0,10075,46,45,5,5,41,40,5,Train/5/00005_00054_00025.png
client_0,27124,33,31,5,5,28,26,21,Train/21/00021_00005_00004.png
client_0,25479,31,31,6,5,26,26,17,Train/17/00017_00034_00009.png
client_0,10245,33,36,6,6,28,31,5,Train/5/00005_00060_00015.png
client_0,15843,29,33,5,6,24,28,10,Train/10/00010_00027_00003.png
client_0,2807,53,46,6,5,48,41,2,Train/2/00002_00000_00017.png
client_0,22233,93,83,9,7,84,76,13,Train/13/00013_00059_00003.png
client_0,16283,53,52,6,5,48,47,10,Train/10/00010_00041_00023.png
client_0,12733,42,43,5,6,37,38,8,Train/8/00008_00019_00013.png
client_0,12268,70,71,7,7,64,65,8,Train/8/00008_00003_00028.png
client_0,20992,81,73,8,7,74,67,13,Train/13/00013_00017_00022.png
client_0,25602,54,51,5,5,49,46,18,Train/18/00018_00001_00012.png
client_0,12256,40,42,6,6,35,37,8,Train/8/00008_00003_00016.png
client_0,2291,37,37,6,6,32,32,1,Train/1/00001_00057_00011.png
client_0,17169,44,43,6,6,39,38,11,Train/11/00011_00004_00009.png
client_0,1487,44,58,5,5,39,53,1,Train/1/00001_00030_00017.png
client_0,18295,81,71,8,7,74,65,11,Train/11/00011_00041_00025.png
client_0,13976,87,88,8,8,80,81,9,Train/9/00009_00013_00026.png
client_0,25088,35,34,6,6,30,29,17,Train/17/00017_00021_00008.png
client_0,25920,36,38,5,6,31,33,18,Train/18/00018_00012_00000.png
client_0,18452,37,38,5,5,32,33,12,Train/12/00012_00003_00002.png
client_0,23640,35,35,5,5,30,30,15,Train/15/00015_00008_00000.png
client_0,13474,31,32,6,5,26,27,8,Train/8/00008_00044_00004.png
client_0,10533,26,29,5,6,21,24,6,Train/6/00006_00008_00003.png
client_0,25895,32,30,5,5,27,24,18,Train/18/00018_00011_00005.png
client_0,27189,42,40,6,6,37,35,21,Train/21/00021_00007_00009.png
client_0,12797,37,35,5,5,32,30,8,Train/8/00008_00021_00017.png
client_0,15591,54,54,5,5,49,49,10,Train/10/00010_00018_00021.png
client_0,38271,39,37,6,5,34,32,39,Train/39/00039_00006_00022.png
client_0,9303,29,31,5,6,24,26,5,Train/5/00005_00029_00003.png
client_0,38329,47,48,5,6,42,43,39,Train/39/00039_00008_00020.png
client_0,22502,55,48,6,5,50,43,13,Train/13/00013_00068_00002.png
client_0,24910,35,41,5,6,30,36,17,Train/17/00017_00015_00010.png
client_0,25140,26,26,6,5,21,21,17,Train/17/00017_00023_00000.png
client_0,3131,35,32,6,6,30,27,2,Train/2/00002_00011_00011.png
client_0,17240,45,41,6,5,40,36,11,Train/11/00011_00006_00020.png
client_0,26848,123,98,11,9,113,90,19,Train/19/00019_00002_00028.png
client_0,9297,60,57,6,6,55,52,5,Train/5/00005_00028_00027.png
client_0,6184,29,30,6,6,24,25,3,Train/3/00003_00038_00004.png
client_0,20580,27,25,6,5,22,20,13,Train/13/00013_00004_00000.png
client_0,27727,77,74,7,7,71,68,23,Train/23/00023_00001_00007.png
client_0,21004,34,35,5,6,29,30,13,Train/13/00013_00018_00004.png
client_0,17238,41,37,6,5,36,32,11,Train/11/00011_00006_00018.png
client_0,16491,48,48,6,6,43,43,10,Train/10/00010_00048_00021.png
client_0,29259,41,39,5,5,36,34,25,Train/25/00025_00026_00009.png
client_0,6117,71,71,7,7,65,65,3,Train/3/00003_00035_00027.png
client_0,24090,26,27,5,6,21,22,16,Train/16/00016_00002_00000.png
client_0,24731,35,38,5,5,30,33,17,Train/17/00017_00009_00011.png
client_0,24826,30,29,6,6,25,24,17,Train/17/00017_00012_00016.png
client_0,31420,43,40,5,6,38,35,29,Train/29/00029_00002_00010.png
client_0,14964,88,87,8,8,81,80,9,Train/9/00009_00046_00024.png
client_0,31049,111,98,9,9,102,90,28,Train/28/00028_00007_00029.png
client_0,25821,82,73,7,7,75,67,18,Train/18/00018_00008_00021.png
client_0,38635,118,120,10,10,107,109,40,Train/40/00040_00008_00026.png
client_0,15108,39,38,5,5,34,32,10,Train/10/00010_00002_00018.png
client_0,9504,70,73,6,6,64,67,5,Train/5/00005_00035_00024.png
client_0,21127,50,50,6,6,45,45,13,Train/13/00013_00022_00007.png
client_0,27979,57,51,6,5,52,46,23,Train/23/00023_00009_00019.png
client_0,21256,46,59,6,5,41,54,13,Train/13/00013_00026_00016.png
client_0,24314,34,35,5,5,29,30,16,Train/16/00016_00009_00014.png
client_0,26745,54,50,5,6,49,45,18,Train/18/00018_00039_00015.png
client_0,34846,40,40,5,5,35,35,35,Train/35/00035_00021_00017.png
client_0,20967,120,111,10,10,110,102,13,Train/13/00013_00016_00027.png
client_0,20771,47,42,6,5,42,37,13,Train/13/00013_00010_00011.png
client_0,4591,49,50,5,6,44,45,2,Train/2/00002_00060_00001.png
client_0,18896,86,86,7,7,79,79,12,Train/12/00012_00017_00026.png
client_0,6165,36,38,5,6,31,33,3,Train/3/00003_00037_00015.png
client_0,21012,42,43,5,6,37,38,13,Train/13/00013_00018_00012.png
client_0,14135,30,29,6,5,25,24,9,Train/9/00009_00019_00005.png
client_0,12967,30,29,6,6,25,24,8,Train/8/00008_00027_00007.png
client_0,25251,33,36,5,6,28,31,17,Train/17/00017_00026_00021.png
client_0,25862,71,64,7,6,64,58,18,Train/18/00018_00010_00002.png
client_0,15975,39,40,6,6,34,34,10,Train/10/00010_00031_00015.png
client_0,33801,58,68,6,6,52,62,34,Train/34/00034_00000_00022.png
client_0,15987,61,58,6,6,56,53,10,Train/10/00010_00031_00027.png
client_0,22418,39,36,6,6,34,31,13,Train/13/00013_00065_00008.png
client_0,6684,45,47,5,5,40,41,4,Train/4/00004_00007_00024.png
client_0,17787,104,92,10,9,95,84,11,Train/11/00011_00024_00027.png
client_0,29225,38,36,5,5,33,31,25,Train/25/00025_00025_00005.png
client_0,29060,83,81,7,7,76,74,25,Train/25/00025_00019_00020.png
client_0,15690,33,35,6,6,28,30,10,Train/10/00010_00022_00000.png
client_0,9257,41,41,6,5,36,36,5,Train/5/00005_00027_00017.png
client_0,15326,56,57,5,6,51,52,10,Train/10/00010_00009_00026.png
client_0,35167,32,31,6,5,26,25,35,Train/35/00035_00032_00008.png
client_0,39018,47,49,5,6,42,44,42,Train/42/00042_00001_00019.png
client_0,27020,53,49,6,5,48,44,21,Train/21/00021_00001_00020.png
client_0,24239,148,150,12,13,135,137,16,Train/16/00016_00006_00029.png
client_0,24448,97,96,9,9,88,88,16,Train/16/00016_00013_00028.png
client_0,16308,44,47,5,6,39,42,10,Train/10/00010_00042_00018.png
client_0,31287,93,82,9,8,85,75,28,Train/28/00028_00015_00027.png
client_0,21247,37,45,6,6,32,40,13,Train/13/00013_00026_00007.png
client_0,29466,39,37,6,5,34,31,25,Train/25/00025_00033_00006.png
client_0,25959,45,46,5,6,40,41,18,Train/18/00018_00013_00009.png
client_0,12258,42,43,6,6,37,38,8,Train/8/00008_00003_00018.png
client_0,17984,59,55,6,5,54,49,11,Train/11/00011_00031_00014.png
client_0,9608,30,32,5,6,25,27,5,Train/5/00005_00039_00008.png
client_0,35439,37,36,5,5,31,31,36,Train/36/00036_00001_00010.png
client_0,17493,29,29,5,5,23,23,11,Train/11/00011_00015_00003.png
client_0,34042,53,56,5,6,48,51,34,Train/34/00034_00008_00023.png
client_0,21106,45,39,6,6,39,34,13,Train/13/00013_00021_00016.png
client_0,16846,37,35,5,6,32,30,10,Train/10/00010_00060_00016.png
client_0,9256,40,40,5,5,35,35,5,Train/5/00005_00027_00016.png
client_0,18075,57,54,5,6,52,49,11,Train/11/00011_00034_00015.png
client_0,38286,58,61,5,6,52,55,39,Train/39/00039_00007_00007.png
client_0,25819,78,69,7,6,71,63,18,Train/18/00018_00008_00019.png
client_0,27047,46,42,6,6,41,37,21,Train/21/00021_00002_00017.png
client_0,22456,42,39,5,5,37,34,13,Train/13/00013_00066_00016.png
client_0,16166,62,55,6,5,57,50,10,Train/10/00010_00037_00026.png
client_0,15965,31,31,6,5,25,25,10,Train/10/00010_00031_00005.png
client_0,4056,29,29,6,5,24,23,2,Train/2/00002_00042_00006.png
client_0,17269,67,60,6,6,61,55,11,Train/11/00011_00007_00019.png
client_0,24898,35,40,5,5,30,35,17,Train/17/00017_00014_00028.png
client_0,17529,49,47,6,5,44,42,11,Train/11/00011_00016_00009.png
client_0,22471,35,33,6,6,30,28,13,Train/13/00013_00067_00001.png
client_0,24649,47,47,6,6,41,42,17,Train/17/00017_00006_00019.png
client_0,29378,56,53,6,5,51,48,25,Train/25/00025_00030_00008.png
client_0,5451,49,51,5,6,43,45,3,Train/3/00003_00013_00021.png
client_0,31233,37,36,5,5,32,31,28,Train/28/00028_00014_00003.png
client_0,15122,31,31,6,6,26,26,10,Train/10/00010_00003_00002.png
client_0,17643,37,33,6,5,32,28,11,Train/11/00011_00020_00003.png
client_0,30801,56,51,6,5,51,46,27,Train/27/00027_00007_00021.png
client_0,16011,52,45,5,6,47,40,10,Train/10/00010_00032_00021.png
client_0,17964,101,94,8,9,92,86,11,Train/11/00011_00030_00024.png
client_0,11965,56,56,5,5,51,51,7,Train/7/00007_00041_00025.png
client_0,21405,37,34,6,6,32,29,13,Train/13/00013_00031_00015.png
client_0,31570,41,42,5,5,36,37,29,Train/29/00029_00007_00010.png
client_0,15240,31,32,6,6,26,27,10,Train/10/00010_00007_00000.png
client_0,29758,122,111,10,9,112,102,25,Train/25/00025_00042_00028.png
client_0,20466,27,30,5,6,22,25,13,Train/13/00013_00000_00006.png
client_0,21831,118,118,11,11,108,108,13,Train/13/00013_00045_00021.png
client_0,18140,72,74,6,6,65,68,11,Train/11/00011_00036_00020.png
client_0,19703,68,68,6,6,62,62,12,Train/12/00012_00044_00023.png
client_0,15145,45,47,5,6,40,42,10,Train/10/00010_00003_00025.png
client_0,24520,27,43,5,5,22,38,17,Train/17/00017_00002_00010.png
client_0,18149,114,110,10,10,104,100,11,Train/11/00011_00036_00029.png
client_0,31559,117,106,11,10,106,96,29,Train/29/00029_00006_00029.png
client_0,17132,36,35,5,6,31,30,11,Train/11/00011_00003_00002.png
client_0,21165,38,49,5,5,33,44,13,Train/13/00013_00023_00015.png
client_0,15624,71,72,7,7,65,66,10,Train/10/00010_00019_00024.png
client_0,12983,42,37,6,5,37,32,8,Train/8/00008_00027_00023.png
client_0,17856,54,49,6,6,49,44,11,Train/11/00011_00027_00006.png
client_0,6873,28,30,5,6,23,25,4,Train/4/00004_00014_00003.png
client_0,30247,35,33,6,6,30,28,26,Train/26/00026_00009_00007.png
client_0,38352,35,36,6,5,29,30,39,Train/39/00039_00009_00013.png
client_0,30350,48,45,5,5,42,39,26,Train/26/00026_00012_00020.png
client_0,3474,60,62,5,5,55,57,2,Train/2/00002_00022_00024.png
client_0,25381,25,28,5,5,20,23,17,Train/17/00017_00031_00001.png
client_0,15199,41,42,5,6,36,37,10,Train/10/00010_00005_00019.png
client_0,25616,87,78,8,7,80,71,18,Train/18/00018_00001_00026.png
client_0,8972,28,27,5,5,22,22,5,Train/5/00005_00018_00002.png
client_0,12243,31,29,6,5,25,24,8,Train/8/00008_00003_00003.png
client_0,38396,68,64,7,5,62,59,40,Train/40/00040_00000_00027.png
client_0,7142,29,29,5,5,24,24,4,Train/4/00004_00023_00002.png
client_0,3281,34,36,5,6,29,31,2,Train/2/00002_00016_00011.png
client_0,25066,39,37,5,5,34,32,17,Train/17/00017_00020_00016.png
client_0,26972,36,35,6,5,31,30,21,Train/21/00021_00000_00002.png
client_0,23502,34,38,5,6,28,32,15,Train/15/00015_00003_00012.png
client_0,36961,32,31,6,5,27,26,38,Train/38/00038_00032_00002.png
client_0,16469,76,72,6,6,70,66,10,Train/10/00010_00047_00029.png
client_0,17749,54,49,6,5,49,44,11,Train/11/00011_00023_00019.png
client_0,21162,35,43,6,5,30,38,13,Train/13/00013_00023_00012.png
client_0,34098,39,47,5,5,34,42,34,Train/34/00034_00010_00019.png
client_0,34581,50,52,6,6,45,47,35,Train/35/00035_00012_00022.png
client_0,22072,92,83,8,7,84,76,13,Train/13/00013_00053_00022.png
client_0,22034,43,39,5,5,37,33,13,Train/13/00013_00052_00014.png
client_0,27288,48,44,5,5,43,39,21,Train/21/00021_00010_00018.png
client_0,22570,86,80,7,7,79,73,13,Train/13/00013_00070_00010.png
client_0,24674,35,36,6,6,30,31,17,Train/17/00017_00007_00014.png
client_0,15347,40,39,6,5,35,34,10,Train/10/00010_00010_00017.png
client_0,24746,54,59,5,6,48,53,17,Train/17/00017_00009_00026.png
client_0,14413,52,52,5,5,47,47,9,Train/9/00009_00028_00013.png
client_0,17904,31,47,6,6,26,42,11,Train/11/00011_00028_00024.png
client_0,28840,60,57,5,5,55,52,25,Train/25/00025_00012_00010.png
client_0,22507,63,53,6,5,58,48,13,Train/13/00013_00068_00007.png
client_0,14057,51,51,5,6,45,46,9,Train/9/00009_00016_00017.png
client_0,213,27,28,5,6,22,23,20,Train/20/00020_00007_00003.png
client_0,38140,53,57,5,5,47,52,39,Train/39/00039_00002_00011.png
client_0,16325,29,28,6,6,24,23,10,Train/10/00010_00043_00005.png
client_0,15295,63,63,5,5,58,58,10,Train/10/00010_00008_00025.png
client_0,25544,30,35,6,6,25,30,17,Train/17/00017_00036_00014.png
client_0,16336,36,37,5,6,31,32,10,Train/10/00010_00043_00016.png
client_0,10325,33,34,5,5,28,29,6,Train/6/00006_00001_00005.png
client_0,21844,32,40,5,5,27,35,13,Train/13/00013_00046_00004.png
client_0,33811,28,29,5,5,23,24,34,Train/34/00034_00001_00002.png
client_0,16027,28,27,6,5,23,21,10,Train/10/00010_00033_00007.png
client_0,14314,30,31,5,6,25,26,9,Train/9/00009_00025_00004.png
client_0,31778,41,37,6,6,36,32,30,Train/30/00030_00005_00008.png
client_0,15980,44,43,6,6,39,38,10,Train/10/00010_00031_00020.png
client_0,16330,31,30,6,5,26,25,10,Train/10/00010_00043_00010.png
client_0,20995,87,82,7,8,80,75,13,Train/13/00013_00017_00025.png
client_0,27134,43,42,5,6,38,37,21,Train/21/00021_00005_00014.png
client_0,15114,44,42,5,6,39,37,10,Train/10/00010_00002_00024.png
client_0,10351,28,30,6,6,23,25,6,Train/6/00006_00002_00001.png
client_0,19688,36,37,5,6,31,32,12,Train/12/00012_00044_00008.png
client_0,21977,50,53,6,6,45,48,13,Train/13/00013_00050_00017.png
client_0,25060,31,30,5,5,26,25,17,Train/17/00017_00020_00010.png
client_0,8697,98,100,8,9,90,92,5,Train/5/00005_00008_00027.png
client_0,21260,53,69,6,7,47,63,13,Train/13/00013_00026_00020.png
client_0,390,29,30,6,6,24,25,0,Train/0/00000_00001_00000.png
client_0,38668,111,108,10,10,101,98,40,Train/40/00040_00009_00029.png
client_0,25087,34,33,5,5,29,28,17,Train/17/00017_00021_00007.png
client_0,22318,148,136,12,11,136,125,13,Train/13/00013_00061_00028.png
client_0,21511,39,42,6,6,34,37,13,Train/13/00013_00035_00001.png
client_0,4599,58,60,5,6,53,55,2,Train/2/00002_00060_00009.png
client_0,19644,111,111,10,10,102,102,12,Train/12/00012_00042_00024.png
client_0,10001,35,35,6,6,30,30,5,Train/5/00005_00052_00011.png
client_0,16123,34,30,6,5,29,25,10,Train/10/00010_00036_00013.png
client_0,33857,46,44,6,6,41,38,34,Train/34/00034_00002_00018.png
client_0,4693,33,33,5,5,28,28,2,Train/2/00002_00063_00013.png
client_0,25968,49,50,5,6,44,45,18,Train/18/00018_00013_00018.png
client_0,38128,59,60,5,5,54,55,39,Train/39/00039_00001_00029.png
client_0,16756,46,44,6,6,41,39,10,Train/10/00010_00057_00016.png
client_0,21818,81,81,8,8,74,74,13,Train/13/00013_00045_00008.png
client_0,3665,39,40,6,6,34,34,2,Train/2/00002_00029_00005.png
client_0,1472,28,36,5,6,23,31,1,Train/1/00001_00030_00002.png
client_0,20464,29,29,5,5,23,23,13,Train/13/00013_00000_00004.png
client_0,12270,28,28,5,5,23,23,8,Train/8/00008_00004_00000.png
client_0,34493,71,70,7,6,64,64,35,Train/35/00035_00009_00024.png
client_0,7253,53,57,6,6,48,52,4,Train/4/00004_00026_00023.png
client_0,10006,39,38,6,5,34,33,5,Train/5/00005_00052_00016.png
client_0,6221,34,34,6,6,29,29,3,Train/3/00003_00039_00011.png
client_0,8861,36,36,5,5,31,31,5,Train/5/00005_00014_00011.png
client_0,29379,57,56,5,6,52,51,25,Train/25/00025_00030_00009.png
client_0,27948,71,64,7,5,65,59,23,Train/23/00023_00008_00018.png
client_0,6458,47,46,6,5,42,41,4,Train/4/00004_00000_00008.png
client_0,28192,62,61,6,6,57,56,23,Train/23/00023_00016_00022.png
client_0,18133,60,59,6,5,55,54,11,Train/11/00011_00036_00013.png
client_0,15853,38,39,6,5,33,34,10,Train/10/00010_00027_00013.png
client_0,29471,43,41,6,6,38,36,25,Train/25/00025_00033_00011.png
client_0,20557,34,36,5,5,29,31,13,Train/13/00013_00003_00007.png
client_0,13397,40,41,5,6,35,36,8,Train/8/00008_00041_00017.png
client_0,21294,37,36,5,5,32,31,13,Train/13/00013_00027_00024.png
client_0,3971,31,33,5,6,26,28,2,Train/2/00002_00039_00011.png
client_0,6418,110,111,9,9,101,102,3,Train/3/00003_00045_00028.png
client_0,30236,84,76,7,7,77,70,26,Train/26/00026_00008_00026.png
client_0,39154,30,31,5,6,25,26,42,Train/42/00042_00006_00005.png
client_0,21354,48,43,6,5,42,38,13,Train/13/00013_00029_00024.png
client_0,25348,47,50,6,5,42,45,17,Train/17/00017_00029_00028.png
client_0,19379,73,80,6,8,67,73,12,Train/12/00012_00033_00029.png
client_0,5517,42,42,5,5,37,37,3,Train/3/00003_00015_00027.png
client_0,19248,55,54,5,6,50,49,12,Train/12/00012_00029_00018.png
client_0,18123,47,50,6,5,42,44,11,Train/11/00011_00036_00003.png
client_0,10734,68,65,6,6,62,59,7,Train/7/00007_00000_00024.png
client_0,3195,36,36,6,6,31,31,2,Train/2/00002_00013_00015.png
client_0,6798,43,43,6,5,38,37,4,Train/4/00004_00011_00018.png
client_0,8592,34,33,6,5,29,28,5,Train/5/00005_00005_00012.png
client_0,38245,76,80,6,7,70,73,39,Train/39/00039_00005_00026.png
client_0,38726,59,63,5,6,53,58,40,Train/40/00040_00011_00027.png
client_0,21577,39,39,5,5,34,34,13,Train/13/00013_00037_00007.png
client_0,24956,53,57,6,6,48,52,17,Train/17/00017_00016_00026.png
client_0,15171,40,41,5,5,35,36,10,Train/10/00010_00004_00021.png
client_0,5130,30,31,5,6,25,26,3,Train/3/00003_00003_00000.png
client_0,15315,40,40,5,5,35,35,10,Train/10/00010_00009_00015.png
client_0,17785,85,75,8,7,78,69,11,Train/11/00011_00024_00025.png
client_0,9734,36,38,5,6,31,32,5,Train/5/00005_00043_00014.png
client_0,17975,43,41,6,6,37,36,11,Train/11/00011_00031_00005.png
client_0,505,86,93,7,8,78,84,0,Train/0/00000_00004_00025.png
client_0,16989,31,29,6,5,26,24,10,Train/10/00010_00065_00009.png
client_0,30137,48,43,5,5,43,38,26,Train/26/00026_00005_00017.png
client_0,16696,39,40,5,6,34,35,10,Train/10/00010_00055_00016.png
client_0,10341,46,50,5,6,41,45,6,Train/6/00006_00001_00021.png
client_0,26831,56,50,6,6,51,44,19,Train/19/00019_00002_00011.png
client_0,33838,50,46,6,5,45,41,34,Train/34/00034_00001_00029.png
client_0,249,35,34,6,5,30,29,20,Train/20/00020_00008_00009.png
client_0,12651,46,46,5,5,41,41,8,Train/8/00008_00016_00021.png
client_0,27101,39,34,5,5,34,29,21,Train/21/00021_00004_00011.png
client_0,33886,71,74,7,6,64,68,34,Train/34/00034_00003_00017.png
client_0,13103,57,60,5,5,52,55,8,Train/8/00008_00031_00023.png
client_0,33713,78,75,7,7,71,69,33,Train/33/00033_00020_00024.png
client_0,17823,53,50,5,6,48,45,11,Train/11/00011_00026_00003.png
client_0,21934,33,28,5,5,28,23,13,Train/13/00013_00049_00004.png
client_0,12989,52,45,6,6,47,39,8,Train/8/00008_00027_00029.png
client_0,30740,50,46,6,6,45,41,27,Train/27/00027_00005_00020.png
client_0,30745,67,60,6,6,61,55,27,Train/27/00027_00005_00025.png
client_0,18157,34,38,5,6,29,33,11,Train/11/00011_00037_00007.png
client_0,25105,58,54,6,6,53,49,17,Train/17/00017_00021_00025.png
client_0,21457,38,36,5,5,33,31,13,Train/13/00013_00033_00007.png
client_0,27072,42,39,5,5,37,34,21,Train/21/00021_00003_00012.png
client_0,11188,72,85,6,8,66,78,7,Train/7/00007_00015_00028.png
client_0,9171,40,41,5,6,35,36,5,Train/5/00005_00024_00021.png
client_0,37019,27,26,6,5,22,21,38,Train/38/00038_00034_00000.png
client_0,13247,50,51,5,6,45,46,8,Train/8/00008_00036_00017.png
client_0,21836,143,142,13,12,131,130,13,Train/13/00013_00045_00026.png
client_0,16236,32,31,6,6,26,26,10,Train/10/00010_00040_00006.png
client_0,21666,37,35,5,5,32,30,13,Train/13/00013_00040_00006.png
client_0,17743,42,38,6,5,37,33,11,Train/11/00011_00023_00013.png
client_0,24453,26,33,5,6,21,28,17,Train/17/00017_00000_00003.png
client_0,25957,44,43,6,5,39,38,18,Train/18/00018_00013_00007.png
client_0,21576,40,39,6,5,35,34,13,Train/13/00013_00037_00006.png
client_0,31158,49,46,6,5,44,41,28,Train/28/00028_00011_00018.png
client_0,22345,100,93,8,9,92,85,13,Train/13/00013_00062_00025.png
client_0,39201,47,50,5,6,42,45,42,Train/42/00042_00007_00022.png
client_0,16507,33,34,5,6,27,28,10,Train/10/00010_00049_00007.png
client_0,16222,49,49,5,5,43,43,10,Train/10/00010_00039_00022.png
client_0,33870,42,45,5,5,36,40,34,Train/34/00034_00003_00001.png
client_0,26686,53,52,6,5,48,47,18,Train/18/00018_00037_00016.png
client_0,30905,37,35,5,5,31,29,28,Train/28/00028_00003_00005.png
client_0,22165,65,59,6,5,60,54,13,Train/13/00013_00056_00025.png
client_0,12813,31,27,5,5,25,22,8,Train/8/00008_00022_00003.png
client_0,34063,41,41,6,6,36,36,34,Train/34/00034_00009_00014.png
client_0,8228,34,35,6,6,29,30,4,Train/4/00004_00059_00008.png
client_0,24879,31,33,6,5,26,28,17,Train/17/00017_00014_00009.png
client_0,3512,30,30,5,5,25,25,2,Train/2/00002_00024_00002.png
client_0,26793,33,31,6,6,27,26,19,Train/19/00019_00001_00003.png
client_0,26053,38,34,6,5,33,29,18,Train/18/00018_00016_00013.png
client_0,24690,26,28,6,5,21,23,17,Train/17/00017_00008_00000.png
client_0,19777,42,46,5,6,37,41,12,Train/12/00012_00047_00007.png
client_0,3637,34,37,5,6,29,32,2,Train/2/00002_00028_00007.png
client_0,8943,34,34,6,6,29,29,5,Train/5/00005_00017_00003.png
client_0,33646,36,50,5,5,31,44,33,Train/33/00033_00018_00016.png
client_0,13369,42,42,6,6,37,37,8,Train/8/00008_00040_00019.png
client_0,21669,41,39,6,6,36,34,13,Train/13/00013_00040_00009.png
client_0,8843,52,52,5,5,47,47,5,Train/5/00005_00013_00023.png
client_0,8852,30,29,6,5,25,24,5,Train/5/00005_00014_00002.png
client_0,327,81,71,8,7,74,65,20,Train/20/00020_00010_00027.png
client_0,33982,37,39,6,5,32,34,34,Train/34/00034_00006_00023.png
client_0,6795,38,40,5,6,32,34,4,Train/4/00004_00011_00015.png
client_0,5360,50,54,5,6,45,49,3,Train/3/00003_00010_00020.png
client_0,20841,70,63,6,5,64,58,13,Train/13/00013_00012_00021.png
client_0,8929,48,47,6,5,43,42,5,Train/5/00005_00016_00019.png
client_0,25297,38,38,6,5,33,33,17,Train/17/00017_00028_00007.png
client_0,21305,47,46,5,6,42,41,13,Train/13/00013_00028_00005.png
client_0,18550,46,47,5,6,41,42,12,Train/12/00012_00006_00010.png
client_0,38356,40,43,6,6,35,38,39,Train/39/00039_00009_00017.png
client_0,17211,85,75,7,7,78,69,11,Train/11/00011_00005_00021.png
client_0,26110,56,54,6,6,51,49,18,Train/18/00018_00018_00010.png
client_0,16863,31,28,5,6,25,22,10,Train/10/00010_00061_00003.png
client_0,21623,81,73,7,6,74,67,13,Train/13/00013_00038_00023.png
client_0,20806,44,49,5,5,39,44,13,Train/13/00013_00011_00016.png
client_0,8172,34,35,5,6,29,30,4,Train/4/00004_00057_00012.png
client_0,12664,31,31,5,5,26,26,8,Train/8/00008_00017_00004.png
client_0,21200,70,60,7,5,64,55,13,Train/13/00013_00024_00020.png
client_0,20552,28,28,6,5,23,23,13,Train/13/00013_00003_00002.png
client_0,35791,39,38,6,5,34,33,37,Train/37/00037_00000_00002.png
client_0,35277,75,73,7,7,69,67,35,Train/35/00035_00035_00028.png
client_0,30760,49,44,6,6,44,39,27,Train/27/00027_00006_00010.png
client_0,5767,32,32,6,6,27,27,3,Train/3/00003_00024_00007.png
client_0,35784,71,71,7,6,65,65,36,Train/36/00036_00012_00025.png
client_0,3218,30,31,6,6,25,26,2,Train/2/00002_00014_00008.png
client_0,26467,32,30,5,6,27,25,18,Train/18/00018_00030_00007.png
client_0,38256,31,30,6,5,25,25,39,Train/39/00039_00006_00007.png
client_0,20825,40,35,6,5,35,30,13,Train/13/00013_00012_00005.png
client_0,35640,27,26,5,5,22,21,36,Train/36/00036_00008_00001.png
client_0,5045,28,29,5,6,23,24,3,Train/3/00003_00000_00005.png
client_0,1262,33,32,5,6,27,27,1,Train/1/00001_00023_00002.png
client_0,35714,36,37,5,5,31,32,36,Train/36/00036_00010_00015.png
client_0,14637,106,104,10,10,97,95,9,Train/9/00009_00035_00027.png
client_0,29508,80,70,7,6,73,64,25,Train/25/00025_00034_00018.png
client_0,31751,51,46,5,6,46,41,30,Train/30/00030_00004_00011.png
client_0,38186,87,91,8,8,80,83,39,Train/39/00039_00003_00027.png
client_0,20583,31,28,5,6,26,23,13,Train/13/00013_00004_00003.png
client_0,16179,31,31,5,5,26,26,10,Train/10/00010_00038_00009.png
client_0,27849,37,36,5,5,32,31,23,Train/23/00023_00005_00009.png
client_0,21614,53,49,5,6,48,44,13,Train/13/00013_00038_00014.png
client_0,22315,120,109,11,10,110,100,13,Train/13/00013_00061_00025.png
client_0,4956,29,30,6,6,24,25,2,Train/2/00002_00072_00006.png
client_0,25084,28,29,5,6,23,24,17,Train/17/00017_00021_00004.png
client_0,19048,73,70,6,6,67,64,12,Train/12/00012_00022_00028.png
client_0,24837,35,32,6,5,30,27,17,Train/17/00017_00012_00027.png
client_0,35844,76,75,7,6,70,69,37,Train/37/00037_00001_00025.png
client_0,20996,93,82,8,8,85,75,13,Train/13/00013_00017_00026.png
client_0,35477,59,57,6,5,53,51,36,Train/36/00036_00002_00018.png
client_0,16879,48,40,6,6,42,35,10,Train/10/00010_00061_00019.png
client_0,18108,73,73,7,7,67,67,11,Train/11/00011_00035_00018.png
client_0,12894,51,50,6,5,46,45,8,Train/8/00008_00024_00024.png
client_0,15743,48,48,6,5,43,43,10,Train/10/00010_00023_00023.png
client_0,24665,30,32,6,6,25,27,17,Train/17/00017_00007_00005.png
client_0,13842,39,41,5,6,34,36,9,Train/9/00009_00009_00012.png
client_0,15878,34,35,5,6,29,30,10,Train/10/00010_00028_00008.png
client_0,21264,57,83,6,8,52,76,13,Train/13/00013_00026_00024.png
client_0,15595,71,72,6,7,65,66,10,Train/10/00010_00018_00025.png
client_0,7,31,28,6,6,26,23,20,Train/20/00020_00000_00007.png
client_0,34153,36,36,6,6,31,31,34,Train/34/00034_00012_00014.png
client_0,18849,33,32,6,5,27,26,12,Train/12/00012_00016_00009.png
client_0,20484,60,58,5,5,55,53,13,Train/13/00013_00000_00024.png
client_0,25474,29,30,6,6,24,25,17,Train/17/00017_00034_00004.png
client_0,21292,36,34,5,5,31,29,13,Train/13/00013_00027_00022.png
client_0,38343,29,30,6,5,23,24,39,Train/39/00039_00009_00004.png
client_0,15842,27,31,5,6,22,26,10,Train/10/00010_00027_00002.png
client_0,21671,41,36,6,5,36,31,13,Train/13/00013_00040_00011.png
client_0,38200,37,37,6,5,32,32,39,Train/39/00039_00004_00011.png
client_0,20481,55,51,6,6,49,46,13,Train/13/00013_00000_00021.png
client_0,15671,40,40,5,5,35,35,10,Train/10/00010_00021_00011.png
client_0,21918,77,71,7,6,71,65,13,Train/13/00013_00048_00018.png
client_0,9320,41,40,5,5,36,35,5,Train/5/00005_00029_00020.png
client_0,564,82,85,8,7,74,77,0,Train/0/00000_00006_00024.png
client_0,15958,64,65,5,6,59,60,10,Train/10/00010_00030_00028.png
client_0,21779,93,85,9,8,85,78,13,Train/13/00013_00043_00029.png
client_0,5604,70,71,6,7,64,65,3,Train/3/00003_00018_00024.png
client_0,12712,51,50,5,5,46,45,8,Train/8/00008_00018_00022.png
client_0,20777,60,55,6,5,55,49,13,Train/13/00013_00010_00017.png
client_0,10645,56,56,5,5,51,51,6,Train/6/00006_00011_00025.png
client_0,24302,28,29,5,6,23,24,16,Train/16/00016_00009_00002.png
client_0,35661,54,55,5,6,49,50,36,Train/36/00036_00008_00022.png
client_0,14423,75,76,6,6,69,70,9,Train/9/00009_00028_00023.png
client_0,20644,30,30,5,6,25,25,13,Train/13/00013_00006_00004.png
client_0,21047,70,60,7,6,63,55,13,Train/13/00013_00019_00017.png
client_0,6130,33,34,5,5,28,29,3,Train/3/00003_00036_00010.png
client_0,24922,43,45,5,5,38,40,17,Train/17/00017_00015_00022.png
client_0,16564,36,35,5,5,31,30,10,Train/10/00010_00051_00004.png
client_0,16900,33,34,5,5,28,29,10,Train/10/00010_00062_00010.png
client_0,17330,69,60,6,5,63,55,11,Train/11/00011_00009_00020.png
client_0,18109,73,73,6,6,67,67,11,Train/11/00011_00035_00019.png
client_0,10116,29,32,5,6,24,27,5,Train/5/00005_00056_00006.png
client_0,27209,148,136,12,12,136,125,21,Train/21/00021_00007_00029.png
client_0,9641,30,32,5,6,25,26,5,Train/5/00005_00040_00011.png
client_0,8526,30,30,6,6,25,24,5,Train/5/00005_00003_00006.png
client_0,25875,95,83,9,7,86,76,18,Train/18/00018_00010_00015.png
client_0,152,30,28,6,6,24,22,20,Train/20/00020_00005_00002.png
client_0,25701,128,111,11,9,117,102,18,Train/18/00018_00004_00021.png
client_0,21167,41,54,6,6,36,49,13,Train/13/00013_00023_00017.png
client_0,17676,34,31,5,6,28,25,11,Train/11/00011_00021_00006.png
client_0,7857,88,89,7,8,81,82,4,Train/4/00004_00046_00027.png
client_0,16414,29,28,6,5,24,23,10,Train/10/00010_00046_00004.png
client_0,15074,41,38,6,6,36,32,10,Train/10/00010_00001_00014.png
client_0,38228,37,37,5,5,32,32,39,Train/39/00039_00005_00009.png
client_0,26997,124,111,11,10,114,102,21,Train/21/00021_00000_00027.png
client_0,5994,58,61,6,5,52,55,3,Train/3/00003_00031_00024.png
client_0,4864,29,30,6,6,24,25,2,Train/2/00002_00069_00004.png
client_0,15710,49,50,5,5,44,45,10,Train/10/00010_00022_00020.png
client_0,17020,31,28,6,5,26,23,10,Train/10/00010_00066_00010.png
client_0,8887,34,34,5,5,29,29,5,Train/5/00005_00015_00007.png
client_0,31180,35,32,6,5,30,27,28,Train/28/00028_00012_00010.png
client_0,18048,58,58,5,5,53,53,11,Train/11/00011_00033_00018.png
client_0,5215,48,48,5,5,43,43,3,Train/3/00003_00005_00025.png
client_0,21529,83,91,8,8,76,83,13,Train/13/00013_00035_00019.png
client_0,7301,37,37,6,5,32,32,4,Train/4/00004_00028_00011.png
client_0,15898,63,65,6,6,58,60,10,Train/10/00010_00028_00028.png
client_0,16332,32,33,5,6,27,28,10,Train/10/00010_00043_00012.png
client_0,35292,36,36,6,6,31,31,35,Train/35/00035_00036_00013.png
client_0,13407,55,55,5,5,50,50,8,Train/8/00008_00041_00027.png
client_0,8253,31,30,6,5,26,25,4,Train/4/00004_00060_00003.png
client_0,22249,96,89,9,8,88,81,13,Train/13/00013_00059_00019.png
client_0,22135,89,81,8,8,82,74,13,Train/13/00013_00055_00025.png
client_0,21286,34,34,5,6,29,29,13,Train/13/00013_00027_00016.png
client_0,16427,38,37,6,5,33,32,10,Train/10/00010_00046_00017.png
client_0,17584,47,43,6,6,42,38,11,Train/11/00011_00018_00004.png
client_0,15237,58,59,5,6,53,54,10,Train/10/00010_00006_00027.png
client_0,30983,75,72,7,6,68,66,28,Train/28/00028_00005_00023.png
client_0,17023,32,30,6,5,27,24,10,Train/10/00010_00066_00013.png
client_0,5898,37,39,6,5,32,34,3,Train/3/00003_00028_00018.png
client_0,588,74,74,6,6,68,68,1,Train/1/00001_00000_00018.png
client_0,38344,28,31,5,6,23,26,39,Train/39/00039_00009_00005.png
client_0,16379,49,50,5,6,44,45,10,Train/10/00010_00044_00029.png
client_0,15550,34,35,5,6,29,30,10,Train/10/00010_00017_00010.png
client_0,18469,52,52,6,6,47,47,12,Train/12/00012_00003_00019.png
client_0,31970,58,60,5,6,53,55,30,Train/30/00030_00011_00020.png
client_0,17001,36,37,5,5,31,32,10,Train/10/00010_00065_00021.png
client_0,18033,35,34,6,6,30,29,11,Train/11/00011_00033_00003.png
client_0,21632,30,28,5,5,25,23,13,Train/13/00013_00039_00002.png
client_0,39043,34,35,5,5,29,29,42,Train/42/00042_00002_00014.png
client_0,16434,53,51,6,6,47,46,10,Train/10/00010_00046_00024.png
client_0,21473,86,76,7,7,79,70,13,Train/13/00013_00033_00023.png
client_0,24904,27,32,5,5,22,27,17,Train/17/00017_00015_00004.png
client_0,33736,43,45,6,5,38,40,33,Train/33/00033_00021_00017.png
client_0,16514,38,37,6,5,33,32,10,Train/10/00010_00049_00014.png
client_0,31141,37,34,6,5,32,29,28,Train/28/00028_00011_00001.png
client_0,24592,29,29,6,6,24,24,17,Train/17/00017_00004_00022.png
client_0,17488,119,106,11,10,108,97,11,Train/11/00011_00014_00028.png
client_0,26175,84,75,8,6,76,69,18,Train/18/00018_00020_00015.png
client_0,16107,83,74,7,6,75,68,10,Train/10/00010_00035_00027.png
client_0,8636,92,94,9,9,84,86,5,Train/5/00005_00006_00026.png
client_0,38433,36,35,6,5,30,29,40,Train/40/00040_00002_00004.png
client_0,15372,42,43,6,6,37,38,10,Train/10/00010_00011_00012.png
client_0,4241,35,33,6,6,30,28,2,Train/2/00002_00048_00011.png
client_0,34928,35,35,6,5,30,30,35,Train/35/00035_00024_00009.png
client_0,13886,92,87,9,8,84,80,9,Train/9/00009_00010_00026.png
client_0,17832,84,72,8,7,77,66,11,Train/11/00011_00026_00012.png
client_0,38426,80,80,7,7,72,72,40,Train/40/00040_00001_00027.png
client_0,2946,34,33,6,6,28,28,2,Train/2/00002_00005_00006.png
client_0,17686,44,41,6,6,39,36,11,Train/11/00011_00021_00016.png
client_0,21270,30,31,6,6,25,26,13,Train/13/00013_00027_00000.png
client_0,13289,56,56,5,6,51,51,8,Train/8/00008_00037_00029.png
client_0,28598,40,38,5,5,35,33,25,Train/25/00025_00004_00008.png
client_0,13332,38,39,5,5,33,34,8,Train/8/00008_00039_00012.png
client_0,5097,50,51,5,6,45,46,3,Train/3/00003_00001_00027.png
client_0,22440,33,31,6,5,28,26,13,Train/13/00013_00066_00000.png
client_0,17448,63,61,6,6,58,56,11,Train/11/00011_00013_00018.png
client_0,10023,28,28,6,6,23,23,5,Train/5/00005_00053_00003.png
client_0,26427,84,95,8,8,77,87,18,Train/18/00018_00028_00027.png
client_0,483,57,61,5,5,52,55,0,Train/0/00000_00004_00003.png
client_0,25983,38,38,6,6,33,33,18,Train/18/00018_00014_00003.png
client_0,22103,134,127,11,11,123,116,13,Train/13/00013_00054_00023.png
client_0,31715,47,40,6,5,42,35,30,Train/30/00030_00003_00005.png
client_0,38113,35,36,5,5,29,31,39,Train/39/00039_00001_00014.png
client_0,30789,39,35,6,5,34,30,27,Train/27/00027_00007_00009.png
client_0,18451,36,36,6,5,31,31,12,Train/12/00012_00003_00001.png
client_0,7457,45,44,6,5,40,39,4,Train/4/00004_00033_00017.png
client_0,18092,51,55,5,6,46,50,11,Train/11/00011_00035_00002.png
client_0,17381,54,50,6,6,49,45,11,Train/11/00011_00011_00011.png
client_0,21930,29,27,5,6,24,21,13,Train/13/00013_00049_00000.png
client_0,8456,67,68,6,6,61,62,5,Train/5/00005_00000_00026.png
client_0,31971,63,65,5,6,57,59,30,Train/30/00030_00011_00021.png
client_0,21679,55,49,5,6,50,44,13,Train/13/00013_00040_00019.png
client_0,34110,29,28,6,5,24,23,34,Train/34/00034_00011_00001.png
client_0,25753,54,49,5,6,49,44,18,Train/18/00018_00006_00013.png
client_0,38162,29,29,5,6,23,24,39,Train/39/00039_00003_00003.png
client_0,17976,42,42,5,6,37,36,11,Train/11/00011_00031_00006.png
client_0,76,49,46,6,5,44,41,20,Train/20/00020_00002_00016.png
client_0,6121,28,29,5,5,23,24,3,Train/3/00003_00036_00001.png
client_0,6095,31,33,6,5,26,27,3,Train/3/00003_00035_00005.png
client_0,21284,34,34,6,6,29,29,13,Train/13/00013_00027_00014.png
client_0,8906,105,108,10,10,96,99,5,Train/5/00005_00015_00026.png
client_0,16360,32,33,6,6,27,28,10,Train/10/00010_00044_00010.png
client_0,17099,133,128,11,11,121,117,11,Train/11/00011_00001_00029.png
client_0,20749,53,52,6,6,48,46,13,Train/13/00013_00009_00019.png
client_0,24092,26,26,5,5,21,21,16,Train/16/00016_00002_00002.png
client_0,20851,42,37,6,5,37,32,13,Train/13/00013_00013_00001.png
client_0,1861,39,38,6,5,34,33,1,Train/1/00001_00043_00001.png
client_0,34509,47,49,5,6,42,44,35,Train/35/00035_00010_00010.png
client_0,259,41,40,6,5,36,35,20,Train/20/00020_00008_00019.png
client_0,12589,52,54,6,6,47,49,8,Train/8/00008_00014_00019.png
client_0,17864,62,56,5,6,57,51,11,Train/11/00011_00027_00014.png
client_0,20957,58,54,5,6,53,49,13,Train/13/00013_00016_00017.png
client_0,9529,45,45,5,6,39,39,5,Train/5/00005_00036_00019.png
client_0,3443,45,46,5,5,40,41,2,Train/2/00002_00021_00023.png
client_0,31231,36,36,5,6,30,30,28,Train/28/00028_00014_00001.png
client_0,29931,56,62,6,6,51,57,25,Train/25/00025_00048_00021.png
client_0,26696,74,75,6,7,68,69,18,Train/18/00018_00037_00026.png
client_0,34000,36,35,6,5,31,30,34,Train/34/00034_00007_00011.png
client_0,24315,35,36,5,5,30,31,16,Train/16/00016_00009_00015.png
client_0,26528,53,53,5,5,48,48,18,Train/18/00018_00032_00008.png
client_0,21309,49,46,6,5,44,41,13,Train/13/00013_00028_00009.png
client_0,15529,41,40,6,5,36,35,10,Train/10/00010_00016_00019.png
client_0,12742,59,59,6,6,54,54,8,Train/8/00008_00019_00022.png
client_0,20160,41,41,6,6,36,36,12,Train/12/00012_00060_00000.png
client_0,27201,69,61,7,6,63,56,21,Train/21/00021_00007_00021.png
client_0,17753,68,58,7,6,62,53,11,Train/11/00011_00023_00023.png
client_0,21320,49,46,6,6,44,41,13,Train/13/00013_00028_00020.png
client_0,28770,37,40,0,6,32,35,25,Train/25/00025_00010_00000.png
client_0,26503,44,39,6,5,39,34,18,Train/18/00018_00031_00013.png
client_0,15571,32,31,6,5,27,26,10,Train/10/00010_00018_00001.png
client_0,24944,32,32,6,6,27,27,17,Train/17/00017_00016_00014.png
client_0,4391,36,36,5,6,31,31,2,Train/2/00002_00053_00011.png
client_0,9485,30,32,5,6,25,26,5,Train/5/00005_00035_00005.png
client_0,30118,128,112,12,10,117,103,26,Train/26/00026_00004_00028.png
client_0,9860,49,51,5,6,44,46,5,Train/5/00005_00047_00020.png
client_0,26282,34,31,6,5,29,26,18,Train/18/00018_00024_00002.png
client_0,20579,224,201,19,18,205,184,13,Train/13/00013_00003_00029.png
client_0,3260,84,84,7,8,76,76,2,Train/2/00002_00015_00020.png
client_0,16003,37,33,5,6,32,28,10,Train/10/00010_00032_00013.png
client_0,4712,27,27,5,5,22,22,2,Train/2/00002_00064_00002.png
client_0,26408,40,42,5,6,35,37,18,Train/18/00018_00028_00008.png
client_0,20576,144,129,12,11,132,118,13,Train/13/00013_00003_00026.png
client_0,13013,47,40,5,5,42,35,8,Train/8/00008_00028_00023.png
client_0,24687,47,50,6,6,42,45,17,Train/17/00017_00007_00027.png
client_0,39008,33,32,6,5,28,27,42,Train/42/00042_00001_00009.png
client_0,15918,38,40,5,6,33,35,10,Train/10/00010_00029_00018.png
client_0,28026,54,48,5,5,48,43,23,Train/23/00023_00011_00006.png
client_0,6452,43,44,5,6,38,39,4,Train/4/00004_00000_00002.png
client_0,10465,47,50,5,5,41,44,6,Train/6/00006_00005_00025.png
client_0,35551,30,30,5,5,25,25,36,Train/36/00036_00005_00002.png
client_0,33966,28,31,5,6,23,26,34,Train/34/00034_00006_00007.png
client_0,16886,72,54,7,5,66,48,10,Train/10/00010_00061_00026.png
client_0,25794,117,100,11,8,106,92,18,Train/18/00018_00007_00024.png
client_0,16813,41,42,5,6,36,37,10,Train/10/00010_00059_00013.png
client_0,8631,58,59,5,6,53,54,5,Train/5/00005_00006_00021.png
client_0,15647,37,36,6,6,32,31,10,Train/10/00010_00020_00017.png
client_0,38120,44,44,5,5,38,39,39,Train/39/00039_00001_00021.png
client_0,15217,33,35,5,6,28,29,10,Train/10/00010_00006_00007.png
client_0,10074,45,45,5,6,40,40,5,Train/5/00005_00054_00024.png
client_0,21885,81,70,7,6,74,64,13,Train/13/00013_00047_00015.png
client_0,39094,34,33,6,5,29,28,42,Train/42/00042_00004_00005.png
client_0,6215,30,30,6,5,25,25,3,Train/3/00003_00039_00005.png
client_0,33276,32,31,6,5,26,26,33,Train/33/00033_00006_00006.png
client_0,5078,32,33,6,6,27,27,3,Train/3/00003_00001_00008.png
client_0,14287,33,35,6,5,28,29,9,Train/9/00009_00024_00007.png
client_0,20480,53,51,6,6,48,46,13,Train/13/00013_00000_00020.png
client_0,17268,64,58,6,5,58,52,11,Train/11/00011_00007_00018.png
client_0,16181,32,33,5,6,27,28,10,Train/10/00010_00038_00011.png
client_0,17314,46,42,5,6,40,37,11,Train/11/00011_00009_00004.png
client_0,9130,37,37,6,6,32,32,5,Train/5/00005_00023_00010.png
client_0,30972,50,51,6,5,44,45,28,Train/28/00028_00005_00012.png
client_0,16068,43,41,5,6,37,35,10,Train/10/00010_00034_00018.png
client_0,6485,42,42,5,5,37,37,4,Train/4/00004_00001_00005.png
client_0,9530,46,46,5,6,40,40,5,Train/5/00005_00036_00020.png
client_0,4328,34,34,5,6,29,29,2,Train/2/00002_00051_00008.png
client_0,9644,33,34,5,5,28,29,5,Train/5/00005_00040_00014.png
client_0,21359,53,48,6,5,48,43,13,Train/13/00013_00029_00029.png
client_0,18070,47,45,6,5,42,40,11,Train/11/00011_00034_00010.png
client_0,16930,30,32,5,5,25,26,10,Train/10/00010_00063_00010.png
client_0,29144,58,54,6,6,53,49,25,Train/25/00025_00022_00014.png
client_0,28754,38,37,5,6,33,32,25,Train/25/00025_00009_00014.png
client_0,31925,36,36,5,6,31,31,30,Train/30/00030_00010_00005.png
client_0,16231,28,29,5,6,23,24,10,Train/10/00010_00040_00001.png
client_0,30477,60,54,5,6,55,49,26,Train/26/00026_00016_00027.png
client_0,14082,34,38,5,5,29,33,9,Train/9/00009_00017_00012.png
client_0,33999,34,34,6,6,29,29,34,Train/34/00034_00007_00010.png
client_0,16338,39,38,6,5,34,33,10,Train/10/00010_00043_00018.png
client_0,15546,31,32,5,6,26,27,10,Train/10/00010_00017_00006.png
client_0,21390,29,26,5,5,24,21,13,Train/13/00013_00031_00000.png
client_0,15844,29,33,5,6,24,28,10,Train/10/00010_00027_00004.png
client_0,31865,34,30,6,5,29,25,30,Train/30/00030_00008_00005.png
client_0,27116,60,52,5,6,55,47,21,Train/21/00021_00004_00026.png
client_0,15756,31,33,5,6,26,28,10,Train/10/00010_00024_00006.png
client_0,12254,38,39,6,6,32,33,8,Train/8/00008_00003_00014.png
client_0,17980,50,48,5,5,45,43,11,Train/11/00011_00031_00010.png
client_0,19677,85,86,7,8,78,79,12,Train/12/00012_00043_00027.png
client_0,13928,33,34,5,5,27,28,9,Train/9/00009_00012_00008.png
client_0,17585,48,44,5,5,43,39,11,Train/11/00011_00018_00005.png
client_0,27298,145,128,13,11,132,116,21,Train/21/00021_00010_00028.png
client_0,16573,46,46,6,6,41,41,10,Train/10/00010_00051_00013.png
client_0,5322,35,35,5,5,30,30,3,Train/3/00003_00009_00012.png
client_0,6835,73,70,7,6,67,64,4,Train/4/00004_00012_00025.png
client_0,5568,56,57,6,5,51,52,3,Train/3/00003_00017_00018.png
client_0,9885,40,40,5,5,35,35,5,Train/5/00005_00048_00015.png
client_0,35915,29,28,6,5,24,23,37,Train/37/00037_00004_00006.png
client_0,7273,38,37,6,5,33,32,4,Train/4/00004_00027_00013.png
client_0,16194,50,52,6,6,44,46,10,Train/10/00010_00038_00024.png
client_0,19999,52,52,6,5,47,47,12,Train/12/00012_00054_00019.png
client_0,38348,31,34,5,6,26,28,39,Train/39/00039_00009_00009.png
client_0,15635,31,28,6,6,26,23,10,Train/10/00010_00020_00005.png
client_0,24850,29,38,5,6,24,33,17,Train/17/00017_00013_00010.png
client_0,16646,101,106,9,10,93,97,10,Train/10/00010_00053_00026.png
client_0,28827,146,165,12,15,134,150,25,Train/25/00025_00011_00027.png
client_0,14495,30,30,6,6,25,25,9,Train/9/00009_00031_00005.png
client_0,25415,28,30,5,6,23,25,17,Train/17/00017_00032_00005.png
client_0,11409,33,32,6,5,28,27,7,Train/7/00007_00023_00009.png
client_0,13087,30,29,5,5,24,24,8,Train/8/00008_00031_00007.png
client_0,15744,49,52,5,6,44,47,10,Train/10/00010_00023_00024.png
client_0,16554,50,49,5,5,45,44,10,Train/10/00010_00050_00024.png
client_0,25672,86,82,8,8,79,75,18,Train/18/00018_00003_00022.png
client_0,4627,45,45,6,5,40,40,2,Train/2/00002_00061_00007.png
client_0,32,31,31,5,6,26,26,20,Train/20/00020_00001_00002.png
client_0,18088,155,134,14,11,141,123,11,Train/11/00011_00034_00028.png
client_0,34041,51,51,5,5,46,46,34,Train/34/00034_00008_00022.png
client_0,27996,44,41,5,6,38,36,23,Train/23/00023_00010_00006.png
client_0,18311,42,42,6,6,37,37,11,Train/11/00011_00042_00011.png
client_0,30563,57,53,6,6,52,47,26,Train/26/00026_00019_00023.png
client_0,17513,54,51,5,6,48,46,11,Train/11/00011_00015_00023.png
client_0,16454,35,35,6,5,30,30,10,Train/10/00010_00047_00014.png
client_0,406,38,39,5,6,33,34,0,Train/0/00000_00001_00016.png
client_0,13390,38,38,5,5,33,33,8,Train/8/00008_00041_00010.png
client_0,24842,29,37,5,6,24,32,17,Train/17/00017_00013_00002.png
client_0,17434,41,40,6,6,36,35,11,Train/11/00011_00013_00004.png
client_0,25866,76,70,6,7,70,64,18,Train/18/00018_00010_00006.png
client_0,6522,40,42,5,6,34,37,4,Train/4/00004_00002_00012.png
client_0,15184,33,33,6,6,28,28,10,Train/10/00010_00005_00004.png
client_0,24965,36,37,5,5,31,32,17,Train/17/00017_00017_00005.png
client_0,24390,27,27,6,6,22,22,16,Train/16/00016_00012_00000.png
client_0,8476,36,35,6,5,30,30,5,Train/5/00005_00001_00016.png
client_0,33997,31,31,5,5,26,26,34,Train/34/00034_00007_00008.png
client_0,33950,42,48,5,5,37,42,34,Train/34/00034_00005_00021.png
client_0,25410,27,28,6,6,22,23,17,Train/17/00017_00032_00000.png
client_0,17619,36,32,5,6,31,27,11,Train/11/00011_00019_00009.png
client_0,20170,46,47,5,6,41,42,12,Train/12/00012_00060_00010.png
client_0,24136,41,42,5,5,36,37,16,Train/16/00016_00003_00016.png
client_0,9158,37,37,6,6,32,32,5,Train/5/00005_00024_00008.png
client_0,17405,40,38,6,5,35,33,11,Train/11/00011_00012_00005.png
client_0,3673,46,45,6,5,41,40,2,Train/2/00002_00029_00013.png
client_0,29536,43,39,6,5,38,34,25,Train/25/00025_00035_00016.png
client_0,12218,31,31,6,6,25,25,8,Train/8/00008_00002_00008.png
client_0,17578,125,111,11,10,115,102,11,Train/11/00011_00017_00028.png
client_0,20041,41,41,6,6,35,36,12,Train/12/00012_00056_00001.png
client_0,492,70,73,7,7,64,67,0,Train/0/00000_00004_00012.png
client_0,28611,56,50,5,6,50,44,25,Train/25/00025_00004_00021.png
client_0,25055,30,29,5,5,25,24,17,Train/17/00017_00020_00005.png
client_0,21627,111,105,9,9,102,96,13,Train/13/00013_00038_00027.png
client_0,13025,32,32,6,6,27,27,8,Train/8/00008_00029_00005.png
client_0,21448,169,124,15,10,155,114,13,Train/13/00013_00032_00028.png
client_0,15438,52,51,6,5,47,46,10,Train/10/00010_00013_00018.png
client_0,19313,68,67,7,6,62,61,12,Train/12/00012_00031_00023.png
client_0,1644,60,58,6,6,54,52,1,Train/1/00001_00035_00024.png
client_0,29737,38,35,5,5,33,30,25,Train/25/00025_00042_00007.png
client_0,13180,40,39,5,5,34,33,8,Train/8/00008_00034_00010.png
client_0,22293,48,44,5,6,42,39,13,Train/13/00013_00061_00003.png
client_0,38285,58,60,6,6,53,55,39,Train/39/00039_00007_00006.png
client_0,22306,74,72,6,6,68,65,13,Train/13/00013_00061_00016.png
client_0,25612,72,65,6,5,66,59,18,Train/18/00018_00001_00022.png
client_0,21007,37,38,5,6,32,33,13,Train/13/00013_00018_00007.png
client_0,8482,40,39,6,5,35,34,5,Train/5/00005_00001_00022.png
client_0,1558,121,120,10,11,110,109,1,Train/1/00001_00032_00028.png
client_0,9855,40,42,5,6,34,36,5,Train/5/00005_00047_00015.png
client_0,30780,32,30,5,5,27,25,27,Train/27/00027_00007_00000.png
client_0,12283,35,34,6,5,30,29,8,Train/8/00008_00004_00013.png
client_0,15966,31,32,5,5,25,26,10,Train/10/00010_00031_00006.png
client_0,15084,70,57,6,5,64,52,10,Train/10/00010_00001_00024.png
client_0,10191,47,48,5,5,42,43,5,Train/5/00005_00058_00021.png
client_0,22454,41,37,6,5,36,32,13,Train/13/00013_00066_00014.png
client_0,21786,43,40,5,6,38,35,13,Train/13/00013_00044_00006.png
client_0,30359,81,73,8,7,74,67,26,Train/26/00026_00012_00029.png
client_0,25897,33,32,5,6,28,27,18,Train/18/00018_00011_00007.png
client_0,19075,62,60,5,6,57,55,12,Train/12/00012_00023_00025.png
client_0,17695,70,59,7,5,64,54,11,Train/11/00011_00021_00025.png
client_0,28912,70,63,6,6,64,58,25,Train/25/00025_00014_00022.png
client_0,21332,31,30,6,5,26,25,13,Train/13/00013_00029_00002.png
client_0,17331,71,62,6,5,65,57,11,Train/11/00011_00009_00021.png
client_0,6833,61,59,6,5,56,54,4,Train/4/00004_00012_00023.png
client_0,29894,87,81,7,8,80,74,25,Train/25/00025_00047_00014.png
client_0,30634,36,33,6,6,31,28,27,Train/27/00027_00002_00004.png
client_0,8687,48,48,6,6,43,43,5,Train/5/00005_00008_00017.png
client_0,18323,80,74,8,6,73,68,11,Train/11/00011_00042_00023.png
client_0,15067,33,30,6,6,27,25,10,Train/10/00010_00001_00007.png
client_0,21890,93,80,8,7,85,73,13,Train/13/00013_00047_00020.png
client_0,22409,41,40,6,5,36,35,13,Train/13/00013_00064_00029.png
client_0,24459,25,31,5,5,20,25,17,Train/17/00017_00000_00009.png
client_0,14345,56,53,6,6,51,48,9,Train/9/00009_00026_00005.png
client_0,19615,58,58,5,5,53,53,12,Train/12/00012_00041_00025.png
client_0,21524,61,69,5,6,56,63,13,Train/13/00013_00035_00014.png
client_0,16424,35,34,6,5,29,29,10,Train/10/00010_00046_00014.png
client_0,15587,48,47,6,5,43,42,10,Train/10/00010_00018_00017.png
client_0,25717,86,79,7,7,79,72,18,Train/18/00018_00005_00007.png
client_0,39090,32,31,6,5,27,26,42,Train/42/00042_00004_00001.png
client_0,16039,40,39,5,5,35,34,10,Train/10/00010_00033_00019.png
client_0,15483,29,29,6,6,24,24,10,Train/10/00010_00015_00003.png
client_0,6419,122,122,11,10,112,112,3,Train/3/00003_00045_00029.png
client_0,29452,49,45,6,6,44,40,25,Train/25/00025_00032_00022.png
client_0,21462,45,39,5,5,40,34,13,Train/13/00013_00033_00012.png
client_0,18173,52,56,5,6,47,51,11,Train/11/00011_00037_00023.png
client_0,20321,54,56,5,6,49,51,12,Train/12/00012_00065_00011.png
client_0,15077,45,42,5,6,40,37,10,Train/10/00010_00001_00017.png
client_0,24284,70,70,6,6,64,64,16,Train/16/00016_00008_00014.png
client_0,17752,62,55,6,6,57,50,11,Train/11/00011_00023_00022.png
client_0,24838,35,34,5,6,30,29,17,Train/17/00017_00012_00028.png
client_0,20937,131,120,11,10,120,110,13,Train/13/00013_00015_00027.png
client_0,20635,82,75,7,7,75,69,13,Train/13/00013_00005_00025.png
client_0,5132,31,32,5,6,26,27,3,Train/3/00003_00003_00002.png
client_0,21164,38,47,6,5,32,41,13,Train/13/00013_00023_00014.png
client_0,21899,137,118,12,10,126,108,13,Train/13/00013_00047_00029.png
client_0,29868,58,57,5,5,53,52,25,Train/25/00025_00046_00018.png
client_0,19076,68,62,7,5,62,57,12,Train/12/00012_00023_00026.png
client_0,35185,57,58,6,5,52,53,35,Train/35/00035_00032_00026.png
client_0,26583,35,32,6,5,29,26,18,Train/18/00018_00034_00003.png
client_0,35088,50,53,5,6,45,48,35,Train/35/00035_00029_00019.png
client_0,22541,37,36,6,5,32,31,13,Train/13/00013_00069_00011.png
client_0,6544,31,30,6,6,25,25,4,Train/4/00004_00003_00004.png
client_0,16001,35,31,5,6,30,26,10,Train/10/00010_00032_00011.png
client_0,34395,43,44,6,5,38,38,35,Train/35/00035_00006_00016.png
client_0,31298,40,42,6,6,35,37,28,Train/28/00028_00016_00008.png
client_0,19013,60,62,6,5,55,57,12,Train/12/00012_00021_00023.png
client_0,5616,34,36,5,6,29,31,3,Train/3/00003_00019_00006.png
client_0,18441,64,69,5,7,59,63,12,Train/12/00012_00002_00021.png
client_0,17938,136,122,11,11,124,112,11,Train/11/00011_00029_00028.png
client_0,22522,119,92,11,8,109,84,13,Train/13/00013_00068_00022.png
client_0,5848,63,65,6,6,58,60,3,Train/3/00003_00026_00028.png
client_0,31192,60,56,5,5,54,51,28,Train/28/00028_00012_00022.png
client_0,507,95,100,9,9,87,92,0,Train/0/00000_00004_00027.png
client_0,22128,53,51,5,6,48,46,13,Train/13/00013_00055_00018.png
client_0,21128,49,49,6,5,44,44,13,Train/13/00013_00022_00008.png
client_0,8605,43,48,5,6,38,42,5,Train/5/00005_00005_00025.png
client_0,34989,39,40,5,6,34,35,35,Train/35/00035_00026_00010.png
client_0,17468,38,37,6,6,33,32,11,Train/11/00011_00014_00008.png
client_0,12637,34,33,6,6,29,28,8,Train/8/00008_00016_00007.png
client_0,6131,33,34,5,5,28,29,3,Train/3/00003_00036_00011.png
client_0,25373,57,61,5,6,51,56,17,Train/17/00017_00030_00023.png
client_0,20144,38,38,6,6,33,33,12,Train/12/00012_00059_00014.png
client_0,217,27,28,5,6,22,23,20,Train/20/00020_00007_00007.png
client_0,19174,36,36,5,5,31,31,12,Train/12/00012_00027_00004.png
client_0,9474,43,47,5,6,38,42,5,Train/5/00005_00034_00024.png
client_0,21802,68,61,6,6,62,56,13,Train/13/00013_00044_00022.png
client_0,25054,29,26,6,5,24,21,17,Train/17/00017_00020_00004.png
client_0,8413,34,35,6,6,29,30,4,Train/4/00004_00065_00013.png
client_0,7912,57,59,5,6,52,54,4,Train/4/00004_00048_00022.png
client_0,28695,77,70,6,6,70,64,25,Train/25/00025_00007_00015.png
client_0,8680,36,36,5,5,31,31,5,Train/5/00005_00008_00010.png
client_0,22212,36,37,5,6,30,31,13,Train/13/00013_00058_00012.png
client_0,9619,37,37,6,5,32,32,5,Train/5/00005_00039_00019.png
client_0,8659,44,45,6,5,39,40,5,Train/5/00005_00007_00019.png
client_0,17047,31,29,5,5,26,24,11,Train/11/00011_00000_00007.png
client_0,24210,74,74,7,7,68,68,16,Train/16/00016_00006_00000.png
client_0,13024,30,30,6,6,25,25,8,Train/8/00008_00029_00004.png
client_0,24962,35,35,5,5,30,30,17,Train/17/00017_00017_00002.png
client_0,21291,35,34,5,5,30,29,13,Train/13/00013_00027_00021.png
client_0,16210,32,33,6,6,27,27,10,Train/10/00010_00039_00010.png
client_0,17203,60,55,5,6,55,50,11,Train/11/00011_00005_00013.png
client_0,17831,76,70,6,7,70,64,11,Train/11/00011_00026_00011.png
client_0,16134,47,41,5,5,42,36,10,Train/10/00010_00036_00024.png
client_0,21440,77,55,7,5,70,49,13,Train/13/00013_00032_00020.png
client_0,4796,45,46,6,5,40,41,2,Train/2/00002_00066_00026.png
client_0,14311,29,29,6,6,24,24,9,Train/9/00009_00025_00001.png
client_0,31631,44,39,6,5,39,34,30,Train/30/00030_00000_00011.png
client_0,31290,33,35,5,6,28,30,28,Train/28/00028_00016_00000.png
client_0,1761,65,70,6,7,60,64,1,Train/1/00001_00039_00021.png
client_0,19794,104,105,10,9,95,96,12,Train/12/00012_00047_00024.png
client_0,22567,79,75,7,7,72,69,13,Train/13/00013_00070_00007.png
client_0,28997,53,52,5,5,48,46,25,Train/25/00025_00017_00017.png
client_0,6173,60,58,5,5,55,53,3,Train/3/00003_00037_00023.png
client_0,33975,33,35,6,5,28,30,34,Train/34/00034_00006_00016.png
client_0,15560,42,42,5,5,37,37,10,Train/10/00010_00017_00020.png
client_0,1132,85,87,8,7,78,80,1,Train/1/00001_00018_00022.png
client_0,9544,29,28,5,6,23,22,5,Train/5/00005_00037_00004.png
client_0,398,33,33,5,5,28,28,0,Train/0/00000_00001_00008.png
client_0,22077,123,113,10,10,112,103,13,Train/13/00013_00053_00027.png
client_0,33841,30,28,5,5,24,23,34,Train/34/00034_00002_00002.png
client_0,5530,37,38,5,6,31,33,3,Train/3/00003_00016_00010.png
client_0,25937,37,39,6,6,32,33,18,Train/18/00018_00012_00017.png
client_0,24119,68,68,6,7,62,62,16,Train/16/00016_00002_00029.png
client_0,15659,57,56,6,5,52,51,10,Train/10/00010_00020_00029.png
client_0,25187,41,43,6,6,36,38,17,Train/17/00017_00024_00017.png
client_0,563,75,81,6,7,69,74,0,Train/0/00000_00006_00023.png
client_0,21739,57,47,5,6,52,42,13,Train/13/00013_00042_00019.png
client_0,16077,76,70,7,6,70,63,10,Train/10/00010_00034_00027.png
client_0,31506,37,33,6,5,32,28,29,Train/29/00029_00005_00006.png
client_0,16955,28,28,6,5,23,23,10,Train/10/00010_00064_00005.png
client_0,21947,49,45,5,5,44,39,13,Train/13/00013_00049_00017.png
client_0,31085,36,35,5,5,31,30,28,Train/28/00028_00009_00005.png
client_0,27714,69,63,7,5,63,57,23,Train/23/00023_00000_00024.png
client_0,11972,30,29,6,5,25,24,7,Train/7/00007_00042_00002.png
client_0,10547,35,39,6,6,30,34,6,Train/6/00006_00008_00017.png
client_0,29406,36,36,6,5,31,31,25,Train/25/00025_00031_00006.png
client_0,38116,39,40,6,6,34,35,39,Train/39/00039_00001_00017.png
client_0,35854,29,30,5,6,24,25,37,Train/37/00037_00002_00005.png
client_0,30834,50,46,6,5,45,40,28,Train/28/00028_00000_00024.png
client_0,15982,50,47,6,6,45,42,10,Train/10/00010_00031_00022.png
client_0,4704,38,39,5,6,33,34,2,Train/2/00002_00063_00024.png
client_0,10045,53,52,5,5,48,47,5,Train/5/00005_00053_00025.png
client_0,30473,53,47,6,5,48,42,26,Train/26/00026_00016_00023.png
client_0,25295,37,37,6,5,32,32,17,Train/17/00017_00028_00005.png
client_0,8610,30,31,5,5,25,26,5,Train/5/00005_00006_00000.png
client_0,9233,45,39,5,5,40,33,5,Train/5/00005_00026_00023.png
client_0,13170,30,32,5,6,25,27,8,Train/8/00008_00034_00000.png
client_0,15707,46,47,5,5,41,42,10,Train/10/00010_00022_00017.png
client_0,14053,48,48,5,5,43,42,9,Train/9/00009_00016_00013.png
client_0,8772,41,43,5,6,36,38,5,Train/5/00005_00011_00012.png
client_0,33878,55,57,6,6,50,52,34,Train/34/00034_00003_00009.png
client_0,24543,28,29,5,5,23,24,17,Train/17/00017_00003_00003.png
client_0,19365,48,52,6,5,43,47,12,Train/12/00012_00033_00015.png
client_0,26438,40,36,6,5,35,31,18,Train/18/00018_00029_00008.png
client_0,9071,37,37,6,6,32,32,5,Train/5/00005_00021_00011.png
client_0,21772,64,57,5,5,59,52,13,Train/13/00013_00043_00022.png
client_0,16768,111,106,9,9,102,97,10,Train/10/00010_00057_00028.png
client_0,38495,44,43,6,5,39,38,40,Train/40/00040_00004_00006.png
client_0,21014,45,46,5,6,40,41,13,Train/13/00013_00018_00014.png
client_0,25034,44,46,6,5,39,41,17,Train/17/00017_00019_00014.png
client_0,20871,68,61,6,6,62,56,13,Train/13/00013_00013_00021.png
client_0,25709,189,169,16,14,173,155,18,Train/18/00018_00004_00029.png
client_0,9632,27,27,6,6,22,22,5,Train/5/00005_00040_00002.png
client_0,22593,37,36,5,5,31,31,13,Train/13/00013_00071_00003.png
client_0,358,86,76,7,6,79,70,20,Train/20/00020_00011_00028.png
client_0,19328,34,39,5,5,29,34,12,Train/12/00012_00032_00008.png
client_0,10176,29,29,5,5,24,23,5,Train/5/00005_00058_00006.png
client_0,21857,54,55,5,6,49,50,13,Train/13/00013_00046_00017.png
client_0,38649,32,32,5,5,27,26,40,Train/40/00040_00009_00010.png
client_0,28636,48,45,6,5,43,39,25,Train/25/00025_00005_00016.png
client_0,8757,58,59,6,6,53,54,5,Train/5/00005_00010_00027.png
client_0,17777,49,46,5,5,44,41,11,Train/11/00011_00024_00017.png
client_0,18051,69,69,6,6,63,63,11,Train/11/00011_00033_00021.png
client_0,24940,29,31,5,6,24,26,17,Train/17/00017_00016_00010.png
client_0,24971,43,43,6,5,38,38,17,Train/17/00017_00017_00011.png
client_0,15523,37,36,6,5,32,31,10,Train/10/00010_00016_00013.png
client_0,38079,92,95,8,9,84,87,39,Train/39/00039_00000_00010.png
client_0,24786,26,28,5,6,21,23,17,Train/17/00017_00011_00006.png
client_0,27000,32,31,6,6,27,26,21,Train/21/00021_00001_00000.png
client_0,10022,28,28,6,6,23,23,5,Train/5/00005_00053_00002.png
client_0,15147,47,49,5,6,42,44,10,Train/10/00010_00003_00027.png
client_0,22014,77,71,7,6,71,64,13,Train/13/00013_00051_00024.png
client_0,34096,39,46,5,6,34,41,34,Train/34/00034_00010_00017.png
client_0,24254,36,36,6,5,30,30,16,Train/16/00016_00007_00014.png
client_0,15897,61,60,6,5,56,55,10,Train/10/00010_00028_00027.png
client_0,28535,32,30,6,5,27,25,25,Train/25/00025_00002_00005.png
client_0,38236,47,47,5,5,42,42,39,Train/39/00039_00005_00017.png
client_0,1972,70,71,6,7,64,65,1,Train/1/00001_00046_00022.png
client_0,15252,41,41,6,6,36,36,10,Train/10/00010_00007_00012.png
client_0,5124,53,57,5,6,48,52,3,Train/3/00003_00002_00024.png
client_0,25414,28,29,5,5,23,24,17,Train/17/00017_00032_00004.png
client_0,33961,27,29,5,5,22,24,34,Train/34/00034_00006_00002.png
client_0,5079,33,33,6,6,28,28,3,Train/3/00003_00001_00009.png
client_0,8983,32,33,5,6,26,27,5,Train/5/00005_00018_00013.png
client_0,15655,47,48,5,6,42,43,10,Train/10/00010_00020_00025.png
client_0,10163,49,49,6,6,44,44,5,Train/5/00005_00057_00023.png
client_0,16942,45,46,6,6,40,40,10,Train/10/00010_00063_00022.png
client_0,8992,38,37,6,5,33,32,5,Train/5/00005_00018_00022.png
client_0,17652,46,42,5,5,41,37,11,Train/11/00011_00020_00012.png
client_0,18095,54,56,6,5,49,51,11,Train/11/00011_00035_00005.png
client_0,33888,75,83,6,8,69,76,34,Train/34/00034_00003_00019.png
client_0,24945,34,33,6,5,29,28,17,Train/17/00017_00016_00015.png
client_0,9856,42,42,5,5,36,37,5,Train/5/00005_00047_00016.png
client_0,18347,44,42,6,5,39,37,11,Train/11/00011_00043_00017.png
client_0,24794,28,31,5,6,23,26,17,Train/17/00017_00011_00014.png
client_0,22368,46,45,5,6,41,40,13,Train/13/00013_00063_00018.png
client_0,5252,29,28,6,5,23,22,3,Train/3/00003_00007_00002.png
client_0,17184,99,98,8,8,91,90,11,Train/11/00011_00004_00024.png
client_0,16399,49,52,5,6,44,47,10,Train/10/00010_00045_00019.png
client_0,21197,57,51,5,6,52,46,13,Train/13/00013_00024_00017.png
client_0,8354,35,34,6,5,30,29,4,Train/4/00004_00063_00014.png
client_0,38233,44,43,6,5,39,38,39,Train/39/00039_00005_00014.png
client_0,6943,36,38,6,5,31,33,4,Train/4/00004_00016_00013.png
client_0,8673,30,31,5,6,25,26,5,Train/5/00005_00008_00003.png
client_0,20808,54,61,6,6,49,56,13,Train/13/00013_00011_00018.png
client_0,16637,56,58,5,6,51,53,10,Train/10/00010_00053_00017.png
client_0,20636,90,87,8,8,82,79,13,Train/13/00013_00005_00026.png
client_0,18038,41,38,5,5,35,32,11,Train/11/00011_00033_00008.png
client_0,21054,84,73,8,7,77,67,13,Train/13/00013_00019_00024.png
client_0,29666,101,92,9,8,93,84,25,Train/25/00025_00039_00026.png
client_0,22274,53,47,6,6,47,42,13,Train/13/00013_00060_00014.png
client_0,24227,100,101,8,9,92,93,16,Train/16/00016_00006_00017.png
client_0,15604,32,32,5,5,27,27,10,Train/10/00010_00019_00004.png
client_0,21130,51,51,6,6,45,46,13,Train/13/00013_00022_00010.png
client_0,15174,49,50,5,6,44,45,10,Train/10/00010_00004_00024.png
client_0,16429,40,40,5,5,35,35,10,Train/10/00010_00046_00019.png
client_0,25212,41,41,6,5,36,36,17,Train/17/00017_00025_00012.png
client_0,39141,42,40,5,6,37,35,42,Train/42/00042_00005_00022.png
client_0,7920,27,28,5,6,22,23,4,Train/4/00004_00049_00000.png
client_0,31030,65,55,6,5,59,50,28,Train/28/00028_00007_00010.png
client_0,31628,34,32,6,5,29,27,30,Train/30/00030_00000_00008.png
client_0,22351,30,28,6,5,25,23,13,Train/13/00013_00063_00001.png
client_0,21375,48,46,5,6,43,41,13,Train/13/00013_00030_00015.png
client_0,14788,60,64,5,5,54,59,9,Train/9/00009_00040_00028.png
client_0,3902,29,30,6,6,24,25,2,Train/2/00002_00037_00002.png
client_0,12857,40,40,5,5,35,35,8,Train/8/00008_00023_00017.png
client_0,10804,32,32,5,5,27,27,7,Train/7/00007_00003_00004.png
client_0,12509,89,88,8,7,82,81,8,Train/8/00008_00011_00029.png
client_0,3393,28,29,5,6,23,24,2,Train/2/00002_00020_00003.png
client_0,38242,62,61,6,5,57,56,39,Train/39/00039_00005_00023.png
client_0,16009,48,42,5,6,43,37,10,Train/10/00010_00032_00019.png
client_0,22333,43,42,6,6,38,37,13,Train/13/00013_00062_00013.png
client_0,23923,41,41,6,6,36,36,15,Train/15/00015_00017_00013.png
client_0,17566,43,42,5,6,38,36,11,Train/11/00011_00017_00016.png
client_0,39178,59,62,5,5,54,57,42,Train/42/00042_00006_00029.png
client_0,17157,140,123,13,10,128,113,11,Train/11/00011_00003_00027.png
client_0,16112,30,27,5,6,25,22,10,Train/10/00010_00036_00002.png
client_0,21700,65,59,6,6,60,54,13,Train/13/00013_00041_00010.png
client_0,38122,45,48,5,6,40,42,39,Train/39/00039_00001_00023.png
client_0,21648,48,40,6,5,43,35,13,Train/13/00013_00039_00018.png
client_0,9983,56,56,6,6,51,51,5,Train/5/00005_00051_00023.png
client_0,4491,51,51,6,5,46,46,2,Train/2/00002_00056_00021.png
client_0,17803,39,38,5,6,34,33,11,Train/11/00011_00025_00013.png
client_0,10522,35,38,5,5,30,33,6,Train/6/00006_00007_00022.png
client_0,31166,55,53,5,6,50,48,28,Train/28/00028_00011_00026.png
client_0,20873,73,65,6,5,67,59,13,Train/13/00013_00013_00023.png
client_0,10047,63,63,5,6,58,58,5,Train/5/00005_00053_00027.png
client_0,21929,106,100,9,8,97,92,13,Train/13/00013_00048_00029.png
client_0,34022,29,30,5,5,24,25,34,Train/34/00034_00008_00003.png
client_0,22221,41,43,5,5,36,38,13,Train/13/00013_00058_00021.png
client_0,38432,34,34,5,5,29,29,40,Train/40/00040_00002_00003.png
client_0,25272,34,35,5,5,29,30,17,Train/17/00017_00027_00012.png
client_0,20569,84,75,7,6,77,69,13,Train/13/00013_00003_00019.png
client_0,7690,34,34,5,5,29,29,4,Train/4/00004_00041_00010.png
client_0,16501,28,28,5,5,23,23,10,Train/10/00010_00049_00001.png
client_0,38362,49,53,5,5,44,48,39,Train/39/00039_00009_00023.png
client_0,12383,49,49,5,5,44,44,8,Train/8/00008_00007_00023.png
client_0,25918,129,117,11,11,117,106,18,Train/18/00018_00011_00028.png
client_0,17054,37,36,5,6,32,31,11,Train/11/00011_00000_00014.png
client_0,28766,82,74,8,6,75,68,25,Train/25/00025_00009_00026.png
client_0,17386,63,57,6,6,57,52,11,Train/11/00011_00011_00016.png
client_0,24511,27,41,6,6,21,35,17,Train/17/00017_00002_00001.png
client_0,8289,33,34,5,6,28,29,4,Train/4/00004_00061_00009.png
client_0,22044,68,59,6,5,61,53,13,Train/13/00013_00052_00024.png
client_0,26953,47,43,5,5,42,38,19,Train/19/00019_00006_00013.png
client_0,34583,54,56,5,6,49,50,35,Train/35/00035_00012_00024.png
client_0,18025,107,104,9,9,98,95,11,Train/11/00011_00032_00025.png
client_0,33807,70,84,6,8,64,76,34,Train/34/00034_00000_00028.png
client_0,16800,30,30,5,5,25,25,10,Train/10/00010_00059_00000.png
client_0,21839,158,169,14,14,145,155,13,Train/13/00013_00045_00029.png
client_0,10503,27,29,6,6,22,23,6,Train/6/00006_00007_00003.png
client_0,17251,43,41,6,6,38,36,11,Train/11/00011_00007_00001.png
client_0,38496,46,46,6,6,41,41,40,Train/40/00040_00004_00007.png
client_0,35874,109,107,9,9,100,98,37,Train/37/00037_00002_00025.png
client_0,14565,43,42,6,6,38,36,9,Train/9/00009_00033_00015.png
client_0,38274,40,41,5,6,35,36,39,Train/39/00039_00006_00025.png
client_0,30877,47,41,6,5,42,36,28,Train/28/00028_00002_00007.png
client_0,17750,56,52,5,6,51,47,11,Train/11/00011_00023_00020.png
client_0,24423,50,49,5,5,44,44,16,Train/16/00016_00013_00003.png
client_0,20791,36,39,5,5,31,34,13,Train/13/00013_00011_00001.png
client_0,7317,58,58,5,5,53,53,4,Train/4/00004_00028_00027.png
client_0,24883,30,33,5,5,25,28,17,Train/17/00017_00014_00013.png
client_0,26031,75,76,6,7,69,70,18,Train/18/00018_00015_00021.png
client_0,24449,100,100,8,9,91,92,16,Train/16/00016_00013_00029.png
client_0,16375,44,45,6,6,39,40,10,Train/10/00010_00044_00025.png
client_0,38556,42,43,6,6,37,37,40,Train/40/00040_00006_00007.png
client_0,16492,49,49,6,6,44,44,10,Train/10/00010_00048_00022.png
client_0,9925,47,49,5,6,42,44,5,Train/5/00005_00049_00025.png
client_0,17413,53,51,6,6,48,46,11,Train/11/00011_00012_00013.png
client_0,15387,85,85,8,8,78,78,10,Train/10/00010_00011_00027.png
client_0,33868,83,89,7,8,75,81,34,Train/34/00034_00002_00029.png
client_0,20826,42,37,6,5,36,31,13,Train/13/00013_00012_00006.png
client_0,210,27,27,6,6,22,22,20,Train/20/00020_00007_00000.png
client_0,38158,117,119,11,11,107,109,39,Train/39/00039_00002_00029.png
client_0,8061,70,64,6,6,64,59,4,Train/4/00004_00053_00021.png
client_0,19905,40,41,5,6,35,36,12,Train/12/00012_00051_00015.png
client_0,5542,47,49,5,6,42,44,3,Train/3/00003_00016_00022.png
client_0,27860,59,54,6,5,53,49,23,Train/23/00023_00005_00020.png
client_0,16775,34,34,6,6,29,29,10,Train/10/00010_00058_00005.png
client_0,22262,35,34,5,5,30,28,13,Train/13/00013_00060_00002.png
client_0,34448,49,47,5,5,43,42,35,Train/35/00035_00008_00009.png
client_0,12568,119,122,11,10,109,112,8,Train/8/00008_00013_00028.png
client_0,17804,42,39,6,5,37,34,11,Train/11/00011_00025_00014.png
client_0,17035,42,41,6,5,37,36,10,Train/10/00010_00066_00025.png
client_0,8292,36,36,5,5,31,31,4,Train/4/00004_00061_00012.png
client_0,34487,47,46,6,5,42,41,35,Train/35/00035_00009_00018.png
client_0,25539,27,32,6,6,22,27,17,Train/17/00017_00036_00009.png
client_0,6062,30,29,6,5,25,24,3,Train/3/00003_00034_00002.png
client_0,7294,33,33,6,6,28,28,4,Train/4/00004_00028_00004.png
client_0,22583,131,117,11,10,120,107,13,Train/13/00013_00070_00023.png
client_0,3933,46,48,5,5,41,43,2,Train/2/00002_00038_00003.png
client_0,22347,119,107,10,9,109,98,13,Train/13/00013_00062_00027.png
client_0,5931,45,44,6,5,40,39,3,Train/3/00003_00029_00021.png
client_0,26692,58,59,5,6,53,54,18,Train/18/00018_00037_00022.png
client_0,20630,56,51,5,6,51,46,13,Train/13/00013_00005_00020.png
client_0,24570,36,41,4,6,31,36,17,Train/17/00017_00004_00000.png
client_0,21072,51,48,6,6,45,42,13,Train/13/00013_00020_00012.png
client_0,2958,45,45,6,5,40,40,2,Train/2/00002_00005_00018.png
client_0,12601,30,28,5,5,25,23,8,Train/8/00008_00015_00001.png
client_0,25433,37,42,6,6,32,37,17,Train/17/00017_00032_00023.png
client_0,30984,79,75,7,6,72,68,28,Train/28/00028_00005_00024.png
client_0,6429,33,31,6,5,27,26,3,Train/3/00003_00046_00009.png
client_0,21050,73,64,7,5,66,58,13,Train/13/00013_00019_00020.png
client_0,21285,35,33,6,6,30,28,13,Train/13/00013_00027_00015.png
client_0,6602,45,43,6,5,39,38,4,Train/4/00004_00005_00002.png
client_0,27206,103,93,9,8,94,85,21,Train/21/00021_00007_00026.png
client_0,9035,28,29,5,6,23,24,5,Train/5/00005_00020_00005.png
client_0,38389,52,52,5,6,47,46,40,Train/40/00040_00000_00020.png
client_0,26671,37,36,6,5,32,31,18,Train/18/00018_00037_00001.png
client_0,6513,34,33,6,5,29,28,4,Train/4/00004_00002_00003.png
client_0,25459,32,34,5,6,27,29,17,Train/17/00017_00033_00019.png
client_0,7822,46,47,5,6,41,42,4,Train/4/00004_00045_00022.png
client_0,25542,29,35,6,6,24,30,17,Train/17/00017_00036_00012.png
client_0,141,40,41,5,6,35,36,20,Train/20/00020_00004_00021.png
client_0,30925,84,75,7,7,77,69,28,Train/28/00028_00003_00025.png
client_0,33923,83,83,7,7,75,75,34,Train/34/00034_00004_00024.png
client_0,26865,43,42,5,5,38,37,19,Train/19/00019_00003_00015.png
client_0,22013,72,68,6,7,66,62,13,Train/13/00013_00051_00023.png
client_0,24886,30,35,5,6,25,30,17,Train/17/00017_00014_00016.png
client_0,12484,33,33,6,6,28,28,8,Train/8/00008_00011_00004.png
client_0,26800,39,36,6,5,34,30,19,Train/19/00019_00001_00010.png
client_0,9812,30,31,5,6,25,26,5,Train/5/00005_00046_00002.png
client_0,25514,31,31,6,6,26,26,17,Train/17/00017_00035_00014.png
client_0,22078,137,124,12,10,126,113,13,Train/13/00013_00053_00028.png
client_0,25886,131,119,11,11,119,108,18,Train/18/00018_00010_00026.png
client_0,27459,38,34,6,5,33,29,22,Train/22/00022_00005_00009.png
client_0,26580,33,29,6,5,28,24,18,Train/18/00018_00034_00000.png
client_0,4101,43,43,5,5,38,38,2,Train/2/00002_00043_00021.png
client_0,16529,68,67,7,6,62,61,10,Train/10/00010_00049_00029.png
client_0,17022,32,30,6,6,27,25,10,Train/10/00010_00066_00012.png
client_0,31980,31,31,6,5,26,26,30,Train/30/00030_00012_00000.png
client_0,35041,28,27,6,5,23,22,35,Train/35/00035_00028_00002.png
client_0,7932,35,34,6,5,29,29,4,Train/4/00004_00049_00012.png
client_0,14307,76,86,6,7,70,79,9,Train/9/00009_00024_00027.png
client_0,24486,29,30,5,6,23,24,17,Train/17/00017_00001_00006.png
client_0,30559,47,42,5,5,41,36,26,Train/26/00026_00019_00019.png
client_0,38547,123,117,10,10,113,107,40,Train/40/00040_00005_00028.png
client_0,19125,43,49,6,5,38,44,12,Train/12/00012_00025_00015.png
client_0,7165,42,41,6,6,37,36,4,Train/4/00004_00023_00025.png
client_0,24240,27,26,6,5,21,21,16,Train/16/00016_00007_00000.png
client_0,38290,63,64,5,5,57,59,39,Train/39/00039_00007_00011.png
client_0,31896,48,44,5,5,43,39,30,Train/30/00030_00009_00006.png
client_0,10659,30,31,6,5,25,25,6,Train/6/00006_00012_00009.png
client_0,10224,61,59,6,5,56,54,5,Train/5/00005_00059_00024.png
client_0,4427,40,40,5,6,35,35,2,Train/2/00002_00054_00017.png
client_0,4011,40,41,5,5,35,36,2,Train/2/00002_00040_00021.png
client_0,27321,70,62,6,5,64,56,22,Train/22/00022_00000_00021.png
client_0,17278,86,80,8,8,79,73,11,Train/11/00011_00007_00028.png
client_0,16676,60,60,6,6,55,55,10,Train/10/00010_00054_00026.png
client_0,8903,72,75,6,7,66,69,5,Train/5/00005_00015_00023.png
client_0,12521,40,39,6,5,35,34,8,Train/8/00008_00012_00011.png
client_0,26095,69,62,6,5,63,57,18,Train/18/00018_00017_00025.png
client_0,135,37,37,6,6,32,32,20,Train/20/00020_00004_00015.png
client_0,17366,107,96,10,8,98,88,11,Train/11/00011_00010_00026.png
client_0,20904,119,108,11,10,109,99,13,Train/13/00013_00014_00024.png
client_0,10704,49,53,5,6,44,47,6,Train/6/00006_00013_00024.png
client_0,25662,58,55,6,6,53,50,18,Train/18/00018_00003_00012.png
client_0,31471,39,38,6,5,34,33,29,Train/29/00029_00004_00001.png
client_0,30873,43,39,6,6,38,34,28,Train/28/00028_00002_00003.png
client_0,26629,54,48,6,5,49,43,18,Train/18/00018_00035_00019.png
client_0,38640,26,26,5,5,21,21,40,Train/40/00040_00009_00001.png
client_0,17296,70,62,7,5,64,57,11,Train/11/00011_00008_00016.png
client_0,30934,36,32,6,6,31,27,28,Train/28/00028_00004_00004.png
client_0,1726,37,37,6,5,32,32,1,Train/1/00001_00038_00016.png
client_0,6230,47,48,6,5,42,43,3,Train/3/00003_00039_00020.png
client_0,20990,73,64,7,5,67,59,13,Train/13/00013_00017_00020.png
client_0,15228,44,43,6,5,39,38,10,Train/10/00010_00006_00018.png
client_0,3620,41,42,5,6,36,37,2,Train/2/00002_00027_00020.png
client_0,25587,31,29,6,6,26,24,18,Train/18/00018_00000_00027.png
client_0,27949,75,70,6,6,69,64,23,Train/23/00023_00008_00019.png
client_0,12593,59,59,6,6,54,54,8,Train/8/00008_00014_00023.png
client_0,6575,48,48,6,6,43,43,4,Train/4/00004_00004_00005.png
client_0,20796,40,45,5,6,35,40,13,Train/13/00013_00011_00006.png
client_0,16349,71,79,7,7,65,72,10,Train/10/00010_00043_00029.png
client_0,28161,87,77,7,7,80,71,23,Train/23/00023_00015_00021.png
client_0,27927,77,70,7,6,71,64,23,Train/23/00023_00007_00027.png
client_0,17933,98,89,8,8,90,82,11,Train/11/00011_00029_00023.png
client_0,35808,44,44,5,6,39,38,37,Train/37/00037_00000_00019.png
client_0,35847,98,98,9,9,90,90,37,Train/37/00037_00001_00028.png
client_0,34074,63,65,5,6,58,60,34,Train/34/00034_00009_00025.png
client_0,16852,46,42,5,5,40,37,10,Train/10/00010_00060_00022.png
client_0,12421,34,33,6,5,28,27,8,Train/8/00008_00009_00001.png
client_0,21966,29,30,6,6,23,24,13,Train/13/00013_00050_00006.png
client_0,14700,32,33,5,6,27,28,9,Train/9/00009_00038_00000.png
client_0,8445,41,42,5,6,36,37,5,Train/5/00005_00000_00015.png
client_0,34058,36,36,6,6,31,31,34,Train/34/00034_00009_00009.png
client_0,15770,48,48,6,5,43,43,10,Train/10/00010_00024_00020.png
client_0,16831,27,25,5,5,21,20,10,Train/10/00010_00060_00001.png
client_0,17958,36,36,6,5,31,31,11,Train/11/00011_00030_00018.png
client_0,15959,70,70,6,6,64,64,10,Train/10/00010_00030_00029.png
client_0,12610,36,34,5,6,30,29,8,Train/8/00008_00015_00010.png
client_0,13040,55,54,6,5,50,49,8,Train/8/00008_00029_00020.png
client_0,22065,63,57,5,6,58,52,13,Train/13/00013_00053_00015.png
client_0,16854,48,45,5,6,43,40,10,Train/10/00010_00060_00024.png
client_0,64,36,34,6,5,31,29,20,Train/20/00020_00002_00004.png
client_0,16466,61,57,6,5,56,52,10,Train/10/00010_00047_00026.png
client_0,20716,53,62,6,5,48,56,13,Train/13/00013_00008_00016.png
client_0,31111,44,40,6,6,39,35,28,Train/28/00028_00010_00001.png
client_0,25730,121,110,10,10,111,101,18,Train/18/00018_00005_00020.png
client_0,20574,120,110,11,10,110,101,13,Train/13/00013_00003_00024.png
client_0,29295,55,49,6,6,50,44,25,Train/25/00025_00027_00015.png
client_0,16265,27,27,6,5,22,21,10,Train/10/00010_00041_00005.png
client_0,17898,30,45,6,6,24,40,11,Train/11/00011_00028_00018.png
client_0,4517,43,44,5,6,38,39,2,Train/2/00002_00057_00017.png
client_0,27040,39,36,6,5,34,31,21,Train/21/00021_00002_00010.png
client_0,24537,36,51,6,6,31,46,17,Train/17/00017_00002_00027.png
client_0,20914,63,60,5,5,58,55,13,Train/13/00013_00015_00004.png
client_0,10481,32,33,5,5,27,28,6,Train/6/00006_00006_00011.png
client_0,15605,33,34,5,6,28,29,10,Train/10/00010_00019_00005.png
client_0,31585,81,80,8,8,74,73,29,Train/29/00029_00007_00025.png
client_0,1595,32,32,6,6,27,27,1,Train/1/00001_00034_00005.png
client_0,35225,34,36,6,6,29,31,35,Train/35/00035_00034_00006.png
client_0,9209,49,49,6,6,44,44,5,Train/5/00005_00025_00029.png
client_0,10318,68,72,6,6,62,66,6,Train/6/00006_00000_00028.png
client_0,16472,29,31,5,6,24,25,10,Train/10/00010_00048_00002.png
client_0,29104,32,33,5,6,27,28,25,Train/25/00025_00021_00004.png
client_0,16447,30,30,5,6,24,25,10,Train/10/00010_00047_00007.png
client_0,17742,41,38,6,5,36,33,11,Train/11/00011_00023_00012.png
client_0,25262,28,28,6,6,22,23,17,Train/17/00017_00027_00002.png
client_0,15090,31,30,6,6,26,25,10,Train/10/00010_00002_00000.png
client_0,38139,53,57,6,5,47,51,39,Train/39/00039_00002_00010.png
client_0,35423,54,54,5,5,49,49,36,Train/36/00036_00000_00024.png
client_0,21789,49,43,6,6,44,38,13,Train/13/00013_00044_00009.png
client_0,24009,31,33,5,6,26,28,15,Train/15/00015_00020_00009.png
client_0,23784,46,51,6,6,40,45,15,Train/15/00015_00012_00024.png
client_0,17592,56,50,6,6,51,45,11,Train/11/00011_00018_00012.png
client_0,24490,32,33,5,6,27,28,17,Train/17/00017_00001_00010.png
client_0,13403,48,48,6,6,43,43,8,Train/8/00008_00041_00023.png
client_0,10745,27,29,5,6,22,24,7,Train/7/00007_00001_00005.png
client_0,5389,46,47,6,6,41,42,3,Train/3/00003_00011_00019.png
client_0,38185,83,84,8,8,76,77,39,Train/39/00039_00003_00026.png
client_0,25669,71,64,6,5,65,59,18,Train/18/00018_00003_00019.png
client_0,25237,27,30,5,6,22,25,17,Train/17/00017_00026_00007.png
client_0,10189,43,43,6,5,38,37,5,Train/5/00005_00058_00019.png
client_0,12458,34,34,5,5,29,29,8,Train/8/00008_00010_00008.png
client_0,31105,80,71,7,6,73,65,28,Train/28/00028_00009_00025.png
client_0,465,41,40,6,5,36,35,0,Train/0/00000_00003_00015.png
client_0,38958,47,46,6,5,42,41,41,Train/41/00041_00007_00019.png
client_0,156,32,29,5,5,26,24,20,Train/20/00020_00005_00006.png
client_0,17710,62,58,5,5,57,53,11,Train/11/00011_00022_00010.png
client_0,34353,28,29,5,6,23,24,35,Train/35/00035_00005_00004.png
client_0,13069,36,36,5,6,31,31,8,Train/8/00008_00030_00019.png
client_0,5406,32,32,6,5,27,27,3,Train/3/00003_00012_00006.png
client_0,5440,34,32,6,5,28,27,3,Train/3/00003_00013_00010.png
client_0,31013,76,69,7,6,70,63,28,Train/28/00028_00006_00023.png
client_0,21748,68,57,7,6,62,52,13,Train/13/00013_00042_00028.png
client_0,25145,29,31,5,6,24,26,17,Train/17/00017_00023_00005.png
client_0,17968,155,134,14,12,142,122,11,Train/11/00011_00030_00028.png
client_0,25528,38,40,5,6,33,35,17,Train/17/00017_00035_00028.png
client_0,16628,43,42,6,5,38,37,10,Train/10/00010_00053_00008.png
client_0,7377,97,95,9,8,89,87,4,Train/4/00004_00030_00027.png
client_0,19150,36,37,5,6,31,32,12,Train/12/00012_00026_00010.png
client_0,16083,31,29,6,6,26,24,10,Train/10/00010_00035_00003.png
client_0,26828,51,45,5,5,45,39,19,Train/19/00019_00002_00008.png
client_0,13547,39,40,6,6,34,35,8,Train/8/00008_00046_00017.png
client_0,31480,41,40,5,5,35,35,29,Train/29/00029_00004_00010.png
client_0,20217,86,86,7,7,79,79,12,Train/12/00012_00061_00027.png
client_0,16536,31,32,5,6,26,27,10,Train/10/00010_00050_00006.png
client_0,27097,35,32,6,5,30,27,21,Train/21/00021_00004_00007.png
client_0,25954,42,42,6,6,37,37,18,Train/18/00018_00013_00004.png
client_0,17193,42,37,6,5,37,32,11,Train/11/00011_00005_00003.png
client_0,38980,36,37,5,6,30,32,42,Train/42/00042_00000_00011.png
client_0,21838,154,154,13,13,141,141,13,Train/13/00013_00045_00028.png
client_0,25483,34,36,6,6,29,31,17,Train/17/00017_00034_00013.png
client_0,9005,33,34,5,6,28,29,5,Train/5/00005_00019_00005.png
client_0,26650,52,52,5,5,47,47,18,Train/18/00018_00036_00010.png
client_0,17560,36,36,5,6,31,31,11,Train/11/00011_00017_00010.png
client_0,38077,90,91,8,8,82,83,39,Train/39/00039_00000_00008.png
client_0,10498,87,97,7,8,80,89,6,Train/6/00006_00006_00028.png
client_0,21933,34,28,6,5,29,23,13,Train/13/00013_00049_00003.png
client_0,16703,48,48,5,5,43,43,10,Train/10/00010_00055_00023.png
client_0,13786,39,42,5,6,34,36,9,Train/9/00009_00007_00016.png
client_0,7469,100,105,8,10,92,96,4,Train/4/00004_00033_00029.png
client_0,31660,39,36,6,6,34,31,30,Train/30/00030_00001_00010.png
client_0,27125,34,31,6,5,29,26,21,Train/21/00021_00005_00005.png
client_0,24970,40,41,5,5,35,36,17,Train/17/00017_00017_00010.png
client_0,15406,40,40,6,6,35,35,10,Train/10/00010_00012_00016.png
client_0,38712,47,49,5,5,41,43,40,Train/40/00040_00011_00013.png
client_0,6379,46,45,6,6,41,40,3,Train/3/00003_00044_00019.png
client_0,27087,128,112,12,9,117,103,21,Train/21/00021_00003_00027.png
client_0,17792,30,29,6,5,25,24,11,Train/11/00011_00025_00002.png
client_0,7556,90,87,8,8,82,80,4,Train/4/00004_00036_00026.png
client_0,8026,35,36,5,5,30,30,4,Train/4/00004_00052_00016.png
client_0,16576,50,51,6,6,45,46,10,Train/10/00010_00051_00016.png
client_0,9952,49,48,6,5,44,43,5,Train/5/00005_00050_00022.png
client_0,17996,122,109,10,9,112,100,11,Train/11/00011_00031_00026.png
client_0,9237,50,43,6,6,45,38,5,Train/5/00005_00026_00027.png
client_0,12252,34,34,5,5,29,29,8,Train/8/00008_00003_00012.png
client_0,38279,52,55,5,6,47,50,39,Train/39/00039_00007_00000.png
client_0,208,84,71,8,6,76,64,20,Train/20/00020_00006_00028.png
client_0,21773,69,57,7,5,63,52,13,Train/13/00013_00043_00023.png
client_0,17622,36,31,6,5,31,26,11,Train/11/00011_00019_00012.png
client_0,3202,41,43,6,6,36,38,2,Train/2/00002_00013_00022.png
client_0,31803,28,28,5,5,23,23,30,Train/30/00030_00006_00003.png
client_0,31210,53,52,6,5,47,46,28,Train/28/00028_00013_00010.png
client_0,13443,29,28,5,5,24,23,8,Train/8/00008_00043_00003.png
client_0,21241,34,37,6,5,28,31,13,Train/13/00013_00026_00001.png
client_0,24709,30,31,6,5,25,26,17,Train/17/00017_00008_00019.png
client_0,18026,119,116,10,11,109,106,11,Train/11/00011_00032_00026.png
client_0,7472,30,29,6,5,25,24,4,Train/4/00004_00034_00002.png
client_0,33191,38,42,5,6,33,37,33,Train/33/00033_00003_00011.png
client_0,12170,47,50,6,6,42,45,8,Train/8/00008_00000_00020.png
client_0,17462,32,32,5,5,27,27,11,Train/11/00011_00014_00002.png
client_0,22634,69,68,7,6,63,62,14,Train/14/00014_00000_00014.png
client_0,31045,97,82,9,7,88,75,28,Train/28/00028_00007_00025.png
client_0,9924,46,48,6,6,41,43,5,Train/5/00005_00049_00024.png
client_0,18209,119,108,10,9,109,99,11,Train/11/00011_00038_00029.png
client_0,16082,29,27,5,5,24,22,10,Train/10/00010_00035_00002.png
client_0,22392,31,31,6,6,26,26,13,Train/13/00013_00064_00012.png
client_0,15027,63,64,5,5,58,59,9,Train/9/00009_00048_00027.png
client_0,1846,48,50,5,6,43,45,1,Train/1/00001_00042_00016.png
client_0,22063,60,52,6,5,55,47,13,Train/13/00013_00053_00013.png
client_0,12753,36,35,6,5,31,30,8,Train/8/00008_00020_00003.png
client_0,18445,98,101,9,9,90,93,12,Train/12/00012_00002_00025.png
client_0,129,33,34,5,6,28,29,20,Train/20/00020_00004_00009.png
client_0,17751,59,53,6,6,54,48,11,Train/11/00011_00023_00021.png
client_0,25402,43,47,6,6,38,41,17,Train/17/00017_00031_00022.png
client_0,15869,118,118,10,10,108,108,10,Train/10/00010_00027_00029.png
client_0,25062,34,31,5,5,29,26,17,Train/17/00017_00020_00012.png
client_0,25152,34,34,6,5,29,29,17,Train/17/00017_00023_00012.png
client_0,21246,37,45,6,6,32,40,13,Train/13/00013_00026_00006.png
client_0,24469,30,34,6,6,25,29,17,Train/17/00017_00000_00019.png
client_0,19590,29,29,6,6,24,24,12,Train/12/00012_00041_00000.png
client_0,22283,83,75,8,7,76,68,13,Train/13/00013_00060_00023.png
client_0,1359,60,62,5,6,55,56,1,Train/1/00001_00026_00009.png
client_0,38335,71,71,6,6,65,65,39,Train/39/00039_00008_00026.png
client_0,26898,59,57,5,5,54,52,19,Train/19/00019_00004_00018.png
client_0,25510,30,30,6,6,25,25,17,Train/17/00017_00035_00010.png
client_0,25723,100,94,9,8,92,86,18,Train/18/00018_00005_00013.png
client_0,739,51,50,6,6,46,45,1,Train/1/00001_00005_00019.png
client_0,19319,91,91,8,8,83,83,12,Train/12/00012_00031_00029.png
client_0,8311,30,29,5,5,25,24,4,Train/4/00004_00062_00001.png
client_0,17895,29,44,6,6,24,39,11,Train/11/00011_00028_00015.png
client_0,3508,58,56,6,5,52,51,2,Train/2/00002_00023_00028.png
client_0,8559,32,33,5,5,27,27,5,Train/5/00005_00004_00009.png
client_0,26984,51,48,5,5,46,43,21,Train/21/00021_00000_00014.png
client_0,16125,38,35,6,6,33,29,10,Train/10/00010_00036_00015.png
client_0,10646,59,59,6,6,54,54,6,Train/6/00006_00011_00026.png
client_0,30830,46,44,6,6,41,38,28,Train/28/00028_00000_00020.png
client_0,3135,38,34,5,6,32,29,2,Train/2/00002_00011_00015.png
client_0,21021,61,58,5,5,56,53,13,Train/13/00013_00018_00021.png
client_0,24614,36,37,5,5,31,31,17,Train/17/00017_00005_00014.png
client_0,23645,39,39,6,6,34,34,15,Train/15/00015_00008_00005.png
client_0,22353,31,31,5,6,26,26,13,Train/13/00013_00063_00003.png
client_0,6151,28,28,6,6,23,23,3,Train/3/00003_00037_00001.png
client_0,21290,35,35,5,5,30,30,13,Train/13/00013_00027_00020.png
client_0,27740,124,117,10,10,114,107,23,Train/23/00023_00001_00020.png
client_0,20500,36,37,6,6,31,32,13,Train/13/00013_00001_00010.png
client_0,21274,30,31,5,6,25,26,13,Train/13/00013_00027_00004.png
client_0,5279,74,80,6,7,68,73,3,Train/3/00003_00007_00029.png
client_0,21046,67,58,6,5,61,53,13,Train/13/00013_00019_00016.png
client_0,20710,48,55,6,6,43,50,13,Train/13/00013_00008_00010.png
client_0,15794,37,39,6,6,32,34,10,Train/10/00010_00025_00014.png
client_0,25439,46,49,5,6,41,44,17,Train/17/00017_00032_00029.png
client_0,31035,72,62,7,6,66,56,28,Train/28/00028_00007_00015.png
client_0,15301,32,32,6,6,27,27,10,Train/10/00010_00009_00001.png
client_0,6311,36,38,5,6,31,33,3,Train/3/00003_00042_00011.png
client_0,22365,42,40,5,6,37,35,13,Train/13/00013_00063_00015.png
client_0,13039,52,53,5,6,47,48,8,Train/8/00008_00029_00019.png
client_0,17862,59,53,6,6,54,48,11,Train/11/00011_00027_00012.png
client_0,20055,47,47,5,5,42,42,12,Train/12/00012_00056_00015.png
client_0,16887,75,57,7,6,69,52,10,Train/10/00010_00061_00027.png
client_0,14121,40,40,5,6,35,35,9,Train/9/00009_00018_00021.png
client_0,20767,38,34,5,5,33,29,13,Train/13/00013_00010_00007.png
client_0,8774,40,43,5,5,35,37,5,Train/5/00005_00011_00014.png
client_0,18344,42,41,5,5,36,35,11,Train/11/00011_00043_00014.png
client_0,39132,32,33,5,5,27,27,42,Train/42/00042_00005_00013.png
client_0,24382,43,44,5,5,37,38,16,Train/16/00016_00011_00022.png
client_0,10443,27,28,6,5,22,23,6,Train/6/00006_00005_00003.png
client_0,25967,49,49,6,6,44,44,18,Train/18/00018_00013_00017.png
client_0,21287,35,34,5,5,30,29,13,Train/13/00013_00027_00017.png
client_0,26301,58,56,5,5,53,51,18,Train/18/00018_00024_00021.png
client_0,14928,51,55,6,6,46,50,9,Train/9/00009_00045_00018.png
client_0,34730,69,70,7,7,63,64,35,Train/35/00035_00017_00021.png
client_0,33832,41,40,5,5,36,35,34,Train/34/00034_00001_00023.png
client_0,16555,52,52,5,6,47,47,10,Train/10/00010_00050_00025.png
client_0,7430,48,49,5,5,43,44,4,Train/4/00004_00032_00020.png
client_0,35539,43,45,6,5,37,39,36,Train/36/00036_00004_00020.png
client_0,34909,50,49,5,5,45,44,35,Train/35/00035_00023_00020.png
client_0,27804,107,96,9,8,98,88,23,Train/23/00023_00003_00024.png
client_0,21842,32,41,5,6,27,36,13,Train/13/00013_00046_00002.png
client_0,28623,36,34,6,5,31,29,25,Train/25/00025_00005_00003.png
client_0,12232,52,51,5,6,46,45,8,Train/8/00008_00002_00022.png
client_0,16162,47,45,6,6,42,40,10,Train/10/00010_00037_00022.png
client_0,9652,44,45,5,5,39,40,5,Train/5/00005_00040_00022.png
client_0,5299,47,47,5,5,42,42,3,Train/3/00003_00008_00019.png
client_0,19787,62,64,6,6,57,59,12,Train/12/00012_00047_00017.png
client_0,9721,29,30,5,5,24,24,5,Train/5/00005_00043_00001.png
client_0,25538,26,32,5,5,21,27,17,Train/17/00017_00036_00008.png
client_0,16025,26,26,5,5,21,21,10,Train/10/00010_00033_00005.png
client_0,13386,34,35,5,6,29,30,8,Train/8/00008_00041_00006.png
client_0,3661,35,37,5,5,30,31,2,Train/2/00002_00029_00001.png
client_0,21696,63,58,5,6,58,53,13,Train/13/00013_00041_00006.png
client_0,16607,46,46,6,6,41,41,10,Train/10/00010_00052_00017.png
client_0,16006,40,35,5,5,35,30,10,Train/10/00010_00032_00016.png
client_0,26098,85,81,8,8,78,74,18,Train/18/00018_00017_00028.png
client_0,17196,50,44,6,6,44,39,11,Train/11/00011_00005_00006.png
client_0,25170,29,28,6,6,24,23,17,Train/17/00017_00024_00000.png
client_0,30613,49,46,6,5,44,41,27,Train/27/00027_00001_00013.png
client_0,24719,33,36,6,6,28,31,17,Train/17/00017_00008_00029.png
client_0,12511,33,34,6,6,28,29,8,Train/8/00008_00012_00001.png
client_0,9404,34,36,5,6,29,31,5,Train/5/00005_00032_00014.png
client_0,1292,27,29,6,6,22,24,1,Train/1/00001_00024_00002.png
client_0,21098,34,31,5,5,29,26,13,Train/13/00013_00021_00008.png
client_0,21324,50,47,6,6,45,42,13,Train/13/00013_00028_00024.png
client_0,367,34,35,6,6,29,30,0,Train/0/00000_00000_00007.png
client_0,20532,45,44,6,5,40,39,13,Train/13/00013_00002_00012.png
client_0,31487,52,49,5,6,47,44,29,Train/29/00029_00004_00017.png
client_0,20812,57,70,5,6,52,64,13,Train/13/00013_00011_00022.png
client_0,39134,34,31,6,5,29,26,42,Train/42/00042_00005_00015.png
client_0,15180,30,31,5,6,25,26,10,Train/10/00010_00005_00000.png
client_0,27196,52,48,5,5,47,43,21,Train/21/00021_00007_00016.png
client_0,20626,47,44,6,5,42,39,13,Train/13/00013_00005_00016.png
client_0,30874,44,40,6,6,38,35,28,Train/28/00028_00002_00004.png
client_0,547,41,42,6,6,35,37,0,Train/0/00000_00006_00007.png
client_0,2354,47,48,5,5,42,42,1,Train/1/00001_00059_00014.png
client_0,35059,47,48,6,5,41,42,35,Train/35/00035_00028_00020.png
client_0,12684,55,53,5,6,50,48,8,Train/8/00008_00017_00024.png
client_0,23188,148,147,12,13,136,135,14,Train/14/00014_00018_00028.png
client_0,15920,42,42,6,6,37,37,10,Train/10/00010_00029_00020.png
client_0,28691,74,68,6,6,67,62,25,Train/25/00025_00007_00011.png
client_0,8766,38,38,6,6,32,33,5,Train/5/00005_00011_00006.png
client_0,22248,96,87,9,7,88,80,13,Train/13/00013_00059_00018.png
client_0,21820,81,80,8,7,74,73,13,Train/13/00013_00045_00010.png
client_0,7352,30,31,5,6,25,26,4,Train/4/00004_00030_00002.png
client_0,22595,38,35,5,5,32,30,13,Train/13/00013_00071_00005.png
client_0,22030,37,34,5,6,32,29,13,Train/13/00013_00052_00010.png
client_0,12834,60,59,6,5,55,54,8,Train/8/00008_00022_00024.png
client_0,21528,76,83,6,8,70,76,13,Train/13/00013_00035_00018.png
client_0,23751,58,62,5,5,53,57,15,Train/15/00015_00011_00021.png
client_0,13281,44,45,5,6,39,40,8,Train/8/00008_00037_00021.png
client_0,25645,71,67,6,6,65,61,18,Train/18/00018_00002_00025.png
client_0,21583,46,45,6,5,41,40,13,Train/13/00013_00037_00013.png
client_0,33970,28,32,5,6,23,27,34,Train/34/00034_00006_00011.png
client_0,21233,73,65,6,6,67,60,13,Train/13/00013_00025_00023.png
client_0,1844,48,50,5,6,43,45,1,Train/1/00001_00042_00014.png
client_0,26023,53,53,5,5,48,48,18,Train/18/00018_00015_00013.png
client_0,18294,71,61,6,5,65,56,11,Train/11/00011_00041_00024.png
client_0,21590,58,58,6,6,53,53,13,Train/13/00013_00037_00020.png
client_0,22302,63,59,6,6,57,54,13,Train/13/00013_00061_00012.png
client_0,21658,88,76,7,6,81,70,13,Train/13/00013_00039_00028.png
client_0,22514,76,58,7,5,70,53,13,Train/13/00013_00068_00014.png
client_0,15100,35,35,5,6,30,29,10,Train/10/00010_00002_00010.png
client_0,34039,46,48,5,6,41,43,34,Train/34/00034_00008_00020.png
client_0,5182,51,51,5,6,45,46,3,Train/3/00003_00004_00022.png
client_0,10110,29,31,6,6,24,26,5,Train/5/00005_00056_00000.png
client_0,13644,69,71,7,7,63,65,9,Train/9/00009_00002_00024.png
client_0,17923,68,62,6,6,61,56,11,Train/11/00011_00029_00013.png
client_0,25290,34,36,5,6,29,31,17,Train/17/00017_00028_00000.png
client_0,6362,28,30,5,6,23,25,3,Train/3/00003_00044_00002.png
client_0,29555,40,37,5,5,35,32,25,Train/25/00025_00036_00005.png
client_0,8869,45,46,5,6,40,41,5,Train/5/00005_00014_00019.png
client_0,21454,34,32,5,6,29,27,13,Train/13/00013_00033_00004.png
client_0,21903,49,46,5,6,43,41,13,Train/13/00013_00048_00003.png
client_0,22073,98,89,8,7,90,81,13,Train/13/00013_00053_00023.png
client_0,5980,31,32,6,5,25,26,3,Train/3/00003_00031_00010.png
client_0,21018,53,53,5,6,48,48,13,Train/13/00013_00018_00018.png
client_0,15860,48,50,5,6,43,45,10,Train/10/00010_00027_00020.png
client_0,21105,41,36,6,5,36,31,13,Train/13/00013_00021_00015.png
client_0,21313,48,45,5,5,43,40,13,Train/13/00013_00028_00013.png
client_0,35576,71,71,6,7,65,65,36,Train/36/00036_00005_00027.png
client_0,17969,179,154,16,13,164,140,11,Train/11/00011_00030_00029.png
client_0,18219,34,31,6,5,29,26,11,Train/11/00011_00039_00009.png
client_0,26074,32,29,6,6,27,24,18,Train/18/00018_00017_00004.png
client_0,30550,36,32,6,6,30,27,26,Train/26/00026_00019_00010.png
client_0,20929,97,94,8,9,89,85,13,Train/13/00013_00015_00019.png
client_0,17257,51,48,5,6,45,42,11,Train/11/00011_00007_00007.png
client_0,7577,43,43,6,6,38,38,4,Train/4/00004_00037_00017.png
client_0,25368,52,56,5,6,46,51,17,Train/17/00017_00030_00018.png
client_0,27261,64,61,5,6,59,56,21,Train/21/00021_00009_00021.png
client_0,9509,140,153,13,13,128,140,5,Train/5/00005_00035_00029.png
client_0,18116,132,127,11,11,121,116,11,Train/11/00011_00035_00026.png
client_0,16016,62,50,6,5,57,45,10,Train/10/00010_00032_00026.png
client_0,7954,28,29,5,5,23,24,4,Train/4/00004_00050_00004.png
client_0,17153,87,81,7,8,80,73,11,Train/11/00011_00003_00023.png
client_0,20774,53,52,5,5,48,47,13,Train/13/00013_00010_00014.png
client_0,7645,80,80,8,8,73,73,4,Train/4/00004_00039_00025.png
client_0,15385,74,73,7,6,68,67,10,Train/10/00010_00011_00025.png
client_0,5351,36,35,6,5,31,30,3,Train/3/00003_00010_00011.png
client_0,18290,56,53,6,6,51,48,11,Train/11/00011_00041_00020.png
client_0,30843,39,35,6,5,34,29,28,Train/28/00028_00001_00003.png
client_0,27707,41,40,5,5,36,35,23,Train/23/00023_00000_00017.png
client_0,9324,51,47,6,6,46,42,5,Train/5/00005_00029_00024.png
client_0,26052,37,33,5,5,31,28,18,Train/18/00018_00016_00012.png
client_0,27186,38,37,6,6,33,32,21,Train/21/00021_00007_00006.png
client_0,20831,49,44,6,5,44,39,13,Train/13/00013_00012_00011.png
client_0,28139,116,104,11,9,111,95,23,Train/23/00023_00014_00029.png
client_0,31647,152,129,14,12,139,118,30,Train/30/00030_00000_00027.png
client_0,19691,39,38,6,5,34,33,12,Train/12/00012_00044_00011.png
client_0,20695,63,59,5,6,58,54,13,Train/13/00013_00007_00025.png
client_0,38524,56,56,5,6,51,51,40,Train/40/00040_00005_00005.png
client_0,38581,28,28,6,6,23,23,40,Train/40/00040_00007_00002.png
client_0,8947,37,38,5,6,32,33,5,Train/5/00005_00017_00007.png
client_0,35219,32,35,6,6,27,30,35,Train/35/00035_00034_00000.png
client_0,33295,93,93,9,9,85,85,33,Train/33/00033_00006_00025.png
client_0,3127,30,30,5,6,25,25,2,Train/2/00002_00011_00007.png
client_0,20527,42,39,6,5,37,34,13,Train/13/00013_00002_00007.png
client_0,21307,48,46,5,5,43,41,13,Train/13/00013_00028_00007.png
client_0,26695,71,71,7,7,65,65,18,Train/18/00018_00037_00025.png
client_0,31905,64,57,6,5,59,52,30,Train/30/00030_00009_00015.png
client_0,15247,35,36,6,6,30,31,10,Train/10/00010_00007_00007.png
client_0,20734,30,30,5,6,25,25,13,Train/13/00013_00009_00004.png
client_0,34998,52,51,6,5,47,46,35,Train/35/00035_00026_00019.png
client_0,24703,28,30,5,5,23,25,17,Train/17/00017_00008_00013.png
client_0,21585,45,45,5,5,40,40,13,Train/13/00013_00037_00015.png
client_0,5771,33,30,5,5,28,25,3,Train/3/00003_00024_00011.png
client_0,30924,76,71,6,6,70,65,28,Train/28/00028_00003_00024.png
client_0,17297,71,64,6,5,65,59,11,Train/11/00011_00008_00017.png
client_0,34195,63,64,5,6,58,59,34,Train/34/00034_00013_00026.png
client_0,5881,26,28,5,6,20,23,3,Train/3/00003_00028_00001.png
client_0,8034,50,50,6,6,45,45,4,Train/4/00004_00052_00024.png
client_0,9187,31,30,6,5,26,25,5,Train/5/00005_00025_00007.png
client_0,20701,41,45,6,6,36,40,13,Train/13/00013_00008_00001.png
client_0,17489,131,117,11,11,119,107,11,Train/11/00011_00014_00029.png
client_0,16724,37,37,6,6,32,32,10,Train/10/00010_00056_00014.png
client_0,19921,89,88,8,8,81,81,12,Train/12/00012_00052_00001.png
client_0,22619,72,67,7,6,66,61,13,Train/13/00013_00071_00029.png
client_0,21315,49,45,6,5,44,40,13,Train/13/00013_00028_00015.png
client_0,20669,84,75,7,7,77,69,13,Train/13/00013_00006_00029.png
client_0,31731,88,75,7,6,81,69,30,Train/30/00030_00003_00021.png
client_0,13523,63,63,5,5,58,58,8,Train/8/00008_00045_00023.png
client_0,33830,40,39,6,5,35,34,34,Train/34/00034_00001_00021.png
client_0,8481,39,38,5,5,33,33,5,Train/5/00005_00001_00021.png
client_0,4441,29,29,6,6,23,23,2,Train/2/00002_00055_00001.png
client_0,30836,50,47,6,6,45,42,28,Train/28/00028_00000_00026.png
client_0,21781,40,38,5,6,35,33,13,Train/13/00013_00044_00001.png
client_0,18272,33,30,5,5,28,25,11,Train/11/00011_00041_00002.png
client_0,34746,32,33,5,5,27,28,35,Train/35/00035_00018_00007.png
client_0,12299,74,74,6,7,68,68,8,Train/8/00008_00004_00029.png
client_0,2680,55,61,5,6,50,56,1,Train/1/00001_00070_00010.png
client_0,25430,34,38,5,5,29,33,17,Train/17/00017_00032_00020.png
client_0,24766,38,38,6,6,32,32,17,Train/17/00017_00010_00016.png
client_0,17526,42,41,5,6,36,36,11,Train/11/00011_00016_00006.png
client_0,6133,35,37,6,6,30,32,3,Train/3/00003_00036_00013.png
client_0,13754,34,33,6,5,29,28,9,Train/9/00009_00006_00014.png
client_0,30341,33,29,5,5,27,24,26,Train/26/00026_00012_00011.png
client_0,24606,31,31,5,5,25,25,17,Train/17/00017_00005_00006.png
client_0,25072,47,44,6,6,42,39,17,Train/17/00017_00020_00022.png
client_0,33816,34,31,6,5,28,26,34,Train/34/00034_00001_00007.png
client_0,21785,43,41,5,5,38,36,13,Train/13/00013_00044_00005.png
client_0,24847,29,38,5,6,24,33,17,Train/17/00017_00013_00007.png
client_0,22067,72,63,7,6,65,58,13,Train/13/00013_00053_00017.png
client_0,2755,85,84,8,7,78,77,1,Train/1/00001_00072_00025.png
client_0,15868,108,110,9,10,99,101,10,Train/10/00010_00027_00028.png
client_0,16958,31,32,6,6,26,27,10,Train/10/00010_00064_00008.png
client_0,16834,28,28,5,6,22,22,10,Train/10/00010_00060_00004.png
client_0,13231,32,32,6,6,27,27,8,Train/8/00008_00036_00001.png
client_0,22154,55,52,5,5,50,47,13,Train/13/00013_00056_00014.png
client_0,17966,126,109,11,9,115,100,11,Train/11/00011_00030_00026.png
client_0,21076,56,52,6,6,51,47,13,Train/13/00013_00020_00016.png
client_0,12305,31,33,5,5,26,28,8,Train/8/00008_00005_00005.png
client_0,480,55,59,6,6,50,54,0,Train/0/00000_00004_00000.png
client_0,24759,34,34,6,6,28,28,17,Train/17/00017_00010_00009.png
client_0,27294,75,71,6,7,69,65,21,Train/21/00021_00010_00024.png
client_0,5599,54,53,6,5,49,48,3,Train/3/00003_00018_00019.png
client_0,9866,70,74,6,7,64,68,5,Train/5/00005_00047_00026.png
client_0,10615,59,63,6,6,54,58,6,Train/6/00006_00010_00025.png
client_0,24911,35,41,5,6,30,36,17,Train/17/00017_00015_00011.png
client_0,26143,54,53,6,5,49,48,18,Train/18/00018_00019_00013.png
client_0,8710,38,37,6,5,33,32,5,Train/5/00005_00009_00010.png
client_0,24629,73,75,6,7,67,68,17,Train/17/00017_00005_00029.png
client_0,435,41,41,6,6,36,36,0,Train/0/00000_00002_00015.png
client_0,3258,76,77,7,6,70,70,2,Train/2/00002_00015_00018.png
client_0,24334,32,32,5,5,27,27,16,Train/16/00016_00010_00004.png
client_0,15169,40,41,6,6,35,36,10,Train/10/00010_00004_00019.png
client_0,6924,42,41,5,5,37,36,4,Train/4/00004_00015_00024.png
client_0,20763,34,34,5,6,29,29,13,Train/13/00013_00010_00003.png
client_0,30893,94,83,8,8,86,76,28,Train/28/00028_00002_00023.png
client_0,38155,93,97,9,9,85,89,39,Train/39/00039_00002_00026.png
client_0,8008,99,97,8,8,91,89,4,Train/4/00004_00051_00028.png
client_0,3723,33,35,5,6,27,29,2,Train/2/00002_00031_00003.png
client_0,21189,43,40,6,6,38,35,13,Train/13/00013_00024_00009.png
client_0,25000,33,33,6,6,28,28,17,Train/17/00017_00018_00010.png
client_0,12849,37,36,6,5,32,31,8,Train/8/00008_00023_00009.png
client_0,21042,59,52,5,5,54,47,13,Train/13/00013_00019_00012.png
client_0,26248,134,136,11,12,123,125,18,Train/18/00018_00022_00028.png
client_0,20375,34,34,6,5,29,29,12,Train/12/00012_00067_00005.png
client_0,29350,59,55,6,5,54,50,25,Train/25/00025_00029_00010.png
client_0,27989,99,85,8,8,91,78,23,Train/23/00023_00009_00029.png
client_0,21539,170,166,15,15,156,152,13,Train/13/00013_00035_00029.png
client_0,10286,56,58,5,6,50,53,5,Train/5/00005_00061_00026.png
client_0,20525,41,39,6,6,35,34,13,Train/13/00013_00002_00005.png
client_0,21493,39,38,6,6,34,32,13,Train/13/00013_00034_00013.png
client_0,9096,35,35,6,6,30,30,5,Train/5/00005_00022_00006.png
client_0,14120,40,38,5,5,34,33,9,Train/9/00009_00018_00020.png
client_0,30259,50,46,6,5,45,40,26,Train/26/00026_00009_00019.png
client_0,20866,54,50,5,5,49,45,13,Train/13/00013_00013_00016.png
client_0,25010,41,44,6,6,36,39,17,Train/17/00017_00018_00020.png
client_0,25853,47,44,5,6,41,38,18,Train/18/00018_00009_00023.png
client_0,15888,40,40,6,6,35,35,10,Train/10/00010_00028_00018.png
client_0,10310,49,51,5,6,44,46,6,Train/6/00006_00000_00020.png
client_0,23209,84,87,8,8,76,80,14,Train/14/00014_00019_00019.png
client_0,13453,36,34,5,6,31,29,8,Train/8/00008_00043_00013.png
client_0,25243,30,31,6,5,25,26,17,Train/17/00017_00026_00013.png
client_0,15445,75,80,7,8,69,73,10,Train/10/00010_00013_00025.png
client_0,24489,32,32,6,6,27,27,17,Train/17/00017_00001_00009.png
client_0,10322,31,31,6,5,26,26,6,Train/6/00006_00001_00002.png
client_0,16329,31,30,6,5,26,25,10,Train/10/00010_00043_00009.png
client_0,18949,51,51,6,6,46,46,12,Train/12/00012_00019_00019.png
client_0,5122,50,52,6,6,45,47,3,Train/3/00003_00002_00022.png
client_0,22479,38,35,6,6,33,30,13,Train/13/00013_00067_00009.png
client_0,22423,44,39,5,5,39,34,13,Train/13/00013_00065_00013.png
client_0,34958,35,36,6,6,30,31,35,Train/35/00035_00025_00009.png
client_0,24953,44,45,6,5,39,40,17,Train/17/00017_00016_00023.png
client_0,20932,114,105,10,10,104,96,13,Train/13/00013_00015_00022.png
client_0,15621,60,59,6,5,55,54,10,Train/10/00010_00019_00021.png
client_0,5703,28,31,5,6,23,26,3,Train/3/00003_00022_00003.png
client_0,17889,29,44,6,6,23,38,11,Train/11/00011_00028_00009.png
client_0,33852,37,37,5,6,31,31,34,Train/34/00034_00002_00013.png
client_0,2986,35,36,5,5,30,31,2,Train/2/00002_00006_00016.png
client_0,30510,27,26,5,5,22,20,26,Train/26/00026_00018_00000.png
client_0,17100,68,63,6,6,62,58,11,Train/11/00011_00002_00000.png
client_0,15317,41,41,6,6,36,36,10,Train/10/00010_00009_00017.png
client_0,20598,47,42,5,5,42,37,13,Train/13/00013_00004_00018.png
client_0,12489,37,38,6,6,32,33,8,Train/8/00008_00011_00009.png
client_0,23035,121,122,11,11,111,112,14,Train/14/00014_00013_00025.png
client_0,12767,60,60,5,5,55,55,8,Train/8/00008_00020_00017.png
client_0,7873,51,49,6,5,46,44,4,Train/4/00004_00047_00013.png
client_0,23868,43,53,5,6,38,47,15,Train/15/00015_00015_00018.png
client_0,22022,28,29,5,5,23,24,13,Train/13/00013_00052_00002.png
client_0,19163,62,62,6,6,57,57,12,Train/12/00012_00026_00023.png
client_0,16867,36,31,6,6,30,25,10,Train/10/00010_00061_00007.png
client_0,17955,33,34,5,6,28,29,11,Train/11/00011_00030_00015.png
client_0,9615,33,35,5,6,27,29,5,Train/5/00005_00039_00015.png
client_0,27410,63,57,6,6,58,52,22,Train/22/00022_00003_00020.png
client_0,9948,43,42,6,5,38,37,5,Train/5/00005_00050_00018.png
client_0,17181,75,74,6,7,69,68,11,Train/11/00011_00004_00021.png
client_0,4896,30,30,5,5,25,25,2,Train/2/00002_00070_00006.png
client_0,34069,49,49,6,5,44,44,34,Train/34/00034_00009_00020.png
client_0,989,92,93,9,8,84,85,1,Train/1/00001_00013_00029.png
client_0,5671,29,31,5,5,24,26,3,Train/3/00003_00021_00001.png
client_0,15334,34,33,6,5,29,28,10,Train/10/00010_00010_00004.png
client_0,6201,50,52,5,6,45,47,3,Train/3/00003_00038_00021.png
client_0,34452,54,52,5,5,48,47,35,Train/35/00035_00008_00013.png
client_0,16765,75,72,6,6,69,66,10,Train/10/00010_00057_00025.png
client_0,1239,38,39,6,5,33,33,1,Train/1/00001_00022_00009.png
client_0,24647,43,43,6,5,38,38,17,Train/17/00017_00006_00017.png
client_0,27031,30,30,5,5,25,25,21,Train/21/00021_00002_00001.png
client_0,27756,41,38,6,6,36,33,23,Train/23/00023_00002_00006.png
client_0,25357,47,47,6,5,41,42,17,Train/17/00017_00030_00007.png
client_0,10065,37,35,6,5,32,30,5,Train/5/00005_00054_00015.png
client_0,17919,59,54,5,5,54,49,11,Train/11/00011_00029_00009.png
client_0,8705,33,33,6,6,28,28,5,Train/5/00005_00009_00005.png
client_0,38114,37,38,6,5,32,33,39,Train/39/00039_00001_00015.png
client_0,29107,37,33,6,6,32,28,25,Train/25/00025_00021_00007.png
client_0,5906,49,52,5,5,44,47,3,Train/3/00003_00028_00026.png
client_0,27336,33,31,5,5,28,26,22,Train/22/00022_00001_00006.png
client_0,8173,35,36,5,6,30,31,4,Train/4/00004_00057_00013.png
client_0,13569,36,37,5,5,31,32,9,Train/9/00009_00000_00009.png
client_0,17871,85,74,8,7,78,68,11,Train/11/00011_00027_00021.png
client_0,13686,28,28,5,5,23,23,9,Train/9/00009_00004_00006.png
client_0,9006,35,34,6,5,29,28,5,Train/5/00005_00019_00006.png
client_0,20722,59,79,5,7,53,72,13,Train/13/00013_00008_00022.png
client_0,26970,34,34,5,5,29,29,21,Train/21/00021_00000_00000.png
client_0,27127,35,35,5,6,30,29,21,Train/21/00021_00005_00007.png
client_0,31084,34,33,5,5,29,28,28,Train/28/00028_00009_00004.png
client_0,19804,40,41,6,5,34,36,12,Train/12/00012_00048_00004.png
client_0,39019,48,49,5,6,43,44,42,Train/42/00042_00001_00020.png
client_0,12410,44,44,6,6,39,39,8,Train/8/00008_00008_00020.png
client_0,22164,64,60,5,6,58,55,13,Train/13/00013_00056_00024.png
client_0,21216,37,34,6,5,32,29,13,Train/13/00013_00025_00006.png
client_0,16252,48,48,5,6,43,43,10,Train/10/00010_00040_00022.png
client_0,9655,51,52,6,6,45,47,5,Train/5/00005_00040_00025.png
client_0,35,36,33,6,6,30,27,20,Train/20/00020_00001_00005.png
client_0,21571,35,35,5,5,30,30,13,Train/13/00013_00037_00001.png
client_0,17780,57,52,5,6,52,47,11,Train/11/00011_00024_00020.png
client_0,9063,30,30,5,5,25,25,5,Train/5/00005_00021_00003.png
client_0,10154,39,38,6,6,34,33,5,Train/5/00005_00057_00014.png
client_0,12719,70,74,7,7,64,68,8,Train/8/00008_00018_00029.png
client_0,20764,34,35,5,6,29,30,13,Train/13/00013_00010_00004.png
client_0,9929,58,59,5,5,53,54,5,Train/5/00005_00049_00029.png
client_0,20540,52,52,5,5,47,47,13,Train/13/00013_00002_00020.png
client_0,21796,53,49,6,6,48,44,13,Train/13/00013_00044_00016.png
client_0,25163,46,47,6,6,40,42,17,Train/17/00017_00023_00023.png
client_0,21644,40,34,5,5,35,29,13,Train/13/00013_00039_00014.png
client_0,38313,35,34,6,5,29,28,39,Train/39/00039_00008_00004.png
client_0,38602,57,58,6,6,52,53,40,Train/40/00040_00007_00023.png
client_0,21161,34,41,5,5,28,36,13,Train/13/00013_00023_00011.png
client_0,455,31,31,6,6,25,25,0,Train/0/00000_00003_00005.png
client_0,13920,28,28,6,5,23,23,9,Train/9/00009_00012_00000.png
client_0,38102,26,28,5,5,21,23,39,Train/39/00039_00001_00003.png
client_0,13041,60,59,6,5,55,54,8,Train/8/00008_00029_00021.png
client_0,23681,45,44,6,5,40,39,15,Train/15/00015_00009_00011.png
client_0,26415,50,53,5,6,45,48,18,Train/18/00018_00028_00015.png
client_0,29983,40,40,6,5,35,35,26,Train/26/00026_00000_00013.png
client_0,25141,27,28,6,5,22,22,17,Train/17/00017_00023_00001.png
client_0,12338,34,33,6,5,28,27,8,Train/8/00008_00006_00008.png
client_0,24455,26,33,5,6,21,28,17,Train/17/00017_00000_00005.png
client_0,13200,31,31,5,5,26,26,8,Train/8/00008_00035_00000.png
client_0,39128,30,30,5,6,24,25,42,Train/42/00042_00005_00009.png
client_0,34268,33,35,5,6,28,30,35,Train/35/00035_00002_00009.png
client_0,39124,29,28,6,5,23,22,42,Train/42/00042_00005_00005.png
client_0,16508,34,34,6,6,29,29,10,Train/10/00010_00049_00008.png
client_0,8470,30,31,5,5,24,25,5,Train/5/00005_00001_00010.png
client_0,5757,95,96,8,9,87,88,3,Train/3/00003_00023_00027.png
client_0,24894,33,38,6,6,28,33,17,Train/17/00017_00014_00024.png
client_0,7074,39,39,5,5,34,34,4,Train/4/00004_00020_00024.png
client_0,15087,85,70,8,7,78,64,10,Train/10/00010_00001_00027.png
client_0,24640,36,37,6,6,30,31,17,Train/17/00017_00006_00010.png
client_0,9201,41,41,6,6,36,36,5,Train/5/00005_00025_00021.png
client_0,21905,53,48,6,6,47,43,13,Train/13/00013_00048_00005.png
client_0,27792,63,58,6,5,58,53,23,Train/23/00023_00003_00012.png
client_0,5726,54,54,5,5,49,49,3,Train/3/00003_00022_00026.png
client_0,21662,33,29,5,5,28,24,13,Train/13/00013_00040_00002.png
client_0,6657,98,100,8,8,90,92,4,Train/4/00004_00006_00027.png
client_0,20897,74,68,7,7,68,62,13,Train/13/00013_00014_00017.png
client_0,14059,54,53,6,6,48,47,9,Train/9/00009_00016_00019.png
client_0,20801,42,47,5,5,37,42,13,Train/13/00013_00011_00011.png
client_0,17735,33,30,5,5,28,25,11,Train/11/00011_00023_00005.png
client_0,3690,33,30,5,5,28,25,2,Train/2/00002_00030_00000.png
client_0,24291,87,86,8,7,80,78,16,Train/16/00016_00008_00021.png
client_0,8723,69,69,7,7,63,63,5,Train/5/00005_00009_00023.png
client_0,12903,28,28,6,6,22,22,8,Train/8/00008_00025_00003.png
client_0,5572,67,69,6,7,61,63,3,Train/3/00003_00017_00022.png
client_0,22187,109,95,10,8,99,87,13,Train/13/00013_00057_00017.png
client_0,19387,59,59,6,5,54,53,12,Train/12/00012_00034_00007.png
client_0,30865,81,71,7,6,74,65,28,Train/28/00028_00001_00025.png
client_0,24692,27,28,6,5,22,23,17,Train/17/00017_00008_00002.png
client_0,16386,40,42,5,5,35,37,10,Train/10/00010_00045_00006.png
client_0,38222,34,34,6,6,29,29,39,Train/39/00039_00005_00003.png
client_0,6594,104,100,9,8,95,92,4,Train/4/00004_00004_00024.png
client_0,7218,54,51,6,5,49,46,4,Train/4/00004_00025_00018.png
client_0,10068,38,37,5,5,33,32,5,Train/5/00005_00054_00018.png
client_0,21355,48,44,6,6,43,39,13,Train/13/00013_00029_00025.png
client_0,19694,42,42,6,6,37,37,12,Train/12/00012_00044_00014.png
client_0,16648,130,136,12,11,119,125,10,Train/10/00010_00053_00028.png
client_0,5649,34,34,6,6,29,29,3,Train/3/00003_00020_00009.png
client_0,12793,35,33,6,5,30,28,8,Train/8/00008_00021_00013.png
client_0,9381,43,44,6,6,38,39,5,Train/5/00005_00031_00021.png
client_0,17977,45,44,5,6,39,38,11,Train/11/00011_00031_00007.png
client_0,25549,27,37,6,6,22,32,17,Train/17/00017_00036_00019.png
client_0,22616,62,59,5,6,57,54,13,Train/13/00013_00071_00026.png
client_0,2395,69,71,7,7,63,65,1,Train/1/00001_00060_00025.png
client_0,3809,45,47,6,6,40,42,2,Train/2/00002_00033_00029.png
client_0,12831,50,50,5,5,44,44,8,Train/8/00008_00022_00021.png
client_0,21856,48,50,5,6,43,45,13,Train/13/00013_00046_00016.png
client_0,31015,86,77,8,6,79,70,28,Train/28/00028_00006_00025.png
client_0,7384,27,29,6,6,22,24,4,Train/4/00004_00031_00004.png
client_0,22579,116,105,10,10,106,96,13,Train/13/00013_00070_00019.png
client_0,33978,35,38,6,6,30,33,34,Train/34/00034_00006_00019.png
client_0,22201,27,27,5,5,22,21,13,Train/13/00013_00058_00001.png
client_0,16510,34,35,5,6,29,30,10,Train/10/00010_00049_00010.png
client_0,25924,38,39,6,6,32,33,18,Train/18/00018_00012_00004.png
client_0,23257,37,40,5,6,32,35,14,Train/14/00014_00021_00007.png
client_0,13463,49,49,5,6,44,44,8,Train/8/00008_00043_00023.png
client_0,17508,40,40,5,5,35,35,11,Train/11/00011_00015_00018.png
client_0,17593,58,53,5,5,53,48,11,Train/11/00011_00018_00013.png
client_0,23726,74,72,6,7,68,66,15,Train/15/00015_00010_00026.png
client_0,21608,41,39,6,5,36,34,13,Train/13/00013_00038_00008.png
client_0,35946,43,45,6,6,38,40,37,Train/37/00037_00005_00007.png
client_0,8356,36,36,5,5,31,31,4,Train/4/00004_00063_00016.png
client_0,15393,31,31,5,5,26,26,10,Train/10/00010_00012_00003.png
client_0,22385,29,29,5,5,24,24,13,Train/13/00013_00064_00005.png
client_0,7248,48,51,6,5,43,46,4,Train/4/00004_00026_00018.png
client_0,26155,96,97,8,9,88,89,18,Train/18/00018_00019_00025.png
client_0,16864,32,28,5,6,27,23,10,Train/10/00010_00061_00004.png
client_0,24548,29,30,6,6,24,25,17,Train/17/00017_00003_00008.png
client_0,13539,30,33,5,6,25,27,8,Train/8/00008_00046_00009.png
client_0,732,39,39,5,6,33,34,1,Train/1/00001_00005_00012.png
client_0,20944,40,36,5,5,35,31,13,Train/13/00013_00016_00004.png
client_0,29212,83,75,7,6,76,69,25,Train/25/00025_00024_00022.png
client_0,17869,81,70,7,6,74,64,11,Train/11/00011_00027_00019.png
client_0,21783,46,42,5,5,41,37,13,Train/13/00013_00044_00003.png
client_0,22162,61,56,6,5,56,51,13,Train/13/00013_00056_00022.png
client_0,5053,36,35,6,5,31,30,3,Train/3/00003_00000_00013.png
client_0,21784,43,39,6,5,38,34,13,Train/13/00013_00044_00004.png
client_0,8691,59,58,6,5,54,53,5,Train/5/00005_00008_00021.png
client_0,21144,74,83,7,7,68,76,13,Train/13/00013_00022_00024.png
client_0,21643,38,32,5,5,33,27,13,Train/13/00013_00039_00013.png
client_0,21327,50,48,5,6,44,42,13,Train/13/00013_00028_00027.png
client_0,31228,147,142,13,12,135,129,28,Train/28/00028_00013_00028.png
client_0,3596,68,68,7,7,62,62,2,Train/2/00002_00026_00026.png
client_0,22046,73,64,7,6,67,59,13,Train/13/00013_00052_00026.png
client_0,27610,35,35,6,6,29,29,22,Train/22/00022_00010_00010.png
client_0,29294,51,45,5,5,46,40,25,Train/25/00025_00027_00014.png
client_0,5093,46,45,6,6,40,40,3,Train/3/00003_00001_00023.png
client_0,25226,50,51,6,6,45,46,17,Train/17/00017_00025_00026.png
client_0,17842,117,105,11,9,107,96,11,Train/11/00011_00026_00022.png
client_0,26749,62,58,6,6,57,53,18,Train/18/00018_00039_00019.png
client_0,16357,30,31,6,6,25,26,10,Train/10/00010_00044_00007.png
client_0,34869,42,42,6,6,37,37,35,Train/35/00035_00022_00010.png
client_0,26560,58,54,5,5,53,49,18,Train/18/00018_00033_00010.png
client_0,6718,103,104,9,9,94,95,4,Train/4/00004_00008_00028.png
client_0,24926,48,51,5,5,43,46,17,Train/17/00017_00015_00026.png
client_0,7711,27,26,5,5,21,21,4,Train/4/00004_00042_00001.png
client_0,29260,42,39,6,5,37,34,25,Train/25/00025_00026_00010.png
client_0,16839,29,29,5,5,24,24,10,Train/10/00010_00060_00009.png
client_0,30068,36,33,6,5,31,28,26,Train/26/00026_00003_00008.png
client_0,34013,57,57,6,6,52,52,34,Train/34/00034_00007_00024.png
client_0,20863,50,47,6,5,44,41,13,Train/13/00013_00013_00013.png
client_0,31395,54,51,5,5,49,45,29,Train/29/00029_00001_00015.png
client_0,26688,55,54,6,5,50,49,18,Train/18/00018_00037_00018.png
client_0,19681,33,33,6,6,28,28,12,Train/12/00012_00044_00001.png
client_0,33964,28,30,5,5,23,25,34,Train/34/00034_00006_00005.png
client_0,20911,60,56,6,5,55,51,13,Train/13/00013_00015_00001.png
client_0,27002,34,31,6,5,29,26,21,Train/21/00021_00001_00002.png
client_0,28637,51,48,5,6,46,43,25,Train/25/00025_00005_00017.png
client_0,30857,55,50,6,6,49,45,28,Train/28/00028_00001_00017.png
client_0,38129,48,52,6,6,43,47,39,Train/39/00039_00002_00000.png
client_0,16829,109,111,10,9,100,102,10,Train/10/00010_00059_00029.png
client_0,7228,116,108,11,9,106,99,4,Train/4/00004_00025_00028.png
client_0,31878,48,43,5,5,43,38,30,Train/30/00030_00008_00018.png
client_0,13342,56,59,5,6,51,54,8,Train/8/00008_00039_00022.png
client_0,21823,88,88,7,7,81,81,13,Train/13/00013_00045_00013.png
client_0,21605,38,38,6,6,33,33,13,Train/13/00013_00038_00005.png
client_0,21724,37,33,5,6,32,28,13,Train/13/00013_00042_00004.png
client_0,38295,71,74,7,7,65,68,39,Train/39/00039_00007_00016.png
client_0,21190,46,43,6,5,41,37,13,Train/13/00013_00024_00010.png
client_0,16307,44,46,6,6,39,41,10,Train/10/00010_00042_00017.png
client_0,8285,32,31,6,5,27,26,4,Train/4/00004_00061_00005.png
client_0,31975,85,87,7,8,78,80,30,Train/30/00030_00011_00025.png
client_0,17143,49,43,6,5,43,38,11,Train/11/00011_00003_00013.png
client_0,5949,32,33,6,6,27,28,3,Train/3/00003_00030_00009.png
client_0,15130,35,35,6,5,30,30,10,Train/10/00010_00003_00010.png
client_0,38350,32,34,5,5,27,29,39,Train/39/00039_00009_00011.png
client_0,20857,43,40,5,6,37,35,13,Train/13/00013_00013_00007.png
client_0,17499,32,32,6,6,27,27,11,Train/11/00011_00015_00009.png
client_0,8973,28,29,5,6,23,24,5,Train/5/00005_00018_00003.png
client_0,24078,63,69,6,6,58,63,16,Train/16/00016_00001_00018.png
client_0,25118,40,39,6,5,35,34,17,Train/17/00017_00022_00008.png
client_0,25204,37,39,5,6,32,33,17,Train/17/00017_00025_00004.png
client_0,34158,36,36,6,5,31,31,34,Train/34/00034_00012_00019.png
client_0,26976,40,39,6,6,35,34,21,Train/21/00021_00000_00006.png
client_0,21370,42,41,5,6,37,36,13,Train/13/00013_00030_00010.png
client_0,21735,50,44,6,6,45,39,13,Train/13/00013_00042_00015.png
client_0,19971,68,57,6,5,62,52,12,Train/12/00012_00053_00021.png
client_0,568,105,109,9,10,95,100,0,Train/0/00000_00006_00028.png
client_0,34693,51,52,5,5,46,47,35,Train/35/00035_00016_00014.png
client_0,23767,37,41,5,5,32,36,15,Train/15/00015_00012_00007.png
client_0,10262,27,29,6,6,22,23,5,Train/5/00005_00061_00002.png
client_0,3937,49,53,5,6,44,47,2,Train/2/00002_00038_00007.png
client_0,10228,88,87,7,7,81,80,5,Train/5/00005_00059_00028.png
client_0,34151,35,35,6,6,30,30,34,Train/34/00034_00012_00012.png
client_0,26413,46,48,5,5,40,43,18,Train/18/00018_00028_00013.png
client_0,38721,55,57,6,5,50,52,40,Train/40/00040_00011_00022.png
client_0,21065,42,38,6,5,37,33,13,Train/13/00013_00020_00005.png
client_0,21538,158,156,13,14,145,143,13,Train/13/00013_00035_00028.png
client_0,17837,97,84,8,7,89,77,11,Train/11/00011_00026_00017.png
client_0,26881,40,38,6,6,35,33,19,Train/19/00019_00004_00001.png
client_0,20950,45,42,5,6,40,37,13,Train/13/00013_00016_00010.png
client_0,26462,30,27,6,5,24,21,18,Train/18/00018_00030_00002.png
client_0,30053,45,40,6,5,40,35,26,Train/26/00026_00002_00023.png
client_0,21756,40,39,5,6,35,34,13,Train/13/00013_00043_00006.png
client_0,9373,33,32,6,5,28,27,5,Train/5/00005_00031_00013.png
client_0,6905,31,31,6,6,26,26,4,Train/4/00004_00015_00005.png
client_0,17082,70,67,7,6,64,61,11,Train/11/00011_00001_00012.png
client_0,21862,68,63,7,5,62,58,13,Train/13/00013_00046_00022.png
client_0,9402,33,34,6,6,28,29,5,Train/5/00005_00032_00012.png
client_0,17505,38,38,6,6,32,32,11,Train/11/00011_00015_00015.png
client_0,12694,34,36,5,5,29,31,8,Train/8/00008_00018_00004.png
client_0,30078,55,54,6,6,50,48,26,Train/26/00026_00003_00018.png
client_0,25788,85,76,8,7,78,69,18,Train/18/00018_00007_00018.png
client_0,16893,31,30,6,5,26,25,10,Train/10/00010_00062_00003.png
client_0,21738,54,47,5,5,49,42,13,Train/13/00013_00042_00018.png
client_0,34071,53,53,6,6,48,48,34,Train/34/00034_00009_00022.png
client_0,15873,29,30,5,6,24,25,10,Train/10/00010_00028_00003.png
client_0,17116,112,103,9,9,103,94,11,Train/11/00011_00002_00016.png
client_0,25994,46,51,5,6,41,46,18,Train/18/00018_00014_00014.png
client_0,7522,57,60,5,6,52,55,4,Train/4/00004_00035_00022.png
client_0,4135,74,74,7,7,68,68,2,Train/2/00002_00044_00025.png
client_0,22257,97,89,9,8,89,82,13,Train/13/00013_00059_00027.png
client_0,7595,34,33,6,5,29,28,4,Train/4/00004_00038_00005.png
client_0,2406,36,36,6,5,31,31,1,Train/1/00001_00061_00006.png
client_0,530,49,47,5,5,44,42,0,Train/0/00000_00005_00020.png
client_0,22279,63,60,5,6,57,55,13,Train/13/00013_00060_00019.png
client_0,17300,82,75,7,7,75,69,11,Train/11/00011_00008_00020.png
client_0,6899,79,86,7,8,72,79,4,Train/4/00004_00014_00029.png
client_0,15333,33,33,6,5,28,27,10,Train/10/00010_00010_00003.png
client_0,25229,52,52,5,5,47,47,17,Train/17/00017_00025_00029.png
client_0,534,63,62,5,6,58,57,0,Train/0/00000_00005_00024.png
client_0,25739,167,153,15,13,153,140,18,Train/18/00018_00005_00029.png
client_0,26963,80,72,7,6,73,65,19,Train/19/00019_00006_00023.png
client_0,18156,35,38,5,6,29,32,11,Train/11/00011_00037_00006.png
client_0,9949,43,44,5,6,38,39,5,Train/5/00005_00050_00019.png
client_0,22451,38,36,5,6,33,31,13,Train/13/00013_00066_00011.png
client_0,22327,36,35,6,6,31,30,13,Train/13/00013_00062_00007.png
client_0,15713,54,52,6,5,49,47,10,Train/10/00010_00022_00023.png
client_0,26849,133,106,11,9,121,97,19,Train/19/00019_00002_00029.png
client_0,25394,38,42,5,6,33,37,17,Train/17/00017_00031_00014.png
client_0,17822,52,47,6,5,47,42,11,Train/11/00011_00026_00002.png
client_0,20862,46,45,5,6,41,40,13,Train/13/00013_00013_00012.png
client_0,5254,28,29,5,6,23,24,3,Train/3/00003_00007_00004.png
client_0,17376,46,44,5,6,41,39,11,Train/11/00011_00011_00006.png
client_0,27448,89,83,7,8,81,76,22,Train/22/00022_00004_00028.png
client_0,6295,120,121,10,11,110,111,3,Train/3/00003_00041_00025.png
client_0,24454,27,33,6,6,22,28,17,Train/17/00017_00000_00004.png
client_0,29192,39,39,5,6,34,34,25,Train/25/00025_00024_00002.png
client_0,15125,33,33,6,6,27,28,10,Train/10/00010_00003_00005.png
client_0,24218,82,81,8,7,75,74,16,Train/16/00016_00006_00008.png
client_0,24867,32,38,6,5,27,33,17,Train/17/00017_00013_00027.png
client_0,34813,39,40,5,6,34,35,35,Train/35/00035_00020_00014.png
client_0,4311,40,40,6,5,35,35,2,Train/2/00002_00050_00021.png
client_0,26019,45,45,5,5,40,40,18,Train/18/00018_00015_00009.png
client_0,474,64,61,5,5,59,56,0,Train/0/00000_00003_00024.png
client_0,21417,56,50,6,5,51,45,13,Train/13/00013_00031_00027.png
client_0,29481,63,58,6,6,58,53,25,Train/25/00025_00033_00021.png
client_0,23931,52,51,6,5,47,45,15,Train/15/00015_00017_00021.png
client_0,27192,45,42,6,5,40,37,21,Train/21/00021_00007_00012.png
client_0,15123,31,32,5,6,26,27,10,Train/10/00010_00003_00003.png
client_0,28329,39,34,6,6,33,29,24,Train/24/00024_00004_00009.png
client_0,20754,69,64,7,6,63,59,13,Train/13/00013_00009_00024.png
client_0,16777,33,34,5,6,28,29,10,Train/10/00010_00058_00007.png
client_0,28787,59,52,6,5,54,47,25,Train/25/00025_00010_00017.png
client_0,9492,38,38,5,5,33,32,5,Train/5/00005_00035_00012.png
client_0,17345,54,50,6,6,49,45,11,Train/11/00011_00010_00005.png
client_0,25162,44,44,6,5,39,39,17,Train/17/00017_00023_00022.png
client_0,24189,32,32,5,5,27,27,16,Train/16/00016_00005_00009.png
client_0,38806,47,49,5,6,42,44,41,Train/41/00041_00002_00017.png
client_0,17030,35,36,5,6,30,31,10,Train/10/00010_00066_00020.png
client_0,29145,61,56,6,6,56,51,25,Train/25/00025_00022_00015.png
client_0,8643,30,31,5,5,25,25,5,Train/5/00005_00007_00003.png
client_0,17586,49,46,5,6,44,41,11,Train/11/00011_00018_00006.png
client_0,13490,44,45,5,5,39,40,8,Train/8/00008_00044_00020.png
client_0,26816,102,90,9,8,93,82,19,Train/19/00019_00001_00026.png
client_0,21634,35,31,5,5,30,26,13,Train/13/00013_00039_00004.png
client_0,15880,37,36,6,5,32,31,10,Train/10/00010_00028_00010.png
client_0,38199,35,35,5,5,30,30,39,Train/39/00039_00004_00010.png
client_0,8974,29,29,5,6,23,24,5,Train/5/00005_00018_00004.png
client_0,24275,58,59,5,6,53,54,16,Train/16/00016_00008_00005.png
client_0,17944,28,29,6,6,23,24,11,Train/11/00011_00030_00004.png
client_0,38112,35,36,6,6,29,31,39,Train/39/00039_00001_00013.png
client_0,12477,68,68,6,6,62,62,8,Train/8/00008_00010_00027.png
client_0,24267,52,51,6,5,47,46,16,Train/16/00016_00007_00027.png
client_0,6439,41,39,6,5,36,34,3,Train/3/00003_00046_00019.png
client_0,15323,51,51,6,6,46,46,10,Train/10/00010_00009_00023.png
client_0,15782,30,29,6,5,25,24,10,Train/10/00010_00025_00002.png
client_0,12839,95,93,8,9,87,85,8,Train/8/00008_00022_00029.png
client_0,21865,84,80,8,7,77,73,13,Train/13/00013_00046_00025.png
client_0,13424,41,41,6,6,36,36,8,Train/8/00008_00042_00014.png
client_0,8563,35,38,5,6,30,33,5,Train/5/00005_00004_00013.png
client_0,31073,117,105,10,9,107,96,28,Train/28/00028_00008_00023.png
client_0,9435,35,37,6,6,30,32,5,Train/5/00005_00033_00015.png
client_0,31596,44,41,6,6,39,36,29,Train/29/00029_00008_00006.png
client_0,24611,35,35,6,6,30,30,17,Train/17/00017_00005_00011.png
client_0,22477,36,33,5,5,31,28,13,Train/13/00013_00067_00007.png
client_0,24036,58,60,5,6,53,55,16,Train/16/00016_00000_00006.png
client_0,9100,36,37,5,6,31,32,5,Train/5/00005_00022_00010.png
client_0,38393,59,58,6,6,53,53,40,Train/40/00040_00000_00024.png
client_0,7276,39,38,6,5,34,33,4,Train/4/00004_00027_00016.png
client_0,13609,44,44,6,6,39,39,9,Train/9/00009_00001_00019.png
client_0,25679,148,137,12,12,136,126,18,Train/18/00018_00003_00029.png
client_0,21163,36,44,6,5,31,39,13,Train/13/00013_00023_00013.png
client_0,34111,28,28,6,6,23,23,34,Train/34/00034_00011_00002.png
client_0,35805,44,42,5,5,39,37,37,Train/37/00037_00000_00016.png
client_0,16306,44,45,6,6,38,40,10,Train/10/00010_00042_00016.png
client_0,39046,37,36,6,5,32,31,42,Train/42/00042_00002_00017.png
client_0,33915,67,68,6,7,61,62,34,Train/34/00034_00004_00016.png
client_0,26189,179,162,16,14,164,148,18,Train/18/00018_00020_00029.png
client_0,18147,100,100,9,9,91,91,11,Train/11/00011_00036_00027.png
client_0,38193,29,29,5,5,24,24,39,Train/39/00039_00004_00004.png
client_0,33974,31,34,5,5,26,29,34,Train/34/00034_00006_00015.png
client_0,28930,47,44,6,6,42,39,25,Train/25/00025_00015_00010.png
client_0,29006,100,93,8,9,91,84,25,Train/25/00025_00017_00026.png
client_0,22141,48,45,6,6,43,40,13,Train/13/00013_00056_00001.png
client_0,25683,63,57,5,5,58,52,18,Train/18/00018_00004_00003.png
client_0,15058,58,62,6,6,53,57,10,Train/10/00010_00000_00028.png
client_0,26178,92,84,8,7,84,77,18,Train/18/00018_00020_00018.png
client_0,7481,36,36,6,6,31,31,4,Train/4/00004_00034_00011.png
client_0,17198,55,49,6,5,50,44,11,Train/11/00011_00005_00008.png
client_0,22303,64,60,6,5,58,54,13,Train/13/00013_00061_00013.png
client_0,17111,94,83,9,7,86,76,11,Train/11/00011_00002_00011.png
client_0,25478,31,30,6,5,26,25,17,Train/17/00017_00034_00008.png
client_0,16603,43,43,5,5,38,38,10,Train/10/00010_00052_00013.png
client_0,25546,29,35,6,5,24,30,17,Train/17/00017_00036_00016.png
client_0,27828,49,41,6,5,43,36,23,Train/23/00023_00004_00018.png
client_0,30267,88,82,7,8,81,75,26,Train/26/00026_00009_00027.png
client_0,24943,32,33,5,6,27,28,17,Train/17/00017_00016_00013.png
client_0,13381,33,33,6,6,28,28,8,Train/8/00008_00041_00001.png
client_0,16163,48,46,5,5,43,41,10,Train/10/00010_00037_00023.png
client_0,20882,45,42,5,6,39,37,13,Train/13/00013_00014_00002.png
client_0,35336,70,75,7,7,64,69,35,Train/35/00035_00037_00027.png
client_0,168,44,42,6,6,39,36,20,Train/20/00020_00005_00018.png
client_0,15307,34,34,5,5,29,29,10,Train/10/00010_00009_00007.png
client_0,6357,45,49,6,6,40,44,3,Train/3/00003_00043_00027.png
client_0,21194,48,47,5,6,43,42,13,Train/13/00013_00024_00014.png
client_0,33866,74,79,6,7,68,72,34,Train/34/00034_00002_00027.png
client_0,21192,47,44,6,5,42,39,13,Train/13/00013_00024_00012.png
client_0,21813,74,74,6,6,68,68,13,Train/13/00013_00045_00003.png
client_0,25238,27,29,5,5,22,24,17,Train/17/00017_00026_00008.png
client_0,31400,71,63,6,5,65,58,29,Train/29/00029_00001_00020.png
client_0,22463,59,56,5,6,54,51,13,Train/13/00013_00066_00023.png
client_0,20117,58,53,5,6,53,48,12,Train/12/00012_00058_00017.png
client_0,4645,86,87,7,7,79,80,2,Train/2/00002_00061_00025.png
client_0,25449,28,29,5,5,23,24,17,Train/17/00017_00033_00009.png
client_0,21435,57,47,5,6,52,42,13,Train/13/00013_00032_00015.png
client_0,17316,49,44,6,6,43,39,11,Train/11/00011_00009_00006.png
client_0,9701,36,37,5,5,31,32,5,Train/5/00005_00042_00011.png
client_0,18022,84,80,8,7,76,73,11,Train/11/00011_00032_00022.png
client_0,6089,95,100,9,9,86,92,3,Train/3/00003_00034_00029.png
client_0,6810,29,29,5,5,24,24,4,Train/4/00004_00012_00000.png
client_0,17304,101,92,9,8,93,84,11,Train/11/00011_00008_00024.png
client_0,30294,55,49,6,6,50,44,26,Train/26/00026_00010_00024.png
client_0,10181,32,31,6,6,27,26,5,Train/5/00005_00058_00011.png
client_0,17927,75,69,6,6,69,63,11,Train/11/00011_00029_00017.png
client_0,35413,49,48,6,5,43,42,36,Train/36/00036_00000_00014.png
client_0,20858,45,41,5,5,40,36,13,Train/13/00013_00013_00008.png
client_0,35746,45,46,6,6,40,41,36,Train/36/00036_00011_00017.png
client_0,26617,31,30,5,5,26,25,18,Train/18/00018_00035_00007.png
client_0,22563,70,64,6,5,64,59,13,Train/13/00013_00070_00003.png
client_0,33917,73,71,7,6,66,65,34,Train/34/00034_00004_00018.png
client_0,20906,130,121,11,11,119,111,13,Train/13/00013_00014_00026.png
client_0,3648,41,42,5,6,36,37,2,Train/2/00002_00028_00018.png
client_0,26770,81,67,7,6,74,61,19,Train/19/00019_00000_00010.png
client_0,15241,31,32,5,5,26,27,10,Train/10/00010_00007_00001.png
client_0,21553,42,41,5,6,37,36,13,Train/13/00013_00036_00013.png
client_0,24877,30,34,5,6,25,29,17,Train/17/00017_00014_00007.png
client_0,14335,63,63,5,5,58,58,9,Train/9/00009_00025_00025.png
client_0,18279,40,37,6,5,35,32,11,Train/11/00011_00041_00009.png
client_0,5258,31,32,6,6,26,26,3,Train/3/00003_00007_00008.png
client_0,21235,86,74,8,7,79,68,13,Train/13/00013_00025_00025.png
client_0,20693,61,56,6,6,56,51,13,Train/13/00013_00007_00023.png
client_0,22573,97,88,9,8,89,81,13,Train/13/00013_00070_00013.png
client_0,38331,54,53,6,5,48,48,39,Train/39/00039_00008_00022.png
client_0,33874,48,49,6,5,43,43,34,Train/34/00034_00003_00005.png
client_0,18266,99,84,9,7,91,77,11,Train/11/00011_00040_00026.png
client_0,17197,51,47,5,6,46,42,11,Train/11/00011_00005_00007.png
client_0,9589,40,40,6,5,35,35,5,Train/5/00005_00038_00019.png
client_0,14777,47,48,6,6,42,43,9,Train/9/00009_00040_00017.png
client_0,5447,41,42,5,6,35,36,3,Train/3/00003_00013_00017.png
client_0,21550,42,40,6,5,37,35,13,Train/13/00013_00036_00010.png
client_0,20985,62,58,5,6,57,53,13,Train/13/00013_00017_00015.png
client_0,7022,34,34,5,5,29,29,4,Train/4/00004_00019_00002.png
client_0,16912,47,47,6,6,42,42,10,Train/10/00010_00062_00022.png
client_0,5050,31,31,5,5,26,26,3,Train/3/00003_00000_00010.png
client_0,20139,35,35,6,6,30,30,12,Train/12/00012_00059_00009.png
client_0,19945,149,150,13,13,136,137,12,Train/12/00012_00052_00025.png
client_0,28627,37,37,5,6,32,32,25,Train/25/00025_00005_00007.png
client_0,29272,62,60,6,5,57,55,25,Train/25/00025_00026_00022.png
client_0,25002,34,35,6,5,29,30,17,Train/17/00017_00018_00012.png
client_0,26875,86,74,8,7,78,67,19,Train/19/00019_00003_00025.png
client_0,34505,45,44,6,5,39,39,35,Train/35/00035_00010_00006.png
client_0,230,41,41,5,6,36,35,20,Train/20/00020_00007_00020.png
client_0,17021,31,30,6,6,26,24,10,Train/10/00010_00066_00011.png
client_0,33938,33,35,6,6,28,30,34,Train/34/00034_00005_00009.png
client_0,7072,39,39,6,6,34,34,4,Train/4/00004_00020_00022.png
client_0,10473,27,29,5,6,22,24,6,Train/6/00006_00006_00003.png
client_0,17816,93,81,8,8,85,74,11,Train/11/00011_00025_00026.png
client_0,30803,61,55,6,5,55,50,27,Train/27/00027_00007_00023.png
client_0,29363,96,95,8,8,88,87,25,Train/25/00025_00029_00023.png
client_0,13280,43,43,5,5,38,38,8,Train/8/00008_00037_00020.png
client_0,8732,31,32,5,5,26,27,5,Train/5/00005_00010_00002.png
client_0,3878,34,34,6,6,29,29,2,Train/2/00002_00036_00008.png
client_0,20679,42,39,6,6,37,34,13,Train/13/00013_00007_00009.png
client_0,22202,29,27,6,5,24,22,13,Train/13/00013_00058_00002.png
client_0,8260,34,33,6,5,29,28,4,Train/4/00004_00060_00010.png
client_0,15386,81,82,7,8,74,75,10,Train/10/00010_00011_00026.png
client_0,35668,124,122,10,10,114,112,36,Train/36/00036_00008_00029.png
client_0,6110,49,49,5,6,43,44,3,Train/3/00003_00035_00020.png
client_0,35980,49,55,5,6,44,49,37,Train/37/00037_00006_00011.png
client_0,15776,85,86,8,8,78,79,10,Train/10/00010_00024_00026.png
client_0,26048,35,31,6,5,29,25,18,Train/18/00018_00016_00008.png
client_0,17950,29,28,6,5,24,23,11,Train/11/00011_00030_00010.png
client_0,22286,104,92,9,9,94,84,13,Train/13/00013_00060_00026.png
client_0,2606,76,76,6,6,70,70,1,Train/1/00001_00067_00026.png
client_0,26472,38,37,6,6,32,32,18,Train/18/00018_00030_00012.png
client_0,38583,29,30,5,6,24,25,40,Train/40/00040_00007_00004.png
client_0,30632,34,32,6,6,29,26,27,Train/27/00027_00002_00002.png
client_0,6346,34,36,5,5,29,31,3,Train/3/00003_00043_00016.png
client_0,24810,27,26,6,5,22,21,17,Train/17/00017_00012_00000.png
client_0,16954,27,27,5,5,21,22,10,Train/10/00010_00064_00004.png
client_0,26509,47,43,5,5,41,38,18,Train/18/00018_00031_00019.png
client_0,21569,117,105,10,10,107,96,13,Train/13/00013_00036_00029.png
client_0,30193,37,35,5,6,32,30,26,Train/26/00026_00007_00013.png
client_0,16098,45,43,5,6,40,38,10,Train/10/00010_00035_00018.png
client_0,9772,55,59,5,5,50,53,5,Train/5/00005_00044_00022.png
client_0,25176,32,33,5,5,27,28,17,Train/17/00017_00024_00006.png
client_0,8278,62,63,6,6,57,58,4,Train/4/00004_00060_00028.png
client_0,7421,35,37,5,5,30,32,4,Train/4/00004_00032_00011.png
client_0,26660,74,75,7,7,68,69,18,Train/18/00018_00036_00020.png
client_0,13363,35,35,5,5,30,30,8,Train/8/00008_00040_00013.png
client_0,33810,28,29,5,6,23,24,34,Train/34/00034_00001_00001.png
client_0,16589,118,119,10,11,108,109,10,Train/10/00010_00051_00029.png
client_0,8442,37,40,6,6,32,35,5,Train/5/00005_00000_00012.png
client_0,21518,48,55,5,5,43,50,13,Train/13/00013_00035_00008.png
client_0,24853,29,38,5,6,24,33,17,Train/17/00017_00013_00013.png
client_0,32017,34,29,6,5,29,24,30,Train/30/00030_00013_00007.png
client_0,9557,37,33,6,5,32,28,5,Train/5/00005_00037_00017.png
client_0,15679,54,54,5,5,49,49,10,Train/10/00010_00021_00019.png
client_0,35054,41,42,6,6,35,37,35,Train/35/00035_00028_00015.png
client_0,7970,43,46,5,6,37,40,4,Train/4/00004_00050_00020.png
client_0,38298,75,80,6,7,69,73,39,Train/39/00039_00007_00019.png
client_0,6269,47,50,6,6,42,45,3,Train/3/00003_00040_00029.png
client_0,27290,53,50,6,6,48,45,21,Train/21/00021_00010_00020.png
client_0,16877,44,38,5,6,39,33,10,Train/10/00010_00061_00017.png
client_0,15289,49,49,6,6,44,44,10,Train/10/00010_00008_00019.png
client_0,5979,30,31,6,5,25,26,3,Train/3/00003_00031_00009.png
client_0,18154,34,36,5,6,28,31,11,Train/11/00011_00037_00004.png
client_0,16287,73,74,7,7,67,68,10,Train/10/00010_00041_00027.png
client_0,21452,34,34,5,6,29,29,13,Train/13/00013_00033_00002.png
client_0,22481,38,36,6,5,33,31,13,Train/13/00013_00067_00011.png
client_0,3288,46,47,5,5,41,42,2,Train/2/00002_00016_00018.png
client_0,22466,80,71,8,6,73,65,13,Train/13/00013_00066_00026.png
client_0,9199,38,39,5,6,33,34,5,Train/5/00005_00025_00019.png
client_0,14796,31,30,6,5,25,25,9,Train/9/00009_00041_00006.png
client_0,2809,56,52,5,6,51,47,2,Train/2/00002_00000_00019.png
client_0,21437,65,48,6,5,59,43,13,Train/13/00013_00032_00017.png
client_0,3285,40,42,6,6,35,36,2,Train/2/00002_00016_00015.png
client_0,29176,59,59,5,5,54,54,25,Train/25/00025_00023_00016.png
client_0,34019,28,28,6,5,23,23,34,Train/34/00034_00008_00000.png
client_0,34057,36,36,6,6,31,31,34,Train/34/00034_00009_00008.png
client_0,25127,49,49,5,5,44,44,17,Train/17/00017_00022_00017.png
client_0,38115,37,40,5,6,32,34,39,Train/39/00039_00001_00016.png
client_0,23742,48,55,5,6,43,50,15,Train/15/00015_00011_00012.png
client_0,10162,47,48,5,5,42,43,5,Train/5/00005_00057_00022.png
client_0,25330,32,33,6,5,26,27,17,Train/17/00017_00029_00010.png
client_0,17404,38,38,5,5,33,32,11,Train/11/00011_00012_00004.png
client_0,18920,60,60,5,5,55,55,12,Train/12/00012_00018_00020.png
client_0,3113,61,58,5,5,55,53,2,Train/2/00002_00010_00023.png
client_0,9923,44,45,6,5,39,40,5,Train/5/00005_00049_00023.png
client_0,20740,37,37,5,6,32,32,13,Train/13/00013_00009_00010.png
client_0,27096,34,31,6,5,29,26,21,Train/21/00021_00004_00006.png
client_0,27156,36,36,5,6,31,31,21,Train/21/00021_00006_00006.png
client_0,20971,42,39,6,6,37,34,13,Train/13/00013_00017_00001.png
client_0,12761,45,44,6,5,40,39,8,Train/8/00008_00020_00011.png
client_0,16273,34,35,5,6,29,30,10,Train/10/00010_00041_00013.png
client_0,21483,36,32,6,5,30,27,13,Train/13/00013_00034_00003.png
client_0,35763,56,56,6,6,51,51,36,Train/36/00036_00012_00004.png
client_0,16442,28,29,6,6,23,23,10,Train/10/00010_00047_00002.png
client_0,26604,69,62,6,5,62,57,18,Train/18/00018_00034_00024.png
client_0,2563,48,49,5,6,42,43,1,Train/1/00001_00066_00013.png
client_0,17573,71,64,7,6,65,59,11,Train/11/00011_00017_00023.png
client_0,11964,52,53,5,6,47,48,7,Train/7/00007_00041_00024.png
client_0,16692,36,37,5,6,31,32,10,Train/10/00010_00055_00012.png
client_0,15900,28,28,5,5,23,23,10,Train/10/00010_00029_00000.png
client_0,38151,74,79,7,7,67,72,39,Train/39/00039_00002_00022.png
client_0,29566,51,46,5,6,46,41,25,Train/25/00025_00036_00016.png
client_0,16054,31,28,6,5,26,23,10,Train/10/00010_00034_00004.png
client_0,22552,50,50,6,6,45,45,13,Train/13/00013_00069_00022.png
client_0,22356,34,30,6,5,29,25,13,Train/13/00013_00063_00006.png
client_0,26840,76,64,7,6,70,58,19,Train/19/00019_00002_00020.png
client_0,28537,33,31,6,6,27,26,25,Train/25/00025_00002_00007.png
client_0,2318,36,36,5,5,30,31,1,Train/1/00001_00058_00008.png
client_0,16115,30,26,5,5,25,21,10,Train/10/00010_00036_00005.png
client_0,22037,47,42,5,6,41,37,13,Train/13/00013_00052_00017.png
client_0,3908,32,33,5,6,27,28,2,Train/2/00002_00037_00008.png
client_0,15976,40,40,6,6,35,35,10,Train/10/00010_00031_00016.png
client_0,9370,30,32,5,6,25,27,5,Train/5/00005_00031_00010.png
client_0,16067,41,39,5,6,36,34,10,Train/10/00010_00034_00017.png
client_0,19895,35,34,6,5,30,29,12,Train/12/00012_00051_00005.png
client_0,24405,36,37,5,6,31,32,16,Train/16/00016_00012_00015.png
client_0,20071,44,45,6,6,39,40,12,Train/12/00012_00057_00001.png
client_0,31284,72,63,7,5,66,57,28,Train/28/00028_00015_00024.png
client_0,16327,29,28,5,6,24,23,10,Train/10/00010_00043_00007.png
client_0,9536,58,58,5,6,53,53,5,Train/5/00005_00036_00026.png
client_0,38358,42,45,6,6,37,40,39,Train/39/00039_00009_00019.png
client_0,17005,40,41,5,5,35,36,10,Train/10/00010_00065_00025.png
client_0,4689,32,31,6,5,27,26,2,Train/2/00002_00063_00009.png
client_0,24226,98,98,8,8,90,90,16,Train/16/00016_00006_00016.png
client_0,1591,30,31,6,6,25,25,1,Train/1/00001_00034_00001.png
client_0,10007,40,41,5,6,35,36,5,Train/5/00005_00052_00017.png
client_0,22319,159,146,14,12,146,133,13,Train/13/00013_00061_00029.png
client_0,21861,63,62,6,6,58,57,13,Train/13/00013_00046_00021.png
client_0,17223,28,25,5,5,23,20,11,Train/11/00011_00006_00003.png
client_0,35760,56,56,6,6,51,51,36,Train/36/00036_00012_00001.png
client_0,14940,40,41,6,6,38,36,9,Train/9/00009_00046_00000.png
client_0,8479,38,38,6,6,32,32,5,Train/5/00005_00001_00019.png
client_0,21917,73,70,6,7,67,63,13,Train/13/00013_00048_00017.png
client_0,801,84,81,7,8,76,74,1,Train/1/00001_00007_00021.png
client_0,38105,28,29,5,5,23,24,39,Train/39/00039_00001_00006.png
client_0,16151,32,32,5,6,27,27,10,Train/10/00010_00037_00011.png
client_0,12956,49,52,5,6,44,46,8,Train/8/00008_00026_00026.png
client_0,35683,33,34,5,5,28,28,36,Train/36/00036_00009_00014.png
client_0,17699,111,94,9,9,102,86,11,Train/11/00011_00021_00029.png
client_0,25199,120,127,11,11,109,116,17,Train/17/00017_00024_00029.png
client_0,9453,28,29,6,5,23,23,5,Train/5/00005_00034_00003.png
client_0,25250,33,36,5,6,28,31,17,Train/17/00017_00026_00020.png
client_0,30992,41,37,6,5,36,32,28,Train/28/00028_00006_00002.png
client_0,28886,86,84,8,8,79,77,25,Train/25/00025_00013_00026.png
client_0,25694,98,88,8,8,90,81,18,Train/18/00018_00004_00014.png
client_0,25574,29,27,5,6,24,22,18,Train/18/00018_00000_00014.png
client_0,25452,29,31,5,6,24,26,17,Train/17/00017_00033_00012.png
client_0,9069,35,35,6,6,30,30,5,Train/5/00005_00021_00009.png
client_0,22341,72,65,6,6,66,60,13,Train/13/00013_00062_00021.png
client_0,25081,29,28,5,5,24,23,17,Train/17/00017_00021_00001.png
client_0,31833,38,39,6,6,33,34,30,Train/30/00030_00007_00003.png
client_0,26405,38,39,5,6,33,34,18,Train/18/00018_00028_00005.png
client_0,1727,37,37,6,5,32,32,1,Train/1/00001_00038_00017.png
client_0,27200,62,57,6,5,57,52,21,Train/21/00021_00007_00020.png
client_0,4111,30,29,6,5,25,24,2,Train/2/00002_00044_00001.png
client_0,17142,49,42,5,5,44,37,11,Train/11/00011_00003_00012.png
client_0,16617,74,74,7,7,68,68,10,Train/10/00010_00052_00027.png
client_0,8901,61,61,6,5,56,56,5,Train/5/00005_00015_00021.png
client_0,26960,63,59,5,6,58,54,19,Train/19/00019_00006_00020.png
client_0,26451,69,61,6,5,63,56,18,Train/18/00018_00029_00021.png
client_0,18728,38,37,5,5,32,32,12,Train/12/00012_00012_00008.png
client_0,21434,56,45,6,5,50,40,13,Train/13/00013_00032_00014.png
client_0,14513,39,40,6,6,33,34,9,Train/9/00009_00031_00023.png
client_0,16806,35,35,6,6,30,30,10,Train/10/00010_00059_00006.png
client_0,39139,39,37,5,5,33,31,42,Train/42/00042_00005_00020.png
client_0,9984,59,59,6,6,54,54,5,Train/5/00005_00051_00024.png
client_0,23658,50,51,5,6,45,46,15,Train/15/00015_00008_00018.png
client_0,24131,39,41,6,6,34,36,16,Train/16/00016_00003_00011.png
client_0,10034,37,34,6,5,32,29,5,Train/5/00005_00053_00014.png
client_0,20307,110,120,9,10,101,110,12,Train/12/00012_00064_00027.png
client_0,20920,76,71,7,6,70,65,13,Train/13/00013_00015_00010.png
client_0,5573,73,76,7,7,67,70,3,Train/3/00003_00017_00023.png
client_0,9829,52,52,6,6,47,47,5,Train/5/00005_00046_00019.png
client_0,15394,33,33,6,6,28,28,10,Train/10/00010_00012_00004.png
client_0,20994,84,80,8,8,77,73,13,Train/13/00013_00017_00024.png
client_0,24231,112,113,9,10,102,103,16,Train/16/00016_00006_00021.png
client_0,9741,45,45,6,6,40,40,5,Train/5/00005_00043_00021.png
client_0,1246,47,46,6,6,41,41,1,Train/1/00001_00022_00016.png
client_0,23146,42,41,6,5,37,36,14,Train/14/00014_00017_00016.png
client_0,30261,55,49,5,5,49,43,26,Train/26/00026_00009_00021.png
client_0,35091,52,54,5,5,47,49,35,Train/35/00035_00029_00022.png
client_0,17250,42,39,6,5,37,34,11,Train/11/00011_00007_00000.png
client_0,25001,33,35,6,6,28,30,17,Train/17/00017_00018_00011.png
client_0,28666,37,36,6,6,32,31,25,Train/25/00025_00006_00016.png
client_0,27094,33,31,6,6,28,26,21,Train/21/00021_00004_00004.png
client_0,11002,40,40,6,5,35,35,7,Train/7/00007_00009_00022.png
client_0,5379,36,37,5,6,31,32,3,Train/3/00003_00011_00009.png
client_0,17140,46,41,6,5,40,35,11,Train/11/00011_00003_00010.png
client_0,8527,30,30,5,6,25,25,5,Train/5/00005_00003_00007.png
client_0,35927,41,41,6,6,35,36,37,Train/37/00037_00004_00018.png
client_0,16081,29,28,5,6,24,23,10,Train/10/00010_00035_00001.png
client_0,16979,57,59,5,5,52,54,10,Train/10/00010_00064_00029.png
client_0,5942,26,28,5,6,21,23,3,Train/3/00003_00030_00002.png
client_0,18915,48,49,5,6,43,44,12,Train/12/00012_00018_00015.png
client_0,6574,46,46,5,5,41,41,4,Train/4/00004_00004_00004.png
client_0,12241,29,28,6,5,24,23,8,Train/8/00008_00003_00001.png
client_0,555,53,55,6,6,48,50,0,Train/0/00000_00006_00015.png
client_0,24109,39,41,5,6,34,36,16,Train/16/00016_00002_00019.png
client_0,7609,46,46,6,6,41,41,4,Train/4/00004_00038_00019.png
client_0,12676,41,41,6,5,36,36,8,Train/8/00008_00017_00016.png
client_0,38142,54,60,5,6,49,55,39,Train/39/00039_00002_00013.png
client_0,15082,61,53,5,5,55,47,10,Train/10/00010_00001_00022.png
client_0,16246,41,39,6,6,35,34,10,Train/10/00010_00040_00016.png
client_0,16432,46,46,5,6,41,41,10,Train/10/00010_00046_00022.png
client_0,9133,39,39,6,6,34,34,5,Train/5/00005_00023_00013.png
client_0,29263,46,45,5,6,41,40,25,Train/25/00025_00026_00013.png
client_0,21787,46,42,5,5,41,37,13,Train/13/00013_00044_00007.png
client_0,16616,69,68,7,6,63,62,10,Train/10/00010_00052_00026.png
client_0,17105,76,71,6,7,70,65,11,Train/11/00011_00002_00005.png
client_0,21883,74,64,7,6,68,59,13,Train/13/00013_00047_00013.png
client_0,17262,54,52,5,6,49,46,11,Train/11/00011_00007_00012.png
client_0,16035,33,33,5,5,28,28,10,Train/10/00010_00033_00015.png
client_0,26561,58,54,5,5,53,49,18,Train/18/00018_00033_00011.png
client_0,21958,129,110,11,9,118,101,13,Train/13/00013_00049_00028.png
client_0,6499,52,52,6,6,47,47,4,Train/4/00004_00001_00019.png
client_0,8349,31,31,6,6,26,26,4,Train/4/00004_00063_00009.png
client_0,20758,76,75,6,7,70,68,13,Train/13/00013_00009_00028.png
client_0,22515,81,62,7,5,74,57,13,Train/13/00013_00068_00015.png
client_0,30557,44,41,5,6,38,35,26,Train/26/00026_00019_00017.png
client_0,18722,33,33,5,5,28,28,12,Train/12/00012_00012_00002.png
client_0,35660,50,49,6,5,45,44,36,Train/36/00036_00008_00021.png
client_0,20008,94,94,8,8,86,85,12,Train/12/00012_00054_00028.png
client_0,26351,45,42,6,6,40,37,18,Train/18/00018_00026_00011.png
client_0,6779,103,104,9,10,94,95,4,Train/4/00004_00010_00029.png
client_0,15942,32,32,5,5,27,27,10,Train/10/00010_00030_00012.png
client_0,16706,56,55,6,5,51,50,10,Train/10/00010_00055_00026.png
client_0,20542,55,56,5,5,50,51,13,Train/13/00013_00002_00022.png
client_0,24209,52,53,6,5,47,48,16,Train/16/00016_00005_00029.png
client_0,8495,30,27,6,6,24,22,5,Train/5/00005_00002_00005.png
client_0,8914,33,32,6,5,28,27,5,Train/5/00005_00016_00004.png
client_0,18168,42,45,5,5,37,40,11,Train/11/00011_00037_00018.png
client_0,12845,37,36,6,5,32,31,8,Train/8/00008_00023_00005.png
client_0,29817,96,93,8,9,88,85,25,Train/25/00025_00044_00027.png
client_0,17600,76,69,6,7,70,63,11,Train/11/00011_00018_00020.png
client_0,8618,38,37,6,5,33,32,5,Train/5/00005_00006_00008.png
client_0,18296,84,76,7,7,77,70,11,Train/11/00011_00041_00026.png
client_0,28677,48,48,5,6,43,43,25,Train/25/00025_00006_00027.png
client_0,16812,41,40,6,5,36,35,10,Train/10/00010_00059_00012.png
client_0,6854,37,36,6,5,31,31,4,Train/4/00004_00013_00014.png
client_0,29139,50,46,6,6,45,41,25,Train/25/00025_00022_00009.png
client_0,35995,75,81,6,7,69,74,37,Train/37/00037_00006_00026.png
client_0,39071,33,34,5,6,28,29,42,Train/42/00042_00003_00012.png
client_0,35483,69,70,6,7,63,64,36,Train/36/00036_00002_00024.png
client_0,9266,83,74,8,7,76,67,5,Train/5/00005_00027_00026.png
client_0,35433,33,33,5,6,28,28,36,Train/36/00036_00001_00004.png
client_0,30886,62,58,6,5,57,53,28,Train/28/00028_00002_00016.png
client_0,20889,54,50,6,6,49,45,13,Train/13/00013_00014_00009.png
client_0,13266,33,33,6,6,28,28,8,Train/8/00008_00037_00006.png
client_0,21015,47,47,5,5,42,42,13,Train/13/00013_00018_00015.png
client_0,11012,32,32,5,5,27,27,7,Train/7/00007_00010_00002.png
client_0,15519,34,33,6,5,29,28,10,Train/10/00010_00016_00009.png
client_0,16055,31,28,6,5,26,23,10,Train/10/00010_00034_00005.png
client_0,20787,81,80,7,8,74,73,13,Train/13/00013_00010_00027.png
client_0,25565,27,27,5,6,22,22,18,Train/18/00018_00000_00005.png
client_0,39050,40,40,6,6,35,35,42,Train/42/00042_00002_00021.png
client_0,10216,41,40,6,6,36,35,5,Train/5/00005_00059_00016.png
client_0,7308,42,43,5,6,37,38,4,Train/4/00004_00028_00018.png
client_0,39047,37,37,5,5,32,32,42,Train/42/00042_00002_00018.png
client_0,25184,38,40,5,5,33,35,17,Train/17/00017_00024_00014.png
client_0,22017,99,93,8,8,91,85,13,Train/13/00013_00051_00027.png
client_0,10187,39,38,6,5,33,32,5,Train/5/00005_00058_00017.png
client_0,27734,95,89,8,8,87,82,23,Train/23/00023_00001_00014.png
client_0,33211,28,28,6,5,23,23,33,Train/33/00033_00004_00001.png
client_0,21491,39,36,6,5,33,30,13,Train/13/00013_00034_00011.png
client_0,30968,44,45,6,5,39,40,28,Train/28/00028_00005_00008.png
client_0,22472,36,33,6,5,31,28,13,Train/13/00013_00067_00002.png
client_0,10977,67,71,6,7,61,65,7,Train/7/00007_00008_00027.png
client_0,16341,44,44,6,5,39,39,10,Train/10/00010_00043_00021.png
client_0,34370,39,40,5,6,34,35,35,Train/35/00035_00005_00021.png
client_0,38280,53,55,5,5,48,50,39,Train/39/00039_00007_00001.png
client_0,21272,31,31,6,6,26,26,13,Train/13/00013_00027_00002.png
client_0,31409,164,149,14,13,150,137,29,Train/29/00029_00001_00029.png
client_0,25390,35,37,6,5,29,31,17,Train/17/00017_00031_00010.png
client_0,26764,71,60,7,6,65,55,19,Train/19/00019_00000_00004.png
client_0,29704,43,40,6,6,38,35,25,Train/25/00025_00041_00004.png
client_0,16170,28,29,5,6,23,24,10,Train/10/00010_00038_00000.png
client_0,36316,36,38,5,6,31,33,38,Train/38/00038_00010_00017.png
client_0,21866,89,84,8,7,82,77,13,Train/13/00013_00046_00026.png
client_0,21665,36,34,5,5,31,29,13,Train/13/00013_00040_00005.png
client_0,8847,65,64,6,5,60,59,5,Train/5/00005_00013_00027.png
client_0,27289,50,46,5,5,45,41,21,Train/21/00021_00010_00019.png
client_0,12280,32,31,6,5,27,26,8,Train/8/00008_00004_00010.png
client_0,21906,53,50,5,5,48,44,13,Train/13/00013_00048_00006.png
client_0,10432,51,51,5,6,46,46,6,Train/6/00006_00004_00022.png
client_0,17391,75,69,7,7,69,62,11,Train/11/00011_00011_00021.png
client_0,16744,34,34,5,6,29,29,10,Train/10/00010_00057_00004.png
client_0,12663,31,33,6,6,26,28,8,Train/8/00008_00017_00003.png
client_0,13530,27,28,6,5,22,23,8,Train/8/00008_00046_00000.png
client_0,27042,38,38,5,6,33,33,21,Train/21/00021_00002_00012.png
client_0,22227,48,52,5,5,43,47,13,Train/13/00013_00058_00027.png
client_0,19440,38,39,5,6,33,34,12,Train/12/00012_00036_00000.png
client_0,15369,38,38,5,5,33,33,10,Train/10/00010_00011_00009.png
client_0,26033,85,85,8,8,78,78,18,Train/18/00018_00015_00023.png
client_0,5669,61,60,5,5,56,55,3,Train/3/00003_00020_00029.png
client_0,20571,97,89,8,7,89,81,13,Train/13/00013_00003_00021.png
client_0,7584,52,52,5,5,47,47,4,Train/4/00004_00037_00024.png
client_0,29636,82,73,8,7,75,67,25,Train/25/00025_00038_00026.png
client_0,34023,32,33,6,6,27,28,34,Train/34/00034_00008_00004.png
client_0,22159,58,53,5,5,52,48,13,Train/13/00013_00056_00019.png
client_0,32038,61,55,6,6,56,50,30,Train/30/00030_00013_00028.png
client_0,31607,65,59,6,6,59,54,29,Train/29/00029_00008_00017.png
client_0,18099,57,58,6,5,52,53,11,Train/11/00011_00035_00009.png
client_0,13540,32,33,6,5,27,27,8,Train/8/00008_00046_00010.png
client_0,22152,55,52,6,6,50,47,13,Train/13/00013_00056_00012.png
client_0,35124,61,57,6,6,56,52,35,Train/35/00035_00030_00025.png
client_0,28418,45,42,5,6,40,37,24,Train/24/00024_00007_00008.png
client_0,25956,43,43,5,5,38,38,18,Train/18/00018_00013_00006.png
client_0,17867,71,62,7,6,65,57,11,Train/11/00011_00027_00017.png
client_0,19556,99,100,8,9,91,92,12,Train/12/00012_00039_00026.png
client_0,30742,53,51,5,6,48,46,27,Train/27/00027_00005_00022.png
client_0,8997,45,44,5,5,40,39,5,Train/5/00005_00018_00027.png
client_0,23516,47,48,6,5,42,43,15,Train/15/00015_00003_00026.png
client_0,22513,75,58,7,6,69,53,13,Train/13/00013_00068_00013.png
client_0,12461,37,38,6,6,32,33,8,Train/8/00008_00010_00011.png
client_0,39016,42,41,6,5,37,36,42,Train/42/00042_00001_00017.png
client_0,18227,42,40,5,5,37,35,11,Train/11/00011_00039_00017.png
client_0,3109,48,48,5,6,43,43,2,Train/2/00002_00010_00019.png
client_0,21377,50,50,5,6,45,45,13,Train/13/00013_00030_00017.png
client_0,25256,36,37,6,6,30,31,17,Train/17/00017_00026_00026.png
client_0,15129,35,34,6,5,29,29,10,Train/10/00010_00003_00009.png
client_0,22576,106,96,9,8,97,88,13,Train/13/00013_00070_00016.png
client_0,34062,40,41,5,6,35,36,34,Train/34/00034_00009_00013.png
client_0,7991,37,35,5,5,32,30,4,Train/4/00004_00051_00011.png
client_0,10515,32,33,5,6,27,28,6,Train/6/00006_00007_00015.png
client_0,18030,33,32,6,5,28,27,11,Train/11/00011_00033_00000.png
client_0,35771,56,57,6,6,51,52,36,Train/36/00036_00012_00012.png
client_0,21936,34,31,5,6,29,26,13,Train/13/00013_00049_00006.png
client_0,20326,61,62,6,5,56,57,12,Train/12/00012_00065_00016.png
client_0,30132,44,40,6,6,39,35,26,Train/26/00026_00005_00012.png
client_0,26394,88,80,8,7,81,73,18,Train/18/00018_00027_00024.png
client_0,12595,63,69,5,7,58,63,8,Train/8/00008_00014_00025.png
client_0,20902,98,87,8,7,90,79,13,Train/13/00013_00014_00022.png
client_0,20802,42,49,5,5,37,44,13,Train/13/00013_00011_00012.png
client_0,7833,30,31,5,6,24,25,4,Train/4/00004_00046_00003.png
client_0,3246,54,58,5,6,49,52,2,Train/2/00002_00015_00006.png
client_0,26742,50,47,5,6,45,41,18,Train/18/00018_00039_00012.png
client_0,13085,28,29,5,6,23,24,8,Train/8/00008_00031_00005.png
client_0,7933,35,35,6,5,30,30,4,Train/4/00004_00049_00013.png
client_0,6180,27,28,6,6,22,23,3,Train/3/00003_00038_00000.png
client_0,22426,52,47,6,6,47,42,13,Train/13/00013_00065_00016.png
client_0,26706,43,43,5,5,38,38,18,Train/18/00018_00038_00006.png
client_0,5954,37,39,5,6,31,33,3,Train/3/00003_00030_00014.png
client_0,8074,38,39,5,6,33,34,4,Train/4/00004_00054_00004.png
client_0,5830,30,30,5,5,25,25,3,Train/3/00003_00026_00010.png
client_0,8597,36,37,5,5,31,32,5,Train/5/00005_00005_00017.png
client_0,35175,40,39,6,5,34,33,35,Train/35/00035_00032_00016.png
client_0,17744,44,41,5,6,39,36,11,Train/11/00011_00023_00014.png
client_0,15634,32,28,6,6,27,23,10,Train/10/00010_00020_00004.png
client_0,18023,93,88,9,8,85,81,11,Train/11/00011_00032_00023.png
client_0,6812,31,30,6,5,26,25,4,Train/4/00004_00012_00002.png
client_0,16373,40,43,5,6,34,37,10,Train/10/00010_00044_00023.png
client_0,17210,77,70,7,6,71,64,11,Train/11/00011_00005_00020.png
client_0,26150,70,70,6,6,64,64,18,Train/18/00018_00019_00020.png
client_0,20271,47,49,6,6,42,44,12,Train/12/00012_00063_00021.png
client_0,33662,30,30,5,5,24,25,33,Train/33/00033_00019_00002.png
client_0,14504,33,33,6,6,28,28,9,Train/9/00009_00031_00014.png
client_0,28515,98,86,8,7,90,79,25,Train/25/00025_00001_00015.png
client_0,68,38,37,5,5,33,32,20,Train/20/00020_00002_00008.png
client_0,9821,38,38,6,5,33,33,5,Train/5/00005_00046_00011.png
client_0,12523,42,42,5,5,37,37,8,Train/8/00008_00012_00013.png
client_0,21694,63,58,5,6,58,53,13,Train/13/00013_00041_00004.png
client_0,14546,81,80,8,7,74,73,9,Train/9/00009_00032_00026.png
client_0,467,43,45,5,5,38,40,0,Train/0/00000_00003_00017.png
client_0,38483,85,81,8,7,78,74,40,Train/40/00040_00003_00024.png
client_0,17925,70,63,6,5,64,58,11,Train/11/00011_00029_00015.png
client_0,5152,46,47,5,6,41,42,3,Train/3/00003_00003_00022.png
client_0,26748,60,56,6,6,54,50,18,Train/18/00018_00039_00018.png
client_0,25268,31,31,6,5,26,26,17,Train/17/00017_00027_00008.png
client_0,10543,31,34,5,6,26,29,6,Train/6/00006_00008_00013.png
client_0,14820,31,33,6,5,26,28,9,Train/9/00009_00042_00000.png
client_0,21746,68,56,7,5,62,51,13,Train/13/00013_00042_00026.png
client_0,18104,58,59,6,6,53,54,11,Train/11/00011_00035_00014.png
client_0,551,45,47,6,6,40,42,0,Train/0/00000_00006_00011.png
client_0,17438,45,43,6,5,40,37,11,Train/11/00011_00013_00008.png
client_0,34145,33,33,6,6,28,28,34,Train/34/00034_00012_00006.png
client_0,6359,48,52,5,5,43,47,3,Train/3/00003_00043_00029.png
client_0,6398,34,33,6,5,29,28,3,Train/3/00003_00045_00008.png
client_0,20816,63,84,5,7,58,77,13,Train/13/00013_00011_00026.png
client_0,25588,31,29,6,5,26,23,18,Train/18/00018_00000_00028.png
client_0,27066,36,36,6,6,31,31,21,Train/21/00021_00003_00006.png
client_0,15696,40,41,5,6,35,36,10,Train/10/00010_00022_00006.png
client_0,10192,50,51,6,6,45,46,5,Train/5/00005_00058_00022.png
client_0,38455,93,95,9,9,85,86,40,Train/40/00040_00002_00026.png
client_0,15723,36,36,6,5,31,31,10,Train/10/00010_00023_00003.png
client_0,34097,41,47,6,5,36,42,34,Train/34/00034_00010_00018.png
client_0,24530,33,44,6,5,28,39,17,Train/17/00017_00002_00020.png
client_0,25584,30,29,5,6,25,24,18,Train/18/00018_00000_00024.png
client_0,24645,40,42,6,6,35,37,17,Train/17/00017_00006_00015.png
client_0,15149,50,52,5,6,45,47,10,Train/10/00010_00003_00029.png
client_0,2449,45,45,5,5,40,40,1,Train/1/00001_00062_00019.png
client_0,13061,30,31,5,6,24,25,8,Train/8/00008_00030_00011.png
client_0,17243,53,47,6,5,48,41,11,Train/11/00011_00006_00023.png
client_0,22142,48,44,5,5,42,39,13,Train/13/00013_00056_00002.png
client_0,21615,56,51,5,5,51,46,13,Train/13/00013_00038_00015.png
client_0,16482,36,37,5,6,31,32,10,Train/10/00010_00048_00012.png
client_0,16280,44,43,5,5,39,38,10,Train/10/00010_00041_00020.png
client_0,26454,87,77,8,7,80,71,18,Train/18/00018_00029_00024.png
client_0,18185,51,46,5,5,46,40,11,Train/11/00011_00038_00005.png
client_0,13203,32,32,6,6,27,27,8,Train/8/00008_00035_00003.png
client_0,13232,32,32,5,5,27,27,8,Train/8/00008_00036_00002.png
client_0,6658,116,118,10,10,106,108,4,Train/4/00004_00006_00028.png
client_0,29236,51,44,6,5,46,39,25,Train/25/00025_00025_00016.png
client_0,25165,47,50,5,6,42,45,17,Train/17/00017_00023_00025.png
client_0,8938,100,100,8,8,92,92,5,Train/5/00005_00016_00028.png
client_0,20783,71,69,6,6,65,63,13,Train/13/00013_00010_00023.png
client_0,26309,124,127,10,11,114,116,18,Train/18/00018_00024_00029.png
client_0,426,30,30,5,5,25,25,0,Train/0/00000_00002_00006.png
client_0,1343,49,49,5,6,43,44,1,Train/1/00001_00025_00023.png
client_0,22238,93,85,8,7,85,78,13,Train/13/00013_00059_00008.png
client_0,21053,82,72,8,7,74,65,13,Train/13/00013_00019_00023.png
client_0,16207,31,31,6,6,26,26,10,Train/10/00010_00039_00007.png
client_0,32598,87,80,7,7,80,72,31,Train/31/00031_00017_00018.png
client_0,17228,32,29,5,5,26,24,11,Train/11/00011_00006_00008.png
client_0,26381,44,39,6,6,39,34,18,Train/18/00018_00027_00011.png
client_0,25358,47,48,6,5,42,43,17,Train/17/00017_00030_00008.png
client_0,26979,45,42,6,5,39,36,21,Train/21/00021_00000_00009.png
client_0,21263,57,82,5,7,52,75,13,Train/13/00013_00026_00023.png
client_0,4771,35,39,6,6,30,34,2,Train/2/00002_00066_00001.png
client_0,8275,52,55,6,6,47,50,4,Train/4/00004_00060_00025.png
client_0,24568,56,57,6,6,50,51,17,Train/17/00017_00003_00028.png
client_0,33992,28,28,5,5,23,23,34,Train/34/00034_00007_00003.png
client_0,17495,30,30,6,6,25,25,11,Train/11/00011_00015_00005.png
client_0,9886,43,42,6,5,38,37,5,Train/5/00005_00048_00016.png
client_0,38175,42,42,6,6,37,37,39,Train/39/00039_00003_00016.png
client_0,24771,43,43,6,5,37,37,17,Train/17/00017_00010_00021.png
client_0,27279,32,32,5,5,27,27,21,Train/21/00021_00010_00009.png
client_0,38390,52,52,6,6,47,47,40,Train/40/00040_00000_00021.png
client_0,35325,45,50,5,5,39,45,35,Train/35/00035_00037_00016.png
client_0,20766,37,36,5,5,31,31,13,Train/13/00013_00010_00006.png
client_0,21804,73,67,6,6,67,61,13,Train/13/00013_00044_00024.png
client_0,20324,57,58,6,5,52,53,12,Train/12/00012_00065_00014.png
client_0,31969,56,56,6,6,50,51,30,Train/30/00030_00011_00019.png
client_0,16200,28,28,5,5,23,23,10,Train/10/00010_00039_00000.png
client_0,17274,75,70,6,7,69,64,11,Train/11/00011_00007_00024.png
client_0,17357,73,64,7,5,67,59,11,Train/11/00011_00010_00017.png
client_0,23251,31,31,6,6,26,26,14,Train/14/00014_00021_00001.png
client_0,34133,83,83,8,8,76,76,34,Train/34/00034_00011_00024.png
client_0,35417,52,51,6,5,46,46,36,Train/36/00036_00000_00018.png
client_0,30775,62,60,6,6,57,55,27,Train/27/00027_00006_00025.png
client_0,21217,37,36,5,6,32,31,13,Train/13/00013_00025_00007.png
client_0,19988,35,37,5,5,30,31,12,Train/12/00012_00054_00008.png
client_0,7808,36,36,6,5,31,31,4,Train/4/00004_00045_00008.png
client_0,29023,42,39,6,6,37,34,25,Train/25/00025_00018_00013.png
client_0,15582,39,38,6,5,34,33,10,Train/10/00010_00018_00012.png
client_0,24323,42,46,5,5,37,41,16,Train/16/00016_00009_00023.png
client_0,21157,31,36,6,5,26,31,13,Train/13/00013_00023_00007.png
client_0,21712,72,63,6,5,66,58,13,Train/13/00013_00041_00022.png
client_0,3098,31,31,5,6,26,26,2,Train/2/00002_00010_00008.png
client_0,17992,87,81,7,8,79,74,11,Train/11/00011_00031_00022.png
client_0,13054,28,27,6,5,23,22,8,Train/8/00008_00030_00004.png
client_0,22273,50,45,5,5,45,40,13,Train/13/00013_00060_00013.png
client_0,12478,72,71,7,6,66,65,8,Train/8/00008_00010_00028.png
client_0,15749,57,59,5,6,52,54,10,Train/10/00010_00023_00029.png
client_0,35944,41,43,5,5,36,38,37,Train/37/00037_00005_00005.png
client_0,29535,41,39,6,5,36,33,25,Train/25/00025_00035_00015.png
client_0,17470,39,39,5,6,33,33,11,Train/11/00011_00014_00010.png
client_0,22530,33,32,6,5,28,27,13,Train/13/00013_00069_00000.png
client_0,5425,59,59,6,6,54,54,3,Train/3/00003_00012_00025.png
client_0,13051,27,26,6,5,21,20,8,Train/8/00008_00030_00001.png
client_0,35898,44,45,5,6,39,40,37,Train/37/00037_00003_00019.png
client_0,35908,80,75,7,7,72,69,37,Train/37/00037_00003_00029.png
client_0,25440,27,29,6,6,22,24,17,Train/17/00017_00033_00000.png
client_0,17840,112,96,10,8,103,88,11,Train/11/00011_00026_00020.png
client_0,27063,31,32,5,6,26,27,21,Train/21/00021_00003_00003.png
client_0,22041,56,50,5,5,51,45,13,Train/13/00013_00052_00021.png
client_0,7163,39,40,6,6,34,35,4,Train/4/00004_00023_00023.png
client_0,559,60,64,5,6,55,59,0,Train/0/00000_00006_00019.png
client_0,31466,93,86,8,8,85,79,29,Train/29/00029_00003_00026.png
client_0,12423,34,33,6,5,28,27,8,Train/8/00008_00009_00003.png
client_0,7769,129,128,11,12,118,117,4,Train/4/00004_00043_00029.png
client_0,19089,51,50,6,5,46,45,12,Train/12/00012_00024_00009.png
client_0,39156,33,32,6,5,28,27,42,Train/42/00042_00006_00007.png
client_0,12369,35,36,5,5,30,30,8,Train/8/00008_00007_00009.png
client_0,26435,37,33,6,5,31,28,18,Train/18/00018_00029_00005.png
client_0,10190,45,46,5,5,39,40,5,Train/5/00005_00058_00020.png
client_0,29720,77,72,7,6,70,65,25,Train/25/00025_00041_00020.png
client_0,29327,75,71,7,7,69,65,25,Train/25/00025_00028_00017.png
client_0,17878,130,110,11,9,119,101,11,Train/11/00011_00027_00028.png
client_0,10070,40,39,5,5,35,34,5,Train/5/00005_00054_00020.png
client_0,15967,32,33,6,6,27,28,10,Train/10/00010_00031_00007.png
client_0,31245,50,48,5,6,45,43,28,Train/28/00028_00014_00015.png
client_0,9363,27,29,6,6,22,24,5,Train/5/00005_00031_00003.png
client_0,18748,143,141,13,13,131,129,12,Train/12/00012_00012_00028.png
client_0,12407,42,43,5,6,37,38,8,Train/8/00008_00008_00017.png
client_0,12853,39,39,6,6,34,34,8,Train/8/00008_00023_00013.png
client_0,8308,60,63,5,6,55,58,4,Train/4/00004_00061_00028.png
client_0,25625,38,38,5,6,33,32,18,Train/18/00018_00002_00005.png
client_0,21931,31,28,6,6,26,23,13,Train/13/00013_00049_00001.png
client_0,22258,97,89,9,8,89,81,13,Train/13/00013_00059_00028.png
client_0,31380,36,34,5,6,31,29,29,Train/29/00029_00001_00000.png
client_0,38355,38,41,5,5,33,35,39,Train/39/00039_00009_00016.png
client_0,17649,41,38,5,5,36,33,11,Train/11/00011_00020_00009.png
client_0,34773,29,29,6,6,23,24,35,Train/35/00035_00019_00004.png
client_0,39163,37,37,6,6,32,32,42,Train/42/00042_00006_00014.png
client_0,22394,31,31,6,6,26,26,13,Train/13/00013_00064_00014.png
client_0,3733,37,39,6,6,31,33,2,Train/2/00002_00031_00013.png
client_0,25313,56,58,5,6,51,53,17,Train/17/00017_00028_00023.png
client_0,20821,36,34,5,6,31,29,13,Train/13/00013_00012_00001.png
client_0,25554,30,37,6,5,25,32,17,Train/17/00017_00036_00024.png
client_0,21840,32,39,6,6,27,34,13,Train/13/00013_00046_00000.png
client_0,18278,39,36,6,5,34,31,11,Train/11/00011_00041_00008.png
client_0,17522,39,38,5,6,33,33,11,Train/11/00011_00016_00002.png
client_0,13765,56,55,5,5,51,50,9,Train/9/00009_00006_00025.png
client_0,20725,64,92,6,8,59,84,13,Train/13/00013_00008_00025.png
client_0,9226,38,34,5,5,33,29,5,Train/5/00005_00026_00016.png
client_0,17828,55,51,6,5,50,46,11,Train/11/00011_00026_00008.png
client_0,27253,46,46,6,6,41,40,21,Train/21/00021_00009_00013.png
client_0,21151,28,32,6,5,22,26,13,Train/13/00013_00023_00001.png
client_0,24888,30,35,5,6,25,30,17,Train/17/00017_00014_00018.png
client_0,22506,59,51,6,6,54,46,13,Train/13/00013_00068_00006.png
client_0,22129,58,53,6,5,53,48,13,Train/13/00013_00055_00019.png
client_0,10056,31,31,5,6,26,26,5,Train/5/00005_00054_00006.png
client_0,17632,47,43,6,6,42,38,11,Train/11/00011_00019_00022.png
client_0,4465,61,64,5,5,55,59,2,Train/2/00002_00055_00025.png
client_0,25781,71,62,6,5,65,57,18,Train/18/00018_00007_00011.png
client_0,7254,53,55,6,5,48,50,4,Train/4/00004_00026_00024.png
client_0,38263,33,34,5,6,28,29,39,Train/39/00039_00006_00014.png
client_0,20509,57,55,6,6,51,50,13,Train/13/00013_00001_00019.png
client_0,6328,58,56,6,5,53,51,3,Train/3/00003_00042_00028.png
client_0,20637,97,98,8,8,89,90,13,Train/13/00013_00005_00027.png
client_0,12879,35,35,5,5,30,30,8,Train/8/00008_00024_00009.png
client_0,31232,37,36,5,5,32,31,28,Train/28/00028_00014_00002.png
client_0,21761,45,42,5,5,40,37,13,Train/13/00013_00043_00011.png
client_0,26243,101,101,9,9,93,93,18,Train/18/00018_00022_00023.png
client_0,17903,31,47,6,6,26,42,11,Train/11/00011_00028_00023.png
client_0,31303,45,47,5,5,40,42,28,Train/28/00028_00016_00013.png
client_0,24102,32,33,5,6,27,28,16,Train/16/00016_00002_00012.png
client_0,23940,87,101,8,9,80,93,15,Train/15/00015_00018_00000.png
client_0,3126,30,27,5,5,25,22,2,Train/2/00002_00011_00006.png
client_0,34156,37,39,6,6,32,34,34,Train/34/00034_00012_00017.png
client_0,5479,37,36,6,5,32,31,3,Train/3/00003_00014_00019.png
client_0,27106,41,37,6,5,36,32,21,Train/21/00021_00004_00016.png
client_0,6145,65,63,6,6,60,58,3,Train/3/00003_00036_00025.png
client_0,20642,28,26,6,5,23,21,13,Train/13/00013_00006_00002.png
client_0,7499,67,70,6,7,61,64,4,Train/4/00004_00034_00029.png
client_0,22444,34,33,5,6,29,28,13,Train/13/00013_00066_00004.png
client_0,15508,104,107,9,9,95,98,10,Train/10/00010_00015_00028.png
client_0,21251,40,49,5,6,35,44,13,Train/13/00013_00026_00011.png
client_0,18060,37,37,5,6,32,32,11,Train/11/00011_00034_00000.png
client_0,25873,89,81,8,8,82,74,18,Train/18/00018_00010_00013.png
client_0,9678,40,42,5,6,35,37,5,Train/5/00005_00041_00018.png
client_0,24747,56,61,5,5,50,55,17,Train/17/00017_00009_00027.png
client_0,24481,30,30,6,6,25,25,17,Train/17/00017_00001_00001.png
client_0,30306,46,41,6,5,41,36,26,Train/26/00026_00011_00006.png
client_0,535,71,65,7,5,64,59,0,Train/0/00000_00005_00025.png
client_0,7840,36,35,6,5,31,30,4,Train/4/00004_00046_00010.png
client_0,12824,39,38,6,6,34,33,8,Train/8/00008_00022_00014.png
client_0,21020,59,56,6,6,54,51,13,Train/13/00013_00018_00020.png
client_0,35988,63,68,5,6,58,62,37,Train/37/00037_00006_00019.png
client_0,402,36,36,6,6,31,31,0,Train/0/00000_00001_00012.png
client_0,8876,61,61,5,5,56,56,5,Train/5/00005_00014_00026.png
client_0,15536,51,52,5,6,46,47,10,Train/10/00010_00016_00026.png
client_0,9922,42,45,5,6,37,40,5,Train/5/00005_00049_00022.png
client_0,25128,53,52,6,5,48,47,17,Train/17/00017_00022_00018.png
client_0,2024,43,42,6,5,38,37,1,Train/1/00001_00048_00014.png
client_0,20823,38,34,6,5,33,29,13,Train/13/00013_00012_00003.png
client_0,15350,44,44,6,6,39,39,10,Train/10/00010_00010_00020.png
client_0,12605,34,31,6,6,28,26,8,Train/8/00008_00015_00005.png
client_0,35494,29,29,5,5,24,24,36,Train/36/00036_00003_00005.png
client_0,15080,53,49,5,6,47,43,10,Train/10/00010_00001_00020.png
client_0,21301,48,46,6,6,43,41,13,Train/13/00013_00028_00001.png
client_0,4973,44,47,6,5,38,41,2,Train/2/00002_00072_00023.png
client_0,10178,30,30,5,6,25,25,5,Train/5/00005_00058_00008.png
client_0,35204,42,45,5,6,37,40,35,Train/35/00035_00033_00015.png
client_0,15948,36,36,5,5,31,31,10,Train/10/00010_00030_00018.png
client_0,21138,62,72,6,7,59,66,13,Train/13/00013_00022_00018.png
client_0,17214,100,88,9,8,92,81,11,Train/11/00011_00005_00024.png
client_0,17846,143,123,12,10,131,113,11,Train/11/00011_00026_00026.png
client_0,16043,46,45,5,6,41,40,10,Train/10/00010_00033_00023.png
client_0,7540,37,37,5,5,32,32,4,Train/4/00004_00036_00010.png
client_0,21431,47,40,5,6,42,34,13,Train/13/00013_00032_00011.png
client_0,674,39,39,6,6,34,34,1,Train/1/00001_00003_00014.png
client_0,33983,38,41,6,6,33,36,34,Train/34/00034_00006_00024.png
client_0,13559,72,73,6,6,66,67,8,Train/8/00008_00046_00029.png
client_0,12431,36,37,5,6,31,32,8,Train/8/00008_00009_00011.png
client_0,30952,57,53,6,6,52,48,28,Train/28/00028_00004_00022.png
client_0,14414,53,53,5,5,48,48,9,Train/9/00009_00028_00014.png
client_0,28206,31,29,5,6,26,24,24,Train/24/00024_00000_00006.png
client_0,25300,40,41,6,6,35,36,17,Train/17/00017_00028_00010.png
client_0,8760,31,32,5,5,26,27,5,Train/5/00005_00011_00000.png
client_0,27207,112,101,10,9,103,93,21,Train/21/00021_00007_00027.png
client_0,13209,35,35,6,6,30,30,8,Train/8/00008_00035_00009.png
client_0,35143,35,35,6,6,29,30,35,Train/35/00035_00031_00014.png
client_0,22089,81,74,8,6,73,68,13,Train/13/00013_00054_00009.png
client_0,14517,40,43,5,6,35,37,9,Train/9/00009_00031_00027.png
client_0,38301,82,86,7,7,75,79,39,Train/39/00039_00007_00022.png
client_0,22282,79,73,7,6,72,67,13,Train/13/00013_00060_00022.png
client_0,24184,29,28,6,5,24,23,16,Train/16/00016_00005_00004.png
client_0,15734,40,39,6,5,35,34,10,Train/10/00010_00023_00014.png
client_0,21179,72,135,6,12,66,124,13,Train/13/00013_00023_00029.png
client_0,1390,36,36,5,5,31,31,1,Train/1/00001_00027_00010.png
client_0,35612,30,32,5,6,25,27,36,Train/36/00036_00007_00003.png
client_0,24536,36,50,6,6,30,44,17,Train/17/00017_00002_00026.png
client_0,4299,30,30,6,6,25,25,2,Train/2/00002_00050_00009.png
client_0,31078,164,142,14,12,150,130,28,Train/28/00028_00008_00028.png
client_0,9850,34,36,5,6,29,30,5,Train/5/00005_00047_00010.png
client_0,21505,48,45,5,5,42,40,13,Train/13/00013_00034_00025.png
client_0,7467,83,85,8,7,76,78,4,Train/4/00004_00033_00027.png
client_0,24261,42,42,6,5,37,36,16,Train/16/00016_00007_00021.png
client_0,25495,52,55,5,5,47,50,17,Train/17/00017_00034_00025.png
client_0,20741,38,39,5,6,33,33,13,Train/13/00013_00009_00011.png
client_0,18963,31,31,6,6,26,26,12,Train/12/00012_00020_00003.png
client_0,17217,137,122,12,11,125,112,11,Train/11/00011_00005_00027.png
client_0,26928,51,47,5,6,46,42,19,Train/19/00019_00005_00018.png
client_0,16809,36,37,5,6,31,32,10,Train/10/00010_00059_00009.png
client_0,12157,40,39,6,5,35,34,8,Train/8/00008_00000_00007.png
client_0,17077,59,56,5,5,53,51,11,Train/11/00011_00001_00007.png
client_0,22354,32,31,5,6,27,26,13,Train/13/00013_00063_00004.png
client_0,24983,63,64,6,5,58,59,17,Train/17/00017_00017_00023.png
client_0,24531,33,46,5,5,28,41,17,Train/17/00017_00002_00021.png
client_0,21950,60,55,5,6,55,50,13,Train/13/00013_00049_00020.png
client_0,8621,41,41,6,6,36,36,5,Train/5/00005_00006_00011.png
client_0,1065,47,46,6,5,41,40,1,Train/1/00001_00016_00015.png
client_0,18330,33,35,5,5,28,30,11,Train/11/00011_00043_00000.png
client_0,21964,27,28,6,6,21,23,13,Train/13/00013_00050_00004.png
client_0,5262,33,34,5,5,28,29,3,Train/3/00003_00007_00012.png
client_0,10540,30,32,6,6,25,27,6,Train/6/00006_00008_00010.png
client_0,482,56,60,5,5,51,55,0,Train/0/00000_00004_00002.png
client_0,16584,75,76,6,7,69,70,10,Train/10/00010_00051_00024.png
client_0,18649,50,49,6,6,45,44,12,Train/12/00012_00009_00019.png
client_0,35476,56,54,6,5,50,49,36,Train/36/00036_00002_00017.png
client_0,17525,41,40,5,5,36,35,11,Train/11/00011_00016_00005.png
client_0,52,54,46,6,6,48,41,20,Train/20/00020_00001_00022.png
client_0,20515,86,84,7,8,79,77,13,Train/13/00013_00001_00025.png
client_0,31055,61,56,5,6,56,51,28,Train/28/00028_00008_00005.png
client_0,20024,44,44,6,6,39,39,12,Train/12/00012_00055_00014.png
client_0,20814,62,76,6,7,57,70,13,Train/13/00013_00011_00024.png
client_0,24736,41,46,5,6,36,41,17,Train/17/00017_00009_00016.png
client_0,34305,33,32,6,5,28,27,35,Train/35/00035_00003_00016.png
client_0,15045,44,46,5,6,39,41,10,Train/10/00010_00000_00015.png
client_0,19129,51,57,5,6,46,52,12,Train/12/00012_00025_00019.png
client_0,20519,131,118,12,10,120,108,13,Train/13/00013_00001_00029.png
client_0,17810,54,50,5,5,49,45,11,Train/11/00011_00025_00020.png
client_0,24767,38,38,6,6,33,33,17,Train/17/00017_00010_00017.png
client_0,8083,49,49,6,5,44,44,4,Train/4/00004_00054_00013.png
client_0,25412,27,28,6,6,22,23,17,Train/17/00017_00032_00002.png
client_0,8789,111,129,9,11,102,118,5,Train/5/00005_00011_00029.png
client_0,17562,39,36,5,5,34,31,11,Train/11/00011_00017_00012.png
client_0,18301,32,32,6,6,27,27,11,Train/11/00011_00042_00001.png
client_0,18500,33,27,6,5,28,22,12,Train/12/00012_00004_00020.png
client_0,14435,31,32,6,6,26,27,9,Train/9/00009_00029_00005.png
client_0,8234,42,42,6,6,37,37,4,Train/4/00004_00059_00014.png
client_0,201,52,46,5,5,47,40,20,Train/20/00020_00006_00021.png
client_0,21013,45,44,6,5,40,39,13,Train/13/00013_00018_00013.png
client_0,38153,82,86,8,8,75,79,39,Train/39/00039_00002_00024.png
client_0,24707,29,31,5,5,24,26,17,Train/17/00017_00008_00017.png
client_0,20820,34,32,5,6,29,27,13,Train/13/00013_00012_00000.png
client_0,8856,33,33,6,6,28,28,5,Train/5/00005_00014_00006.png
client_0,24457,25,32,5,5,20,27,17,Train/17/00017_00000_00007.png
client_0,39164,37,37,5,5,32,32,42,Train/42/00042_00006_00015.png
client_0,25192,55,59,5,6,49,53,17,Train/17/00017_00024_00022.png
client_0,18597,83,83,7,8,76,76,12,Train/12/00012_00007_00027.png
client_0,21797,55,49,6,5,50,44,13,Train/13/00013_00044_00017.png
client_0,13074,43,41,6,5,38,36,8,Train/8/00008_00030_00024.png
client_0,23390,48,49,5,5,42,43,14,Train/14/00014_00025_00020.png
client_0,4734,52,52,5,6,47,47,2,Train/2/00002_00064_00024.png
client_0,9463,34,37,6,6,29,32,5,Train/5/00005_00034_00013.png
client_0,18889,58,57,6,5,53,52,12,Train/12/00012_00017_00019.png
client_0,8223,30,31,5,5,25,26,4,Train/4/00004_00059_00003.png
client_0,15349,42,42,6,6,37,37,10,Train/10/00010_00010_00019.png
client_0,21120,47,44,6,5,42,39,13,Train/13/00013_00022_00000.png
client_0,21867,96,92,8,8,88,84,13,Train/13/00013_00046_00027.png
client_0,13002,34,31,6,6,28,25,8,Train/8/00008_00028_00012.png
client_0,12321,45,47,5,5,40,42,8,Train/8/00008_00005_00021.png
client_0,7771,27,30,5,6,22,24,4,Train/4/00004_00044_00001.png
client_0,22499,129,119,11,10,118,109,13,Train/13/00013_00067_00029.png
client_0,20528,42,39,6,5,37,33,13,Train/13/00013_00002_00008.png
client_0,17691,58,50,5,6,53,45,11,Train/11/00011_00021_00021.png
client_0,25004,34,36,5,6,29,31,17,Train/17/00017_00018_00014.png
client_0,13994,45,45,6,6,40,40,9,Train/9/00009_00014_00014.png
client_0,9428,31,32,6,5,25,26,5,Train/5/00005_00033_00008.png
client_0,25649,97,91,8,8,89,83,18,Train/18/00018_00002_00029.png
client_0,16296,37,36,6,5,31,31,10,Train/10/00010_00042_00006.png
client_0,12652,45,45,5,5,40,40,8,Train/8/00008_00016_00022.png
client_0,30090,35,31,6,5,30,26,26,Train/26/00026_00004_00000.png
client_0,28839,60,57,5,6,55,52,25,Train/25/00025_00012_00009.png
client_0,14018,43,43,5,5,38,38,9,Train/9/00009_00015_00008.png
client_0,6443,47,47,5,6,42,42,3,Train/3/00003_00046_00023.png
client_0,21109,52,47,5,5,46,41,13,Train/13/00013_00021_00019.png
client_0,8963,63,63,5,5,58,58,5,Train/5/00005_00017_00023.png
client_0,18145,93,89,8,7,85,81,11,Train/11/00011_00036_00025.png
client_0,7323,31,31,5,5,26,26,4,Train/4/00004_00029_00003.png
client_0,13752,32,32,6,6,27,27,9,Train/9/00009_00006_00012.png
client_0,21633,33,30,5,5,28,25,13,Train/13/00013_00039_00003.png
client_0,29142,54,51,5,6,49,46,25,Train/25/00025_00022_00012.png
client_0,485,59,63,5,5,54,58,0,Train/0/00000_00004_00005.png
client_0,35161,29,28,6,5,24,23,35,Train/35/00035_00032_00002.png
client_0,18348,43,43,5,5,38,37,11,Train/11/00011_00043_00018.png
client_0,9468,36,38,5,5,31,33,5,Train/5/00005_00034_00018.png
client_0,10069,40,38,6,5,35,33,5,Train/5/00005_00054_00019.png
client_0,25099,46,42,5,5,41,37,17,Train/17/00017_00021_00019.png
client_0,22390,31,30,6,5,26,25,13,Train/13/00013_00064_00010.png
client_0,21110,55,51,6,6,49,45,13,Train/13/00013_00021_00020.png
client_0,21683,72,61,7,5,66,56,13,Train/13/00013_00040_00023.png
client_0,7272,36,36,5,5,31,31,4,Train/4/00004_00027_00012.png
client_0,5858,30,32,6,6,25,27,3,Train/3/00003_00027_00008.png
client_0,38265,34,35,5,6,29,30,39,Train/39/00039_00006_00016.png
client_0,25714,82,75,7,6,75,69,18,Train/18/00018_00005_00004.png
client_0,12580,37,39,5,6,32,34,8,Train/8/00008_00014_00010.png
client_0,25660,54,51,6,6,48,45,18,Train/18/00018_00003_00010.png
client_0,12085,73,75,6,6,67,69,7,Train/7/00007_00045_00025.png
client_0,12892,46,47,5,6,41,42,8,Train/8/00008_00024_00022.png
client_0,27028,106,84,9,7,97,77,21,Train/21/00021_00001_00028.png
client_0,6367,31,31,6,5,26,26,3,Train/3/00003_00044_00007.png
client_0,34033,40,41,6,6,35,36,34,Train/34/00034_00008_00014.png
client_0,24567,51,52,6,5,46,46,17,Train/17/00017_00003_00027.png
client_0,9337,32,32,6,5,27,27,5,Train/5/00005_00030_00007.png
client_0,21155,28,36,5,6,23,30,13,Train/13/00013_00023_00005.png
client_0,16660,37,37,5,5,32,32,10,Train/10/00010_00054_00010.png
client_0,5938,70,72,6,7,64,65,3,Train/3/00003_00029_00028.png
client_0,30462,38,37,5,6,33,32,26,Train/26/00026_00016_00012.png
client_0,33238,93,96,9,9,85,88,33,Train/33/00033_00004_00028.png
client_0,7337,46,46,5,5,41,41,4,Train/4/00004_00029_00017.png
client_0,16278,39,40,5,6,34,35,10,Train/10/00010_00041_00018.png
client_0,21870,58,52,6,6,53,47,13,Train/13/00013_00047_00000.png
client_0,20490,26,29,5,6,20,24,13,Train/13/00013_00001_00000.png
client_0,17568,48,45,6,5,43,40,11,Train/11/00011_00017_00018.png
client_0,9483,28,28,5,5,23,23,5,Train/5/00005_00035_00003.png
client_0,28720,89,83,8,7,82,76,25,Train/25/00025_00008_00010.png
client_0,25061,34,33,6,6,29,28,17,Train/17/00017_00020_00011.png
client_0,27271,29,29,6,6,24,24,21,Train/21/00021_00010_00001.png
client_0,20919,74,70,6,7,67,64,13,Train/13/00013_00015_00009.png
client_0,17540,72,65,6,6,66,60,11,Train/11/00011_00016_00020.png
client_0,25603,57,54,6,6,52,49,18,Train/18/00018_00001_00013.png
client_0,20983,58,53,5,5,53,48,13,Train/13/00013_00017_00013.png
client_0,30571,46,43,6,5,41,38,27,Train/27/00027_00000_00001.png
client_0,15231,48,47,6,5,43,42,10,Train/10/00010_00006_00021.png
client_0,25031,41,42,5,6,36,37,17,Train/17/00017_00019_00011.png
client_0,21069,48,43,6,5,42,38,13,Train/13/00013_00020_00009.png
client_0,21953,75,69,7,6,69,62,13,Train/13/00013_00049_00023.png
client_0,5494,30,30,5,5,25,25,3,Train/3/00003_00015_00004.png
client_0,20627,46,44,5,5,41,39,13,Train/13/00013_00005_00017.png
client_0,38294,69,73,6,7,63,66,39,Train/39/00039_00007_00015.png
client_0,7608,46,45,6,5,41,40,4,Train/4/00004_00038_00018.png
client_0,885,39,39,6,5,34,33,1,Train/1/00001_00010_00015.png
client_0,38232,43,43,6,6,38,38,39,Train/39/00039_00005_00013.png
client_0,12646,38,40,5,6,33,35,8,Train/8/00008_00016_00016.png
client_0,20730,29,28,6,5,24,23,13,Train/13/00013_00009_00000.png
client_0,21099,36,33,6,6,31,28,13,Train/13/00013_00021_00009.png
client_0,15423,36,36,5,5,31,31,10,Train/10/00010_00013_00003.png
client_0,25233,28,29,5,6,23,24,17,Train/17/00017_00026_00003.png
client_0,6260,37,38,6,6,32,33,3,Train/3/00003_00040_00020.png
client_0,118,106,99,10,9,97,91,20,Train/20/00020_00003_00028.png
client_0,18160,36,39,5,6,31,33,11,Train/11/00011_00037_00010.png
client_0,31259,96,86,8,7,87,78,28,Train/28/00028_00014_00029.png
client_0,16711,30,30,5,5,25,25,10,Train/10/00010_00056_00001.png
client_0,17861,55,49,5,6,50,44,11,Train/11/00011_00027_00011.png
client_0,6689,54,54,6,5,49,49,4,Train/4/00004_00007_00029.png
client_0,23774,41,47,6,6,35,41,15,Train/15/00015_00012_00014.png
client_0,25052,29,28,6,6,24,23,17,Train/17/00017_00020_00002.png
client_0,20605,83,72,7,7,76,66,13,Train/13/00013_00004_00025.png
client_0,31438,84,79,7,7,77,72,29,Train/29/00029_00002_00028.png
client_0,15401,36,36,5,5,31,31,10,Train/10/00010_00012_00011.png
client_0,21078,63,59,6,6,57,53,13,Train/13/00013_00020_00018.png
client_0,31107,93,82,8,8,85,75,28,Train/28/00028_00009_00027.png
client_0,34316,45,51,5,6,39,46,35,Train/35/00035_00003_00027.png
client_0,22427,53,48,6,6,48,43,13,Train/13/00013_00065_00017.png
client_0,3870,28,30,5,6,23,25,2,Train/2/00002_00036_00000.png
client_0,12442,45,46,5,6,40,41,8,Train/8/00008_00009_00022.png
client_0,21191,47,43,6,5,42,38,13,Train/13/00013_00024_00011.png
client_0,26273,72,68,7,7,66,62,18,Train/18/00018_00023_00023.png
client_0,25760,71,63,7,5,65,58,18,Train/18/00018_00006_00020.png
client_0,31739,168,148,15,13,154,136,30,Train/30/00030_00003_00029.png
client_0,5283,29,29,6,5,24,24,3,Train/3/00003_00008_00003.png
client_0,5535,39,42,5,6,34,37,3,Train/3/00003_00016_00015.png
client_0,35288,30,31,5,5,25,26,35,Train/35/00035_00036_00009.png
client_0,16299,37,39,6,6,32,33,10,Train/10/00010_00042_00009.png
client_0,16071,50,47,5,5,45,42,10,Train/10/00010_00034_00021.png
client_0,10264,28,28,6,5,23,23,5,Train/5/00005_00061_00004.png
client_0,15882,33,33,5,5,28,28,10,Train/10/00010_00028_00012.png
client_0,31847,62,57,6,5,57,52,30,Train/30/00030_00007_00017.png
client_0,34830,28,28,6,5,23,23,35,Train/35/00035_00021_00001.png
client_0,9174,49,49,6,6,44,44,5,Train/5/00005_00024_00024.png
client_0,17653,47,44,5,5,42,38,11,Train/11/00011_00020_00013.png
client_0,35227,35,38,6,6,30,32,35,Train/35/00035_00034_00008.png
client_0,21303,47,46,5,6,42,41,13,Train/13/00013_00028_00003.png
client_0,33993,29,30,5,6,24,25,34,Train/34/00034_00007_00004.png
client_0,26612,31,27,6,5,26,22,18,Train/18/00018_00035_00002.png
client_0,21443,90,68,8,6,82,61,13,Train/13/00013_00032_00023.png
client_0,6620,79,78,7,7,72,71,4,Train/4/00004_00005_00020.png
client_0,30914,47,43,5,5,42,38,28,Train/28/00028_00003_00014.png
client_0,9973,40,40,6,6,35,35,5,Train/5/00005_00051_00013.png
client_0,5268,39,41,5,6,34,36,3,Train/3/00003_00007_00018.png
client_0,21667,38,36,6,6,33,31,13,Train/13/00013_00040_00007.png
client_0,6106,41,42,5,6,35,37,3,Train/3/00003_00035_00016.png
client_0,20618,32,33,5,5,27,28,13,Train/13/00013_00005_00008.png
client_0,35632,37,39,5,5,32,34,36,Train/36/00036_00007_00023.png
client_0,15785,31,31,6,5,26,26,10,Train/10/00010_00025_00005.png
client_0,9385,49,52,5,6,44,47,5,Train/5/00005_00031_00025.png
client_0,25113,36,37,6,6,31,32,17,Train/17/00017_00022_00003.png
client_0,16396,47,49,6,6,42,44,10,Train/10/00010_00045_00016.png
client_0,15852,37,39,5,5,32,34,10,Train/10/00010_00027_00012.png
client_0,16089,34,33,5,6,28,27,10,Train/10/00010_00035_00009.png
client_0,11576,45,50,5,6,40,45,7,Train/7/00007_00028_00026.png
client_0,27698,30,30,5,6,25,25,23,Train/23/00023_00000_00008.png
client_0,16579,56,58,5,5,51,53,10,Train/10/00010_00051_00019.png
client_0,21727,40,37,5,6,35,32,13,Train/13/00013_00042_00007.png
client_0,26037,110,104,9,9,101,95,18,Train/18/00018_00015_00027.png
client_0,4981,28,28,6,6,23,23,2,Train/2/00002_00073_00001.png
client_0,15675,47,47,5,5,42,42,10,Train/10/00010_00021_00015.png
client_0,22352,31,30,6,6,26,25,13,Train/13/00013_00063_00002.png
client_0,15373,44,43,6,5,39,38,10,Train/10/00010_00011_00013.png
client_0,26419,57,58,6,5,52,53,18,Train/18/00018_00028_00019.png
client_0,21878,68,59,7,5,62,54,13,Train/13/00013_00047_00008.png
client_0,21537,146,142,13,12,134,130,13,Train/13/00013_00035_00027.png
client_0,21080,70,64,6,6,64,59,13,Train/13/00013_00020_00020.png
client_0,29948,46,43,6,6,40,38,25,Train/25/00025_00049_00008.png
client_0,16094,38,34,6,5,33,29,10,Train/10/00010_00035_00014.png
client_0,9907,31,33,5,6,26,28,5,Train/5/00005_00049_00007.png
client_0,8768,39,40,6,6,34,35,5,Train/5/00005_00011_00008.png
client_0,15716,55,57,5,5,50,52,10,Train/10/00010_00022_00026.png
client_0,18991,38,42,5,6,33,37,12,Train/12/00012_00021_00001.png
client_0,18599,99,97,9,8,91,89,12,Train/12/00012_00007_00029.png
client_0,9882,38,40,5,6,33,35,5,Train/5/00005_00048_00012.png
client_0,17550,27,26,6,6,22,21,11,Train/11/00011_00017_00000.png
client_0,7149,33,32,6,5,27,27,4,Train/4/00004_00023_00009.png
client_0,12195,38,39,5,5,33,34,8,Train/8/00008_00001_00015.png
client_0,21081,75,72,6,7,69,65,13,Train/13/00013_00020_00021.png
client_0,5748,46,46,6,6,41,41,3,Train/3/00003_00023_00018.png
client_0,10081,31,30,6,5,26,25,5,Train/5/00005_00055_00001.png
client_0,26393,82,72,8,7,74,66,18,Train/18/00018_00027_00023.png
client_0,509,107,110,9,10,97,101,0,Train/0/00000_00004_00029.png
client_0,34279,42,43,6,6,37,38,35,Train/35/00035_00002_00020.png
client_0,18152,33,34,6,5,28,29,11,Train/11/00011_00037_00002.png
client_0,20752,63,60,6,6,58,54,13,Train/13/00013_00009_00022.png
client_0,23475,40,51,5,6,34,45,15,Train/15/00015_00002_00015.png
client_0,17639,61,59,6,6,56,54,11,Train/11/00011_00019_00029.png
client_0,26594,45,40,6,6,40,35,18,Train/18/00018_00034_00014.png
client_0,10194,56,59,5,6,51,54,5,Train/5/00005_00058_00024.png
client_0,37318,64,84,6,7,59,77,38,Train/38/00038_00043_00029.png
client_0,17983,58,53,6,6,52,48,11,Train/11/00011_00031_00013.png
client_0,2858,29,29,6,6,24,24,2,Train/2/00002_00002_00008.png
client_0,22490,55,50,6,6,50,45,13,Train/13/00013_00067_00020.png
client_0,15909,33,32,6,5,28,27,10,Train/10/00010_00029_00009.png
client_0,16518,41,40,6,5,36,35,10,Train/10/00010_00049_00018.png
client_0,28425,53,50,5,6,48,45,24,Train/24/00024_00007_00015.png
client_0,25043,59,62,5,5,54,57,17,Train/17/00017_00019_00023.png
client_0,12415,53,53,6,6,48,48,8,Train/8/00008_00008_00025.png
client_0,8510,38,38,6,5,33,33,5,Train/5/00005_00002_00020.png
client_0,38292,64,69,5,7,59,63,39,Train/39/00039_00007_00013.png
client_0,35436,35,33,5,6,29,28,36,Train/36/00036_00001_00007.png
client_0,23601,50,50,6,6,45,45,15,Train/15/00015_00006_00021.png
client_0,22443,34,34,5,6,29,29,13,Train/13/00013_00066_00003.png
client_0,26804,45,41,6,6,40,36,19,Train/19/00019_00001_00014.png
client_0,39112,58,56,6,6,52,51,42,Train/42/00042_00004_00023.png
client_0,16618,82,80,8,7,75,73,10,Train/10/00010_00052_00028.png
client_0,8918,37,36,6,5,32,31,5,Train/5/00005_00016_00008.png
client_0,17857,54,47,6,5,49,42,11,Train/11/00011_00027_00007.png
client_0,16331,31,32,5,5,26,27,10,Train/10/00010_00043_00011.png
client_0,9535,57,55,6,5,52,50,5,Train/5/00005_00036_00025.png
client_0,17089,88,83,7,7,80,76,11,Train/11/00011_00001_00019.png
client_0,13185,45,47,5,5,40,42,8,Train/8/00008_00034_00015.png
client_0,25939,40,41,6,5,35,36,18,Train/18/00018_00012_00019.png
client_0,17915,56,49,6,5,50,44,11,Train/11/00011_00029_00005.png
client_0,8898,53,53,6,6,48,48,5,Train/5/00005_00015_00018.png
client_0,23781,43,49,5,6,38,44,15,Train/15/00015_00012_00021.png
client_0,25006,36,40,6,6,31,35,17,Train/17/00017_00018_00016.png
client_0,21288,35,34,6,5,30,29,13,Train/13/00013_00027_00018.png
client_0,27919,53,49,5,6,48,44,23,Train/23/00023_00007_00019.png
client_0,22459,49,46,6,6,44,41,13,Train/13/00013_00066_00019.png
client_0,25021,32,34,5,5,27,29,17,Train/17/00017_00019_00001.png
client_0,9682,49,51,6,5,44,46,5,Train/5/00005_00041_00022.png
client_0,27152,34,33,5,6,29,28,21,Train/21/00021_00006_00002.png
client_0,21803,72,60,7,5,66,55,13,Train/13/00013_00044_00023.png
client_0,15540,29,29,6,6,24,24,10,Train/10/00010_00017_00000.png
client_0,29299,62,58,5,6,57,53,25,Train/25/00025_00027_00019.png
client_0,8541,41,41,6,6,36,36,5,Train/5/00005_00003_00021.png
client_0,12418,58,59,5,6,53,54,8,Train/8/00008_00008_00028.png
client_0,7127,37,39,5,6,32,34,4,Train/4/00004_00022_00017.png
client_0,1369,80,81,7,8,73,73,1,Train/1/00001_00026_00019.png
client_0,25695,104,92,10,8,95,83,18,Train/18/00018_00004_00015.png
client_0,15060,29,27,5,6,23,21,10,Train/10/00010_00001_00000.png
client_0,15047,45,46,5,5,40,41,10,Train/10/00010_00000_00017.png
client_0,13766,60,59,6,6,55,54,9,Train/9/00009_00006_00026.png
client_0,14554,31,29,6,6,26,24,9,Train/9/00009_00033_00004.png
client_0,1824,65,67,6,6,60,61,1,Train/1/00001_00041_00024.png
client_0,31956,35,35,6,6,30,30,30,Train/30/00030_00011_00006.png
client_0,7571,37,36,6,5,32,31,4,Train/4/00004_00037_00011.png
client_0,35840,61,60,6,5,56,55,37,Train/37/00037_00001_00021.png
client_0,12670,36,35,6,6,31,30,8,Train/8/00008_00017_00010.png
client_0,5638,47,45,5,5,42,40,3,Train/3/00003_00019_00028.png
client_0,9027,70,67,7,6,64,61,5,Train/5/00005_00019_00027.png
client_0,27155,35,33,6,5,30,28,21,Train/21/00021_00006_00005.png
client_0,21486,36,35,6,6,31,29,13,Train/13/00013_00034_00006.png
client_0,21391,29,27,5,5,24,22,13,Train/13/00013_00031_00001.png
client_0,18334,35,37,5,5,30,32,11,Train/11/00011_00043_00004.png
client_0,20228,40,39,6,5,35,34,12,Train/12/00012_00062_00008.png
client_0,28066,39,38,6,6,33,33,23,Train/23/00023_00012_00016.png
client_0,35234,37,39,5,5,32,34,35,Train/35/00035_00034_00015.png
client_0,12269,71,71,7,6,65,65,8,Train/8/00008_00003_00029.png
client_0,14204,43,45,6,6,38,40,9,Train/9/00009_00021_00014.png
client_0,39002,29,29,5,5,24,24,42,Train/42/00042_00001_00003.png
client_0,328,88,77,7,7,80,71,20,Train/20/00020_00010_00028.png
client_0,8509,37,37,6,5,32,32,5,Train/5/00005_00002_00019.png
client_0,5474,35,35,6,6,30,30,3,Train/3/00003_00014_00014.png
client_0,13419,37,37,6,6,32,32,8,Train/8/00008_00042_00009.png
client_0,30989,115,106,10,9,105,97,28,Train/28/00028_00005_00029.png
client_0,20517,106,98,9,8,96,89,13,Train/13/00013_00001_00027.png
client_0,26603,63,58,5,5,57,53,18,Train/18/00018_00034_00023.png
client_0,20617,32,33,6,6,27,28,13,Train/13/00013_00005_00007.png
client_0,25572,29,27,6,5,24,22,18,Train/18/00018_00000_00012.png
client_0,38179,48,49,5,6,43,44,39,Train/39/00039_00003_00020.png
client_0,26510,48,46,6,6,43,40,18,Train/18/00018_00031_00020.png
client_0,35531,38,40,5,5,33,34,36,Train/36/00036_00004_00012.png
client_0,104,49,47,5,5,44,41,20,Train/20/00020_00003_00014.png
client_0,22442,34,33,5,5,29,28,13,Train/13/00013_00066_00002.png
client_0,27235,118,97,11,9,108,89,21,Train/21/00021_00008_00025.png
client_0,17315,46,44,5,6,41,38,11,Train/11/00011_00009_00005.png
client_0,30293,52,46,6,6,47,41,26,Train/26/00026_00010_00023.png
client_0,20534,45,44,6,5,40,39,13,Train/13/00013_00002_00014.png
client_0,25976,91,92,8,9,83,84,18,Train/18/00018_00013_00026.png
client_0,38132,49,53,6,5,43,47,39,Train/39/00039_00002_00003.png
client_0,5138,35,37,5,6,30,32,3,Train/3/00003_00003_00008.png
client_0,22076,115,105,10,10,105,96,13,Train/13/00013_00053_00026.png
client_0,38336,80,81,7,7,73,74,39,Train/39/00039_00008_00027.png
client_0,17346,54,50,5,5,49,45,11,Train/11/00011_00010_00006.png
client_0,8502,31,32,5,6,26,27,5,Train/5/00005_00002_00012.png
client_0,22163,63,58,6,5,58,52,13,Train/13/00013_00056_00023.png
client_0,30330,30,27,6,6,24,21,26,Train/26/00026_00012_00000.png
client_0,38215,91,93,8,8,83,85,39,Train/39/00039_00004_00026.png
client_0,3049,40,41,5,5,35,36,2,Train/2/00002_00008_00019.png
client_0,24464,28,31,6,6,23,26,17,Train/17/00017_00000_00014.png
client_0,35732,31,31,5,5,26,26,36,Train/36/00036_00011_00003.png
client_0,31445,46,39,6,5,41,34,29,Train/29/00029_00003_00005.png
client_0,123,30,31,5,6,25,26,20,Train/20/00020_00004_00003.png
client_0,27783,55,52,5,6,50,47,23,Train/23/00023_00003_00003.png
client_0,31898,50,46,6,5,45,41,30,Train/30/00030_00009_00008.png
client_0,16417,30,29,6,5,25,24,10,Train/10/00010_00046_00007.png
client_0,20819,71,100,6,9,65,92,13,Train/13/00013_00011_00029.png
client_0,35090,52,53,6,5,47,48,35,Train/35/00035_00029_00021.png
client_0,5682,35,38,5,6,30,33,3,Train/3/00003_00021_00012.png
client_0,29081,37,34,6,5,32,29,25,Train/25/00025_00020_00011.png
client_0,454,28,30,5,6,23,25,0,Train/0/00000_00003_00004.png
client_0,21032,50,45,5,5,45,40,13,Train/13/00013_00019_00002.png
client_0,9957,59,60,5,6,54,55,5,Train/5/00005_00050_00027.png
client_0,12907,30,31,5,6,25,26,8,Train/8/00008_00025_00007.png
client_0,25970,54,54,6,6,49,49,18,Train/18/00018_00013_00020.png
client_0,14266,36,39,5,6,31,34,9,Train/9/00009_00023_00016.png
client_0,35707,33,34,6,6,28,29,36,Train/36/00036_00010_00008.png
client_0,19200,28,27,6,5,23,22,12,Train/12/00012_00028_00000.png
client_0,35344,28,29,5,5,23,24,35,Train/35/00035_00038_00005.png
client_0,16697,41,42,5,6,36,37,10,Train/10/00010_00055_00017.png
client_0,9621,39,39,6,5,34,34,5,Train/5/00005_00039_00021.png
client_0,16346,54,59,5,6,49,54,10,Train/10/00010_00043_00026.png
client_0,35412,47,48,5,6,42,43,36,Train/36/00036_00000_00013.png
client_0,21328,50,47,5,5,45,42,13,Train/13/00013_00028_00028.png
client_0,15191,34,35,5,6,29,30,10,Train/10/00010_00005_00011.png
client_0,17564,40,38,5,5,35,33,11,Train/11/00011_00017_00014.png
client_0,26411,46,45,6,5,41,40,18,Train/18/00018_00028_00011.png
client_0,15857,44,47,6,6,39,42,10,Train/10/00010_00027_00017.png
client_0,21767,55,48,6,5,50,43,13,Train/13/00013_00043_00017.png
client_0,6037,30,32,6,6,25,27,3,Train/3/00003_00033_00007.png
client_0,34223,79,81,7,7,72,74,35,Train/35/00035_00000_00024.png
client_0,25569,31,27,6,5,25,22,18,Train/18/00018_00000_00009.png
client_0,9023,53,53,5,5,48,48,5,Train/5/00005_00019_00023.png
client_0,26925,46,41,6,5,41,36,19,Train/19/00019_00005_00015.png
client_0,17640,34,33,5,6,29,28,11,Train/11/00011_00020_00000.png
client_0,38443,43,45,5,6,38,39,40,Train/40/00040_00002_00014.png
client_0,22110,43,41,5,5,38,36,13,Train/13/00013_00055_00000.png
client_0,6292,99,99,8,8,91,91,3,Train/3/00003_00041_00022.png
client_0,5374,28,27,6,5,23,22,3,Train/3/00003_00011_00004.png
client_0,13319,47,48,6,6,42,43,8,Train/8/00008_00038_00029.png
client_0,5661,45,44,6,5,40,39,3,Train/3/00003_00020_00021.png
client_0,15173,48,47,6,5,43,42,10,Train/10/00010_00004_00023.png
client_0,38567,62,61,6,5,56,56,40,Train/40/00040_00006_00018.png
client_0,17435,42,41,6,6,37,36,11,Train/11/00011_00013_00005.png
client_0,24182,27,26,6,5,22,21,16,Train/16/00016_00005_00002.png
client_0,32011,34,30,6,6,29,25,30,Train/30/00030_00013_00001.png
client_0,22519,98,75,9,6,90,69,13,Train/13/00013_00068_00019.png
client_0,10524,37,39,6,5,32,34,6,Train/6/00006_00007_00024.png
client_0,24694,26,29,5,6,21,24,17,Train/17/00017_00008_00004.png
client_0,17439,46,44,6,6,41,39,11,Train/11/00011_00013_00009.png
client_0,13340,50,53,5,6,45,48,8,Train/8/00008_00039_00020.png
client_0,17865,70,62,6,6,64,57,11,Train/11/00011_00027_00015.png
client_0,8589,31,32,6,6,26,27,5,Train/5/00005_00005_00009.png
client_0,38296,73,75,6,6,66,69,39,Train/39/00039_00007_00017.png
client_0,13769,77,75,6,6,70,69,9,Train/9/00009_00006_00029.png
client_0,3087,133,124,12,10,122,114,2,Train/2/00002_00009_00027.png
client_0,6412,60,60,5,5,55,55,3,Train/3/00003_00045_00022.png
client_0,24442,70,70,6,7,63,64,16,Train/16/00016_00013_00022.png
client_0,10324,32,33,5,5,27,28,6,Train/6/00006_00001_00004.png
client_0,25906,44,41,5,5,39,36,18,Train/18/00018_00011_00016.png
client_0,17756,80,71,8,7,73,65,11,Train/11/00011_00023_00026.png
client_0,17582,44,42,5,5,39,37,11,Train/11/00011_00018_00002.png
client_0,17836,93,83,8,8,85,76,11,Train/11/00011_00026_00016.png
client_0,38413,46,44,6,5,40,39,40,Train/40/00040_00001_00014.png
client_0,17294,65,60,6,6,60,54,11,Train/11/00011_00008_00014.png
client_0,9742,47,46,6,5,42,41,5,Train/5/00005_00043_00022.png
client_0,35733,32,32,6,6,27,27,36,Train/36/00036_00011_00004.png
client_0,22179,85,76,7,6,78,70,13,Train/13/00013_00057_00009.png
client_0,28700,94,79,9,7,86,72,25,Train/25/00025_00007_00020.png
client_0,5735,30,31,5,6,25,26,3,Train/3/00003_00023_00005.png
client_0,17123,147,134,12,12,135,123,11,Train/11/00011_00002_00023.png
client_0,24207,46,47,6,5,41,42,16,Train/16/00016_00005_00027.png
client_0,15481,29,28,6,5,23,22,10,Train/10/00010_00015_00001.png
client_0,22234,92,84,8,8,83,77,13,Train/13/00013_00059_00004.png
client_0,3867,76,75,7,6,70,69,2,Train/2/00002_00035_00027.png
client_0,26199,32,32,5,5,27,26,18,Train/18/00018_00021_00009.png
client_0,6189,31,32,5,5,26,27,3,Train/3/00003_00038_00009.png
client_0,13260,31,30,6,5,26,25,8,Train/8/00008_00037_00000.png
client_0,6454,43,43,5,5,38,38,4,Train/4/00004_00000_00004.png
client_0,15153,27,28,5,5,22,22,10,Train/10/00010_00004_00003.png
client_0,31868,36,34,5,6,31,29,30,Train/30/00030_00008_00008.png
client_0,12538,83,84,7,8,76,77,8,Train/8/00008_00012_00028.png
client_0,21742,62,54,5,6,57,49,13,Train/13/00013_00042_00022.png
client_0,18144,91,86,8,7,83,79,11,Train/11/00011_00036_00024.png
client_0,16568,40,39,5,5,35,34,10,Train/10/00010_00051_00008.png
client_0,2577,111,110,10,10,102,101,1,Train/1/00001_00066_00027.png
client_0,22597,39,36,6,5,34,31,13,Train/13/00013_00071_00007.png
client_0,24641,37,37,6,6,31,32,17,Train/17/00017_00006_00011.png
client_0,26109,55,53,5,5,50,48,18,Train/18/00018_00018_00009.png
client_0,21386,92,83,9,7,84,76,13,Train/13/00013_00030_00026.png
client_0,30237,88,83,7,7,81,76,26,Train/26/00026_00008_00027.png
client_0,25503,26,26,5,5,21,21,17,Train/17/00017_00035_00003.png
client_0,23820,27,31,5,6,22,26,15,Train/15/00015_00014_00000.png
client_0,5396,79,79,7,7,72,72,3,Train/3/00003_00011_00026.png
client_0,21532,98,106,8,10,90,97,13,Train/13/00013_00035_00022.png
client_0,8607,47,50,6,6,42,45,5,Train/5/00005_00005_00027.png
client_0,21808,93,80,8,7,85,73,13,Train/13/00013_00044_00028.png
client_0,19587,107,106,10,9,98,97,12,Train/12/00012_00040_00027.png
client_0,14166,30,31,6,6,25,26,9,Train/9/00009_00020_00006.png
client_0,8506,35,35,5,5,30,30,5,Train/5/00005_00002_00016.png
client_0,15867,86,88,8,8,79,81,10,Train/10/00010_00027_00027.png
client_0,16197,59,61,6,6,54,56,10,Train/10/00010_00038_00027.png
client_0,9898,75,74,7,6,69,68,5,Train/5/00005_00048_00028.png
client_0,20023,42,42,5,5,37,37,12,Train/12/00012_00055_00013.png
client_0,11382,43,43,6,6,38,38,7,Train/7/00007_00022_00012.png
client_0,24765,37,36,6,5,32,31,17,Train/17/00017_00010_00015.png
client_0,13640,58,59,6,5,53,54,9,Train/9/00009_00002_00020.png
client_0,24577,45,49,6,5,40,43,17,Train/17/00017_00004_00007.png
client_0,33934,30,32,6,6,25,27,34,Train/34/00034_00005_00005.png
client_0,13361,35,35,5,5,30,30,8,Train/8/00008_00040_00011.png
client_0,19597,31,31,5,5,26,26,12,Train/12/00012_00041_00007.png
client_0,21562,55,54,5,5,50,49,13,Train/13/00013_00036_00022.png
client_0,14899,50,46,6,5,44,41,9,Train/9/00009_00044_00019.png
client_0,25050,26,27,5,5,21,22,17,Train/17/00017_00020_00000.png
client_0,20113,50,48,5,6,45,43,12,Train/12/00012_00058_00013.png
client_0,21250,39,49,5,6,34,43,13,Train/13/00013_00026_00010.png
client_0,10147,34,33,5,5,29,28,5,Train/5/00005_00057_00007.png
client_0,22075,110,100,9,9,101,92,13,Train/13/00013_00053_00025.png
client_0,12771,59,59,6,6,54,54,8,Train/8/00008_00020_00021.png
client_0,21083,88,81,8,8,81,74,13,Train/13/00013_00020_00023.png
client_0,31779,42,36,6,5,37,31,30,Train/30/00030_00005_00009.png
client_0,30165,44,42,5,6,38,36,26,Train/26/00026_00006_00015.png
client_0,13909,56,55,6,5,51,50,9,Train/9/00009_00011_00019.png
client_0,27395,42,39,5,5,37,34,22,Train/22/00022_00003_00005.png
client_0,18300,32,31,6,5,27,26,11,Train/11/00011_00042_00000.png
client_0,13174,32,34,5,6,27,29,8,Train/8/00008_00034_00004.png
client_0,17741,41,38,5,6,36,33,11,Train/11/00011_00023_00011.png
client_0,38275,41,41,5,5,36,36,39,Train/39/00039_00006_00026.png
client_0,13905,47,48,6,6,41,42,9,Train/9/00009_00011_00015.png
client_0,1711,28,28,6,5,23,23,1,Train/1/00001_00038_00001.png
client_0,31311,61,61,6,5,56,56,28,Train/28/00028_00016_00021.png
client_0,3708,45,40,5,5,39,34,2,Train/2/00002_00030_00018.png
client_0,5484,41,41,5,5,36,36,3,Train/3/00003_00014_00024.png
client_0,27755,40,36,6,6,35,31,23,Train/23/00023_00002_00005.png
client_0,31817,40,40,5,5,35,35,30,Train/30/00030_00006_00017.png
client_0,6205,73,74,6,6,67,68,3,Train/3/00003_00038_00025.png
client_0,9038,29,28,6,5,24,23,5,Train/5/00005_00020_00008.png
client_0,13529,105,107,10,9,96,98,8,Train/8/00008_00045_00029.png
client_0,16464,51,49,5,5,46,44,10,Train/10/00010_00047_00024.png
client_0,4800,33,33,5,5,28,28,2,Train/2/00002_00067_00000.png
client_0,15850,34,35,6,5,29,30,10,Train/10/00010_00027_00010.png
client_0,19909,43,45,5,6,38,40,12,Train/12/00012_00051_00019.png
client_0,15666,38,37,5,6,33,32,10,Train/10/00010_00021_00006.png
client_0,18203,92,81,9,8,84,74,11,Train/11/00011_00038_00023.png
client_0,17666,111,99,9,8,102,91,11,Train/11/00011_00020_00026.png
client_0,15452,30,30,5,5,25,25,10,Train/10/00010_00014_00002.png
client_0,2544,72,73,7,7,66,67,1,Train/1/00001_00065_00024.png
client_0,31361,33,47,5,6,28,42,29,Train/29/00029_00000_00011.png
client_0,18073,56,49,5,6,51,44,11,Train/11/00011_00034_00013.png
client_0,31322,35,34,5,5,30,29,28,Train/28/00028_00017_00002.png
client_0,27180,35,33,6,5,30,28,21,Train/21/00021_00007_00000.png
client_0,9665,29,28,6,5,23,23,5,Train/5/00005_00041_00005.png
client_0,31870,40,34,5,5,35,29,30,Train/30/00030_00008_00010.png
client_0,13031,38,38,6,6,33,33,8,Train/8/00008_00029_00011.png
client_0,14666,98,98,8,8,90,90,9,Train/9/00009_00036_00026.png
client_0,35466,34,31,6,5,28,26,36,Train/36/00036_00002_00007.png
client_0,26814,81,71,7,6,74,65,19,Train/19/00019_00001_00024.png
client_0,19047,71,68,6,7,65,62,12,Train/12/00012_00022_00027.png
client_0,25497,60,64,6,5,55,59,17,Train/17/00017_00034_00027.png
client_0,15436,47,48,5,5,42,43,10,Train/10/00010_00013_00016.png
client_0,180,27,25,6,5,22,20,20,Train/20/00020_00006_00000.png
client_0,18262,75,69,6,6,69,63,11,Train/11/00011_00040_00022.png
client_0,17781,62,55,5,6,57,50,11,Train/11/00011_00024_00021.png
client_0,21388,110,99,9,8,101,91,13,Train/13/00013_00030_00028.png
client_0,18245,35,32,5,5,30,27,11,Train/11/00011_00040_00005.png
client_0,32066,59,53,5,5,54,48,30,Train/30/00030_00014_00026.png
client_0,31056,63,57,6,5,58,52,28,Train/28/00028_00008_00006.png
client_0,25736,145,130,13,11,133,119,18,Train/18/00018_00005_00026.png
client_0,25095,40,39,5,6,35,34,17,Train/17/00017_00021_00015.png
client_0,15310,38,37,5,5,33,32,10,Train/10/00010_00009_00010.png
client_0,37123,46,49,6,6,41,44,38,Train/38/00038_00037_00014.png
client_0,29264,48,45,6,5,43,40,25,Train/25/00025_00026_00014.png
client_0,35825,32,32,5,5,27,27,37,Train/37/00037_00001_00006.png
client_0,409,42,43,5,5,36,37,0,Train/0/00000_00001_00019.png
client_0,24929,52,56,5,5,47,51,17,Train/17/00017_00015_00029.png
client_0,366,33,34,6,6,28,28,0,Train/0/00000_00000_00006.png
client_0,16304,40,43,5,6,35,37,10,Train/10/00010_00042_00014.png
client_0,22124,48,43,6,5,43,38,13,Train/13/00013_00055_00014.png
client_0,620,48,48,5,5,43,43,1,Train/1/00001_00001_00020.png
client_0,20253,27,28,5,5,22,23,12,Train/12/00012_00063_00003.png
client_0,20621,36,35,6,5,31,30,13,Train/13/00013_00005_00011.png
client_0,35422,55,54,6,6,49,49,36,Train/36/00036_00000_00023.png
client_0,13191,55,60,5,6,49,54,8,Train/8/00008_00034_00021.png
client_0,27120,33,30,6,5,28,25,21,Train/21/00021_00005_00000.png
client_0,24845,29,38,5,6,24,33,17,Train/17/00017_00013_00005.png
client_0,27251,43,42,5,5,38,37,21,Train/21/00021_00009_00011.png
client_0,17079,62,60,5,6,56,55,11,Train/11/00011_00001_00009.png
client_0,5993,53,57,5,6,47,51,3,Train/3/00003_00031_00023.png
client_0,26017,43,43,5,5,38,38,18,Train/18/00018_00015_00007.png
client_0,13201,33,32,6,5,28,27,8,Train/8/00008_00035_00001.png
client_0,13142,28,28,6,5,23,23,8,Train/8/00008_00033_00002.png
client_0,10093,37,36,6,5,32,31,5,Train/5/00005_00055_00013.png
client_0,9627,46,47,5,5,41,42,5,Train/5/00005_00039_00027.png
client_0,5464,30,31,6,6,25,26,3,Train/3/00003_00014_00004.png
client_0,15343,37,38,5,6,32,33,10,Train/10/00010_00010_00013.png
client_0,21249,38,46,5,5,33,41,13,Train/13/00013_00026_00009.png
client_0,5978,28,31,5,5,23,25,3,Train/3/00003_00031_00008.png
client_0,30768,53,50,5,6,48,45,27,Train/27/00027_00006_00018.png
client_0,8220,29,30,5,6,24,25,4,Train/4/00004_00059_00000.png
client_0,30175,67,58,6,5,61,53,26,Train/26/00026_00006_00025.png
client_0,38241,58,59,5,6,53,54,39,Train/39/00039_00005_00022.png
client_0,25382,26,30,5,6,21,25,17,Train/17/00017_00031_00002.png
client_0,8568,40,43,5,6,35,38,5,Train/5/00005_00004_00018.png
client_0,34172,38,39,6,5,33,34,34,Train/34/00034_00013_00003.png
client_0,26607,92,80,9,8,84,73,18,Train/18/00018_00034_00027.png
client_0,15370,40,42,5,6,35,37,10,Train/10/00010_00011_00010.png
client_0,24761,33,35,5,6,28,29,17,Train/17/00017_00010_00011.png
client_0,22280,68,63,6,6,62,58,13,Train/13/00013_00060_00020.png
client_0,10220,48,47,5,5,43,42,5,Train/5/00005_00059_00020.png
client_0,24232,117,116,10,10,106,106,16,Train/16/00016_00006_00022.png
client_0,20706,44,49,6,6,39,44,13,Train/13/00013_00008_00006.png
client_0,17474,47,44,6,5,42,38,11,Train/11/00011_00014_00014.png
client_0,4559,72,73,6,6,66,67,2,Train/2/00002_00058_00029.png
client_0,22003,43,40,6,5,38,35,13,Train/13/00013_00051_00013.png
client_0,26180,99,90,9,8,91,82,18,Train/18/00018_00020_00020.png
client_0,17385,60,55,5,5,55,50,11,Train/11/00011_00011_00015.png
client_0,22230,87,81,7,7,80,74,13,Train/13/00013_00059_00000.png
client_0,24144,49,49,5,5,44,44,16,Train/16/00016_00003_00024.png
client_0,35499,32,33,5,6,27,28,36,Train/36/00036_00003_00010.png
client_0,26464,33,30,6,5,28,25,18,Train/18/00018_00030_00004.png
client_0,22328,37,35,6,5,32,30,13,Train/13/00013_00062_00008.png
client_0,28919,106,95,9,9,97,86,25,Train/25/00025_00014_00029.png
client_0,14310,28,29,5,6,23,24,9,Train/9/00009_00025_00000.png
client_0,21616,59,53,6,6,54,48,13,Train/13/00013_00038_00016.png
client_0,19740,27,31,5,6,22,26,12,Train/12/00012_00046_00000.png
client_0,33892,94,99,8,8,85,91,34,Train/34/00034_00003_00023.png
client_0,26105,48,45,6,5,43,40,18,Train/18/00018_00018_00005.png
client_0,24071,50,53,5,6,45,48,16,Train/16/00016_00001_00011.png
client_0,24384,46,46,6,5,41,41,16,Train/16/00016_00011_00024.png
client_0,9080,47,47,6,6,42,42,5,Train/5/00005_00021_00020.png
client_0,15658,54,55,5,6,49,50,10,Train/10/00010_00020_00028.png
client_0,16899,33,34,6,6,28,29,10,Train/10/00010_00062_00009.png
client_0,20966,107,96,10,8,98,88,13,Train/13/00013_00016_00026.png
client_0,19762,47,49,6,6,42,44,12,Train/12/00012_00046_00022.png
client_0,21954,84,74,8,7,77,68,13,Train/13/00013_00049_00024.png
client_0,18159,36,39,5,6,31,33,11,Train/11/00011_00037_00009.png
client_0,13242,40,41,5,6,35,36,8,Train/8/00008_00036_00012.png
client_0,35735,33,33,5,5,28,28,36,Train/36/00036_00011_00006.png
client_0,24797,29,29,6,5,24,24,17,Train/17/00017_00011_00017.png
client_0,8936,82,81,8,7,75,74,5,Train/5/00005_00016_00026.png
client_0,26547,108,107,10,9,99,98,18,Train/18/00018_00032_00027.png
client_0,26151,75,75,7,7,69,69,18,Train/18/00018_00019_00021.png
client_0,27016,46,43,6,5,41,38,21,Train/21/00021_00001_00016.png
client_0,8950,39,39,5,5,34,34,5,Train/5/00005_00017_00010.png
client_0,26185,130,118,11,11,119,108,18,Train/18/00018_00020_00025.png
client_0,3335,30,29,6,5,25,24,2,Train/2/00002_00018_00005.png
client_0,21002,33,33,5,6,28,28,13,Train/13/00013_00018_00002.png
client_0,403,36,36,5,6,31,31,0,Train/0/00000_00001_00013.png
client_0,7865,41,41,6,6,36,36,4,Train/4/00004_00047_00005.png
client_0,8488,44,43,6,5,39,38,5,Train/5/00005_00001_00028.png
client_0,8683,41,41,5,5,36,36,5,Train/5/00005_00008_00013.png
client_0,33808,71,85,7,7,65,78,34,Train/34/00034_00000_00029.png
client_0,12815,33,29,6,5,28,24,8,Train/8/00008_00022_00005.png
client_0,20499,33,35,5,5,28,29,13,Train/13/00013_00001_00009.png
client_0,12773,65,64,6,5,60,59,8,Train/8/00008_00020_00023.png
client_0,26987,58,54,6,6,53,49,21,Train/21/00021_00000_00017.png
client_0,21031,50,44,6,5,44,38,13,Train/13/00013_00019_00001.png
client_0,28198,74,69,7,7,68,63,23,Train/23/00023_00016_00028.png
client_0,23996,39,39,5,5,34,34,15,Train/15/00015_00019_00026.png
client_0,9062,30,31,5,6,25,26,5,Train/5/00005_00021_00002.png
client_0,20501,39,41,5,6,34,36,13,Train/13/00013_00001_00011.png
client_0,27810,30,29,6,6,25,24,23,Train/23/00023_00004_00000.png
client_0,8702,32,32,6,6,27,27,5,Train/5/00005_00009_00002.png
client_0,26161,63,59,6,5,58,54,18,Train/18/00018_00020_00001.png
client_0,25508,28,28,6,6,23,23,17,Train/17/00017_00035_00008.png
client_0,17609,143,128,13,12,131,117,11,Train/11/00011_00018_00029.png
client_0,15969,33,33,5,5,28,28,10,Train/10/00010_00031_00009.png
client_0,26054,40,35,6,5,34,30,18,Train/18/00018_00016_00014.png
client_0,21682,69,59,7,6,63,54,13,Train/13/00013_00040_00022.png
client_0,28597,41,38,6,5,36,33,25,Train/25/00025_00004_00007.png
client_0,21937,35,32,5,6,30,26,13,Train/13/00013_00049_00007.png
client_0,35673,28,30,5,6,23,25,36,Train/36/00036_00009_00004.png
client_0,22180,86,80,7,8,79,73,13,Train/13/00013_00057_00010.png
client_0,22045,71,62,6,5,64,56,13,Train/13/00013_00052_00025.png
client_0,22480,36,34,5,5,31,29,13,Train/13/00013_00067_00010.png
client_0,22512,72,54,6,5,66,49,13,Train/13/00013_00068_00012.png
client_0,26259,41,38,6,6,35,32,18,Train/18/00018_00023_00009.png
client_0,2653,39,39,5,5,34,34,1,Train/1/00001_00069_00013.png
client_0,16747,36,34,6,6,31,29,10,Train/10/00010_00057_00007.png
client_0,26598,52,46,6,5,47,41,18,Train/18/00018_00034_00018.png
client_0,16408,67,71,6,7,61,65,10,Train/10/00010_00045_00028.png
client_0,21774,71,61,7,5,65,56,13,Train/13/00013_00043_00024.png
client_0,19334,44,44,6,5,39,39,12,Train/12/00012_00032_00014.png
client_0,20478,47,45,6,6,42,40,13,Train/13/00013_00000_00018.png
client_0,2268,58,58,6,5,53,53,1,Train/1/00001_00056_00018.png
client_0,22603,43,41,5,5,38,36,13,Train/13/00013_00071_00013.png
client_0,21663,34,32,5,5,29,27,13,Train/13/00013_00040_00003.png
client_0,16590,31,32,5,6,26,27,10,Train/10/00010_00052_00000.png
client_0,8583,29,28,6,6,24,23,5,Train/5/00005_00005_00003.png
client_0,6632,29,30,5,6,24,25,4,Train/4/00004_00006_00002.png
client_0,15549,34,34,5,5,29,29,10,Train/10/00010_00017_00009.png
client_0,24465,27,31,5,6,22,26,17,Train/17/00017_00000_00015.png
client_0,18810,34,37,5,6,29,32,12,Train/12/00012_00015_00000.png
client_0,17620,34,30,5,5,29,25,11,Train/11/00011_00019_00010.png
client_0,7679,71,72,7,7,65,66,4,Train/4/00004_00040_00029.png
client_0,3746,48,52,5,6,43,47,2,Train/2/00002_00031_00026.png
client_0,21850,42,43,6,6,37,38,13,Train/13/00013_00046_00010.png
client_0,21678,53,49,5,6,48,44,13,Train/13/00013_00040_00018.png
client_0,25148,32,31,6,5,26,26,17,Train/17/00017_00023_00008.png
client_0,24488,31,30,6,5,26,25,17,Train/17/00017_00001_00008.png
client_0,12921,41,41,5,5,36,36,8,Train/8/00008_00025_00021.png
client_0,6672,34,35,5,6,29,30,4,Train/4/00004_00007_00012.png
client_0,16274,35,35,5,6,30,30,10,Train/10/00010_00041_00014.png
client_0,17372,42,40,5,6,36,34,11,Train/11/00011_00011_00002.png
client_0,7217,52,49,6,5,47,44,4,Train/4/00004_00025_00017.png
client_0,15702,44,45,6,6,39,40,10,Train/10/00010_00022_00012.png
client_0,21310,48,46,5,5,43,41,13,Train/13/00013_00028_00010.png
client_0,24979,51,51,6,5,46,46,17,Train/17/00017_00017_00019.png
client_0,5977,28,31,5,6,23,26,3,Train/3/00003_00031_00007.png
client_0,35043,29,29,5,5,23,24,35,Train/35/00035_00028_00004.png
client_0,17876,108,97,10,9,99,89,11,Train/11/00011_00027_00026.png
client_0,20628,52,46,6,5,47,41,13,Train/13/00013_00005_00018.png
client_0,22545,40,39,6,5,35,34,13,Train/13/00013_00069_00015.png
client_0,34299,29,30,5,6,23,25,35,Train/35/00035_00003_00010.png
client_0,30908,40,37,6,5,35,32,28,Train/28/00028_00003_00008.png
client_0,470,51,52,5,5,46,47,0,Train/0/00000_00003_00020.png
client_0,2585,36,38,5,6,31,33,1,Train/1/00001_00067_00005.png
client_0,5501,34,34,6,6,28,28,3,Train/3/00003_00015_00011.png
client_0,20336,98,95,8,8,90,87,12,Train/12/00012_00065_00026.png
client_0,228,38,36,6,5,33,31,20,Train/20/00020_00007_00018.png
client_0,14218,82,85,7,8,75,78,9,Train/9/00009_00021_00028.png
client_0,7709,71,72,6,7,65,66,4,Train/4/00004_00041_00029.png
client_0,15684,75,75,7,7,69,69,10,Train/10/00010_00021_00024.png
client_0,33853,39,37,6,5,34,32,34,Train/34/00034_00002_00014.png
client_0,36347,55,57,6,5,50,52,38,Train/38/00038_00011_00018.png
client_0,30335,33,30,6,6,27,24,26,Train/26/00026_00012_00005.png
client_0,19425,46,45,6,5,41,40,12,Train/12/00012_00035_00015.png
client_0,18661,35,29,5,5,30,24,12,Train/12/00012_00010_00001.png
client_0,26208,44,42,6,6,39,37,18,Train/18/00018_00021_00018.png
client_0,20945,41,36,6,5,36,31,13,Train/13/00013_00016_00005.png
client_0,20486,73,70,7,6,66,64,13,Train/13/00013_00000_00026.png
client_0,33890,86,92,8,8,78,83,34,Train/34/00034_00003_00021.png
client_0,29323,61,60,5,6,56,55,25,Train/25/00025_00028_00013.png
client_0,35474,49,49,6,6,44,43,36,Train/36/00036_00002_00015.png
client_0,80,56,53,6,5,51,48,20,Train/20/00020_00002_00020.png
client_0,9399,31,32,6,6,25,26,5,Train/5/00005_00032_00009.png
client_0,1045,76,76,6,6,69,70,1,Train/1/00001_00015_00025.png
client_0,16824,65,69,6,7,60,63,10,Train/10/00010_00059_00024.png
client_0,19622,57,58,5,6,52,53,12,Train/12/00012_00042_00002.png
client_0,9998,34,34,5,5,29,29,5,Train/5/00005_00052_00008.png
client_0,24154,29,29,6,6,24,24,16,Train/16/00016_00004_00004.png
client_0,21148,76,92,7,9,70,84,13,Train/13/00013_00022_00028.png
client_0,35388,56,57,6,6,50,51,35,Train/35/00035_00039_00019.png
client_0,11875,59,59,6,6,54,54,7,Train/7/00007_00038_00025.png
client_0,22408,40,41,5,6,35,36,13,Train/13/00013_00064_00028.png
client_0,34751,37,37,5,5,31,32,35,Train/35/00035_00018_00012.png
client_0,25371,54,57,6,5,49,52,17,Train/17/00017_00030_00021.png
client_0,19638,85,85,7,7,78,78,12,Train/12/00012_00042_00018.png
client_0,24340,38,37,6,5,32,32,16,Train/16/00016_00010_00010.png
client_0,12422,33,34,5,6,27,28,8,Train/8/00008_00009_00002.png
client_0,15758,33,33,6,5,28,28,10,Train/10/00010_00024_00008.png
client_0,38708,45,47,6,6,40,42,40,Train/40/00040_00011_00009.png
client_0,20936,125,116,11,10,115,105,13,Train/13/00013_00015_00026.png
client_0,21762,47,44,6,6,42,39,13,Train/13/00013_00043_00012.png
client_0,33825,36,36,6,5,31,31,34,Train/34/00034_00001_00016.png
client_0,18944,42,41,5,5,37,36,12,Train/12/00012_00019_00014.png
client_0,7789,42,44,5,6,37,39,4,Train/4/00004_00044_00019.png
client_0,15840,26,30,5,5,21,25,10,Train/10/00010_00027_00000.png
client_0,20845,87,79,7,7,80,72,13,Train/13/00013_00012_00025.png
client_0,21314,49,45,6,5,44,40,13,Train/13/00013_00028_00014.png
client_0,17395,98,86,9,7,90,79,11,Train/11/00011_00011_00025.png
client_0,25477,29,31,5,6,24,26,17,Train/17/00017_00034_00007.png
client_0,16113,31,26,6,5,26,21,10,Train/10/00010_00036_00003.png
client_0,38156,98,104,8,10,90,95,39,Train/39/00039_00002_00027.png
client_0,39000,28,29,5,6,23,24,42,Train/42/00042_00001_00001.png
client_0,31524,83,72,8,6,76,66,29,Train/29/00029_00005_00024.png
client_0,16937,39,39,6,6,33,34,10,Train/10/00010_00063_00017.png
client_0,21795,51,45,5,5,46,40,13,Train/13/00013_00044_00015.png
client_0,6471,64,64,5,5,59,59,4,Train/4/00004_00000_00021.png
client_0,18302,32,31,6,5,27,26,11,Train/11/00011_00042_00002.png
client_0,22488,48,46,5,6,43,41,13,Train/13/00013_00067_00018.png
client_0,31646,122,106,10,9,112,97,30,Train/30/00030_00000_00026.png
client_0,12261,47,49,5,6,42,44,8,Train/8/00008_00003_00021.png
client_0,12544,34,35,5,6,29,30,8,Train/8/00008_00013_00004.png
client_0,15803,51,53,6,6,46,48,10,Train/10/00010_00025_00023.png
client_0,33942,36,39,6,6,30,33,34,Train/34/00034_00005_00013.png
client_0,24265,48,49,5,6,43,44,16,Train/16/00016_00007_00025.png
client_0,20874,80,67,7,6,73,61,13,Train/13/00013_00013_00024.png
client_0,19316,76,75,7,6,70,69,12,Train/12/00012_00031_00026.png
client_0,25423,33,33,5,6,28,28,17,Train/17/00017_00032_00013.png
client_0,12561,61,62,5,6,56,57,8,Train/8/00008_00013_00021.png
client_0,7346,76,76,7,6,70,70,4,Train/4/00004_00029_00026.png
client_0,29221,35,33,5,5,30,28,25,Train/25/00025_00025_00001.png
client_0,16056,32,30,6,6,27,25,10,Train/10/00010_00034_00006.png
client_0,177,59,55,5,6,54,50,20,Train/20/00020_00005_00027.png
client_0,26382,44,38,6,5,39,33,18,Train/18/00018_00027_00012.png
client_0,18117,141,133,13,12,129,122,11,Train/11/00011_00035_00027.png
client_0,25372,56,59,6,5,51,53,17,Train/17/00017_00030_00022.png
client_0,20784,74,71,7,6,67,64,13,Train/13/00013_00010_00024.png
client_0,35479,60,62,6,6,55,57,36,Train/36/00036_00002_00020.png
client_0,23651,41,41,5,5,36,36,15,Train/15/00015_00008_00011.png
client_0,9995,32,32,5,5,27,27,5,Train/5/00005_00052_00005.png
client_0,26615,31,28,5,5,26,23,18,Train/18/00018_00035_00005.png
client_0,35550,30,31,5,6,25,26,36,Train/36/00036_00005_00001.png
client_0,22268,44,40,5,6,39,35,13,Train/13/00013_00060_00008.png
client_0,9169,41,41,6,6,36,36,5,Train/5/00005_00024_00019.png
client_0,16762,65,61,6,5,60,56,10,Train/10/00010_00057_00022.png
client_0,31770,30,32,5,6,25,27,30,Train/30/00030_00005_00000.png
client_0,26303,68,64,6,5,62,59,18,Train/18/00018_00024_00023.png
client_0,4295,28,27,6,5,23,22,2,Train/2/00002_00050_00005.png
client_0,7599,35,35,5,5,30,30,4,Train/4/00004_00038_00009.png
client_0,15382,61,60,6,5,56,55,10,Train/10/00010_00011_00022.png
client_0,26722,70,71,6,7,64,65,18,Train/18/00018_00038_00022.png
client_0,3600,28,28,6,6,23,23,2,Train/2/00002_00027_00000.png
client_0,24293,93,93,9,9,85,85,16,Train/16/00016_00008_00023.png
client_0,4119,35,35,5,5,30,30,2,Train/2/00002_00044_00009.png
client_0,22213,38,36,6,5,32,31,13,Train/13/00013_00058_00013.png
client_0,33280,34,36,5,6,28,30,33,Train/33/00033_00006_00010.png
client_0,21909,57,53,6,5,52,48,13,Train/13/00013_00048_00009.png
client_0,21790,47,42,5,6,42,37,13,Train/13/00013_00044_00010.png
client_0,19759,44,45,5,6,39,40,12,Train/12/00012_00046_00019.png
client_0,1276,39,38,5,6,34,33,1,Train/1/00001_00023_00016.png
client_0,24964,36,35,6,5,31,30,17,Train/17/00017_00017_00004.png
client_0,34511,50,52,5,6,45,47,35,Train/35/00035_00010_00012.png
client_0,22011,60,55,6,5,55,50,13,Train/13/00013_00051_00021.png
client_0,13373,46,45,6,5,41,40,8,Train/8/00008_00040_00023.png
client_0,25102,51,47,5,5,46,42,17,Train/17/00017_00021_00022.png
client_0,30979,60,62,6,6,55,56,28,Train/28/00028_00005_00019.png
client_0,26421,61,64,6,6,56,59,18,Train/18/00018_00028_00021.png
client_0,12388,61,62,5,6,56,57,8,Train/8/00008_00007_00028.png
client_0,29512,88,77,7,7,81,71,25,Train/25/00025_00034_00022.png
client_0,24387,53,53,6,6,48,48,16,Train/16/00016_00011_00027.png
client_0,16642,74,75,7,6,68,69,10,Train/10/00010_00053_00022.png
client_0,25847,40,36,5,5,34,31,18,Train/18/00018_00009_00017.png
client_0,4870,29,31,5,6,24,26,2,Train/2/00002_00069_00010.png
client_0,10631,36,37,5,6,31,32,6,Train/6/00006_00011_00011.png
client_0,8798,34,35,6,6,29,29,5,Train/5/00005_00012_00008.png
client_0,18111,75,75,7,6,69,69,11,Train/11/00011_00035_00021.png
client_0,5229,51,52,6,5,46,46,3,Train/3/00003_00006_00009.png
client_0,27702,36,36,6,6,30,30,23,Train/23/00023_00000_00012.png
client_0,24485,29,29,5,5,23,23,17,Train/17/00017_00001_00005.png
client_0,5576,89,94,8,8,82,86,3,Train/3/00003_00017_00026.png
client_0,13270,35,36,6,6,30,31,8,Train/8/00008_00037_00010.png
client_0,26266,51,47,6,6,46,42,18,Train/18/00018_00023_00016.png
client_0,25543,30,35,6,6,25,30,17,Train/17/00017_00036_00013.png
client_0,14526,35,36,5,5,30,30,9,Train/9/00009_00032_00006.png
client_0,27090,31,27,6,5,26,22,21,Train/21/00021_00004_00000.png
client_0,30031,33,31,6,6,28,26,26,Train/26/00026_00002_00001.png
client_0,24468,28,34,5,6,23,28,17,Train/17/00017_00000_00018.png
client_0,17351,62,55,6,5,57,50,11,Train/11/00011_00010_00011.png
client_0,9152,30,30,5,5,25,25,5,Train/5/00005_00024_00002.png
client_0,9931,30,29,6,5,25,24,5,Train/5/00005_00050_00001.png
client_0,18230,48,44,5,5,43,39,11,Train/11/00011_00039_00020.png
client_0,39048,39,39,6,6,34,34,42,Train/42/00042_00002_00019.png
client_0,25722,97,89,9,8,89,82,18,Train/18/00018_00005_00012.png
client_0,38923,39,37,6,5,33,32,41,Train/41/00041_00006_00014.png
client_0,12436,39,39,5,5,34,34,8,Train/8/00008_00009_00016.png
client_0,5546,51,52,5,5,46,47,3,Train/3/00003_00016_00026.png
client_0,20910,58,55,5,5,53,50,13,Train/13/00013_00015_00000.png
client_0,5853,28,29,6,6,23,24,3,Train/3/00003_00027_00003.png
client_0,20837,61,54,6,5,56,48,13,Train/13/00013_00012_00017.png
client_0,17514,58,54,5,6,52,49,11,Train/11/00011_00015_00024.png
client_0,22270,46,43,5,6,41,37,13,Train/13/00013_00060_00010.png
client_0,117,100,95,9,9,92,87,20,Train/20/00020_00003_00027.png
client_0,344,39,36,6,6,33,31,20,Train/20/00020_00011_00014.png
client_0,18061,32,33,5,5,27,27,11,Train/11/00011_00034_00001.png
client_0,16663,39,40,5,6,34,35,10,Train/10/00010_00054_00013.png
client_0,20811,57,67,6,6,52,61,13,Train/13/00013_00011_00021.png
client_0,362,30,30,5,5,25,25,0,Train/0/00000_00000_00002.png
client_0,21343,38,35,6,5,33,30,13,Train/13/00013_00029_00013.png
client_0,18009,46,45,6,5,40,40,11,Train/11/00011_00032_00009.png
client_0,17765,34,32,5,5,29,27,11,Train/11/00011_00024_00005.png
client_0,39083,55,54,6,5,50,49,42,Train/42/00042_00003_00024.png
client_0,24617,40,41,6,6,35,35,17,Train/17/00017_00005_00017.png
client_0,10702,45,47,5,5,40,42,6,Train/6/00006_00013_00022.png
client_0,28832,54,52,5,6,49,47,25,Train/25/00025_00012_00002.png
client_0,35740,38,37,6,5,33,32,36,Train/36/00036_00011_00011.png
client_0,35768,56,56,5,5,51,51,36,Train/36/00036_00012_00009.png
client_0,25125,49,49,6,6,44,44,17,Train/17/00017_00022_00015.png
client_0,24139,44,44,5,5,39,39,16,Train/16/00016_00003_00019.png
client_0,15712,51,53,5,6,46,48,10,Train/10/00010_00022_00022.png
client_0,34882,49,48,5,6,44,43,35,Train/35/00035_00022_00023.png
client_0,24602,29,29,5,5,24,24,17,Train/17/00017_00005_00002.png
client_0,28732,148,137,13,12,136,126,25,Train/25/00025_00008_00022.png
client_0,25453,30,31,5,5,25,26,17,Train/17/00017_00033_00013.png
client_0,16743,33,32,5,5,28,27,10,Train/10/00010_00057_00003.png
client_0,21603,37,35,5,5,32,30,13,Train/13/00013_00038_00003.png
client_0,38686,51,52,6,5,45,46,40,Train/40/00040_00010_00017.png
client_0,21243,32,40,5,6,27,35,13,Train/13/00013_00026_00003.png
client_0,35431,33,32,6,6,28,27,36,Train/36/00036_00001_00002.png
client_0,19104,71,70,7,6,65,64,12,Train/12/00012_00024_00024.png
client_0,22503,54,48,5,6,49,43,13,Train/13/00013_00068_00003.png
client_0,38167,33,32,6,5,28,27,39,Train/39/00039_00003_00008.png
client_0,21887,81,73,7,7,74,67,13,Train/13/00013_00047_00017.png
client_0,20927,93,88,9,8,85,80,13,Train/13/00013_00015_00017.png
client_0,12600,31,29,6,6,26,24,8,Train/8/00008_00015_00000.png
client_0,16615,64,64,6,6,59,59,10,Train/10/00010_00052_00025.png
client_0,27193,46,45,5,6,41,40,21,Train/21/00021_00007_00013.png
client_0,28234,55,61,5,5,49,55,24,Train/24/00024_00001_00004.png
client_0,7438,95,96,9,8,87,88,4,Train/4/00004_00032_00028.png
client_0,17202,60,53,5,6,55,48,11,Train/11/00011_00005_00012.png
client_0,22119,45,40,6,5,40,35,13,Train/13/00013_00055_00009.png
client_0,33198,47,52,5,6,42,47,33,Train/33/00033_00003_00018.png
client_0,22412,35,30,5,5,30,25,13,Train/13/00013_00065_00002.png
client_0,21967,28,30,5,6,22,24,13,Train/13/00013_00050_00007.png
client_0,6682,43,43,6,5,38,37,4,Train/4/00004_00007_00022.png
client_0,20575,131,119,12,11,120,109,13,Train/13/00013_00003_00025.png
client_0,19709,152,152,14,14,139,139,12,Train/12/00012_00044_00029.png
client_0,25496,55,60,5,5,50,55,17,Train/17/00017_00034_00026.png
client_0,16335,35,36,6,5,30,31,10,Train/10/00010_00043_00015.png
client_0,31390,47,44,6,6,41,38,29,Train/29/00029_00001_00010.png
client_0,22370,51,47,6,5,46,42,13,Train/13/00013_00063_00020.png
client_0,22497,93,87,8,8,85,80,13,Train/13/00013_00067_00027.png
client_0,25253,34,36,5,6,29,31,17,Train/17/00017_00026_00023.png
client_0,13062,30,30,5,5,25,25,8,Train/8/00008_00030_00012.png
client_0,35974,42,45,5,6,37,40,37,Train/37/00037_00006_00005.png
client_0,5230,52,54,6,6,47,49,3,Train/3/00003_00006_00010.png
client_0,35005,87,84,8,7,80,77,35,Train/35/00035_00026_00026.png
client_0,16133,46,40,5,5,41,35,10,Train/10/00010_00036_00023.png
client_0,14333,57,57,5,5,52,52,9,Train/9/00009_00025_00023.png
client_0,38366,68,71,7,6,62,65,39,Train/39/00039_00009_00027.png
client_0,21815,76,76,7,7,70,70,13,Train/13/00013_00045_00005.png
client_0,17764,34,32,5,5,29,27,11,Train/11/00011_00024_00004.png
client_0,17531,53,51,5,5,48,45,11,Train/11/00011_00016_00011.png
client_0,25285,69,70,6,6,62,63,17,Train/17/00017_00027_00025.png
client_0,26649,51,49,6,5,46,44,18,Train/18/00018_00036_00009.png
client_0,27176,85,75,8,6,78,69,21,Train/21/00021_00006_00026.png
client_0,24631,29,29,5,5,24,24,17,Train/17/00017_00006_00001.png
client_0,31981,32,32,6,6,27,27,30,Train/30/00030_00012_00001.png
client_0,34495,87,86,8,7,80,79,35,Train/35/00035_00009_00026.png
client_0,11557,33,33,6,5,27,27,7,Train/7/00007_00028_00007.png
client_0,17696,80,68,7,6,73,62,11,Train/11/00011_00021_00026.png
client_0,21723,37,33,6,6,32,28,13,Train/13/00013_00042_00003.png
client_0,16038,39,39,5,5,34,34,10,Train/10/00010_00033_00018.png
client_0,15638,32,30,6,5,27,24,10,Train/10/00010_00020_00008.png
client_0,35848,112,111,10,9,103,102,37,Train/37/00037_00001_00029.png
client_0,9958,63,62,6,5,58,57,5,Train/5/00005_00050_00028.png
client_0,8351,33,33,6,6,28,28,4,Train/4/00004_00063_00011.png
client_0,26377,34,33,5,5,29,28,18,Train/18/00018_00027_00007.png
client_0,38088,120,120,11,11,110,110,39,Train/39/00039_00000_00019.png
client_0,38255,29,30,5,6,24,25,39,Train/39/00039_00006_00006.png
client_0,21765,52,47,6,6,47,42,13,Train/13/00013_00043_00015.png
client_0,22009,53,50,5,5,47,44,13,Train/13/00013_00051_00019.png
client_0,8460,26,28,5,6,21,23,5,Train/5/00005_00001_00000.png
client_0,7973,48,51,5,5,43,46,4,Train/4/00004_00050_00023.png
client_0,15374,44,44,6,6,39,39,10,Train/10/00010_00011_00014.png
client_0,6076,39,41,5,6,34,36,3,Train/3/00003_00034_00016.png
client_0,21912,60,57,5,5,55,51,13,Train/13/00013_00048_00012.png
client_0,8720,55,56,5,6,50,51,5,Train/5/00005_00009_00020.png
client_0,21242,32,39,5,6,27,34,13,Train/13/00013_00026_00002.png
client_0,481,56,60,5,5,50,54,0,Train/0/00000_00004_00001.png
client_0,8883,32,32,5,5,27,27,5,Train/5/00005_00015_00003.png
client_0,21345,40,37,6,6,35,32,13,Train/13/00013_00029_00015.png
client_0,11656,34,35,5,6,28,30,7,Train/7/00007_00031_00016.png
client_0,20719,57,68,6,6,52,62,13,Train/13/00013_00008_00019.png
client_0,25029,41,41,6,5,36,36,17,Train/17/00017_00019_00009.png
client_0,21982,71,73,7,7,64,67,13,Train/13/00013_00050_00022.png
client_0,15541,28,29,5,6,23,24,10,Train/10/00010_00017_00001.png
client_0,13,40,34,6,6,34,29,20,Train/20/00020_00000_00013.png
client_0,18341,41,40,6,5,36,35,11,Train/11/00011_00043_00011.png
client_0,3990,27,26,6,6,21,21,2,Train/2/00002_00040_00000.png
client_0,5870,40,42,6,5,35,37,3,Train/3/00003_00027_00020.png
client_0,31674,50,44,6,5,45,39,30,Train/30/00030_00001_00024.png
client_0,22525,131,105,11,9,120,96,13,Train/13/00013_00068_00025.png
client_0,17074,59,53,6,5,54,48,11,Train/11/00011_00001_00004.png
client_0,4907,40,39,5,5,35,34,2,Train/2/00002_00070_00017.png
client_0,21819,80,81,7,8,73,74,13,Train/13/00013_00045_00009.png
client_0,19853,51,51,6,6,45,46,12,Train/12/00012_00049_00023.png
client_0,27151,33,32,6,6,28,26,21,Train/21/00021_00006_00001.png
client_0,25865,76,68,7,6,69,62,18,Train/18/00018_00010_00005.png
client_0,13073,41,40,5,5,36,35,8,Train/8/00008_00030_00023.png
client_0,21677,52,46,6,5,47,41,13,Train/13/00013_00040_00017.png
client_0,15913,35,36,6,6,30,31,10,Train/10/00010_00029_00013.png
client_0,25275,38,38,5,5,33,33,17,Train/17/00017_00027_00015.png
client_0,20202,46,48,5,5,41,43,12,Train/12/00012_00061_00012.png
client_0,31599,48,44,5,5,43,39,29,Train/29/00029_00008_00009.png
client_0,9967,34,34,6,6,29,29,5,Train/5/00005_00051_00007.png
client_0,11532,34,35,5,6,28,29,7,Train/7/00007_00027_00012.png
client_0,24440,65,63,6,5,59,58,16,Train/16/00016_00013_00020.png
client_0,17761,31,31,6,6,26,26,11,Train/11/00011_00024_00001.png
client_0,21036,55,49,6,5,49,43,13,Train/13/00013_00019_00006.png
client_0,35511,51,51,5,5,46,46,36,Train/36/00036_00003_00022.png
client_0,21668,38,36,6,6,33,31,13,Train/13/00013_00040_00008.png
client_0,9629,51,54,5,6,46,49,5,Train/5/00005_00039_00029.png
client_0,24918,40,41,6,5,35,36,17,Train/17/00017_00015_00018.png
client_0,15820,33,32,6,5,28,27,10,Train/10/00010_00026_00010.png
client_0,20946,40,35,6,5,35,30,13,Train/13/00013_00016_00006.png
client_0,35689,44,46,5,6,38,40,36,Train/36/00036_00009_00020.png
client_0,30000,41,38,6,5,36,33,26,Train/26/00026_00001_00000.png
client_0,12506,71,70,7,6,65,64,8,Train/8/00008_00011_00026.png
client_0,22220,41,42,6,5,36,37,13,Train/13/00013_00058_00020.png
client_0,515,31,30,5,6,26,25,0,Train/0/00000_00005_00005.png
client_0,27277,31,31,6,6,26,26,21,Train/21/00021_00010_00007.png
client_0,10418,36,37,6,6,31,32,6,Train/6/00006_00004_00008.png
client_0,18177,66,72,6,7,60,65,11,Train/11/00011_00037_00027.png
client_0,17853,48,45,5,5,43,40,11,Train/11/00011_00027_00003.png
client_0,35954,61,61,6,6,56,56,37,Train/37/00037_00005_00015.png
client_0,33958,62,69,6,6,56,63,34,Train/34/00034_00005_00029.png
client_0,17971,38,37,6,5,33,32,11,Train/11/00011_00031_00001.png
client_0,8978,31,31,6,6,26,26,5,Train/5/00005_00018_00008.png
client_0,26425,74,83,7,8,68,76,18,Train/18/00018_00028_00025.png
client_0,18228,43,42,5,6,38,37,11,Train/11/00011_00039_00018.png
client_0,35580,29,30,5,6,24,25,36,Train/36/00036_00006_00001.png
client_0,2156,83,84,7,8,76,77,1,Train/1/00001_00052_00026.png
client_0,28477,48,48,5,6,43,43,25,Train/25/00025_00000_00007.png
client_0,19103,68,69,6,7,62,63,12,Train/12/00012_00024_00023.png
client_0,17414,55,53,6,6,49,47,11,Train/11/00011_00012_00014.png
client_0,28979,89,91,8,8,82,83,25,Train/25/00025_00016_00029.png
client_0,7510,37,37,6,6,32,32,4,Train/4/00004_00035_00010.png
client_0,24684,43,45,5,5,38,40,17,Train/17/00017_00007_00024.png
client_0,30472,51,45,5,5,45,40,26,Train/26/00026_00016_00022.png
client_0,18268,115,98,10,8,105,90,11,Train/11/00011_00040_00028.png
client_0,28024,55,49,6,6,50,44,23,Train/23/00023_00011_00004.png
client_0,8820,28,28,5,5,23,23,5,Train/5/00005_00013_00000.png
client_0,17137,41,39,6,6,36,34,11,Train/11/00011_00003_00007.png
client_0,22389,30,30,5,5,25,25,13,Train/13/00013_00064_00009.png
client_0,25085,30,31,5,6,25,26,17,Train/17/00017_00021_00005.png
client_0,24885,30,35,5,5,25,30,17,Train/17/00017_00014_00015.png
client_0,21741,62,51,5,5,57,46,13,Train/13/00013_00042_00021.png
client_0,35463,30,29,6,6,25,24,36,Train/36/00036_00002_00004.png
client_0,20721,60,77,6,7,54,71,13,Train/13/00013_00008_00021.png
client_0,310,40,35,6,5,35,30,20,Train/20/00020_00010_00010.png
client_0,26044,31,29,5,6,25,23,18,Train/18/00018_00016_00004.png
client_0,26226,61,60,6,5,56,55,18,Train/18/00018_00022_00006.png
client_0,35736,36,35,6,5,30,29,36,Train/36/00036_00011_00007.png
client_0,28428,65,58,6,6,60,53,24,Train/24/00024_00007_00018.png
client_0,6645,41,44,5,6,36,38,4,Train/4/00004_00006_00015.png
client_0,8765,38,38,6,6,32,33,5,Train/5/00005_00011_00005.png
client_0,9167,37,36,6,5,32,31,5,Train/5/00005_00024_00017.png
client_0,16141,28,27,6,6,22,21,10,Train/10/00010_00037_00001.png
client_0,27067,37,37,5,5,32,32,21,Train/21/00021_00003_00007.png
client_0,7078,44,42,5,5,39,37,4,Train/4/00004_00020_00028.png
client_0,34326,31,30,6,5,26,25,35,Train/35/00035_00004_00007.png
client_0,22404,37,36,6,5,32,31,13,Train/13/00013_00064_00024.png
client_0,9511,26,26,5,5,21,21,5,Train/5/00005_00036_00001.png
client_0,5358,45,46,6,6,40,41,3,Train/3/00003_00010_00018.png
client_0,27197,54,49,5,5,49,44,21,Train/21/00021_00007_00017.png
client_0,13034,42,42,6,6,37,37,8,Train/8/00008_00029_00014.png
client_0,20467,29,30,5,6,24,25,13,Train/13/00013_00000_00007.png
client_0,12626,57,52,6,5,52,47,8,Train/8/00008_00015_00026.png
client_0,20410,34,36,6,6,29,31,12,Train/12/00012_00068_00010.png
client_0,8158,54,61,6,6,49,56,4,Train/4/00004_00056_00028.png
client_0,21622,74,69,6,6,68,63,13,Train/13/00013_00038_00022.png
client_0,26299,53,52,5,6,48,47,18,Train/18/00018_00024_00019.png
client_0,17273,73,69,6,7,67,63,11,Train/11/00011_00007_00023.png
client_0,16079,105,93,10,8,96,85,10,Train/10/00010_00034_00029.png
client_0,25556,30,38,5,5,25,33,17,Train/17/00017_00036_00026.png
client_0,38562,50,50,5,5,45,45,40,Train/40/00040_00006_00013.png
client_0,20647,32,31,5,5,27,26,13,Train/13/00013_00006_00007.png
client_0,13423,37,38,5,6,32,33,8,Train/8/00008_00042_00013.png
client_0,20497,33,35,5,6,28,30,13,Train/13/00013_00001_00007.png
client_0,15142,42,43,5,5,36,37,10,Train/10/00010_00003_00022.png
client_0,348,45,43,6,6,40,38,20,Train/20/00020_00011_00018.png
client_0,26538,69,69,6,6,63,63,18,Train/18/00018_00032_00018.png
client_0,8604,41,44,5,5,36,39,5,Train/5/00005_00005_00024.png
client_0,15777,94,95,8,8,86,87,10,Train/10/00010_00024_00027.png
client_0,21298,41,38,6,5,36,33,13,Train/13/00013_00027_00028.png
client_0,13292,32,31,5,5,27,26,8,Train/8/00008_00038_00002.png
client_0,6147,75,79,6,7,69,72,3,Train/3/00003_00036_00027.png
client_0,31273,39,36,6,5,34,31,28,Train/28/00028_00015_00013.png
client_0,18292,68,60,6,6,62,55,11,Train/11/00011_00041_00022.png
client_0,14316,31,31,5,5,26,26,9,Train/9/00009_00025_00006.png
client_0,17456,104,94,10,9,95,86,11,Train/11/00011_00013_00026.png
client_0,16376,45,47,5,6,40,41,10,Train/10/00010_00044_00026.png
client_0,25129,56,55,6,5,51,50,17,Train/17/00017_00022_00019.png
client_0,31546,43,42,6,5,38,37,29,Train/29/00029_00006_00016.png
client_0,17711,65,58,6,6,60,53,11,Train/11/00011_00022_00011.png
client_0,38141,54,58,5,5,48,53,39,Train/39/00039_00002_00012.png
client_0,23448,44,95,6,9,38,86,15,Train/15/00015_00001_00018.png
client_0,22178,83,74,7,6,76,68,13,Train/13/00013_00057_00008.png
client_0,22062,56,52,5,6,51,46,13,Train/13/00013_00053_00012.png
client_0,24863,33,40,6,6,28,35,17,Train/17/00017_00013_00023.png
client_0,16498,61,60,6,5,56,55,10,Train/10/00010_00048_00028.png
client_0,1589,76,76,6,7,69,69,1,Train/1/00001_00033_00029.png
client_0,33900,51,51,6,6,46,46,34,Train/34/00034_00004_00001.png
client_0,21086,118,106,11,10,108,97,13,Train/13/00013_00020_00026.png
client_0,38099,25,27,5,5,20,22,39,Train/39/00039_00001_00000.png
client_0,6814,32,32,6,6,27,27,4,Train/4/00004_00012_00004.png
client_0,21828,103,103,9,9,94,94,13,Train/13/00013_00045_00018.png
client_0,38134,49,54,6,6,44,49,39,Train/39/00039_00002_00005.png
client_0,8678,36,36,6,6,31,31,5,Train/5/00005_00008_00008.png
client_0,20589,34,32,5,6,29,27,13,Train/13/00013_00004_00009.png
client_0,24491,32,32,5,5,27,27,17,Train/17/00017_00001_00011.png
client_0,9832,60,61,5,5,55,56,5,Train/5/00005_00046_00022.png
client_0,20947,41,38,5,5,36,33,13,Train/13/00013_00016_00007.png
client_0,38239,52,53,5,6,47,48,39,Train/39/00039_00005_00020.png
client_0,21394,30,29,6,6,25,24,13,Train/13/00013_00031_00004.png
client_0,7611,49,48,6,5,44,43,4,Train/4/00004_00038_00021.png
client_0,20510,58,59,6,6,52,53,13,Train/13/00013_00001_00020.png
client_0,9853,38,38,6,5,33,32,5,Train/5/00005_00047_00013.png
client_0,17195,47,42,6,5,42,37,11,Train/11/00011_00005_00005.png
client_0,15521,35,35,5,5,30,30,10,Train/10/00010_00016_00011.png
client_0,30708,56,53,6,6,51,48,27,Train/27/00027_00004_00018.png
client_0,17083,71,70,7,7,65,63,11,Train/11/00011_00001_00013.png
client_0,30489,36,32,5,5,31,27,26,Train/26/00026_00017_00009.png
client_0,12172,48,52,5,6,43,47,8,Train/8/00008_00000_00022.png
client_0,25064,35,34,5,6,30,29,17,Train/17/00017_00020_00014.png
client_0,16189,41,42,6,6,36,37,10,Train/10/00010_00038_00019.png
client_0,5473,35,34,6,5,29,28,3,Train/3/00003_00014_00013.png
client_0,38176,43,43,6,6,38,38,39,Train/39/00039_00003_00017.png
client_0,16007,42,36,6,6,37,31,10,Train/10/00010_00032_00017.png
client_0,22578,113,101,10,9,104,93,13,Train/13/00013_00070_00018.png
client_0,30436,123,108,11,9,112,99,26,Train/26/00026_00015_00016.png
client_0,28599,41,40,5,6,36,35,25,Train/25/00025_00004_00009.png
client_0,21578,42,42,6,6,37,37,13,Train/13/00013_00037_00008.png
client_0,25975,88,87,8,7,81,80,18,Train/18/00018_00013_00025.png
client_0,28142,40,36,5,5,35,31,23,Train/23/00023_00015_00002.png
client_0,21170,47,63,5,5,42,57,13,Train/13/00013_00023_00020.png
client_0,21768,55,49,5,5,50,44,13,Train/13/00013_00043_00018.png
client_0,31261,30,28,6,5,25,23,28,Train/28/00028_00015_00001.png
client_0,7817,40,41,5,6,34,35,4,Train/4/00004_00045_00017.png
client_0,20750,56,53,6,6,51,48,13,Train/13/00013_00009_00020.png
client_0,421,27,28,5,6,22,23,0,Train/0/00000_00002_00001.png
client_0,21565,71,68,7,7,65,62,13,Train/13/00013_00036_00025.png
client_0,5905,48,51,6,5,43,46,3,Train/3/00003_00028_00025.png
client_0,16269,32,31,6,5,27,26,10,Train/10/00010_00041_00009.png
client_0,25771,57,52,5,6,51,46,18,Train/18/00018_00007_00001.png
client_0,19232,40,40,5,6,35,34,12,Train/12/00012_00029_00002.png
client_0,28672,42,40,6,6,36,35,25,Train/25/00025_00006_00022.png
client_0,19308,56,56,5,5,51,51,12,Train/12/00012_00031_00018.png
client_0,33826,36,38,6,6,31,33,34,Train/34/00034_00001_00017.png
client_0,20655,42,38,5,5,37,33,13,Train/13/00013_00006_00015.png
client_0,30166,45,42,6,5,40,36,26,Train/26/00026_00006_00016.png
client_0,9409,40,40,6,5,35,35,5,Train/5/00005_00032_00019.png
client_0,25770,56,50,5,5,51,45,18,Train/18/00018_00007_00000.png
client_0,31083,37,35,5,5,32,30,28,Train/28/00028_00009_00003.png
client_0,17794,31,31,6,6,26,26,11,Train/11/00011_00025_00004.png
client_0,22359,35,33,5,5,30,28,13,Train/13/00013_00063_00009.png
client_0,22263,38,34,6,5,32,29,13,Train/13/00013_00060_00003.png
client_0,7373,65,64,6,6,60,59,4,Train/4/00004_00030_00023.png
client_0,15410,43,43,5,5,38,38,10,Train/10/00010_00012_00020.png
client_0,20491,26,30,5,6,21,25,13,Train/13/00013_00001_00001.png
client_0,31407,124,112,11,10,114,103,29,Train/29/00029_00001_00027.png
client_0,7170,33,33,6,6,28,28,4,Train/4/00004_00024_00000.png
client_0,25606,60,57,5,6,55,52,18,Train/18/00018_00001_00016.png
client_0,15330,29,29,5,5,24,24,10,Train/10/00010_00010_00000.png
client_0,25831,31,27,6,5,26,22,18,Train/18/00018_00009_00001.png
client_0,30491,40,35,6,6,34,29,26,Train/26/00026_00017_00011.png
client_0,12716,58,60,6,5,53,55,8,Train/8/00008_00018_00026.png
client_0,35401,28,29,5,6,23,24,36,Train/36/00036_00000_00002.png
client_0,26823,46,41,5,6,41,36,19,Train/19/00019_00002_00003.png
client_0,17733,33,30,5,6,28,25,11,Train/11/00011_00023_00003.png
client_0,20675,39,38,5,5,34,32,13,Train/13/00013_00007_00005.png
client_0,24586,61,61,6,5,56,56,17,Train/17/00017_00004_00016.png
client_0,1464,80,81,8,7,73,73,1,Train/1/00001_00029_00024.png
client_0,13334,40,41,6,6,35,36,8,Train/8/00008_00039_00014.png
client_0,9679,43,44,5,5,38,39,5,Train/5/00005_00041_00019.png
client_0,20951,46,43,5,6,41,38,13,Train/13/00013_00016_00011.png
client_0,22182,93,82,9,7,85,75,13,Train/13/00013_00057_00012.png
client_0,30640,42,38,5,5,36,32,27,Train/27/00027_00002_00010.png
client_0,21104,42,37,6,5,36,31,13,Train/13/00013_00021_00014.png
client_0,22171,73,64,6,6,67,59,13,Train/13/00013_00057_00001.png
client_0,24319,39,40,6,6,34,35,16,Train/16/00016_00009_00019.png
client_0,21604,38,36,5,5,33,31,13,Train/13/00013_00038_00004.png
client_0,21142,71,79,7,7,65,72,13,Train/13/00013_00022_00022.png
client_0,24235,128,128,12,12,117,117,16,Train/16/00016_00006_00025.png
client_0,34897,34,34,6,6,29,29,35,Train/35/00035_00023_00008.png
client_0,30794,44,41,6,6,39,35,27,Train/27/00027_00007_00014.png
client_0,28632,40,38,5,5,34,32,25,Train/25/00025_00005_00012.png
client_0,9986,64,64,5,6,59,59,5,Train/5/00005_00051_00026.png
client_0,2950,36,36,6,6,31,31,2,Train/2/00002_00005_00010.png
client_0,9180,29,29,6,6,24,24,5,Train/5/00005_00025_00000.png
client_0,16405,61,61,6,5,56,56,10,Train/10/00010_00045_00025.png
client_0,136,41,41,6,6,36,36,20,Train/20/00020_00004_00016.png
client_0,15872,30,30,6,6,25,25,10,Train/10/00010_00028_00002.png
client_0,6282,68,68,7,7,62,62,3,Train/3/00003_00041_00012.png
client_0,26704,44,44,6,6,39,39,18,Train/18/00018_00038_00004.png
client_0,17628,39,35,5,6,34,30,11,Train/11/00011_00019_00018.png
client_0,12678,43,42,5,6,38,37,8,Train/8/00008_00017_00018.png
client_0,21922,85,81,7,8,78,74,13,Train/13/00013_00048_00022.png
client_0,38325,42,41,6,6,36,36,39,Train/39/00039_00008_00016.png
client_0,16103,57,54,6,6,51,49,10,Train/10/00010_00035_00023.png
client_0,38198,33,32,6,5,28,27,39,Train/39/00039_00004_00009.png
client_0,11844,54,52,6,5,49,47,7,Train/7/00007_00037_00024.png
client_0,38351,32,34,5,5,27,29,39,Train/39/00039_00009_00012.png
client_0,30867,94,81,9,7,86,74,28,Train/28/00028_00001_00027.png
client_0,19827,94,94,9,9,86,86,12,Train/12/00012_00048_00027.png
client_0,16947,58,58,6,5,53,52,10,Train/10/00010_00063_00027.png
client_0,25812,65,59,5,5,59,53,18,Train/18/00018_00008_00012.png
client_0,13355,31,31,5,5,26,26,8,Train/8/00008_00040_00005.png
client_0,6242,29,31,5,6,24,26,3,Train/3/00003_00040_00002.png
client_0,18287,52,44,6,5,47,39,11,Train/11/00011_00041_00017.png
client_0,9628,48,50,5,5,43,45,5,Train/5/00005_00039_00028.png
client_0,17451,72,70,6,6,66,64,11,Train/11/00011_00013_00021.png
client_0,31542,39,36,5,6,33,31,29,Train/29/00029_00006_00012.png
client_0,35106,27,30,5,6,22,24,35,Train/35/00035_00030_00007.png
client_0,25428,34,39,5,6,29,34,17,Train/17/00017_00032_00018.png
client_0,9493,40,40,5,6,35,35,5,Train/5/00005_00035_00013.png
client_0,35690,46,48,5,6,40,42,36,Train/36/00036_00009_00021.png
client_0,20697,65,60,6,6,60,55,13,Train/13/00013_00007_00027.png
client_0,18656,74,74,6,7,68,68,12,Train/12/00012_00009_00026.png
client_0,6690,27,26,6,5,22,21,4,Train/4/00004_00008_00000.png
client_0,22016,92,83,9,7,84,76,13,Train/13/00013_00051_00026.png
client_0,15486,30,31,6,6,25,26,10,Train/10/00010_00015_00006.png
client_0,29587,35,31,6,5,30,26,25,Train/25/00025_00037_00007.png
client_0,15689,121,120,10,10,111,110,10,Train/10/00010_00021_00029.png
client_0,22596,39,37,6,6,33,32,13,Train/13/00013_00071_00006.png
client_0,18285,50,43,6,6,45,38,11,Train/11/00011_00041_00015.png
client_0,10132,58,57,6,6,53,52,5,Train/5/00005_00056_00022.png
client_0,15901,29,30,5,6,24,25,10,Train/10/00010_00029_00001.png
client_0,16783,39,39,6,6,34,34,10,Train/10/00010_00058_00013.png
client_0,13010,42,38,5,6,37,33,8,Train/8/00008_00028_00020.png
client_0,6350,38,40,6,5,33,35,3,Train/3/00003_00043_00020.png
client_0,8995,40,40,5,5,35,35,5,Train/5/00005_00018_00025.png
client_0,8818,111,111,9,9,102,102,5,Train/5/00005_00012_00028.png
client_0,16238,32,31,5,5,27,26,10,Train/10/00010_00040_00008.png
client_0,21459,44,40,5,6,39,35,13,Train/13/00013_00033_00009.png
client_0,17705,55,51,6,5,50,46,11,Train/11/00011_00022_00005.png
client_0,17682,40,34,6,6,35,29,11,Train/11/00011_00021_00012.png
client_0,35570,52,52,5,5,47,47,36,Train/36/00036_00005_00021.png
client_0,15457,35,35,6,6,30,30,10,Train/10/00010_00014_00007.png
client_0,333,30,28,5,6,25,23,20,Train/20/00020_00011_00003.png
client_0,5992,49,52,5,5,44,47,3,Train/3/00003_00031_00022.png
client_0,1392,39,39,5,5,34,34,1,Train/1/00001_00027_00012.png
client_0,15068,34,31,6,5,28,25,10,Train/10/00010_00001_00008.png
client_0,2467,31,30,6,5,26,25,1,Train/1/00001_00063_00007.png
client_0,27079,55,52,5,6,50,47,21,Train/21/00021_00003_00019.png
client_0,38449,56,55,6,5,50,49,40,Train/40/00040_00002_00020.png
client_0,502,81,88,7,8,74,80,0,Train/0/00000_00004_00022.png
client_0,26702,40,39,6,5,35,34,18,Train/18/00018_00038_00002.png
client_0,25284,61,62,5,5,55,56,17,Train/17/00017_00027_00024.png
client_0,16544,37,37,5,5,32,32,10,Train/10/00010_00050_00014.png
client_0,18056,107,97,10,8,97,88,11,Train/11/00011_00033_00026.png
client_0,11884,30,31,5,6,25,26,7,Train/7/00007_00039_00004.png
client_0,4467,73,79,6,7,67,72,2,Train/2/00002_00055_00027.png
client_0,15248,36,38,5,6,31,33,10,Train/10/00010_00007_00008.png
client_0,30235,75,67,6,6,69,61,26,Train/26/00026_00008_00025.png
client_0,20460,25,25,5,5,20,20,13,Train/13/00013_00000_00000.png
client_0,17070,47,48,5,5,42,43,11,Train/11/00011_00001_00000.png
client_0,26675,40,39,6,5,35,34,18,Train/18/00018_00037_00005.png
client_0,21924,86,81,7,7,78,74,13,Train/13/00013_00048_00024.png
client_0,30450,31,28,5,6,26,23,26,Train/26/00026_00016_00000.png
client_0,16202,29,30,5,6,24,25,10,Train/10/00010_00039_00002.png
client_0,21016,51,48,6,6,46,43,13,Train/13/00013_00018_00016.png
client_0,27287,47,42,6,5,42,37,21,Train/21/00021_00010_00017.png
client_0,10102,42,44,5,6,37,39,5,Train/5/00005_00055_00022.png
client_0,7299,35,36,5,6,30,31,4,Train/4/00004_00028_00009.png
client_0,4984,31,30,6,5,26,25,2,Train/2/00002_00073_00004.png
client_0,31168,60,57,6,6,55,52,28,Train/28/00028_00011_00028.png
client_0,24770,41,43,5,6,36,37,17,Train/17/00017_00010_00020.png
client_0,17075,59,55,6,6,54,49,11,Train/11/00011_00001_00005.png
client_0,20658,49,43,6,5,44,38,13,Train/13/00013_00006_00018.png
client_0,30894,105,89,10,8,96,82,28,Train/28/00028_00002_00024.png
client_0,22447,36,33,5,5,31,28,13,Train/13/00013_00066_00007.png
client_0,15520,34,35,5,6,29,30,10,Train/10/00010_00016_00010.png
client_0,6887,38,41,5,6,33,36,4,Train/4/00004_00014_00017.png
client_0,21282,33,31,6,5,28,26,13,Train/13/00013_00027_00012.png
client_0,31424,49,44,6,5,44,39,29,Train/29/00029_00002_00014.png
client_0,16550,44,44,6,6,39,39,10,Train/10/00010_00050_00020.png
client_0,38152,77,83,7,7,71,76,39,Train/39/00039_00002_00023.png
client_0,13811,30,30,5,5,25,25,9,Train/9/00009_00008_00011.png
client_0,10217,42,40,6,5,37,35,5,Train/5/00005_00059_00017.png
client_0,16503,29,30,5,5,24,24,10,Train/10/00010_00049_00003.png
client_0,27638,40,38,6,5,35,33,22,Train/22/00022_00011_00008.png
client_0,17085,77,73,7,6,71,67,11,Train/11/00011_00001_00015.png
client_0,22200,27,25,6,5,22,20,13,Train/13/00013_00058_00000.png
client_0,17940,25,27,5,6,20,22,11,Train/11/00011_00030_00000.png
client_0,19723,59,58,6,5,54,53,12,Train/12/00012_00045_00013.png
client_0,22381,27,27,5,5,22,22,13,Train/13/00013_00064_00001.png
client_0,21543,37,36,6,5,32,31,13,Train/13/00013_00036_00003.png
client_0,20800,42,44,6,6,37,39,13,Train/13/00013_00011_00010.png
client_0,34109,28,27,5,5,23,22,34,Train/34/00034_00011_00000.png
client_0,25370,53,57,5,5,47,51,17,Train/17/00017_00030_00020.png
client_0,415,50,52,5,5,45,47,0,Train/0/00000_00001_00025.png
client_0,26179,96,86,9,7,88,79,18,Train/18/00018_00020_00019.png
client_0,5605,77,77,7,7,71,71,3,Train/3/00003_00018_00025.png
client_0,10060,36,34,6,5,31,29,5,Train/5/00005_00054_00010.png
client_0,21317,49,45,6,5,44,40,13,Train/13/00013_00028_00017.png
client_0,28185,53,51,6,5,48,46,23,Train/23/00023_00016_00015.png
client_0,9771,53,57,5,6,47,51,5,Train/5/00005_00044_00021.png
client_0,38465,40,41,5,6,35,36,40,Train/40/00040_00003_00006.png
client_0,15931,28,28,5,5,23,23,10,Train/10/00010_00030_00001.png
client_0,24819,29,27,5,5,24,22,17,Train/17/00017_00012_00009.png
client_0,13382,33,32,6,5,28,27,8,Train/8/00008_00041_00002.png
client_0,8066,94,88,9,8,86,81,4,Train/4/00004_00053_00026.png
client_0,29149,76,69,6,6,70,63,25,Train/25/00025_00022_00019.png
client_0,4269,32,32,5,5,27,27,2,Train/2/00002_00049_00009.png
client_0,10644,55,54,6,5,50,49,6,Train/6/00006_00011_00024.png
client_0,13312,41,45,6,6,36,40,8,Train/8/00008_00038_00022.png
client_0,9845,32,31,6,5,27,26,5,Train/5/00005_00047_00005.png
client_0,15841,28,30,6,5,23,25,10,Train/10/00010_00027_00001.png
client_0,21617,61,54,6,5,56,49,13,Train/13/00013_00038_00017.png
client_0,9707,44,45,5,5,39,40,5,Train/5/00005_00042_00017.png
client_0,22362,39,36,6,5,34,31,13,Train/13/00013_00063_00012.png
client_0,26456,104,93,9,9,95,85,18,Train/18/00018_00029_00026.png
client_0,23282,35,36,5,5,30,31,14,Train/14/00014_00022_00002.png
client_0,28800,64,58,6,5,59,53,25,Train/25/00025_00011_00000.png
client_0,22254,97,89,9,8,89,82,13,Train/13/00013_00059_00024.png
client_0,16139,57,48,6,5,52,42,10,Train/10/00010_00036_00029.png
client_0,10393,37,39,6,6,32,34,6,Train/6/00006_00003_00013.png
client_0,25949,56,52,6,6,50,46,18,Train/18/00018_00012_00029.png
client_0,25019,41,42,6,6,36,37,17,Train/17/00017_00018_00029.png
client_0,7497,57,58,5,5,52,53,4,Train/4/00004_00034_00027.png
client_0,27257,54,51,6,6,49,46,21,Train/21/00021_00009_00017.png
client_0,38300,81,86,7,8,73,78,39,Train/39/00039_00007_00021.png
client_0,21635,35,31,5,5,30,26,13,Train/13/00013_00039_00005.png
client_0,461,37,37,6,6,31,31,0,Train/0/00000_00003_00011.png
client_0,21411,44,38,6,5,39,33,13,Train/13/00013_00031_00021.png
client_0,16256,60,58,6,5,55,53,10,Train/10/00010_00040_00026.png
client_0,24360,26,27,6,6,21,22,16,Train/16/00016_00011_00000.png
client_0,24562,41,41,5,5,35,36,17,Train/17/00017_00003_00022.png
client_0,32013,34,29,6,5,29,24,30,Train/30/00030_00013_00003.png
client_0,10367,44,45,6,5,39,40,6,Train/6/00006_00002_00017.png
client_0,6417,97,98,8,9,89,90,3,Train/3/00003_00045_00027.png
client_0,9516,29,31,5,6,24,25,5,Train/5/00005_00036_00006.png
client_0,12840,33,32,6,5,28,27,8,Train/8/00008_00023_00000.png
client_0,8888,35,35,5,5,30,30,5,Train/5/00005_00015_00008.png
client_0,38323,39,39,6,6,34,34,39,Train/39/00039_00008_00014.png
client_0,4696,35,34,6,5,30,29,2,Train/2/00002_00063_00016.png
client_0,18101,59,60,6,6,54,55,11,Train/11/00011_00035_00011.png
client_0,14812,39,40,6,5,34,35,9,Train/9/00009_00041_00022.png
client_0,5117,42,43,6,5,37,38,3,Train/3/00003_00002_00017.png
client_0,17615,36,29,6,5,31,24,11,Train/11/00011_00019_00005.png
client_0,6233,57,58,6,5,52,53,3,Train/3/00003_00039_00023.png
client_0,21637,35,32,5,6,30,27,13,Train/13/00013_00039_00007.png
client_0,5902,41,45,6,6,36,40,3,Train/3/00003_00028_00022.png
client_0,35882,32,31,6,5,26,25,37,Train/37/00037_00003_00003.png
client_0,20461,26,27,5,6,21,22,13,Train/13/00013_00000_00001.png
client_0,28154,58,52,6,5,53,47,23,Train/23/00023_00015_00014.png
client_0,25404,43,49,5,6,38,43,17,Train/17/00017_00031_00024.png
client_0,1474,32,38,5,5,27,33,1,Train/1/00001_00030_00004.png
client_0,24927,50,54,6,6,45,49,17,Train/17/00017_00015_00027.png
client_0,19086,47,46,6,5,42,41,12,Train/12/00012_00024_00006.png
client_0,22040,55,49,6,6,49,44,13,Train/13/00013_00052_00020.png
client_0,4248,36,35,5,6,30,29,2,Train/2/00002_00048_00018.png
client_0,21607,41,39,5,5,36,34,13,Train/13/00013_00038_00007.png
client_0,35214,74,73,6,6,68,67,35,Train/35/00035_00033_00025.png
client_0,10183,32,32,5,5,27,27,5,Train/5/00005_00058_00013.png
client_0,21408,40,38,5,6,35,33,13,Train/13/00013_00031_00018.png
client_0,21432,51,41,6,6,45,36,13,Train/13/00013_00032_00012.png
client_0,17990,82,75,7,7,75,69,11,Train/11/00011_00031_00020.png
client_0,15534,48,49,5,6,43,44,10,Train/10/00010_00016_00024.png
client_0,18220,35,33,6,6,30,28,11,Train/11/00011_00039_00010.png
client_0,5448,43,43,6,6,37,38,3,Train/3/00003_00013_00018.png
client_0,34238,32,32,6,6,27,27,35,Train/35/00035_00001_00009.png
client_0,26627,49,43,6,5,44,38,18,Train/18/00018_00035_00017.png
client_0,16159,40,39,6,6,35,34,10,Train/10/00010_00037_00019.png
client_0,6732,37,37,6,5,32,31,4,Train/4/00004_00009_00012.png
client_0,16401,51,55,5,6,46,50,10,Train/10/00010_00045_00021.png
client_0,17445,57,54,6,5,52,49,11,Train/11/00011_00013_00015.png
client_0,4915,51,48,6,6,46,43,2,Train/2/00002_00070_00025.png
client_0,25123,46,45,6,5,41,40,17,Train/17/00017_00022_00013.png
client_0,28367,36,35,6,6,31,29,24,Train/24/00024_00005_00017.png
client_0,25149,31,34,5,6,26,28,17,Train/17/00017_00023_00009.png
client_0,31252,65,60,6,6,60,55,28,Train/28/00028_00014_00022.png
client_0,7030,39,39,5,5,34,34,4,Train/4/00004_00019_00010.png
client_0,18229,45,42,5,5,39,37,11,Train/11/00011_00039_00019.png
client_0,34143,30,30,5,5,25,25,34,Train/34/00034_00012_00004.png
client_0,33947,40,43,6,5,34,37,34,Train/34/00034_00005_00018.png
client_0,9272,32,30,5,5,27,25,5,Train/5/00005_00028_00002.png
client_0,8739,33,34,5,5,28,29,5,Train/5/00005_00010_00009.png
client_0,10337,43,43,6,5,38,38,6,Train/6/00006_00001_00017.png
client_0,20221,39,38,6,5,34,33,12,Train/12/00012_00062_00001.png
client_0,15522,36,37,5,6,31,32,10,Train/10/00010_00016_00012.png
client_0,22140,47,43,5,5,42,38,13,Train/13/00013_00056_00000.png
client_0,13781,34,33,5,5,28,27,9,Train/9/00009_00007_00011.png
client_0,34457,64,63,5,6,58,57,35,Train/35/00035_00008_00018.png
client_0,15893,48,47,6,5,43,42,10,Train/10/00010_00028_00023.png
client_0,17942,26,26,6,5,21,21,11,Train/11/00011_00030_00002.png
client_0,34008,48,48,6,6,43,43,34,Train/34/00034_00007_00019.png
client_0,9933,31,31,6,6,26,26,5,Train/5/00005_00050_00003.png
client_0,15836,48,48,6,6,43,43,10,Train/10/00010_00026_00026.png
client_0,24242,29,30,6,5,24,25,16,Train/16/00016_00007_00002.png
client_0,28644,81,70,8,7,73,64,25,Train/25/00025_00005_00024.png
client_0,17917,56,51,5,5,51,46,11,Train/11/00011_00029_00007.png
client_0,26991,72,68,7,6,65,61,21,Train/21/00021_00000_00021.png
client_0,9510,26,26,5,5,21,20,5,Train/5/00005_00036_00000.png
client_0,32026,42,37,6,5,37,32,30,Train/30/00030_00013_00016.png
client_0,25342,39,42,5,5,34,37,17,Train/17/00017_00029_00022.png
client_0,31454,57,53,6,6,52,48,29,Train/29/00029_00003_00014.png
client_0,19343,52,63,5,6,47,58,12,Train/12/00012_00032_00023.png
client_0,24713,31,33,6,6,26,28,17,Train/17/00017_00008_00023.png
client_0,4147,29,29,5,6,24,24,2,Train/2/00002_00045_00007.png
client_0,3031,28,27,6,5,22,22,2,Train/2/00002_00008_00001.png
client_0,22252,96,89,8,8,87,81,13,Train/13/00013_00059_00022.png
client_0,20643,29,29,5,6,24,24,13,Train/13/00013_00006_00003.png
client_0,19523,67,67,6,6,61,61,12,Train/12/00012_00038_00023.png
client_0,20705,43,47,6,5,37,42,13,Train/13/00013_00008_00005.png
client_0,20999,110,98,10,9,101,90,13,Train/13/00013_00017_00029.png
client_0,27276,30,31,5,6,24,25,21,Train/21/00021_00010_00006.png
client_0,35756,88,92,7,9,81,84,36,Train/36/00036_00011_00027.png
client_0,21744,62,56,5,6,57,51,13,Train/13/00013_00042_00024.png
client_0,15351,45,46,5,6,40,41,10,Train/10/00010_00010_00021.png
client_0,411,45,45,6,5,40,40,0,Train/0/00000_00001_00021.png
client_0,31164,54,50,5,5,49,45,28,Train/28/00028_00011_00024.png
client_0,21872,61,53,5,5,56,48,13,Train/13/00013_00047_00002.png
client_0,31321,35,34,6,6,30,29,28,Train/28/00028_00017_00001.png
client_0,17754,68,60,6,6,62,55,11,Train/11/00011_00023_00024.png
client_0,22174,77,68,7,6,71,62,13,Train/13/00013_00057_00004.png
client_0,26664,92,94,8,8,84,85,18,Train/18/00018_00036_00024.png
client_0,12414,51,51,6,6,46,46,8,Train/8/00008_00008_00024.png
client_0,25232,29,28,6,5,24,23,17,Train/17/00017_00026_00002.png
client_0,18310,41,41,6,6,36,36,11,Train/11/00011_00042_00010.png
client_0,24167,39,40,5,6,34,35,16,Train/16/00016_00004_00017.png
client_0,22845,56,55,5,5,51,50,14,Train/14/00014_00007_00015.png
client_0,16028,28,27,5,5,23,22,10,Train/10/00010_00033_00008.png
client_0,30653,80,72,7,6,73,66,27,Train/27/00027_00002_00023.png
client_0,31602,52,48,5,6,47,43,29,Train/29/00029_00008_00012.png
client_0,18184,49,45,5,6,44,40,11,Train/11/00011_00038_00004.png
client_0,26443,44,43,5,6,39,38,18,Train/18/00018_00029_00013.png
client_0,16075,68,61,7,5,62,55,10,Train/10/00010_00034_00025.png
client_0,15561,45,45,6,6,40,40,10,Train/10/00010_00017_00021.png
client_0,38345,30,31,6,5,25,25,39,Train/39/00039_00009_00006.png
client_0,24871,29,31,5,5,24,26,17,Train/17/00017_00014_00001.png
client_0,27119,71,58,6,5,65,53,21,Train/21/00021_00004_00029.png
client_0,8437,34,35,6,6,29,30,5,Train/5/00005_00000_00007.png
client_0,494,70,74,7,7,64,68,0,Train/0/00000_00004_00014.png
client_0,24402,34,34,6,6,29,29,16,Train/16/00016_00012_00012.png
client_0,7999,49,46,5,5,43,41,4,Train/4/00004_00051_00019.png
client_0,26014,43,43,6,6,38,38,18,Train/18/00018_00015_00004.png
client_0,6332,29,30,6,6,24,25,3,Train/3/00003_00043_00002.png
client_0,17272,72,63,6,5,65,58,11,Train/11/00011_00007_00022.png
client_0,15874,30,30,5,5,25,25,10,Train/10/00010_00028_00004.png
client_0,25993,46,45,6,5,41,40,18,Train/18/00018_00014_00013.png
client_0,19786,59,62,5,6,54,57,12,Train/12/00012_00047_00016.png
client_0,9759,37,38,5,5,31,33,5,Train/5/00005_00044_00009.png
client_0,21628,124,117,10,11,114,107,13,Train/13/00013_00038_00028.png
client_0,27299,181,165,15,14,165,151,21,Train/21/00021_00010_00029.png
client_0,27118,71,58,7,6,65,53,21,Train/21/00021_00004_00028.png
client_0,1178,50,55,5,6,44,50,1,Train/1/00001_00020_00008.png
client_0,25769,122,108,11,10,112,99,18,Train/18/00018_00006_00029.png
client_0,16722,34,35,5,6,29,30,10,Train/10/00010_00056_00012.png
client_0,1757,52,55,5,5,47,50,1,Train/1/00001_00039_00017.png
client_0,25337,35,39,5,6,29,33,17,Train/17/00017_00029_00017.png
client_0,16226,60,63,5,6,54,58,10,Train/10/00010_00039_00026.png
client_0,491,68,72,6,7,61,65,0,Train/0/00000_00004_00011.png
client_0,33883,63,69,5,7,57,62,34,Train/34/00034_00003_00014.png
client_0,16702,47,48,5,6,42,43,10,Train/10/00010_00055_00022.png
client_0,18525,63,62,6,5,58,57,12,Train/12/00012_00005_00015.png
client_0,5564,48,51,5,6,43,46,3,Train/3/00003_00017_00014.png
client_0,34605,41,41,6,6,36,36,35,Train/35/00035_00013_00016.png
client_0,35449,50,48,6,5,44,43,36,Train/36/00036_00001_00020.png
client_0,29095,59,52,6,5,54,47,25,Train/25/00025_00020_00025.png
client_0,9754,34,37,5,6,29,31,5,Train/5/00005_00044_00004.png
client_0,28092,51,49,6,6,46,43,23,Train/23/00023_00013_00012.png
client_0,17524,41,40,5,5,36,35,11,Train/11/00011_00016_00004.png
client_0,17900,29,45,5,6,24,40,11,Train/11/00011_00028_00020.png
client_0,24866,33,40,6,6,28,35,17,Train/17/00017_00013_00026.png
client_0,2754,80,80,7,7,73,73,1,Train/1/00001_00072_00024.png
client_0,24599,35,35,5,6,30,30,17,Train/17/00017_00004_00029.png
client_0,28671,40,38,6,5,35,33,25,Train/25/00025_00006_00021.png
client_0,21519,53,57,6,5,48,52,13,Train/13/00013_00035_00009.png
client_0,21353,45,44,5,6,40,39,13,Train/13/00013_00029_00023.png
client_0,8753,50,50,6,6,45,45,5,Train/5/00005_00010_00023.png
client_0,31435,71,63,6,5,65,58,29,Train/29/00029_00002_00025.png
client_0,18506,34,31,6,6,29,25,12,Train/12/00012_00004_00026.png
client_0,30844,39,35,6,5,34,30,28,Train/28/00028_00001_00004.png
client_0,10046,57,57,5,6,52,52,5,Train/5/00005_00053_00026.png
client_0,31137,121,109,11,10,111,100,28,Train/28/00028_00010_00027.png
client_0,31775,36,34,6,6,31,29,30,Train/30/00030_00005_00005.png
client_0,6775,65,65,6,5,59,59,4,Train/4/00004_00010_00025.png
client_0,30824,43,39,6,5,37,33,28,Train/28/00028_00000_00014.png
client_0,3377,45,48,6,6,40,43,2,Train/2/00002_00019_00017.png
client_0,15572,32,32,5,5,27,27,10,Train/10/00010_00018_00002.png
client_0,15652,43,42,6,5,38,37,10,Train/10/00010_00020_00022.png
client_0,5991,48,51,6,6,43,46,3,Train/3/00003_00031_00021.png
client_0,6245,31,33,5,6,26,28,3,Train/3/00003_00040_00005.png
client_0,8571,48,49,6,5,43,44,5,Train/5/00005_00004_00021.png
client_0,17178,64,61,6,5,59,56,11,Train/11/00011_00004_00018.png
client_0,16757,47,45,5,5,42,40,10,Train/10/00010_00057_00017.png
client_0,20786,79,74,7,6,72,68,13,Train/13/00013_00010_00026.png
client_0,17051,36,28,6,5,31,23,11,Train/11/00011_00000_00011.png
client_0,22588,161,144,14,13,148,132,13,Train/13/00013_00070_00028.png
client_0,21100,36,31,6,5,31,26,13,Train/13/00013_00021_00010.png
client_0,25431,34,39,5,6,29,34,17,Train/17/00017_00032_00021.png
client_0,29330,93,87,9,8,85,80,25,Train/25/00025_00028_00020.png
client_0,16042,45,44,5,5,39,38,10,Train/10/00010_00033_00022.png
client_0,9561,42,37,6,5,36,32,5,Train/5/00005_00037_00021.png
client_0,9030,27,27,6,6,22,22,5,Train/5/00005_00020_00000.png
client_0,16239,33,31,6,5,28,26,10,Train/10/00010_00040_00009.png
client_0,17883,28,43,6,5,23,38,11,Train/11/00011_00028_00003.png
client_0,20677,41,40,6,6,36,35,13,Train/13/00013_00007_00007.png
client_0,31285,76,68,6,6,70,62,28,Train/28/00028_00015_00025.png
client_0,7615,55,55,6,6,50,50,4,Train/4/00004_00038_00025.png
client_0,38189,26,26,5,5,20,20,39,Train/39/00039_00004_00000.png
client_0,17308,136,119,12,10,125,109,11,Train/11/00011_00008_00028.png
client_0,15219,35,36,5,6,29,30,10,Train/10/00010_00006_00009.png
client_0,38305,92,98,8,8,84,90,39,Train/39/00039_00007_00026.png
client_0,20573,112,106,10,10,103,97,13,Train/13/00013_00003_00023.png
client_0,9862,55,57,6,6,50,52,5,Train/5/00005_00047_00022.png
client_0,16124,35,31,6,5,30,26,10,Train/10/00010_00036_00014.png
client_0,7567,33,34,5,6,28,29,4,Train/4/00004_00037_00007.png
client_0,29143,57,52,6,6,52,47,25,Train/25/00025_00022_00013.png
client_0,24546,28,30,5,6,23,25,17,Train/17/00017_00003_00006.png
client_0,2168,58,62,5,6,53,57,1,Train/1/00001_00053_00008.png
client_0,28625,35,33,5,5,30,28,25,Train/25/00025_00005_00005.png
client_0,21149,80,92,8,9,73,84,13,Train/13/00013_00022_00029.png
client_0,6745,53,53,5,5,48,48,4,Train/4/00004_00009_00025.png
client_0,30385,60,58,6,5,54,52,26,Train/26/00026_00013_00025.png
client_0,16249,45,43,6,5,40,38,10,Train/10/00010_00040_00019.png
client_0,17260,53,49,5,5,48,44,11,Train/11/00011_00007_00010.png
client_0,31992,42,44,6,6,37,39,30,Train/30/00030_00012_00012.png
client_0,6483,40,42,5,5,35,37,4,Train/4/00004_00001_00003.png
client_0,25269,32,33,6,6,27,28,17,Train/17/00017_00027_00009.png
client_0,19779,45,48,6,6,40,43,12,Train/12/00012_00047_00009.png
client_0,28715,74,72,7,7,68,66,25,Train/25/00025_00008_00005.png
client_0,21991,33,30,6,5,28,25,13,Train/13/00013_00051_00001.png
client_0,31714,47,40,6,5,42,35,30,Train/30/00030_00003_00004.png
client_0,25392,34,38,5,5,29,33,17,Train/17/00017_00031_00012.png
client_0,15430,40,39,6,5,35,34,10,Train/10/00010_00013_00010.png
client_0,5320,35,34,6,5,30,29,3,Train/3/00003_00009_00010.png
client_0,22099,113,108,10,10,104,99,13,Train/13/00013_00054_00019.png
client_0,25045,69,68,7,7,63,62,17,Train/17/00017_00019_00025.png
client_0,16731,48,48,6,6,43,43,10,Train/10/00010_00056_00021.png
client_0,4587,118,117,10,11,108,107,2,Train/2/00002_00059_00027.png
client_0,5476,35,35,6,6,30,30,3,Train/3/00003_00014_00016.png
client_0,35862,46,45,6,6,41,40,37,Train/37/00037_00002_00013.png
client_0,11358,42,41,6,6,37,36,7,Train/7/00007_00021_00018.png
client_0,6667,33,32,6,5,28,27,4,Train/4/00004_00007_00007.png
client_0,16874,40,34,5,5,35,28,10,Train/10/00010_00061_00014.png
client_0,26835,62,54,6,5,57,49,19,Train/19/00019_00002_00015.png
client_0,4929,28,29,5,6,23,24,2,Train/2/00002_00071_00009.png
client_0,15119,49,46,5,5,44,41,10,Train/10/00010_00002_00029.png
client_0,17978,47,46,6,6,42,40,11,Train/11/00011_00031_00008.png
client_0,24503,42,43,5,6,37,38,17,Train/17/00017_00001_00023.png
client_0,29206,62,58,5,5,57,53,25,Train/25/00025_00024_00016.png
client_0,33912,62,62,5,5,57,57,34,Train/34/00034_00004_00013.png
client_0,9197,36,36,5,5,31,31,5,Train/5/00005_00025_00017.png
client_0,34816,43,43,5,5,38,38,35,Train/35/00035_00020_00017.png
client_0,10331,36,38,5,6,31,33,6,Train/6/00006_00001_00011.png
client_0,9103,40,41,5,6,35,36,5,Train/5/00005_00022_00013.png
client_0,15258,50,51,5,6,45,46,10,Train/10/00010_00007_00018.png
client_0,8614,32,33,5,6,27,28,5,Train/5/00005_00006_00004.png
client_0,21955,93,83,8,8,84,75,13,Train/13/00013_00049_00025.png
client_0,20913,62,58,6,5,57,53,13,Train/13/00013_00015_00003.png
client_0,25343,41,45,5,6,36,40,17,Train/17/00017_00029_00023.png
client_0,17444,54,52,5,6,48,47,11,Train/11/00011_00013_00014.png
client_0,31455,58,54,5,5,53,49,29,Train/29/00029_00003_00015.png
client_0,27589,59,52,6,6,54,47,22,Train/22/00022_00009_00019.png
client_0,22395,32,33,5,6,27,28,13,Train/13/00013_00064_00015.png
client_0,16635,52,54,5,6,47,49,10,Train/10/00010_00053_00015.png
client_0,30345,43,39,5,5,37,33,26,Train/26/00026_00012_00015.png
client_0,20989,70,62,6,5,64,57,13,Train/13/00013_00017_00019.png
client_0,29683,47,43,5,5,42,38,25,Train/25/00025_00040_00013.png
client_0,10275,35,34,6,5,30,29,5,Train/5/00005_00061_00015.png
client_0,16862,30,26,6,5,25,21,10,Train/10/00010_00061_00002.png
client_0,6741,46,48,5,6,41,43,4,Train/4/00004_00009_00021.png
client_0,33941,34,37,5,5,28,31,34,Train/34/00034_00005_00012.png
client_0,25107,62,58,6,5,57,53,17,Train/17/00017_00021_00027.png
client_0,18749,178,176,15,15,162,160,12,Train/12/00012_00012_00029.png
client_0,26067,63,58,6,5,57,52,18,Train/18/00018_00016_00027.png
client_0,16720,33,34,5,6,28,29,10,Train/10/00010_00056_00010.png
client_0,21536,132,134,11,12,121,123,13,Train/13/00013_00035_00026.png
client_0,33865,72,71,7,6,66,65,34,Train/34/00034_00002_00026.png
client_0,8535,34,34,5,6,29,29,5,Train/5/00005_00003_00015.png
client_0,21514,43,49,5,6,38,44,13,Train/13/00013_00035_00004.png
client_0,4757,71,72,7,7,65,66,2,Train/2/00002_00065_00017.png
client_0,34857,123,119,11,11,113,109,35,Train/35/00035_00021_00028.png
client_0,38555,40,40,5,5,35,35,40,Train/40/00040_00006_00006.png
client_0,1905,43,43,5,5,38,38,1,Train/1/00001_00044_00015.png
client_0,24187,30,30,5,5,25,25,16,Train/16/00016_00005_00007.png
client_0,22604,46,44,6,6,41,39,13,Train/13/00013_00071_00014.png
client_0,22417,38,35,5,6,33,30,13,Train/13/00013_00065_00007.png
client_0,17144,51,45,6,6,45,40,11,Train/11/00011_00003_00014.png
client_0,5558,41,43,5,6,36,37,3,Train/3/00003_00017_00008.png
client_0,25299,39,40,6,6,34,35,17,Train/17/00017_00028_00009.png
client_0,24262,43,43,5,5,38,38,16,Train/16/00016_00007_00022.png
client_0,31790,52,49,5,5,47,44,30,Train/30/00030_00005_00020.png
client_0,30224,46,42,6,6,41,37,26,Train/26/00026_00008_00014.png
client_0,38697,92,92,9,9,84,84,40,Train/40/00040_00010_00028.png
client_0,20508,53,52,5,5,47,46,13,Train/13/00013_00001_00018.png
client_0,26460,27,26,5,6,22,21,18,Train/18/00018_00030_00000.png
client_0,9568,52,49,5,6,47,44,5,Train/5/00005_00037_00028.png
client_0,27162,41,38,6,5,36,33,21,Train/21/00021_00006_00012.png
client_0,5399,119,121,10,10,109,111,3,Train/3/00003_00011_00029.png
client_0,30146,63,56,5,5,58,51,26,Train/26/00026_00005_00026.png
client_0,25422,33,32,5,5,28,27,17,Train/17/00017_00032_00012.png
client_0,419,59,61,5,5,54,55,0,Train/0/00000_00001_00029.png
client_0,22242,94,86,8,7,86,79,13,Train/13/00013_00059_00012.png
client_0,21880,71,60,7,5,65,55,13,Train/13/00013_00047_00010.png
client_0,30566,70,60,7,5,63,55,26,Train/26/00026_00019_00026.png
client_0,12683,51,51,5,6,46,46,8,Train/8/00008_00017_00023.png
client_0,15337,34,33,6,5,29,28,10,Train/10/00010_00010_00007.png
client_0,9294,52,48,6,5,47,43,5,Train/5/00005_00028_00024.png
client_0,8040,35,34,6,5,30,29,4,Train/4/00004_00053_00000.png
client_0,21202,81,71,8,6,74,64,13,Train/13/00013_00024_00022.png
client_0,26111,55,53,5,5,50,48,18,Train/18/00018_00018_00011.png
client_0,27990,37,37,5,6,32,32,23,Train/23/00023_00010_00000.png
client_0,10088,35,34,6,6,30,29,5,Train/5/00005_00055_00008.png
client_0,22348,132,122,11,11,121,112,13,Train/13/00013_00062_00028.png
client_0,21832,121,120,11,10,111,110,13,Train/13/00013_00045_00022.png
client_0,17491,28,27,5,5,22,22,11,Train/11/00011_00015_00001.png
client_0,16048,70,60,7,6,64,55,10,Train/10/00010_00033_00028.png
client_0,15148,49,49,6,5,44,44,10,Train/10/00010_00003_00028.png
client_0,29903,145,127,13,11,132,116,25,Train/25/00025_00047_00023.png
client_0,10466,49,52,5,5,44,47,6,Train/6/00006_00005_00026.png
client_0,17868,75,65,7,6,69,60,11,Train/11/00011_00027_00018.png
client_0,25317,69,71,6,6,63,65,17,Train/17/00017_00028_00027.png
client_0,12189,33,33,6,5,28,28,8,Train/8/00008_00001_00009.png
client_0,9375,34,34,5,5,29,29,5,Train/5/00005_00031_00015.png
client_0,19574,49,49,5,5,44,44,12,Train/12/00012_00040_00014.png
client_0,38260,32,33,6,6,27,28,39,Train/39/00039_00006_00011.png
client_0,24656,62,69,5,6,56,62,17,Train/17/00017_00006_00026.png
client_0,22322,31,31,5,5,26,26,13,Train/13/00013_00062_00002.png
client_0,31551,55,51,5,6,50,46,29,Train/29/00029_00006_00021.png
client_0,25851,45,42,6,6,40,36,18,Train/18/00018_00009_00021.png
client_0,25562,27,27,5,6,22,22,18,Train/18/00018_00000_00002.png
client_0,18516,49,48,5,5,44,43,12,Train/12/00012_00005_00006.png
client_0,25383,27,31,6,6,22,25,17,Train/17/00017_00031_00003.png
client_0,545,38,40,6,6,32,35,0,Train/0/00000_00006_00005.png
client_0,21651,55,49,6,6,50,44,13,Train/13/00013_00039_00021.png
client_0,20543,58,59,5,6,52,54,13,Train/13/00013_00002_00023.png
client_0,13235,34,35,5,6,29,30,8,Train/8/00008_00036_00005.png
client_0,12483,33,33,6,6,28,28,8,Train/8/00008_00011_00003.png
client_0,8042,36,36,5,5,31,31,4,Train/4/00004_00053_00002.png
client_0,19544,50,50,5,5,45,45,12,Train/12/00012_00039_00014.png
client_0,35869,76,72,7,6,70,66,37,Train/37/00037_00002_00020.png
client_0,8094,85,93,7,9,78,85,4,Train/4/00004_00054_00024.png
client_0,5203,39,38,6,5,33,32,3,Train/3/00003_00005_00013.png
client_0,22294,50,45,5,6,44,40,13,Train/13/00013_00061_00004.png
client_0,4347,101,98,9,8,92,90,2,Train/2/00002_00051_00027.png
client_0,8719,54,53,6,5,49,48,5,Train/5/00005_00009_00019.png
client_0,8886,33,34,5,5,28,28,5,Train/5/00005_00015_00006.png
client_0,16685,32,32,6,6,27,27,10,Train/10/00010_00055_00005.png
client_0,20785,73,73,6,7,67,67,13,Train/13/00013_00010_00025.png
client_0,18794,42,41,5,5,37,36,12,Train/12/00012_00014_00014.png
client_0,24706,29,32,5,5,24,27,17,Train/17/00017_00008_00016.png
client_0,35565,45,45,6,6,40,40,36,Train/36/00036_00005_00016.png
client_0,20555,30,31,5,5,25,26,13,Train/13/00013_00003_00005.png
client_0,9037,28,28,5,5,23,23,5,Train/5/00005_00020_00007.png
client_0,3505,49,50,5,6,44,45,2,Train/2/00002_00023_00025.png
client_0,26610,28,26,5,6,23,21,18,Train/18/00018_00035_00000.png
client_0,18083,89,84,8,8,82,77,11,Train/11/00011_00034_00023.png
client_0,21534,113,119,10,11,104,109,13,Train/13/00013_00035_00024.png
client_0,16741,33,32,5,5,28,27,10,Train/10/00010_00057_00001.png
client_0,9322,46,43,6,6,41,38,5,Train/5/00005_00029_00022.png
client_0,24659,84,89,8,7,76,81,17,Train/17/00017_00006_00029.png
client_0,25424,34,35,6,5,29,30,17,Train/17/00017_00032_00014.png
client_0,24605,29,29,5,5,24,24,17,Train/17/00017_00005_00005.png
client_0,18335,35,37,5,5,30,32,11,Train/11/00011_00043_00005.png
client_0,8875,59,60,5,6,54,55,5,Train/5/00005_00014_00025.png
client_0,27034,32,31,5,6,27,26,21,Train/21/00021_00002_00004.png
client_0,8237,45,45,5,5,40,40,4,Train/4/00004_00059_00017.png
client_0,13348,88,93,8,8,81,85,8,Train/8/00008_00039_00028.png
client_0,6333,29,30,5,5,24,25,3,Train/3/00003_00043_00003.png
client_0,21504,48,46,6,6,42,40,13,Train/13/00013_00034_00024.png
client_0,27210,38,37,5,5,33,32,21,Train/21/00021_00008_00000.png
client_0,12327,59,60,6,6,54,55,8,Train/8/00008_00005_00027.png
client_0,39171,44,44,5,5,39,39,42,Train/42/00042_00006_00022.png
client_0,21311,49,45,6,5,44,40,13,Train/13/00013_00028_00011.png
client_0,26387,53,49,5,6,48,44,18,Train/18/00018_00027_00017.png
client_0,38135,50,54,6,5,45,49,39,Train/39/00039_00002_00006.png
client_0,5160,30,31,5,6,25,26,3,Train/3/00003_00004_00000.png
client_0,1249,53,52,6,5,48,47,1,Train/1/00001_00022_00019.png
client_0,15742,46,46,6,5,41,41,10,Train/10/00010_00023_00022.png
client_0,27014,43,42,5,6,38,37,21,Train/21/00021_00001_00014.png
client_0,18791,41,40,6,6,36,35,12,Train/12/00012_00014_00011.png
client_0,9020,49,48,6,5,44,43,5,Train/5/00005_00019_00020.png
client_0,38144,57,62,6,5,52,57,39,Train/39/00039_00002_00015.png
client_0,12911,32,32,6,6,26,26,8,Train/8/00008_00025_00011.png
client_0,16255,55,54,5,5,50,49,10,Train/10/00010_00040_00025.png
client_0,10521,35,38,5,6,29,32,6,Train/6/00006_00007_00021.png
client_0,14167,30,31,6,6,25,26,9,Train/9/00009_00020_00007.png
client_0,7442,29,31,5,6,24,26,4,Train/4/00004_00033_00002.png
client_0,22010,56,52,5,5,51,47,13,Train/13/00013_00051_00020.png
client_0,8990,36,37,5,6,31,32,5,Train/5/00005_00018_00020.png
client_0,25901,38,35,5,5,33,30,18,Train/18/00018_00011_00011.png
client_0,6360,28,29,6,6,23,24,3,Train/3/00003_00044_00000.png
client_0,29161,42,41,6,5,37,36,25,Train/25/00025_00023_00001.png
client_0,16977,51,54,5,6,46,49,10,Train/10/00010_00064_00027.png
client_0,34613,67,69,6,7,61,63,35,Train/35/00035_00013_00024.png
client_0,31854,93,84,8,7,85,77,30,Train/30/00030_00007_00024.png
client_0,15201,44,45,5,6,39,40,10,Train/10/00010_00005_00021.png
client_0,24643,38,38,6,5,33,33,17,Train/17/00017_00006_00013.png
client_0,15489,34,35,5,5,29,30,10,Train/10/00010_00015_00009.png
client_0,10146,32,33,6,5,27,28,5,Train/5/00005_00057_00006.png
client_0,29549,193,170,16,14,177,156,25,Train/25/00025_00035_00029.png
client_0,26896,55,52,5,5,50,47,19,Train/19/00019_00004_00016.png
client_0,13427,40,40,5,5,35,35,8,Train/8/00008_00042_00017.png
client_0,33828,40,39,6,5,35,34,34,Train/34/00034_00001_00019.png
client_0,18047,57,57,5,6,51,52,11,Train/11/00011_00033_00017.png
client_0,28885,75,73,7,7,69,67,25,Train/25/00025_00013_00025.png
client_0,9262,54,51,6,6,49,46,5,Train/5/00005_00027_00022.png
client_0,31194,70,64,7,6,63,58,28,Train/28/00028_00012_00024.png
client_0,31226,122,118,10,10,111,108,28,Train/28/00028_00013_00026.png
client_0,30381,48,47,5,5,43,42,26,Train/26/00026_00013_00021.png
client_0,16522,46,47,5,6,41,42,10,Train/10/00010_00049_00022.png
client_0,25963,43,43,6,6,38,38,18,Train/18/00018_00013_00013.png
client_0,20751,60,55,5,5,55,50,13,Train/13/00013_00009_00021.png
client_0,21488,37,33,6,5,32,28,13,Train/13/00013_00034_00008.png
client_0,15265,80,80,7,7,73,73,10,Train/10/00010_00007_00025.png
client_0,31882,57,51,6,6,52,46,30,Train/30/00030_00008_00022.png
client_0,22209,33,32,6,5,28,27,13,Train/13/00013_00058_00009.png
client_0,31683,39,36,6,5,34,31,30,Train/30/00030_00002_00003.png
client_0,34584,57,57,6,6,52,52,35,Train/35/00035_00012_00025.png
client_0,24553,33,34,5,6,27,28,17,Train/17/00017_00003_00013.png
client_0,24778,50,52,6,6,45,47,17,Train/17/00017_00010_00028.png
client_0,4142,28,27,6,6,23,22,2,Train/2/00002_00045_00002.png
client_0,29731,32,32,5,6,27,27,25,Train/25/00025_00042_00001.png
client_0,28225,87,80,7,8,80,73,24,Train/24/00024_00000_00025.png
client_0,35830,39,38,6,5,34,33,37,Train/37/00037_00001_00011.png
client_0,15890,42,42,6,6,37,37,10,Train/10/00010_00028_00020.png
client_0,10558,53,58,6,5,48,53,6,Train/6/00006_00008_00028.png
client_0,34926,34,35,6,6,29,30,35,Train/35/00035_00024_00007.png
client_0,14718,43,43,6,5,38,38,9,Train/9/00009_00038_00018.png
client_0,30615,52,48,6,5,47,43,27,Train/27/00027_00001_00015.png
client_0,22591,36,34,5,5,31,29,13,Train/13/00013_00071_00001.png
client_0,16302,40,41,6,6,35,36,10,Train/10/00010_00042_00012.png
client_0,25207,38,39,5,6,33,34,17,Train/17/00017_00025_00007.png
client_0,17282,47,43,6,6,42,38,11,Train/11/00011_00008_00002.png
client_0,17603,88,76,7,6,81,70,11,Train/11/00011_00018_00023.png
client_0,9596,58,60,6,5,52,55,5,Train/5/00005_00038_00026.png
client_0,38418,53,53,5,5,48,48,40,Train/40/00040_00001_00019.png
client_0,5166,34,33,5,5,29,28,3,Train/3/00003_00004_00006.png
client_0,34076,73,76,6,7,67,70,34,Train/34/00034_00009_00027.png
client_0,25657,51,46,5,5,45,41,18,Train/18/00018_00003_00007.png
client_0,38150,69,76,6,7,62,69,39,Train/39/00039_00002_00021.png
client_0,24278,64,63,6,5,58,57,16,Train/16/00016_00008_00008.png
client_0,20487,79,75,7,7,72,69,13,Train/13/00013_00000_00027.png
client_0,24743,48,51,5,5,43,46,17,Train/17/00017_00009_00023.png
client_0,24028,84,86,7,7,77,79,15,Train/15/00015_00020_00028.png
client_0,20955,55,50,6,6,50,45,13,Train/13/00013_00016_00015.png
client_0,5799,32,34,5,6,27,29,3,Train/3/00003_00025_00009.png
client_0,15680,56,56,5,5,51,51,10,Train/10/00010_00021_00020.png
client_0,21535,125,128,11,12,115,117,13,Train/13/00013_00035_00025.png
client_0,13141,28,28,6,5,23,23,8,Train/8/00008_00033_00001.png
client_0,20733,30,30,6,6,25,24,13,Train/13/00013_00009_00003.png
client_0,21134,54,55,6,6,49,49,13,Train/13/00013_00022_00014.png
client_0,5746,41,42,5,5,36,37,3,Train/3/00003_00023_00016.png
client_0,8206,39,40,5,5,34,35,4,Train/4/00004_00058_00016.png
client_0,38445,47,48,5,6,42,43,40,Train/40/00040_00002_00016.png
client_0,25166,50,53,5,6,44,47,17,Train/17/00017_00023_00026.png
client_0,31265,33,31,6,6,28,26,28,Train/28/00028_00015_00005.png
client_0,20715,51,61,6,5,46,56,13,Train/13/00013_00008_00015.png
client_0,15377,46,46,5,5,41,41,10,Train/10/00010_00011_00017.png
client_0,7583,50,50,5,5,45,45,4,Train/4/00004_00037_00023.png
client_0,17436,43,41,6,5,38,36,11,Train/11/00011_00013_00006.png
client_0,15789,34,34,6,5,29,29,10,Train/10/00010_00025_00009.png
client_0,26129,128,106,12,9,117,97,18,Train/18/00018_00018_00029.png
client_0,35883,31,31,6,6,26,26,37,Train/37/00037_00003_00004.png
client_0,17678,35,30,5,5,29,25,11,Train/11/00011_00021_00008.png
client_0,34112,29,29,6,5,24,24,34,Train/34/00034_00011_00003.png
client_0,404,37,36,5,5,31,31,0,Train/0/00000_00001_00014.png
client_0,22476,37,34,6,6,32,29,13,Train/13/00013_00067_00006.png
client_0,24915,38,43,6,6,33,38,17,Train/17/00017_00015_00015.png
client_0,25641,56,53,5,6,51,48,18,Train/18/00018_00002_00021.png
client_0,10037,39,37,5,5,34,32,5,Train/5/00005_00053_00017.png
client_0,16851,45,42,6,6,40,37,10,Train/10/00010_00060_00021.png
client_0,24487,30,31,5,6,24,25,17,Train/17/00017_00001_00007.png
client_0,31026,61,53,5,5,55,48,28,Train/28/00028_00007_00006.png
client_0,19843,37,39,5,6,32,33,12,Train/12/00012_00049_00013.png
client_0,25201,37,38,5,6,32,33,17,Train/17/00017_00025_00001.png
client_0,25188,42,45,5,5,37,39,17,Train/17/00017_00024_00018.png
client_0,18189,57,50,6,5,52,44,11,Train/11/00011_00038_00009.png
client_0,7532,31,30,6,5,26,25,4,Train/4/00004_00036_00002.png
client_0,35645,29,30,6,5,24,25,36,Train/36/00036_00008_00006.png
client_0,6543,28,28,5,5,23,23,4,Train/4/00004_00003_00003.png
client_0,34243,34,34,6,6,29,29,35,Train/35/00035_00001_00014.png
client_0,35190,27,28,6,5,22,22,35,Train/35/00035_00033_00001.png
client_0,35940,36,37,6,6,31,32,37,Train/37/00037_00005_00001.png
client_0,5126,59,64,5,6,54,58,3,Train/3/00003_00002_00026.png
client_0,22029,36,32,6,5,31,26,13,Train/13/00013_00052_00009.png
client_0,34208,44,44,6,5,39,38,35,Train/35/00035_00000_00009.png
client_0,29244,62,59,5,6,57,54,25,Train/25/00025_00025_00024.png
client_0,21228,57,51,6,5,52,46,13,Train/13/00013_00025_00018.png
client_0,21515,45,50,6,5,40,45,13,Train/13/00013_00035_00005.png
client_0,27632,36,34,6,6,30,29,22,Train/22/00022_00011_00002.png
client_0,33824,36,37,5,5,31,32,34,Train/34/00034_00001_00015.png
client_0,8160,27,27,6,6,22,22,4,Train/4/00004_00057_00000.png
client_0,22607,49,46,6,6,44,41,13,Train/13/00013_00071_00017.png
client_0,536,76,72,7,6,70,66,0,Train/0/00000_00005_00026.png
client_0,34657,36,36,6,5,30,31,35,Train/35/00035_00015_00008.png
client_0,2704,37,38,5,6,32,33,1,Train/1/00001_00071_00004.png
client_0,5366,85,87,8,8,78,80,3,Train/3/00003_00010_00026.png
client_0,16848,39,36,5,5,34,31,10,Train/10/00010_00060_00018.png
client_0,15650,40,40,5,5,35,35,10,Train/10/00010_00020_00020.png
client_0,38359,42,46,5,6,37,41,39,Train/39/00039_00009_00020.png
client_0,23405,42,44,6,5,37,39,15,Train/15/00015_00000_00005.png
client_0,8525,30,28,6,5,25,23,5,Train/5/00005_00003_00005.png
client_0,12655,51,53,6,6,46,48,8,Train/8/00008_00016_00025.png
client_0,9279,38,37,6,5,33,32,5,Train/5/00005_00028_00009.png
client_0,22558,75,83,6,8,69,76,13,Train/13/00013_00069_00028.png
client_0,537,83,82,8,7,76,75,0,Train/0/00000_00005_00027.png
client_0,5990,45,47,6,5,40,42,3,Train/3/00003_00031_00020.png
client_0,17614,34,30,5,6,29,25,11,Train/11/00011_00019_00004.png
client_0,26490,36,32,6,5,30,26,18,Train/18/00018_00031_00000.png
client_0,26066,60,55,6,6,54,50,18,Train/18/00018_00016_00026.png
client_0,25463,34,35,5,6,29,30,17,Train/17/00017_00033_00023.png
client_0,17469,39,38,6,6,33,32,11,Train/11/00011_00014_00009.png
client_0,20660,53,46,5,5,48,41,13,Train/13/00013_00006_00020.png
client_0,31167,57,55,5,6,52,50,28,Train/28/00028_00011_00027.png
client_0,33977,35,38,6,6,30,33,34,Train/34/00034_00006_00018.png
client_0,34026,32,34,6,6,27,29,34,Train/34/00034_00008_00007.png
client_0,21168,43,56,6,6,38,51,13,Train/13/00013_00023_00018.png
client_0,20884,48,43,6,5,42,38,13,Train/13/00013_00014_00004.png
client_0,33843,31,29,6,5,26,24,34,Train/34/00034_00002_00004.png
client_0,16359,32,33,6,6,26,27,10,Train/10/00010_00044_00009.png
client_0,22332,41,40,5,6,36,35,13,Train/13/00013_00062_00012.png
client_0,25328,30,32,6,5,25,26,17,Train/17/00017_00029_00008.png
client_0,15412,44,44,5,5,39,39,10,Train/10/00010_00012_00022.png
client_0,17025,32,32,5,6,27,26,10,Train/10/00010_00066_00015.png
client_0,12249,33,33,5,5,27,27,8,Train/8/00008_00003_00009.png
client_0,24451,28,33,6,6,22,28,17,Train/17/00017_00000_00001.png
client_0,22565,74,70,7,7,68,64,13,Train/13/00013_00070_00005.png
client_0,12164,41,44,6,6,36,39,8,Train/8/00008_00000_00014.png
client_0,24583,55,55,6,6,50,50,17,Train/17/00017_00004_00013.png
client_0,24358,62,65,5,6,57,60,16,Train/16/00016_00010_00028.png
client_0,9160,37,36,6,5,32,31,5,Train/5/00005_00024_00010.png
client_0,17287,52,49,5,5,47,44,11,Train/11/00011_00008_00007.png
client_0,17224,29,25,5,5,23,20,11,Train/11/00011_00006_00004.png
client_0,15127,33,34,6,6,28,29,10,Train/10/00010_00003_00007.png
client_0,4573,55,54,6,5,49,48,2,Train/2/00002_00059_00013.png
client_0,25441,26,28,5,5,21,23,17,Train/17/00017_00033_00001.png
client_0,9746,51,52,5,6,46,47,5,Train/5/00005_00043_00026.png
client_0,8304,54,54,5,5,49,49,4,Train/4/00004_00061_00024.png
client_0,30106,53,49,5,6,48,44,26,Train/26/00026_00004_00016.png
client_0,28783,52,49,6,5,47,44,25,Train/25/00025_00010_00013.png
client_0,15168,39,39,6,6,34,34,10,Train/10/00010_00004_00018.png
client_0,21904,50,45,6,5,45,40,13,Train/13/00013_00048_00004.png
client_0,31508,39,35,6,5,34,30,29,Train/29/00029_00005_00008.png
client_0,22314,110,103,9,9,101,94,13,Train/13/00013_00061_00024.png
client_0,11922,32,31,6,5,27,26,7,Train/7/00007_00040_00012.png
client_0,16682,30,30,5,5,25,25,10,Train/10/00010_00055_00002.png
client_0,7019,81,87,7,8,74,80,4,Train/4/00004_00018_00029.png
client_0,15736,41,42,5,6,36,37,10,Train/10/00010_00023_00016.png
client_0,39080,47,47,6,5,42,41,42,Train/42/00042_00003_00021.png
client_0,21888,81,73,7,7,74,67,13,Train/13/00013_00047_00018.png
client_0,12829,47,44,6,5,42,39,8,Train/8/00008_00022_00019.png
client_0,527,43,43,5,6,38,37,0,Train/0/00000_00005_00017.png
client_0,21849,39,43,5,5,34,38,13,Train/13/00013_00046_00009.png
client_0,33927,95,94,8,8,86,86,34,Train/34/00034_00004_00028.png
client_0,9797,41,40,5,5,36,35,5,Train/5/00005_00045_00017.png
client_0,17589,51,48,5,6,46,43,11,Train/11/00011_00018_00009.png
client_0,417,55,56,6,5,50,51,0,Train/0/00000_00001_00027.png
client_0,8794,30,30,6,5,25,24,5,Train/5/00005_00012_00004.png
client_0,21710,71,63,7,6,65,58,13,Train/13/00013_00041_00020.png
client_0,38203,39,43,5,6,34,38,39,Train/39/00039_00004_00014.png
client_0,16552,44,44,5,6,39,39,10,Train/10/00010_00050_00022.png
client_0,8624,45,44,6,5,40,39,5,Train/5/00005_00006_00014.png
client_0,22157,56,53,5,5,51,47,13,Train/13/00013_00056_00017.png
client_0,22498,107,98,9,8,98,90,13,Train/13/00013_00067_00028.png
client_0,24715,30,34,5,5,25,29,17,Train/17/00017_00008_00025.png
client_0,25181,33,37,5,6,28,31,17,Train/17/00017_00024_00011.png
client_0,15619,53,53,5,5,48,48,10,Train/10/00010_00019_00019.png
client_0,39072,34,35,5,6,28,30,42,Train/42/00042_00003_00013.png
client_0,27160,39,37,6,6,34,32,21,Train/21/00021_00006_00010.png
client_0,12472,50,51,5,6,45,46,8,Train/8/00008_00010_00022.png
client_0,21181,35,34,6,6,29,29,13,Train/13/00013_00024_00001.png
client_0,8221,30,31,5,6,25,26,4,Train/4/00004_00059_00001.png
client_0,16258,67,67,6,6,61,61,10,Train/10/00010_00040_00028.png
client_0,25225,48,51,5,5,43,46,17,Train/17/00017_00025_00025.png
client_0,31434,71,63,7,6,65,58,29,Train/29/00029_00002_00024.png
client_0,33848,33,31,5,5,27,26,34,Train/34/00034_00002_00009.png
client_0,8197,30,33,5,6,25,28,4,Train/4/00004_00058_00007.png
client_0,31238,42,40,6,6,37,35,28,Train/28/00028_00014_00008.png
client_0,26574,119,109,11,10,109,100,18,Train/18/00018_00033_00024.png
client_0,8625,44,45,5,6,39,40,5,Train/5/00005_00006_00015.png
client_0,26300,56,53,6,5,51,48,18,Train/18/00018_00024_00020.png
client_0,25057,33,31,6,5,28,26,17,Train/17/00017_00020_00007.png
client_0,18470,54,55,5,6,49,50,12,Train/12/00012_00003_00020.png
client_0,38566,57,58,5,6,52,53,40,Train/40/00040_00006_00017.png
client_0,22307,80,74,8,7,73,68,13,Train/13/00013_00061_00017.png
client_0,20639,131,136,11,11,120,125,13,Train/13/00013_00005_00029.png
client_0,4694,33,33,5,5,28,28,2,Train/2/00002_00063_00014.png
client_0,3632,31,33,5,5,26,28,2,Train/2/00002_00028_00002.png
client_0,25869,82,74,8,7,75,67,18,Train/18/00018_00010_00009.png
client_0,34572,40,39,6,6,34,34,35,Train/35/00035_00012_00013.png
client_0,10044,53,51,6,5,48,46,5,Train/5/00005_00053_00024.png
client_0,21990,32,30,6,6,27,25,13,Train/13/00013_00051_00000.png
client_0,19147,34,33,6,5,29,28,12,Train/12/00012_00026_00007.png
client_0,35720,45,46,6,6,39,40,36,Train/36/00036_00010_00021.png
client_0,21482,34,32,5,5,29,27,13,Train/13/00013_00034_00002.png
client_0,39130,31,31,6,6,26,26,42,Train/42/00042_00005_00011.png
client_0,12772,61,62,5,6,56,57,8,Train/8/00008_00020_00022.png
client_0,27144,79,71,7,6,72,64,21,Train/21/00021_00005_00024.png
client_0,7871,48,47,6,6,43,42,4,Train/4/00004_00047_00011.png
client_0,29783,81,72,8,6,74,66,25,Train/25/00025_00043_00023.png
client_0,9972,38,39,5,6,33,34,5,Train/5/00005_00051_00012.png
client_0,3104,39,37,6,5,34,32,2,Train/2/00002_00010_00014.png
client_0,15822,34,33,6,5,29,28,10,Train/10/00010_00026_00012.png
client_0,24638,34,35,6,6,29,30,17,Train/17/00017_00006_00008.png
client_0,3294,73,71,7,6,67,65,2,Train/2/00002_00016_00024.png
client_0,5937,63,65,6,6,58,59,3,Train/3/00003_00029_00027.png
client_0,9125,33,32,6,5,28,27,5,Train/5/00005_00023_00005.png
client_0,31123,63,53,6,5,58,48,28,Train/28/00028_00010_00013.png
client_0,22074,105,94,10,9,96,86,13,Train/13/00013_00053_00024.png
client_0,15865,69,70,6,7,63,64,10,Train/10/00010_00027_00025.png
client_0,9607,29,30,5,5,24,25,5,Train/5/00005_00039_00007.png
client_0,26824,46,43,6,6,41,37,19,Train/19/00019_00002_00004.png
client_0,25296,38,39,5,6,33,34,17,Train/17/00017_00028_00006.png
client_0,22237,92,86,8,8,84,78,13,Train/13/00013_00059_00007.png
client_0,15487,32,33,6,6,27,28,10,Train/10/00010_00015_00007.png
client_0,16513,36,36,5,5,31,31,10,Train/10/00010_00049_00013.png
client_0,8295,39,39,6,6,34,34,4,Train/4/00004_00061_00015.png
client_0,27753,39,35,5,5,33,30,23,Train/23/00023_00002_00003.png
client_0,21490,39,37,6,6,33,31,13,Train/13/00013_00034_00010.png
client_0,38629,76,76,6,6,70,70,40,Train/40/00040_00008_00020.png
client_0,12242,30,30,6,6,25,25,8,Train/8/00008_00003_00002.png
client_0,25520,34,34,6,5,29,29,17,Train/17/00017_00035_00020.png
client_0,315,44,40,6,6,39,35,20,Train/20/00020_00010_00015.png
client_0,22064,62,54,6,5,57,49,13,Train/13/00013_00053_00014.png
client_0,21626,105,96,9,9,96,88,13,Train/13/00013_00038_00026.png
client_0,16279,42,42,6,6,37,37,10,Train/10/00010_00041_00019.png
client_0,31393,50,47,6,6,45,42,29,Train/29/00029_00001_00013.png
client_0,26665,98,101,8,9,90,93,18,Train/18/00018_00036_00025.png
client_0,28209,33,30,5,5,28,25,24,Train/24/00024_00000_00009.png
client_0,15112,43,41,6,6,38,36,10,Train/10/00010_00002_00022.png
client_0,33805,69,81,7,8,63,74,34,Train/34/00034_00000_00026.png
client_0,21199,62,57,5,6,57,52,13,Train/13/00013_00024_00019.png
client_0,21175,61,93,6,9,56,85,13,Train/13/00013_00023_00025.png
client_0,17610,29,27,6,6,24,22,11,Train/11/00011_00019_00000.png
client_0,35696,69,74,6,7,62,68,36,Train/36/00036_00009_00027.png
client_0,15589,51,50,6,5,46,45,10,Train/10/00010_00018_00019.png
client_0,31938,50,46,6,6,45,41,30,Train/30/00030_00010_00018.png
client_0,35738,37,37,6,5,32,31,36,Train/36/00036_00011_00009.png
client_0,38638,177,173,15,15,161,159,40,Train/40/00040_00008_00029.png
client_0,20666,72,62,7,6,66,57,13,Train/13/00013_00006_00026.png
client_0,12534,63,64,5,6,58,59,8,Train/8/00008_00012_00024.png
client_0,5319,35,34,6,5,30,29,3,Train/3/00003_00009_00009.png
client_0,10080,32,30,6,6,27,25,5,Train/5/00005_00055_00000.png
client_0,17225,30,27,5,5,25,22,11,Train/11/00011_00006_00005.png
client_0,31962,39,41,5,6,34,35,30,Train/30/00030_00011_00012.png
client_0,39091,33,32,6,5,28,27,42,Train/42/00042_00004_00002.png
client_0,8968,107,106,10,9,98,97,5,Train/5/00005_00017_00028.png
client_0,21728,39,35,5,5,34,30,13,Train/13/00013_00042_00008.png
client_0,22467,91,81,8,8,83,74,13,Train/13/00013_00066_00027.png
client_0,3532,48,48,5,5,43,43,2,Train/2/00002_00024_00022.png
client_0,9072,38,37,6,5,33,32,5,Train/5/00005_00021_00012.png
client_0,6341,31,31,6,5,26,26,3,Train/3/00003_00043_00011.png
client_0,21439,72,53,7,6,66,48,13,Train/13/00013_00032_00019.png
client_0,17783,68,62,6,6,62,57,11,Train/11/00011_00024_00023.png
client_0,550,42,45,5,5,37,39,0,Train/0/00000_00006_00010.png
client_0,16171,28,28,5,5,23,23,10,Train/10/00010_00038_00001.png
client_0,24909,34,40,5,6,29,35,17,Train/17/00017_00015_00009.png
client_0,10241,29,31,6,5,24,26,5,Train/5/00005_00060_00011.png
client_0,5615,34,36,5,6,29,31,3,Train/3/00003_00019_00005.png
client_0,15104,37,35,5,5,32,30,10,Train/10/00010_00002_00014.png
client_0,25281,48,52,5,6,43,47,17,Train/17/00017_00027_00021.png
client_0,21557,44,43,5,5,39,38,13,Train/13/00013_00036_00017.png
client_0,22047,77,69,6,6,70,63,13,Train/13/00013_00052_00027.png
client_0,198,45,42,5,6,40,36,20,Train/20/00020_00006_00018.png
client_0,25719,92,82,8,7,84,75,18,Train/18/00018_00005_00009.png
client_0,31955,34,33,6,5,29,28,30,Train/30/00030_00011_00005.png
client_0,8758,57,58,6,5,52,52,5,Train/5/00005_00010_00028.png
client_0,16718,34,35,5,6,29,30,10,Train/10/00010_00056_00008.png
client_0,21446,130,96,11,8,118,88,13,Train/13/00013_00032_00026.png
client_0,19720,51,51,6,6,46,46,12,Train/12/00012_00045_00010.png
client_0,24195,34,34,5,5,29,29,16,Train/16/00016_00005_00015.png
client_0,24294,96,95,9,8,88,87,16,Train/16/00016_00008_00024.png
client_0,20810,55,64,5,6,50,59,13,Train/13/00013_00011_00020.png
client_0,38302,84,90,7,8,77,82,39,Train/39/00039_00007_00023.png
client_0,25891,29,28,5,5,24,23,18,Train/18/00018_00011_00001.png
client_0,21737,53,47,6,6,48,42,13,Train/13/00013_00042_00017.png
client_0,30729,34,33,6,6,29,27,27,Train/27/00027_00005_00009.png
client_0,15581,38,37,6,5,33,32,10,Train/10/00010_00018_00011.png
client_0,9172,43,42,6,5,38,37,5,Train/5/00005_00024_00022.png
client_0,28552,75,69,7,7,69,63,25,Train/25/00025_00002_00022.png
client_0,15371,41,41,6,5,36,36,10,Train/10/00010_00011_00011.png
client_0,19489,72,72,7,7,66,66,12,Train/12/00012_00037_00019.png
client_0,17400,37,37,5,6,32,32,11,Train/11/00011_00012_00000.png
client_0,34526,77,80,7,8,71,73,35,Train/35/00035_00010_00027.png
client_0,16167,62,57,6,5,57,51,10,Train/10/00010_00037_00027.png
client_0,17410,46,44,5,5,41,39,11,Train/11/00011_00012_00010.png
client_0,18118,145,135,12,11,133,124,11,Train/11/00011_00035_00028.png
client_0,16004,38,35,5,6,32,29,10,Train/10/00010_00032_00014.png
client_0,21418,57,52,5,6,52,47,13,Train/13/00013_00031_00028.png
client_0,7644,72,73,6,7,66,67,4,Train/4/00004_00039_00024.png
client_0,5892,32,33,6,5,27,28,3,Train/3/00003_00028_00012.png
client_0,16065,38,35,5,5,32,30,10,Train/10/00010_00034_00015.png
client_0,17358,75,69,7,6,69,63,11,Train/11/00011_00010_00018.png
client_0,34068,47,48,5,5,42,43,34,Train/34/00034_00009_00019.png
client_0,24777,50,51,6,6,45,46,17,Train/17/00017_00010_00027.png
client_0,24598,35,35,5,6,30,30,17,Train/17/00017_00004_00028.png
client_0,18035,37,38,5,6,31,32,11,Train/11/00011_00033_00005.png
client_0,34149,34,33,5,6,29,28,34,Train/34/00034_00012_00010.png
client_0,17236,40,35,6,6,34,30,11,Train/11/00011_00006_00016.png
client_0,16177,30,31,5,6,25,26,10,Train/10/00010_00038_00007.png
client_0,9269,136,106,12,10,124,96,5,Train/5/00005_00027_00029.png
client_0,13496,61,63,6,6,56,58,8,Train/8/00008_00044_00026.png
client_0,25334,34,37,5,6,28,31,17,Train/17/00017_00029_00014.png
client_0,27275,30,30,6,6,25,25,21,Train/21/00021_00010_00005.png
client_0,34137,106,106,10,9,97,97,34,Train/34/00034_00011_00028.png
client_0,35516,76,85,6,8,70,78,36,Train/36/00036_00003_00027.png
client_0,9677,39,39,5,5,34,34,5,Train/5/00005_00041_00017.png
client_0,20698,70,63,6,5,63,57,13,Train/13/00013_00007_00028.png
client_0,10360,34,37,5,6,29,32,6,Train/6/00006_00002_00010.png
client_0,34615,83,83,7,7,76,76,35,Train/35/00035_00013_00026.png
client_0,16088,33,30,6,5,28,25,10,Train/10/00010_00035_00008.png
client_0,22197,143,129,12,12,131,117,13,Train/13/00013_00057_00027.png
client_0,15115,46,43,6,6,41,38,10,Train/10/00010_00002_00025.png
client_0,14985,39,40,5,6,34,35,9,Train/9/00009_00047_00015.png
client_0,9192,30,31,5,6,25,26,5,Train/5/00005_00025_00012.png
client_0,21969,31,33,5,6,26,28,13,Train/13/00013_00050_00009.png
client_0,20633,69,60,7,5,63,55,13,Train/13/00013_00005_00023.png
client_0,26807,52,46,6,5,47,40,19,Train/19/00019_00001_00017.png
client_0,12557,51,51,6,6,46,46,8,Train/8/00008_00013_00017.png
client_0,34965,44,44,6,5,39,39,35,Train/35/00035_00025_00016.png
client_0,1776,38,37,6,5,33,32,1,Train/1/00001_00040_00006.png
client_0,8400,26,26,6,5,21,21,4,Train/4/00004_00065_00000.png
client_0,27123,32,31,5,6,27,26,21,Train/21/00021_00005_00003.png
client_0,12562,63,64,5,6,58,59,8,Train/8/00008_00013_00022.png
client_0,17956,34,36,5,6,29,31,11,Train/11/00011_00030_00016.png
client_0,7596,33,33,5,5,28,28,4,Train/4/00004_00038_00006.png
client_0,31557,88,81,8,8,81,74,29,Train/29/00029_00006_00027.png
client_0,3312,37,37,6,5,32,32,2,Train/2/00002_00017_00012.png
client_0,8117,41,39,6,5,36,34,4,Train/4/00004_00055_00017.png
client_0,28571,87,77,8,7,79,71,25,Train/25/00025_00003_00011.png
client_0,27306,39,38,6,5,33,32,22,Train/22/00022_00000_00006.png
client_0,22272,49,45,5,6,44,40,13,Train/13/00013_00060_00012.png
client_0,16799,72,73,7,7,66,67,10,Train/10/00010_00058_00029.png
client_0,30574,50,46,6,5,45,40,27,Train/27/00027_00000_00004.png
client_0,9221,34,32,6,6,29,27,5,Train/5/00005_00026_00011.png
client_0,16168,71,61,6,6,65,56,10,Train/10/00010_00037_00028.png
client_0,24326,46,50,5,5,41,45,16,Train/16/00016_00009_00026.png
client_0,13336,43,44,6,5,38,39,8,Train/8/00008_00039_00016.png
client_0,10141,30,32,5,6,25,27,5,Train/5/00005_00057_00001.png
client_0,15408,42,42,6,6,37,37,10,Train/10/00010_00012_00018.png
client_0,39110,52,52,5,6,47,47,42,Train/42/00042_00004_00021.png
client_0,9737,40,40,6,6,35,35,5,Train/5/00005_00043_00017.png
client_0,16661,37,37,5,5,32,32,10,Train/10/00010_00054_00011.png
client_0,16841,31,31,5,6,26,26,10,Train/10/00010_00060_00011.png
client_0,35497,31,30,6,5,26,25,36,Train/36/00036_00003_00008.png
client_0,10660,29,31,5,5,23,25,6,Train/6/00006_00012_00010.png
client_0,21747,67,56,6,5,61,51,13,Train/13/00013_00042_00027.png
client_0,27866,99,89,8,8,91,82,23,Train/23/00023_00005_00026.png
client_0,31016,94,83,9,7,86,76,28,Train/28/00028_00006_00026.png
client_0,8529,30,31,5,6,25,25,5,Train/5/00005_00003_00009.png
client_0,16634,49,50,5,5,44,45,10,Train/10/00010_00053_00014.png
client_0,5743,38,39,6,6,33,34,3,Train/3/00003_00023_00013.png
client_0,16412,27,28,5,6,22,23,10,Train/10/00010_00046_00002.png
client_0,12359,61,56,6,5,56,51,8,Train/8/00008_00006_00029.png
client_0,21653,58,52,5,5,53,47,13,Train/13/00013_00039_00023.png
client_0,20949,45,40,6,5,40,35,13,Train/13/00013_00016_00009.png
client_0,497,74,80,6,8,67,73,0,Train/0/00000_00004_00017.png
client_0,1640,45,44,5,6,39,39,1,Train/1/00001_00035_00020.png
client_0,24803,29,30,6,5,24,25,17,Train/17/00017_00011_00023.png
client_0,8595,35,36,6,6,30,31,5,Train/5/00005_00005_00015.png
client_0,15720,33,33,6,5,28,28,10,Train/10/00010_00023_00000.png
client_0,30736,40,38,5,6,35,33,27,Train/27/00027_00005_00016.png
client_0,5434,29,30,5,6,24,25,3,Train/3/00003_00013_00004.png
client_0,7106,81,80,8,8,74,73,4,Train/4/00004_00021_00026.png
client_0,15629,124,121,10,11,114,111,10,Train/10/00010_00019_00029.png
client_0,6365,29,30,5,5,24,25,3,Train/3/00003_00044_00005.png
client_0,27213,48,47,6,6,43,42,21,Train/21/00021_00008_00003.png
client_0,21372,45,43,6,6,40,38,13,Train/13/00013_00030_00012.png
client_0,17050,34,28,6,5,29,23,11,Train/11/00011_00000_00010.png
client_0,24752,27,26,6,5,21,20,17,Train/17/00017_00010_00002.png
client_0,25718,87,82,7,8,80,75,18,Train/18/00018_00005_00008.png
client_0,12575,35,35,6,6,30,30,8,Train/8/00008_00014_00005.png
client_0,1772,34,38,5,6,29,33,1,Train/1/00001_00040_00002.png
client_0,31682,39,36,6,5,34,31,30,Train/30/00030_00002_00002.png
client_0,3308,33,33,5,5,27,28,2,Train/2/00002_00017_00008.png
client_0,351,50,48,5,5,45,43,20,Train/20/00020_00011_00021.png
client_0,35489,25,25,5,5,20,20,36,Train/36/00036_00003_00000.png
client_0,2981,31,33,5,6,26,28,2,Train/2/00002_00006_00011.png
client_0,8300,46,47,5,6,41,42,4,Train/4/00004_00061_00020.png
client_0,5362,57,57,6,6,52,52,3,Train/3/00003_00010_00022.png
client_0,26978,42,42,5,6,37,36,21,Train/21/00021_00000_00008.png
client_0,16802,33,33,6,6,28,28,10,Train/10/00010_00059_00002.png
client_0,24260,41,40,6,5,36,35,16,Train/16/00016_00007_00020.png
client_0,6919,39,37,6,5,34,32,4,Train/4/00004_00015_00019.png
client_0,19274,37,37,6,6,32,32,12,Train/12/00012_00030_00014.png
client_0,15160,31,31,5,5,26,26,10,Train/10/00010_00004_00010.png
client_0,17793,31,30,6,5,26,25,11,Train/11/00011_00025_00003.png
client_0,9697,35,35,6,6,30,30,5,Train/5/00005_00042_00007.png
client_0,38618,38,40,5,6,33,34,40,Train/40/00040_00008_00009.png
client_0,4049,57,61,5,6,51,56,2,Train/2/00002_00041_00029.png
client_0,9433,34,35,6,5,29,30,5,Train/5/00005_00033_00013.png
client_0,34894,32,32,6,5,27,27,35,Train/35/00035_00023_00005.png
client_0,25900,36,35,5,6,31,30,18,Train/18/00018_00011_00010.png
client_0,3314,40,40,6,5,34,34,2,Train/2/00002_00017_00014.png
client_0,26500,43,38,6,5,38,33,18,Train/18/00018_00031_00010.png
client_0,24741,46,49,6,6,40,44,17,Train/17/00017_00009_00021.png
client_0,3903,28,30,5,6,23,25,2,Train/2/00002_00037_00003.png
client_0,31220,80,75,8,7,73,69,28,Train/28/00028_00013_00020.png
client_0,20717,55,60,6,5,50,55,13,Train/13/00013_00008_00017.png
client_0,24727,34,37,6,5,29,31,17,Train/17/00017_00009_00007.png
client_0,26270,58,56,5,6,53,51,18,Train/18/00018_00023_00020.png
client_0,35934,54,55,6,6,48,49,37,Train/37/00037_00004_00025.png
client_0,30913,47,43,6,6,42,38,28,Train/28/00028_00003_00013.png
client_0,15218,35,35,6,6,30,30,10,Train/10/00010_00006_00008.png
client_0,16150,32,30,6,5,27,25,10,Train/10/00010_00037_00010.png
client_0,31681,38,35,6,6,33,30,30,Train/30/00030_00002_00001.png
client_0,19400,94,92,8,8,86,84,12,Train/12/00012_00034_00020.png
client_0,34905,44,44,6,6,39,39,35,Train/35/00035_00023_00016.png
client_0,24516,27,41,6,5,22,36,17,Train/17/00017_00002_00006.png
client_0,22429,58,51,6,5,53,46,13,Train/13/00013_00065_00019.png
client_0,20429,95,88,9,8,87,81,12,Train/12/00012_00068_00029.png
client_0,4914,48,47,5,6,43,42,2,Train/2/00002_00070_00024.png
client_0,30970,46,47,5,5,40,42,28,Train/28/00028_00005_00010.png
client_0,4058,30,30,6,6,24,25,2,Train/2/00002_00042_00008.png
client_0,13164,47,49,5,5,42,44,8,Train/8/00008_00033_00024.png
client_0,26258,39,36,5,5,34,31,18,Train/18/00018_00023_00008.png
client_0,24881,30,32,5,6,25,27,17,Train/17/00017_00014_00011.png
client_0,16726,38,39,5,6,33,34,10,Train/10/00010_00056_00016.png
client_0,22025,31,29,5,5,26,24,13,Train/13/00013_00052_00005.png
client_0,17909,31,47,5,5,25,42,11,Train/11/00011_00028_00029.png
client_0,1904,42,43,5,6,37,38,1,Train/1/00001_00044_00014.png
client_0,12066,28,29,5,5,23,24,7,Train/7/00007_00045_00006.png
client_0,34169,39,38,6,5,34,33,34,Train/34/00034_00013_00000.png
client_0,38157,108,110,10,9,99,101,39,Train/39/00039_00002_00028.png
client_0,10651,26,28,5,6,21,23,6,Train/6/00006_00012_00001.png
client_0,18747,124,123,11,10,114,112,12,Train/12/00012_00012_00027.png
client_0,20686,50,45,6,5,45,40,13,Train/13/00013_00007_00016.png
client_0,25301,40,41,5,6,35,36,17,Train/17/00017_00028_00011.png
client_0,17380,52,49,5,6,46,43,11,Train/11/00011_00011_00010.png
client_0,38342,29,30,6,6,23,25,39,Train/39/00039_00009_00003.png
client_0,15585,44,45,5,6,39,40,10,Train/10/00010_00018_00015.png
client_0,26322,48,45,5,5,43,40,18,Train/18/00018_00025_00012.png
client_0,26,97,87,8,7,89,80,20,Train/20/00020_00000_00026.png
client_0,23551,28,27,6,5,23,22,15,Train/15/00015_00005_00001.png
client_0,34148,34,32,6,6,29,27,34,Train/34/00034_00012_00009.png
client_0,31652,36,33,6,5,31,27,30,Train/30/00030_00001_00002.png
client_0,38582,28,28,5,5,23,23,40,Train/40/00040_00007_00003.png
client_0,20850,41,36,6,5,36,31,13,Train/13/00013_00013_00000.png
client_0,21090,26,25,5,5,20,20,13,Train/13/00013_00021_00000.png
client_0,19472,40,41,5,6,35,36,12,Train/12/00012_00037_00002.png
client_0,15773,59,62,6,6,54,57,10,Train/10/00010_00024_00023.png
client_0,17002,38,39,6,6,32,33,10,Train/10/00010_00065_00022.png
client_0,15498,47,47,6,6,42,42,10,Train/10/00010_00015_00018.png
client_0,12267,63,65,5,6,58,60,8,Train/8/00008_00003_00027.png
client_0,22500,53,47,5,6,48,42,13,Train/13/00013_00068_00000.png
client_0,21811,71,71,7,7,65,65,13,Train/13/00013_00045_00001.png
client_0,17646,39,36,6,5,34,31,11,Train/11/00011_00020_00006.png
client_0,9313,34,35,6,6,29,30,5,Train/5/00005_00029_00013.png
client_0,26224,61,62,6,6,56,57,18,Train/18/00018_00022_00004.png
client_0,35897,44,44,6,6,39,39,37,Train/37/00037_00003_00018.png
client_0,13333,38,39,5,5,33,34,8,Train/8/00008_00039_00013.png
client_0,3658,56,54,6,5,51,49,2,Train/2/00002_00028_00028.png
client_0,190,35,32,5,6,29,27,20,Train/20/00020_00006_00010.png
client_0,12914,34,36,5,6,29,30,8,Train/8/00008_00025_00014.png
client_0,20147,42,41,6,5,37,36,12,Train/12/00012_00059_00017.png
client_0,15944,34,34,5,5,29,29,10,Train/10/00010_00030_00014.png
client_0,19812,45,47,6,5,40,42,12,Train/12/00012_00048_00012.png
client_0,17128,201,178,17,15,184,163,11,Train/11/00011_00002_00028.png
client_0,5115,39,40,5,5,33,34,3,Train/3/00003_00002_00015.png
client_0,20492,26,30,5,6,21,25,13,Train/13/00013_00001_00002.png
client_0,21318,48,45,5,5,43,40,13,Train/13/00013_00028_00018.png
client_0,14141,33,32,6,5,28,27,9,Train/9/00009_00019_00011.png
client_0,21769,56,50,5,6,51,45,13,Train/13/00013_00043_00019.png
client_0,24458,26,33,6,6,21,28,17,Train/17/00017_00000_00008.png
client_0,16714,30,29,6,5,25,24,10,Train/10/00010_00056_00004.png
client_0,12204,57,55,6,5,51,49,8,Train/8/00008_00001_00024.png
client_0,22260,35,33,5,5,30,28,13,Train/13/00013_00060_00000.png
client_0,21103,39,36,6,6,34,30,13,Train/13/00013_00021_00013.png
client_0,26039,121,121,10,10,111,111,18,Train/18/00018_00015_00029.png
client_0,15692,37,38,6,5,32,33,10,Train/10/00010_00022_00002.png
client_0,5010,29,30,5,6,24,25,2,Train/2/00002_00074_00000.png
client_0,26750,65,61,6,6,60,56,18,Train/18/00018_00039_00020.png
client_0,31129,75,70,6,7,69,64,28,Train/28/00028_00010_00019.png
client_0,13215,40,40,6,6,35,35,8,Train/8/00008_00035_00015.png
client_0,9918,39,42,5,6,34,37,5,Train/5/00005_00049_00018.png
client_0,31889,106,93,10,9,97,85,30,Train/30/00030_00008_00029.png
client_0,23503,34,38,5,6,29,33,15,Train/15/00015_00003_00013.png
client_0,16109,108,93,9,8,98,85,10,Train/10/00010_00035_00029.png
client_0,15579,35,34,6,5,30,29,10,Train/10/00010_00018_00009.png
client_0,16532,31,30,6,5,26,25,10,Train/10/00010_00050_00002.png
client_0,26206,42,39,5,5,36,34,18,Train/18/00018_00021_00016.png
client_0,35624,33,35,5,6,28,30,36,Train/36/00036_00007_00015.png
client_0,5285,30,30,5,5,25,25,3,Train/3/00003_00008_00005.png
client_0,12875,36,36,6,6,31,31,8,Train/8/00008_00024_00005.png
client_0,38097,179,183,16,15,164,168,39,Train/39/00039_00000_00028.png
client_0,21745,68,56,7,5,62,51,13,Train/13/00013_00042_00025.png
client_0,18164,38,42,6,6,33,37,11,Train/11/00011_00037_00014.png
client_0,6508,68,70,6,6,62,64,4,Train/4/00004_00001_00028.png
client_0,17829,56,51,6,5,51,46,11,Train/11/00011_00026_00009.png
client_0,4130,53,52,6,5,48,47,2,Train/2/00002_00044_00020.png
client_0,12594,61,61,6,5,56,56,8,Train/8/00008_00014_00024.png
client_0,26257,38,34,6,5,33,29,18,Train/18/00018_00023_00007.png
client_0,405,38,38,5,6,32,33,0,Train/0/00000_00001_00015.png
client_0,15028,71,72,6,7,64,66,9,Train/9/00009_00048_00028.png
client_0,25564,27,27,5,6,22,22,18,Train/18/00018_00000_00004.png
client_0,21775,74,67,7,6,68,61,13,Train/13/00013_00043_00025.png
client_0,31179,34,32,5,5,29,27,28,Train/28/00028_00012_00009.png
client_0,13568,35,37,5,6,30,32,9,Train/9/00009_00000_00008.png
client_0,21892,95,83,8,8,87,76,13,Train/13/00013_00047_00022.png
client_0,21733,48,42,6,5,43,37,13,Train/13/00013_00042_00013.png
client_0,8891,39,40,5,6,34,35,5,Train/5/00005_00015_00011.png
client_0,24745,52,56,6,6,47,50,17,Train/17/00017_00009_00025.png
client_0,22730,83,83,8,7,75,75,14,Train/14/00014_00003_00020.png
client_0,26220,59,56,6,5,54,51,18,Train/18/00018_00022_00000.png
client_0,22493,64,57,6,6,59,52,13,Train/13/00013_00067_00023.png
client_0,26502,43,40,6,6,38,34,18,Train/18/00018_00031_00012.png
client_0,18057,121,110,11,10,110,101,11,Train/11/00011_00033_00027.png
client_0,26569,84,76,7,6,77,70,18,Train/18/00018_00033_00019.png
client_0,25303,42,42,6,5,37,37,17,Train/17/00017_00028_00013.png
client_0,38385,49,47,5,6,44,42,40,Train/40/00040_00000_00016.png
client_0,39093,34,34,6,6,29,29,42,Train/42/00042_00004_00004.png
client_0,38110,31,34,5,5,26,28,39,Train/39/00039_00001_00011.png
client_0,19386,58,57,6,5,53,52,12,Train/12/00012_00034_00006.png
client_0,26595,47,42,6,6,41,36,18,Train/18/00018_00034_00015.png
client_0,8091,71,74,6,6,65,68,4,Train/4/00004_00054_00021.png
client_0,26395,96,89,8,8,88,81,18,Train/18/00018_00027_00025.png
client_0,17771,40,36,5,5,35,31,11,Train/11/00011_00024_00011.png
client_0,38083,103,106,9,10,94,97,39,Train/39/00039_00000_00014.png
client_0,8616,34,35,5,6,29,30,5,Train/5/00005_00006_00006.png
client_0,4200,27,26,6,5,22,21,2,Train/2/00002_00047_00000.png
client_0,36038,35,44,5,6,29,38,38,Train/38/00038_00001_00009.png
client_0,30947,49,46,5,6,43,40,28,Train/28/00028_00004_00017.png
client_0,16950,26,27,6,6,21,22,10,Train/10/00010_00064_00000.png
client_0,18135,68,63,7,5,62,58,11,Train/11/00011_00036_00015.png
client_0,26102,43,43,5,6,38,38,18,Train/18/00018_00018_00002.png
client_0,20682,44,41,5,5,39,36,13,Train/13/00013_00007_00012.png
client_0,35606,84,85,8,8,77,78,36,Train/36/00036_00006_00027.png
client_0,5915,31,30,6,6,26,25,3,Train/3/00003_00029_00005.png
client_0,9361,27,28,6,5,22,23,5,Train/5/00005_00031_00001.png
client_0,26112,58,56,5,5,53,51,18,Train/18/00018_00018_00012.png
client_0,12566,94,94,9,8,86,86,8,Train/8/00008_00013_00026.png
client_0,33649,39,55,5,5,34,50,33,Train/33/00033_00018_00019.png
client_0,12938,31,31,6,5,25,25,8,Train/8/00008_00026_00008.png
client_0,26233,71,71,7,7,65,65,18,Train/18/00018_00022_00013.png
client_0,25560,26,26,6,6,21,21,18,Train/18/00018_00000_00000.png
client_0,24754,26,27,5,5,21,21,17,Train/17/00017_00010_00004.png
client_0,4986,31,32,5,6,26,27,2,Train/2/00002_00073_00006.png
client_0,22623,51,49,5,6,46,44,14,Train/14/00014_00000_00003.png
client_0,7811,36,37,6,6,31,32,4,Train/4/00004_00045_00011.png
client_0,30032,33,30,6,6,28,25,26,Train/26/00026_00002_00002.png
client_0,18309,39,39,6,6,34,34,11,Train/11/00011_00042_00009.png
client_0,8385,36,36,5,5,31,30,4,Train/4/00004_00064_00015.png
client_0,22540,35,35,5,5,30,30,13,Train/13/00013_00069_00010.png
client_0,7519,50,52,6,6,45,47,4,Train/4/00004_00035_00019.png
client_0,13354,31,31,5,5,26,26,8,Train/8/00008_00040_00004.png
client_0,13436,52,52,5,5,47,47,8,Train/8/00008_00042_00026.png
client_0,21636,35,31,5,5,30,26,13,Train/13/00013_00039_00006.png
client_0,25462,35,36,5,6,30,31,17,Train/17/00017_00033_00022.png
client_0,9517,31,30,5,5,25,25,5,Train/5/00005_00036_00007.png
client_0,18053,80,79,8,7,73,72,11,Train/11/00011_00033_00023.png
client_0,29284,39,39,5,5,34,34,25,Train/25/00025_00027_00004.png
client_0,29749,57,53,5,5,52,48,25,Train/25/00025_00042_00019.png
client_0,16691,35,35,5,5,30,30,10,Train/10/00010_00055_00011.png
client_0,21707,70,61,7,5,64,56,13,Train/13/00013_00041_00017.png
client_0,16462,49,45,6,5,44,40,10,Train/10/00010_00047_00022.png
client_0,26624,41,39,5,6,36,34,18,Train/18/00018_00035_00014.png
client_0,25307,46,47,6,6,41,42,17,Train/17/00017_00028_00017.png
client_0,17970,37,38,5,6,32,33,11,Train/11/00011_00031_00000.png
client_0,33928,97,97,8,8,88,88,34,Train/34/00034_00004_00029.png
client_0,16264,26,26,5,5,21,21,10,Train/10/00010_00041_00004.png
client_0,20688,52,48,5,5,47,42,13,Train/13/00013_00007_00018.png
client_0,6826,44,43,6,6,38,38,4,Train/4/00004_00012_00016.png
client_0,29818,112,106,9,9,103,97,25,Train/25/00025_00044_00028.png
client_0,20482,56,53,6,6,51,48,13,Train/13/00013_00000_00022.png
client_0,10376,72,72,6,6,66,66,6,Train/6/00006_00002_00026.png
client_0,35427,65,64,6,5,59,59,36,Train/36/00036_00000_00028.png
client_0,30835,49,47,5,6,44,41,28,Train/28/00028_00000_00025.png
client_0,17687,45,42,5,5,40,37,11,Train/11/00011_00021_00017.png
client_0,38493,42,41,6,5,37,36,40,Train/40/00040_00004_00004.png
client_0,31964,44,43,6,5,39,38,30,Train/30/00030_00011_00014.png
client_0,20082,46,47,6,5,41,42,12,Train/12/00012_00057_00012.png
client_0,31829,93,93,9,9,85,85,30,Train/30/00030_00006_00029.png
client_0,15345,37,37,5,5,32,32,10,Train/10/00010_00010_00015.png
client_0,26008,108,108,10,10,99,99,18,Train/18/00018_00014_00028.png
client_0,7058,30,29,5,5,24,24,4,Train/4/00004_00020_00008.png
client_0,26279,134,125,11,11,123,115,18,Train/18/00018_00023_00029.png
client_0,12412,47,46,6,5,42,41,8,Train/8/00008_00008_00022.png
client_0,29080,38,34,5,5,33,29,25,Train/25/00025_00020_00010.png
client_0,16106,75,70,6,6,69,63,10,Train/10/00010_00035_00026.png
client_0,6259,36,37,5,5,31,32,3,Train/3/00003_00040_00019.png
client_0,17849,172,153,15,13,158,140,11,Train/11/00011_00026_00029.png
client_0,9928,53,53,5,5,48,48,5,Train/5/00005_00049_00028.png
client_0,24775,47,49,5,6,42,44,17,Train/17/00017_00010_00025.png
client_0,8924,42,41,6,5,37,36,5,Train/5/00005_00016_00014.png
client_0,8463,27,29,5,6,22,24,5,Train/5/00005_00001_00003.png
client_0,34667,49,48,6,5,44,43,35,Train/35/00035_00015_00018.png
client_0,16053,30,27,6,5,25,22,10,Train/10/00010_00034_00003.png
client_0,36180,61,73,6,6,56,67,38,Train/38/00038_00006_00001.png
client_0,17010,28,25,6,5,23,20,10,Train/10/00010_00066_00000.png
client_0,20155,67,67,6,6,61,61,12,Train/12/00012_00059_00025.png
client_0,20153,56,58,6,6,51,52,12,Train/12/00012_00059_00023.png
client_0,17239,44,39,6,5,38,34,11,Train/11/00011_00006_00019.png
client_0,2762,47,47,5,6,42,42,1,Train/1/00001_00073_00002.png
client_0,30316,63,58,5,6,58,53,26,Train/26/00026_00011_00016.png
client_0,20624,41,39,5,6,36,34,13,Train/13/00013_00005_00014.png
client_0,35525,32,33,5,6,27,28,36,Train/36/00036_00004_00006.png
client_0,5298,46,47,5,6,41,42,3,Train/3/00003_00008_00018.png
client_0,24865,32,40,5,6,27,35,17,Train/17/00017_00013_00025.png
client_0,25172,29,28,5,5,24,23,17,Train/17/00017_00024_00002.png
client_0,401,35,36,5,6,30,31,0,Train/0/00000_00001_00011.png
client_0,9017,44,45,5,6,39,40,5,Train/5/00005_00019_00017.png
client_0,38664,71,71,6,6,65,64,40,Train/40/00040_00009_00025.png
client_0,20337,104,98,10,8,95,90,12,Train/12/00012_00065_00027.png
client_0,21814,76,76,7,7,70,70,13,Train/13/00013_00045_00004.png
client_0,16606,44,44,5,5,39,39,10,Train/10/00010_00052_00016.png
client_0,12520,40,41,5,6,35,36,8,Train/8/00008_00012_00010.png
client_0,6072,36,35,6,5,31,29,3,Train/3/00003_00034_00012.png
client_0,27108,44,39,6,5,39,34,21,Train/21/00021_00004_00018.png
client_0,22571,89,82,8,7,82,75,13,Train/13/00013_00070_00011.png
client_0,26957,53,50,5,5,48,45,19,Train/19/00019_00006_00017.png
client_0,17018,31,29,6,6,26,24,10,Train/10/00010_00066_00008.png
client_0,25218,44,45,5,5,39,40,17,Train/17/00017_00025_00018.png
client_0,349,47,45,6,6,42,40,20,Train/20/00020_00011_00019.png
client_0,34104,54,65,6,6,48,59,34,Train/34/00034_00010_00025.png
client_0,22455,43,40,6,6,38,35,13,Train/13/00013_00066_00015.png
client_0,16136,51,43,6,5,46,38,10,Train/10/00010_00036_00026.png
client_0,10662,30,33,5,6,24,27,6,Train/6/00006_00012_00012.png
client_0,6736,40,39,5,5,34,34,4,Train/4/00004_00009_00016.png
client_0,15806,59,60,6,5,54,55,10,Train/10/00010_00025_00026.png
client_0,8890,39,38,6,5,34,33,5,Train/5/00005_00015_00010.png
client_0,38565,55,56,5,6,50,51,40,Train/40/00040_00006_00016.png
client_0,26141,48,49,5,6,43,44,18,Train/18/00018_00019_00011.png
client_0,26740,47,43,6,5,41,37,18,Train/18/00018_00039_00010.png
client_0,15309,38,37,6,6,33,32,10,Train/10/00010_00009_00009.png
client_0,27283,40,37,6,5,35,32,21,Train/21/00021_00010_00013.png
client_0,18179,80,84,8,8,73,76,11,Train/11/00011_00037_00029.png
client_0,38106,30,31,6,6,25,26,39,Train/39/00039_00001_00007.png
client_0,19616,72,71,7,6,66,65,12,Train/12/00012_00041_00026.png
client_0,27267,109,103,10,9,100,94,21,Train/21/00021_00009_00027.png
client_0,9217,32,29,6,5,27,24,5,Train/5/00005_00026_00007.png
client_0,20327,63,64,6,5,58,59,12,Train/12/00012_00065_00017.png
client_0,16152,33,31,5,5,28,26,10,Train/10/00010_00037_00012.png
client_0,13890,31,33,6,6,26,28,9,Train/9/00009_00011_00000.png
client_0,13098,43,44,6,5,38,39,8,Train/8/00008_00031_00018.png
client_0,20817,65,89,6,8,60,82,13,Train/13/00013_00011_00027.png
client_0,15313,39,39,5,5,34,34,10,Train/10/00010_00009_00013.png
client_0,24164,35,36,5,6,30,31,16,Train/16/00016_00004_00014.png
client_0,18326,106,104,9,10,97,95,11,Train/11/00011_00042_00026.png
client_0,6299,151,154,13,14,138,141,3,Train/3/00003_00041_00029.png
client_0,5630,43,42,5,5,38,37,3,Train/3/00003_00019_00020.png
client_0,21932,32,29,5,6,27,24,13,Train/13/00013_00049_00002.png
client_0,34036,42,44,5,6,37,39,34,Train/34/00034_00008_00017.png
client_0,24072,50,54,5,6,45,49,16,Train/16/00016_00001_00012.png
client_0,21028,98,95,8,8,90,87,13,Train/13/00013_00018_00028.png
client_0,16014,57,47,5,5,52,42,10,Train/10/00010_00032_00024.png
client_0,34193,55,55,5,5,50,50,34,Train/34/00034_00013_00024.png
client_0,9258,43,43,6,6,38,38,5,Train/5/00005_00027_00018.png
client_0,27093,32,29,5,5,27,24,21,Train/21/00021_00004_00003.png
client_0,26628,50,45,5,5,45,40,18,Train/18/00018_00035_00018.png
client_0,25209,40,41,6,6,35,36,17,Train/17/00017_00025_00009.png
client_0,16928,31,30,6,5,25,25,10,Train/10/00010_00063_00008.png
client_0,28848,76,73,7,7,70,67,25,Train/25/00025_00012_00018.png
client_0,22038,48,43,5,5,43,38,13,Train/13/00013_00052_00018.png
client_0,246,32,31,6,5,27,26,20,Train/20/00020_00008_00006.png
client_0,8893,41,42,5,5,36,36,5,Train/5/00005_00015_00013.png
client_0,22082,65,61,6,6,60,56,13,Train/13/00013_00054_00002.png
client_0,25397,41,43,6,5,36,38,17,Train/17/00017_00031_00017.png
client_0,2918,33,34,5,6,28,29,2,Train/2/00002_00004_00008.png
client_0,17949,29,31,5,6,24,26,11,Train/11/00011_00030_00009.png
client_0,5840,42,41,6,5,37,36,3,Train/3/00003_00026_00020.png
client_0,7664,36,37,5,6,31,32,4,Train/4/00004_00040_00014.png
client_0,38560,47,46,5,5,41,41,40,Train/40/00040_00006_00011.png
client_0,27862,68,60,7,5,62,55,23,Train/23/00023_00005_00022.png
client_0,2400,33,34,6,5,28,29,1,Train/1/00001_00061_00000.png
client_0,10036,38,36,5,5,33,31,5,Train/5/00005_00053_00016.png
client_0,3917,41,42,6,6,36,37,2,Train/2/00002_00037_00017.png
client_0,7735,57,56,6,6,52,51,4,Train/4/00004_00042_00025.png
client_0,34258,76,76,7,6,70,70,35,Train/35/00035_00001_00029.png
client_0,24807,29,31,5,5,24,26,17,Train/17/00017_00011_00027.png
client_0,8799,35,36,6,6,30,30,5,Train/5/00005_00012_00009.png
client_0,21875,62,55,5,6,57,50,13,Train/13/00013_00047_00005.png
client_0,12613,37,35,5,5,32,30,8,Train/8/00008_00015_00013.png
client_0,17107,83,75,7,7,76,69,11,Train/11/00011_00002_00007.png
client_0,34951,32,32,6,5,26,26,35,Train/35/00035_00025_00002.png
client_0,1874,52,52,6,6,47,47,1,Train/1/00001_00043_00014.png
client_0,29607,112,103,9,9,102,94,25,Train/25/00025_00037_00027.png
client_0,20988,68,60,7,5,62,55,13,Train/13/00013_00017_00018.png
client_0,25240,29,30,6,6,23,25,17,Train/17/00017_00026_00010.png
client_0,17480,59,54,5,6,54,49,11,Train/11/00011_00014_00020.png
client_0,20553,30,30,6,5,25,25,13,Train/13/00013_00003_00003.png
client_0,22102,130,123,12,11,119,112,13,Train/13/00013_00054_00022.png
client_0,22161,60,56,6,5,55,50,13,Train/13/00013_00056_00021.png
client_0,2873,42,45,6,6,37,40,2,Train/2/00002_00002_00023.png
client_0,18031,34,32,6,5,29,27,11,Train/11/00011_00033_00001.png
client_0,10233,28,28,6,6,22,23,5,Train/5/00005_00060_00003.png
client_0,12546,36,37,5,6,31,32,8,Train/8/00008_00013_00006.png
client_0,35357,40,41,6,6,35,35,35,Train/35/00035_00038_00018.png
client_0,25133,64,64,5,5,59,59,17,Train/17/00017_00022_00023.png
client_0,15106,39,37,6,6,34,32,10,Train/10/00010_00002_00016.png
client_0,34088,32,39,5,5,27,33,34,Train/34/00034_00010_00009.png
client_0,25501,27,26,6,5,22,21,17,Train/17/00017_00035_00001.png
client_0,18332,36,38,6,6,31,33,11,Train/11/00011_00043_00002.png
client_0,21438,68,51,6,6,62,46,13,Train/13/00013_00032_00018.png
client_0,16651,31,31,5,5,26,26,10,Train/10/00010_00054_00001.png
client_0,107,54,51,6,5,49,46,20,Train/20/00020_00003_00017.png
client_0,31709,153,131,13,11,140,120,30,Train/30/00030_00002_00029.png
client_0,31340,68,60,7,6,62,55,28,Train/28/00028_00017_00020.png
client_0,29557,44,41,6,6,38,35,25,Train/25/00025_00036_00007.png
client_0,10270,31,31,6,6,25,25,5,Train/5/00005_00061_00010.png
client_0,17437,44,42,6,5,39,36,11,Train/11/00011_00013_00007.png
client_0,6956,53,57,6,6,48,52,4,Train/4/00004_00016_00026.png
client_0,21806,82,73,8,7,75,67,13,Train/13/00013_00044_00026.png
client_0,9645,34,36,5,6,29,31,5,Train/5/00005_00040_00015.png
client_0,35330,55,60,5,6,50,55,35,Train/35/00035_00037_00021.png
client_0,35578,77,75,7,7,71,69,36,Train/36/00036_00005_00029.png
client_0,18314,46,47,5,6,41,42,11,Train/11/00011_00042_00014.png
client_0,27232,97,76,8,6,89,70,21,Train/21/00021_00008_00022.png
client_0,28349,176,164,15,14,161,150,24,Train/24/00024_00004_00029.png
client_0,39123,29,28,6,6,23,23,42,Train/42/00042_00005_00004.png
client_0,20472,37,37,5,6,32,32,13,Train/13/00013_00000_00012.png
client_0,24509,52,53,6,6,47,48,17,Train/17/00017_00001_00029.png
client_0,17939,144,129,13,12,131,118,11,Train/11/00011_00029_00029.png
client_0,26678,47,46,6,5,42,41,18,Train/18/00018_00037_00008.png
client_0,15542,29,29,6,5,24,23,10,Train/10/00010_00017_00002.png
client_0,26651,53,54,5,6,48,49,18,Train/18/00018_00036_00011.png
client_0,35456,73,73,6,6,67,67,36,Train/36/00036_00001_00027.png
client_0,1037,44,44,5,5,39,38,1,Train/1/00001_00015_00017.png
client_0,22958,44,44,5,5,39,39,14,Train/14/00014_00011_00008.png
client_0,16190,41,42,5,5,36,37,10,Train/10/00010_00038_00020.png
client_0,35863,50,48,6,5,45,43,37,Train/37/00037_00002_00014.png
client_0,29768,41,39,5,5,36,34,25,Train/25/00025_00043_00008.png
client_0,21271,30,31,6,6,25,26,13,Train/13/00013_00027_00001.png
client_0,16860,28,25,6,5,23,20,10,Train/10/00010_00061_00000.png
client_0,17367,116,104,10,9,106,95,11,Train/11/00011_00010_00027.png
client_0,6154,28,28,6,5,23,23,3,Train/3/00003_00037_00004.png
client_0,24814,28,28,5,6,23,23,17,Train/17/00017_00012_00004.png
client_0,22523,121,96,10,9,111,88,13,Train/13/00013_00068_00023.png
client_0,35393,75,77,6,7,69,71,35,Train/35/00035_00039_00024.png
client_0,9548,32,29,6,5,26,23,5,Train/5/00005_00037_00008.png
client_0,25248,33,35,5,5,28,30,17,Train/17/00017_00026_00018.png
client_0,9795,39,36,6,5,33,30,5,Train/5/00005_00045_00015.png
client_0,24580,50,51,5,5,45,46,17,Train/17/00017_00004_00010.png
client_0,20981,54,50,5,6,49,45,13,Train/13/00013_00017_00011.png
client_0,35819,27,27,5,5,22,22,37,Train/37/00037_00001_00000.png
client_0,9950,45,45,5,5,40,40,5,Train/5/00005_00050_00020.png
client_0,16051,28,27,6,6,23,21,10,Train/10/00010_00034_00001.png
client_0,9962,31,32,6,6,26,26,5,Train/5/00005_00051_00002.png
client_0,17334,83,71,8,6,76,65,11,Train/11/00011_00009_00024.png
client_0,21341,36,34,6,6,31,29,13,Train/13/00013_00029_00011.png
client_0,8471,30,32,5,6,25,27,5,Train/5/00005_00001_00011.png
client_0,35012,30,29,5,5,25,24,35,Train/35/00035_00027_00003.png
client_0,28668,38,36,6,5,33,31,25,Train/25/00025_00006_00018.png
client_0,24495,34,35,5,6,29,30,17,Train/17/00017_00001_00015.png
client_0,23901,45,45,5,5,40,40,15,Train/15/00015_00016_00021.png
client_0,8199,31,32,5,5,26,27,4,Train/4/00004_00058_00009.png
client_0,8080,44,44,6,5,39,39,4,Train/4/00004_00054_00010.png
client_0,22312,100,95,8,9,92,86,13,Train/13/00013_00061_00022.png
client_0,15226,41,40,6,5,36,35,10,Train/10/00010_00006_00016.png
client_0,34210,46,48,5,6,41,43,35,Train/35/00035_00000_00011.png
client_0,26694,64,64,5,5,59,59,18,Train/18/00018_00037_00024.png
client_0,35783,70,71,7,7,64,65,36,Train/36/00036_00012_00024.png
client_0,29291,49,45,5,6,44,40,25,Train/25/00025_00027_00011.png
client_0,22361,37,35,5,5,32,30,13,Train/13/00013_00063_00011.png
client_0,16760,59,56,6,5,54,51,10,Train/10/00010_00057_00020.png
client_0,25601,54,50,5,6,49,45,18,Train/18/00018_00001_00011.png
client_0,21188,42,40,5,5,37,34,13,Train/13/00013_00024_00008.png
client_0,31215,61,62,6,5,56,57,28,Train/28/00028_00013_00015.png
client_0,32027,42,39,5,6,37,34,30,Train/30/00030_00013_00017.png
client_0,10250,35,38,5,5,29,33,5,Train/5/00005_00060_00020.png
client_0,21087,128,113,11,9,117,103,13,Train/13/00013_00020_00027.png
client_0,8707,35,34,6,5,30,29,5,Train/5/00005_00009_00007.png
client_0,12279,32,32,5,5,27,27,8,Train/8/00008_00004_00009.png
client_0,10605,39,40,5,5,34,35,6,Train/6/00006_00010_00015.png
client_0,16766,82,76,8,7,75,70,10,Train/10/00010_00057_00026.png
client_0,24917,39,39,6,5,34,34,17,Train/17/00017_00015_00017.png
client_0,27841,30,30,6,5,25,25,23,Train/23/00023_00005_00001.png
client_0,39097,34,35,5,6,29,30,42,Train/42/00042_00004_00008.png
client_0,12874,35,35,5,5,30,30,8,Train/8/00008_00024_00004.png
client_0,25828,111,98,10,9,102,89,18,Train/18/00018_00008_00028.png
client_0,10283,47,48,6,6,42,43,5,Train/5/00005_00061_00023.png
client_0,16526,57,58,5,6,52,53,10,Train/10/00010_00049_00026.png
client_0,26951,45,43,6,6,40,37,19,Train/19/00019_00006_00011.png
client_0,21782,43,40,6,6,38,35,13,Train/13/00013_00044_00002.png
client_0,33918,73,74,6,7,67,68,34,Train/34/00034_00004_00019.png
client_0,35637,38,40,5,6,33,35,36,Train/36/00036_00007_00028.png
client_0,26494,36,35,5,6,31,29,18,Train/18/00018_00031_00004.png
client_0,17605,98,85,8,7,90,78,11,Train/11/00011_00018_00025.png
client_0,9301,28,30,5,6,23,25,5,Train/5/00005_00029_00001.png
client_0,3574,33,33,6,5,28,28,2,Train/2/00002_00026_00004.png
client_0,5815,56,56,5,6,51,51,3,Train/3/00003_00025_00025.png
client_0,25504,27,28,5,6,22,23,17,Train/17/00017_00035_00004.png
client_0,20465,29,29,5,5,24,24,13,Train/13/00013_00000_00005.png
client_0,21471,75,65,6,5,69,59,13,Train/13/00013_00033_00021.png
client_0,31040,82,71,7,7,75,65,28,Train/28/00028_00007_00020.png
client_0,28738,219,197,19,16,201,180,25,Train/25/00025_00008_00028.png
client_0,16948,63,64,5,6,58,59,10,Train/10/00010_00063_00028.png
client_0,7965,38,39,6,6,33,34,4,Train/4/00004_00050_00015.png
client_0,26697,83,83,8,8,76,76,18,Train/18/00018_00037_00027.png
client_0,1404,60,63,5,6,55,58,1,Train/1/00001_00027_00024.png
client_0,21062,38,36,5,6,33,31,13,Train/13/00013_00020_00002.png
client_0,26288,37,34,6,5,31,28,18,Train/18/00018_00024_00008.png
client_0,16723,36,36,5,5,31,31,10,Train/10/00010_00056_00013.png
client_0,24172,51,51,5,5,46,46,16,Train/16/00016_00004_00022.png
client_0,34100,44,53,6,6,39,48,34,Train/34/00034_00010_00021.png
client_0,22,64,57,6,5,59,52,20,Train/20/00020_00000_00022.png
client_0,6288,84,84,7,7,77,77,3,Train/3/00003_00041_00018.png
client_0,18024,98,96,8,9,89,87,11,Train/11/00011_00032_00024.png
client_0,7640,55,56,5,6,50,51,4,Train/4/00004_00039_00020.png
client_0,19844,39,39,6,6,34,34,12,Train/12/00012_00049_00014.png
client_0,28269,60,56,6,5,55,51,24,Train/24/00024_00002_00009.png
client_0,24388,55,53,6,5,49,48,16,Train/16/00016_00011_00028.png
client_0,21980,60,63,5,5,55,58,13,Train/13/00013_00050_00020.png
client_0,30469,46,43,5,6,41,38,26,Train/26/00026_00016_00019.png
client_0,26057,41,38,5,5,36,33,18,Train/18/00018_00016_00017.png
client_0,15144,45,46,6,6,40,41,10,Train/10/00010_00003_00024.png
client_0,9794,38,35,5,5,32,30,5,Train/5/00005_00045_00014.png
client_0,35642,26,29,5,6,21,24,36,Train/36/00036_00008_00003.png
client_0,31430,59,55,6,6,54,50,29,Train/29/00029_00002_00020.png
client_0,16679,72,73,6,7,66,67,10,Train/10/00010_00054_00029.png
client_0,13222,50,49,6,5,45,44,8,Train/8/00008_00035_00022.png
client_0,17179,68,65,7,6,62,60,11,Train/11/00011_00004_00019.png
client_0,38095,157,161,13,14,143,148,39,Train/39/00039_00000_00026.png
client_0,17302,89,81,8,8,82,74,11,Train/11/00011_00008_00022.png
client_0,14646,39,37,6,5,33,32,9,Train/9/00009_00036_00006.png
client_0,24607,32,32,6,6,27,27,17,Train/17/00017_00005_00007.png
client_0,9480,27,27,6,5,22,22,5,Train/5/00005_00035_00000.png
client_0,27233,100,82,9,8,92,75,21,Train/21/00021_00008_00023.png
client_0,27185,36,36,5,6,31,31,21,Train/21/00021_00007_00005.png
client_0,27043,40,39,5,5,35,34,21,Train/21/00021_00002_00013.png
client_0,12685,62,57,5,5,57,52,8,Train/8/00008_00017_00025.png
client_0,7720,34,34,6,6,29,29,4,Train/4/00004_00042_00010.png
client_0,6563,51,52,6,6,46,47,4,Train/4/00004_00003_00023.png
client_0,12424,33,34,5,6,27,28,8,Train/8/00008_00009_00004.png
client_0,23970,27,27,5,5,22,22,15,Train/15/00015_00019_00000.png
client_0,21442,85,63,8,6,78,57,13,Train/13/00013_00032_00022.png
client_0,26137,42,42,5,5,37,37,18,Train/18/00018_00019_00007.png
client_0,466,43,44,6,6,38,38,0,Train/0/00000_00003_00016.png
client_0,25859,58,50,6,5,52,45,18,Train/18/00018_00009_00029.png
client_0,12668,36,34,6,6,31,29,8,Train/8/00008_00017_00008.png
client_0,26992,77,73,7,7,71,67,21,Train/21/00021_00000_00022.png
client_0,35186,59,62,6,5,54,57,35,Train/35/00035_00032_00027.png
client_0,10459,37,41,5,6,32,36,6,Train/6/00006_00005_00019.png
client_0,12155,38,37,5,5,33,32,8,Train/8/00008_00000_00005.png
client_0,21506,50,47,6,6,44,42,13,Train/13/00013_00034_00026.png
client_0,31463,84,76,8,6,77,70,29,Train/29/00029_00003_00023.png
client_0,9104,41,40,6,5,36,35,5,Train/5/00005_00022_00014.png
client_0,20408,34,35,6,6,29,30,12,Train/12/00012_00068_00008.png
client_0,23204,68,74,6,7,62,67,14,Train/14/00014_00019_00014.png
client_0,8696,82,82,7,7,75,75,5,Train/5/00005_00008_00026.png
client_0,4575,56,56,5,5,51,51,2,Train/2/00002_00059_00015.png
client_0,24823,30,28,5,5,25,23,17,Train/17/00017_00012_00013.png
client_0,8035,52,52,5,5,47,47,4,Train/4/00004_00052_00025.png
client_0,30891,83,74,8,6,76,68,28,Train/28/00028_00002_00021.png
client_0,21469,69,61,7,6,63,56,13,Train/13/00013_00033_00019.png
client_0,31536,32,31,5,5,27,26,29,Train/29/00029_00006_00006.png
client_0,15670,39,39,5,5,34,34,10,Train/10/00010_00021_00010.png
client_0,21826,97,97,9,9,89,89,13,Train/13/00013_00045_00016.png
client_0,19819,60,63,5,5,55,58,12,Train/12/00012_00048_00019.png
client_0,8934,65,64,6,5,60,59,5,Train/5/00005_00016_00024.png
client_0,34801,30,30,6,6,25,25,35,Train/35/00035_00020_00002.png
client_0,8303,51,51,6,6,46,46,4,Train/4/00004_00061_00023.png
client_0,15205,53,52,6,5,48,47,10,Train/10/00010_00005_00025.png
client_0,21807,86,75,8,7,79,69,13,Train/13/00013_00044_00027.png
client_0,27204,84,76,7,7,77,70,21,Train/21/00021_00007_00024.png
client_0,12332,30,31,5,6,25,26,8,Train/8/00008_00006_00002.png
client_0,22334,43,41,6,5,38,36,13,Train/13/00013_00062_00014.png
client_0,19545,50,51,5,6,45,46,12,Train/12/00012_00039_00015.png
client_0,20559,39,39,6,6,34,34,13,Train/13/00013_00003_00009.png
client_0,12468,44,44,5,5,39,39,8,Train/8/00008_00010_00018.png
client_0,20280,27,27,6,5,22,22,12,Train/12/00012_00064_00000.png
client_0,15962,29,31,6,6,24,26,10,Train/10/00010_00031_00002.png
client_0,15126,32,33,5,5,26,27,10,Train/10/00010_00003_00006.png
client_0,24799,29,29,6,5,24,24,17,Train/17/00017_00011_00019.png
client_0,12576,36,36,6,5,31,31,8,Train/8/00008_00014_00006.png
client_0,6306,31,31,5,5,26,26,3,Train/3/00003_00042_00006.png
client_0,24113,49,48,6,5,44,43,16,Train/16/00016_00002_00023.png
client_0,34586,64,65,6,6,59,60,35,Train/35/00035_00012_00027.png
client_0,21948,53,47,6,5,48,42,13,Train/13/00013_00049_00018.png
client_0,16129,41,36,6,5,36,31,10,Train/10/00010_00036_00019.png
client_0,24103,34,35,5,6,29,30,16,Train/16/00016_00002_00013.png
client_0,27281,38,35,6,5,33,30,21,Train/21/00021_00010_00011.png
client_0,39204,52,56,5,6,47,51,42,Train/42/00042_00007_00025.png
client_0,1275,39,37,5,5,34,32,1,Train/1/00001_00023_00015.png
client_0,3198,36,39,5,6,31,33,2,Train/2/00002_00013_00018.png
client_0,28003,54,50,6,6,49,45,23,Train/23/00023_00010_00013.png
client_0,20836,57,50,5,5,51,45,13,Train/13/00013_00012_00016.png
client_0,18139,70,73,6,7,64,67,11,Train/11/00011_00036_00019.png
client_0,26327,58,54,5,5,53,49,18,Train/18/00018_00025_00017.png
client_0,22384,27,28,5,6,22,23,13,Train/13/00013_00064_00004.png
client_0,5715,35,37,6,6,30,32,3,Train/3/00003_00022_00015.png
client_0,21907,53,50,5,5,48,44,13,Train/13/00013_00048_00007.png
client_0,24928,52,55,6,5,47,50,17,Train/17/00017_00015_00028.png
client_0,21458,41,38,5,5,35,32,13,Train/13/00013_00033_00008.png
client_0,33897,130,140,12,12,118,128,34,Train/34/00034_00003_00028.png
client_0,24907,32,38,5,6,27,33,17,Train/17/00017_00015_00007.png
client_0,7300,35,36,5,5,30,31,4,Train/4/00004_00028_00010.png
client_0,7914,64,65,6,6,59,60,4,Train/4/00004_00048_00024.png
client_0,19766,56,56,6,6,51,51,12,Train/12/00012_00046_00026.png
client_0,235,63,60,5,5,58,55,20,Train/20/00020_00007_00025.png
client_0,8850,29,29,5,5,24,24,5,Train/5/00005_00014_00000.png
client_0,26544,91,92,8,9,83,84,18,Train/18/00018_00032_00024.png
client_0,20649,34,32,5,6,29,27,13,Train/13/00013_00006_00009.png
client_0,17661,74,65,7,6,68,60,11,Train/11/00011_00020_00021.png
client_0,10188,40,41,6,6,35,35,5,Train/5/00005_00058_00018.png
client_0,18162,40,39,6,5,34,34,11,Train/11/00011_00037_00012.png
client_0,15839,54,54,5,5,49,49,10,Train/10/00010_00026_00029.png
client_0,24604,30,30,6,6,25,25,17,Train/17/00017_00005_00004.png
client_0,30644,48,44,5,6,43,39,27,Train/27/00027_00002_00014.png
client_0,22572,92,84,8,7,84,77,13,Train/13/00013_00070_00012.png
client_0,25,86,75,8,6,79,69,20,Train/20/00020_00000_00025.png
client_0,21984,77,82,7,7,71,75,13,Train/13/00013_00050_00024.png
client_0,24582,53,55,6,6,48,49,17,Train/17/00017_00004_00012.png
client_0,4234,30,28,6,5,25,23,2,Train/2/00002_00048_00004.png
client_0,15775,73,73,7,6,67,67,10,Train/10/00010_00024_00025.png
client_0,21378,52,51,5,6,47,46,13,Train/13/00013_00030_00018.png
client_0,9745,51,51,6,6,46,46,5,Train/5/00005_00043_00025.png
client_0,21589,54,54,6,6,49,49,13,Train/13/00013_00037_00019.png
client_0,8708,36,36,6,6,31,31,5,Train/5/00005_00009_00008.png
client_0,12728,39,39,6,6,34,34,8,Train/8/00008_00019_00008.png
client_0,30128,40,38,5,6,35,33,26,Train/26/00026_00005_00008.png
client_0,30443,151,136,13,12,138,125,26,Train/26/00026_00015_00023.png
client_0,9271,32,29,6,5,27,24,5,Train/5/00005_00028_00001.png
client_0,21897,118,104,10,9,108,95,13,Train/13/00013_00047_00027.png
client_0,17912,50,46,5,6,45,41,11,Train/11/00011_00029_00002.png
client_0,9751,35,35,6,5,29,29,5,Train/5/00005_00044_00001.png
client_0,20604,75,63,7,5,69,57,13,Train/13/00013_00004_00024.png
client_0,35705,31,31,5,5,25,26,36,Train/36/00036_00010_00006.png
client_0,445,74,75,6,6,68,69,0,Train/0/00000_00002_00025.png
client_0,1961,48,49,5,6,43,44,1,Train/1/00001_00046_00011.png
client_0,30625,98,87,8,8,89,80,27,Train/27/00027_00001_00025.png
client_0,18065,39,37,5,5,33,32,11,Train/11/00011_00034_00005.png
client_0,3352,52,53,5,6,47,48,2,Train/2/00002_00018_00022.png
client_0,20053,46,46,6,6,41,41,12,Train/12/00012_00056_00013.png
client_0,31145,39,36,6,5,34,31,28,Train/28/00028_00011_00005.png
client_0,21176,63,99,6,9,58,91,13,Train/13/00013_00023_00026.png
client_0,27270,29,28,6,5,24,23,21,Train/21/00021_00010_00000.png
client_0,2939,97,99,8,8,89,91,2,Train/2/00002_00004_00029.png
client_0,24624,51,53,5,6,46,47,17,Train/17/00017_00005_00024.png
client_0,3133,36,32,5,5,31,27,2,Train/2/00002_00011_00013.png
client_0,33685,36,38,5,5,30,32,33,Train/33/00033_00019_00025.png
client_0,25011,38,40,5,5,33,35,17,Train/17/00017_00018_00021.png
client_0,17319,52,47,6,6,47,42,11,Train/11/00011_00009_00009.png
client_0,16943,47,48,6,6,42,43,10,Train/10/00010_00063_00023.png
client_0,12265,54,56,5,6,49,51,8,Train/8/00008_00003_00025.png
client_0,24723,31,36,5,6,26,30,17,Train/17/00017_00009_00003.png
client_0,12366,33,33,5,5,28,28,8,Train/8/00008_00007_00006.png
client_0,34879,49,47,6,6,44,42,35,Train/35/00035_00022_00020.png
client_0,27332,32,28,6,5,27,23,22,Train/22/00022_00001_00002.png
client_0,16050,27,25,6,5,22,20,10,Train/10/00010_00034_00000.png
client_0,17037,55,56,6,6,50,51,10,Train/10/00010_00066_00027.png
client_0,8755,53,53,5,5,48,48,5,Train/5/00005_00010_00025.png
client_0,26280,33,30,6,5,28,25,18,Train/18/00018_00024_00000.png
client_0,29038,111,100,10,9,102,92,25,Train/25/00025_00018_00028.png
client_0,7929,30,33,5,6,25,27,4,Train/4/00004_00049_00009.png
client_0,31535,31,30,5,5,26,24,29,Train/29/00029_00006_00005.png
client_0,15685,83,82,8,7,76,75,10,Train/10/00010_00021_00025.png
client_0,16504,31,32,6,6,26,26,10,Train/10/00010_00049_00004.png
client_0,12667,33,34,6,6,28,29,8,Train/8/00008_00017_00007.png
client_0,24504,42,42,5,5,37,37,17,Train/17/00017_00001_00024.png
client_0,20978,48,47,5,6,43,42,13,Train/13/00013_00017_00008.png
client_0,22153,55,53,5,6,49,48,13,Train/13/00013_00056_00013.png
client_0,16742,33,32,5,5,28,27,10,Train/10/00010_00057_00002.png
client_0,5751,52,54,5,5,47,49,3,Train/3/00003_00023_00021.png
client_0,6029,118,134,10,12,108,122,3,Train/3/00003_00032_00029.png
client_0,10439,75,73,7,7,69,67,6,Train/6/00006_00004_00029.png
client_0,4326,34,33,6,6,29,28,2,Train/2/00002_00051_00006.png
client_0,19299,43,45,5,6,38,40,12,Train/12/00012_00031_00009.png
client_0,6957,58,61,6,5,52,56,4,Train/4/00004_00016_00027.png
client_0,24870,30,32,5,5,25,27,17,Train/17/00017_00014_00000.png
client_0,15053,51,53,5,5,46,48,10,Train/10/00010_00000_00023.png
client_0,6635,31,32,5,6,26,27,4,Train/4/00004_00006_00005.png
client_0,33829,39,40,5,6,34,35,34,Train/34/00034_00001_00020.png
client_0,38326,42,41,6,5,37,36,39,Train/39/00039_00008_00017.png
client_0,20546,64,69,5,7,59,62,13,Train/13/00013_00002_00026.png
client_0,20702,42,46,6,6,37,41,13,Train/13/00013_00008_00002.png
client_0,20182,61,60,6,5,56,55,12,Train/12/00012_00060_00022.png
client_0,26964,85,75,7,6,78,69,19,Train/19/00019_00006_00024.png
client_0,7493,49,49,5,5,44,44,4,Train/4/00004_00034_00023.png
client_0,8882,31,32,5,6,26,27,5,Train/5/00005_00015_00002.png
client_0,35370,30,30,5,5,25,25,35,Train/35/00035_00039_00001.png
client_0,7749,34,33,6,5,29,28,4,Train/4/00004_00043_00009.png
client_0,17626,38,35,5,6,33,30,11,Train/11/00011_00019_00016.png
client_0,25245,30,34,5,6,25,28,17,Train/17/00017_00026_00015.png
client_0,7236,40,42,5,5,35,37,4,Train/4/00004_00026_00006.png
client_0,28565,67,63,6,5,61,58,25,Train/25/00025_00003_00005.png
client_0,16902,33,34,5,5,28,29,10,Train/10/00010_00062_00012.png
client_0,16213,35,35,5,5,30,30,10,Train/10/00010_00039_00013.png
client_0,27647,50,46,6,5,44,41,22,Train/22/00022_00011_00017.png
client_0,9323,49,45,5,5,44,40,5,Train/5/00005_00029_00023.png
client_0,13032,38,38,6,6,33,33,8,Train/8/00008_00029_00012.png
client_0,30609,42,41,5,6,37,36,27,Train/27/00027_00001_00009.png
client_0,15236,57,57,5,5,52,52,10,Train/10/00010_00006_00026.png
client_0,33877,53,55,5,5,47,49,34,Train/34/00034_00003_00008.png
client_0,25659,52,49,5,5,47,44,18,Train/18/00018_00003_00009.png
client_0,16456,33,33,5,5,28,28,10,Train/10/00010_00047_00016.png
client_0,2792,35,31,5,5,30,26,2,Train/2/00002_00000_00002.png
client_0,19926,98,97,9,9,89,89,12,Train/12/00012_00052_00006.png
client_0,20984,58,54,5,6,53,49,13,Train/13/00013_00017_00014.png
client_0,31345,97,87,8,8,89,80,28,Train/28/00028_00017_00025.png
client_0,21414,50,44,6,6,45,39,13,Train/13/00013_00031_00024.png
client_0,10299,36,37,6,6,31,32,6,Train/6/00006_00000_00009.png
client_0,6740,45,46,5,5,40,41,4,Train/4/00004_00009_00020.png
client_0,21951,64,59,6,6,58,54,13,Train/13/00013_00049_00021.png
client_0,10203,28,28,6,5,23,22,5,Train/5/00005_00059_00003.png
client_0,6300,26,28,5,5,21,23,3,Train/3/00003_00042_00000.png
client_0,11397,103,100,9,9,94,92,7,Train/7/00007_00022_00027.png
client_0,24828,30,29,5,5,25,24,17,Train/17/00017_00012_00018.png
client_0,6284,71,72,6,7,65,66,3,Train/3/00003_00041_00014.png
client_0,5769,32,32,5,5,27,27,3,Train/3/00003_00024_00009.png
client_0,21580,43,43,5,5,38,38,13,Train/13/00013_00037_00010.png
client_0,5185,57,57,6,5,52,52,3,Train/3/00003_00004_00025.png
client_0,6691,27,27,6,6,22,22,4,Train/4/00004_00008_00001.png
client_0,5444,38,36,6,5,33,31,3,Train/3/00003_00013_00014.png
client_0,17087,82,80,7,8,74,73,11,Train/11/00011_00001_00017.png
client_0,17838,99,86,9,7,91,79,11,Train/11/00011_00026_00018.png
client_0,15512,29,31,5,6,24,25,10,Train/10/00010_00016_00002.png
client_0,21546,39,38,5,5,34,33,13,Train/13/00013_00036_00006.png
client_0,9631,26,26,6,5,21,21,5,Train/5/00005_00040_00001.png
client_0,34075,68,69,6,6,62,63,34,Train/34/00034_00009_00026.png
client_0,25363,51,53,6,5,46,48,17,Train/17/00017_00030_00013.png
client_0,17156,120,109,10,10,110,100,11,Train/11/00011_00003_00026.png
client_0,242,30,30,5,5,25,25,20,Train/20/00020_00008_00002.png
client_0,24080,72,76,6,7,66,70,16,Train/16/00016_00001_00020.png
client_0,1623,26,28,5,6,21,22,1,Train/1/00001_00035_00003.png
client_0,10663,31,33,5,5,25,27,6,Train/6/00006_00012_00013.png
client_0,8946,35,36,5,6,30,31,5,Train/5/00005_00017_00006.png
client_0,30092,38,34,6,6,33,29,26,Train/26/00026_00004_00002.png
client_0,21325,50,47,5,6,44,42,13,Train/13/00013_00028_00025.png
client_0,9604,28,28,5,5,22,23,5,Train/5/00005_00039_00004.png
client_0,7387,29,30,5,6,24,25,4,Train/4/00004_00031_00007.png
client_0,23694,65,64,6,5,60,59,15,Train/15/00015_00009_00024.png
client_0,14897,46,44,6,5,40,38,9,Train/9/00009_00044_00017.png
client_0,17485,88,76,8,6,81,70,11,Train/11/00011_00014_00025.png
client_0,2468,32,31,6,5,27,26,1,Train/1/00001_00063_00008.png
client_0,33667,32,33,5,6,26,28,33,Train/33/00033_00019_00007.png
client_0,25171,28,28,5,6,23,23,17,Train/17/00017_00024_00001.png
client_0,25493,46,50,5,6,41,45,17,Train/17/00017_00034_00023.png
client_0,31174,31,29,5,5,25,23,28,Train/28/00028_00012_00004.png
client_0,6422,29,28,6,6,24,23,3,Train/3/00003_00046_00002.png
client_0,34832,30,30,6,6,25,25,35,Train/35/00035_00021_00003.png
client_0,24729,35,38,6,5,30,32,17,Train/17/00017_00009_00009.png
client_0,13216,41,41,5,5,36,36,8,Train/8/00008_00035_00016.png
client_0,9762,39,41,6,6,33,36,5,Train/5/00005_00044_00012.png
client_0,21402,35,33,6,6,30,28,13,Train/13/00013_00031_00012.png
client_0,39033,30,30,6,6,24,24,42,Train/42/00042_00002_00004.png
client_0,25779,68,60,7,6,62,54,18,Train/18/00018_00007_00009.png
client_0,31917,132,116,11,11,121,106,30,Train/30/00030_00009_00027.png
client_0,15288,46,46,5,5,41,41,10,Train/10/00010_00008_00018.png
client_0,5742,38,38,6,5,33,33,3,Train/3/00003_00023_00012.png
client_0,16791,50,50,6,6,45,45,10,Train/10/00010_00058_00021.png
client_0,11745,37,40,6,5,32,35,7,Train/7/00007_00034_00015.png
client_0,11439,36,35,6,5,31,30,7,Train/7/00007_00024_00009.png
client_0,38288,62,64,6,6,56,58,39,Train/39/00039_00007_00009.png
client_0,21321,48,46,5,6,43,41,13,Train/13/00013_00028_00021.png
client_0,7797,61,63,5,5,56,58,4,Train/4/00004_00044_00027.png
client_0,16849,41,38,5,5,36,33,10,Train/10/00010_00060_00019.png
client_0,9467,37,38,6,5,32,33,5,Train/5/00005_00034_00017.png
client_0,12996,31,28,5,5,26,23,8,Train/8/00008_00028_00006.png
client_0,34220,67,69,6,6,61,63,35,Train/35/00035_00000_00021.png
client_0,34102,48,56,6,6,42,50,34,Train/34/00034_00010_00023.png
client_0,15098,34,33,5,5,29,27,10,Train/10/00010_00002_00008.png
client_0,26160,59,57,6,6,54,52,18,Train/18/00018_00020_00000.png
client_0,25995,49,49,5,5,44,44,18,Train/18/00018_00014_00015.png
client_0,16017,68,55,6,6,62,50,10,Train/10/00010_00032_00027.png
client_0,30906,39,35,6,5,34,30,28,Train/28/00028_00003_00006.png
client_0,72,44,41,6,6,39,36,20,Train/20/00020_00002_00012.png
client_0,9507,99,105,9,10,91,96,5,Train/5/00005_00035_00027.png
client_0,15499,48,49,5,6,43,44,10,Train/10/00010_00015_00019.png
client_0,24936,29,29,6,5,24,24,17,Train/17/00017_00016_00006.png
client_0,17442,52,49,5,5,46,44,11,Train/11/00011_00013_00012.png
client_0,17164,38,38,5,6,32,33,11,Train/11/00011_00004_00004.png
client_0,29518,169,149,14,13,155,137,25,Train/25/00025_00034_00028.png
client_0,21466,51,49,5,6,46,44,13,Train/13/00013_00033_00016.png
client_0,24225,95,96,8,9,87,88,16,Train/16/00016_00006_00015.png
client_0,21316,48,45,5,5,43,40,13,Train/13/00013_00028_00016.png
client_0,7598,34,34,5,5,29,29,4,Train/4/00004_00038_00008.png
client_0,5987,38,40,5,5,33,35,3,Train/3/00003_00031_00017.png
client_0,27591,64,57,5,6,59,52,22,Train/22/00022_00009_00021.png
client_0,25364,51,54,6,5,46,49,17,Train/17/00017_00030_00014.png
client_0,22196,141,124,12,11,128,114,13,Train/13/00013_00057_00026.png
client_0,18947,45,46,5,5,40,41,12,Train/12/00012_00019_00017.png
client_0,24162,34,35,5,6,29,30,16,Train/16/00016_00004_00012.png
client_0,20317,48,49,6,6,43,44,12,Train/12/00012_00065_00007.png
client_0,12696,32,39,5,6,27,34,8,Train/8/00008_00018_00006.png
client_0,28133,100,89,8,8,92,82,23,Train/23/00023_00014_00023.png
client_0,10152,36,36,5,6,31,31,5,Train/5/00005_00057_00012.png
client_0,17616,33,28,5,5,28,23,11,Train/11/00011_00019_00006.png
client_0,18408,44,45,5,6,39,40,12,Train/12/00012_00001_00018.png
client_0,19482,55,56,5,6,50,51,12,Train/12/00012_00037_00012.png
client_0,15484,29,29,5,5,24,24,10,Train/10/00010_00015_00004.png
client_0,25720,93,85,8,8,85,78,18,Train/18/00018_00005_00010.png
client_0,18270,31,29,6,5,26,24,11,Train/11/00011_00041_00000.png
client_0,6080,47,47,5,5,42,42,3,Train/3/00003_00034_00020.png
client_0,20625,45,43,6,6,40,38,13,Train/13/00013_00005_00015.png
client_0,27509,99,93,8,9,91,85,22,Train/22/00022_00006_00029.png
client_0,3165,63,60,6,5,58,55,2,Train/2/00002_00012_00015.png
client_0,20875,81,69,8,6,73,62,13,Train/13/00013_00013_00025.png
client_0,9052,38,38,5,6,33,33,5,Train/5/00005_00020_00022.png
client_0,26289,37,37,5,6,32,32,18,Train/18/00018_00024_00009.png
client_0,16843,33,32,5,5,28,26,10,Train/10/00010_00060_00013.png
client_0,21299,41,39,5,6,36,34,13,Train/13/00013_00027_00029.png
client_0,16964,35,35,5,5,29,30,10,Train/10/00010_00064_00014.png
client_0,17204,60,54,5,5,55,49,11,Train/11/00011_00005_00014.png
client_0,26234,73,73,7,7,67,67,18,Train/18/00018_00022_00014.png
client_0,35884,32,32,6,6,26,26,37,Train/37/00037_00003_00005.png
client_0,451,28,29,5,6,22,23,0,Train/0/00000_00003_00001.png
client_0,16861,28,27,5,6,22,21,10,Train/10/00010_00061_00001.png
client_0,27104,39,35,6,5,34,30,21,Train/21/00021_00004_00014.png
client_0,20521,38,36,6,5,33,31,13,Train/13/00013_00002_00001.png
client_0,9690,29,30,6,6,24,25,5,Train/5/00005_00042_00000.png
client_0,20125,89,80,8,8,82,73,12,Train/12/00012_00058_00025.png
client_0,22208,31,32,5,6,26,27,13,Train/13/00013_00058_00008.png
client_0,20603,70,60,7,5,64,54,13,Train/13/00013_00004_00023.png
client_0,25568,29,28,5,6,24,23,18,Train/18/00018_00000_00008.png
client_0,24977,48,49,5,6,43,44,17,Train/17/00017_00017_00017.png
client_0,20462,26,28,5,6,21,22,13,Train/13/00013_00000_00002.png
client_0,5301,54,54,5,5,49,49,3,Train/3/00003_00008_00021.png
client_0,19014,61,63,6,5,56,58,12,Train/12/00012_00021_00024.png
client_0,18257,59,54,5,6,54,49,11,Train/11/00011_00040_00017.png
client_0,25729,118,105,11,9,108,96,18,Train/18/00018_00005_00019.png
client_0,495,72,75,7,6,65,68,0,Train/0/00000_00004_00015.png
client_0,9874,32,32,6,5,27,27,5,Train/5/00005_00048_00004.png
client_0,15805,58,58,6,5,53,53,10,Train/10/00010_00025_00025.png
client_0,29483,71,62,7,5,65,56,25,Train/25/00025_00033_00023.png
client_0,16217,41,41,6,6,35,35,10,Train/10/00010_00039_00017.png
client_0,12744,62,61,6,5,57,56,8,Train/8/00008_00019_00024.png
client_0,460,36,35,6,5,31,30,0,Train/0/00000_00003_00010.png
client_0,17425,122,111,11,9,112,102,11,Train/11/00011_00012_00025.png
client_0,22526,143,110,12,10,131,101,13,Train/13/00013_00068_00026.png
client_0,13458,42,40,6,6,37,35,8,Train/8/00008_00043_00018.png
client_0,31583,70,69,6,6,64,62,29,Train/29/00029_00007_00023.png
client_0,18543,32,29,5,5,26,24,12,Train/12/00012_00006_00003.png
client_0,27073,44,41,5,5,39,36,21,Train/21/00021_00003_00013.png
client_0,4595,54,54,6,6,49,49,2,Train/2/00002_00060_00005.png
client_0,25374,58,62,5,5,53,57,17,Train/17/00017_00030_00024.png
client_0,7561,30,31,5,6,25,26,4,Train/4/00004_00037_00001.png
client_0,5250,27,28,5,6,22,23,3,Train/3/00003_00007_00000.png
client_0,28893,40,36,6,5,34,31,25,Train/25/00025_00014_00003.png
client_0,13509,38,37,5,6,33,32,8,Train/8/00008_00045_00009.png
client_0,24849,29,38,5,6,24,33,17,Train/17/00017_00013_00009.png
client_0,6929,46,47,5,6,41,41,4,Train/4/00004_00015_00029.png
client_0,7686,34,34,6,6,28,28,4,Train/4/00004_00041_00006.png
client_0,6114,58,58,5,5,52,52,3,Train/3/00003_00035_00024.png
client_0,19016,64,71,5,6,59,65,12,Train/12/00012_00021_00026.png
client_0,26076,32,30,6,5,26,24,18,Train/18/00018_00017_00006.png
client_0,30040,37,34,5,6,32,29,26,Train/26/00026_00002_00010.png
client_0,19171,34,35,5,6,29,30,12,Train/12/00012_00027_00001.png
client_0,22276,55,51,5,6,50,45,13,Train/13/00013_00060_00016.png
client_0,3530,45,47,5,6,40,42,2,Train/2/00002_00024_00020.png
client_0,9609,31,32,5,5,25,26,5,Train/5/00005_00039_00009.png
client_0,22308,82,75,7,6,75,69,13,Train/13/00013_00061_00018.png
client_0,20564,57,54,5,6,52,49,13,Train/13/00013_00003_00014.png
client_0,31266,35,28,6,5,29,23,28,Train/28/00028_00015_00006.png
client_0,31294,36,36,5,5,31,31,28,Train/28/00028_00016_00004.png
client_0,27065,34,32,6,5,29,27,21,Train/21/00021_00003_00005.png
client_0,18427,36,37,6,6,31,32,12,Train/12/00012_00002_00007.png
client_0,22150,52,49,5,5,47,44,13,Train/13/00013_00056_00010.png
client_0,30985,83,77,8,7,76,71,28,Train/28/00028_00005_00025.png
client_0,25101,50,45,5,5,45,40,17,Train/17/00017_00021_00021.png
client_0,4698,35,35,5,5,30,30,2,Train/2/00002_00063_00018.png
client_0,8962,63,58,6,5,58,53,5,Train/5/00005_00017_00022.png
client_0,21407,39,35,6,5,34,30,13,Train/13/00013_00031_00017.png
client_0,5350,34,34,6,6,29,29,3,Train/3/00003_00010_00010.png
client_0,20507,50,50,5,6,45,45,13,Train/13/00013_00001_00017.png
client_0,20930,106,98,10,9,97,89,13,Train/13/00013_00015_00020.png
client_0,22093,89,85,8,8,81,77,13,Train/13/00013_00054_00013.png
client_0,24993,32,35,5,6,27,30,17,Train/17/00017_00018_00003.png
client_0,20034,70,69,6,6,63,63,12,Train/12/00012_00055_00024.png
client_0,34264,33,34,6,6,28,28,35,Train/35/00035_00002_00005.png
client_0,34182,42,42,5,5,37,37,34,Train/34/00034_00013_00013.png
client_0,5665,51,51,6,5,46,46,3,Train/3/00003_00020_00025.png
client_0,26550,45,41,6,5,40,36,18,Train/18/00018_00033_00000.png
client_0,35354,37,36,6,5,31,31,35,Train/35/00035_00038_00015.png
client_0,26311,36,33,6,5,31,28,18,Train/18/00018_00025_00001.png
client_0,4852,53,53,5,5,48,48,2,Train/2/00002_00068_00022.png
client_0,15300,31,31,5,5,26,26,10,Train/10/00010_00009_00000.png
client_0,24980,53,54,5,5,48,49,17,Train/17/00017_00017_00020.png
client_0,25289,100,116,8,11,92,106,17,Train/17/00017_00027_00029.png
client_0,19877,46,48,5,6,41,43,12,Train/12/00012_00050_00017.png
client_0,9231,43,39,5,6,38,34,5,Train/5/00005_00026_00021.png
client_0,19215,35,35,6,6,30,30,12,Train/12/00012_00028_00015.png
client_0,15799,43,45,6,6,38,40,10,Train/10/00010_00025_00019.png
client_0,21489,37,35,6,6,32,29,13,Train/13/00013_00034_00009.png
client_0,6278,60,60,5,5,55,55,3,Train/3/00003_00041_00008.png
client_0,17960,73,69,6,6,67,63,11,Train/11/00011_00030_00020.png
client_0,22598,40,38,6,6,34,33,13,Train/13/00013_00071_00008.png
client_0,18608,37,37,6,6,32,32,12,Train/12/00012_00008_00008.png
client_0,26782,116,99,11,8,106,91,19,Train/19/00019_00000_00022.png
client_0,16164,51,49,6,6,46,44,10,Train/10/00010_00037_00024.png
client_0,22264,39,36,5,6,33,31,13,Train/13/00013_00060_00004.png
client_0,21011,40,41,5,6,35,36,13,Train/13/00013_00018_00011.png
client_0,16968,37,39,5,6,32,34,10,Train/10/00010_00064_00018.png
client_0,26188,163,147,14,12,149,135,18,Train/18/00018_00020_00028.png
client_0,26274,76,72,6,6,70,66,18,Train/18/00018_00023_00024.png
client_0,15365,35,32,6,5,30,27,10,Train/10/00010_00011_00005.png
client_0,21957,116,99,11,8,106,91,13,Train/13/00013_00049_00027.png
client_0,34742,31,30,6,5,26,25,35,Train/35/00035_00018_00003.png
client_0,5676,31,31,5,5,26,26,3,Train/3/00003_00021_00006.png
client_0,3175,104,96,10,9,95,88,2,Train/2/00002_00012_00025.png
client_0,21382,68,62,7,5,62,57,13,Train/13/00013_00030_00022.png
client_0,26276,96,87,9,7,88,80,18,Train/18/00018_00023_00026.png
client_0,7755,41,40,6,5,36,35,4,Train/4/00004_00043_00015.png
client_0,8022,33,33,6,6,27,27,4,Train/4/00004_00052_00012.png
client_0,37994,44,46,5,6,39,41,38,Train/38/00038_00066_00015.png
client_0,20931,109,99,10,8,100,90,13,Train/13/00013_00015_00021.png
client_0,18429,40,42,6,6,35,37,12,Train/12/00012_00002_00009.png
client_0,27137,50,47,6,6,45,42,21,Train/21/00021_00005_00017.png
client_0,17651,45,41,6,6,39,36,11,Train/11/00011_00020_00011.png
client_0,8027,37,38,5,6,32,33,4,Train/4/00004_00052_00017.png
client_0,21718,75,64,7,5,69,59,13,Train/13/00013_00041_00028.png
client_0,10256,42,47,6,6,37,42,5,Train/5/00005_00060_00026.png
client_0,21201,76,64,7,6,70,59,13,Train/13/00013_00024_00021.png
client_0,9526,40,38,6,5,35,33,5,Train/5/00005_00036_00016.png
client_0,30648,58,53,6,6,53,48,27,Train/27/00027_00002_00018.png
client_0,5195,33,33,6,6,28,28,3,Train/3/00003_00005_00005.png
client_0,22186,107,93,10,8,97,85,13,Train/13/00013_00057_00016.png
client_0,18350,48,47,6,6,42,41,11,Train/11/00011_00043_00020.png
client_0,10210,33,32,5,5,28,27,5,Train/5/00005_00059_00010.png
client_0,17577,107,94,10,9,97,86,11,Train/11/00011_00017_00027.png
client_0,24852,29,38,5,6,24,33,17,Train/17/00017_00013_00012.png
client_0,9911,35,37,5,6,30,32,5,Train/5/00005_00049_00011.png
client_0,13076,45,43,6,5,40,38,8,Train/8/00008_00030_00026.png
client_0,20685,49,44,6,5,44,39,13,Train/13/00013_00007_00015.png
client_0,30495,45,39,6,6,40,34,26,Train/26/00026_00017_00015.png
client_0,5200,36,35,6,5,31,30,3,Train/3/00003_00005_00010.png
client_0,25942,45,45,6,5,39,40,18,Train/18/00018_00012_00022.png
client_0,38210,56,59,5,6,51,54,39,Train/39/00039_00004_00021.png
client_0,10398,44,45,6,5,39,40,6,Train/6/00006_00003_00018.png
client_0,8662,49,51,6,6,44,46,5,Train/5/00005_00007_00022.png
client_0,9462,34,36,6,6,29,31,5,Train/5/00005_00034_00012.png
client_0,8465,28,29,5,5,22,23,5,Train/5/00005_00001_00005.png
client_0,15154,28,28,5,5,23,23,10,Train/10/00010_00004_00004.png
client_0,30655,98,87,9,7,89,80,27,Train/27/00027_00002_00025.png
client_0,8709,36,36,5,5,31,31,5,Train/5/00005_00009_00009.png
client_0,39137,37,36,6,6,31,30,42,Train/42/00042_00005_00018.png
client_0,20890,55,51,5,6,49,46,13,Train/13/00013_00014_00010.png
client_0,27188,41,38,5,5,36,33,21,Train/21/00021_00007_00008.png
client_0,20973,44,42,5,6,39,37,13,Train/13/00013_00017_00003.png
client_0,15225,38,38,5,5,33,33,10,Train/10/00010_00006_00015.png
client_0,1660,38,38,6,6,33,33,1,Train/1/00001_00036_00010.png
client_0,30099,44,38,6,5,39,33,26,Train/26/00026_00004_00009.png
client_0,11425,48,48,6,5,43,43,7,Train/7/00007_00023_00025.png
client_0,28985,34,35,5,5,28,29,25,Train/25/00025_00017_00005.png
client_0,38448,53,53,6,6,48,48,40,Train/40/00040_00002_00019.png
client_0,31465,92,84,9,8,84,77,29,Train/29/00029_00003_00025.png
client_0,38645,30,29,6,6,25,24,40,Train/40/00040_00009_00006.png
client_0,24082,84,86,7,7,77,79,16,Train/16/00016_00001_00022.png
client_0,26049,35,31,5,5,29,26,18,Train/18/00018_00016_00009.png
client_0,9904,31,31,5,5,26,26,5,Train/5/00005_00049_00004.png
client_0,13278,41,42,5,6,36,37,8,Train/8/00008_00037_00018.png
client_0,5590,39,39,6,6,34,34,3,Train/3/00003_00018_00010.png
client_0,9494,41,40,5,5,36,35,5,Train/5/00005_00035_00014.png
client_0,8880,29,29,6,5,24,24,5,Train/5/00005_00015_00000.png
client_0,16381,38,38,6,6,33,33,10,Train/10/00010_00045_00001.png
client_0,15590,52,51,6,5,47,46,10,Train/10/00010_00018_00020.png
client_0,26172,77,71,7,6,70,64,18,Train/18/00018_00020_00012.png
client_0,38248,106,108,10,10,97,99,39,Train/39/00039_00005_00029.png
client_0,38436,35,35,5,5,30,30,40,Train/40/00040_00002_00007.png
client_0,22155,56,54,5,5,51,48,13,Train/13/00013_00056_00015.png
client_0,15830,39,39,5,5,34,34,10,Train/10/00010_00026_00020.png
client_0,6465,56,56,6,6,51,51,4,Train/4/00004_00000_00015.png
client_0,6660,29,29,6,5,24,24,4,Train/4/00004_00007_00000.png
client_0,21631,30,27,6,6,25,22,13,Train/13/00013_00039_00001.png
client_0,38089,127,128,11,12,116,117,39,Train/39/00039_00000_00020.png
client_0,21812,75,74,7,6,69,68,13,Train/13/00013_00045_00002.png
client_0,15443,68,67,7,6,62,61,10,Train/10/00010_00013_00023.png
client_0,24978,51,52,6,6,46,47,17,Train/17/00017_00017_00018.png
client_0,9451,27,27,5,5,21,22,5,Train/5/00005_00034_00001.png
client_0,17598,69,61,6,6,63,56,11,Train/11/00011_00018_00018.png
client_0,15740,43,45,5,5,38,40,10,Train/10/00010_00023_00020.png
client_0,18352,48,48,5,6,42,43,11,Train/11/00011_00043_00022.png
client_0,16080,27,26,5,5,22,20,10,Train/10/00010_00035_00000.png
client_0,21960,26,28,6,6,21,23,13,Train/13/00013_00050_00000.png
client_0,21725,39,35,5,6,34,30,13,Train/13/00013_00042_00005.png
client_0,34051,32,31,6,5,27,26,34,Train/34/00034_00009_00002.png
client_0,38499,50,50,6,5,45,45,40,Train/40/00040_00004_00010.png
client_0,7910,51,50,6,5,46,45,4,Train/4/00004_00048_00020.png
client_0,26593,44,38,6,5,39,33,18,Train/18/00018_00034_00013.png
client_0,21914,69,61,7,5,62,55,13,Train/13/00013_00048_00014.png
client_0,29075,38,35,6,6,33,30,25,Train/25/00025_00020_00005.png
client_0,24984,68,71,6,7,62,65,17,Train/17/00017_00017_00024.png
client_0,5544,49,49,6,5,44,44,3,Train/3/00003_00016_00024.png
client_0,30923,71,63,7,5,65,58,28,Train/28/00028_00003_00023.png
client_0,15139,40,41,6,6,35,36,10,Train/10/00010_00003_00019.png
client_0,30252,38,37,5,6,32,32,26,Train/26/00026_00009_00012.png
client_0,8043,37,38,6,6,32,33,4,Train/4/00004_00053_00003.png
client_0,35132,27,27,5,5,22,21,35,Train/35/00035_00031_00003.png
client_0,15739,44,45,6,6,39,40,10,Train/10/00010_00023_00019.png
client_0,22610,53,47,6,5,47,42,13,Train/13/00013_00071_00020.png
client_0,25507,28,29,5,6,23,24,17,Train/17/00017_00035_00007.png
client_0,15817,30,31,5,6,25,26,10,Train/10/00010_00026_00007.png
client_0,31003,51,48,5,5,46,43,28,Train/28/00028_00006_00013.png
client_0,7537,34,35,5,6,29,30,4,Train/4/00004_00036_00007.png
client_0,16500,29,29,6,6,24,24,10,Train/10/00010_00049_00000.png
client_0,25332,33,35,6,6,28,30,17,Train/17/00017_00029_00012.png
client_0,9332,28,29,5,6,23,24,5,Train/5/00005_00030_00002.png
client_0,9687,62,68,5,6,57,62,5,Train/5/00005_00041_00027.png
client_0,24774,47,48,6,6,41,43,17,Train/17/00017_00010_00024.png
client_0,13044,74,74,7,7,68,68,8,Train/8/00008_00029_00024.png
client_0,39131,32,32,5,5,26,26,42,Train/42/00042_00005_00012.png
client_0,31653,36,33,5,5,30,28,30,Train/30/00030_00001_00003.png
client_0,25200,36,37,5,6,31,32,17,Train/17/00017_00025_00000.png
client_0,376,46,44,6,5,41,39,0,Train/0/00000_00000_00016.png
client_0,25120,43,43,6,6,38,38,17,Train/17/00017_00022_00010.png
client_0,27142,64,60,5,5,58,55,21,Train/21/00021_00005_00022.png
client_0,16597,37,38,5,6,32,33,10,Train/10/00010_00052_00007.png
client_0,20619,32,34,5,6,27,29,13,Train/13/00013_00005_00009.png
client_0,28643,72,64,6,6,65,58,25,Train/25/00025_00005_00023.png
client_0,13958,36,38,5,6,31,33,9,Train/9/00009_00013_00008.png
client_0,17339,108,96,10,8,99,88,11,Train/11/00011_00009_00029.png
client_0,31831,37,37,6,6,32,32,30,Train/30/00030_00007_00001.png
client_0,8686,46,46,6,6,41,41,5,Train/5/00005_00008_00016.png
client_0,18620,58,59,6,6,53,54,12,Train/12/00012_00008_00020.png
client_0,5885,27,30,5,6,22,25,3,Train/3/00003_00028_00005.png
client_0,34126,60,61,5,6,55,56,34,Train/34/00034_00011_00017.png
client_0,17907,31,46,6,5,26,41,11,Train/11/00011_00028_00027.png
client_0,11920,31,31,6,6,26,26,7,Train/7/00007_00040_00010.png
client_0,17191,40,36,6,5,35,31,11,Train/11/00011_00005_00001.png
client_0,21587,50,49,6,5,45,44,13,Train/13/00013_00037_00017.png
client_0,26375,32,31,6,5,26,25,18,Train/18/00018_00027_00005.png
client_0,15926,48,46,5,5,43,41,10,Train/10/00010_00029_00026.png
client_0,16499,69,69,6,6,63,63,10,Train/10/00010_00048_00029.png
client_0,26487,123,112,10,9,112,103,18,Train/18/00018_00030_00027.png
client_0,15862,55,55,6,5,50,50,10,Train/10/00010_00027_00022.png
client_0,10390,31,33,5,5,26,28,6,Train/6/00006_00003_00010.png
client_0,27833,56,55,5,5,51,50,23,Train/23/00023_00004_00023.png
client_0,22371,55,50,6,5,50,45,13,Train/13/00013_00063_00021.png
client_0,16784,38,38,5,5,33,33,10,Train/10/00010_00058_00014.png
client_0,14912,31,35,5,6,26,30,9,Train/9/00009_00045_00002.png
client_0,14429,134,129,11,12,122,118,9,Train/9/00009_00028_00029.png
client_0,17058,49,44,5,6,44,39,11,Train/11/00011_00000_00018.png
client_0,18997,42,44,5,5,37,39,12,Train/12/00012_00021_00007.png
client_0,25049,92,92,9,9,84,84,17,Train/17/00017_00019_00029.png
client_0,21551,41,40,5,5,36,35,13,Train/13/00013_00036_00011.png
client_0,19728,67,72,6,7,61,66,12,Train/12/00012_00045_00018.png
client_0,5031,45,45,6,6,40,40,2,Train/2/00002_00074_00021.png
client_0,16891,29,30,5,6,24,25,10,Train/10/00010_00062_00001.png
client_0,15538,56,55,6,5,51,50,10,Train/10/00010_00016_00028.png
client_0,4050,27,27,6,6,22,22,2,Train/2/00002_00042_00000.png
client_0,10513,30,32,5,6,25,27,6,Train/6/00006_00007_00013.png
client_0,26484,80,74,8,7,73,68,18,Train/18/00018_00030_00024.png
client_0,21239,129,116,12,10,118,106,13,Train/13/00013_00025_00029.png
client_0,20961,71,64,6,5,65,59,13,Train/13/00013_00016_00021.png
client_0,38206,45,48,5,6,40,43,39,Train/39/00039_00004_00017.png
client_0,26469,34,32,5,6,29,27,18,Train/18/00018_00030_00009.png
client_0,8966,83,83,8,8,76,76,5,Train/5/00005_00017_00026.png
client_0,18019,69,67,6,6,63,61,11,Train/11/00011_00032_00019.png
client_0,25837,33,32,5,6,28,26,18,Train/18/00018_00009_00007.png
client_0,25540,27,33,5,5,22,28,17,Train/17/00017_00036_00010.png
client_0,16086,31,31,5,6,26,25,10,Train/10/00010_00035_00006.png
client_0,16421,31,33,5,6,26,28,10,Train/10/00010_00046_00011.png
client_0,17906,31,46,6,5,26,41,11,Train/11/00011_00028_00026.png
client_0,21385,82,76,8,7,75,70,13,Train/13/00013_00030_00025.png
client_0,29800,44,41,6,5,39,36,25,Train/25/00025_00044_00010.png
client_0,29053,56,56,5,5,51,51,25,Train/25/00025_00019_00013.png
client_0,25557,31,39,6,6,26,34,17,Train/17/00017_00036_00027.png
client_0,17775,45,42,6,6,40,37,11,Train/11/00011_00024_00015.png
client_0,16566,38,39,5,6,33,34,10,Train/10/00010_00051_00006.png
client_0,38226,36,37,5,6,31,32,39,Train/39/00039_00005_00007.png
client_0,9643,33,32,6,5,28,27,5,Train/5/00005_00040_00013.png
client_0,24547,29,30,6,6,24,25,17,Train/17/00017_00003_00007.png
client_0,22219,39,41,6,6,34,36,13,Train/13/00013_00058_00019.png
client_0,13768,70,69,6,6,64,63,9,Train/9/00009_00006_00028.png
client_0,31475,38,38,5,5,33,33,29,Train/29/00029_00004_00005.png
client_0,25074,51,49,5,5,46,44,17,Train/17/00017_00020_00024.png
client_0,22241,94,86,8,7,86,79,13,Train/13/00013_00059_00011.png
client_0,20356,47,52,6,6,42,47,12,Train/12/00012_00066_00016.png
client_0,10214,39,37,6,5,34,32,5,Train/5/00005_00059_00014.png
client_0,20824,39,35,6,6,34,30,13,Train/13/00013_00012_00004.png
client_0,17959,35,36,5,5,30,31,11,Train/11/00011_00030_00019.png
client_0,21719,77,64,7,5,71,59,13,Train/13/00013_00041_00029.png
client_0,19329,33,38,6,6,28,33,12,Train/12/00012_00032_00009.png
client_0,33699,34,35,5,6,29,30,33,Train/33/00033_00020_00010.png
client_0,26492,36,34,5,6,31,29,18,Train/18/00018_00031_00002.png
client_0,18255,53,47,6,5,48,42,11,Train/11/00011_00040_00015.png
client_0,15946,37,36,6,5,32,31,10,Train/10/00010_00030_00016.png
client_0,20629,54,49,5,6,49,44,13,Train/13/00013_00005_00019.png
client_0,9758,37,37,6,5,32,32,5,Train/5/00005_00044_00008.png
client_0,27110,49,43,6,5,44,38,21,Train/21/00021_00004_00020.png
client_0,10013,47,47,6,6,42,42,5,Train/5/00005_00052_00023.png
client_0,20813,59,72,5,6,54,66,13,Train/13/00013_00011_00023.png
client_0,17511,46,46,5,6,41,41,11,Train/11/00011_00015_00021.png
client_0,17583,44,43,5,5,39,38,11,Train/11/00011_00018_00003.png
client_0,21223,45,40,5,5,39,35,13,Train/13/00013_00025_00013.png
client_0,24811,27,26,5,5,22,21,17,Train/17/00017_00012_00001.png
client_0,33598,58,67,6,6,53,61,33,Train/33/00033_00016_00028.png
client_0,2915,31,32,5,5,25,26,2,Train/2/00002_00004_00005.png
client_0,12785,30,29,6,6,25,23,8,Train/8/00008_00021_00005.png
client_0,24565,49,49,6,6,44,44,17,Train/17/00017_00003_00025.png
client_0,18174,56,59,6,6,50,54,11,Train/11/00011_00037_00024.png
client_0,19741,28,30,5,5,23,25,12,Train/12/00012_00046_00001.png
client_0,34785,37,36,6,5,31,31,35,Train/35/00035_00019_00016.png
client_0,5071,28,28,5,5,23,23,3,Train/3/00003_00001_00001.png
client_0,20057,49,48,6,5,43,42,12,Train/12/00012_00056_00017.png
client_0,30570,43,41,5,5,38,36,27,Train/27/00027_00000_00000.png
client_0,18153,34,34,6,5,29,29,11,Train/11/00011_00037_00003.png
client_0,22587,154,135,13,11,141,124,13,Train/13/00013_00070_00027.png
client_0,17888,27,43,5,5,22,37,11,Train/11/00011_00028_00008.png
client_0,38682,43,46,6,6,38,41,40,Train/40/00040_00010_00013.png
client_0,15360,31,30,6,5,26,25,10,Train/10/00010_00011_00000.png
client_0,35039,25,27,5,6,20,21,35,Train/35/00035_00028_00000.png
client_0,8517,45,47,6,6,40,42,5,Train/5/00005_00002_00027.png
client_0,18052,73,73,6,6,67,67,11,Train/11/00011_00033_00022.png
client_0,24463,27,32,5,6,22,27,17,Train/17/00017_00000_00013.png
client_0,15929,57,52,5,5,52,47,10,Train/10/00010_00029_00029.png
client_0,1153,36,36,5,5,31,31,1,Train/1/00001_00019_00013.png
client_0,5750,49,49,5,5,44,44,3,Train/3/00003_00023_00020.png
client_0,27761,46,43,5,5,41,38,23,Train/23/00023_00002_00011.png
client_0,6174,69,68,7,6,63,62,3,Train/3/00003_00037_00024.png
client_0,27025,76,65,6,6,70,60,21,Train/21/00021_00001_00025.png
client_0,20887,51,46,6,5,46,41,13,Train/13/00013_00014_00007.png
client_0,21449,207,146,17,12,190,133,13,Train/13/00013_00032_00029.png
client_0,24037,59,60,5,5,54,55,16,Train/16/00016_00000_00007.png
client_0,20755,71,65,7,6,64,60,13,Train/13/00013_00009_00025.png
client_0,27396,43,40,6,6,38,35,22,Train/22/00022_00003_00006.png
client_0,22188,111,98,10,8,102,90,13,Train/13/00013_00057_00018.png
client_0,35014,31,32,6,6,26,27,35,Train/35/00035_00027_00005.png
client_0,21533,107,111,10,10,98,102,13,Train/13/00013_00035_00023.png
client_0,35434,33,32,5,5,28,27,36,Train/36/00036_00001_00005.png
client_0,21567,85,81,7,8,78,74,13,Train/13/00013_00036_00027.png
client_0,16040,42,40,6,5,37,35,10,Train/10/00010_00033_00020.png
