client_id,source_row_index,Width,Height,Roi.X1,Roi.Y1,Roi.X2,Roi.Y2,ClassId,Path
client_3,24534,35,47,6,5,29,42,17,Train/17/00017_00002_00024.png
client_3,35977,45,48,6,5,40,43,37,Train/37/00037_00006_00008.png
client_3,29538,48,42,6,5,43,37,25,Train/25/00025_00035_00018.png
client_3,3312,37,37,6,5,32,32,2,Train/2/00002_00017_00012.png
client_3,30591,95,89,8,8,86,82,27,Train/27/00027_00000_00021.png
client_3,38851,27,28,5,6,22,23,41,Train/41/00041_00004_00002.png
client_3,11917,30,30,6,6,25,25,7,Train/7/00007_00040_00007.png
client_3,30784,35,31,6,5,30,26,27,Train/27/00027_00007_00004.png
client_3,18624,80,82,7,8,73,75,12,Train/12/00012_00008_00024.png
client_3,34771,27,29,5,6,21,23,35,Train/35/00035_00019_00002.png
client_3,35910,26,28,5,6,21,23,37,Train/37/00037_00004_00001.png
client_3,34161,38,39,6,6,33,34,34,Train/34/00034_00012_00022.png
client_3,36093,38,40,5,5,32,34,38,Train/38/00038_00003_00004.png
client_3,29379,57,56,5,6,52,51,25,Train/25/00025_00030_00009.png
client_3,8669,63,69,5,6,58,63,5,Train/5/00005_00007_00029.png
client_3,29982,39,40,6,6,34,35,26,Train/26/00026_00000_00012.png
client_3,20653,40,36,6,6,35,31,13,Train/13/00013_00006_00013.png
client_3,28580,131,117,11,10,120,106,25,Train/25/00025_00003_00020.png
client_3,936,30,32,5,6,24,27,1,Train/1/00001_00012_00006.png
client_3,4626,45,45,6,6,39,39,2,Train/2/00002_00061_00006.png
client_3,28595,41,37,6,6,36,32,25,Train/25/00025_00004_00005.png
client_3,17272,72,63,6,5,65,58,11,Train/11/00011_00007_00022.png
client_3,36745,75,80,7,7,69,73,38,Train/38/00038_00024_00026.png
client_3,27606,30,30,5,5,25,25,22,Train/22/00022_00010_00006.png
client_3,10479,31,32,5,5,26,27,6,Train/6/00006_00006_00009.png
client_3,3319,49,50,5,6,44,45,2,Train/2/00002_00017_00019.png
client_3,1710,27,28,6,6,22,23,1,Train/1/00001_00038_00000.png
client_3,21899,137,118,12,10,126,108,13,Train/13/00013_00047_00029.png
client_3,30250,36,35,5,5,31,30,26,Train/26/00026_00009_00010.png
client_3,31235,39,37,6,5,34,32,28,Train/28/00028_00014_00005.png
client_3,36581,35,36,5,6,30,31,38,Train/38/00038_00019_00012.png
client_3,35182,51,52,6,6,46,47,35,Train/35/00035_00032_00023.png
client_3,9417,55,56,6,6,50,51,5,Train/5/00005_00032_00027.png
client_3,3848,36,36,5,5,31,31,2,Train/2/00002_00035_00008.png
client_3,13664,35,35,5,5,30,30,9,Train/9/00009_00003_00014.png
client_3,32677,35,34,6,6,30,29,31,Train/31/00031_00020_00007.png
client_3,8091,71,74,6,6,65,68,4,Train/4/00004_00054_00021.png
client_3,22567,79,75,7,7,72,69,13,Train/13/00013_00070_00007.png
client_3,1160,43,45,5,6,38,40,1,Train/1/00001_00019_00020.png
client_3,23581,27,28,6,6,22,23,15,Train/15/00015_00006_00001.png
client_3,37790,55,55,5,5,50,50,38,Train/38/00038_00059_00021.png
client_3,31302,45,46,6,5,40,41,28,Train/28/00028_00016_00012.png
client_3,35150,41,43,6,6,35,37,35,Train/35/00035_00031_00021.png
client_3,37889,26,27,5,6,21,22,38,Train/38/00038_00063_00000.png
client_3,9457,31,33,6,6,25,27,5,Train/5/00005_00034_00007.png
client_3,16936,37,37,6,5,32,32,10,Train/10/00010_00063_00016.png
client_3,4282,48,48,6,5,43,43,2,Train/2/00002_00049_00022.png
client_3,23115,63,64,5,6,58,58,14,Train/14/00014_00016_00015.png
client_3,24274,59,58,6,6,54,53,16,Train/16/00016_00008_00004.png
client_3,20138,33,34,5,6,28,29,12,Train/12/00012_00059_00008.png
client_3,30942,42,37,6,5,37,32,28,Train/28/00028_00004_00012.png
client_3,14161,29,29,6,5,24,24,9,Train/9/00009_00020_00001.png
client_3,27765,54,49,5,5,49,43,23,Train/23/00023_00002_00015.png
client_3,31965,44,44,5,5,39,39,30,Train/30/00030_00011_00015.png
client_3,3791,32,34,5,5,27,29,2,Train/2/00002_00033_00011.png
client_3,33010,30,32,6,6,25,27,32,Train/32/00032_00005_00010.png
client_3,37299,40,45,5,5,35,40,38,Train/38/00038_00043_00010.png
client_3,31996,45,47,5,5,40,42,30,Train/30/00030_00012_00016.png
client_3,10470,26,27,5,5,20,21,6,Train/6/00006_00006_00000.png
client_3,29492,46,45,5,5,41,40,25,Train/25/00025_00034_00002.png
client_3,21720,35,31,5,5,30,26,13,Train/13/00013_00042_00000.png
client_3,30991,41,37,6,5,36,32,28,Train/28/00028_00006_00001.png
client_3,5959,48,49,6,6,42,44,3,Train/3/00003_00030_00019.png
client_3,23420,53,53,6,6,48,48,15,Train/15/00015_00000_00020.png
client_3,22812,42,43,6,6,37,37,14,Train/14/00014_00006_00012.png
client_3,27521,51,47,6,5,45,41,22,Train/22/00022_00007_00011.png
client_3,3776,59,55,5,5,54,50,2,Train/2/00002_00032_00026.png
client_3,9361,27,28,6,5,22,23,5,Train/5/00005_00031_00001.png
client_3,29174,56,57,5,6,51,52,25,Train/25/00025_00023_00014.png
client_3,31821,46,46,5,5,41,41,30,Train/30/00030_00006_00021.png
client_3,13696,39,38,6,5,34,33,9,Train/9/00009_00004_00016.png
client_3,12108,35,34,6,5,30,29,7,Train/7/00007_00046_00018.png
client_3,30389,74,74,6,7,68,68,26,Train/26/00026_00013_00029.png
client_3,33708,55,54,5,5,49,49,33,Train/33/00033_00020_00019.png
client_3,8283,31,31,6,6,26,26,4,Train/4/00004_00061_00003.png
client_3,18595,71,74,6,7,65,68,12,Train/12/00012_00007_00025.png
client_3,21655,69,58,7,5,63,53,13,Train/13/00013_00039_00025.png
client_3,29667,117,112,10,10,107,103,25,Train/25/00025_00039_00027.png
client_3,38484,88,86,7,8,81,79,40,Train/40/00040_00003_00025.png
client_3,761,50,59,5,5,44,53,1,Train/1/00001_00006_00011.png
client_3,16914,50,52,5,6,45,47,10,Train/10/00010_00062_00024.png
client_3,21428,43,39,6,6,38,33,13,Train/13/00013_00032_00008.png
client_3,1027,30,32,6,6,25,26,1,Train/1/00001_00015_00007.png
client_3,25311,52,52,6,5,47,47,17,Train/17/00017_00028_00021.png
client_3,12166,42,44,5,5,37,39,8,Train/8/00008_00000_00016.png
client_3,36094,40,41,6,6,34,36,38,Train/38/00038_00003_00005.png
client_3,36654,53,55,5,5,48,50,38,Train/38/00038_00021_00025.png
client_3,26283,33,31,5,5,28,26,18,Train/18/00018_00024_00003.png
client_3,34966,46,46,6,6,41,41,35,Train/35/00035_00025_00017.png
client_3,2847,100,100,9,9,92,92,2,Train/2/00002_00001_00027.png
client_3,23945,93,108,8,10,85,99,15,Train/15/00015_00018_00005.png
client_3,37859,26,27,5,6,21,22,38,Train/38/00038_00062_00000.png
client_3,38940,33,33,6,6,28,28,41,Train/41/00041_00007_00001.png
client_3,8129,60,59,5,6,55,54,4,Train/4/00004_00055_00029.png
client_3,1558,121,120,10,11,110,109,1,Train/1/00001_00032_00028.png
client_3,33187,35,34,6,5,30,29,33,Train/33/00033_00003_00007.png
client_3,12549,38,39,5,5,33,34,8,Train/8/00008_00013_00009.png
client_3,18410,52,50,5,5,46,45,12,Train/12/00012_00001_00020.png
client_3,1516,45,46,5,6,39,40,1,Train/1/00001_00031_00016.png
client_3,30507,82,69,7,6,75,63,26,Train/26/00026_00017_00027.png
client_3,37570,47,60,6,6,42,55,38,Train/38/00038_00052_00011.png
client_3,7366,44,45,5,6,39,40,4,Train/4/00004_00030_00016.png
client_3,38617,38,38,6,6,33,33,40,Train/40/00040_00008_00008.png
client_3,28566,68,64,6,5,62,59,25,Train/25/00025_00003_00006.png
client_3,8388,40,40,6,6,35,35,4,Train/4/00004_00064_00018.png
client_3,5189,72,74,6,7,66,68,3,Train/3/00003_00004_00029.png
client_3,20459,97,104,9,10,89,95,12,Train/12/00012_00069_00029.png
client_3,9828,50,49,6,5,45,44,5,Train/5/00005_00046_00018.png
client_3,25296,38,39,5,6,33,34,17,Train/17/00017_00028_00006.png
client_3,524,38,37,5,5,33,32,0,Train/0/00000_00005_00014.png
client_3,37629,35,35,6,6,30,30,38,Train/38/00038_00054_00010.png
client_3,9959,64,67,5,6,59,61,5,Train/5/00005_00050_00029.png
client_3,8075,38,39,5,6,33,34,4,Train/4/00004_00054_00005.png
client_3,29348,53,54,6,6,48,49,25,Train/25/00025_00029_00008.png
client_3,30803,61,55,6,5,55,50,27,Train/27/00027_00007_00023.png
client_3,33267,72,69,6,6,66,63,33,Train/33/00033_00005_00027.png
client_3,17033,40,39,6,6,34,34,10,Train/10/00010_00066_00023.png
client_3,36895,70,69,7,6,64,63,38,Train/38/00038_00029_00026.png
client_3,32749,43,42,6,5,38,37,31,Train/31/00031_00022_00019.png
client_3,14372,27,30,5,6,22,24,9,Train/9/00009_00027_00002.png
client_3,7357,34,33,6,5,29,28,4,Train/4/00004_00030_00007.png
client_3,32960,43,45,6,5,38,39,32,Train/32/00032_00003_00020.png
client_3,24537,36,51,6,6,31,46,17,Train/17/00017_00002_00027.png
client_3,89,105,99,10,8,96,91,20,Train/20/00020_00002_00029.png
client_3,34269,34,35,5,5,28,29,35,Train/35/00035_00002_00010.png
client_3,38243,67,69,6,7,61,63,39,Train/39/00039_00005_00024.png
client_3,21152,27,34,5,6,22,29,13,Train/13/00013_00023_00002.png
client_3,33599,60,72,6,7,55,66,33,Train/33/00033_00016_00029.png
client_3,3968,30,30,5,5,24,24,2,Train/2/00002_00039_00008.png
client_3,13190,52,56,5,6,47,51,8,Train/8/00008_00034_00020.png
client_3,30225,46,42,6,5,41,37,26,Train/26/00026_00008_00015.png
client_3,37123,46,49,6,6,41,44,38,Train/38/00038_00037_00014.png
client_3,13722,35,34,6,5,30,29,9,Train/9/00009_00005_00012.png
client_3,26632,61,56,5,6,55,51,18,Train/18/00018_00035_00022.png
client_3,10178,30,30,5,6,25,25,5,Train/5/00005_00058_00008.png
client_3,31499,141,132,13,11,129,121,29,Train/29/00029_00004_00029.png
client_3,39059,26,26,5,6,21,21,42,Train/42/00042_00003_00000.png
client_3,13781,34,33,5,5,28,27,9,Train/9/00009_00007_00011.png
client_3,10340,44,46,5,5,39,41,6,Train/6/00006_00001_00020.png
client_3,13948,112,120,9,11,103,110,9,Train/9/00009_00012_00028.png
client_3,7751,36,35,5,5,30,30,4,Train/4/00004_00043_00011.png
client_3,25750,52,46,6,5,47,41,18,Train/18/00018_00006_00010.png
client_3,7592,32,32,5,5,27,27,4,Train/4/00004_00038_00002.png
client_3,38251,28,30,5,6,23,25,39,Train/39/00039_00006_00002.png
client_3,1938,61,60,6,5,56,55,1,Train/1/00001_00045_00018.png
client_3,21811,71,71,7,7,65,65,13,Train/13/00013_00045_00001.png
client_3,29542,60,54,6,5,55,49,25,Train/25/00025_00035_00022.png
client_3,13795,73,72,7,6,66,66,9,Train/9/00009_00007_00025.png
client_3,28606,49,45,5,5,44,40,25,Train/25/00025_00004_00016.png
client_3,32585,59,54,5,5,53,49,31,Train/31/00031_00017_00005.png
client_3,18711,70,73,7,6,64,67,12,Train/12/00012_00011_00021.png
client_3,32457,105,93,10,8,96,85,31,Train/31/00031_00012_00027.png
client_3,18004,37,39,5,6,32,34,11,Train/11/00011_00032_00004.png
client_3,27277,31,31,6,6,26,26,21,Train/21/00021_00010_00007.png
client_3,19722,55,58,6,6,50,53,12,Train/12/00012_00045_00012.png
client_3,9519,32,33,5,6,27,28,5,Train/5/00005_00036_00009.png
client_3,3701,39,36,6,6,34,30,2,Train/2/00002_00030_00011.png
client_3,8531,31,31,5,6,26,26,5,Train/5/00005_00003_00011.png
client_3,960,42,42,5,5,37,37,1,Train/1/00001_00013_00000.png
client_3,21844,32,40,5,5,27,35,13,Train/13/00013_00046_00004.png
client_3,33577,38,39,6,5,33,34,33,Train/33/00033_00016_00007.png
client_3,22578,113,101,10,9,104,93,13,Train/13/00013_00070_00018.png
client_3,25726,109,100,9,9,100,92,18,Train/18/00018_00005_00016.png
client_3,38504,58,57,6,5,53,52,40,Train/40/00040_00004_00015.png
client_3,26963,80,72,7,6,73,65,19,Train/19/00019_00006_00023.png
client_3,1194,75,73,7,6,69,67,1,Train/1/00001_00020_00024.png
client_3,28474,48,46,5,5,43,41,25,Train/25/00025_00000_00004.png
client_3,33055,53,56,5,6,48,51,32,Train/32/00032_00006_00025.png
client_3,403,36,36,5,6,31,31,0,Train/0/00000_00001_00013.png
client_3,32495,41,40,5,6,36,35,31,Train/31/00031_00014_00005.png
client_3,426,30,30,5,5,25,25,0,Train/0/00000_00002_00006.png
client_3,8765,38,38,6,6,32,33,5,Train/5/00005_00011_00005.png
client_3,13066,34,32,6,5,29,27,8,Train/8/00008_00030_00016.png
client_3,36836,37,38,5,5,32,33,38,Train/38/00038_00027_00027.png
client_3,31843,53,50,5,6,48,45,30,Train/30/00030_00007_00013.png
client_3,31493,70,65,6,6,64,60,29,Train/29/00029_00004_00023.png
client_3,7737,69,69,6,7,62,62,4,Train/4/00004_00042_00027.png
client_3,12334,32,31,6,5,27,26,8,Train/8/00008_00006_00004.png
client_3,8406,29,29,6,5,24,24,4,Train/4/00004_00065_00006.png
client_3,166,40,38,5,5,35,32,20,Train/20/00020_00005_00016.png
client_3,34238,32,32,6,6,27,27,35,Train/35/00035_00001_00009.png
client_3,18886,47,47,6,5,42,42,12,Train/12/00012_00017_00016.png
client_3,28583,155,139,13,12,142,127,25,Train/25/00025_00003_00023.png
client_3,20337,104,98,10,8,95,90,12,Train/12/00012_00065_00027.png
client_3,28287,73,67,7,6,67,61,24,Train/24/00024_00002_00027.png
client_3,39165,37,36,6,5,32,31,42,Train/42/00042_00006_00016.png
client_3,26052,37,33,5,5,31,28,18,Train/18/00018_00016_00012.png
client_3,12151,35,37,5,6,30,32,8,Train/8/00008_00000_00001.png
client_3,29587,35,31,6,5,30,26,25,Train/25/00025_00037_00007.png
client_3,21149,80,92,8,9,73,84,13,Train/13/00013_00022_00029.png
client_3,16949,68,68,6,6,62,62,10,Train/10/00010_00063_00029.png
client_3,30356,68,61,6,5,61,56,26,Train/26/00026_00012_00026.png
client_3,37510,35,36,6,5,30,31,38,Train/38/00038_00050_00011.png
client_3,20200,45,47,6,6,40,42,12,Train/12/00012_00061_00010.png
client_3,19115,34,39,6,6,29,34,12,Train/12/00012_00025_00005.png
client_3,22292,46,43,5,6,40,37,13,Train/13/00013_00061_00002.png
client_3,25029,41,41,6,5,36,36,17,Train/17/00017_00019_00009.png
client_3,23566,35,36,5,5,30,30,15,Train/15/00015_00005_00016.png
client_3,14795,30,30,6,6,25,25,9,Train/9/00009_00041_00005.png
client_3,7831,28,29,5,6,22,23,4,Train/4/00004_00046_00001.png
client_3,10149,33,33,5,5,28,28,5,Train/5/00005_00057_00009.png
client_3,37208,47,51,6,5,42,46,38,Train/38/00038_00040_00009.png
client_3,27308,41,40,6,6,36,35,22,Train/22/00022_00000_00008.png
client_3,27784,56,51,6,5,51,46,23,Train/23/00023_00003_00004.png
client_3,31582,63,66,5,6,58,60,29,Train/29/00029_00007_00022.png
client_3,31311,61,61,6,5,56,56,28,Train/28/00028_00016_00021.png
client_3,36114,58,60,5,6,53,55,38,Train/38/00038_00003_00025.png
client_3,531,52,49,5,5,47,44,0,Train/0/00000_00005_00021.png
client_3,9849,34,35,6,6,29,29,5,Train/5/00005_00047_00009.png
client_3,3588,48,47,6,5,43,42,2,Train/2/00002_00026_00018.png
client_3,20839,69,59,7,5,63,54,13,Train/13/00013_00012_00019.png
client_3,5374,28,27,6,5,23,22,3,Train/3/00003_00011_00004.png
client_3,9455,29,31,6,6,24,26,5,Train/5/00005_00034_00005.png
client_3,3983,48,48,6,6,42,43,2,Train/2/00002_00039_00023.png
client_3,9485,30,32,5,6,25,26,5,Train/5/00005_00035_00005.png
client_3,20735,33,29,6,5,28,24,13,Train/13/00013_00009_00005.png
client_3,13726,39,39,5,5,33,33,9,Train/9/00009_00005_00016.png
client_3,8136,30,32,5,6,25,27,4,Train/4/00004_00056_00006.png
client_3,14257,31,32,6,5,26,27,9,Train/9/00009_00023_00007.png
client_3,8212,46,46,5,5,41,41,4,Train/4/00004_00058_00022.png
client_3,1942,73,73,7,7,67,67,1,Train/1/00001_00045_00022.png
client_3,12640,35,36,5,5,30,31,8,Train/8/00008_00016_00010.png
client_3,25957,44,43,6,5,39,38,18,Train/18/00018_00013_00007.png
client_3,1325,30,30,6,6,25,25,1,Train/1/00001_00025_00005.png
client_3,2404,33,35,5,5,28,30,1,Train/1/00001_00061_00004.png
client_3,27471,49,48,5,6,44,43,22,Train/22/00022_00005_00021.png
client_3,14100,30,30,5,5,25,25,9,Train/9/00009_00018_00000.png
client_3,31243,48,47,5,6,43,42,28,Train/28/00028_00014_00013.png
client_3,18433,45,50,6,6,40,45,12,Train/12/00012_00002_00013.png
client_3,19456,54,55,5,6,49,50,12,Train/12/00012_00036_00016.png
client_3,29624,43,41,6,6,38,36,25,Train/25/00025_00038_00014.png
client_3,1671,53,51,5,5,47,46,1,Train/1/00001_00036_00021.png
client_3,14518,41,43,5,5,36,37,9,Train/9/00009_00031_00028.png
client_3,34619,30,30,6,6,25,25,35,Train/35/00035_00014_00000.png
client_3,31220,80,75,8,7,73,69,28,Train/28/00028_00013_00020.png
client_3,2824,27,29,5,6,21,24,2,Train/2/00002_00001_00004.png
client_3,26091,56,52,6,6,51,46,18,Train/18/00018_00017_00021.png
client_3,27581,43,39,5,6,38,34,22,Train/22/00022_00009_00011.png
client_3,5363,63,65,6,6,58,60,3,Train/3/00003_00010_00023.png
client_3,25919,153,134,13,12,140,123,18,Train/18/00018_00011_00029.png
client_3,35669,27,27,6,5,22,22,36,Train/36/00036_00009_00000.png
client_3,10012,44,44,5,5,39,39,5,Train/5/00005_00052_00022.png
client_3,37812,37,38,6,5,32,33,38,Train/38/00038_00060_00013.png
client_3,26922,40,37,6,5,35,32,19,Train/19/00019_00005_00012.png
client_3,6923,42,42,5,6,36,36,4,Train/4/00004_00015_00023.png
client_3,19190,53,52,6,5,48,47,12,Train/12/00012_00027_00020.png
client_3,33450,33,30,5,5,28,25,33,Train/33/00033_00012_00000.png
client_3,7049,148,146,13,12,136,134,4,Train/4/00004_00019_00029.png
client_3,7651,27,27,5,5,22,22,4,Train/4/00004_00040_00001.png
client_3,7349,104,105,9,9,95,96,4,Train/4/00004_00029_00029.png
client_3,33712,73,72,7,7,66,65,33,Train/33/00033_00020_00023.png
client_3,35785,73,73,7,7,66,67,36,Train/36/00036_00012_00026.png
client_3,27522,51,47,6,5,46,42,22,Train/22/00022_00007_00012.png
client_3,22681,31,32,5,5,26,27,14,Train/14/00014_00002_00001.png
client_3,27483,32,28,6,5,27,23,22,Train/22/00022_00006_00003.png
client_3,29742,43,40,5,5,38,35,25,Train/25/00025_00042_00012.png
client_3,37564,43,56,6,6,38,51,38,Train/38/00038_00052_00005.png
client_3,31123,63,53,6,5,58,48,28,Train/28/00028_00010_00013.png
client_3,875,31,31,6,6,26,26,1,Train/1/00001_00010_00005.png
client_3,29105,34,34,6,6,29,29,25,Train/25/00025_00021_00005.png
client_3,141,40,41,5,6,35,36,20,Train/20/00020_00004_00021.png
client_3,8086,55,56,6,5,50,51,4,Train/4/00004_00054_00016.png
client_3,24106,38,38,6,5,33,33,16,Train/16/00016_00002_00016.png
client_3,33013,31,34,5,6,25,28,32,Train/32/00032_00005_00013.png
client_3,28847,75,72,7,7,68,65,25,Train/25/00025_00012_00017.png
client_3,14497,30,29,6,5,25,24,9,Train/9/00009_00031_00007.png
client_3,19528,122,121,11,10,112,111,12,Train/12/00012_00038_00028.png
client_3,24378,38,38,5,5,32,33,16,Train/16/00016_00011_00018.png
client_3,30024,77,74,7,7,71,68,26,Train/26/00026_00001_00024.png
client_3,34199,37,37,6,6,32,32,35,Train/35/00035_00000_00000.png
client_3,39173,50,50,5,5,45,45,42,Train/42/00042_00006_00024.png
client_3,4798,45,49,5,6,40,43,2,Train/2/00002_00066_00028.png
client_3,12836,68,65,7,6,62,60,8,Train/8/00008_00022_00026.png
client_3,19820,63,64,6,5,58,59,12,Train/12/00012_00048_00020.png
client_3,37686,44,48,5,6,39,43,38,Train/38/00038_00056_00007.png
client_3,22372,56,52,5,5,51,47,13,Train/13/00013_00063_00022.png
client_3,32438,42,36,6,5,36,31,31,Train/31/00031_00012_00008.png
client_3,31508,39,35,6,5,34,30,29,Train/29/00029_00005_00008.png
client_3,29123,74,69,6,6,68,63,25,Train/25/00025_00021_00023.png
client_3,13088,31,30,6,5,26,25,8,Train/8/00008_00031_00008.png
client_3,14711,38,38,6,5,33,32,9,Train/9/00009_00038_00011.png
client_3,35718,43,43,6,5,37,37,36,Train/36/00036_00010_00019.png
client_3,24321,41,42,6,5,36,37,16,Train/16/00016_00009_00021.png
client_3,4873,29,31,5,6,24,26,2,Train/2/00002_00069_00013.png
client_3,24487,30,31,5,6,24,25,17,Train/17/00017_00001_00007.png
client_3,12436,39,39,5,5,34,34,8,Train/8/00008_00009_00016.png
client_3,15418,52,53,5,6,47,48,10,Train/10/00010_00012_00028.png
client_3,10485,39,40,6,6,34,35,6,Train/6/00006_00006_00015.png
client_3,9280,38,37,6,5,33,32,5,Train/5/00005_00028_00010.png
client_3,14902,56,56,6,6,51,50,9,Train/9/00009_00044_00022.png
client_3,26825,48,43,6,5,43,38,19,Train/19/00019_00002_00005.png
client_3,10250,35,38,5,5,29,33,5,Train/5/00005_00060_00020.png
client_3,14693,72,71,7,6,66,65,9,Train/9/00009_00037_00023.png
client_3,31630,38,36,6,5,33,31,30,Train/30/00030_00000_00010.png
client_3,28684,57,52,5,6,52,47,25,Train/25/00025_00007_00004.png
client_3,14695,86,85,8,7,79,78,9,Train/9/00009_00037_00025.png
client_3,22700,53,53,6,6,48,48,14,Train/14/00014_00002_00020.png
client_3,27368,38,37,5,5,33,32,22,Train/22/00022_00002_00008.png
client_3,19004,50,51,6,6,45,46,12,Train/12/00012_00021_00014.png
client_3,34773,29,29,6,6,23,24,35,Train/35/00035_00019_00004.png
client_3,38639,27,25,6,5,22,20,40,Train/40/00040_00009_00000.png
client_3,22628,56,56,6,6,51,51,14,Train/14/00014_00000_00008.png
client_3,22776,53,54,5,6,48,49,14,Train/14/00014_00005_00006.png
client_3,14772,43,43,6,5,38,38,9,Train/9/00009_00040_00012.png
client_3,20379,39,37,6,5,34,32,12,Train/12/00012_00067_00009.png
client_3,19152,39,39,5,5,34,34,12,Train/12/00012_00026_00012.png
client_3,35096,58,59,6,5,53,54,35,Train/35/00035_00029_00027.png
client_3,38047,32,33,5,5,27,28,38,Train/38/00038_00068_00008.png
client_3,23853,30,36,5,6,24,31,15,Train/15/00015_00015_00003.png
client_3,34046,70,71,6,6,64,65,34,Train/34/00034_00008_00027.png
client_3,28751,34,34,6,6,29,29,25,Train/25/00025_00009_00011.png
client_3,4651,34,34,5,6,28,29,2,Train/2/00002_00062_00001.png
client_3,29165,45,45,6,6,40,40,25,Train/25/00025_00023_00005.png
client_3,20542,55,56,5,5,50,51,13,Train/13/00013_00002_00022.png
client_3,22712,43,44,5,5,38,38,14,Train/14/00014_00003_00002.png
client_3,30749,107,97,10,8,98,89,27,Train/27/00027_00005_00029.png
client_3,23063,109,119,10,11,100,109,14,Train/14/00014_00014_00023.png
client_3,4108,68,68,7,7,62,62,2,Train/2/00002_00043_00028.png
client_3,38369,32,34,5,5,27,29,40,Train/40/00040_00000_00000.png
client_3,31287,93,82,9,8,85,75,28,Train/28/00028_00015_00027.png
client_3,671,37,38,5,6,31,32,1,Train/1/00001_00003_00011.png
client_3,19414,35,37,5,6,30,32,12,Train/12/00012_00035_00004.png
client_3,34242,34,33,5,5,28,27,35,Train/35/00035_00001_00013.png
client_3,38141,54,58,5,5,48,53,39,Train/39/00039_00002_00012.png
client_3,29714,56,52,6,5,51,47,25,Train/25/00025_00041_00014.png
client_3,30000,41,38,6,5,36,33,26,Train/26/00026_00001_00000.png
client_3,15328,60,60,5,5,55,55,10,Train/10/00010_00009_00028.png
client_3,14636,92,92,8,9,84,84,9,Train/9/00009_00035_00026.png
client_3,8536,36,35,6,6,31,30,5,Train/5/00005_00003_00016.png
client_3,26552,46,42,5,5,41,37,18,Train/18/00018_00033_00002.png
client_3,37447,32,31,5,6,26,25,38,Train/38/00038_00048_00008.png
client_3,7838,33,34,5,6,27,28,4,Train/4/00004_00046_00008.png
client_3,29630,55,51,6,6,49,46,25,Train/25/00025_00038_00020.png
client_3,27886,47,43,6,6,42,38,23,Train/23/00023_00006_00016.png
client_3,24730,35,38,5,5,30,33,17,Train/17/00017_00009_00010.png
client_3,15286,43,43,6,6,38,38,10,Train/10/00010_00008_00016.png
client_3,21272,31,31,6,6,26,26,13,Train/13/00013_00027_00002.png
client_3,5435,30,30,5,5,24,24,3,Train/3/00003_00013_00005.png
client_3,30465,41,38,5,6,35,33,26,Train/26/00026_00016_00015.png
client_3,15434,44,45,6,6,39,40,10,Train/10/00010_00013_00014.png
client_3,20286,28,30,5,6,23,25,12,Train/12/00012_00064_00006.png
client_3,20893,61,56,6,6,56,51,13,Train/13/00013_00014_00013.png
client_3,16626,41,40,6,5,36,35,10,Train/10/00010_00053_00006.png
client_3,28143,42,37,6,6,37,32,23,Train/23/00023_00015_00003.png
client_3,4608,75,76,7,7,69,70,2,Train/2/00002_00060_00018.png
client_3,27503,59,57,6,6,54,52,22,Train/22/00022_00006_00023.png
client_3,28725,105,98,9,9,95,90,25,Train/25/00025_00008_00015.png
client_3,33632,29,34,6,5,24,29,33,Train/33/00033_00018_00002.png
client_3,37754,48,49,6,6,43,44,38,Train/38/00038_00058_00015.png
client_3,20105,43,40,6,5,38,35,12,Train/12/00012_00058_00005.png
client_3,13413,34,34,6,6,29,29,8,Train/8/00008_00042_00003.png
client_3,10860,33,33,6,6,28,28,7,Train/7/00007_00005_00000.png
client_3,28504,69,65,7,6,63,60,25,Train/25/00025_00001_00004.png
client_3,3851,37,38,5,6,32,33,2,Train/2/00002_00035_00011.png
client_3,28220,57,53,5,5,51,47,24,Train/24/00024_00000_00020.png
client_3,31322,35,34,5,5,30,29,28,Train/28/00028_00017_00002.png
client_3,34450,50,50,5,5,45,44,35,Train/35/00035_00008_00011.png
client_3,289,45,44,6,5,40,39,20,Train/20/00020_00009_00019.png
client_3,8122,48,46,6,5,43,41,4,Train/4/00004_00055_00022.png
client_3,14642,36,36,6,6,31,31,9,Train/9/00009_00036_00002.png
client_3,9820,37,37,6,5,32,32,5,Train/5/00005_00046_00010.png
client_3,17404,38,38,5,5,33,32,11,Train/11/00011_00012_00004.png
client_3,19957,49,42,6,6,44,37,12,Train/12/00012_00053_00007.png
client_3,5090,40,40,5,5,35,35,3,Train/3/00003_00001_00020.png
client_3,21590,58,58,6,6,53,53,13,Train/13/00013_00037_00020.png
client_3,10861,33,34,5,6,27,28,7,Train/7/00007_00005_00001.png
client_3,27554,39,38,5,6,33,32,22,Train/22/00022_00008_00014.png
client_3,27528,60,60,5,6,55,54,22,Train/22/00022_00007_00018.png
client_3,28670,39,38,6,6,34,33,25,Train/25/00025_00006_00020.png
client_3,12995,29,28,5,6,24,23,8,Train/8/00008_00028_00005.png
client_3,20306,98,105,8,10,90,96,12,Train/12/00012_00064_00026.png
client_3,39005,29,29,5,5,24,24,42,Train/42/00042_00001_00006.png
client_3,14420,68,69,7,7,62,63,9,Train/9/00009_00028_00020.png
client_3,39034,30,30,6,6,25,25,42,Train/42/00042_00002_00005.png
client_3,31432,63,59,5,6,58,54,29,Train/29/00029_00002_00022.png
client_3,33922,82,81,7,7,74,74,34,Train/34/00034_00004_00023.png
client_3,22584,135,123,11,11,124,113,13,Train/13/00013_00070_00024.png
client_3,31183,38,36,5,5,33,31,28,Train/28/00028_00012_00013.png
client_3,21618,62,58,5,6,57,53,13,Train/13/00013_00038_00018.png
client_3,24017,42,42,6,6,37,37,15,Train/15/00015_00020_00017.png
client_3,14364,99,97,8,8,91,89,9,Train/9/00009_00026_00024.png
client_3,11390,58,57,6,5,53,52,7,Train/7/00007_00022_00020.png
client_3,8344,28,27,6,5,23,22,4,Train/4/00004_00063_00004.png
client_3,28641,64,60,6,6,59,55,25,Train/25/00025_00005_00021.png
client_3,389,144,148,12,13,132,136,0,Train/0/00000_00000_00029.png
client_3,2300,45,46,5,6,39,41,1,Train/1/00001_00057_00020.png
client_3,39064,29,29,6,5,24,23,42,Train/42/00042_00003_00005.png
client_3,14700,32,33,5,6,27,28,9,Train/9/00009_00038_00000.png
client_3,13093,33,34,5,5,28,28,8,Train/8/00008_00031_00013.png
client_3,5064,55,57,5,6,50,52,3,Train/3/00003_00000_00024.png
client_3,35981,51,54,6,5,46,49,37,Train/37/00037_00006_00012.png
client_3,17996,122,109,10,9,112,100,11,Train/11/00011_00031_00026.png
client_3,11053,42,42,5,5,37,37,7,Train/7/00007_00011_00013.png
client_3,10257,43,50,5,6,38,45,5,Train/5/00005_00060_00027.png
client_3,14511,37,36,6,5,32,31,9,Train/9/00009_00031_00021.png
client_3,23452,51,108,6,10,46,99,15,Train/15/00015_00001_00022.png
client_3,37041,49,52,6,5,44,47,38,Train/38/00038_00034_00022.png
client_3,23238,81,86,8,8,73,79,14,Train/14/00014_00020_00018.png
client_3,3084,98,91,9,8,90,83,2,Train/2/00002_00009_00024.png
client_3,7385,28,31,5,6,23,26,4,Train/4/00004_00031_00005.png
client_3,33121,28,26,6,5,23,21,33,Train/33/00033_00001_00001.png
client_3,25596,49,46,6,6,44,40,18,Train/18/00018_00001_00006.png
client_3,30288,43,40,6,6,38,35,26,Train/26/00026_00010_00018.png
client_3,4431,46,46,5,6,41,41,2,Train/2/00002_00054_00021.png
client_3,7656,30,30,5,5,25,25,4,Train/4/00004_00040_00006.png
client_3,1831,34,34,5,5,29,29,1,Train/1/00001_00042_00001.png
client_3,18769,41,41,6,6,35,35,12,Train/12/00012_00013_00019.png
client_3,6566,64,63,6,5,59,58,4,Train/4/00004_00003_00026.png
client_3,7246,48,49,6,5,43,44,4,Train/4/00004_00026_00016.png
client_3,36911,33,36,6,6,28,31,38,Train/38/00038_00030_00012.png
client_3,14345,56,53,6,6,51,48,9,Train/9/00009_00026_00005.png
client_3,32806,40,39,5,6,35,34,31,Train/31/00031_00024_00016.png
client_3,30217,39,34,6,5,33,29,26,Train/26/00026_00008_00007.png
client_3,15336,33,33,5,5,28,28,10,Train/10/00010_00010_00006.png
client_3,17362,92,80,9,7,84,73,11,Train/11/00011_00010_00022.png
client_3,34174,39,39,5,5,34,34,34,Train/34/00034_00013_00005.png
client_3,23083,46,45,6,5,41,40,14,Train/14/00014_00015_00013.png
client_3,31430,59,55,6,6,54,50,29,Train/29/00029_00002_00020.png
client_3,27589,59,52,6,6,54,47,22,Train/22/00022_00009_00019.png
client_3,30852,48,42,6,5,42,37,28,Train/28/00028_00001_00012.png
client_3,33493,51,50,5,5,45,44,33,Train/33/00033_00013_00013.png
client_3,28809,68,72,7,7,62,66,25,Train/25/00025_00011_00009.png
client_3,22048,86,74,7,6,78,68,13,Train/13/00013_00052_00028.png
client_3,13858,105,108,9,10,96,99,9,Train/9/00009_00009_00028.png
client_3,1059,39,41,6,6,34,36,1,Train/1/00001_00016_00009.png
client_3,23211,87,95,8,9,79,86,14,Train/14/00014_00019_00021.png
client_3,36452,32,33,6,6,26,28,38,Train/38/00038_00015_00003.png
client_3,28651,28,27,6,6,23,22,25,Train/25/00025_00006_00001.png
client_3,766,57,70,5,7,52,64,1,Train/1/00001_00006_00016.png
client_3,5256,30,30,6,6,25,25,3,Train/3/00003_00007_00006.png
client_3,27037,35,33,5,5,30,28,21,Train/21/00021_00002_00007.png
client_3,9993,31,30,6,5,26,25,5,Train/5/00005_00052_00003.png
client_3,34171,36,37,5,6,31,32,34,Train/34/00034_00013_00002.png
client_3,1945,87,86,8,7,80,79,1,Train/1/00001_00045_00025.png
client_3,21211,34,33,6,6,29,28,13,Train/13/00013_00025_00001.png
client_3,38903,49,50,6,6,44,45,41,Train/41/00041_00005_00024.png
client_3,23600,49,49,6,6,44,43,15,Train/15/00015_00006_00020.png
client_3,34836,32,33,6,6,27,28,35,Train/35/00035_00021_00007.png
client_3,25157,37,38,5,5,32,33,17,Train/17/00017_00023_00017.png
client_3,20715,51,61,6,5,46,56,13,Train/13/00013_00008_00015.png
client_3,29976,33,32,6,5,28,27,26,Train/26/00026_00000_00006.png
client_3,33251,69,70,6,7,63,63,33,Train/33/00033_00005_00011.png
client_3,35982,51,57,5,6,46,51,37,Train/37/00037_00006_00013.png
client_3,38472,51,50,5,5,45,44,40,Train/40/00040_00003_00013.png
client_3,27383,75,76,6,7,69,70,22,Train/22/00022_00002_00023.png
client_3,1973,76,76,6,6,70,70,1,Train/1/00001_00046_00023.png
client_3,2346,38,39,6,6,33,34,1,Train/1/00001_00059_00006.png
client_3,15860,48,50,5,6,43,45,10,Train/10/00010_00027_00020.png
client_3,22003,43,40,6,5,38,35,13,Train/13/00013_00051_00013.png
client_3,7805,33,34,5,5,28,29,4,Train/4/00004_00045_00005.png
client_3,13703,49,49,5,5,44,44,9,Train/9/00009_00004_00023.png
client_3,34301,30,30,6,5,25,25,35,Train/35/00035_00003_00012.png
client_3,38044,29,30,5,5,24,25,38,Train/38/00038_00068_00005.png
client_3,17091,97,91,9,8,89,83,11,Train/11/00011_00001_00021.png
client_3,20966,107,96,10,8,98,88,13,Train/13/00013_00016_00026.png
client_3,15845,29,32,5,6,24,27,10,Train/10/00010_00027_00005.png
client_3,26465,32,30,5,5,27,25,18,Train/18/00018_00030_00005.png
client_3,18212,31,30,5,6,25,24,11,Train/11/00011_00039_00002.png
client_3,24624,51,53,5,6,46,47,17,Train/17/00017_00005_00024.png
client_3,24520,27,43,5,5,22,38,17,Train/17/00017_00002_00010.png
client_3,13912,65,68,6,7,60,62,9,Train/9/00009_00011_00022.png
client_3,18899,118,116,10,10,108,106,12,Train/12/00012_00017_00029.png
client_3,25816,71,63,6,5,65,57,18,Train/18/00018_00008_00016.png
client_3,4810,39,38,6,5,33,32,2,Train/2/00002_00067_00010.png
client_3,1895,32,33,5,6,27,28,1,Train/1/00001_00044_00005.png
client_3,1283,45,42,5,5,40,37,1,Train/1/00001_00023_00023.png
client_3,12226,37,37,5,5,32,32,8,Train/8/00008_00002_00016.png
client_3,37688,46,50,6,6,41,45,38,Train/38/00038_00056_00009.png
client_3,14618,36,35,5,5,30,30,9,Train/9/00009_00035_00008.png
client_3,16420,31,33,5,6,26,28,10,Train/10/00010_00046_00010.png
client_3,19533,37,38,5,6,32,33,12,Train/12/00012_00039_00003.png
client_3,15996,32,27,6,6,26,22,10,Train/10/00010_00032_00006.png
client_3,27239,152,128,13,11,139,117,21,Train/21/00021_00008_00029.png
client_3,29104,32,33,5,6,27,28,25,Train/25/00025_00021_00004.png
client_3,4398,42,41,6,5,36,35,2,Train/2/00002_00053_00018.png
client_3,6256,35,36,6,5,30,31,3,Train/3/00003_00040_00016.png
client_3,27587,52,46,5,5,47,41,22,Train/22/00022_00009_00017.png
client_3,19386,58,57,6,5,53,52,12,Train/12/00012_00034_00006.png
client_3,15196,38,37,6,5,33,32,10,Train/10/00010_00005_00016.png
client_3,29148,72,69,7,7,66,63,25,Train/25/00025_00022_00018.png
client_3,12039,29,30,6,6,24,25,7,Train/7/00007_00044_00009.png
client_3,18474,71,71,7,7,65,65,12,Train/12/00012_00003_00024.png
client_3,12628,63,58,6,5,58,53,8,Train/8/00008_00015_00028.png
client_3,11827,30,32,5,6,24,26,7,Train/7/00007_00037_00007.png
client_3,20301,55,59,5,6,50,54,12,Train/12/00012_00064_00021.png
client_3,1429,47,56,5,6,41,51,1,Train/1/00001_00028_00019.png
client_3,11508,41,42,6,6,35,36,7,Train/7/00007_00026_00018.png
client_3,38694,72,76,7,7,66,69,40,Train/40/00040_00010_00025.png
client_3,32455,84,75,8,7,77,69,31,Train/31/00031_00012_00025.png
client_3,3822,36,37,5,6,31,32,2,Train/2/00002_00034_00012.png
client_3,10355,32,33,6,6,27,28,6,Train/6/00006_00002_00005.png
client_3,16667,44,44,5,5,39,39,10,Train/10/00010_00054_00017.png
client_3,37108,132,133,11,12,121,122,38,Train/38/00038_00036_00029.png
client_3,15347,40,39,6,5,35,34,10,Train/10/00010_00010_00017.png
client_3,28611,56,50,5,6,50,44,25,Train/25/00025_00004_00021.png
client_3,31470,39,40,5,6,34,35,29,Train/29/00029_00004_00000.png
client_3,16289,94,96,9,8,86,88,10,Train/10/00010_00041_00029.png
client_3,15063,29,27,5,6,23,22,10,Train/10/00010_00001_00003.png
client_3,3549,30,30,5,5,25,25,2,Train/2/00002_00025_00009.png
client_3,20951,46,43,5,6,41,38,13,Train/13/00013_00016_00011.png
client_3,18502,33,27,6,5,28,22,12,Train/12/00012_00004_00022.png
client_3,26889,47,45,5,6,42,40,19,Train/19/00019_00004_00009.png
client_3,23902,49,47,6,5,43,42,15,Train/15/00015_00016_00022.png
client_3,36869,30,29,6,5,25,24,38,Train/38/00038_00029_00000.png
client_3,18146,98,96,9,8,89,87,11,Train/11/00011_00036_00026.png
client_3,13899,39,38,6,5,34,33,9,Train/9/00009_00011_00009.png
client_3,19703,68,68,6,6,62,62,12,Train/12/00012_00044_00023.png
client_3,28669,38,36,5,5,32,31,25,Train/25/00025_00006_00019.png
client_3,4175,33,34,5,5,28,29,2,Train/2/00002_00046_00005.png
client_3,33545,28,32,5,6,23,27,33,Train/33/00033_00015_00005.png
client_3,14863,36,35,5,6,31,30,9,Train/9/00009_00043_00013.png
client_3,5233,53,56,5,5,48,51,3,Train/3/00003_00006_00013.png
client_3,14707,36,35,5,5,30,30,9,Train/9/00009_00038_00007.png
client_3,9183,31,30,6,5,26,25,5,Train/5/00005_00025_00003.png
client_3,27982,67,59,6,6,61,54,23,Train/23/00023_00009_00022.png
client_3,4815,43,42,6,5,38,36,2,Train/2/00002_00067_00015.png
client_3,11055,47,45,6,5,41,40,7,Train/7/00007_00011_00015.png
client_3,15914,34,35,5,5,29,30,10,Train/10/00010_00029_00014.png
client_3,35444,40,41,6,6,35,36,36,Train/36/00036_00001_00015.png
client_3,17340,50,45,6,5,45,40,11,Train/11/00011_00010_00000.png
client_3,1931,50,50,6,6,45,45,1,Train/1/00001_00045_00011.png
client_3,33492,50,49,6,5,45,44,33,Train/33/00033_00013_00012.png
client_3,35795,38,38,5,5,33,33,37,Train/37/00037_00000_00006.png
client_3,20830,48,44,6,6,43,39,13,Train/13/00013_00012_00010.png
client_3,15750,28,29,5,6,23,24,10,Train/10/00010_00024_00000.png
client_3,25106,56,54,5,5,51,49,17,Train/17/00017_00021_00026.png
client_3,36898,86,86,8,8,79,79,38,Train/38/00038_00029_00029.png
client_3,13886,92,87,9,8,84,80,9,Train/9/00009_00010_00026.png
client_3,32187,81,76,7,6,74,70,31,Train/31/00031_00003_00027.png
client_3,29333,100,94,9,8,92,86,25,Train/25/00025_00028_00023.png
client_3,28109,98,89,9,8,90,82,23,Train/23/00023_00013_00029.png
client_3,10073,45,43,6,5,40,38,5,Train/5/00005_00054_00023.png
client_3,9792,35,34,5,5,30,29,5,Train/5/00005_00045_00012.png
client_3,27687,97,89,9,8,89,82,22,Train/22/00022_00012_00027.png
client_3,15153,27,28,5,5,22,22,10,Train/10/00010_00004_00003.png
client_3,10748,30,30,6,5,24,24,7,Train/7/00007_00001_00008.png
client_3,14814,41,43,5,6,36,38,9,Train/9/00009_00041_00024.png
client_3,21560,49,46,6,5,44,41,13,Train/13/00013_00036_00020.png
client_3,24302,28,29,5,6,23,24,16,Train/16/00016_00009_00002.png
client_3,30764,51,47,6,5,46,42,27,Train/27/00027_00006_00014.png
client_3,21776,74,69,6,7,68,63,13,Train/13/00013_00043_00026.png
client_3,15788,33,34,6,6,28,29,10,Train/10/00010_00025_00008.png
client_3,36920,38,42,5,5,33,37,38,Train/38/00038_00030_00021.png
client_3,19521,57,57,6,6,52,52,12,Train/12/00012_00038_00021.png
client_3,9114,63,63,6,6,58,58,5,Train/5/00005_00022_00024.png
client_3,2228,58,67,6,6,53,61,1,Train/1/00001_00055_00008.png
client_3,22360,37,35,5,5,32,30,13,Train/13/00013_00063_00010.png
client_3,18531,79,76,7,7,72,70,12,Train/12/00012_00005_00021.png
client_3,38196,33,32,6,5,28,27,39,Train/39/00039_00004_00007.png
client_3,33272,27,29,5,5,22,23,33,Train/33/00033_00006_00002.png
client_3,4138,108,104,10,9,99,95,2,Train/2/00002_00044_00028.png
client_3,15540,29,29,6,6,24,24,10,Train/10/00010_00017_00000.png
client_3,17557,31,30,5,6,25,25,11,Train/11/00011_00017_00007.png
client_3,30645,51,46,6,6,46,41,27,Train/27/00027_00002_00015.png
client_3,18367,31,33,5,5,26,28,12,Train/12/00012_00000_00007.png
client_3,36307,30,31,5,6,25,26,38,Train/38/00038_00010_00008.png
client_3,30624,89,80,8,8,81,73,27,Train/27/00027_00001_00024.png
client_3,7871,48,47,6,6,43,42,4,Train/4/00004_00047_00011.png
client_3,1725,36,36,6,5,31,31,1,Train/1/00001_00038_00015.png
client_3,31815,35,35,6,6,30,30,30,Train/30/00030_00006_00015.png
client_3,6695,31,31,6,6,25,26,4,Train/4/00004_00008_00005.png
client_3,24629,73,75,6,7,67,68,17,Train/17/00017_00005_00029.png
client_3,16948,63,64,5,6,58,59,10,Train/10/00010_00063_00028.png
client_3,32461,26,26,5,5,21,21,31,Train/31/00031_00013_00001.png
client_3,32794,32,30,5,5,26,24,31,Train/31/00031_00024_00004.png
client_3,9650,42,43,6,6,37,38,5,Train/5/00005_00040_00020.png
client_3,6384,62,61,6,6,57,56,3,Train/3/00003_00044_00024.png
client_3,6240,29,31,5,6,24,26,3,Train/3/00003_00040_00000.png
client_3,26781,111,97,10,9,102,89,19,Train/19/00019_00000_00021.png
client_3,26343,41,35,6,6,36,30,18,Train/18/00018_00026_00003.png
client_3,8335,54,55,5,6,49,50,4,Train/4/00004_00062_00025.png
client_3,15393,31,31,5,5,26,26,10,Train/10/00010_00012_00003.png
client_3,12071,33,33,6,6,27,28,7,Train/7/00007_00045_00011.png
client_3,22619,72,67,7,6,66,61,13,Train/13/00013_00071_00029.png
client_3,35548,59,64,6,6,54,59,36,Train/36/00036_00004_00029.png
client_3,11910,28,27,6,5,23,22,7,Train/7/00007_00040_00000.png
client_3,26796,36,32,6,5,31,27,19,Train/19/00019_00001_00006.png
client_3,22111,42,40,5,5,37,35,13,Train/13/00013_00055_00001.png
client_3,33548,30,35,5,6,25,30,33,Train/33/00033_00015_00008.png
client_3,35464,30,30,5,5,25,25,36,Train/36/00036_00002_00005.png
client_3,2172,62,70,5,7,57,64,1,Train/1/00001_00053_00012.png
client_3,23152,61,63,5,6,55,57,14,Train/14/00014_00017_00022.png
client_3,20324,57,58,6,5,52,53,12,Train/12/00012_00065_00014.png
client_3,25522,34,34,6,5,29,29,17,Train/17/00017_00035_00022.png
client_3,20954,52,48,5,6,47,43,13,Train/13/00013_00016_00014.png
client_3,37293,35,37,6,6,30,32,38,Train/38/00038_00043_00004.png
client_3,5498,33,34,6,6,28,28,3,Train/3/00003_00015_00008.png
client_3,6571,45,43,6,5,39,38,4,Train/4/00004_00004_00001.png
client_3,29356,72,72,6,7,66,66,25,Train/25/00025_00029_00016.png
client_3,8628,53,52,6,5,48,47,5,Train/5/00005_00006_00018.png
client_3,12528,50,50,5,5,45,45,8,Train/8/00008_00012_00018.png
client_3,4241,35,33,6,6,30,28,2,Train/2/00002_00048_00011.png
client_3,37545,46,46,5,5,41,41,38,Train/38/00038_00051_00016.png
client_3,7985,32,32,5,6,27,27,4,Train/4/00004_00051_00005.png
client_3,27464,40,41,6,6,35,36,22,Train/22/00022_00005_00014.png
client_3,16571,44,42,6,5,39,37,10,Train/10/00010_00051_00011.png
client_3,30824,43,39,6,5,37,33,28,Train/28/00028_00000_00014.png
client_3,21766,50,46,5,6,45,41,13,Train/13/00013_00043_00016.png
client_3,26187,151,137,13,12,138,125,18,Train/18/00018_00020_00027.png
client_3,31851,75,70,6,6,69,64,30,Train/30/00030_00007_00021.png
client_3,19794,104,105,10,9,95,96,12,Train/12/00012_00047_00024.png
client_3,27770,69,62,7,6,63,57,23,Train/23/00023_00002_00020.png
client_3,35411,46,45,6,5,41,40,36,Train/36/00036_00000_00012.png
client_3,18927,104,110,9,10,95,101,12,Train/12/00012_00018_00027.png
client_3,1691,31,32,5,6,26,27,1,Train/1/00001_00037_00011.png
client_3,10242,30,32,6,5,25,27,5,Train/5/00005_00060_00012.png
client_3,34088,32,39,5,5,27,33,34,Train/34/00034_00010_00009.png
client_3,36893,57,57,5,5,52,52,38,Train/38/00038_00029_00024.png
client_3,21159,32,40,5,5,27,34,13,Train/13/00013_00023_00009.png
client_3,10433,55,54,6,6,50,49,6,Train/6/00006_00004_00023.png
client_3,38588,33,32,5,5,27,27,40,Train/40/00040_00007_00009.png
client_3,7383,27,29,5,5,22,24,4,Train/4/00004_00031_00003.png
client_3,12271,29,29,6,5,24,23,8,Train/8/00008_00004_00001.png
client_3,25872,86,76,7,6,79,70,18,Train/18/00018_00010_00012.png
client_3,20271,47,49,6,6,42,44,12,Train/12/00012_00063_00021.png
client_3,14162,30,29,5,5,25,24,9,Train/9/00009_00020_00002.png
client_3,32249,73,65,6,6,67,60,31,Train/31/00031_00005_00029.png
client_3,8202,33,34,5,6,28,29,4,Train/4/00004_00058_00012.png
client_3,21019,56,52,6,6,51,47,13,Train/13/00013_00018_00019.png
client_3,17257,51,48,5,6,45,42,11,Train/11/00011_00007_00007.png
client_3,4825,72,71,6,7,66,65,2,Train/2/00002_00067_00025.png
client_3,15184,33,33,6,6,28,28,10,Train/10/00010_00005_00004.png
client_3,23318,43,43,6,5,38,38,14,Train/14/00014_00023_00008.png
client_3,22858,141,134,13,12,129,123,14,Train/14/00014_00007_00028.png
client_3,15294,61,61,6,6,56,56,10,Train/10/00010_00008_00024.png
client_3,13894,35,36,6,5,29,30,9,Train/9/00009_00011_00004.png
client_3,34049,30,32,6,6,25,27,34,Train/34/00034_00009_00000.png
client_3,28003,54,50,6,6,49,45,23,Train/23/00023_00010_00013.png
client_3,36743,62,68,5,6,57,62,38,Train/38/00038_00024_00024.png
client_3,22676,144,144,12,13,132,132,14,Train/14/00014_00001_00026.png
client_3,27299,181,165,15,14,165,151,21,Train/21/00021_00010_00029.png
client_3,22140,47,43,5,5,42,38,13,Train/13/00013_00056_00000.png
client_3,21554,42,41,5,6,37,36,13,Train/13/00013_00036_00014.png
client_3,36026,84,87,7,8,77,80,38,Train/38/00038_00000_00027.png
client_3,5432,29,29,6,6,24,24,3,Train/3/00003_00013_00002.png
client_3,29931,56,62,6,6,51,57,25,Train/25/00025_00048_00021.png
client_3,31848,64,59,6,5,59,54,30,Train/30/00030_00007_00018.png
client_3,7801,31,31,5,5,26,26,4,Train/4/00004_00045_00001.png
client_3,28817,86,94,7,8,79,86,25,Train/25/00025_00011_00017.png
client_3,29669,170,155,15,13,156,142,25,Train/25/00025_00039_00029.png
client_3,32914,32,31,6,6,26,26,32,Train/32/00032_00002_00004.png
client_3,31395,54,51,5,5,49,45,29,Train/29/00029_00001_00015.png
client_3,37696,59,62,6,6,54,57,38,Train/38/00038_00056_00017.png
client_3,5356,39,41,5,5,34,36,3,Train/3/00003_00010_00016.png
client_3,6762,35,34,6,5,29,29,4,Train/4/00004_00010_00012.png
client_3,34910,53,52,5,6,48,47,35,Train/35/00035_00023_00021.png
client_3,5152,46,47,5,6,41,42,3,Train/3/00003_00003_00022.png
client_3,3405,37,39,5,5,31,33,2,Train/2/00002_00020_00015.png
client_3,12307,33,34,5,5,28,29,8,Train/8/00008_00005_00007.png
client_3,5553,36,37,5,5,31,31,3,Train/3/00003_00017_00003.png
client_3,24152,27,27,5,5,22,22,16,Train/16/00016_00004_00002.png
client_3,19593,29,29,5,5,24,24,12,Train/12/00012_00041_00003.png
client_3,38023,41,41,6,5,36,36,38,Train/38/00038_00067_00014.png
client_3,7469,100,105,8,10,92,96,4,Train/4/00004_00033_00029.png
client_3,35979,48,53,6,6,43,47,37,Train/37/00037_00006_00010.png
client_3,32057,43,38,6,5,38,33,30,Train/30/00030_00014_00017.png
client_3,9074,38,38,5,5,33,33,5,Train/5/00005_00021_00014.png
client_3,8127,57,55,5,5,52,50,4,Train/4/00004_00055_00027.png
client_3,1079,98,98,9,9,90,90,1,Train/1/00001_00016_00029.png
client_3,22952,43,42,6,5,38,37,14,Train/14/00014_00011_00002.png
client_3,30679,50,51,5,6,45,46,27,Train/27/00027_00003_00019.png
client_3,22405,37,37,6,6,32,32,13,Train/13/00013_00064_00025.png
client_3,29465,39,37,6,6,34,32,25,Train/25/00025_00033_00005.png
client_3,15428,39,39,6,6,34,34,10,Train/10/00010_00013_00008.png
client_3,20228,40,39,6,5,35,34,12,Train/12/00012_00062_00008.png
client_3,11368,64,64,6,5,59,59,7,Train/7/00007_00021_00028.png
client_3,36851,30,31,6,5,25,26,38,Train/38/00038_00028_00012.png
client_3,13959,37,39,5,6,32,34,9,Train/9/00009_00013_00009.png
client_3,28001,51,48,5,6,45,43,23,Train/23/00023_00010_00011.png
client_3,965,45,45,5,5,40,40,1,Train/1/00001_00013_00005.png
client_3,33550,32,35,6,5,27,30,33,Train/33/00033_00015_00010.png
client_3,20821,36,34,5,6,31,29,13,Train/13/00013_00012_00001.png
client_3,30985,83,77,8,7,76,71,28,Train/28/00028_00005_00025.png
client_3,24215,76,77,6,7,70,71,16,Train/16/00016_00006_00005.png
client_3,33310,54,56,5,5,49,50,33,Train/33/00033_00007_00010.png
client_3,21654,62,55,5,5,57,50,13,Train/13/00013_00039_00024.png
client_3,28955,32,35,5,6,27,29,25,Train/25/00025_00016_00005.png
client_3,18007,41,42,5,5,35,36,11,Train/11/00011_00032_00007.png
client_3,37705,99,106,9,9,91,96,38,Train/38/00038_00056_00026.png
client_3,33633,29,34,5,5,24,29,33,Train/33/00033_00018_00003.png
client_3,9439,38,41,5,6,33,36,5,Train/5/00005_00033_00019.png
client_3,1163,48,49,6,6,43,44,1,Train/1/00001_00019_00023.png
client_3,26038,118,109,11,10,108,100,18,Train/18/00018_00015_00028.png
client_3,29480,61,57,6,6,55,51,25,Train/25/00025_00033_00020.png
client_3,37101,82,83,7,7,75,76,38,Train/38/00038_00036_00022.png
client_3,20943,37,34,5,5,32,29,13,Train/13/00013_00016_00003.png
client_3,36793,29,30,6,6,24,25,38,Train/38/00038_00026_00014.png
client_3,3214,29,28,6,5,24,23,2,Train/2/00002_00014_00004.png
client_3,36405,36,38,6,6,31,32,38,Train/38/00038_00013_00016.png
client_3,1078,91,92,8,9,83,84,1,Train/1/00001_00016_00028.png
client_3,33169,53,53,5,5,48,47,33,Train/33/00033_00002_00019.png
client_3,32031,47,43,5,6,42,38,30,Train/30/00030_00013_00021.png
client_3,22082,65,61,6,6,60,56,13,Train/13/00013_00054_00002.png
client_3,9631,26,26,6,5,21,21,5,Train/5/00005_00040_00001.png
client_3,23155,83,86,7,8,76,78,14,Train/14/00014_00017_00025.png
client_3,33669,32,34,5,6,26,28,33,Train/33/00033_00019_00009.png
client_3,27478,68,70,6,6,62,64,22,Train/22/00022_00005_00028.png
client_3,9688,68,72,6,6,61,66,5,Train/5/00005_00041_00028.png
client_3,37163,60,60,5,5,55,55,38,Train/38/00038_00038_00024.png
client_3,21853,47,48,5,6,42,43,13,Train/13/00013_00046_00013.png
client_3,34606,41,42,5,6,36,37,35,Train/35/00035_00013_00017.png
client_3,11199,39,39,5,5,34,34,7,Train/7/00007_00016_00009.png
client_3,16240,33,32,5,5,28,27,10,Train/10/00010_00040_00010.png
client_3,17618,34,30,5,6,29,25,11,Train/11/00011_00019_00008.png
client_3,33876,52,54,6,6,46,48,34,Train/34/00034_00003_00007.png
client_3,407,39,41,5,6,34,35,0,Train/0/00000_00001_00017.png
client_3,27738,112,106,9,10,103,97,23,Train/23/00023_00001_00018.png
client_3,18496,32,28,6,6,27,23,12,Train/12/00012_00004_00016.png
client_3,36264,39,39,6,6,34,34,38,Train/38/00038_00008_00025.png
client_3,23512,40,44,5,6,35,39,15,Train/15/00015_00003_00022.png
client_3,5423,54,53,6,5,49,48,3,Train/3/00003_00012_00023.png
client_3,22546,42,42,5,5,37,37,13,Train/13/00013_00069_00016.png
client_3,6876,31,32,6,6,26,27,4,Train/4/00004_00014_00006.png
client_3,29415,47,45,6,6,42,40,25,Train/25/00025_00031_00015.png
client_3,24074,55,59,5,6,50,54,16,Train/16/00016_00001_00014.png
client_3,26202,36,35,6,6,31,29,18,Train/18/00018_00021_00012.png
client_3,14416,59,58,6,6,54,53,9,Train/9/00009_00028_00016.png
client_3,16124,35,31,6,5,30,26,10,Train/10/00010_00036_00014.png
client_3,1836,38,40,5,6,33,35,1,Train/1/00001_00042_00006.png
client_3,25568,29,28,5,6,24,23,18,Train/18/00018_00000_00008.png
client_3,14116,38,37,6,6,33,32,9,Train/9/00009_00018_00016.png
client_3,19080,40,41,5,6,35,36,12,Train/12/00012_00024_00000.png
client_3,29377,57,51,6,5,52,46,25,Train/25/00025_00030_00007.png
client_3,31721,51,44,6,5,46,39,30,Train/30/00030_00003_00011.png
client_3,19537,44,45,5,6,39,40,12,Train/12/00012_00039_00007.png
client_3,10382,29,31,5,6,24,26,6,Train/6/00006_00003_00002.png
client_3,31142,36,34,5,5,31,29,28,Train/28/00028_00011_00002.png
client_3,1900,38,38,6,6,33,33,1,Train/1/00001_00044_00010.png
client_3,33972,31,34,5,5,26,29,34,Train/34/00034_00006_00013.png
client_3,26533,57,57,5,5,52,52,18,Train/18/00018_00032_00013.png
client_3,15012,34,33,6,5,29,28,9,Train/9/00009_00048_00012.png
client_3,19708,124,124,10,10,114,114,12,Train/12/00012_00044_00028.png
client_3,2854,29,28,6,5,24,22,2,Train/2/00002_00002_00004.png
client_3,32915,32,31,6,5,27,26,32,Train/32/00032_00002_00005.png
client_3,39043,34,35,5,5,29,29,42,Train/42/00042_00002_00014.png
client_3,34446,46,47,5,6,41,41,35,Train/35/00035_00008_00007.png
client_3,30501,54,48,5,6,49,42,26,Train/26/00026_00017_00021.png
client_3,3604,29,28,6,5,24,23,2,Train/2/00002_00027_00004.png
client_3,22738,159,153,14,14,145,140,14,Train/14/00014_00003_00028.png
client_3,20188,86,87,7,8,79,80,12,Train/12/00012_00060_00028.png
client_3,24290,83,83,7,8,76,76,16,Train/16/00016_00008_00020.png
client_3,8192,29,29,6,6,24,24,4,Train/4/00004_00058_00002.png
client_3,25052,29,28,6,6,24,23,17,Train/17/00017_00020_00002.png
client_3,18372,35,38,6,5,29,32,12,Train/12/00012_00000_00012.png
client_3,2926,40,40,6,5,34,34,2,Train/2/00002_00004_00016.png
client_3,9425,29,30,6,6,23,25,5,Train/5/00005_00033_00005.png
client_3,14848,145,144,12,12,132,131,9,Train/9/00009_00042_00028.png
client_3,10609,45,46,6,5,40,41,6,Train/6/00006_00010_00019.png
client_3,6134,37,38,5,6,32,33,3,Train/3/00003_00036_00014.png
client_3,4446,31,32,5,6,26,27,2,Train/2/00002_00055_00006.png
client_3,19917,56,57,6,6,51,52,12,Train/12/00012_00051_00027.png
client_3,18860,43,43,5,6,37,37,12,Train/12/00012_00016_00020.png
client_3,31588,98,97,9,8,90,89,29,Train/29/00029_00007_00028.png
client_3,4447,32,33,5,6,26,27,2,Train/2/00002_00055_00007.png
client_3,19504,35,35,6,6,30,30,12,Train/12/00012_00038_00004.png
client_3,22426,52,47,6,6,47,42,13,Train/13/00013_00065_00016.png
client_3,33686,37,37,6,5,31,32,33,Train/33/00033_00019_00026.png
client_3,446,83,85,7,8,76,78,0,Train/0/00000_00002_00026.png
client_3,21014,45,46,5,6,40,41,13,Train/13/00013_00018_00014.png
client_3,21340,36,34,6,5,31,28,13,Train/13/00013_00029_00010.png
client_3,16447,30,30,5,6,24,25,10,Train/10/00010_00047_00007.png
client_3,161,36,33,5,5,30,28,20,Train/20/00020_00005_00011.png
client_3,4074,53,54,6,6,48,49,2,Train/2/00002_00042_00024.png
client_3,35630,35,37,5,6,30,32,36,Train/36/00036_00007_00021.png
client_3,14815,43,45,6,6,38,40,9,Train/9/00009_00041_00025.png
client_3,14521,32,32,5,5,27,27,9,Train/9/00009_00032_00001.png
client_3,21807,86,75,8,7,79,69,13,Train/13/00013_00044_00027.png
client_3,28642,68,63,6,6,62,58,25,Train/25/00025_00005_00022.png
client_3,37042,52,55,5,5,47,50,38,Train/38/00038_00034_00023.png
client_3,22103,134,127,11,11,123,116,13,Train/13/00013_00054_00023.png
client_3,8011,26,27,5,5,20,22,4,Train/4/00004_00052_00001.png
client_3,12247,32,31,5,5,26,26,8,Train/8/00008_00003_00007.png
client_3,30783,34,32,5,6,29,27,27,Train/27/00027_00007_00003.png
client_3,2107,37,37,6,6,32,32,1,Train/1/00001_00051_00007.png
client_3,26528,53,53,5,5,48,48,18,Train/18/00018_00032_00008.png
client_3,9286,43,40,6,5,38,35,5,Train/5/00005_00028_00016.png
client_3,30831,46,45,5,6,41,39,28,Train/28/00028_00000_00021.png
client_3,28647,108,98,10,8,99,90,25,Train/25/00025_00005_00027.png
client_3,1605,42,41,6,5,37,36,1,Train/1/00001_00034_00015.png
client_3,28727,118,108,11,9,108,99,25,Train/25/00025_00008_00017.png
client_3,8504,35,34,6,5,30,29,5,Train/5/00005_00002_00014.png
client_3,26713,52,52,5,5,47,47,18,Train/18/00018_00038_00013.png
client_3,25584,30,29,5,6,25,24,18,Train/18/00018_00000_00024.png
client_3,18908,38,39,5,6,33,34,12,Train/12/00012_00018_00008.png
client_3,22398,35,35,6,6,30,30,13,Train/13/00013_00064_00018.png
client_3,3441,43,44,6,6,38,39,2,Train/2/00002_00021_00021.png
client_3,13700,45,45,6,6,40,40,9,Train/9/00009_00004_00020.png
client_3,14865,40,37,6,5,35,32,9,Train/9/00009_00043_00015.png
client_3,19415,35,37,5,6,30,32,12,Train/12/00012_00035_00005.png
client_3,33807,70,84,6,8,64,76,34,Train/34/00034_00000_00028.png
client_3,23031,97,96,9,9,89,88,14,Train/14/00014_00013_00021.png
client_3,7680,29,30,5,6,24,25,4,Train/4/00004_00041_00000.png
client_3,25933,39,40,6,6,34,35,18,Train/18/00018_00012_00013.png
client_3,34933,37,40,5,6,32,35,35,Train/35/00035_00024_00014.png
client_3,7163,39,40,6,6,34,35,4,Train/4/00004_00023_00023.png
client_3,14313,30,30,6,6,25,25,9,Train/9/00009_00025_00003.png
client_3,23245,136,135,11,12,124,123,14,Train/14/00014_00020_00025.png
client_3,4801,34,35,5,6,28,29,2,Train/2/00002_00067_00001.png
client_3,30667,42,44,5,6,37,39,27,Train/27/00027_00003_00007.png
client_3,3299,133,131,12,11,122,120,2,Train/2/00002_00016_00029.png
client_3,22808,37,37,5,5,32,31,14,Train/14/00014_00006_00008.png
client_3,35722,52,50,6,6,46,45,36,Train/36/00036_00010_00023.png
client_3,36018,48,48,6,6,42,42,38,Train/38/00038_00000_00019.png
client_3,26945,39,38,5,6,34,33,19,Train/19/00019_00006_00005.png
client_3,7278,40,40,5,5,35,35,4,Train/4/00004_00027_00018.png
client_3,37361,33,34,5,5,28,29,38,Train/38/00038_00045_00012.png
client_3,35053,39,40,6,6,34,35,35,Train/35/00035_00028_00014.png
client_3,35980,49,55,5,6,44,49,37,Train/37/00037_00006_00011.png
client_3,1256,88,89,7,8,80,82,1,Train/1/00001_00022_00026.png
client_3,1579,44,44,5,5,39,39,1,Train/1/00001_00033_00019.png
client_3,27585,49,43,6,6,44,38,22,Train/22/00022_00009_00015.png
client_3,29883,58,54,6,5,53,49,25,Train/25/00025_00047_00003.png
client_3,37933,40,41,6,5,35,36,38,Train/38/00038_00064_00014.png
client_3,20335,89,87,8,7,82,80,12,Train/12/00012_00065_00025.png
client_3,19962,50,44,6,6,45,39,12,Train/12/00012_00053_00012.png
client_3,30565,65,58,6,5,59,52,26,Train/26/00026_00019_00025.png
client_3,21248,37,45,5,5,32,40,13,Train/13/00013_00026_00008.png
client_3,14826,37,39,5,6,31,33,9,Train/9/00009_00042_00006.png
client_3,16309,47,48,6,6,41,43,10,Train/10/00010_00042_00019.png
client_3,17303,94,86,8,7,86,79,11,Train/11/00011_00008_00023.png
client_3,33299,161,160,14,14,147,147,33,Train/33/00033_00006_00029.png
client_3,30768,53,50,5,6,48,45,27,Train/27/00027_00006_00018.png
client_3,9773,56,60,5,5,51,55,5,Train/5/00005_00044_00023.png
client_3,33024,36,39,6,5,31,33,32,Train/32/00032_00005_00024.png
client_3,12110,35,36,5,6,30,31,7,Train/7/00007_00046_00020.png
client_3,260,42,43,5,6,37,38,20,Train/20/00020_00008_00020.png
client_3,21639,37,32,6,5,32,27,13,Train/13/00013_00039_00009.png
client_3,16350,27,27,6,5,22,22,10,Train/10/00010_00044_00000.png
client_3,7030,39,39,5,5,34,34,4,Train/4/00004_00019_00010.png
client_3,25780,69,60,6,5,62,55,18,Train/18/00018_00007_00010.png
client_3,12105,33,33,5,5,28,28,7,Train/7/00007_00046_00015.png
client_3,6038,30,32,6,6,25,27,3,Train/3/00003_00033_00008.png
client_3,35151,41,44,5,6,36,39,35,Train/35/00035_00031_00022.png
client_3,21677,52,46,6,5,47,41,13,Train/13/00013_00040_00017.png
client_3,6532,57,58,5,5,51,53,4,Train/4/00004_00002_00022.png
client_3,31925,36,36,5,6,31,31,30,Train/30/00030_00010_00005.png
client_3,13596,29,29,5,6,24,24,9,Train/9/00009_00001_00006.png
client_3,11337,58,61,5,5,53,56,7,Train/7/00007_00020_00027.png
client_3,33213,29,29,5,5,24,24,33,Train/33/00033_00004_00003.png
client_3,20929,97,94,8,9,89,85,13,Train/13/00013_00015_00019.png
client_3,32053,38,35,5,5,33,30,30,Train/30/00030_00014_00013.png
client_3,8577,71,76,6,6,65,69,5,Train/5/00005_00004_00027.png
client_3,3457,30,31,5,5,25,26,2,Train/2/00002_00022_00007.png
client_3,37043,54,57,5,5,49,52,38,Train/38/00038_00034_00024.png
client_3,14393,51,49,6,6,46,44,9,Train/9/00009_00027_00023.png
client_3,39050,40,40,6,6,35,35,42,Train/42/00042_00002_00021.png
client_3,17915,56,49,6,5,50,44,11,Train/11/00011_00029_00005.png
client_3,19731,71,73,6,6,65,67,12,Train/12/00012_00045_00021.png
client_3,32257,33,33,6,6,28,28,31,Train/31/00031_00006_00007.png
client_3,38716,50,51,6,5,45,46,40,Train/40/00040_00011_00017.png
client_3,6539,100,101,8,9,92,93,4,Train/4/00004_00002_00029.png
client_3,7298,34,35,5,6,29,30,4,Train/4/00004_00028_00008.png
client_3,9671,33,34,5,5,27,28,5,Train/5/00005_00041_00011.png
client_3,31307,52,53,6,5,47,48,28,Train/28/00028_00016_00017.png
client_3,13835,33,35,6,6,27,29,9,Train/9/00009_00009_00005.png
client_3,7857,88,89,7,8,81,82,4,Train/4/00004_00046_00027.png
client_3,31834,40,39,6,5,35,34,30,Train/30/00030_00007_00004.png
client_3,27510,36,31,6,5,31,26,22,Train/22/00022_00007_00000.png
client_3,36415,56,56,6,5,51,50,38,Train/38/00038_00013_00026.png
client_3,29440,31,30,5,5,26,25,25,Train/25/00025_00032_00010.png
client_3,14969,122,120,11,11,111,110,9,Train/9/00009_00046_00029.png
client_3,10940,57,57,5,5,52,52,7,Train/7/00007_00007_00020.png
client_3,14353,64,61,6,5,59,56,9,Train/9/00009_00026_00013.png
client_3,32863,34,35,5,6,29,30,32,Train/32/00032_00000_00013.png
client_3,30606,39,37,5,5,34,32,27,Train/27/00027_00001_00006.png
client_3,16209,32,32,6,6,27,27,10,Train/10/00010_00039_00009.png
client_3,22316,124,117,10,11,114,107,13,Train/13/00013_00061_00026.png
client_3,14411,51,52,5,6,46,47,9,Train/9/00009_00028_00011.png
client_3,32450,59,55,5,6,54,50,31,Train/31/00031_00012_00020.png
client_3,14591,33,33,5,6,28,28,9,Train/9/00009_00034_00011.png
client_3,1650,31,30,6,5,26,25,1,Train/1/00001_00036_00000.png
client_3,9709,49,49,6,5,44,44,5,Train/5/00005_00042_00019.png
client_3,29443,34,32,5,6,28,27,25,Train/25/00025_00032_00013.png
client_3,38645,30,29,6,6,25,24,40,Train/40/00040_00009_00006.png
client_3,6784,31,30,6,6,25,25,4,Train/4/00004_00011_00004.png
client_3,28862,28,28,5,5,23,23,25,Train/25/00025_00013_00002.png
client_3,27303,36,36,5,5,31,31,22,Train/22/00022_00000_00003.png
client_3,18585,45,46,6,5,40,41,12,Train/12/00012_00007_00015.png
client_3,2294,38,38,5,5,33,33,1,Train/1/00001_00057_00014.png
client_3,38602,57,58,6,6,52,53,40,Train/40/00040_00007_00023.png
client_3,24936,29,29,6,5,24,24,17,Train/17/00017_00016_00006.png
client_3,22120,45,42,5,5,40,37,13,Train/13/00013_00055_00010.png
client_3,18208,113,101,10,9,104,93,11,Train/11/00011_00038_00028.png
client_3,24065,41,45,6,6,36,40,16,Train/16/00016_00001_00005.png
client_3,17030,35,36,5,6,30,31,10,Train/10/00010_00066_00020.png
client_3,35601,55,55,5,5,50,50,36,Train/36/00036_00006_00022.png
client_3,23000,51,52,5,6,46,47,14,Train/14/00014_00012_00020.png
client_3,29303,83,74,8,6,76,68,25,Train/25/00025_00027_00023.png
client_3,13146,29,30,5,5,24,25,8,Train/8/00008_00033_00006.png
client_3,26930,55,51,5,6,50,45,19,Train/19/00019_00005_00020.png
client_3,27281,38,35,6,5,33,30,21,Train/21/00021_00010_00011.png
client_3,33456,35,33,5,5,30,28,33,Train/33/00033_00012_00006.png
client_3,8229,34,33,6,5,29,28,4,Train/4/00004_00059_00009.png
client_3,30166,45,42,6,5,40,36,26,Train/26/00026_00006_00016.png
client_3,26964,85,75,7,6,78,69,19,Train/19/00019_00006_00024.png
client_3,17077,59,56,5,5,53,51,11,Train/11/00011_00001_00007.png
client_3,2511,54,54,6,5,49,48,1,Train/1/00001_00064_00021.png
client_3,20887,51,46,6,5,46,41,13,Train/13/00013_00014_00007.png
client_3,33900,51,51,6,6,46,46,34,Train/34/00034_00004_00001.png
client_3,35361,45,47,6,5,40,42,35,Train/35/00035_00038_00022.png
client_3,10527,39,44,5,6,33,38,6,Train/6/00006_00007_00027.png
client_3,15628,104,98,10,9,95,90,10,Train/10/00010_00019_00028.png
client_3,27729,81,80,7,8,74,73,23,Train/23/00023_00001_00009.png
client_3,8994,39,40,5,6,34,35,5,Train/5/00005_00018_00024.png
client_3,21874,62,54,5,5,57,49,13,Train/13/00013_00047_00004.png
client_3,24525,29,45,5,6,24,40,17,Train/17/00017_00002_00015.png
client_3,26415,50,53,5,6,45,48,18,Train/18/00018_00028_00015.png
client_3,31341,69,63,6,6,63,58,28,Train/28/00028_00017_00021.png
client_3,25506,28,29,5,6,23,24,17,Train/17/00017_00035_00006.png
client_3,111,64,61,5,6,58,56,20,Train/20/00020_00003_00021.png
client_3,12943,34,36,6,6,29,30,8,Train/8/00008_00026_00013.png
client_3,30730,34,33,5,5,29,27,27,Train/27/00027_00005_00010.png
client_3,5801,34,34,5,5,29,29,3,Train/3/00003_00025_00011.png
client_3,25470,27,27,6,6,22,22,17,Train/17/00017_00034_00000.png
client_3,21459,44,40,5,6,39,35,13,Train/13/00013_00033_00009.png
client_3,35224,33,36,6,6,28,31,35,Train/35/00035_00034_00005.png
client_3,24773,44,47,5,6,39,41,17,Train/17/00017_00010_00023.png
client_3,23432,26,57,5,6,21,52,15,Train/15/00015_00001_00002.png
client_3,29494,50,50,5,6,45,45,25,Train/25/00025_00034_00004.png
client_3,24514,27,41,6,6,22,36,17,Train/17/00017_00002_00004.png
client_3,9216,32,30,6,6,26,24,5,Train/5/00005_00026_00006.png
client_3,8381,34,34,5,6,28,28,4,Train/4/00004_00064_00011.png
client_3,7320,29,29,5,5,24,24,4,Train/4/00004_00029_00000.png
client_3,14321,36,36,5,5,31,31,9,Train/9/00009_00025_00011.png
client_3,20903,106,94,10,8,97,86,13,Train/13/00013_00014_00023.png
client_3,8376,31,30,6,6,26,25,4,Train/4/00004_00064_00006.png
client_3,32791,30,29,5,6,25,24,31,Train/31/00031_00024_00001.png
client_3,26989,65,61,6,6,60,56,21,Train/21/00021_00000_00019.png
client_3,34854,74,74,6,7,68,68,35,Train/35/00035_00021_00025.png
client_3,31267,35,32,6,6,30,27,28,Train/28/00028_00015_00007.png
client_3,33637,30,39,5,6,25,34,33,Train/33/00033_00018_00007.png
client_3,12278,32,31,6,5,27,26,8,Train/8/00008_00004_00008.png
client_3,1659,35,36,5,5,30,31,1,Train/1/00001_00036_00009.png
client_3,19582,72,71,7,6,66,65,12,Train/12/00012_00040_00022.png
client_3,34364,35,35,6,6,30,30,35,Train/35/00035_00005_00015.png
client_3,14138,29,31,5,6,24,26,9,Train/9/00009_00019_00008.png
client_3,22897,33,34,6,6,28,29,14,Train/14/00014_00009_00007.png
client_3,14951,54,50,5,5,49,45,9,Train/9/00009_00046_00011.png
client_3,6996,41,42,6,5,36,37,4,Train/4/00004_00018_00006.png
client_3,107,54,51,6,5,49,46,20,Train/20/00020_00003_00017.png
client_3,18675,53,43,6,6,47,37,12,Train/12/00012_00010_00015.png
client_3,18738,54,54,5,5,49,49,12,Train/12/00012_00012_00018.png
client_3,6958,61,64,6,5,55,59,4,Train/4/00004_00016_00028.png
client_3,35612,30,32,5,6,25,27,36,Train/36/00036_00007_00003.png
client_3,21143,73,82,7,8,66,75,13,Train/13/00013_00022_00023.png
client_3,9243,28,26,6,5,23,21,5,Train/5/00005_00027_00003.png
client_3,31439,87,81,8,7,80,74,29,Train/29/00029_00002_00029.png
client_3,32940,27,27,6,6,21,22,32,Train/32/00032_00003_00000.png
client_3,35896,42,42,5,5,36,36,37,Train/37/00037_00003_00017.png
client_3,23686,52,51,6,5,47,46,15,Train/15/00015_00009_00016.png
client_3,31301,44,45,6,6,39,40,28,Train/28/00028_00016_00011.png
client_3,30162,39,35,5,5,34,30,26,Train/26/00026_00006_00012.png
client_3,9870,30,31,5,6,25,26,5,Train/5/00005_00048_00000.png
client_3,7750,35,34,6,5,30,29,4,Train/4/00004_00043_00010.png
client_3,29920,38,44,6,6,33,39,25,Train/25/00025_00048_00010.png
client_3,7389,31,32,5,5,26,27,4,Train/4/00004_00031_00009.png
client_3,18904,34,34,6,6,29,29,12,Train/12/00012_00018_00004.png
client_3,5275,54,56,5,5,48,50,3,Train/3/00003_00007_00025.png
client_3,26016,43,44,5,6,38,39,18,Train/18/00018_00015_00006.png
client_3,12031,26,27,5,5,21,22,7,Train/7/00007_00044_00001.png
client_3,11963,51,50,6,5,46,45,7,Train/7/00007_00041_00023.png
client_3,8390,45,44,6,6,39,39,4,Train/4/00004_00064_00020.png
client_3,23733,41,50,6,5,36,45,15,Train/15/00015_00011_00003.png
client_3,22930,68,79,6,7,62,72,14,Train/14/00014_00010_00010.png
client_3,18786,35,35,5,5,30,30,12,Train/12/00012_00014_00006.png
client_3,27593,80,67,8,6,73,61,22,Train/22/00022_00009_00023.png
client_3,14821,32,34,5,5,27,29,9,Train/9/00009_00042_00001.png
client_3,30312,54,52,6,5,49,46,26,Train/26/00026_00011_00012.png
client_3,17110,92,81,9,7,84,74,11,Train/11/00011_00002_00010.png
client_3,26943,38,37,5,5,32,31,19,Train/19/00019_00006_00003.png
client_3,15034,38,37,6,5,33,32,10,Train/10/00010_00000_00004.png
client_3,32207,49,45,5,6,44,40,31,Train/31/00031_00004_00017.png
client_3,392,30,29,6,5,25,24,0,Train/0/00000_00001_00002.png
client_3,6947,40,43,6,6,35,38,4,Train/4/00004_00016_00017.png
client_3,20466,27,30,5,6,22,25,13,Train/13/00013_00000_00006.png
client_3,28192,62,61,6,6,57,56,23,Train/23/00023_00016_00022.png
client_3,6654,74,74,7,6,67,68,4,Train/4/00004_00006_00024.png
client_3,8550,26,28,5,6,20,22,5,Train/5/00005_00004_00000.png
client_3,4341,60,58,6,5,55,53,2,Train/2/00002_00051_00021.png
client_3,16522,46,47,5,6,41,42,10,Train/10/00010_00049_00022.png
client_3,31973,75,76,6,7,68,70,30,Train/30/00030_00011_00023.png
client_3,15189,35,34,6,5,29,28,10,Train/10/00010_00005_00009.png
client_3,37303,43,48,6,5,38,43,38,Train/38/00038_00043_00014.png
client_3,31103,70,61,6,5,64,56,28,Train/28/00028_00009_00023.png
client_3,27757,41,39,6,6,36,34,23,Train/23/00023_00002_00007.png
client_3,13622,39,38,6,6,34,33,9,Train/9/00009_00002_00002.png
client_3,36921,40,44,6,5,35,39,38,Train/38/00038_00030_00022.png
client_3,35127,76,73,6,7,70,67,35,Train/35/00035_00030_00028.png
client_3,33647,38,51,6,5,32,45,33,Train/33/00033_00018_00017.png
client_3,16677,61,62,5,6,56,57,10,Train/10/00010_00054_00027.png
client_3,11923,31,31,5,5,26,26,7,Train/7/00007_00040_00013.png
client_3,11756,53,54,6,5,48,49,7,Train/7/00007_00034_00026.png
client_3,23708,31,32,5,6,26,27,15,Train/15/00015_00010_00008.png
client_3,22356,34,30,6,5,29,25,13,Train/13/00013_00063_00006.png
client_3,28691,74,68,6,6,67,62,25,Train/25/00025_00007_00011.png
client_3,10882,71,70,7,6,65,64,7,Train/7/00007_00005_00022.png
client_3,31487,52,49,5,6,47,44,29,Train/29/00029_00004_00017.png
client_3,31970,58,60,5,6,53,55,30,Train/30/00030_00011_00020.png
client_3,17178,64,61,6,5,59,56,11,Train/11/00011_00004_00018.png
client_3,18835,61,62,6,5,56,57,12,Train/12/00012_00015_00025.png
client_3,25455,31,31,6,5,26,26,17,Train/17/00017_00033_00015.png
client_3,3,28,27,5,6,23,22,20,Train/20/00020_00000_00003.png
client_3,28633,43,39,6,5,38,34,25,Train/25/00025_00005_00013.png
client_3,16552,44,44,5,6,39,39,10,Train/10/00010_00050_00022.png
client_3,5137,35,35,5,5,29,30,3,Train/3/00003_00003_00007.png
client_3,8391,44,44,5,6,39,39,4,Train/4/00004_00064_00021.png
client_3,35005,87,84,8,7,80,77,35,Train/35/00035_00026_00026.png
client_3,27571,33,30,5,6,28,25,22,Train/22/00022_00009_00001.png
client_3,30825,42,38,5,5,37,33,28,Train/28/00028_00000_00015.png
client_3,26284,34,31,6,5,29,26,18,Train/18/00018_00024_00004.png
client_3,23465,30,36,5,5,24,31,15,Train/15/00015_00002_00005.png
client_3,10337,43,43,6,5,38,38,6,Train/6/00006_00001_00017.png
client_3,5986,38,40,6,5,33,34,3,Train/3/00003_00031_00016.png
client_3,21172,51,72,6,6,46,65,13,Train/13/00013_00023_00022.png
client_3,20396,75,72,7,7,69,66,12,Train/12/00012_00067_00026.png
client_3,1058,37,39,5,6,32,34,1,Train/1/00001_00016_00008.png
client_3,23884,28,28,6,6,23,23,15,Train/15/00015_00016_00004.png
client_3,7546,46,47,5,6,41,42,4,Train/4/00004_00036_00016.png
client_3,19221,48,48,5,5,43,43,12,Train/12/00012_00028_00021.png
client_3,7130,40,41,6,6,35,36,4,Train/4/00004_00022_00020.png
client_3,1226,57,58,6,6,52,53,1,Train/1/00001_00021_00026.png
client_3,28183,51,49,6,5,46,44,23,Train/23/00023_00016_00013.png
client_3,27894,61,57,6,6,56,52,23,Train/23/00023_00006_00024.png
client_3,18699,46,45,6,5,41,40,12,Train/12/00012_00011_00009.png
client_3,31160,50,47,5,6,45,42,28,Train/28/00028_00011_00020.png
client_3,8555,28,29,6,6,23,23,5,Train/5/00005_00004_00005.png
client_3,31984,33,32,6,5,28,27,30,Train/30/00030_00012_00004.png
client_3,19236,43,42,5,6,38,37,12,Train/12/00012_00029_00006.png
client_3,32252,32,32,6,5,27,27,31,Train/31/00031_00006_00002.png
client_3,28552,75,69,7,7,69,63,25,Train/25/00025_00002_00022.png
client_3,9795,39,36,6,5,33,30,5,Train/5/00005_00045_00015.png
client_3,22156,58,53,6,5,53,48,13,Train/13/00013_00056_00016.png
client_3,35895,41,42,5,6,36,36,37,Train/37/00037_00003_00016.png
client_3,16114,30,26,5,5,25,21,10,Train/10/00010_00036_00004.png
client_3,10598,32,34,5,6,27,29,6,Train/6/00006_00010_00008.png
client_3,14333,57,57,5,5,52,52,9,Train/9/00009_00025_00023.png
client_3,19322,32,37,5,5,27,32,12,Train/12/00012_00032_00002.png
client_3,29220,35,33,5,5,30,28,25,Train/25/00025_00025_00000.png
client_3,30407,84,74,8,6,77,68,26,Train/26/00026_00014_00017.png
client_3,15420,35,35,6,6,30,30,10,Train/10/00010_00013_00000.png
client_3,3743,43,46,5,5,38,41,2,Train/2/00002_00031_00023.png
client_3,29721,82,76,7,6,75,70,25,Train/25/00025_00041_00021.png
client_3,23698,77,77,7,7,71,71,15,Train/15/00015_00009_00028.png
client_3,22559,82,88,7,7,75,81,13,Train/13/00013_00069_00029.png
client_3,16901,33,35,5,6,28,30,10,Train/10/00010_00062_00011.png
client_3,28845,70,67,6,6,64,61,25,Train/25/00025_00012_00015.png
client_3,29051,55,53,6,5,50,48,25,Train/25/00025_00019_00011.png
client_3,5213,48,48,6,6,43,42,3,Train/3/00003_00005_00023.png
client_3,32735,31,31,6,6,26,26,31,Train/31/00031_00022_00005.png
client_3,2490,25,27,5,6,20,22,1,Train/1/00001_00064_00000.png
client_3,19711,32,34,5,6,27,29,12,Train/12/00012_00045_00001.png
client_3,31118,53,46,6,5,48,41,28,Train/28/00028_00010_00008.png
client_3,27933,44,41,5,5,39,36,23,Train/23/00023_00008_00003.png
client_3,13412,33,33,5,5,28,28,8,Train/8/00008_00042_00002.png
client_3,27061,31,30,6,5,26,25,21,Train/21/00021_00003_00001.png
client_3,8205,37,38,6,5,32,33,4,Train/4/00004_00058_00015.png
client_3,23849,54,57,6,5,49,52,15,Train/15/00015_00014_00029.png
client_3,11467,31,30,6,5,26,25,7,Train/7/00007_00025_00007.png
client_3,31053,59,54,5,6,53,48,28,Train/28/00028_00008_00003.png
client_3,21855,48,50,5,6,43,45,13,Train/13/00013_00046_00015.png
client_3,10446,27,29,5,5,22,24,6,Train/6/00006_00005_00006.png
client_3,36763,37,38,5,6,32,33,38,Train/38/00038_00025_00014.png
client_3,26766,73,62,6,6,67,57,19,Train/19/00019_00000_00006.png
client_3,12371,38,37,6,5,33,32,8,Train/8/00008_00007_00011.png
client_3,24251,32,32,6,6,27,27,16,Train/16/00016_00007_00011.png
client_3,33866,74,79,6,7,68,72,34,Train/34/00034_00002_00027.png
client_3,9624,41,42,5,5,36,37,5,Train/5/00005_00039_00024.png
client_3,12907,30,31,5,6,25,26,8,Train/8/00008_00025_00007.png
client_3,14453,74,73,7,7,68,67,9,Train/9/00009_00029_00023.png
client_3,14847,123,122,10,10,113,112,9,Train/9/00009_00042_00027.png
client_3,21634,35,31,5,5,30,26,13,Train/13/00013_00039_00004.png
client_3,4562,39,40,5,6,34,35,2,Train/2/00002_00059_00002.png
client_3,22012,67,61,6,6,61,56,13,Train/13/00013_00051_00022.png
client_3,21444,101,75,9,6,93,69,13,Train/13/00013_00032_00024.png
client_3,21652,56,51,5,6,51,46,13,Train/13/00013_00039_00022.png
client_3,16561,35,33,6,5,30,28,10,Train/10/00010_00051_00001.png
client_3,21996,35,30,6,5,30,25,13,Train/13/00013_00051_00006.png
client_3,6988,49,52,6,5,44,46,4,Train/4/00004_00017_00028.png
client_3,23002,55,54,6,5,49,48,14,Train/14/00014_00012_00022.png
client_3,27967,42,39,6,5,37,34,23,Train/23/00023_00009_00007.png
client_3,18891,61,62,5,5,56,56,12,Train/12/00012_00017_00021.png
client_3,15532,44,45,5,6,39,40,10,Train/10/00010_00016_00022.png
client_3,23298,58,62,6,5,53,57,14,Train/14/00014_00022_00018.png
client_3,34852,58,59,5,6,53,54,35,Train/35/00035_00021_00023.png
client_3,30913,47,43,6,6,42,38,28,Train/28/00028_00003_00013.png
client_3,4599,58,60,5,6,53,55,2,Train/2/00002_00060_00009.png
client_3,5575,80,85,7,7,73,78,3,Train/3/00003_00017_00025.png
client_3,8805,42,43,5,5,37,37,5,Train/5/00005_00012_00015.png
client_3,30466,41,39,5,6,36,34,26,Train/26/00026_00016_00016.png
client_3,6963,30,31,6,6,25,26,4,Train/4/00004_00017_00003.png
client_3,29241,55,50,5,6,50,45,25,Train/25/00025_00025_00021.png
client_3,23838,41,45,6,5,36,40,15,Train/15/00015_00014_00018.png
client_3,479,109,104,10,9,100,95,0,Train/0/00000_00003_00029.png
client_3,21981,64,67,5,6,59,61,13,Train/13/00013_00050_00021.png
client_3,4152,33,32,6,6,28,27,2,Train/2/00002_00045_00012.png
client_3,38726,59,63,5,6,53,58,40,Train/40/00040_00011_00027.png
client_3,37539,37,39,5,6,32,34,38,Train/38/00038_00051_00010.png
client_3,16425,35,36,6,6,30,31,10,Train/10/00010_00046_00015.png
client_3,18872,31,30,6,5,26,25,12,Train/12/00012_00017_00002.png
client_3,9204,42,42,5,5,37,37,5,Train/5/00005_00025_00024.png
client_3,16023,27,25,6,5,21,20,10,Train/10/00010_00033_00003.png
client_3,17217,137,122,12,11,125,112,11,Train/11/00011_00005_00027.png
client_3,29007,109,99,9,8,99,91,25,Train/25/00025_00017_00027.png
client_3,7293,31,31,6,6,26,26,4,Train/4/00004_00028_00003.png
client_3,12573,34,33,6,5,29,28,8,Train/8/00008_00014_00003.png
client_3,6478,85,83,7,8,78,76,4,Train/4/00004_00000_00028.png
client_3,17021,31,30,6,6,26,24,10,Train/10/00010_00066_00011.png
client_3,27669,38,39,5,6,33,33,22,Train/22/00022_00012_00009.png
client_3,23632,40,43,5,5,35,38,15,Train/15/00015_00007_00022.png
client_3,9463,34,37,6,6,29,32,5,Train/5/00005_00034_00013.png
client_3,2463,27,26,6,5,22,21,1,Train/1/00001_00063_00003.png
client_3,33651,42,59,6,5,37,54,33,Train/33/00033_00018_00021.png
client_3,32645,42,43,5,6,37,38,31,Train/31/00031_00019_00005.png
client_3,36124,30,34,5,6,25,28,38,Train/38/00038_00004_00005.png
client_3,33155,41,40,5,5,35,34,33,Train/33/00033_00002_00005.png
client_3,32233,39,41,5,6,34,36,31,Train/31/00031_00005_00013.png
client_3,15988,69,62,7,5,63,57,10,Train/10/00010_00031_00028.png
client_3,20988,68,60,7,5,62,55,13,Train/13/00013_00017_00018.png
client_3,2540,53,54,6,5,47,49,1,Train/1/00001_00065_00020.png
client_3,2306,59,60,5,6,53,54,1,Train/1/00001_00057_00026.png
client_3,30195,39,36,5,6,33,31,26,Train/26/00026_00007_00015.png
client_3,22149,54,50,6,5,48,44,13,Train/13/00013_00056_00009.png
client_3,24371,32,33,5,6,26,27,16,Train/16/00016_00011_00011.png
client_3,35591,36,36,5,5,31,31,36,Train/36/00036_00006_00012.png
client_3,13859,117,120,10,11,107,110,9,Train/9/00009_00009_00029.png
client_3,21349,42,40,5,5,37,35,13,Train/13/00013_00029_00019.png
client_3,9821,38,38,6,5,33,33,5,Train/5/00005_00046_00011.png
client_3,29509,80,70,7,6,73,64,25,Train/25/00025_00034_00019.png
client_3,33461,38,38,5,6,33,33,33,Train/33/00033_00012_00011.png
client_3,21623,81,73,7,6,74,67,13,Train/13/00013_00038_00023.png
client_3,28106,81,72,7,7,74,66,23,Train/23/00023_00013_00026.png
client_3,33158,40,40,5,6,35,35,33,Train/33/00033_00002_00008.png
client_3,22508,61,51,5,6,56,46,13,Train/13/00013_00068_00008.png
client_3,16961,33,32,6,5,28,27,10,Train/10/00010_00064_00011.png
client_3,18825,44,45,5,5,39,40,12,Train/12/00012_00015_00015.png
client_3,22569,84,79,7,7,77,72,13,Train/13/00013_00070_00009.png
client_3,27311,46,43,6,5,41,38,22,Train/22/00022_00000_00011.png
client_3,8976,30,29,6,5,25,24,5,Train/5/00005_00018_00006.png
client_3,17728,163,143,14,12,149,131,11,Train/11/00011_00022_00028.png
client_3,23281,34,36,5,6,29,31,14,Train/14/00014_00022_00001.png
client_3,16750,39,37,6,6,34,32,10,Train/10/00010_00057_00010.png
client_3,8423,47,48,5,5,41,42,4,Train/4/00004_00065_00023.png
client_3,5399,119,121,10,10,109,111,3,Train/3/00003_00011_00029.png
client_3,25824,93,81,8,7,84,73,18,Train/18/00018_00008_00024.png
client_3,25594,48,43,6,6,43,38,18,Train/18/00018_00001_00004.png
client_3,19928,100,100,8,9,92,91,12,Train/12/00012_00052_00008.png
client_3,31642,76,64,7,6,70,59,30,Train/30/00030_00000_00022.png
client_3,34946,53,55,6,6,48,50,35,Train/35/00035_00024_00027.png
client_3,38329,47,48,5,6,42,43,39,Train/39/00039_00008_00020.png
client_3,18522,56,55,6,5,51,50,12,Train/12/00012_00005_00012.png
client_3,21296,39,37,5,5,34,32,13,Train/13/00013_00027_00026.png
client_3,33089,75,72,7,6,69,65,32,Train/32/00032_00007_00029.png
client_3,18761,34,34,6,6,29,29,12,Train/12/00012_00013_00011.png
client_3,9876,32,33,5,5,27,28,5,Train/5/00005_00048_00006.png
client_3,23071,33,32,6,5,28,27,14,Train/14/00014_00015_00001.png
client_3,34035,42,43,5,5,37,38,34,Train/34/00034_00008_00016.png
client_3,5493,30,31,6,6,25,26,3,Train/3/00003_00015_00003.png
client_3,32772,38,37,6,6,32,32,31,Train/31/00031_00023_00012.png
client_3,29855,42,40,5,5,37,35,25,Train/25/00025_00046_00005.png
client_3,26996,111,101,10,8,101,92,21,Train/21/00021_00000_00026.png
client_3,21363,35,35,5,6,29,30,13,Train/13/00013_00030_00003.png
client_3,15843,29,33,5,6,24,28,10,Train/10/00010_00027_00003.png
client_3,33072,32,33,5,5,27,28,32,Train/32/00032_00007_00012.png
client_3,23616,29,31,6,5,24,26,15,Train/15/00015_00007_00006.png
client_3,21189,43,40,6,6,38,35,13,Train/13/00013_00024_00009.png
client_3,31969,56,56,6,6,50,51,30,Train/30/00030_00011_00019.png
client_3,27679,56,51,6,6,50,46,22,Train/22/00022_00012_00019.png
client_3,5965,72,73,7,6,66,67,3,Train/3/00003_00030_00025.png
client_3,11751,43,46,5,5,38,41,7,Train/7/00007_00034_00021.png
client_3,13729,43,44,5,6,37,38,9,Train/9/00009_00005_00019.png
client_3,20170,46,47,5,6,41,42,12,Train/12/00012_00060_00010.png
client_3,557,55,58,5,5,50,53,0,Train/0/00000_00006_00017.png
client_3,14427,107,103,10,9,98,94,9,Train/9/00009_00028_00027.png
client_3,2098,73,71,6,6,66,65,1,Train/1/00001_00050_00028.png
client_3,36913,31,34,5,5,26,29,38,Train/38/00038_00030_00014.png
client_3,33320,87,92,7,8,80,84,33,Train/33/00033_00007_00020.png
client_3,14306,69,77,6,7,63,71,9,Train/9/00009_00024_00026.png
client_3,22331,40,39,6,6,35,34,13,Train/13/00013_00062_00011.png
client_3,10360,34,37,5,6,29,32,6,Train/6/00006_00002_00010.png
client_3,28295,53,51,5,5,48,46,24,Train/24/00024_00003_00005.png
client_3,29416,47,45,5,6,42,40,25,Train/25/00025_00031_00016.png
client_3,31744,42,39,6,5,37,34,30,Train/30/00030_00004_00004.png
client_3,21982,71,73,7,7,64,67,13,Train/13/00013_00050_00022.png
client_3,27118,71,58,7,6,65,53,21,Train/21/00021_00004_00028.png
client_3,28291,50,49,5,6,45,44,24,Train/24/00024_00003_00001.png
client_3,2082,43,43,5,6,38,37,1,Train/1/00001_00050_00012.png
client_3,15536,51,52,5,6,46,47,10,Train/10/00010_00016_00026.png
client_3,26226,61,60,6,5,56,55,18,Train/18/00018_00022_00006.png
client_3,28937,64,61,5,6,58,55,25,Train/25/00025_00015_00017.png
client_3,23130,25,26,5,5,20,21,14,Train/14/00014_00017_00000.png
client_3,9565,47,43,5,5,42,38,5,Train/5/00005_00037_00025.png
client_3,38661,55,55,5,6,50,50,40,Train/40/00040_00009_00022.png
client_3,25682,63,57,5,5,58,52,18,Train/18/00018_00004_00002.png
client_3,31358,32,43,6,6,27,38,29,Train/29/00029_00000_00008.png
client_3,9393,27,28,5,6,22,23,5,Train/5/00005_00032_00003.png
client_3,37073,58,59,6,6,53,54,38,Train/38/00038_00035_00024.png
client_3,14067,67,69,6,7,61,63,9,Train/9/00009_00016_00027.png
client_3,23880,26,27,5,5,21,22,15,Train/15/00015_00016_00000.png
client_3,5289,35,35,6,6,30,30,3,Train/3/00003_00008_00009.png
client_3,14861,35,33,6,6,30,28,9,Train/9/00009_00043_00011.png
client_3,9172,43,42,6,5,38,37,5,Train/5/00005_00024_00022.png
client_3,22386,30,29,6,5,25,24,13,Train/13/00013_00064_00006.png
client_3,13069,36,36,5,6,31,31,8,Train/8/00008_00030_00019.png
client_3,377,47,48,6,6,42,42,0,Train/0/00000_00000_00017.png
client_3,13655,29,30,5,6,24,25,9,Train/9/00009_00003_00005.png
client_3,6176,87,92,7,9,80,84,3,Train/3/00003_00037_00026.png
client_3,33116,86,94,8,9,79,85,33,Train/33/00033_00000_00026.png
client_3,23639,46,51,6,6,41,46,15,Train/15/00015_00007_00029.png
client_3,252,35,35,5,5,30,30,20,Train/20/00020_00008_00012.png
client_3,22823,72,73,7,6,66,67,14,Train/14/00014_00006_00023.png
client_3,32738,31,31,6,6,26,26,31,Train/31/00031_00022_00008.png
client_3,14408,49,49,5,5,44,44,9,Train/9/00009_00028_00008.png
client_3,32862,33,34,5,6,28,29,32,Train/32/00032_00000_00012.png
client_3,9629,51,54,5,6,46,49,5,Train/5/00005_00039_00029.png
client_3,1472,28,36,5,6,23,31,1,Train/1/00001_00030_00002.png
client_3,18143,83,82,8,7,75,74,11,Train/11/00011_00036_00023.png
client_3,2647,35,35,6,6,30,30,1,Train/1/00001_00069_00007.png
client_3,18527,70,67,6,6,63,61,12,Train/12/00012_00005_00017.png
client_3,4668,50,51,5,6,45,46,2,Train/2/00002_00062_00018.png
client_3,11179,50,53,6,6,45,48,7,Train/7/00007_00015_00019.png
client_3,25553,28,37,5,5,23,32,17,Train/17/00017_00036_00023.png
client_3,3251,61,63,6,5,56,57,2,Train/2/00002_00015_00011.png
client_3,19930,106,104,9,9,96,95,12,Train/12/00012_00052_00010.png
client_3,11042,35,35,6,6,30,30,7,Train/7/00007_00011_00002.png
client_3,38341,27,29,5,5,21,23,39,Train/39/00039_00009_00002.png
client_3,31162,52,48,6,6,47,43,28,Train/28/00028_00011_00022.png
client_3,20008,94,94,8,8,86,85,12,Train/12/00012_00054_00028.png
client_3,32217,87,72,7,7,80,66,31,Train/31/00031_00004_00027.png
client_3,32076,45,41,5,6,40,36,31,Train/31/00031_00000_00006.png
client_3,13640,58,59,6,5,53,54,9,Train/9/00009_00002_00020.png
client_3,29863,51,48,5,5,46,43,25,Train/25/00025_00046_00013.png
client_3,22167,68,60,6,5,61,55,13,Train/13/00013_00056_00027.png
client_3,18262,75,69,6,6,69,63,11,Train/11/00011_00040_00022.png
client_3,27766,57,51,6,6,52,46,23,Train/23/00023_00002_00016.png
client_3,37466,85,87,8,8,78,79,38,Train/38/00038_00048_00027.png
client_3,33595,54,61,6,6,49,56,33,Train/33/00033_00016_00025.png
client_3,37159,46,48,5,6,41,43,38,Train/38/00038_00038_00020.png
client_3,22152,55,52,6,6,50,47,13,Train/13/00013_00056_00012.png
client_3,9694,32,33,6,5,27,28,5,Train/5/00005_00042_00004.png
client_3,27340,39,36,5,6,33,30,22,Train/22/00022_00001_00010.png
client_3,37003,34,42,5,6,29,37,38,Train/38/00038_00033_00014.png
client_3,38464,39,40,5,6,33,34,40,Train/40/00040_00003_00005.png
client_3,29935,72,79,7,7,66,72,25,Train/25/00025_00048_00025.png
client_3,8992,38,37,6,5,33,32,5,Train/5/00005_00018_00022.png
client_3,38693,70,72,7,7,64,66,40,Train/40/00040_00010_00024.png
client_3,9903,31,31,5,5,26,26,5,Train/5/00005_00049_00003.png
client_3,31828,73,72,7,6,67,66,30,Train/30/00030_00006_00028.png
client_3,26949,42,38,5,5,37,33,19,Train/19/00019_00006_00009.png
client_3,29484,75,67,7,6,69,61,25,Train/25/00025_00033_00024.png
client_3,12061,26,28,5,5,21,22,7,Train/7/00007_00045_00001.png
client_3,35863,50,48,6,5,45,43,37,Train/37/00037_00002_00014.png
client_3,5323,37,38,6,6,32,33,3,Train/3/00003_00009_00013.png
client_3,6124,32,33,6,6,27,28,3,Train/3/00003_00036_00004.png
client_3,34190,52,51,6,5,47,46,34,Train/34/00034_00013_00021.png
client_3,12761,45,44,6,5,40,39,8,Train/8/00008_00020_00011.png
client_3,23843,47,53,6,6,42,47,15,Train/15/00015_00014_00023.png
client_3,14506,33,32,6,5,28,27,9,Train/9/00009_00031_00016.png
client_3,32416,43,44,6,6,38,39,31,Train/31/00031_00011_00016.png
client_3,37922,30,31,6,6,25,26,38,Train/38/00038_00064_00003.png
client_3,25806,58,50,6,5,52,44,18,Train/18/00018_00008_00006.png
client_3,30842,38,34,6,5,33,29,28,Train/28/00028_00001_00002.png
client_3,4443,28,29,5,6,23,24,2,Train/2/00002_00055_00003.png
client_3,28389,40,36,6,6,35,31,24,Train/24/00024_00006_00009.png
client_3,565,85,87,8,7,77,80,0,Train/0/00000_00006_00025.png
client_3,9630,26,26,6,5,21,21,5,Train/5/00005_00040_00000.png
client_3,36774,50,52,5,6,45,47,38,Train/38/00038_00025_00025.png
client_3,20886,50,46,6,6,44,40,13,Train/13/00013_00014_00006.png
client_3,32873,58,56,6,6,53,51,32,Train/32/00032_00000_00023.png
client_3,14770,42,45,5,6,37,40,9,Train/9/00009_00040_00010.png
client_3,12163,41,44,6,6,36,39,8,Train/8/00008_00000_00013.png
client_3,27349,50,44,6,6,45,39,22,Train/22/00022_00001_00019.png
client_3,33263,71,70,6,7,65,64,33,Train/33/00033_00005_00023.png
client_3,38308,103,110,9,10,94,101,39,Train/39/00039_00007_00029.png
client_3,3667,40,41,5,6,34,35,2,Train/2/00002_00029_00007.png
client_3,12770,73,73,6,6,67,67,8,Train/8/00008_00020_00020.png
client_3,33520,38,40,5,6,32,34,33,Train/33/00033_00014_00010.png
client_3,23939,74,73,7,7,68,66,15,Train/15/00015_00017_00029.png
client_3,14789,64,69,6,6,59,63,9,Train/9/00009_00040_00029.png
client_3,26976,40,39,6,6,35,34,21,Train/21/00021_00000_00006.png
client_3,11559,33,34,5,5,28,29,7,Train/7/00007_00028_00009.png
client_3,34202,39,38,6,5,34,33,35,Train/35/00035_00000_00003.png
client_3,7606,42,41,6,5,37,36,4,Train/4/00004_00038_00016.png
client_3,7758,46,45,6,5,41,40,4,Train/4/00004_00043_00018.png
client_3,1244,43,43,6,6,37,37,1,Train/1/00001_00022_00014.png
client_3,25051,27,28,5,5,22,23,17,Train/17/00017_00020_00001.png
client_3,5321,35,34,6,5,30,29,3,Train/3/00003_00009_00011.png
client_3,3351,50,50,6,6,45,45,2,Train/2/00002_00018_00021.png
client_3,3838,91,88,8,7,83,81,2,Train/2/00002_00034_00028.png
client_3,16943,47,48,6,6,42,43,10,Train/10/00010_00063_00023.png
client_3,31779,42,36,6,5,37,31,30,Train/30/00030_00005_00009.png
client_3,23772,40,44,6,5,35,39,15,Train/15/00015_00012_00012.png
client_3,4006,35,34,6,5,30,29,2,Train/2/00002_00040_00016.png
client_3,3990,27,26,6,6,21,21,2,Train/2/00002_00040_00000.png
client_3,12008,33,33,6,6,27,28,7,Train/7/00007_00043_00008.png
client_3,5789,58,58,6,5,53,53,3,Train/3/00003_00024_00029.png
client_3,23758,77,83,7,8,71,76,15,Train/15/00015_00011_00028.png
client_3,36710,56,55,6,5,50,50,38,Train/38/00038_00023_00021.png
client_3,22215,39,38,6,5,34,33,13,Train/13/00013_00058_00015.png
client_3,19959,48,42,6,6,43,37,12,Train/12/00012_00053_00009.png
client_3,26169,74,69,7,6,68,62,18,Train/18/00018_00020_00009.png
client_3,36560,54,52,6,5,49,47,38,Train/38/00038_00018_00021.png
client_3,33307,50,51,5,5,45,45,33,Train/33/00033_00007_00007.png
client_3,7307,41,41,5,5,36,36,4,Train/4/00004_00028_00017.png
client_3,36689,30,29,6,5,25,24,38,Train/38/00038_00023_00000.png
client_3,2048,36,36,6,6,31,31,1,Train/1/00001_00049_00008.png
client_3,24954,47,49,6,6,42,44,17,Train/17/00017_00016_00024.png
client_3,2530,33,34,5,5,27,28,1,Train/1/00001_00065_00010.png
client_3,15243,34,35,6,6,29,30,10,Train/10/00010_00007_00003.png
client_3,32712,36,36,5,5,31,31,31,Train/31/00031_00021_00012.png
client_3,6100,33,36,5,6,28,31,3,Train/3/00003_00035_00010.png
client_3,1804,43,44,5,6,38,39,1,Train/1/00001_00041_00004.png
client_3,12985,45,38,6,5,40,33,8,Train/8/00008_00027_00025.png
client_3,17105,76,71,6,7,70,65,11,Train/11/00011_00002_00005.png
client_3,20632,62,57,6,6,57,52,13,Train/13/00013_00005_00022.png
client_3,5608,106,107,9,10,97,98,3,Train/3/00003_00018_00028.png
client_3,11862,38,38,5,6,32,33,7,Train/7/00007_00038_00012.png
client_3,7817,40,41,5,6,34,35,4,Train/4/00004_00045_00017.png
client_3,10069,40,38,6,5,35,33,5,Train/5/00005_00054_00019.png
client_3,12894,51,50,6,5,46,45,8,Train/8/00008_00024_00024.png
client_3,2851,26,27,5,5,21,22,2,Train/2/00002_00002_00001.png
client_3,22160,58,54,5,5,53,49,13,Train/13/00013_00056_00020.png
client_3,31536,32,31,5,5,27,26,29,Train/29/00029_00006_00006.png
client_3,24358,62,65,5,6,57,60,16,Train/16/00016_00010_00028.png
client_3,22552,50,50,6,6,45,45,13,Train/13/00013_00069_00022.png
client_3,15206,56,55,6,5,51,50,10,Train/10/00010_00005_00026.png
client_3,23921,40,39,6,5,35,34,15,Train/15/00015_00017_00011.png
client_3,27444,60,56,5,5,55,51,22,Train/22/00022_00004_00024.png
client_3,15143,43,44,5,5,38,39,10,Train/10/00010_00003_00023.png
client_3,13045,80,80,7,7,73,73,8,Train/8/00008_00029_00025.png
client_3,20439,54,53,5,5,49,48,12,Train/12/00012_00069_00009.png
client_3,22684,34,35,5,5,29,29,14,Train/14/00014_00002_00004.png
client_3,20357,48,52,6,5,43,47,12,Train/12/00012_00066_00017.png
client_3,37764,64,64,6,6,59,59,38,Train/38/00038_00058_00025.png
client_3,13402,47,46,6,5,42,41,8,Train/8/00008_00041_00022.png
client_3,27220,58,46,6,5,53,41,21,Train/21/00021_00008_00010.png
client_3,9,34,32,6,6,29,26,20,Train/20/00020_00000_00009.png
client_3,16544,37,37,5,5,32,32,10,Train/10/00010_00050_00014.png
client_3,22863,33,36,6,5,28,31,14,Train/14/00014_00008_00003.png
client_3,11989,50,50,6,6,45,45,7,Train/7/00007_00042_00019.png
client_3,4557,56,57,5,5,51,51,2,Train/2/00002_00058_00027.png
client_3,4737,64,62,5,6,59,57,2,Train/2/00002_00064_00027.png
client_3,21718,75,64,7,5,69,59,13,Train/13/00013_00041_00028.png
client_3,5592,41,42,5,6,36,37,3,Train/3/00003_00018_00012.png
client_3,17787,104,92,10,9,95,84,11,Train/11/00011_00024_00027.png
client_3,36600,26,27,6,6,21,21,38,Train/38/00038_00020_00001.png
client_3,29091,51,46,5,5,46,41,25,Train/25/00025_00020_00021.png
client_3,16474,31,31,5,5,26,26,10,Train/10/00010_00048_00004.png
client_3,27660,32,30,6,6,27,25,22,Train/22/00022_00012_00000.png
client_3,20193,36,40,5,5,31,35,12,Train/12/00012_00061_00003.png
client_3,30569,93,83,8,7,85,76,26,Train/26/00026_00019_00029.png
client_3,16374,42,44,6,6,37,39,10,Train/10/00010_00044_00024.png
client_3,25047,81,80,8,8,74,73,17,Train/17/00017_00019_00027.png
client_3,13369,42,42,6,6,37,37,8,Train/8/00008_00040_00019.png
client_3,11,37,34,5,6,32,29,20,Train/20/00020_00000_00011.png
client_3,3090,26,25,5,5,21,20,2,Train/2/00002_00010_00000.png
client_3,31567,38,38,5,5,33,33,29,Train/29/00029_00007_00007.png
client_3,677,46,45,5,5,40,40,1,Train/1/00001_00003_00017.png
client_3,14921,38,43,5,5,32,37,9,Train/9/00009_00045_00011.png
client_3,15709,49,50,6,6,44,45,10,Train/10/00010_00022_00019.png
client_3,30817,38,38,5,6,33,33,28,Train/28/00028_00000_00007.png
client_3,104,49,47,5,5,44,41,20,Train/20/00020_00003_00014.png
client_3,5346,32,31,6,5,27,26,3,Train/3/00003_00010_00006.png
client_3,35623,34,35,6,6,29,30,36,Train/36/00036_00007_00014.png
client_3,30973,50,52,6,5,45,46,28,Train/28/00028_00005_00013.png
client_3,752,44,50,6,5,39,45,1,Train/1/00001_00006_00002.png
client_3,19220,44,44,5,5,39,39,12,Train/12/00012_00028_00020.png
client_3,4343,68,67,6,6,62,61,2,Train/2/00002_00051_00023.png
client_3,25419,29,31,5,5,24,26,17,Train/17/00017_00032_00009.png
client_3,5120,46,49,5,6,41,44,3,Train/3/00003_00002_00020.png
client_3,26484,80,74,8,7,73,68,18,Train/18/00018_00030_00024.png
client_3,10297,34,35,5,5,29,30,6,Train/6/00006_00000_00007.png
client_3,13236,36,35,6,5,31,30,8,Train/8/00008_00036_00006.png
client_3,33193,42,44,6,5,37,39,33,Train/33/00033_00003_00013.png
client_3,21580,43,43,5,5,38,38,13,Train/13/00013_00037_00010.png
client_3,37286,69,69,7,7,63,63,38,Train/38/00038_00042_00027.png
client_3,14483,48,48,6,5,43,43,9,Train/9/00009_00030_00023.png
client_3,30018,58,56,5,6,52,51,26,Train/26/00026_00001_00018.png
client_3,17921,64,57,6,5,58,52,11,Train/11/00011_00029_00011.png
client_3,20261,34,36,6,6,29,31,12,Train/12/00012_00063_00011.png
client_3,38185,83,84,8,8,76,77,39,Train/39/00039_00003_00026.png
client_3,14602,52,51,5,5,47,46,9,Train/9/00009_00034_00022.png
client_3,36855,31,31,6,5,26,26,38,Train/38/00038_00028_00016.png
client_3,16073,57,53,6,5,52,47,10,Train/10/00010_00034_00023.png
client_3,21541,36,36,5,6,31,31,13,Train/13/00013_00036_00001.png
client_3,10066,37,37,5,6,32,32,5,Train/5/00005_00054_00016.png
client_3,1314,31,31,5,5,25,26,1,Train/1/00001_00024_00024.png
client_3,8696,82,82,7,7,75,75,5,Train/5/00005_00008_00026.png
client_3,33741,46,51,6,6,41,45,33,Train/33/00033_00021_00022.png
client_3,9348,43,42,6,5,38,37,5,Train/5/00005_00030_00018.png
client_3,38438,38,36,6,5,32,31,40,Train/40/00040_00002_00009.png
client_3,4098,40,41,5,6,34,35,2,Train/2/00002_00043_00018.png
client_3,23369,61,60,6,5,56,55,14,Train/14/00014_00024_00029.png
client_3,22415,39,33,6,5,34,28,13,Train/13/00013_00065_00005.png
client_3,22337,53,53,5,6,48,48,13,Train/13/00013_00062_00017.png
client_3,22107,158,149,13,13,145,137,13,Train/13/00013_00054_00027.png
client_3,37007,39,45,6,5,34,40,38,Train/38/00038_00033_00018.png
client_3,14735,41,41,5,5,36,36,9,Train/9/00009_00039_00005.png
client_3,333,30,28,5,6,25,23,20,Train/20/00020_00011_00003.png
client_3,32939,98,89,9,8,90,82,32,Train/32/00032_00002_00029.png
client_3,27362,35,32,5,5,30,27,22,Train/22/00022_00002_00002.png
client_3,24618,41,42,5,5,36,36,17,Train/17/00017_00005_00018.png
client_3,4223,37,38,6,6,32,33,2,Train/2/00002_00047_00023.png
client_3,22226,46,52,6,6,41,47,13,Train/13/00013_00058_00026.png
client_3,26799,39,35,6,5,34,30,19,Train/19/00019_00001_00009.png
client_3,16724,37,37,6,6,32,32,10,Train/10/00010_00056_00014.png
client_3,20414,35,36,5,6,30,31,12,Train/12/00012_00068_00014.png
client_3,20897,74,68,7,7,68,62,13,Train/13/00013_00014_00017.png
client_3,20330,71,71,7,6,65,65,12,Train/12/00012_00065_00020.png
client_3,6372,33,33,6,5,28,28,3,Train/3/00003_00044_00012.png
client_3,5568,56,57,6,5,51,52,3,Train/3/00003_00017_00018.png
client_3,10167,58,57,5,5,53,52,5,Train/5/00005_00057_00027.png
client_3,25116,38,40,5,6,33,35,17,Train/17/00017_00022_00006.png
client_3,28116,80,72,8,7,73,66,23,Train/23/00023_00014_00006.png
client_3,35613,31,32,6,6,26,27,36,Train/36/00036_00007_00004.png
client_3,35116,39,38,5,5,34,33,35,Train/35/00035_00030_00017.png
client_3,8089,61,63,6,5,56,58,4,Train/4/00004_00054_00019.png
client_3,484,59,62,6,5,54,57,0,Train/0/00000_00004_00004.png
client_3,29951,47,43,6,5,42,38,25,Train/25/00025_00049_00011.png
client_3,5751,52,54,5,5,47,49,3,Train/3/00003_00023_00021.png
client_3,24802,29,29,6,5,24,24,17,Train/17/00017_00011_00022.png
client_3,16032,33,33,5,5,27,27,10,Train/10/00010_00033_00012.png
client_3,37960,34,34,6,5,29,29,38,Train/38/00038_00065_00011.png
client_3,9294,52,48,6,5,47,43,5,Train/5/00005_00028_00024.png
client_3,23307,97,124,8,11,89,114,14,Train/14/00014_00022_00027.png
client_3,21164,38,47,6,5,32,41,13,Train/13/00013_00023_00014.png
client_3,19847,41,43,5,6,36,38,12,Train/12/00012_00049_00017.png
client_3,19255,74,73,7,7,68,67,12,Train/12/00012_00029_00025.png
client_3,16526,57,58,5,6,52,53,10,Train/10/00010_00049_00026.png
client_3,36316,36,38,5,6,31,33,38,Train/38/00038_00010_00017.png
client_3,30088,143,136,12,12,131,125,26,Train/26/00026_00003_00028.png
client_3,31453,54,49,6,6,49,44,29,Train/29/00029_00003_00013.png
client_3,16301,39,39,6,5,34,34,10,Train/10/00010_00042_00011.png
client_3,25914,80,71,7,6,73,65,18,Train/18/00018_00011_00024.png
client_3,23602,54,53,6,5,48,47,15,Train/15/00015_00006_00022.png
client_3,37918,110,103,10,9,101,94,38,Train/38/00038_00063_00029.png
client_3,18426,35,37,5,6,30,32,12,Train/12/00012_00002_00006.png
client_3,11225,33,33,6,6,28,28,7,Train/7/00007_00017_00005.png
client_3,9479,55,59,5,5,50,54,5,Train/5/00005_00034_00029.png
client_3,33699,34,35,5,6,29,30,33,Train/33/00033_00020_00010.png
client_3,39135,35,34,6,6,29,28,42,Train/42/00042_00005_00016.png
client_3,29943,43,41,5,5,37,35,25,Train/25/00025_00049_00003.png
client_3,34226,99,105,9,9,91,96,35,Train/35/00035_00000_00027.png
client_3,37369,37,38,6,5,32,33,38,Train/38/00038_00045_00020.png
client_3,9405,35,37,5,6,29,31,5,Train/5/00005_00032_00015.png
client_3,29637,88,76,7,6,81,70,25,Train/25/00025_00038_00027.png
client_3,182,28,28,5,6,22,22,20,Train/20/00020_00006_00002.png
client_3,37654,49,50,5,6,43,44,38,Train/38/00038_00055_00005.png
client_3,34289,27,25,6,5,21,20,35,Train/35/00035_00003_00000.png
client_3,31783,45,41,6,5,40,36,30,Train/30/00030_00005_00013.png
client_3,37635,41,41,6,5,35,36,38,Train/38/00038_00054_00016.png
client_3,3267,112,122,10,11,103,111,2,Train/2/00002_00015_00027.png
client_3,10478,32,31,6,5,26,26,6,Train/6/00006_00006_00008.png
client_3,18497,31,28,5,6,26,23,12,Train/12/00012_00004_00017.png
client_3,32569,54,50,6,5,49,45,31,Train/31/00031_00016_00019.png
client_3,14052,49,46,6,5,43,41,9,Train/9/00009_00016_00012.png
client_3,4550,39,37,6,5,33,32,2,Train/2/00002_00058_00020.png
client_3,6322,47,48,5,6,42,43,3,Train/3/00003_00042_00022.png
client_3,8220,29,30,5,6,24,25,4,Train/4/00004_00059_00000.png
client_3,36730,39,39,6,5,34,34,38,Train/38/00038_00024_00011.png
client_3,29191,39,38,6,6,34,33,25,Train/25/00025_00024_00001.png
client_3,34378,68,69,6,6,62,63,35,Train/35/00035_00005_00029.png
client_3,23894,34,36,5,6,29,31,15,Train/15/00015_00016_00014.png
client_3,33071,33,32,6,5,27,27,32,Train/32/00032_00007_00011.png
client_3,3153,44,44,5,6,39,39,2,Train/2/00002_00012_00003.png
client_3,15835,47,47,6,6,42,42,10,Train/10/00010_00026_00025.png
client_3,32333,68,59,7,5,62,54,31,Train/31/00031_00008_00023.png
client_3,35511,51,51,5,5,46,46,36,Train/36/00036_00003_00022.png
client_3,432,38,37,6,5,33,32,0,Train/0/00000_00002_00012.png
client_3,23878,92,97,9,9,84,89,15,Train/15/00015_00015_00028.png
client_3,7729,44,43,5,5,38,37,4,Train/4/00004_00042_00019.png
client_3,5422,51,51,5,5,46,46,3,Train/3/00003_00012_00022.png
client_3,7118,33,33,6,5,28,28,4,Train/4/00004_00022_00008.png
client_3,4571,49,49,5,5,44,44,2,Train/2/00002_00059_00011.png
client_3,20408,34,35,6,6,29,30,12,Train/12/00012_00068_00008.png
client_3,25769,122,108,11,10,112,99,18,Train/18/00018_00006_00029.png
client_3,4791,42,45,6,6,37,40,2,Train/2/00002_00066_00021.png
client_3,31259,96,86,8,7,87,78,28,Train/28/00028_00014_00029.png
client_3,12330,30,30,6,6,25,25,8,Train/8/00008_00006_00000.png
client_3,10152,36,36,5,6,31,31,5,Train/5/00005_00057_00012.png
client_3,14218,82,85,7,8,75,78,9,Train/9/00009_00021_00028.png
client_3,16009,48,42,5,6,43,37,10,Train/10/00010_00032_00019.png
client_3,23470,35,42,6,5,30,37,15,Train/15/00015_00002_00010.png
client_3,21786,43,40,5,6,38,35,13,Train/13/00013_00044_00006.png
client_3,35523,31,31,6,5,26,26,36,Train/36/00036_00004_00004.png
client_3,33375,89,87,8,8,82,80,33,Train/33/00033_00009_00015.png
client_3,34117,31,29,6,5,26,24,34,Train/34/00034_00011_00008.png
client_3,30672,48,47,5,5,43,42,27,Train/27/00027_00003_00012.png
client_3,13063,32,31,6,5,26,25,8,Train/8/00008_00030_00013.png
client_3,29455,56,52,5,5,51,47,25,Train/25/00025_00032_00025.png
client_3,21141,70,80,6,8,64,73,13,Train/13/00013_00022_00021.png
client_3,22071,86,77,8,7,78,71,13,Train/13/00013_00053_00021.png
client_3,6024,88,97,8,8,81,89,3,Train/3/00003_00032_00024.png
client_3,15346,39,38,6,5,34,33,10,Train/10/00010_00010_00016.png
client_3,12192,36,38,5,6,30,32,8,Train/8/00008_00001_00012.png
client_3,21971,32,35,5,6,27,30,13,Train/13/00013_00050_00011.png
client_3,856,41,40,6,5,36,35,1,Train/1/00001_00009_00016.png
client_3,30050,41,39,6,6,36,34,26,Train/26/00026_00002_00020.png
client_3,35395,89,92,8,9,82,84,35,Train/35/00035_00039_00026.png
client_3,18197,71,63,6,6,65,57,11,Train/11/00011_00038_00017.png
client_3,31359,32,42,6,5,27,37,29,Train/29/00029_00000_00009.png
client_3,35730,30,32,5,6,25,26,36,Train/36/00036_00011_00001.png
client_3,18419,95,96,8,8,87,88,12,Train/12/00012_00001_00029.png
client_3,30819,41,38,6,5,35,33,28,Train/28/00028_00000_00009.png
client_3,13625,40,40,5,6,35,35,9,Train/9/00009_00002_00005.png
client_3,7324,31,32,5,6,26,27,4,Train/4/00004_00029_00004.png
client_3,31428,54,49,5,6,49,44,29,Train/29/00029_00002_00018.png
client_3,27305,37,38,5,6,32,33,22,Train/22/00022_00000_00005.png
client_3,16696,39,40,5,6,34,35,10,Train/10/00010_00055_00016.png
client_3,29518,169,149,14,13,155,137,25,Train/25/00025_00034_00028.png
client_3,29397,118,110,10,10,108,101,25,Train/25/00025_00030_00027.png
client_3,15488,34,34,6,5,29,29,10,Train/10/00010_00015_00008.png
client_3,21756,40,39,5,6,35,34,13,Train/13/00013_00043_00006.png
client_3,33507,98,97,8,8,90,89,33,Train/33/00033_00013_00027.png
client_3,36051,54,72,5,6,49,66,38,Train/38/00038_00001_00022.png
client_3,33294,85,86,8,7,78,79,33,Train/33/00033_00006_00024.png
client_3,31545,43,41,6,5,38,36,29,Train/29/00029_00006_00015.png
client_3,14995,53,58,5,6,48,53,9,Train/9/00009_00047_00025.png
client_3,3948,65,65,6,6,60,60,2,Train/2/00002_00038_00018.png
client_3,16128,41,37,6,6,36,32,10,Train/10/00010_00036_00018.png
client_3,19143,32,31,6,5,27,26,12,Train/12/00012_00026_00003.png
client_3,14545,72,72,7,7,66,66,9,Train/9/00009_00032_00025.png
client_3,21678,53,49,5,6,48,44,13,Train/13/00013_00040_00018.png
client_3,2370,34,33,6,5,29,28,1,Train/1/00001_00060_00000.png
client_3,33941,34,37,5,5,28,31,34,Train/34/00034_00005_00012.png
client_3,2671,48,49,6,6,43,44,1,Train/1/00001_00070_00001.png
client_3,16283,53,52,6,5,48,47,10,Train/10/00010_00041_00023.png
client_3,21268,65,117,6,11,60,107,13,Train/13/00013_00026_00028.png
client_3,29675,34,32,5,5,29,27,25,Train/25/00025_00040_00005.png
client_3,31755,58,52,6,5,53,47,30,Train/30/00030_00004_00015.png
client_3,16355,29,29,6,5,24,24,10,Train/10/00010_00044_00005.png
client_3,20203,47,49,5,5,42,44,12,Train/12/00012_00061_00013.png
client_3,33248,70,68,7,6,64,62,33,Train/33/00033_00005_00008.png
client_3,7753,36,37,5,6,31,32,4,Train/4/00004_00043_00013.png
client_3,36931,36,36,5,5,31,31,38,Train/38/00038_00031_00002.png
client_3,36929,36,35,6,5,31,30,38,Train/38/00038_00031_00000.png
client_3,31784,47,45,6,6,42,40,30,Train/30/00030_00005_00014.png
client_3,12222,34,34,6,6,28,28,8,Train/8/00008_00002_00012.png
client_3,21578,42,42,6,6,37,37,13,Train/13/00013_00037_00008.png
client_3,6021,79,86,7,8,72,79,3,Train/3/00003_00032_00021.png
client_3,14181,31,31,6,6,26,26,9,Train/9/00009_00020_00021.png
client_3,33534,44,45,6,6,38,40,33,Train/33/00033_00014_00024.png
client_3,34227,109,119,9,11,100,109,35,Train/35/00035_00000_00028.png
client_3,2497,30,30,5,6,25,25,1,Train/1/00001_00064_00007.png
client_3,26195,29,30,5,5,24,24,18,Train/18/00018_00021_00005.png
client_3,18443,81,82,7,7,73,75,12,Train/12/00012_00002_00023.png
client_3,4036,35,36,6,6,29,30,2,Train/2/00002_00041_00016.png
client_3,18319,56,55,6,5,51,50,11,Train/11/00011_00042_00019.png
client_3,7798,64,67,6,6,59,61,4,Train/4/00004_00044_00028.png
client_3,3132,36,32,6,6,31,27,2,Train/2/00002_00011_00012.png
client_3,15898,63,65,6,6,58,60,10,Train/10/00010_00028_00028.png
client_3,36458,35,37,5,5,30,32,38,Train/38/00038_00015_00009.png
client_3,23874,61,69,6,6,56,63,15,Train/15/00015_00015_00024.png
client_3,26331,75,72,7,7,69,65,18,Train/18/00018_00025_00021.png
client_3,4375,109,104,10,9,100,95,2,Train/2/00002_00052_00025.png
client_3,18745,92,94,8,8,84,86,12,Train/12/00012_00012_00025.png
client_3,13186,45,48,5,5,40,42,8,Train/8/00008_00034_00016.png
client_3,35060,48,50,5,6,43,45,35,Train/35/00035_00028_00021.png
client_3,2149,50,52,5,6,45,47,1,Train/1/00001_00052_00019.png
client_3,4058,30,30,6,6,24,25,2,Train/2/00002_00042_00008.png
client_3,35428,72,74,6,7,66,68,36,Train/36/00036_00000_00029.png
client_3,8041,35,35,5,5,30,30,4,Train/4/00004_00053_00001.png
client_3,37225,84,106,7,10,77,97,38,Train/38/00038_00040_00026.png
client_3,20544,60,60,5,5,55,55,13,Train/13/00013_00002_00024.png
client_3,14422,72,73,6,6,65,66,9,Train/9/00009_00028_00022.png
client_3,16840,30,30,5,5,25,24,10,Train/10/00010_00060_00010.png
client_3,16399,49,52,5,6,44,47,10,Train/10/00010_00045_00019.png
client_3,2494,29,29,6,6,24,24,1,Train/1/00001_00064_00004.png
client_3,36828,34,34,6,6,29,29,38,Train/38/00038_00027_00019.png
client_3,27698,30,30,5,6,25,25,23,Train/23/00023_00000_00008.png
client_3,20237,49,49,5,5,44,44,12,Train/12/00012_00062_00017.png
client_3,10319,80,84,8,8,73,77,6,Train/6/00006_00000_00029.png
client_3,5656,38,38,5,5,33,33,3,Train/3/00003_00020_00016.png
client_3,5868,38,39,6,5,33,34,3,Train/3/00003_00027_00018.png
client_3,22752,50,49,6,5,44,44,14,Train/14/00014_00004_00012.png
client_3,6833,61,59,6,5,56,54,4,Train/4/00004_00012_00023.png
client_3,23283,35,37,5,6,30,32,14,Train/14/00014_00022_00003.png
client_3,15667,40,36,6,5,35,31,10,Train/10/00010_00021_00007.png
client_3,34999,52,52,5,5,47,47,35,Train/35/00035_00026_00020.png
client_3,12041,31,30,6,5,26,25,7,Train/7/00007_00044_00011.png
client_3,37449,34,32,5,5,28,27,38,Train/38/00038_00048_00010.png
client_3,13002,34,31,6,6,28,25,8,Train/8/00008_00028_00012.png
client_3,34831,28,28,6,5,23,23,35,Train/35/00035_00021_00002.png
client_3,6779,103,104,9,10,94,95,4,Train/4/00004_00010_00029.png
client_3,25380,25,29,5,6,20,24,17,Train/17/00017_00031_00000.png
client_3,29881,54,54,5,5,49,49,25,Train/25/00025_00047_00001.png
client_3,8727,105,108,10,9,96,99,5,Train/5/00005_00009_00027.png
client_3,35740,38,37,6,5,33,32,36,Train/36/00036_00011_00011.png
client_3,37122,46,48,6,6,41,43,38,Train/38/00038_00037_00013.png
client_3,27701,34,34,5,6,29,29,23,Train/23/00023_00000_00011.png
client_3,22293,48,44,5,6,42,39,13,Train/13/00013_00061_00003.png
client_3,22280,68,63,6,6,62,58,13,Train/13/00013_00060_00020.png
client_3,1565,31,33,5,6,26,27,1,Train/1/00001_00033_00005.png
client_3,8985,33,33,5,6,27,28,5,Train/5/00005_00018_00015.png
client_3,14967,107,106,10,10,98,97,9,Train/9/00009_00046_00027.png
client_3,10618,81,83,8,7,74,76,6,Train/6/00006_00010_00028.png
client_3,31753,56,50,6,5,51,45,30,Train/30/00030_00004_00013.png
client_3,3698,36,34,5,6,31,28,2,Train/2/00002_00030_00008.png
client_3,33750,26,27,5,6,21,22,33,Train/33/00033_00022_00001.png
client_3,26139,45,46,5,6,40,41,18,Train/18/00018_00019_00009.png
client_3,6663,30,30,5,5,25,25,4,Train/4/00004_00007_00003.png
client_3,14259,32,34,5,5,27,29,9,Train/9/00009_00023_00009.png
client_3,14897,46,44,6,5,40,38,9,Train/9/00009_00044_00017.png
client_3,16800,30,30,5,5,25,25,10,Train/10/00010_00059_00000.png
client_3,6647,46,47,6,5,41,42,4,Train/4/00004_00006_00017.png
client_3,2878,73,74,7,6,67,67,2,Train/2/00002_00002_00028.png
client_3,11049,39,39,5,5,34,34,7,Train/7/00007_00011_00009.png
client_3,26721,69,68,7,6,63,62,18,Train/18/00018_00038_00021.png
client_3,19663,33,33,6,6,28,28,12,Train/12/00012_00043_00013.png
client_3,19277,40,39,6,5,35,34,12,Train/12/00012_00030_00017.png
client_3,29831,42,36,6,5,37,31,25,Train/25/00025_00045_00011.png
client_3,32096,112,104,10,10,103,95,31,Train/31/00031_00000_00026.png
client_3,26972,36,35,6,5,31,30,21,Train/21/00021_00000_00002.png
client_3,16559,64,62,6,6,59,57,10,Train/10/00010_00050_00029.png
client_3,23726,74,72,6,7,68,66,15,Train/15/00015_00010_00026.png
client_3,1408,82,88,7,7,75,81,1,Train/1/00001_00027_00028.png
client_3,38986,43,45,5,6,37,39,42,Train/42/00042_00000_00017.png
client_3,7776,30,31,5,5,25,26,4,Train/4/00004_00044_00006.png
client_3,8522,28,26,5,5,22,21,5,Train/5/00005_00003_00002.png
client_3,14998,62,69,5,7,57,63,9,Train/9/00009_00047_00028.png
client_3,30464,40,37,6,6,35,32,26,Train/26/00026_00016_00014.png
client_3,25778,65,58,6,5,59,52,18,Train/18/00018_00007_00008.png
client_3,18967,31,33,5,5,26,28,12,Train/12/00012_00020_00007.png
client_3,2073,39,36,6,5,34,31,1,Train/1/00001_00050_00003.png
client_3,27452,35,31,6,5,30,26,22,Train/22/00022_00005_00002.png
client_3,37961,33,35,5,6,28,30,38,Train/38/00038_00065_00012.png
client_3,10717,31,30,6,5,26,25,7,Train/7/00007_00000_00007.png
client_3,7479,35,34,6,5,30,29,4,Train/4/00004_00034_00009.png
client_3,27929,88,76,7,6,81,70,23,Train/23/00023_00007_00029.png
client_3,9642,32,32,5,5,26,26,5,Train/5/00005_00040_00012.png
client_3,7853,61,61,6,6,56,55,4,Train/4/00004_00046_00023.png
client_3,17657,56,51,6,5,51,46,11,Train/11/00011_00020_00017.png
client_3,36304,30,30,6,6,25,25,38,Train/38/00038_00010_00005.png
client_3,11778,43,42,6,5,38,37,7,Train/7/00007_00035_00018.png
client_3,20044,41,41,6,6,36,35,12,Train/12/00012_00056_00004.png
client_3,28689,70,60,7,5,63,54,25,Train/25/00025_00007_00009.png
client_3,22341,72,65,6,6,66,60,13,Train/13/00013_00062_00021.png
client_3,11952,36,37,5,6,31,32,7,Train/7/00007_00041_00012.png
client_3,1742,37,35,6,5,32,30,1,Train/1/00001_00039_00002.png
client_3,28688,64,57,5,5,59,52,25,Train/25/00025_00007_00008.png
client_3,37001,32,40,5,6,27,35,38,Train/38/00038_00033_00012.png
client_3,13510,38,38,5,6,33,33,8,Train/8/00008_00045_00010.png
client_3,31724,57,51,6,6,52,46,30,Train/30/00030_00003_00014.png
client_3,28354,28,26,6,5,23,20,24,Train/24/00024_00005_00004.png
client_3,2745,62,63,5,6,57,58,1,Train/1/00001_00072_00015.png
client_3,24196,34,34,5,5,29,29,16,Train/16/00016_00005_00016.png
client_3,2358,54,54,5,5,49,49,1,Train/1/00001_00059_00018.png
client_3,37509,34,36,5,5,29,31,38,Train/38/00038_00050_00010.png
client_3,37106,116,117,10,11,106,107,38,Train/38/00038_00036_00027.png
client_3,10057,31,31,5,6,26,26,5,Train/5/00005_00054_00007.png
client_3,2139,33,36,5,6,28,31,1,Train/1/00001_00052_00009.png
client_3,38224,35,35,5,6,29,30,39,Train/39/00039_00005_00005.png
client_3,15494,38,39,5,6,33,34,10,Train/10/00010_00015_00014.png
client_3,15678,52,52,5,5,47,47,10,Train/10/00010_00021_00018.png
client_3,396,33,34,5,6,28,29,0,Train/0/00000_00001_00006.png
client_3,6127,32,32,5,5,27,27,3,Train/3/00003_00036_00007.png
client_3,3590,50,49,6,5,45,44,2,Train/2/00002_00026_00020.png
client_3,36623,76,83,7,8,70,76,38,Train/38/00038_00020_00024.png
client_3,4134,64,64,5,5,59,59,2,Train/2/00002_00044_00024.png
client_3,7958,32,33,6,6,26,27,4,Train/4/00004_00050_00008.png
client_3,22984,44,44,6,6,39,39,14,Train/14/00014_00012_00004.png
client_3,26337,137,130,12,11,126,119,18,Train/18/00018_00025_00027.png
client_3,23524,31,31,6,5,26,26,15,Train/15/00015_00004_00004.png
client_3,26302,64,61,6,5,59,56,18,Train/18/00018_00024_00022.png
client_3,25882,111,100,9,8,102,91,18,Train/18/00018_00010_00022.png
client_3,30512,29,26,6,5,24,21,26,Train/26/00026_00018_00002.png
client_3,15433,44,45,5,6,39,40,10,Train/10/00010_00013_00013.png
client_3,6064,30,29,6,5,25,24,3,Train/3/00003_00034_00004.png
client_3,22090,81,75,7,6,74,69,13,Train/13/00013_00054_00010.png
client_3,16782,38,37,6,5,33,32,10,Train/10/00010_00058_00012.png
client_3,31378,69,157,6,13,63,144,29,Train/29/00029_00000_00028.png
client_3,7937,39,40,6,6,34,35,4,Train/4/00004_00049_00017.png
client_3,21498,42,39,5,5,36,34,13,Train/13/00013_00034_00018.png
client_3,32199,41,38,6,6,36,33,31,Train/31/00031_00004_00009.png
client_3,21393,31,27,6,6,26,22,13,Train/13/00013_00031_00003.png
client_3,21228,57,51,6,5,52,46,13,Train/13/00013_00025_00018.png
client_3,37987,34,36,5,6,29,31,38,Train/38/00038_00066_00008.png
client_3,23003,54,55,5,6,49,50,14,Train/14/00014_00012_00023.png
client_3,3176,110,104,10,10,101,95,2,Train/2/00002_00012_00026.png
client_3,8691,59,58,6,5,54,53,5,Train/5/00005_00008_00021.png
client_3,6678,39,38,6,5,34,33,4,Train/4/00004_00007_00018.png
client_3,28296,54,53,5,6,49,48,24,Train/24/00024_00003_00006.png
client_3,23469,35,42,6,5,30,37,15,Train/15/00015_00002_00009.png
client_3,14357,70,72,6,7,63,66,9,Train/9/00009_00026_00017.png
client_3,29891,77,69,7,6,71,63,25,Train/25/00025_00047_00011.png
client_3,157,32,31,5,6,27,26,20,Train/20/00020_00005_00007.png
client_3,33621,43,61,5,6,38,56,33,Train/33/00033_00017_00021.png
client_3,33184,34,34,6,6,29,29,33,Train/33/00033_00003_00004.png
client_3,36474,61,73,5,6,56,67,38,Train/38/00038_00015_00025.png
client_3,19884,68,72,6,6,61,65,12,Train/12/00012_00050_00024.png
client_3,10803,32,33,5,6,27,28,7,Train/7/00007_00003_00003.png
client_3,32046,32,31,5,6,27,26,30,Train/30/00030_00014_00006.png
client_3,19551,70,69,7,6,64,63,12,Train/12/00012_00039_00021.png
client_3,20697,65,60,6,6,60,55,13,Train/13/00013_00007_00027.png
client_3,38954,42,42,6,6,36,37,41,Train/41/00041_00007_00015.png
client_3,387,108,110,9,10,99,101,0,Train/0/00000_00000_00027.png
client_3,5932,47,47,6,6,42,42,3,Train/3/00003_00029_00022.png
client_3,13998,51,51,6,5,46,46,9,Train/9/00009_00014_00018.png
client_3,27344,39,38,5,6,34,33,22,Train/22/00022_00001_00014.png
client_3,3536,60,60,6,5,55,55,2,Train/2/00002_00024_00026.png
client_3,33373,85,84,8,7,78,77,33,Train/33/00033_00009_00013.png
client_3,30373,38,36,5,5,32,31,26,Train/26/00026_00013_00013.png
client_3,20750,56,53,6,6,51,48,13,Train/13/00013_00009_00020.png
client_3,25670,74,70,6,6,68,64,18,Train/18/00018_00003_00020.png
client_3,2229,57,67,5,6,52,61,1,Train/1/00001_00055_00009.png
client_3,20514,82,79,8,7,75,72,13,Train/13/00013_00001_00024.png
client_3,33483,41,42,5,6,36,37,33,Train/33/00033_00013_00003.png
client_3,17495,30,30,6,6,25,25,11,Train/11/00011_00015_00005.png
client_3,34509,47,49,5,6,42,44,35,Train/35/00035_00010_00010.png
client_3,3680,60,61,5,6,55,55,2,Train/2/00002_00029_00020.png
client_3,8664,52,55,5,6,47,50,5,Train/5/00005_00007_00024.png
client_3,13571,40,41,6,6,35,36,9,Train/9/00009_00000_00011.png
client_3,32024,40,35,6,6,35,30,30,Train/30/00030_00013_00014.png
client_3,24595,30,30,5,5,25,25,17,Train/17/00017_00004_00025.png
client_3,22810,40,40,6,6,35,34,14,Train/14/00014_00006_00010.png
client_3,15282,37,37,6,6,32,32,10,Train/10/00010_00008_00012.png
client_3,9666,29,29,5,5,24,24,5,Train/5/00005_00041_00006.png
client_3,19677,85,86,7,8,78,79,12,Train/12/00012_00043_00027.png
client_3,5274,52,52,6,5,47,47,3,Train/3/00003_00007_00024.png
client_3,31121,55,50,5,6,50,45,28,Train/28/00028_00010_00011.png
client_3,6063,30,30,6,6,25,24,3,Train/3/00003_00034_00003.png
client_3,21597,121,122,10,11,111,112,13,Train/13/00013_00037_00027.png
client_3,24805,28,30,6,6,23,25,17,Train/17/00017_00011_00025.png
client_3,28494,86,83,8,7,79,76,25,Train/25/00025_00000_00024.png
client_3,14804,35,36,6,6,30,31,9,Train/9/00009_00041_00014.png
client_3,7672,46,46,5,5,41,41,4,Train/4/00004_00040_00022.png
client_3,18439,59,60,5,5,53,55,12,Train/12/00012_00002_00019.png
client_3,27682,64,58,6,5,59,53,22,Train/22/00022_00012_00022.png
client_3,27790,61,55,5,6,56,50,23,Train/23/00023_00003_00010.png
client_3,27644,45,44,5,6,40,39,22,Train/22/00022_00011_00014.png
client_3,32336,82,74,7,7,75,68,31,Train/31/00031_00008_00026.png
client_3,5667,56,56,5,5,51,51,3,Train/3/00003_00020_00027.png
client_3,20996,93,82,8,8,85,75,13,Train/13/00013_00017_00026.png
client_3,10283,47,48,6,6,42,43,5,Train/5/00005_00061_00023.png
client_3,19534,39,39,6,6,34,34,12,Train/12/00012_00039_00004.png
client_3,7127,37,39,5,6,32,34,4,Train/4/00004_00022_00017.png
client_3,19126,44,50,5,6,39,45,12,Train/12/00012_00025_00016.png
client_3,10766,42,40,5,5,37,35,7,Train/7/00007_00001_00026.png
client_3,9611,31,33,5,6,26,28,5,Train/5/00005_00039_00011.png
client_3,7150,32,33,5,6,27,28,4,Train/4/00004_00023_00010.png
client_3,35348,31,33,5,6,26,28,35,Train/35/00035_00038_00009.png
client_3,6916,39,38,6,6,33,32,4,Train/4/00004_00015_00016.png
client_3,9508,112,120,10,10,103,110,5,Train/5/00005_00035_00028.png
client_3,13920,28,28,6,5,23,23,9,Train/9/00009_00012_00000.png
client_3,3459,32,31,6,5,27,26,2,Train/2/00002_00022_00009.png
client_3,13209,35,35,6,6,30,30,8,Train/8/00008_00035_00009.png
client_3,20967,120,111,10,10,110,102,13,Train/13/00013_00016_00027.png
client_3,9918,39,42,5,6,34,37,5,Train/5/00005_00049_00018.png
client_3,13644,69,71,7,7,63,65,9,Train/9/00009_00002_00024.png
client_3,7228,116,108,11,9,106,99,4,Train/4/00004_00025_00028.png
client_3,3429,32,31,5,5,27,26,2,Train/2/00002_00021_00009.png
client_3,14437,32,33,5,5,27,28,9,Train/9/00009_00029_00007.png
client_3,32866,38,38,5,5,33,33,32,Train/32/00032_00000_00016.png
client_3,31350,27,36,6,5,21,30,29,Train/29/00029_00000_00000.png
client_3,28801,64,59,6,5,59,53,25,Train/25/00025_00011_00001.png
client_3,10653,28,29,6,6,23,24,6,Train/6/00006_00012_00003.png
client_3,24835,34,32,5,6,29,27,17,Train/17/00017_00012_00025.png
client_3,22804,33,34,5,5,28,29,14,Train/14/00014_00006_00004.png
client_3,5309,124,131,10,12,114,120,3,Train/3/00003_00008_00029.png
client_3,19014,61,63,6,5,56,58,12,Train/12/00012_00021_00024.png
client_3,9335,31,30,6,5,26,25,5,Train/5/00005_00030_00005.png
client_3,29158,189,173,17,15,173,159,25,Train/25/00025_00022_00028.png
client_3,21809,96,83,9,8,88,76,13,Train/13/00013_00044_00029.png
client_3,35996,80,84,7,7,73,77,37,Train/37/00037_00006_00027.png
client_3,18732,42,41,5,5,37,36,12,Train/12/00012_00012_00012.png
client_3,36693,33,32,6,5,27,27,38,Train/38/00038_00023_00004.png
client_3,38053,39,40,6,5,34,35,38,Train/38/00038_00068_00014.png
client_3,31191,56,53,5,5,51,48,28,Train/28/00028_00012_00021.png
client_3,18845,29,30,5,6,23,24,12,Train/12/00012_00016_00005.png
client_3,19648,140,139,13,12,128,127,12,Train/12/00012_00042_00028.png
client_3,13534,28,30,5,5,23,25,8,Train/8/00008_00046_00004.png
client_3,15923,44,43,6,6,39,38,10,Train/10/00010_00029_00023.png
client_3,4642,72,71,7,6,66,65,2,Train/2/00002_00061_00022.png
client_3,10824,72,75,7,7,66,69,7,Train/7/00007_00003_00024.png
client_3,4686,31,31,6,5,26,26,2,Train/2/00002_00063_00006.png
client_3,8479,38,38,6,6,32,32,5,Train/5/00005_00001_00019.png
client_3,33245,69,67,6,6,62,61,33,Train/33/00033_00005_00005.png
client_3,8751,46,46,6,6,41,41,5,Train/5/00005_00010_00021.png
client_3,4719,31,31,5,5,26,26,2,Train/2/00002_00064_00009.png
client_3,38635,118,120,10,10,107,109,40,Train/40/00040_00008_00026.png
client_3,7875,52,51,5,5,47,46,4,Train/4/00004_00047_00015.png
client_3,9458,30,33,5,6,25,28,5,Train/5/00005_00034_00008.png
client_3,4250,38,35,6,5,33,30,2,Train/2/00002_00048_00020.png
client_3,19647,128,129,11,12,117,118,12,Train/12/00012_00042_00027.png
client_3,21576,40,39,6,5,35,34,13,Train/13/00013_00037_00006.png
client_3,71,43,40,6,6,38,35,20,Train/20/00020_00002_00011.png
client_3,25863,72,64,6,5,65,59,18,Train/18/00018_00010_00003.png
client_3,8735,31,33,5,5,26,27,5,Train/5/00005_00010_00005.png
client_3,18925,83,84,7,7,76,77,12,Train/12/00012_00018_00025.png
client_3,31635,50,43,6,6,45,38,30,Train/30/00030_00000_00015.png
client_3,23244,123,122,11,11,113,111,14,Train/14/00014_00020_00024.png
client_3,33751,26,26,5,5,21,21,33,Train/33/00033_00022_00002.png
client_3,31743,41,39,6,6,36,34,30,Train/30/00030_00004_00003.png
client_3,6145,65,63,6,6,60,58,3,Train/3/00003_00036_00025.png
client_3,3475,70,70,7,6,64,64,2,Train/2/00002_00022_00025.png
client_3,35654,39,39,6,5,33,33,36,Train/36/00036_00008_00015.png
client_3,35899,46,46,6,5,41,40,37,Train/37/00037_00003_00020.png
client_3,3007,37,37,5,5,32,31,2,Train/2/00002_00007_00007.png
client_3,23744,50,56,5,5,45,51,15,Train/15/00015_00011_00014.png
client_3,18900,30,31,5,6,25,26,12,Train/12/00012_00018_00000.png
client_3,7935,36,37,5,5,31,32,4,Train/4/00004_00049_00015.png
client_3,21309,49,46,6,5,44,41,13,Train/13/00013_00028_00009.png
client_3,30072,42,40,5,6,37,35,26,Train/26/00026_00003_00012.png
client_3,25362,49,52,5,6,43,47,17,Train/17/00017_00030_00012.png
client_3,5884,26,29,5,5,21,23,3,Train/3/00003_00028_00004.png
client_3,30013,51,48,6,5,45,42,26,Train/26/00026_00001_00013.png
client_3,36822,30,32,5,6,25,27,38,Train/38/00038_00027_00013.png
client_3,10238,27,31,5,6,22,25,5,Train/5/00005_00060_00008.png
client_3,19461,70,70,6,6,64,64,12,Train/12/00012_00036_00021.png
client_3,23288,42,43,6,5,37,38,14,Train/14/00014_00022_00008.png
client_3,33064,30,30,6,6,25,25,32,Train/32/00032_00007_00004.png
client_3,23836,38,44,5,6,32,38,15,Train/15/00015_00014_00016.png
client_3,8437,34,35,6,6,29,30,5,Train/5/00005_00000_00007.png
client_3,6214,29,30,6,6,24,25,3,Train/3/00003_00039_00004.png
client_3,10197,75,81,6,7,68,74,5,Train/5/00005_00058_00027.png
client_3,17400,37,37,5,6,32,32,11,Train/11/00011_00012_00000.png
client_3,5009,84,83,7,7,76,76,2,Train/2/00002_00073_00029.png
client_3,15734,40,39,6,5,35,34,10,Train/10/00010_00023_00014.png
client_3,7624,34,33,6,5,29,28,4,Train/4/00004_00039_00004.png
client_3,33214,29,30,5,5,24,24,33,Train/33/00033_00004_00004.png
client_3,12519,38,38,5,5,33,33,8,Train/8/00008_00012_00009.png
client_3,21233,73,65,6,6,67,60,13,Train/13/00013_00025_00023.png
client_3,36196,70,84,7,8,64,77,38,Train/38/00038_00006_00017.png
client_3,23928,45,44,5,5,40,39,15,Train/15/00015_00017_00018.png
client_3,4701,38,37,6,5,33,32,2,Train/2/00002_00063_00021.png
client_3,1485,41,53,6,5,36,48,1,Train/1/00001_00030_00015.png
client_3,26907,95,91,8,8,87,83,19,Train/19/00019_00004_00027.png
client_3,30988,107,98,10,9,98,90,28,Train/28/00028_00005_00028.png
client_3,7108,106,104,9,10,97,95,4,Train/4/00004_00021_00028.png
client_3,11926,33,33,6,6,28,28,7,Train/7/00007_00040_00016.png
client_3,23037,157,157,14,13,144,144,14,Train/14/00014_00013_00027.png
client_3,20756,74,71,7,7,68,65,13,Train/13/00013_00009_00026.png
client_3,18514,47,45,5,5,42,40,12,Train/12/00012_00005_00004.png
client_3,29448,39,37,6,5,34,32,25,Train/25/00025_00032_00018.png
client_3,9778,72,80,6,7,66,73,5,Train/5/00005_00044_00028.png
client_3,29035,84,74,8,7,77,68,25,Train/25/00025_00018_00025.png
client_3,5182,51,51,5,6,45,46,3,Train/3/00003_00004_00022.png
client_3,17103,72,68,6,6,66,61,11,Train/11/00011_00002_00003.png
client_3,28787,59,52,6,5,54,47,25,Train/25/00025_00010_00017.png
client_3,33146,77,81,7,8,71,74,33,Train/33/00033_00001_00026.png
client_3,23598,43,41,6,5,38,36,15,Train/15/00015_00006_00018.png
client_3,19914,50,52,5,6,45,47,12,Train/12/00012_00051_00024.png
client_3,21146,74,85,7,7,68,78,13,Train/13/00013_00022_00026.png
client_3,18995,40,42,5,6,35,37,12,Train/12/00012_00021_00005.png
client_3,399,34,33,6,5,29,28,0,Train/0/00000_00001_00009.png
client_3,10128,48,48,5,6,43,43,5,Train/5/00005_00056_00018.png
client_3,6498,51,52,5,6,46,47,4,Train/4/00004_00001_00018.png
client_3,17366,107,96,10,8,98,88,11,Train/11/00011_00010_00026.png
client_3,14133,28,28,6,5,23,23,9,Train/9/00009_00019_00003.png
client_3,7029,38,39,5,5,33,34,4,Train/4/00004_00019_00009.png
client_3,23378,32,34,6,6,26,29,14,Train/14/00014_00025_00008.png
client_3,16342,46,47,6,6,41,42,10,Train/10/00010_00043_00022.png
client_3,6156,29,32,5,6,24,27,3,Train/3/00003_00037_00006.png
client_3,5365,75,80,6,8,69,73,3,Train/3/00003_00010_00025.png
client_3,23657,48,49,5,6,43,44,15,Train/15/00015_00008_00017.png
client_3,6438,40,40,5,6,35,34,3,Train/3/00003_00046_00018.png
client_3,18471,58,57,6,5,53,52,12,Train/12/00012_00003_00021.png
client_3,35059,47,48,6,5,41,42,35,Train/35/00035_00028_00020.png
client_3,6788,32,33,6,6,27,28,4,Train/4/00004_00011_00008.png
client_3,16841,31,31,5,6,26,26,10,Train/10/00010_00060_00011.png
client_3,5573,73,76,7,7,67,70,3,Train/3/00003_00017_00023.png
client_3,35901,49,50,6,6,44,45,37,Train/37/00037_00003_00022.png
client_3,10401,48,50,6,6,43,45,6,Train/6/00006_00003_00021.png
client_3,35774,56,56,5,5,51,51,36,Train/36/00036_00012_00015.png
client_3,39191,32,34,5,6,27,29,42,Train/42/00042_00007_00012.png
client_3,20375,34,34,6,5,29,29,12,Train/12/00012_00067_00005.png
client_3,9060,30,30,6,6,25,25,5,Train/5/00005_00021_00000.png
client_3,7499,67,70,6,7,61,64,4,Train/4/00004_00034_00029.png
client_3,12550,40,40,5,5,35,35,8,Train/8/00008_00013_00010.png
client_3,19575,51,51,5,5,46,46,12,Train/12/00012_00040_00015.png
client_3,23986,30,30,5,5,25,25,15,Train/15/00015_00019_00016.png
client_3,24724,32,36,5,6,26,30,17,Train/17/00017_00009_00004.png
client_3,24135,41,43,6,6,36,38,16,Train/16/00016_00003_00015.png
client_3,38168,33,34,5,6,28,29,39,Train/39/00039_00003_00009.png
client_3,31676,51,45,5,6,46,40,30,Train/30/00030_00001_00026.png
client_3,36102,42,44,5,6,37,39,38,Train/38/00038_00003_00013.png
client_3,27840,31,30,5,6,26,25,23,Train/23/00023_00005_00000.png
client_3,8477,36,36,6,6,31,31,5,Train/5/00005_00001_00017.png
client_3,1812,50,50,5,5,45,45,1,Train/1/00001_00041_00012.png
client_3,3859,48,47,6,5,43,42,2,Train/2/00002_00035_00019.png
client_3,24012,35,35,6,6,29,30,15,Train/15/00015_00020_00012.png
client_3,24121,33,33,6,5,28,28,16,Train/16/00016_00003_00001.png
client_3,17412,50,49,5,6,45,44,11,Train/11/00011_00012_00012.png
client_3,30337,33,30,6,6,28,25,26,Train/26/00026_00012_00007.png
client_3,14523,35,36,5,6,30,31,9,Train/9/00009_00032_00003.png
client_3,34475,30,29,6,5,25,24,35,Train/35/00035_00009_00006.png
client_3,5106,33,32,6,5,28,27,3,Train/3/00003_00002_00006.png
client_3,23858,34,39,6,6,28,34,15,Train/15/00015_00015_00008.png
client_3,9615,33,35,5,6,27,29,5,Train/5/00005_00039_00015.png
client_3,37206,43,47,5,5,38,42,38,Train/38/00038_00040_00007.png
client_3,33281,37,37,6,5,32,32,33,Train/33/00033_00006_00011.png
client_3,11269,40,41,5,5,35,36,7,Train/7/00007_00018_00019.png
client_3,23577,60,60,6,6,55,55,15,Train/15/00015_00005_00027.png
client_3,36590,44,44,5,5,39,39,38,Train/38/00038_00019_00021.png
client_3,19309,59,59,5,5,54,54,12,Train/12/00012_00031_00019.png
client_3,28816,85,94,8,9,78,85,25,Train/25/00025_00011_00016.png
client_3,19278,39,39,5,5,34,34,12,Train/12/00012_00030_00018.png
client_3,33693,29,29,6,6,24,24,33,Train/33/00033_00020_00004.png
client_3,27519,48,41,6,6,43,36,22,Train/22/00022_00007_00009.png
client_3,9941,37,36,6,5,31,30,5,Train/5/00005_00050_00011.png
client_3,8145,37,39,6,5,32,34,4,Train/4/00004_00056_00015.png
client_3,19936,117,116,11,10,106,106,12,Train/12/00012_00052_00016.png
client_3,14304,57,63,5,6,51,58,9,Train/9/00009_00024_00024.png
client_3,16533,30,30,5,5,25,25,10,Train/10/00010_00050_00003.png
client_3,32913,30,30,5,5,25,25,32,Train/32/00032_00002_00003.png
client_3,33491,50,50,6,6,44,44,33,Train/33/00033_00013_00011.png
client_3,33235,70,73,6,6,64,67,33,Train/33/00033_00004_00025.png
client_3,8572,50,51,6,5,45,46,5,Train/5/00005_00004_00022.png
client_3,12420,33,32,6,5,28,27,8,Train/8/00008_00009_00000.png
client_3,5853,28,29,6,6,23,24,3,Train/3/00003_00027_00003.png
client_3,31891,41,42,6,6,36,37,30,Train/30/00030_00009_00001.png
client_3,797,74,71,7,7,68,65,1,Train/1/00001_00007_00017.png
client_3,8919,37,38,5,6,32,33,5,Train/5/00005_00016_00009.png
client_3,18470,54,55,5,6,49,50,12,Train/12/00012_00003_00020.png
client_3,12483,33,33,6,6,28,28,8,Train/8/00008_00011_00003.png
client_3,15148,49,49,6,5,44,44,10,Train/10/00010_00003_00028.png
client_3,9578,30,31,5,5,25,26,5,Train/5/00005_00038_00008.png
client_3,15513,31,30,6,5,26,25,10,Train/10/00010_00016_00003.png
client_3,36618,54,56,6,5,49,51,38,Train/38/00038_00020_00019.png
client_3,28047,134,119,12,10,123,108,23,Train/23/00023_00011_00027.png
client_3,6241,29,31,5,6,24,26,3,Train/3/00003_00040_00001.png
client_3,6269,47,50,6,6,42,45,3,Train/3/00003_00040_00029.png
client_3,31733,97,84,8,8,89,77,30,Train/30/00030_00003_00023.png
client_3,26582,34,32,6,6,29,27,18,Train/18/00018_00034_00002.png
client_3,15111,43,39,6,5,37,34,10,Train/10/00010_00002_00021.png
client_3,35814,50,51,5,6,45,45,37,Train/37/00037_00000_00025.png
client_3,19420,41,41,6,6,36,36,12,Train/12/00012_00035_00010.png
client_3,10523,36,39,5,5,30,33,6,Train/6/00006_00007_00023.png
client_3,9195,32,32,5,5,27,27,5,Train/5/00005_00025_00015.png
client_3,12666,33,37,5,6,28,32,8,Train/8/00008_00017_00006.png
client_3,6722,32,31,6,5,26,25,4,Train/4/00004_00009_00002.png
client_3,25025,35,37,5,5,30,32,17,Train/17/00017_00019_00005.png
client_3,1228,62,63,5,5,57,58,1,Train/1/00001_00021_00028.png
client_3,10738,112,104,10,9,103,95,7,Train/7/00007_00000_00028.png
client_3,17411,48,47,5,5,43,41,11,Train/11/00011_00012_00011.png
client_3,38748,47,49,6,6,42,44,41,Train/41/00041_00000_00019.png
client_3,18766,37,37,5,5,32,32,12,Train/12/00012_00013_00016.png
client_3,21990,32,30,6,6,27,25,13,Train/13/00013_00051_00000.png
client_3,30528,48,43,5,5,42,38,26,Train/26/00026_00018_00018.png
client_3,6260,37,38,6,6,32,33,3,Train/3/00003_00040_00020.png
client_3,17155,109,96,10,8,100,88,11,Train/11/00011_00003_00025.png
client_3,7392,32,34,5,5,27,29,4,Train/4/00004_00031_00012.png
client_3,10146,32,33,6,5,27,28,5,Train/5/00005_00057_00006.png
client_3,20269,44,45,6,5,39,40,12,Train/12/00012_00063_00019.png
client_3,29746,49,47,5,6,44,42,25,Train/25/00025_00042_00016.png
client_3,15910,34,33,6,5,29,28,10,Train/10/00010_00029_00010.png
client_3,25505,27,27,5,5,22,22,17,Train/17/00017_00035_00005.png
client_3,13983,34,34,5,5,29,29,9,Train/9/00009_00014_00003.png
client_3,7052,30,28,6,5,24,23,4,Train/4/00004_00020_00002.png
client_3,5180,46,47,5,6,41,42,3,Train/3/00003_00004_00020.png
client_3,36225,46,47,5,6,41,42,38,Train/38/00038_00007_00016.png
client_3,19887,88,91,7,8,81,83,12,Train/12/00012_00050_00027.png
client_3,21965,27,28,6,5,22,23,13,Train/13/00013_00050_00005.png
client_3,28022,52,47,5,6,46,41,23,Train/23/00023_00011_00002.png
client_3,38270,38,37,6,5,33,32,39,Train/39/00039_00006_00021.png
client_3,10434,56,54,5,5,51,49,6,Train/6/00006_00004_00024.png
client_3,36661,27,27,5,5,22,22,38,Train/38/00038_00022_00002.png
client_3,21774,71,61,7,5,65,56,13,Train/13/00013_00043_00024.png
client_3,16024,26,26,5,6,20,21,10,Train/10/00010_00033_00004.png
client_3,31961,37,39,5,6,32,33,30,Train/30/00030_00011_00011.png
client_3,16183,34,35,6,6,29,30,10,Train/10/00010_00038_00013.png
client_3,21649,48,42,5,5,43,37,13,Train/13/00013_00039_00019.png
client_3,31669,44,40,5,6,39,35,30,Train/30/00030_00001_00019.png
client_3,10704,49,53,5,6,44,47,6,Train/6/00006_00013_00024.png
client_3,16568,40,39,5,5,35,34,10,Train/10/00010_00051_00008.png
client_3,32376,32,31,5,6,27,26,31,Train/31/00031_00010_00006.png
client_3,13073,41,40,5,5,36,35,8,Train/8/00008_00030_00023.png
client_3,24831,33,30,6,5,28,25,17,Train/17/00017_00012_00021.png
client_3,10684,29,29,6,5,24,23,6,Train/6/00006_00013_00004.png
client_3,19131,57,62,5,5,52,57,12,Train/12/00012_00025_00021.png
client_3,7563,32,32,6,6,27,27,4,Train/4/00004_00037_00003.png
client_3,12672,37,36,6,5,32,31,8,Train/8/00008_00017_00012.png
client_3,10556,49,54,6,5,44,48,6,Train/6/00006_00008_00026.png
client_3,35522,30,32,5,6,24,26,36,Train/36/00036_00004_00003.png
client_3,15011,34,32,6,5,28,27,9,Train/9/00009_00048_00011.png
client_3,35835,50,47,6,5,45,42,37,Train/37/00037_00001_00016.png
client_3,34666,47,47,6,6,42,42,35,Train/35/00035_00015_00017.png
client_3,10370,51,55,6,6,46,50,6,Train/6/00006_00002_00020.png
client_3,18271,32,31,6,6,27,26,11,Train/11/00011_00041_00001.png
client_3,23473,37,46,5,5,32,41,15,Train/15/00015_00002_00013.png
client_3,5373,28,28,5,5,23,23,3,Train/3/00003_00011_00003.png
client_3,31770,30,32,5,6,25,27,30,Train/30/00030_00005_00000.png
client_3,12899,65,65,6,6,60,60,8,Train/8/00008_00024_00029.png
client_3,33696,33,33,6,6,28,28,33,Train/33/00033_00020_00007.png
client_3,30889,71,65,6,6,65,60,28,Train/28/00028_00002_00019.png
client_3,1592,31,30,6,5,26,25,1,Train/1/00001_00034_00002.png
client_3,7610,47,46,6,5,42,41,4,Train/4/00004_00038_00020.png
client_3,34940,44,45,6,5,39,40,35,Train/35/00035_00024_00021.png
client_3,31131,80,71,8,6,73,65,28,Train/28/00028_00010_00021.png
client_3,36616,50,52,6,5,45,46,38,Train/38/00038_00020_00017.png
client_3,14788,60,64,5,5,54,59,9,Train/9/00009_00040_00028.png
client_3,84,68,65,6,6,62,60,20,Train/20/00020_00002_00024.png
client_3,22113,45,43,6,6,40,38,13,Train/13/00013_00055_00003.png
client_3,9846,32,33,6,6,27,27,5,Train/5/00005_00047_00006.png
client_3,21562,55,54,5,5,50,49,13,Train/13/00013_00036_00022.png
client_3,28139,116,104,11,9,111,95,23,Train/23/00023_00014_00029.png
client_3,33561,41,49,5,5,36,44,33,Train/33/00033_00015_00021.png
client_3,25950,35,35,5,5,30,30,18,Train/18/00018_00013_00000.png
client_3,4220,34,35,5,6,29,30,2,Train/2/00002_00047_00020.png
client_3,21705,69,61,6,5,63,56,13,Train/13/00013_00041_00015.png
client_3,34995,45,45,5,5,40,40,35,Train/35/00035_00026_00016.png
client_3,28221,61,57,6,6,56,52,24,Train/24/00024_00000_00021.png
client_3,10906,45,46,5,6,40,41,7,Train/7/00007_00006_00016.png
client_3,27539,182,171,15,15,167,157,22,Train/22/00022_00007_00029.png
client_3,35930,44,45,6,6,39,39,37,Train/37/00037_00004_00021.png
client_3,36097,40,43,5,6,35,38,38,Train/38/00038_00003_00008.png
client_3,2834,38,38,6,5,33,33,2,Train/2/00002_00001_00014.png
client_3,36574,32,32,6,6,27,27,38,Train/38/00038_00019_00005.png
client_3,39046,37,36,6,5,32,31,42,Train/42/00042_00002_00017.png
client_3,15776,85,86,8,8,78,79,10,Train/10/00010_00024_00026.png
client_3,29889,70,61,7,5,64,56,25,Train/25/00025_00047_00009.png
client_3,26837,67,58,6,6,61,52,19,Train/19/00019_00002_00017.png
client_3,14890,34,33,6,5,29,28,9,Train/9/00009_00044_00010.png
client_3,37388,32,29,6,5,27,24,38,Train/38/00038_00046_00009.png
client_3,681,58,59,6,6,52,53,1,Train/1/00001_00003_00021.png
client_3,3005,37,35,5,5,31,30,2,Train/2/00002_00007_00005.png
client_3,27871,37,33,6,6,32,28,23,Train/23/00023_00006_00001.png
client_3,24853,29,38,5,6,24,33,17,Train/17/00017_00013_00013.png
client_3,28534,31,31,5,6,25,25,25,Train/25/00025_00002_00004.png
client_3,3715,54,48,6,6,49,43,2,Train/2/00002_00030_00025.png
client_3,34653,31,32,5,5,26,27,35,Train/35/00035_00015_00004.png
client_3,37935,40,42,6,5,35,37,38,Train/38/00038_00064_00016.png
client_3,4045,44,48,5,6,39,43,2,Train/2/00002_00041_00025.png
client_3,35400,29,27,6,5,23,22,36,Train/36/00036_00000_00001.png
client_3,39141,42,40,5,6,37,35,42,Train/42/00042_00005_00022.png
client_3,26908,104,97,10,9,95,89,19,Train/19/00019_00004_00028.png
client_3,27258,58,54,6,6,52,49,21,Train/21/00021_00009_00018.png
client_3,21289,34,35,5,6,29,30,13,Train/13/00013_00027_00019.png
client_3,23728,101,96,9,8,93,88,15,Train/15/00015_00010_00028.png
client_3,28986,35,36,5,6,29,31,25,Train/25/00025_00017_00006.png
client_3,3339,33,32,6,5,27,26,2,Train/2/00002_00018_00009.png
client_3,22679,193,191,16,17,177,174,14,Train/14/00014_00001_00029.png
client_3,9512,28,27,6,5,23,22,5,Train/5/00005_00036_00002.png
client_3,12368,35,35,6,6,30,30,8,Train/8/00008_00007_00008.png
client_3,10162,47,48,5,5,42,43,5,Train/5/00005_00057_00022.png
client_3,971,50,51,6,6,44,45,1,Train/1/00001_00013_00011.png
client_3,22022,28,29,5,5,23,24,13,Train/13/00013_00052_00002.png
client_3,2619,33,32,5,6,27,26,1,Train/1/00001_00068_00009.png
client_3,28229,164,148,14,13,149,136,24,Train/24/00024_00000_00029.png
client_3,10052,27,26,5,5,22,21,5,Train/5/00005_00054_00002.png
client_3,23064,117,127,10,11,106,116,14,Train/14/00014_00014_00024.png
client_3,17864,62,56,5,6,57,51,11,Train/11/00011_00027_00014.png
client_3,32683,42,38,6,6,37,33,31,Train/31/00031_00020_00013.png
client_3,7821,46,46,6,6,41,41,4,Train/4/00004_00045_00021.png
client_3,37831,37,37,6,5,32,32,38,Train/38/00038_00061_00002.png
client_3,6830,51,51,6,6,46,46,4,Train/4/00004_00012_00020.png
client_3,35552,32,31,6,5,27,26,36,Train/36/00036_00005_00003.png
client_3,8707,35,34,6,5,30,29,5,Train/5/00005_00009_00007.png
client_3,4320,31,29,6,5,26,24,2,Train/2/00002_00051_00000.png
client_3,3946,61,61,6,5,56,56,2,Train/2/00002_00038_00016.png
client_3,23707,29,30,5,6,24,25,15,Train/15/00015_00010_00007.png
client_3,15265,80,80,7,7,73,73,10,Train/10/00010_00007_00025.png
client_3,34663,42,42,5,5,37,37,35,Train/35/00035_00015_00014.png
client_3,14369,141,136,12,12,129,125,9,Train/9/00009_00026_00029.png
client_3,34895,33,34,6,6,28,29,35,Train/35/00035_00023_00006.png
client_3,9218,31,29,5,5,26,24,5,Train/5/00005_00026_00008.png
client_3,20894,64,58,6,5,59,52,13,Train/13/00013_00014_00014.png
client_3,28780,47,45,5,5,42,40,25,Train/25/00025_00010_00010.png
client_3,34246,38,38,6,5,33,33,35,Train/35/00035_00001_00017.png
client_3,27086,108,96,9,8,99,88,21,Train/21/00021_00003_00026.png
client_3,38775,35,39,5,6,30,34,41,Train/41/00041_00001_00016.png
client_3,826,51,54,5,5,46,49,1,Train/1/00001_00008_00016.png
client_3,32247,64,61,5,6,59,56,31,Train/31/00031_00005_00027.png
client_3,11267,38,39,5,5,33,34,7,Train/7/00007_00018_00017.png
client_3,14094,63,68,5,6,58,62,9,Train/9/00009_00017_00024.png
client_3,4501,27,27,6,5,22,22,2,Train/2/00002_00057_00001.png
client_3,35093,55,58,6,6,50,53,35,Train/35/00035_00029_00024.png
client_3,3798,34,36,5,5,29,31,2,Train/2/00002_00033_00018.png
client_3,27330,32,27,6,5,27,22,22,Train/22/00022_00001_00000.png
client_3,22785,57,58,5,6,52,53,14,Train/14/00014_00005_00015.png
client_3,30113,76,69,7,7,70,63,26,Train/26/00026_00004_00023.png
client_3,31357,32,42,6,5,27,37,29,Train/29/00029_00000_00007.png
client_3,18276,36,33,6,5,31,28,11,Train/11/00011_00041_00006.png
client_3,12554,45,46,5,6,40,41,8,Train/8/00008_00013_00014.png
client_3,30090,35,31,6,5,30,26,26,Train/26/00026_00004_00000.png
client_3,22097,103,98,9,9,94,90,13,Train/13/00013_00054_00017.png
client_3,11736,33,35,6,5,28,30,7,Train/7/00007_00034_00006.png
client_3,31849,64,62,5,6,59,57,30,Train/30/00030_00007_00019.png
client_3,31761,80,71,8,7,73,65,30,Train/30/00030_00004_00021.png
client_3,8468,28,29,5,5,23,24,5,Train/5/00005_00001_00008.png
client_3,5716,36,38,6,5,31,33,3,Train/3/00003_00022_00016.png
client_3,2672,50,55,6,6,45,50,1,Train/1/00001_00070_00002.png
client_3,20441,56,58,5,6,51,53,12,Train/12/00012_00069_00011.png
client_3,32954,36,38,6,6,30,33,32,Train/32/00032_00003_00014.png
client_3,31911,87,80,7,8,80,73,30,Train/30/00030_00009_00021.png
client_3,16509,34,34,5,6,28,29,10,Train/10/00010_00049_00009.png
client_3,33442,69,69,7,7,63,63,33,Train/33/00033_00011_00022.png
client_3,8890,39,38,6,5,34,33,5,Train/5/00005_00015_00010.png
client_3,9038,29,28,6,5,24,23,5,Train/5/00005_00020_00008.png
client_3,8408,30,31,5,5,25,25,4,Train/4/00004_00065_00008.png
client_3,24581,52,53,6,5,47,48,17,Train/17/00017_00004_00011.png
client_3,15454,32,32,5,5,27,27,10,Train/10/00010_00014_00004.png
client_3,32299,47,43,5,5,42,38,31,Train/31/00031_00007_00019.png
client_3,30434,115,104,10,10,105,95,26,Train/26/00026_00015_00014.png
client_3,21210,33,31,6,5,28,26,13,Train/13/00013_00025_00000.png
client_3,23170,56,56,6,5,50,50,14,Train/14/00014_00018_00010.png
client_3,31723,54,48,5,5,49,43,30,Train/30/00030_00003_00013.png
client_3,29530,35,34,6,6,30,29,25,Train/25/00025_00035_00010.png
client_3,15913,35,36,6,6,30,31,10,Train/10/00010_00029_00013.png
client_3,29457,63,58,6,5,58,53,25,Train/25/00025_00032_00027.png
client_3,33087,62,61,5,5,56,55,32,Train/32/00032_00007_00027.png
client_3,22396,32,33,5,6,27,28,13,Train/13/00013_00064_00016.png
client_3,20540,52,52,5,5,47,47,13,Train/13/00013_00002_00020.png
client_3,38525,57,57,5,6,52,52,40,Train/40/00040_00005_00006.png
client_3,29884,61,55,6,6,56,50,25,Train/25/00025_00047_00004.png
client_3,7779,31,34,5,6,26,28,4,Train/4/00004_00044_00009.png
client_3,13930,36,38,5,6,30,32,9,Train/9/00009_00012_00010.png
client_3,35829,38,38,6,6,33,33,37,Train/37/00037_00001_00010.png
client_3,7494,52,51,6,5,47,46,4,Train/4/00004_00034_00024.png
client_3,20584,33,27,6,5,28,21,13,Train/13/00013_00004_00004.png
client_3,9419,62,64,5,6,57,59,5,Train/5/00005_00032_00029.png
client_3,15360,31,30,6,5,26,25,10,Train/10/00010_00011_00000.png
client_3,8789,111,129,9,11,102,118,5,Train/5/00005_00011_00029.png
client_3,22606,47,46,5,6,42,41,13,Train/13/00013_00071_00016.png
client_3,16315,55,57,6,5,50,52,10,Train/10/00010_00042_00025.png
client_3,1631,32,31,6,5,27,26,1,Train/1/00001_00035_00011.png
client_3,6792,35,36,6,6,30,31,4,Train/4/00004_00011_00012.png
client_3,35188,68,72,7,6,62,66,35,Train/35/00035_00032_00029.png
client_3,37556,85,87,8,8,78,80,38,Train/38/00038_00051_00027.png
client_3,37243,33,36,5,6,28,31,38,Train/38/00038_00041_00014.png
client_3,34316,45,51,5,6,39,46,35,Train/35/00035_00003_00027.png
client_3,12714,55,58,6,6,50,53,8,Train/8/00008_00018_00024.png
client_3,26213,63,60,5,6,57,55,18,Train/18/00018_00021_00023.png
client_3,16839,29,29,5,5,24,24,10,Train/10/00010_00060_00009.png
client_3,16707,57,56,6,5,52,51,10,Train/10/00010_00055_00027.png
client_3,31709,153,131,13,11,140,120,30,Train/30/00030_00002_00029.png
client_3,30116,100,87,8,7,92,80,26,Train/26/00026_00004_00026.png
client_3,28040,88,81,8,8,81,73,23,Train/23/00023_00011_00020.png
client_3,35261,36,35,5,5,31,30,35,Train/35/00035_00035_00012.png
client_3,23886,30,29,6,5,25,24,15,Train/15/00015_00016_00006.png
client_3,18290,56,53,6,6,51,48,11,Train/11/00011_00041_00020.png
client_3,19590,29,29,6,6,24,24,12,Train/12/00012_00041_00000.png
client_3,32976,28,32,5,6,23,26,32,Train/32/00032_00004_00006.png
client_3,2574,87,86,7,8,79,79,1,Train/1/00001_00066_00024.png
client_3,8540,39,39,6,6,34,33,5,Train/5/00005_00003_00020.png
client_3,26826,49,44,6,6,44,39,19,Train/19/00019_00002_00006.png
client_3,14225,34,35,6,6,29,30,9,Train/9/00009_00022_00005.png
client_3,23528,32,34,5,5,27,29,15,Train/15/00015_00004_00008.png
client_3,30787,36,34,5,6,31,29,27,Train/27/00027_00007_00007.png
client_3,9752,34,36,5,6,29,31,5,Train/5/00005_00044_00002.png
client_3,23224,44,47,5,5,38,41,14,Train/14/00014_00020_00004.png
client_3,3289,48,50,5,6,43,45,2,Train/2/00002_00016_00019.png
client_3,20529,42,39,6,6,37,34,13,Train/13/00013_00002_00009.png
client_3,9437,36,37,6,5,31,32,5,Train/5/00005_00033_00017.png
client_3,27971,47,44,6,6,42,39,23,Train/23/00023_00009_00011.png
client_3,5313,30,29,6,5,25,24,3,Train/3/00003_00009_00003.png
client_3,1131,81,83,7,7,74,76,1,Train/1/00001_00018_00021.png
client_3,20374,34,35,6,6,29,30,12,Train/12/00012_00067_00004.png
client_3,13385,34,34,5,5,29,29,8,Train/8/00008_00041_00005.png
client_3,17065,82,77,7,7,75,71,11,Train/11/00011_00000_00025.png
client_3,3630,32,32,6,5,27,27,2,Train/2/00002_00028_00000.png
client_3,17034,42,41,6,5,37,36,10,Train/10/00010_00066_00024.png
client_3,37656,50,52,5,6,44,46,38,Train/38/00038_00055_00007.png
client_3,21265,60,93,5,9,55,85,13,Train/13/00013_00026_00025.png
client_3,21429,44,38,5,5,38,32,13,Train/13/00013_00032_00009.png
client_3,7895,31,31,5,5,26,26,4,Train/4/00004_00048_00005.png
client_3,12835,64,62,5,6,59,57,8,Train/8/00008_00022_00025.png
client_3,1443,35,36,6,6,29,31,1,Train/1/00001_00029_00003.png
client_3,25280,47,49,6,5,42,44,17,Train/17/00017_00027_00020.png
client_3,26818,131,117,12,10,120,107,19,Train/19/00019_00001_00028.png
client_3,34948,59,59,6,5,54,54,35,Train/35/00035_00024_00029.png
client_3,20571,97,89,8,7,89,81,13,Train/13/00013_00003_00021.png
client_3,22611,54,52,5,6,49,47,13,Train/13/00013_00071_00021.png
client_3,23067,137,149,12,12,126,136,14,Train/14/00014_00014_00027.png
client_3,27548,30,30,5,6,25,25,22,Train/22/00022_00008_00008.png
client_3,27132,40,38,5,5,35,33,21,Train/21/00021_00005_00012.png
client_3,14488,69,69,7,6,63,63,9,Train/9/00009_00030_00028.png
client_3,35446,44,45,6,5,39,39,36,Train/36/00036_00001_00017.png
client_3,7456,42,42,5,5,37,37,4,Train/4/00004_00033_00016.png
client_3,5074,31,30,6,5,26,25,3,Train/3/00003_00001_00004.png
client_3,34020,28,29,5,5,23,24,34,Train/34/00034_00008_00001.png
client_3,29267,52,49,6,5,47,44,25,Train/25/00025_00026_00017.png
client_3,11167,36,39,5,6,31,34,7,Train/7/00007_00015_00007.png
client_3,36046,43,57,5,6,38,52,38,Train/38/00038_00001_00017.png
client_3,19643,104,104,9,9,95,95,12,Train/12/00012_00042_00023.png
client_3,13390,38,38,5,5,33,33,8,Train/8/00008_00041_00010.png
client_3,8207,38,39,5,5,33,34,4,Train/4/00004_00058_00017.png
client_3,21781,40,38,5,6,35,33,13,Train/13/00013_00044_00001.png
client_3,2357,53,54,6,6,48,49,1,Train/1/00001_00059_00017.png
client_3,38263,33,34,5,6,28,29,39,Train/39/00039_00006_00014.png
client_3,24566,48,50,5,5,43,45,17,Train/17/00017_00003_00026.png
client_3,34290,27,27,6,6,22,22,35,Train/35/00035_00003_00001.png
client_3,29580,27,27,6,6,22,22,25,Train/25/00025_00037_00000.png
client_3,15695,38,39,5,5,33,34,10,Train/10/00010_00022_00005.png
client_3,35851,28,27,6,5,23,22,37,Train/37/00037_00002_00002.png
client_3,15719,64,62,6,6,59,57,10,Train/10/00010_00022_00029.png
client_3,21026,84,81,7,8,77,74,13,Train/13/00013_00018_00026.png
client_3,24980,53,54,5,5,48,49,17,Train/17/00017_00017_00020.png
client_3,26687,54,54,5,5,49,49,18,Train/18/00018_00037_00017.png
client_3,31225,109,107,9,10,100,98,28,Train/28/00028_00013_00025.png
client_3,12335,31,31,5,5,26,26,8,Train/8/00008_00006_00005.png
client_3,18605,34,34,6,6,29,29,12,Train/12/00012_00008_00005.png
client_3,35024,38,39,5,6,33,34,35,Train/35/00035_00027_00015.png
client_3,32965,54,59,5,5,49,53,32,Train/32/00032_00003_00025.png
client_3,31691,47,43,6,6,42,38,30,Train/30/00030_00002_00011.png
client_3,11259,31,32,6,6,26,27,7,Train/7/00007_00018_00009.png
client_3,26748,60,56,6,6,54,50,18,Train/18/00018_00039_00018.png
client_3,27496,44,40,5,5,39,35,22,Train/22/00022_00006_00016.png
client_3,17484,81,73,8,7,73,67,11,Train/11/00011_00014_00024.png
client_3,27093,32,29,5,5,27,24,21,Train/21/00021_00004_00003.png
client_3,5994,58,61,6,5,52,55,3,Train/3/00003_00031_00024.png
client_3,12087,94,91,9,8,85,83,7,Train/7/00007_00045_00027.png
client_3,7762,54,54,5,5,49,49,4,Train/4/00004_00043_00022.png
client_3,24474,30,35,5,6,25,30,17,Train/17/00017_00000_00024.png
client_3,19706,93,93,9,9,85,85,12,Train/12/00012_00044_00026.png
client_3,24125,34,36,5,6,29,31,16,Train/16/00016_00003_00005.png
client_3,1303,28,26,5,5,22,21,1,Train/1/00001_00024_00013.png
client_3,5375,29,29,5,5,24,24,3,Train/3/00003_00011_00005.png
client_3,5539,43,45,5,5,38,40,3,Train/3/00003_00016_00019.png
client_3,28942,94,83,9,7,85,75,25,Train/25/00025_00015_00022.png
client_3,15461,37,37,5,5,32,32,10,Train/10/00010_00014_00011.png
client_3,14510,36,36,6,6,31,31,9,Train/9/00009_00031_00020.png
client_3,37258,109,111,9,9,100,102,38,Train/38/00038_00041_00029.png
client_3,21906,53,50,5,5,48,44,13,Train/13/00013_00048_00006.png
client_3,37070,50,52,6,6,45,47,38,Train/38/00038_00035_00021.png
client_3,33106,30,32,5,5,25,27,33,Train/33/00033_00000_00016.png
client_3,12345,36,37,5,6,31,32,8,Train/8/00008_00006_00015.png
client_3,37980,34,34,6,5,29,29,38,Train/38/00038_00066_00001.png
client_3,3492,35,35,5,6,29,29,2,Train/2/00002_00023_00012.png
client_3,374,41,42,5,6,36,37,0,Train/0/00000_00000_00014.png
client_3,1462,65,69,5,7,59,62,1,Train/1/00001_00029_00022.png
client_3,2199,45,42,6,5,40,37,1,Train/1/00001_00054_00009.png
client_3,14022,43,43,5,5,38,38,9,Train/9/00009_00015_00012.png
client_3,26065,56,52,6,5,51,46,18,Train/18/00018_00016_00025.png
client_3,21218,39,37,5,6,33,32,13,Train/13/00013_00025_00008.png
client_3,16814,44,43,6,5,39,38,10,Train/10/00010_00059_00014.png
client_3,25192,55,59,5,6,49,53,17,Train/17/00017_00024_00022.png
client_3,10780,44,49,5,6,39,44,7,Train/7/00007_00002_00010.png
client_3,23611,27,28,5,5,22,23,15,Train/15/00015_00007_00001.png
client_3,10228,88,87,7,7,81,80,5,Train/5/00005_00059_00028.png
client_3,14148,38,39,5,5,33,34,9,Train/9/00009_00019_00018.png
client_3,38953,40,42,5,6,35,37,41,Train/41/00041_00007_00014.png
client_3,21733,48,42,6,5,43,37,13,Train/13/00013_00042_00013.png
client_3,31792,60,57,5,6,55,52,30,Train/30/00030_00005_00022.png
client_3,9363,27,29,6,6,22,24,5,Train/5/00005_00031_00003.png
client_3,3156,48,47,6,6,43,42,2,Train/2/00002_00012_00006.png
client_3,33030,27,27,5,5,22,22,32,Train/32/00032_00006_00000.png
client_3,16205,30,30,5,5,24,24,10,Train/10/00010_00039_00005.png
client_3,24550,30,31,6,6,25,26,17,Train/17/00017_00003_00010.png
client_3,21601,38,37,5,6,33,32,13,Train/13/00013_00038_00001.png
client_3,30059,52,46,6,5,47,41,26,Train/26/00026_00002_00029.png
client_3,7689,35,34,6,5,30,29,4,Train/4/00004_00041_00009.png
client_3,38599,47,48,5,5,42,43,40,Train/40/00040_00007_00020.png
client_3,9430,33,34,6,5,27,28,5,Train/5/00005_00033_00010.png
client_3,30595,125,112,11,9,115,103,27,Train/27/00027_00000_00025.png
client_3,17343,52,48,6,6,46,43,11,Train/11/00011_00010_00003.png
client_3,18401,37,37,5,5,32,32,12,Train/12/00012_00001_00011.png
client_3,25483,34,36,6,6,29,31,17,Train/17/00017_00034_00013.png
client_3,16971,41,41,6,5,36,36,10,Train/10/00010_00064_00021.png
client_3,14335,63,63,5,5,58,58,9,Train/9/00009_00025_00025.png
client_3,5545,50,51,5,5,45,46,3,Train/3/00003_00016_00025.png
client_3,11286,30,27,6,5,24,22,7,Train/7/00007_00019_00006.png
client_3,2876,50,52,5,5,45,47,2,Train/2/00002_00002_00026.png
client_3,35163,29,29,6,6,24,24,35,Train/35/00035_00032_00004.png
client_3,6904,31,31,6,6,26,26,4,Train/4/00004_00015_00004.png
client_3,19602,34,35,5,6,29,30,12,Train/12/00012_00041_00012.png
client_3,30796,47,43,6,6,42,38,27,Train/27/00027_00007_00016.png
client_3,5617,34,36,5,6,29,31,3,Train/3/00003_00019_00007.png
client_3,37146,30,30,6,6,25,25,38,Train/38/00038_00038_00007.png
client_3,16990,31,30,6,6,26,25,10,Train/10/00010_00065_00010.png
client_3,428,31,32,5,6,26,27,0,Train/0/00000_00002_00008.png
client_3,30659,167,148,14,12,153,136,27,Train/27/00027_00002_00029.png
client_3,7879,61,57,6,5,56,52,4,Train/4/00004_00047_00019.png
client_3,30260,51,48,5,5,46,42,26,Train/26/00026_00009_00020.png
client_3,29328,80,75,7,7,73,69,25,Train/25/00025_00028_00018.png
client_3,22358,34,32,5,5,29,27,13,Train/13/00013_00063_00008.png
client_3,8926,43,43,6,6,38,38,5,Train/5/00005_00016_00016.png
client_3,18281,44,41,6,6,39,36,11,Train/11/00011_00041_00011.png
client_3,15255,45,45,6,6,40,40,10,Train/10/00010_00007_00015.png
client_3,4617,116,116,10,11,106,106,2,Train/2/00002_00060_00027.png
client_3,24921,43,45,6,6,38,40,17,Train/17/00017_00015_00021.png
client_3,14385,38,37,5,6,32,31,9,Train/9/00009_00027_00015.png
client_3,27599,148,128,12,11,136,117,22,Train/22/00022_00009_00029.png
client_3,27911,43,39,5,5,38,34,23,Train/23/00023_00007_00011.png
client_3,36952,70,71,6,7,64,65,38,Train/38/00038_00031_00023.png
client_3,33622,46,64,5,5,40,59,33,Train/33/00033_00017_00022.png
client_3,13039,52,53,5,6,47,48,8,Train/8/00008_00029_00019.png
client_3,27732,92,82,9,7,84,75,23,Train/23/00023_00001_00012.png
client_3,5935,55,56,5,5,50,51,3,Train/3/00003_00029_00025.png
client_3,23146,42,41,6,5,37,36,14,Train/14/00014_00017_00016.png
client_3,30620,68,61,6,6,62,56,27,Train/27/00027_00001_00020.png
client_3,22136,100,91,8,8,92,83,13,Train/13/00013_00055_00026.png
client_3,28019,146,129,13,11,134,118,23,Train/23/00023_00010_00029.png
client_3,4047,49,53,5,6,44,48,2,Train/2/00002_00041_00027.png
client_3,20614,31,31,6,5,26,26,13,Train/13/00013_00005_00004.png
client_3,31221,83,80,7,7,75,72,28,Train/28/00028_00013_00021.png
client_3,20148,44,43,6,5,39,38,12,Train/12/00012_00059_00018.png
client_3,26559,54,50,5,5,49,45,18,Train/18/00018_00033_00009.png
client_3,33124,28,28,6,6,23,22,33,Train/33/00033_00001_00004.png
client_3,3719,65,57,6,6,60,52,2,Train/2/00002_00030_00029.png
client_3,27119,71,58,6,5,65,53,21,Train/21/00021_00004_00029.png
client_3,17678,35,30,5,5,29,25,11,Train/11/00011_00021_00008.png
client_3,8328,43,43,5,5,38,38,4,Train/4/00004_00062_00018.png
client_3,12833,56,57,5,5,51,51,8,Train/8/00008_00022_00023.png
client_3,30751,40,39,5,6,35,34,27,Train/27/00027_00006_00001.png
client_3,37312,54,63,6,5,49,58,38,Train/38/00038_00043_00023.png
client_3,29944,43,41,5,5,38,36,25,Train/25/00025_00049_00004.png
client_3,28091,50,48,5,6,45,43,23,Train/23/00023_00013_00011.png
client_3,19473,43,43,6,6,38,38,12,Train/12/00012_00037_00003.png
client_3,1655,33,35,5,6,28,30,1,Train/1/00001_00036_00005.png
client_3,23618,30,33,5,5,25,28,15,Train/15/00015_00007_00008.png
client_3,28769,139,117,12,10,127,107,25,Train/25/00025_00009_00029.png
client_3,3424,30,31,5,6,25,26,2,Train/2/00002_00021_00004.png
client_3,1291,27,28,6,5,22,23,1,Train/1/00001_00024_00001.png
client_3,35065,57,56,6,6,52,51,35,Train/35/00035_00028_00026.png
client_3,8125,51,50,5,5,46,45,4,Train/4/00004_00055_00025.png
client_3,12863,50,51,5,6,45,46,8,Train/8/00008_00023_00023.png
client_3,14080,32,38,5,6,27,33,9,Train/9/00009_00017_00010.png
client_3,27332,32,28,6,5,27,23,22,Train/22/00022_00001_00002.png
client_3,34484,42,41,6,5,36,36,35,Train/35/00035_00009_00015.png
client_3,9537,69,68,7,7,63,62,5,Train/5/00005_00036_00027.png
client_3,34675,85,85,7,8,78,78,35,Train/35/00035_00015_00026.png
client_3,37343,74,73,7,6,68,67,38,Train/38/00038_00044_00024.png
client_3,35098,63,63,6,6,58,58,35,Train/35/00035_00029_00029.png
client_3,30950,53,47,5,5,48,42,28,Train/28/00028_00004_00020.png
client_3,6567,73,74,6,6,67,68,4,Train/4/00004_00003_00027.png
client_3,34455,61,58,6,5,56,53,35,Train/35/00035_00008_00016.png
client_3,1262,33,32,5,6,27,27,1,Train/1/00001_00023_00002.png
client_3,36255,33,33,6,6,28,28,38,Train/38/00038_00008_00016.png
client_3,14125,44,43,6,6,39,38,9,Train/9/00009_00018_00025.png
client_3,35305,68,62,7,5,62,57,35,Train/35/00035_00036_00026.png
client_3,25396,40,43,6,5,35,37,17,Train/17/00017_00031_00016.png
client_3,12952,43,44,6,6,38,39,8,Train/8/00008_00026_00022.png
client_3,34066,43,43,6,6,38,38,34,Train/34/00034_00009_00017.png
client_3,22371,55,50,6,5,50,45,13,Train/13/00013_00063_00021.png
client_3,77,50,48,6,6,45,43,20,Train/20/00020_00002_00017.png
client_3,18903,31,32,5,6,26,27,12,Train/12/00012_00018_00003.png
client_3,32060,45,42,5,5,40,37,30,Train/30/00030_00014_00020.png
client_3,25174,32,33,5,5,27,28,17,Train/17/00017_00024_00004.png
client_3,20089,47,48,6,5,42,43,12,Train/12/00012_00057_00019.png
client_3,22421,41,37,6,5,36,32,13,Train/13/00013_00065_00011.png
client_3,36999,31,34,6,5,26,29,38,Train/38/00038_00033_00010.png
client_3,7897,33,34,6,6,28,29,4,Train/4/00004_00048_00007.png
client_3,687,114,117,10,10,104,106,1,Train/1/00001_00003_00027.png
client_3,27034,32,31,5,6,27,26,21,Train/21/00021_00002_00004.png
client_3,6597,131,124,12,10,119,114,4,Train/4/00004_00004_00027.png
client_3,31443,44,37,5,6,39,32,29,Train/29/00029_00003_00003.png
client_3,23346,31,30,6,6,26,25,14,Train/14/00014_00024_00006.png
client_3,27626,55,52,6,5,49,47,22,Train/22/00022_00010_00026.png
client_3,249,35,34,6,5,30,29,20,Train/20/00020_00008_00009.png
client_3,38257,31,31,6,5,26,25,39,Train/39/00039_00006_00008.png
client_3,29835,47,40,6,5,42,35,25,Train/25/00025_00045_00015.png
client_3,2347,38,40,5,5,33,35,1,Train/1/00001_00059_00007.png
client_3,693,44,46,5,5,39,41,1,Train/1/00001_00004_00003.png
client_3,375,44,44,6,6,39,39,0,Train/0/00000_00000_00015.png
client_3,5550,34,34,5,5,29,29,3,Train/3/00003_00017_00000.png
client_3,32942,27,28,6,5,22,23,32,Train/32/00032_00003_00002.png
client_3,4816,43,42,5,5,38,37,2,Train/2/00002_00067_00016.png
client_3,28544,44,45,5,6,39,39,25,Train/25/00025_00002_00014.png
client_3,28539,36,34,6,5,31,29,25,Train/25/00025_00002_00009.png
client_3,7913,62,62,6,5,57,57,4,Train/4/00004_00048_00023.png
client_3,38565,55,56,5,6,50,51,40,Train/40/00040_00006_00016.png
client_3,37459,47,49,5,5,42,43,38,Train/38/00038_00048_00020.png
client_3,18440,61,64,5,6,56,59,12,Train/12/00012_00002_00020.png
client_3,10441,26,28,6,6,21,23,6,Train/6/00006_00005_00001.png
client_3,31377,65,134,6,12,60,123,29,Train/29/00029_00000_00027.png
client_3,37474,32,33,5,6,27,28,38,Train/38/00038_00049_00005.png
client_3,33580,40,43,5,6,35,38,33,Train/33/00033_00016_00010.png
client_3,36958,112,112,10,10,103,103,38,Train/38/00038_00031_00029.png
client_3,32827,41,39,5,5,36,34,31,Train/31/00031_00025_00007.png
client_3,34566,34,35,5,5,29,30,35,Train/35/00035_00012_00007.png
client_3,37372,41,42,6,6,36,37,38,Train/38/00038_00045_00023.png
client_3,1563,30,30,5,5,25,25,1,Train/1/00001_00033_00003.png
client_3,28126,92,81,9,8,84,74,23,Train/23/00023_00014_00016.png
client_3,17243,53,47,6,5,48,41,11,Train/11/00011_00006_00023.png
client_3,21350,44,40,6,6,39,35,13,Train/13/00013_00029_00020.png
client_3,4125,41,41,5,5,36,36,2,Train/2/00002_00044_00015.png
client_3,37386,31,28,6,5,26,23,38,Train/38/00038_00046_00007.png
client_3,21394,30,29,6,6,25,24,13,Train/13/00013_00031_00004.png
client_3,35133,27,29,5,6,22,24,35,Train/35/00035_00031_00004.png
client_3,30629,157,143,14,13,144,130,27,Train/27/00027_00001_00029.png
client_3,28805,63,67,6,6,57,61,25,Train/25/00025_00011_00005.png
client_3,35884,32,32,6,6,26,26,37,Train/37/00037_00003_00005.png
client_3,15469,44,44,5,5,39,39,10,Train/10/00010_00014_00019.png
client_3,5488,48,48,6,5,43,43,3,Train/3/00003_00014_00028.png
client_3,1245,44,45,6,6,39,39,1,Train/1/00001_00022_00015.png
client_3,11588,31,30,6,5,25,24,7,Train/7/00007_00029_00008.png
client_3,12756,36,37,5,6,31,32,8,Train/8/00008_00020_00006.png
client_3,33189,36,38,5,6,31,33,33,Train/33/00033_00003_00009.png
client_3,35407,39,39,5,5,34,34,36,Train/36/00036_00000_00008.png
client_3,7323,31,31,5,5,26,26,4,Train/4/00004_00029_00003.png
client_3,9148,76,76,6,6,70,70,5,Train/5/00005_00023_00028.png
client_3,2029,50,50,6,6,45,45,1,Train/1/00001_00048_00019.png
client_3,35830,39,38,6,5,34,33,37,Train/37/00037_00001_00011.png
client_3,24778,50,52,6,6,45,47,17,Train/17/00017_00010_00028.png
client_3,5952,35,35,6,5,30,30,3,Train/3/00003_00030_00012.png
client_3,30012,49,48,5,6,44,43,26,Train/26/00026_00001_00012.png
client_3,18248,41,39,5,5,36,34,11,Train/11/00011_00040_00008.png
client_3,11440,36,36,5,6,31,31,7,Train/7/00007_00024_00010.png
client_3,38877,69,69,6,6,63,63,41,Train/41/00041_00004_00028.png
client_3,13202,32,33,6,6,27,27,8,Train/8/00008_00035_00002.png
client_3,28159,75,69,6,7,69,63,23,Train/23/00023_00015_00019.png
client_3,36971,41,42,5,6,36,37,38,Train/38/00038_00032_00012.png
client_3,20042,41,41,6,6,36,35,12,Train/12/00012_00056_00002.png
client_3,12816,33,31,6,6,28,25,8,Train/8/00008_00022_00006.png
client_3,25407,46,50,5,5,41,45,17,Train/17/00017_00031_00027.png
client_3,24336,34,33,5,5,28,28,16,Train/16/00016_00010_00006.png
client_3,28225,87,80,7,8,80,73,24,Train/24/00024_00000_00025.png
client_3,10482,34,35,6,6,29,30,6,Train/6/00006_00006_00012.png
client_3,36556,48,50,5,5,43,45,38,Train/38/00038_00018_00017.png
client_3,14120,40,38,5,5,34,33,9,Train/9/00009_00018_00020.png
client_3,37801,29,30,5,5,24,25,38,Train/38/00038_00060_00002.png
client_3,28112,75,68,6,6,69,62,23,Train/23/00023_00014_00002.png
client_3,17367,116,104,10,9,106,95,11,Train/11/00011_00010_00027.png
client_3,6354,42,44,6,5,37,39,3,Train/3/00003_00043_00024.png
client_3,13282,44,45,5,6,39,40,8,Train/8/00008_00037_00022.png
client_3,17963,93,84,9,7,85,77,11,Train/11/00011_00030_00023.png
client_3,32002,55,56,5,6,50,51,30,Train/30/00030_00012_00022.png
client_3,21539,170,166,15,15,156,152,13,Train/13/00013_00035_00029.png
client_3,15200,44,44,6,6,39,39,10,Train/10/00010_00005_00020.png
client_3,1682,27,26,6,5,22,21,1,Train/1/00001_00037_00002.png
client_3,24314,34,35,5,5,29,30,16,Train/16/00016_00009_00014.png
client_3,5136,34,35,5,6,28,29,3,Train/3/00003_00003_00006.png
client_3,11308,64,70,6,7,59,64,7,Train/7/00007_00019_00028.png
client_3,31751,51,46,5,6,46,41,30,Train/30/00030_00004_00011.png
client_3,16166,62,55,6,5,57,50,10,Train/10/00010_00037_00026.png
client_3,19005,52,52,6,5,47,47,12,Train/12/00012_00021_00015.png
client_3,14660,61,60,6,5,56,55,9,Train/9/00009_00036_00020.png
client_3,18437,52,57,5,6,47,52,12,Train/12/00012_00002_00017.png
client_3,13220,45,46,5,6,40,41,8,Train/8/00008_00035_00020.png
client_3,28713,71,70,6,7,64,63,25,Train/25/00025_00008_00003.png
client_3,10740,27,26,6,5,21,21,7,Train/7/00007_00001_00000.png
client_3,16616,69,68,7,6,63,62,10,Train/10/00010_00052_00026.png
client_3,26292,39,39,5,6,34,34,18,Train/18/00018_00024_00012.png
client_3,24509,52,53,6,6,47,48,17,Train/17/00017_00001_00029.png
client_3,22828,107,117,9,11,97,107,14,Train/14/00014_00006_00028.png
client_3,550,42,45,5,5,37,39,0,Train/0/00000_00006_00010.png
client_3,1306,30,29,6,6,25,24,1,Train/1/00001_00024_00016.png
client_3,2392,58,59,6,6,53,54,1,Train/1/00001_00060_00022.png
client_3,31222,92,87,9,8,84,80,28,Train/28/00028_00013_00022.png
client_3,26446,51,49,6,6,46,44,18,Train/18/00018_00029_00016.png
client_3,18414,63,64,6,6,58,59,12,Train/12/00012_00001_00024.png
client_3,25598,50,48,5,6,45,42,18,Train/18/00018_00001_00008.png
client_3,33644,35,46,6,5,30,41,33,Train/33/00033_00018_00014.png
client_3,33083,48,47,6,5,43,42,32,Train/32/00032_00007_00023.png
client_3,29626,46,42,6,6,40,37,25,Train/25/00025_00038_00016.png
client_3,14875,68,68,6,6,62,61,9,Train/9/00009_00043_00025.png
client_3,28822,106,118,10,11,97,107,25,Train/25/00025_00011_00022.png
client_3,18756,30,30,6,6,25,25,12,Train/12/00012_00013_00006.png
client_3,20238,50,50,5,5,45,45,12,Train/12/00012_00062_00018.png
client_3,10694,36,38,6,6,31,32,6,Train/6/00006_00013_00014.png
client_3,35154,48,51,6,6,43,46,35,Train/35/00035_00031_00025.png
client_3,32992,52,54,5,6,47,49,32,Train/32/00032_00004_00022.png
client_3,17826,52,48,6,5,47,43,11,Train/11/00011_00026_00006.png
client_3,9660,25,26,5,5,20,21,5,Train/5/00005_00041_00000.png
client_3,29656,45,41,5,5,40,36,25,Train/25/00025_00039_00016.png
client_3,28723,96,91,9,8,88,83,25,Train/25/00025_00008_00013.png
client_3,24277,62,62,5,5,57,57,16,Train/16/00016_00008_00007.png
client_3,15808,73,74,7,6,67,68,10,Train/10/00010_00025_00028.png
client_3,19135,74,76,7,7,68,70,12,Train/12/00012_00025_00025.png
client_3,27487,35,32,5,6,30,27,22,Train/22/00022_00006_00007.png
client_3,9836,82,83,8,7,75,76,5,Train/5/00005_00046_00026.png
client_3,3538,69,69,7,6,63,63,2,Train/2/00002_00024_00028.png
client_3,15740,43,45,5,5,38,40,10,Train/10/00010_00023_00020.png
client_3,19634,74,74,6,6,68,68,12,Train/12/00012_00042_00014.png
client_3,36365,26,26,5,5,21,21,38,Train/38/00038_00012_00006.png
client_3,36887,48,47,6,5,43,42,38,Train/38/00038_00029_00018.png
client_3,3745,45,49,5,5,40,43,2,Train/2/00002_00031_00025.png
client_3,8663,51,53,6,6,46,48,5,Train/5/00005_00007_00023.png
client_3,15182,32,33,6,6,27,27,10,Train/10/00010_00005_00002.png
client_3,24108,39,41,5,6,34,36,16,Train/16/00016_00002_00018.png
client_3,1829,77,77,7,7,71,71,1,Train/1/00001_00041_00029.png
client_3,527,43,43,5,6,38,37,0,Train/0/00000_00005_00017.png
client_3,19462,76,76,6,6,70,70,12,Train/12/00012_00036_00022.png
client_3,19748,33,36,6,6,28,31,12,Train/12/00012_00046_00008.png
client_3,15188,35,34,6,6,29,29,10,Train/10/00010_00005_00008.png
client_3,38865,38,39,6,6,33,34,41,Train/41/00041_00004_00016.png
client_3,14797,31,32,6,6,26,27,9,Train/9/00009_00041_00007.png
client_3,15659,57,56,6,5,52,51,10,Train/10/00010_00020_00029.png
client_3,15232,50,50,6,6,45,45,10,Train/10/00010_00006_00022.png
client_3,28648,123,119,10,11,112,108,25,Train/25/00025_00005_00028.png
client_3,4708,42,42,5,5,37,37,2,Train/2/00002_00063_00028.png
client_3,20084,46,48,6,6,41,43,12,Train/12/00012_00057_00014.png
client_3,26944,40,38,6,6,35,33,19,Train/19/00019_00006_00004.png
client_3,26492,36,34,5,6,31,29,18,Train/18/00018_00031_00002.png
client_3,8826,32,32,6,6,27,27,5,Train/5/00005_00013_00006.png
client_3,30616,55,50,6,5,50,45,27,Train/27/00027_00001_00016.png
client_3,19970,64,55,5,5,59,50,12,Train/12/00012_00053_00020.png
client_3,23296,54,57,6,5,48,52,14,Train/14/00014_00022_00016.png
client_3,27398,46,42,5,6,41,37,22,Train/22/00022_00003_00008.png
client_3,39054,42,44,5,5,37,39,42,Train/42/00042_00002_00025.png
client_3,7193,58,58,5,5,53,53,4,Train/4/00004_00024_00023.png
client_3,31148,41,39,5,5,36,34,28,Train/28/00028_00011_00008.png
client_3,16297,37,37,6,5,32,32,10,Train/10/00010_00042_00007.png
client_3,32813,53,50,5,5,48,45,31,Train/31/00031_00024_00023.png
client_3,24568,56,57,6,6,50,51,17,Train/17/00017_00003_00028.png
client_3,725,33,32,6,5,28,27,1,Train/1/00001_00005_00005.png
client_3,36778,57,56,6,6,52,51,38,Train/38/00038_00025_00029.png
client_3,21784,43,39,6,5,38,34,13,Train/13/00013_00044_00004.png
client_3,19486,65,65,6,6,60,60,12,Train/12/00012_00037_00016.png
client_3,30821,41,40,6,6,36,35,28,Train/28/00028_00000_00011.png
client_3,9682,49,51,6,5,44,46,5,Train/5/00005_00041_00022.png
client_3,2264,50,51,6,5,44,45,1,Train/1/00001_00056_00014.png
client_3,37893,29,29,6,6,24,24,38,Train/38/00038_00063_00004.png
client_3,14704,34,36,5,6,29,30,9,Train/9/00009_00038_00004.png
client_3,7682,30,30,5,5,24,24,4,Train/4/00004_00041_00002.png
client_3,25066,39,37,5,5,34,32,17,Train/17/00017_00020_00016.png
client_3,35656,42,42,6,6,36,37,36,Train/36/00036_00008_00017.png
client_3,15897,61,60,6,5,56,55,10,Train/10/00010_00028_00027.png
client_3,38477,61,59,6,6,56,54,40,Train/40/00040_00003_00018.png
client_3,27003,33,33,5,6,28,28,21,Train/21/00021_00001_00003.png
client_3,8800,35,36,5,6,30,31,5,Train/5/00005_00012_00010.png
client_3,13794,63,63,5,5,58,57,9,Train/9/00009_00007_00024.png
client_3,28767,96,86,8,8,88,79,25,Train/25/00025_00009_00027.png
client_3,24116,53,54,5,6,48,49,16,Train/16/00016_00002_00026.png
client_3,19899,36,36,5,5,31,31,12,Train/12/00012_00051_00009.png
client_3,28674,43,42,5,5,38,37,25,Train/25/00025_00006_00024.png
client_3,27513,39,35,6,6,34,30,22,Train/22/00022_00007_00003.png
client_3,21770,61,53,6,5,56,48,13,Train/13/00013_00043_00020.png
client_3,22687,38,37,6,5,32,31,14,Train/14/00014_00002_00007.png
client_3,9733,35,36,5,5,30,30,5,Train/5/00005_00043_00013.png
client_3,13148,30,31,5,5,25,26,8,Train/8/00008_00033_00008.png
client_3,27643,44,43,5,6,38,38,22,Train/22/00022_00011_00013.png
client_3,36342,48,50,5,6,43,45,38,Train/38/00038_00011_00013.png
client_3,13188,49,52,6,6,44,47,8,Train/8/00008_00034_00018.png
client_3,15870,29,30,5,6,24,25,10,Train/10/00010_00028_00000.png
client_3,22399,35,35,6,6,30,30,13,Train/13/00013_00064_00019.png
client_3,14621,39,38,6,5,34,33,9,Train/9/00009_00035_00011.png
client_3,33301,41,41,5,5,36,36,33,Train/33/00033_00007_00001.png
client_3,9740,44,44,6,6,39,39,5,Train/5/00005_00043_00020.png
client_3,2130,27,28,6,5,21,22,1,Train/1/00001_00052_00000.png
client_3,20078,44,46,5,5,39,41,12,Train/12/00012_00057_00008.png
client_3,4411,28,27,5,6,23,22,2,Train/2/00002_00054_00001.png
client_3,562,72,76,6,6,66,69,0,Train/0/00000_00006_00022.png
client_3,17493,29,29,5,5,23,23,11,Train/11/00011_00015_00003.png
client_3,19681,33,33,6,6,28,28,12,Train/12/00012_00044_00001.png
client_3,30613,49,46,6,5,44,41,27,Train/27/00027_00001_00013.png
client_3,33449,104,98,9,8,95,90,33,Train/33/00033_00011_00029.png
client_3,20689,54,49,5,5,49,44,13,Train/13/00013_00007_00019.png
client_3,22473,36,32,6,5,31,27,13,Train/13/00013_00067_00003.png
client_3,11901,46,46,5,5,41,41,7,Train/7/00007_00039_00021.png
client_3,7097,44,44,6,6,39,39,4,Train/4/00004_00021_00017.png
client_3,14354,65,62,6,5,60,57,9,Train/9/00009_00026_00014.png
client_3,20757,75,73,6,7,69,67,13,Train/13/00013_00009_00027.png
client_3,25593,47,42,6,5,42,36,18,Train/18/00018_00001_00003.png
client_3,14433,31,31,6,5,26,26,9,Train/9/00009_00029_00003.png
client_3,31742,39,38,5,5,34,33,30,Train/30/00030_00004_00002.png
client_3,6658,116,118,10,10,106,108,4,Train/4/00004_00006_00028.png
client_3,21659,101,87,9,8,93,80,13,Train/13/00013_00039_00029.png
client_3,35050,34,36,5,6,29,31,35,Train/35/00035_00028_00011.png
client_3,12509,89,88,8,7,82,81,8,Train/8/00008_00011_00029.png
client_3,19357,40,45,6,5,35,40,12,Train/12/00012_00033_00007.png
client_3,26841,79,64,7,6,72,59,19,Train/19/00019_00002_00021.png
client_3,34906,44,44,6,6,39,39,35,Train/35/00035_00023_00017.png
client_3,22391,30,30,5,5,25,25,13,Train/13/00013_00064_00011.png
client_3,39131,32,32,5,5,26,26,42,Train/42/00042_00005_00012.png
client_3,1508,34,35,5,6,29,30,1,Train/1/00001_00031_00008.png
client_3,37032,34,36,5,5,29,31,38,Train/38/00038_00034_00013.png
client_3,36004,29,30,6,6,24,25,38,Train/38/00038_00000_00005.png
client_3,24784,28,29,6,5,23,24,17,Train/17/00017_00011_00004.png
client_3,30567,76,69,7,7,70,62,26,Train/26/00026_00019_00027.png
client_3,34502,41,42,6,6,36,37,35,Train/35/00035_00010_00003.png
client_3,31661,39,36,6,6,34,31,30,Train/30/00030_00001_00011.png
client_3,38519,50,51,5,6,45,46,40,Train/40/00040_00005_00000.png
client_3,16753,41,39,6,5,36,34,10,Train/10/00010_00057_00013.png
client_3,5600,54,55,5,6,49,50,3,Train/3/00003_00018_00020.png
client_3,26847,115,93,10,9,105,84,19,Train/19/00019_00002_00027.png
client_3,18988,70,67,7,6,64,61,12,Train/12/00012_00020_00028.png
client_3,34222,75,76,7,6,69,70,35,Train/35/00035_00000_00023.png
client_3,20342,36,42,5,6,31,37,12,Train/12/00012_00066_00002.png
client_3,36222,41,43,6,6,36,37,38,Train/38/00038_00007_00013.png
client_3,4485,42,42,6,6,37,37,2,Train/2/00002_00056_00015.png
client_3,34407,97,99,8,9,89,91,35,Train/35/00035_00006_00028.png
client_3,26029,68,67,7,6,62,61,18,Train/18/00018_00015_00019.png
client_3,23927,44,44,5,6,39,39,15,Train/15/00015_00017_00017.png
client_3,8712,41,41,6,6,36,36,5,Train/5/00005_00009_00012.png
client_3,27721,62,61,5,6,57,56,23,Train/23/00023_00001_00001.png
client_3,9884,39,40,5,6,34,35,5,Train/5/00005_00048_00014.png
client_3,26320,44,43,5,6,39,37,18,Train/18/00018_00025_00010.png
client_3,27018,49,45,5,6,44,40,21,Train/21/00021_00001_00018.png
client_3,18444,88,88,8,7,81,81,12,Train/12/00012_00002_00024.png
client_3,15630,28,28,5,6,23,23,10,Train/10/00010_00020_00000.png
client_3,19965,55,47,6,5,50,42,12,Train/12/00012_00053_00015.png
client_3,35714,36,37,5,5,31,32,36,Train/36/00036_00010_00015.png
client_3,10237,28,29,6,5,23,23,5,Train/5/00005_00060_00007.png
client_3,19833,31,31,6,5,26,25,12,Train/12/00012_00049_00003.png
client_3,29513,105,91,10,8,96,83,25,Train/25/00025_00034_00023.png
client_3,6125,31,33,5,6,26,28,3,Train/3/00003_00036_00005.png
client_3,19889,101,100,8,8,92,92,12,Train/12/00012_00050_00029.png
client_3,12514,34,35,5,6,29,30,8,Train/8/00008_00012_00004.png
client_3,36662,30,30,6,6,24,24,38,Train/38/00038_00022_00003.png
client_3,24042,69,68,7,6,63,62,16,Train/16/00016_00000_00012.png
client_3,9161,37,37,6,6,32,32,5,Train/5/00005_00024_00011.png
client_3,6648,49,51,6,6,44,46,4,Train/4/00004_00006_00018.png
client_3,22642,100,99,8,8,92,91,14,Train/14/00014_00000_00022.png
client_3,22927,63,74,6,7,58,68,14,Train/14/00014_00010_00007.png
client_3,6053,51,47,6,6,45,42,3,Train/3/00003_00033_00023.png
client_3,3710,47,41,5,5,42,36,2,Train/2/00002_00030_00020.png
client_3,9834,71,71,7,6,65,65,5,Train/5/00005_00046_00024.png
client_3,18969,32,34,5,5,27,29,12,Train/12/00012_00020_00009.png
client_3,33173,71,69,7,6,65,63,33,Train/33/00033_00002_00023.png
client_3,5288,35,35,6,6,30,30,3,Train/3/00003_00008_00008.png
client_3,20098,50,52,5,5,45,47,12,Train/12/00012_00057_00028.png
client_3,28807,68,72,7,7,62,66,25,Train/25/00025_00011_00007.png
client_3,16369,36,37,5,5,31,32,10,Train/10/00010_00044_00019.png
client_3,23932,55,53,6,5,50,48,15,Train/15/00015_00017_00022.png
client_3,20579,224,201,19,18,205,184,13,Train/13/00013_00003_00029.png
client_3,776,106,117,10,10,97,107,1,Train/1/00001_00006_00026.png
client_3,5049,31,32,5,6,25,26,3,Train/3/00003_00000_00009.png
client_3,15006,28,29,6,5,23,23,9,Train/9/00009_00048_00006.png
client_3,5619,36,36,6,5,31,31,3,Train/3/00003_00019_00009.png
client_3,19097,55,54,6,5,50,49,12,Train/12/00012_00024_00017.png
client_3,20476,42,40,5,5,37,35,13,Train/13/00013_00000_00016.png
client_3,14458,110,105,9,9,100,96,9,Train/9/00009_00029_00028.png
client_3,21207,124,111,11,9,114,102,13,Train/13/00013_00024_00027.png
client_3,1069,52,52,5,5,47,47,1,Train/1/00001_00016_00019.png
client_3,15809,82,82,8,7,75,75,10,Train/10/00010_00025_00029.png
client_3,39114,64,61,6,5,59,56,42,Train/42/00042_00004_00025.png
client_3,31066,89,80,8,7,81,72,28,Train/28/00028_00008_00016.png
client_3,10087,33,34,5,6,28,29,5,Train/5/00005_00055_00007.png
client_3,17822,52,47,6,5,47,42,11,Train/11/00011_00026_00002.png
client_3,34487,47,46,6,5,42,41,35,Train/35/00035_00009_00018.png
client_3,21607,41,39,5,5,36,34,13,Train/13/00013_00038_00007.png
client_3,16954,27,27,5,5,21,22,10,Train/10/00010_00064_00004.png
client_3,306,37,34,6,6,32,29,20,Train/20/00020_00010_00006.png
client_3,6752,28,29,5,6,23,24,4,Train/4/00004_00010_00002.png
client_3,27549,33,32,6,6,27,26,22,Train/22/00022_00008_00009.png
client_3,20100,38,37,5,5,33,32,12,Train/12/00012_00058_00000.png
client_3,12473,52,52,5,5,47,47,8,Train/8/00008_00010_00023.png
client_3,22521,108,85,10,8,99,78,13,Train/13/00013_00068_00021.png
client_3,19031,40,38,6,5,35,33,12,Train/12/00012_00022_00011.png
client_3,37330,42,43,5,5,37,38,38,Train/38/00038_00044_00011.png
client_3,38864,36,37,5,5,31,32,41,Train/41/00041_00004_00015.png
client_3,25756,61,55,6,5,56,50,18,Train/18/00018_00006_00016.png
client_3,2697,128,129,12,12,117,118,1,Train/1/00001_00070_00027.png
client_3,9162,37,36,6,5,32,31,5,Train/5/00005_00024_00012.png
client_3,27359,85,81,8,8,78,74,22,Train/22/00022_00001_00029.png
client_3,29858,46,42,5,5,41,37,25,Train/25/00025_00046_00008.png
client_3,26090,53,49,6,6,48,44,18,Train/18/00018_00017_00020.png
client_3,23124,84,84,7,8,76,77,14,Train/14/00014_00016_00024.png
client_3,18172,51,53,6,5,46,48,11,Train/11/00011_00037_00022.png
client_3,36861,31,33,5,6,25,28,38,Train/38/00038_00028_00022.png
client_3,22957,44,46,5,6,39,41,14,Train/14/00014_00011_00007.png
client_3,27550,33,31,5,5,27,26,22,Train/22/00022_00008_00010.png
client_3,9901,30,30,5,5,25,25,5,Train/5/00005_00049_00001.png
client_3,2097,68,68,6,7,62,62,1,Train/1/00001_00050_00027.png
client_3,35381,38,39,5,6,33,34,35,Train/35/00035_00039_00012.png
client_3,551,45,47,6,6,40,42,0,Train/0/00000_00006_00011.png
client_3,36323,46,44,6,5,41,39,38,Train/38/00038_00010_00024.png
client_3,32894,35,34,6,5,30,28,32,Train/32/00032_00001_00014.png
client_3,7240,43,42,5,5,38,37,4,Train/4/00004_00026_00010.png
client_3,29709,48,44,5,5,43,39,25,Train/25/00025_00041_00009.png
client_3,21857,54,55,5,6,49,50,13,Train/13/00013_00046_00017.png
client_3,23029,94,95,8,8,86,87,14,Train/14/00014_00013_00019.png
client_3,35206,46,48,5,5,41,43,35,Train/35/00035_00033_00017.png
client_3,29463,38,35,6,5,32,30,25,Train/25/00025_00033_00003.png
client_3,13766,60,59,6,6,55,54,9,Train/9/00009_00006_00026.png
client_3,30926,86,82,7,8,79,75,28,Train/28/00028_00003_00026.png
client_3,29790,35,32,6,6,30,27,25,Train/25/00025_00044_00000.png
client_3,24816,28,27,5,6,23,22,17,Train/17/00017_00012_00006.png
client_3,29939,105,103,10,9,96,94,25,Train/25/00025_00048_00029.png
client_3,16225,58,61,5,6,53,56,10,Train/10/00010_00039_00025.png
client_3,27174,68,61,7,6,62,56,21,Train/21/00021_00006_00024.png
client_3,13670,41,42,5,6,36,37,9,Train/9/00009_00003_00020.png
client_3,20809,54,63,5,6,49,58,13,Train/13/00013_00011_00019.png
client_3,11959,43,45,5,6,38,40,7,Train/7/00007_00041_00019.png
client_3,16417,30,29,6,5,25,24,10,Train/10/00010_00046_00007.png
client_3,6229,45,46,6,5,40,41,3,Train/3/00003_00039_00019.png
client_3,4068,40,40,5,5,35,35,2,Train/2/00002_00042_00018.png
client_3,1720,31,33,5,6,26,28,1,Train/1/00001_00038_00010.png
client_3,24320,39,40,5,5,34,35,16,Train/16/00016_00009_00020.png
client_3,16336,36,37,5,6,31,32,10,Train/10/00010_00043_00016.png
client_3,19743,32,31,6,5,27,26,12,Train/12/00012_00046_00003.png
client_3,6441,44,43,5,5,39,38,3,Train/3/00003_00046_00021.png
client_3,9199,38,39,5,6,33,34,5,Train/5/00005_00025_00019.png
client_3,12411,46,45,6,5,41,40,8,Train/8/00008_00008_00021.png
client_3,28564,62,61,6,5,56,55,25,Train/25/00025_00003_00004.png
client_3,12752,36,36,6,6,31,31,8,Train/8/00008_00020_00002.png
client_3,38750,50,52,5,5,45,47,41,Train/41/00041_00000_00021.png
client_3,12548,38,38,6,6,33,33,8,Train/8/00008_00013_00008.png
client_3,13430,44,44,5,5,39,39,8,Train/8/00008_00042_00020.png
client_3,19427,47,48,6,6,42,43,12,Train/12/00012_00035_00017.png
client_3,27429,32,30,5,6,27,25,22,Train/22/00022_00004_00009.png
client_3,25037,49,52,6,5,44,47,17,Train/17/00017_00019_00017.png
client_3,34439,39,40,5,6,34,35,35,Train/35/00035_00008_00000.png
client_3,11792,31,30,6,5,26,25,7,Train/7/00007_00036_00002.png
client_3,12287,40,38,6,5,35,33,8,Train/8/00008_00004_00017.png
client_3,39152,31,30,6,5,26,25,42,Train/42/00042_00006_00003.png
client_3,29561,46,43,6,6,41,38,25,Train/25/00025_00036_00011.png
client_3,5444,38,36,6,5,33,31,3,Train/3/00003_00013_00014.png
client_3,37733,73,79,7,7,67,72,38,Train/38/00038_00057_00024.png
client_3,37249,42,44,5,5,37,39,38,Train/38/00038_00041_00020.png
client_3,27395,42,39,5,5,37,34,22,Train/22/00022_00003_00005.png
client_3,35508,45,44,6,5,40,39,36,Train/36/00036_00003_00019.png
client_3,26862,42,40,6,5,37,35,19,Train/19/00019_00003_00012.png
client_3,3738,38,41,6,5,33,35,2,Train/2/00002_00031_00018.png
client_3,6353,41,44,6,6,36,39,3,Train/3/00003_00043_00023.png
client_3,7021,34,34,6,6,29,29,4,Train/4/00004_00019_00001.png
client_3,21976,46,49,6,5,41,43,13,Train/13/00013_00050_00016.png
client_3,22203,29,27,6,5,24,22,13,Train/13/00013_00058_00003.png
client_3,28961,39,37,6,5,33,32,25,Train/25/00025_00016_00011.png
client_3,14526,35,36,5,5,30,30,9,Train/9/00009_00032_00006.png
client_3,17474,47,44,6,5,42,38,11,Train/11/00011_00014_00014.png
client_3,11722,57,56,6,5,52,51,7,Train/7/00007_00033_00022.png
client_3,33927,95,94,8,8,86,86,34,Train/34/00034_00004_00028.png
client_3,31702,77,70,7,7,71,64,30,Train/30/00030_00002_00022.png
client_3,28406,117,104,10,10,107,95,24,Train/24/00024_00006_00026.png
client_3,9574,28,28,5,5,22,23,5,Train/5/00005_00038_00004.png
client_3,10553,44,47,6,5,39,41,6,Train/6/00006_00008_00023.png
client_3,4829,134,130,11,12,122,118,2,Train/2/00002_00067_00029.png
client_3,19673,50,51,5,6,45,46,12,Train/12/00012_00043_00023.png
client_3,38855,31,30,6,5,25,25,41,Train/41/00041_00004_00006.png
client_3,25075,55,51,6,6,50,46,17,Train/17/00017_00020_00025.png
client_3,37633,40,41,5,6,34,35,38,Train/38/00038_00054_00014.png
client_3,14557,34,32,6,6,29,27,9,Train/9/00009_00033_00007.png
client_3,29770,43,41,6,6,38,36,25,Train/25/00025_00043_00010.png
client_3,20912,60,58,5,5,55,52,13,Train/13/00013_00015_00002.png
client_3,7348,88,91,7,8,81,83,4,Train/4/00004_00029_00028.png
client_3,18373,35,38,6,5,30,33,12,Train/12/00012_00000_00013.png
client_3,17661,74,65,7,6,68,60,11,Train/11/00011_00020_00021.png
client_3,187,32,30,5,6,26,25,20,Train/20/00020_00006_00007.png
client_3,24036,58,60,5,6,53,55,16,Train/16/00016_00000_00006.png
client_3,18495,31,28,5,6,26,23,12,Train/12/00012_00004_00015.png
client_3,22669,73,73,7,6,67,67,14,Train/14/00014_00001_00019.png
client_3,4072,48,47,6,5,43,42,2,Train/2/00002_00042_00022.png
client_3,19851,45,47,5,5,40,41,12,Train/12/00012_00049_00021.png
client_3,11758,56,61,5,5,51,56,7,Train/7/00007_00034_00028.png
client_3,26762,68,59,6,6,62,53,19,Train/19/00019_00000_00002.png
client_3,27160,39,37,6,6,34,32,21,Train/21/00021_00006_00010.png
client_3,6110,49,49,5,6,43,44,3,Train/3/00003_00035_00020.png
client_3,29762,37,34,6,5,32,29,25,Train/25/00025_00043_00002.png
client_3,38662,60,61,6,6,55,55,40,Train/40/00040_00009_00023.png
client_3,9654,49,49,6,5,44,44,5,Train/5/00005_00040_00024.png
client_3,32847,117,104,10,10,107,95,31,Train/31/00031_00025_00027.png
client_3,29898,96,86,9,8,88,79,25,Train/25/00025_00047_00018.png
client_3,30142,55,50,5,5,50,45,26,Train/26/00026_00005_00022.png
client_3,18200,83,72,8,6,75,66,11,Train/11/00011_00038_00020.png
client_3,22261,36,33,6,5,31,28,13,Train/13/00013_00060_00001.png
client_3,6827,45,45,5,6,39,39,4,Train/4/00004_00012_00017.png
client_3,9108,46,47,5,6,41,42,5,Train/5/00005_00022_00018.png
client_3,35429,30,32,6,6,28,27,36,Train/36/00036_00001_00000.png
client_3,13565,36,36,6,6,31,31,9,Train/9/00009_00000_00005.png
client_3,7807,34,35,5,5,29,30,4,Train/4/00004_00045_00007.png
client_3,6219,30,32,5,6,25,27,3,Train/3/00003_00039_00009.png
client_3,35726,67,68,6,6,61,62,36,Train/36/00036_00010_00027.png
client_3,20168,44,45,5,6,39,40,12,Train/12/00012_00060_00008.png
client_3,23163,41,42,5,5,36,37,14,Train/14/00014_00018_00003.png
client_3,33476,43,41,6,6,38,36,33,Train/33/00033_00012_00026.png
client_3,28784,51,49,5,5,46,44,25,Train/25/00025_00010_00014.png
client_3,35336,70,75,7,7,64,69,35,Train/35/00035_00037_00027.png
client_3,36545,30,31,5,6,25,26,38,Train/38/00038_00018_00006.png
client_3,7979,70,74,7,7,64,67,4,Train/4/00004_00050_00029.png
client_3,5658,42,42,6,6,37,37,3,Train/3/00003_00020_00018.png
client_3,37972,50,52,5,6,45,47,38,Train/38/00038_00065_00023.png
client_3,3390,27,28,5,6,22,23,2,Train/2/00002_00020_00000.png
client_3,15701,42,42,5,5,37,37,10,Train/10/00010_00022_00011.png
client_3,4205,29,28,6,5,24,23,2,Train/2/00002_00047_00005.png
client_3,26992,77,73,7,7,71,67,21,Train/21/00021_00000_00022.png
client_3,17840,112,96,10,8,103,88,11,Train/11/00011_00026_00020.png
client_3,31289,118,105,11,10,107,96,28,Train/28/00028_00015_00029.png
client_3,38378,44,40,6,5,39,35,40,Train/40/00040_00000_00009.png
client_3,31927,38,38,5,6,33,33,30,Train/30/00030_00010_00007.png
client_3,14647,39,39,6,6,34,34,9,Train/9/00009_00036_00007.png
client_3,16810,38,38,6,6,33,33,10,Train/10/00010_00059_00010.png
client_3,12726,35,36,5,6,30,31,8,Train/8/00008_00019_00006.png
client_3,19744,30,33,5,6,25,28,12,Train/12/00012_00046_00004.png
client_3,38773,33,36,6,6,28,31,41,Train/41/00041_00001_00014.png
client_3,26856,35,36,5,6,30,30,19,Train/19/00019_00003_00006.png
client_3,37582,71,112,6,10,65,103,38,Train/38/00038_00052_00023.png
client_3,36453,32,35,5,6,26,29,38,Train/38/00038_00015_00004.png
client_3,33619,42,60,5,5,37,55,33,Train/33/00033_00017_00019.png
client_3,15453,31,31,5,5,26,26,10,Train/10/00010_00014_00003.png
client_3,30358,76,70,7,7,69,64,26,Train/26/00026_00012_00028.png
client_3,37356,30,33,5,6,25,28,38,Train/38/00038_00045_00007.png
client_3,38035,77,83,7,8,71,76,38,Train/38/00038_00067_00026.png
client_3,816,46,50,6,6,41,45,1,Train/1/00001_00008_00006.png
client_3,21630,29,28,5,6,24,23,13,Train/13/00013_00039_00000.png
client_3,30322,92,81,9,7,84,74,26,Train/26/00026_00011_00022.png
client_3,5920,32,31,6,5,27,25,3,Train/3/00003_00029_00010.png
client_3,36072,44,46,5,6,39,41,38,Train/38/00038_00002_00013.png
client_3,29270,59,57,5,5,54,52,25,Train/25/00025_00026_00020.png
client_3,24312,34,35,5,5,28,29,16,Train/16/00016_00009_00012.png
client_3,18901,31,32,5,6,26,27,12,Train/12/00012_00018_00001.png
client_3,39196,38,40,5,6,33,35,42,Train/42/00042_00007_00017.png
client_3,23590,33,34,5,6,28,29,15,Train/15/00015_00006_00010.png
client_3,30754,43,40,6,6,38,35,27,Train/27/00027_00006_00004.png
client_3,33853,39,37,6,5,34,32,34,Train/34/00034_00002_00014.png
client_3,29576,69,58,6,5,62,53,25,Train/25/00025_00036_00026.png
client_3,6223,35,35,5,5,30,30,3,Train/3/00003_00039_00013.png
client_3,5543,48,49,5,5,42,43,3,Train/3/00003_00016_00023.png
client_3,30982,70,70,7,7,64,64,28,Train/28/00028_00005_00022.png
client_3,22299,57,53,5,5,52,48,13,Train/13/00013_00061_00009.png
client_3,21627,111,105,9,9,102,96,13,Train/13/00013_00038_00027.png
client_3,21556,43,42,6,5,38,37,13,Train/13/00013_00036_00016.png
client_3,31140,37,34,6,5,32,29,28,Train/28/00028_00011_00000.png
client_3,28487,62,62,5,6,57,57,25,Train/25/00025_00000_00017.png
client_3,20623,38,37,5,6,33,32,13,Train/13/00013_00005_00013.png
client_3,27285,44,39,5,5,38,34,21,Train/21/00021_00010_00015.png
client_3,34724,50,51,6,5,45,45,35,Train/35/00035_00017_00015.png
client_3,37439,28,27,6,6,23,21,38,Train/38/00038_00048_00000.png
client_3,29307,112,105,10,10,103,96,25,Train/25/00025_00027_00027.png
client_3,38330,49,50,5,6,44,45,39,Train/39/00039_00008_00021.png
client_3,29275,71,69,7,6,65,63,25,Train/25/00025_00026_00025.png
client_3,24682,40,42,5,5,35,37,17,Train/17/00017_00007_00022.png
client_3,14076,30,32,6,5,25,27,9,Train/9/00009_00017_00006.png
client_3,36275,38,34,6,5,33,29,38,Train/38/00038_00009_00006.png
client_3,5570,59,62,5,6,54,57,3,Train/3/00003_00017_00020.png
client_3,27540,27,27,6,6,22,21,22,Train/22/00022_00008_00000.png
client_3,16604,45,44,6,5,40,39,10,Train/10/00010_00052_00014.png
client_3,13612,53,52,6,6,48,47,9,Train/9/00009_00001_00022.png
client_3,17019,31,29,6,6,26,24,10,Train/10/00010_00066_00009.png
client_3,13313,40,45,5,5,35,40,8,Train/8/00008_00038_00023.png
client_3,23291,45,47,6,5,40,42,14,Train/14/00014_00022_00011.png
client_3,30999,46,44,5,6,41,39,28,Train/28/00028_00006_00009.png
client_3,21387,97,88,9,7,89,81,13,Train/13/00013_00030_00027.png
client_3,8855,31,31,5,5,26,26,5,Train/5/00005_00014_00005.png
client_3,36493,50,60,6,6,45,55,38,Train/38/00038_00016_00014.png
client_3,30266,81,73,7,7,74,67,26,Train/26/00026_00009_00026.png
client_3,26861,40,39,5,5,35,34,19,Train/19/00019_00003_00011.png
client_3,8861,36,36,5,5,31,31,5,Train/5/00005_00014_00011.png
client_3,25080,28,28,5,6,23,23,17,Train/17/00017_00021_00000.png
client_3,31285,76,68,6,6,70,62,28,Train/28/00028_00015_00025.png
client_3,12544,34,35,5,6,29,30,8,Train/8/00008_00013_00004.png
client_3,12811,31,26,6,5,25,21,8,Train/8/00008_00022_00001.png
client_3,37913,61,59,6,5,56,54,38,Train/38/00038_00063_00024.png
client_3,12983,42,37,6,5,37,32,8,Train/8/00008_00027_00023.png
client_3,36461,38,40,5,5,32,34,38,Train/38/00038_00015_00012.png
client_3,2955,41,41,6,6,36,36,2,Train/2/00002_00005_00015.png
client_3,26931,59,52,6,6,54,47,19,Train/19/00019_00005_00021.png
client_3,28189,58,56,6,6,53,51,23,Train/23/00023_00016_00019.png
client_3,29433,28,26,6,5,23,21,25,Train/25/00025_00032_00003.png
client_3,16881,52,43,6,6,47,38,10,Train/10/00010_00061_00021.png
client_3,26514,52,49,6,6,47,44,18,Train/18/00018_00031_00024.png
client_3,23395,60,61,6,5,55,56,14,Train/14/00014_00025_00025.png
client_3,979,58,60,5,5,52,54,1,Train/1/00001_00013_00019.png
client_3,36833,36,36,6,5,31,31,38,Train/38/00038_00027_00024.png
client_3,13648,86,87,8,7,79,80,9,Train/9/00009_00002_00028.png
client_3,6521,39,39,6,5,34,34,4,Train/4/00004_00002_00011.png
client_3,35063,52,53,5,6,47,48,35,Train/35/00035_00028_00024.png
client_3,9392,27,26,5,5,21,21,5,Train/5/00005_00032_00002.png
client_3,14160,27,30,5,6,22,25,9,Train/9/00009_00020_00000.png
client_3,18380,44,50,6,5,39,44,12,Train/12/00012_00000_00020.png
client_3,2011,36,35,6,5,31,30,1,Train/1/00001_00048_00001.png
client_3,21437,65,48,6,5,59,43,13,Train/13/00013_00032_00017.png
client_3,33695,29,29,5,5,24,24,33,Train/33/00033_00020_00006.png
client_3,21880,71,60,7,5,65,55,13,Train/13/00013_00047_00010.png
client_3,28958,35,35,6,6,30,29,25,Train/25/00025_00016_00008.png
client_3,14954,59,55,5,5,54,50,9,Train/9/00009_00046_00014.png
client_3,36373,31,30,6,6,26,25,38,Train/38/00038_00012_00014.png
client_3,344,39,36,6,6,33,31,20,Train/20/00020_00011_00014.png
client_3,30289,45,41,5,6,39,36,26,Train/26/00026_00010_00019.png
client_3,890,47,47,6,5,42,42,1,Train/1/00001_00010_00020.png
client_3,5102,31,31,5,6,25,26,3,Train/3/00003_00002_00002.png
client_3,8792,28,29,5,6,23,24,5,Train/5/00005_00012_00002.png
client_3,24944,32,32,6,6,27,27,17,Train/17/00017_00016_00014.png
client_3,36151,27,28,6,5,22,23,38,Train/38/00038_00005_00002.png
client_3,27042,38,38,5,6,33,33,21,Train/21/00021_00002_00012.png
client_3,9730,34,35,5,6,28,29,5,Train/5/00005_00043_00010.png
client_3,11764,31,32,6,6,26,27,7,Train/7/00007_00035_00004.png
client_3,24430,54,53,6,6,48,48,16,Train/16/00016_00013_00010.png
client_3,21453,32,30,5,5,27,25,13,Train/13/00013_00033_00003.png
client_3,19028,39,38,6,6,34,33,12,Train/12/00012_00022_00008.png
client_3,2197,42,41,5,6,37,36,1,Train/1/00001_00054_00007.png
client_3,14153,44,45,5,6,39,40,9,Train/9/00009_00019_00023.png
client_3,4143,27,27,5,6,22,22,2,Train/2/00002_00045_00003.png
client_3,14057,51,51,5,6,45,46,9,Train/9/00009_00016_00017.png
client_3,9811,30,30,6,6,25,25,5,Train/5/00005_00046_00001.png
client_3,24577,45,49,6,5,40,43,17,Train/17/00017_00004_00007.png
client_3,11420,40,40,5,5,35,35,7,Train/7/00007_00023_00020.png
client_3,3284,39,42,5,5,34,37,2,Train/2/00002_00016_00014.png
client_3,2054,42,41,6,5,37,36,1,Train/1/00001_00049_00014.png
client_3,29477,51,48,5,5,46,43,25,Train/25/00025_00033_00017.png
client_3,26070,27,26,5,6,21,21,18,Train/18/00018_00017_00000.png
client_3,24272,57,57,5,6,52,52,16,Train/16/00016_00008_00002.png
client_3,24379,40,41,6,6,35,36,16,Train/16/00016_00011_00019.png
client_3,5171,37,37,6,6,32,32,3,Train/3/00003_00004_00011.png
client_3,35798,40,40,5,5,35,34,37,Train/37/00037_00000_00009.png
client_3,14142,32,33,5,5,27,28,9,Train/9/00009_00019_00012.png
client_3,37090,58,55,6,5,53,50,38,Train/38/00038_00036_00011.png
client_3,25559,35,41,6,6,30,36,17,Train/17/00017_00036_00029.png
client_3,29980,37,36,6,5,32,31,26,Train/26/00026_00000_00010.png
client_3,11091,41,43,5,6,36,38,7,Train/7/00007_00012_00021.png
client_3,770,69,81,6,7,63,74,1,Train/1/00001_00006_00020.png
client_3,34967,48,50,5,6,43,45,35,Train/35/00035_00025_00018.png
client_3,12338,34,33,6,5,28,27,8,Train/8/00008_00006_00008.png
client_3,15508,104,107,9,9,95,98,10,Train/10/00010_00015_00028.png
client_3,10697,39,40,5,6,34,35,6,Train/6/00006_00013_00017.png
client_3,23254,34,36,5,6,28,31,14,Train/14/00014_00021_00004.png
client_3,36809,27,27,5,6,22,22,38,Train/38/00038_00027_00000.png
client_3,27787,58,53,6,5,53,48,23,Train/23/00023_00003_00007.png
client_3,37277,49,51,6,5,44,46,38,Train/38/00038_00042_00018.png
client_3,37793,61,62,5,6,56,57,38,Train/38/00038_00059_00024.png
client_3,31019,111,98,10,8,102,90,28,Train/28/00028_00006_00029.png
client_3,21895,110,96,10,8,101,88,13,Train/13/00013_00047_00025.png
client_3,25273,37,36,5,5,31,31,17,Train/17/00017_00027_00013.png
client_3,39076,40,40,6,6,34,34,42,Train/42/00042_00003_00017.png
client_3,27181,35,34,5,6,30,29,21,Train/21/00021_00007_00001.png
client_3,27760,43,40,5,6,38,35,23,Train/23/00023_00002_00010.png
client_3,26763,69,59,6,6,63,54,19,Train/19/00019_00000_00003.png
client_3,13092,33,33,5,5,27,27,8,Train/8/00008_00031_00012.png
client_3,32395,61,58,6,6,56,53,31,Train/31/00031_00010_00025.png
client_3,38368,84,89,8,8,77,82,39,Train/39/00039_00009_00029.png
client_3,29559,44,42,5,6,39,37,25,Train/25/00025_00036_00009.png
client_3,11298,42,44,6,5,37,39,7,Train/7/00007_00019_00018.png
client_3,22646,131,131,11,12,120,120,14,Train/14/00014_00000_00026.png
client_3,26068,67,62,6,6,61,57,18,Train/18/00018_00016_00028.png
client_3,36111,53,54,6,5,47,48,38,Train/38/00038_00003_00022.png
client_3,31695,54,50,5,5,49,45,30,Train/30/00030_00002_00015.png
client_3,35412,47,48,5,6,42,43,36,Train/36/00036_00000_00013.png
client_3,33337,51,53,5,5,46,47,33,Train/33/00033_00008_00007.png
client_3,21632,30,28,5,5,25,23,13,Train/13/00013_00039_00002.png
client_3,4850,47,47,5,5,42,42,2,Train/2/00002_00068_00020.png
client_3,37305,44,52,5,6,39,47,38,Train/38/00038_00043_00016.png
client_3,5012,30,31,5,6,25,26,2,Train/2/00002_00074_00002.png
client_3,22695,45,46,6,6,40,41,14,Train/14/00014_00002_00015.png
client_3,30640,42,38,5,5,36,32,27,Train/27/00027_00002_00010.png
client_3,21005,36,34,5,5,31,29,13,Train/13/00013_00018_00005.png
client_3,30648,58,53,6,6,53,48,27,Train/27/00027_00002_00018.png
client_3,35543,46,48,6,6,41,43,36,Train/36/00036_00004_00024.png
client_3,19954,43,39,5,5,38,33,12,Train/12/00012_00053_00004.png
client_3,27402,48,45,5,6,43,40,22,Train/22/00022_00003_00012.png
client_3,17635,53,48,6,5,48,43,11,Train/11/00011_00019_00025.png
client_3,31175,31,31,5,6,26,25,28,Train/28/00028_00012_00005.png
client_3,36983,69,69,7,6,63,63,38,Train/38/00038_00032_00024.png
client_3,22476,37,34,6,6,32,29,13,Train/13/00013_00067_00006.png
client_3,24840,26,34,5,5,21,29,17,Train/17/00017_00013_00000.png
client_3,11893,36,37,5,6,31,32,7,Train/7/00007_00039_00013.png
client_3,1057,37,38,5,6,32,33,1,Train/1/00001_00016_00007.png
client_3,29090,49,44,6,6,44,39,25,Train/25/00025_00020_00020.png
client_3,28167,161,143,14,13,148,131,23,Train/23/00023_00015_00027.png
client_3,38120,44,44,5,5,38,39,39,Train/39/00039_00001_00021.png
client_3,39171,44,44,5,5,39,39,42,Train/42/00042_00006_00022.png
client_3,37392,34,35,5,5,29,30,38,Train/38/00038_00046_00013.png
client_3,4890,29,30,5,6,24,25,2,Train/2/00002_00070_00000.png
client_3,10068,38,37,5,5,33,32,5,Train/5/00005_00054_00018.png
client_3,3072,52,51,5,6,46,46,2,Train/2/00002_00009_00012.png
client_3,9188,30,30,5,5,25,25,5,Train/5/00005_00025_00008.png
client_3,28722,96,87,8,8,88,80,25,Train/25/00025_00008_00012.png
client_3,33645,35,47,5,5,30,42,33,Train/33/00033_00018_00015.png
client_3,14936,95,101,9,8,86,92,9,Train/9/00009_00045_00026.png
client_3,17006,42,44,6,6,37,39,10,Train/10/00010_00065_00026.png
client_3,31665,42,39,6,6,37,34,30,Train/30/00030_00001_00015.png
client_3,25923,38,38,6,6,32,33,18,Train/18/00018_00012_00003.png
client_3,37425,31,30,6,5,26,25,38,Train/38/00038_00047_00016.png
client_3,22021,28,27,6,5,22,22,13,Train/13/00013_00052_00001.png
client_3,33827,38,38,5,5,33,33,34,Train/34/00034_00001_00018.png
client_3,32886,31,29,6,5,25,24,32,Train/32/00032_00001_00006.png
client_3,31553,62,58,5,6,57,53,29,Train/29/00029_00006_00023.png
client_3,1968,59,60,5,6,54,55,1,Train/1/00001_00046_00018.png
client_3,21845,34,40,6,5,29,35,13,Train/13/00013_00046_00005.png
client_3,14168,30,30,6,5,25,25,9,Train/9/00009_00020_00008.png
client_3,6662,30,29,6,5,25,24,4,Train/4/00004_00007_00002.png
client_3,1356,56,57,6,6,50,51,1,Train/1/00001_00026_00006.png
client_3,16523,47,48,5,6,42,43,10,Train/10/00010_00049_00023.png
client_3,8856,33,33,6,6,28,28,5,Train/5/00005_00014_00006.png
client_3,16510,34,35,5,6,29,30,10,Train/10/00010_00049_00010.png
client_3,28449,44,46,6,5,39,41,24,Train/24/00024_00008_00009.png
client_3,36905,31,34,6,6,26,29,38,Train/38/00038_00030_00006.png
client_3,3523,37,35,6,5,32,30,2,Train/2/00002_00024_00013.png
client_3,38733,30,30,5,5,25,25,41,Train/41/00041_00000_00004.png
client_3,29495,51,50,6,6,46,45,25,Train/25/00025_00034_00005.png
client_3,3408,41,40,6,5,35,35,2,Train/2/00002_00020_00018.png
client_3,27636,37,37,6,6,32,32,22,Train/22/00022_00011_00006.png
client_3,7852,57,56,5,5,52,51,4,Train/4/00004_00046_00022.png
client_3,3233,57,56,6,5,52,51,2,Train/2/00002_00014_00023.png
client_3,18221,36,34,6,5,31,28,11,Train/11/00011_00039_00011.png
client_3,14122,40,40,5,6,35,35,9,Train/9/00009_00018_00022.png
client_3,9540,26,26,5,6,21,21,5,Train/5/00005_00037_00000.png
client_3,29224,38,36,6,6,33,31,25,Train/25/00025_00025_00004.png
client_3,1780,42,44,6,6,37,39,1,Train/1/00001_00040_00010.png
client_3,20291,35,40,5,6,30,35,12,Train/12/00012_00064_00011.png
client_3,18005,40,40,6,5,34,34,11,Train/11/00011_00032_00005.png
client_3,18529,72,71,7,7,65,64,12,Train/12/00012_00005_00019.png
client_3,8082,48,49,6,6,43,44,4,Train/4/00004_00054_00012.png
client_3,29877,87,89,7,8,80,82,25,Train/25/00025_00046_00027.png
client_3,7487,40,40,5,5,35,35,4,Train/4/00004_00034_00017.png
client_3,10056,31,31,5,6,26,26,5,Train/5/00005_00054_00006.png
client_3,13249,54,53,6,5,49,48,8,Train/8/00008_00036_00019.png
client_3,6992,38,40,6,6,33,35,4,Train/4/00004_00018_00002.png
client_3,16449,31,33,5,6,26,27,10,Train/10/00010_00047_00009.png
client_3,31860,32,30,5,6,27,25,30,Train/30/00030_00008_00000.png
client_3,20216,80,79,8,7,73,72,12,Train/12/00012_00061_00026.png
client_3,19857,61,63,6,5,56,57,12,Train/12/00012_00049_00027.png
client_3,24368,30,30,6,6,24,25,16,Train/16/00016_00011_00008.png
client_3,28555,103,95,9,8,94,87,25,Train/25/00025_00002_00025.png
client_3,21366,37,36,6,5,32,31,13,Train/13/00013_00030_00006.png
client_3,25113,36,37,6,6,31,32,17,Train/17/00017_00022_00003.png
client_3,35272,48,46,5,5,42,41,35,Train/35/00035_00035_00023.png
client_3,22400,35,34,6,5,30,29,13,Train/13/00013_00064_00020.png
client_3,9010,37,36,6,5,32,31,5,Train/5/00005_00019_00010.png
client_3,18680,63,55,5,6,58,49,12,Train/12/00012_00010_00020.png
client_3,27472,54,52,6,6,49,47,22,Train/22/00022_00005_00022.png
client_3,39145,53,51,6,5,47,46,42,Train/42/00042_00005_00026.png
client_3,5104,32,33,6,6,27,27,3,Train/3/00003_00002_00004.png
client_3,20695,63,59,5,6,58,54,13,Train/13/00013_00007_00025.png
client_3,5249,92,100,9,8,84,92,3,Train/3/00003_00006_00029.png
client_3,24797,29,29,6,5,24,24,17,Train/17/00017_00011_00017.png
client_3,29493,50,50,5,6,45,45,25,Train/25/00025_00034_00003.png
client_3,17895,29,44,6,6,24,39,11,Train/11/00011_00028_00015.png
client_3,19428,47,48,6,6,42,43,12,Train/12/00012_00035_00018.png
client_3,34935,38,40,5,5,33,35,35,Train/35/00035_00024_00016.png
client_3,10518,33,34,5,6,28,29,6,Train/6/00006_00007_00018.png
client_3,32982,34,33,6,6,28,28,32,Train/32/00032_00004_00012.png
client_3,8434,31,32,5,5,26,27,5,Train/5/00005_00000_00004.png
client_3,18177,66,72,6,7,60,65,11,Train/11/00011_00037_00027.png
client_3,30949,52,46,5,5,46,41,28,Train/28/00028_00004_00019.png
client_3,15635,31,28,6,6,26,23,10,Train/10/00010_00020_00005.png
client_3,29861,49,44,6,6,44,39,25,Train/25/00025_00046_00011.png
client_3,5188,70,71,7,7,64,65,3,Train/3/00003_00004_00028.png
client_3,23183,99,104,8,10,91,95,14,Train/14/00014_00018_00023.png
client_3,5359,48,48,6,5,43,43,3,Train/3/00003_00010_00019.png
client_3,37089,56,53,6,5,51,48,38,Train/38/00038_00036_00010.png
client_3,1267,38,36,5,6,32,31,1,Train/1/00001_00023_00007.png
client_3,22306,74,72,6,6,68,65,13,Train/13/00013_00061_00016.png
client_3,19654,27,27,5,5,22,22,12,Train/12/00012_00043_00004.png
client_3,19312,64,63,6,5,59,58,12,Train/12/00012_00031_00022.png
client_3,16915,55,56,5,5,50,51,10,Train/10/00010_00062_00025.png
client_3,14350,60,59,6,6,55,54,9,Train/9/00009_00026_00010.png
client_3,857,42,42,6,6,37,37,1,Train/1/00001_00009_00017.png
client_3,35989,64,69,6,6,59,63,37,Train/37/00037_00006_00020.png
client_3,39185,31,31,6,5,26,26,42,Train/42/00042_00007_00006.png
client_3,33034,29,30,5,6,24,25,32,Train/32/00032_00006_00004.png
client_3,10656,29,30,6,6,24,25,6,Train/6/00006_00012_00006.png
client_3,19159,49,50,5,6,44,45,12,Train/12/00012_00026_00019.png
client_3,36456,35,36,6,6,29,31,38,Train/38/00038_00015_00007.png
client_3,6338,30,30,6,5,25,25,3,Train/3/00003_00043_00008.png
client_3,19225,63,63,5,5,58,58,12,Train/12/00012_00028_00025.png
client_3,7741,26,26,5,5,21,21,4,Train/4/00004_00043_00001.png
client_3,4426,38,39,5,6,33,34,2,Train/2/00002_00054_00016.png
client_3,9581,33,35,5,6,27,29,5,Train/5/00005_00038_00011.png
client_3,33723,34,38,5,6,29,33,33,Train/33/00033_00021_00004.png
client_3,18572,31,33,5,6,26,28,12,Train/12/00012_00007_00002.png
client_3,29268,51,50,6,6,46,45,25,Train/25/00025_00026_00018.png
client_3,10695,36,38,6,6,31,32,6,Train/6/00006_00013_00015.png
client_3,17471,40,41,5,6,35,35,11,Train/11/00011_00014_00011.png
client_3,26115,60,57,5,6,55,52,18,Train/18/00018_00018_00015.png
client_3,12710,48,46,5,5,43,41,8,Train/8/00008_00018_00020.png
client_3,16423,33,34,5,5,28,29,10,Train/10/00010_00046_00013.png
client_3,5159,59,60,5,6,54,55,3,Train/3/00003_00003_00029.png
client_3,5563,48,48,6,6,43,43,3,Train/3/00003_00017_00013.png
client_3,12121,26,27,6,6,21,21,7,Train/7/00007_00047_00001.png
client_3,34725,51,52,6,5,46,47,35,Train/35/00035_00017_00016.png
client_3,36276,37,36,5,6,32,31,38,Train/38/00038_00009_00007.png
client_3,30815,38,37,5,6,32,31,28,Train/28/00028_00000_00005.png
client_3,9946,41,41,6,6,36,36,5,Train/5/00005_00050_00016.png
client_3,665,29,31,5,6,23,25,1,Train/1/00001_00003_00005.png
client_3,8741,36,36,6,6,30,31,5,Train/5/00005_00010_00011.png
client_3,24269,57,55,6,5,51,50,16,Train/16/00016_00007_00029.png
client_3,2689,84,84,8,7,77,77,1,Train/1/00001_00070_00019.png
client_3,22799,85,86,7,8,78,79,14,Train/14/00014_00005_00029.png
client_3,24879,31,33,6,5,26,28,17,Train/17/00017_00014_00009.png
client_3,32984,36,37,5,5,31,31,32,Train/32/00032_00004_00014.png
client_3,20787,81,80,7,8,74,73,13,Train/13/00013_00010_00027.png
client_3,35793,38,38,6,5,33,32,37,Train/37/00037_00000_00004.png
client_3,9155,33,33,6,6,28,28,5,Train/5/00005_00024_00005.png
client_3,21690,63,57,5,5,58,52,13,Train/13/00013_00041_00000.png
client_3,9044,33,32,6,6,28,27,5,Train/5/00005_00020_00014.png
client_3,38859,33,33,6,6,28,28,41,Train/41/00041_00004_00010.png
client_3,20754,69,64,7,6,63,59,13,Train/13/00013_00009_00024.png
client_3,35844,76,75,7,6,70,69,37,Train/37/00037_00001_00025.png
client_3,14504,33,33,6,6,28,28,9,Train/9/00009_00031_00014.png
client_3,34348,76,77,7,7,69,71,35,Train/35/00035_00004_00029.png
client_3,10362,37,39,6,6,32,34,6,Train/6/00006_00002_00012.png
client_3,30861,62,58,6,5,57,53,28,Train/28/00028_00001_00021.png
client_3,30750,41,38,5,5,36,33,27,Train/27/00027_00006_00000.png
client_3,13588,64,64,5,5,59,59,9,Train/9/00009_00000_00028.png
client_3,5885,27,30,5,6,22,25,3,Train/3/00003_00028_00005.png
client_3,23735,45,53,6,6,40,48,15,Train/15/00015_00011_00005.png
client_3,8614,32,33,5,6,27,28,5,Train/5/00005_00006_00004.png
client_3,19685,34,34,6,6,29,29,12,Train/12/00012_00044_00005.png
client_3,10248,35,38,6,6,29,33,5,Train/5/00005_00060_00018.png
client_3,25617,90,82,8,8,82,74,18,Train/18/00018_00001_00027.png
client_3,917,45,43,6,6,40,38,1,Train/1/00001_00011_00017.png
client_3,14582,28,27,6,6,22,22,9,Train/9/00009_00034_00002.png
client_3,8870,47,46,6,5,42,41,5,Train/5/00005_00014_00020.png
client_3,19459,64,64,5,5,59,59,12,Train/12/00012_00036_00019.png
client_3,16284,55,55,5,5,50,50,10,Train/10/00010_00041_00024.png
client_3,38428,95,94,8,8,86,86,40,Train/40/00040_00001_00029.png
client_3,28499,121,112,10,10,111,103,25,Train/25/00025_00000_00029.png
client_3,18598,88,85,8,7,81,78,12,Train/12/00012_00007_00028.png
client_3,29718,65,63,6,6,60,57,25,Train/25/00025_00041_00018.png
client_3,37917,91,85,8,7,83,78,38,Train/38/00038_00063_00028.png
client_3,10131,55,55,5,6,50,50,5,Train/5/00005_00056_00021.png
client_3,28175,42,41,5,5,37,36,23,Train/23/00023_00016_00005.png
client_3,37977,74,75,6,7,68,69,38,Train/38/00038_00065_00028.png
client_3,21587,50,49,6,5,45,44,13,Train/13/00013_00037_00017.png
client_3,2867,35,35,6,5,30,30,2,Train/2/00002_00002_00017.png
client_3,15888,40,40,6,6,35,35,10,Train/10/00010_00028_00018.png
client_3,37346,95,91,8,8,87,83,38,Train/38/00038_00044_00027.png
client_3,26881,40,38,6,6,35,33,19,Train/19/00019_00004_00001.png
client_3,39104,41,41,5,5,36,36,42,Train/42/00042_00004_00015.png
client_3,37725,46,50,5,5,41,45,38,Train/38/00038_00057_00016.png
client_3,22780,54,55,5,6,49,50,14,Train/14/00014_00005_00010.png
client_3,24900,27,31,6,5,22,26,17,Train/17/00017_00015_00000.png
client_3,34169,39,38,6,5,34,33,34,Train/34/00034_00013_00000.png
client_3,16862,30,26,6,5,25,21,10,Train/10/00010_00061_00002.png
client_3,7055,29,29,5,5,24,24,4,Train/4/00004_00020_00005.png
client_3,21782,43,40,6,6,38,35,13,Train/13/00013_00044_00002.png
client_3,28497,107,98,10,9,98,90,25,Train/25/00025_00000_00027.png
client_3,31048,107,94,9,9,98,86,28,Train/28/00028_00007_00028.png
client_3,7820,45,45,6,6,40,40,4,Train/4/00004_00045_00020.png
client_3,29451,46,43,5,5,40,37,25,Train/25/00025_00032_00021.png
client_3,37701,73,77,6,7,67,71,38,Train/38/00038_00056_00022.png
client_3,7387,29,30,5,6,24,25,4,Train/4/00004_00031_00007.png
client_3,940,35,36,6,5,30,31,1,Train/1/00001_00012_00010.png
client_3,18258,60,54,6,5,55,49,11,Train/11/00011_00040_00018.png
client_3,15721,34,35,6,6,29,30,10,Train/10/00010_00023_00001.png
client_3,33944,36,39,5,5,30,33,34,Train/34/00034_00005_00015.png
client_3,13809,29,28,6,5,24,23,9,Train/9/00009_00008_00009.png
client_3,3593,56,57,6,6,51,52,2,Train/2/00002_00026_00023.png
client_3,29008,120,110,11,10,110,101,25,Train/25/00025_00017_00028.png
client_3,15271,31,30,5,5,25,25,10,Train/10/00010_00008_00001.png
client_3,33335,51,52,6,6,46,47,33,Train/33/00033_00008_00005.png
client_3,29973,32,31,6,5,27,26,26,Train/26/00026_00000_00003.png
client_3,34103,52,61,6,6,46,56,34,Train/34/00034_00010_00024.png
client_3,2019,40,41,5,6,35,36,1,Train/1/00001_00048_00009.png
client_3,16160,42,39,6,5,37,33,10,Train/10/00010_00037_00020.png
client_3,6547,32,31,6,6,27,26,4,Train/4/00004_00003_00007.png
client_3,29396,111,105,9,10,101,96,25,Train/25/00025_00030_00026.png
client_3,5753,60,60,6,5,55,55,3,Train/3/00003_00023_00023.png
client_3,5230,52,54,6,6,47,49,3,Train/3/00003_00006_00010.png
client_3,14834,48,48,6,5,43,43,9,Train/9/00009_00042_00014.png
client_3,14593,35,35,5,6,30,30,9,Train/9/00009_00034_00013.png
client_3,8836,41,39,6,5,35,34,5,Train/5/00005_00013_00016.png
client_3,38708,45,47,6,6,40,42,40,Train/40/00040_00011_00009.png
client_3,27041,39,38,5,6,34,33,21,Train/21/00021_00002_00011.png
client_3,22635,72,71,7,6,66,65,14,Train/14/00014_00000_00015.png
client_3,28602,45,41,6,5,40,35,25,Train/25/00025_00004_00012.png
client_3,26737,43,39,5,5,38,34,18,Train/18/00018_00039_00007.png
client_3,3914,37,38,5,5,32,33,2,Train/2/00002_00037_00014.png
client_3,23787,48,54,5,6,43,49,15,Train/15/00015_00012_00027.png
client_3,4782,38,40,5,5,32,35,2,Train/2/00002_00066_00012.png
client_3,10121,37,38,5,6,32,33,5,Train/5/00005_00056_00011.png
client_3,32443,46,43,5,6,41,38,31,Train/31/00031_00012_00013.png
client_3,9676,39,40,6,6,33,34,5,Train/5/00005_00041_00016.png
client_3,9577,30,32,6,6,25,26,5,Train/5/00005_00038_00007.png
client_3,29200,49,46,5,5,44,41,25,Train/25/00025_00024_00010.png
client_3,1199,83,85,7,8,76,78,1,Train/1/00001_00020_00029.png
client_3,33366,76,76,6,6,70,70,33,Train/33/00033_00009_00006.png
client_3,13322,31,30,5,5,26,25,8,Train/8/00008_00039_00002.png
client_3,37256,75,80,7,8,69,73,38,Train/38/00038_00041_00027.png
client_3,34627,34,34,5,5,29,29,35,Train/35/00035_00014_00008.png
client_3,35723,53,52,6,5,48,47,36,Train/36/00036_00010_00024.png
client_3,4127,45,45,6,5,40,39,2,Train/2/00002_00044_00017.png
client_3,5107,32,34,5,6,27,28,3,Train/3/00003_00002_00007.png
client_3,14489,75,79,7,7,68,72,9,Train/9/00009_00030_00029.png
client_3,4632,50,51,5,6,44,45,2,Train/2/00002_00061_00012.png
client_3,27661,31,29,5,5,26,24,22,Train/22/00022_00012_00001.png
client_3,35313,38,41,6,5,32,36,35,Train/35/00035_00037_00004.png
client_3,12627,59,56,6,6,54,50,8,Train/8/00008_00015_00027.png
client_3,3009,39,39,5,6,33,33,2,Train/2/00002_00007_00009.png
client_3,19771,37,38,5,5,32,33,12,Train/12/00012_00047_00001.png
client_3,19756,40,42,6,6,35,37,12,Train/12/00012_00046_00016.png
client_3,8035,52,52,5,5,47,47,4,Train/4/00004_00052_00025.png
client_3,34261,32,32,6,6,26,26,35,Train/35/00035_00002_00002.png
client_3,20109,46,44,5,6,40,38,12,Train/12/00012_00058_00009.png
client_3,18636,35,35,6,6,30,30,12,Train/12/00012_00009_00006.png
client_3,35843,73,72,7,6,67,66,37,Train/37/00037_00001_00024.png
client_3,26720,69,68,7,6,63,62,18,Train/18/00018_00038_00020.png
client_3,7302,36,36,6,6,31,31,4,Train/4/00004_00028_00012.png
client_3,9557,37,33,6,5,32,28,5,Train/5/00005_00037_00017.png
client_3,27400,47,42,6,5,42,37,22,Train/22/00022_00003_00010.png
client_3,3886,45,44,6,5,40,39,2,Train/2/00002_00036_00016.png
client_3,11175,42,47,5,6,37,42,7,Train/7/00007_00015_00015.png
client_3,7655,29,30,5,6,24,25,4,Train/4/00004_00040_00005.png
client_3,5825,28,27,6,5,23,22,3,Train/3/00003_00026_00005.png
client_3,31031,65,56,5,5,59,51,28,Train/28/00028_00007_00011.png
client_3,3756,32,32,5,6,27,27,2,Train/2/00002_00032_00006.png
client_3,14534,43,44,5,6,38,39,9,Train/9/00009_00032_00014.png
client_3,11431,32,33,6,6,27,27,7,Train/7/00007_00024_00001.png
client_3,14213,63,64,6,6,58,59,9,Train/9/00009_00021_00023.png
client_3,18619,53,54,5,5,48,49,12,Train/12/00012_00008_00019.png
client_3,7981,29,30,5,6,24,25,4,Train/4/00004_00051_00001.png
client_3,13665,36,36,5,5,31,31,9,Train/9/00009_00003_00015.png
client_3,1693,34,34,6,5,29,28,1,Train/1/00001_00037_00013.png
client_3,18139,70,73,6,7,64,67,11,Train/11/00011_00036_00019.png
client_3,6660,29,29,6,5,24,24,4,Train/4/00004_00007_00000.png
client_3,11051,42,41,6,5,37,36,7,Train/7/00007_00011_00011.png
client_3,27535,117,100,11,9,107,92,22,Train/22/00022_00007_00025.png
client_3,6207,100,100,9,8,92,92,3,Train/3/00003_00038_00027.png
client_3,26170,76,68,6,6,70,62,18,Train/18/00018_00020_00010.png
client_3,14397,63,62,5,6,58,57,9,Train/9/00009_00027_00027.png
client_3,10767,44,41,6,5,39,36,7,Train/7/00007_00001_00027.png
client_3,6174,69,68,7,6,63,62,3,Train/3/00003_00037_00024.png
client_3,29543,68,59,7,6,62,54,25,Train/25/00025_00035_00023.png
client_3,23250,29,30,5,6,24,25,14,Train/14/00014_00021_00000.png
client_3,10263,27,29,6,6,22,23,5,Train/5/00005_00061_00003.png
client_3,9925,47,49,5,6,42,44,5,Train/5/00005_00049_00025.png
client_3,1756,50,54,5,5,45,49,1,Train/1/00001_00039_00016.png
client_3,31874,41,37,5,5,36,32,30,Train/30/00030_00008_00014.png
client_3,19056,34,35,5,6,29,30,12,Train/12/00012_00023_00006.png
client_3,16602,42,42,5,5,37,37,10,Train/10/00010_00052_00012.png
client_3,35416,52,51,6,5,47,46,36,Train/36/00036_00000_00017.png
client_3,16922,28,29,6,6,23,24,10,Train/10/00010_00063_00002.png
client_3,10172,28,28,6,6,23,23,5,Train/5/00005_00058_00002.png
client_3,20598,47,42,5,5,42,37,13,Train/13/00013_00004_00018.png
client_3,14592,35,33,6,5,30,28,9,Train/9/00009_00034_00012.png
client_3,14739,41,41,5,5,36,36,9,Train/9/00009_00039_00009.png
client_3,4547,34,33,6,5,29,28,2,Train/2/00002_00058_00017.png
client_3,27914,49,43,6,6,44,38,23,Train/23/00023_00007_00014.png
client_3,1853,70,71,6,6,64,65,1,Train/1/00001_00042_00023.png
client_3,24134,40,41,5,5,35,36,16,Train/16/00016_00003_00014.png
client_3,1806,45,46,5,6,40,41,1,Train/1/00001_00041_00006.png
client_3,38849,26,25,6,5,21,20,41,Train/41/00041_00004_00000.png
client_3,859,45,44,5,5,40,39,1,Train/1/00001_00009_00019.png
client_3,12594,61,61,6,5,56,56,8,Train/8/00008_00014_00024.png
client_3,2193,40,39,6,6,35,34,1,Train/1/00001_00054_00003.png
client_3,9891,51,52,5,5,46,47,5,Train/5/00005_00048_00021.png
client_3,634,46,47,6,5,41,42,1,Train/1/00001_00002_00004.png
client_3,9981,51,51,6,6,46,46,5,Train/5/00005_00051_00021.png
client_3,32890,33,31,6,5,28,26,32,Train/32/00032_00001_00010.png
client_3,27268,119,108,10,9,109,99,21,Train/21/00021_00009_00028.png
client_3,21512,41,46,6,6,36,41,13,Train/13/00013_00035_00002.png
client_3,15510,29,29,5,5,24,24,10,Train/10/00010_00016_00000.png
client_3,36878,36,36,6,6,31,31,38,Train/38/00038_00029_00009.png
client_3,9623,41,42,6,6,36,37,5,Train/5/00005_00039_00023.png
client_3,15720,33,33,6,5,28,28,10,Train/10/00010_00023_00000.png
client_3,6474,71,72,6,7,65,66,4,Train/4/00004_00000_00024.png
client_3,18417,81,81,8,7,74,74,12,Train/12/00012_00001_00027.png
client_3,35018,33,34,6,6,28,29,35,Train/35/00035_00027_00009.png
client_3,35270,44,43,6,5,39,37,35,Train/35/00035_00035_00021.png
client_3,30896,119,104,11,9,109,95,28,Train/28/00028_00002_00026.png
client_3,11920,31,31,6,6,26,26,7,Train/7/00007_00040_00010.png
client_3,25798,148,132,12,12,136,121,18,Train/18/00018_00007_00028.png
client_3,34636,44,45,5,6,39,40,35,Train/35/00035_00014_00017.png
client_3,12045,30,31,5,5,25,26,7,Train/7/00007_00044_00015.png
client_3,29969,131,123,12,10,119,113,25,Train/25/00025_00049_00029.png
client_3,22270,46,43,5,6,41,37,13,Train/13/00013_00060_00010.png
client_3,33060,25,27,5,6,20,21,32,Train/32/00032_00007_00000.png
client_3,14172,30,31,6,6,25,26,9,Train/9/00009_00020_00012.png
client_3,14535,46,45,6,6,40,40,9,Train/9/00009_00032_00015.png
client_3,15818,29,29,5,5,24,24,10,Train/10/00010_00026_00008.png
client_3,32860,31,31,5,5,26,26,32,Train/32/00032_00000_00010.png
client_3,9376,36,37,5,5,31,32,5,Train/5/00005_00031_00016.png
client_3,11408,31,32,5,6,26,27,7,Train/7/00007_00023_00008.png
client_3,17585,48,44,5,5,43,39,11,Train/11/00011_00018_00005.png
client_3,19532,36,36,6,6,31,31,12,Train/12/00012_00039_00002.png
client_3,24145,51,51,6,6,46,46,16,Train/16/00016_00003_00025.png
client_3,29904,149,131,13,12,136,120,25,Train/25/00025_00047_00024.png
client_3,3160,52,51,5,5,47,46,2,Train/2/00002_00012_00010.png
client_3,22938,84,93,8,8,77,85,14,Train/14/00014_00010_00018.png
client_3,13632,48,48,5,6,43,43,9,Train/9/00009_00002_00012.png
client_3,31398,65,59,6,5,60,53,29,Train/29/00029_00001_00018.png
client_3,17943,28,27,6,5,22,22,11,Train/11/00011_00030_00003.png
client_3,15065,31,28,6,5,26,23,10,Train/10/00010_00001_00005.png
client_3,2178,70,76,6,7,64,70,1,Train/1/00001_00053_00018.png
client_3,9790,35,33,6,6,30,28,5,Train/5/00005_00045_00010.png
client_3,36641,37,37,6,6,31,31,38,Train/38/00038_00021_00012.png
client_3,8306,57,57,5,5,52,52,4,Train/4/00004_00061_00026.png
client_3,7612,51,52,5,6,46,47,4,Train/4/00004_00038_00022.png
client_3,19990,36,39,5,6,31,33,12,Train/12/00012_00054_00010.png
client_3,4280,45,45,6,6,40,40,2,Train/2/00002_00049_00020.png
client_3,29306,106,94,10,8,97,86,25,Train/25/00025_00027_00026.png
client_3,21464,52,45,6,6,47,40,13,Train/13/00013_00033_00014.png
client_3,33572,36,38,6,5,31,33,33,Train/33/00033_00016_00002.png
client_3,11734,32,34,6,6,27,29,7,Train/7/00007_00034_00004.png
client_3,37456,42,42,6,5,37,37,38,Train/38/00038_00048_00017.png
client_3,24529,33,45,6,6,28,40,17,Train/17/00017_00002_00019.png
client_3,2791,35,31,5,5,30,26,2,Train/2/00002_00000_00001.png
client_3,18689,144,122,13,11,132,112,12,Train/12/00012_00010_00029.png
client_3,36942,48,48,6,6,43,43,38,Train/38/00038_00031_00013.png
client_3,4325,33,33,5,6,27,28,2,Train/2/00002_00051_00005.png
client_3,27254,47,47,5,6,42,41,21,Train/21/00021_00009_00014.png
client_3,30096,39,35,5,5,34,30,26,Train/26/00026_00004_00006.png
client_3,37560,40,54,5,5,35,49,38,Train/38/00038_00052_00001.png
client_3,18413,60,59,6,5,55,53,12,Train/12/00012_00001_00023.png
client_3,16578,55,55,6,6,50,50,10,Train/10/00010_00051_00018.png
client_3,2754,80,80,7,7,73,73,1,Train/1/00001_00072_00024.png
client_3,1147,31,32,6,6,26,27,1,Train/1/00001_00019_00007.png
client_3,24558,36,38,5,6,31,33,17,Train/17/00017_00003_00018.png
client_3,10217,42,40,6,5,37,35,5,Train/5/00005_00059_00017.png
client_3,10461,41,44,6,6,36,39,6,Train/6/00006_00005_00021.png
client_3,21187,41,39,5,6,36,34,13,Train/13/00013_00024_00007.png
client_3,19424,44,44,5,5,39,39,12,Train/12/00012_00035_00014.png
client_3,13243,42,42,6,6,37,37,8,Train/8/00008_00036_00013.png
client_3,28976,74,72,6,6,67,66,25,Train/25/00025_00016_00026.png
client_3,19531,35,34,6,5,30,29,12,Train/12/00012_00039_00001.png
client_3,9023,53,53,5,5,48,48,5,Train/5/00005_00019_00023.png
client_3,29359,76,76,6,7,70,70,25,Train/25/00025_00029_00019.png
client_3,28061,33,34,5,6,28,29,23,Train/23/00023_00012_00011.png
client_3,15791,35,38,5,6,30,33,10,Train/10/00010_00025_00011.png
client_3,9563,43,39,5,5,37,34,5,Train/5/00005_00037_00023.png
client_3,20254,28,28,6,5,23,23,12,Train/12/00012_00063_00004.png
client_3,205,67,57,6,6,61,52,20,Train/20/00020_00006_00025.png
client_3,16950,26,27,6,6,21,22,10,Train/10/00010_00064_00000.png
client_3,11170,39,40,6,5,34,35,7,Train/7/00007_00015_00010.png
client_3,22944,112,125,9,11,103,115,14,Train/14/00014_00010_00024.png
client_3,36827,33,34,6,6,27,28,38,Train/38/00038_00027_00018.png
client_3,34042,53,56,5,6,48,51,34,Train/34/00034_00008_00023.png
client_3,33074,35,37,5,5,29,31,32,Train/32/00032_00007_00014.png
client_3,25379,63,73,5,6,58,66,17,Train/17/00017_00030_00029.png
client_3,8879,75,76,6,7,69,70,5,Train/5/00005_00014_00029.png
client_3,15714,53,55,5,6,48,50,10,Train/10/00010_00022_00024.png
client_3,4094,36,34,6,5,30,29,2,Train/2/00002_00043_00014.png
client_3,15144,45,46,6,6,40,41,10,Train/10/00010_00003_00024.png
client_3,29005,95,84,9,7,86,77,25,Train/25/00025_00017_00025.png
client_3,27870,38,34,6,6,33,29,23,Train/23/00023_00006_00000.png
client_3,37775,41,41,6,6,36,36,38,Train/38/00038_00059_00006.png
client_3,4584,92,89,8,8,84,82,2,Train/2/00002_00059_00024.png
client_3,5834,34,34,5,5,29,29,3,Train/3/00003_00026_00014.png
client_3,22216,39,38,6,5,34,33,13,Train/13/00013_00058_00016.png
client_3,13635,52,52,6,5,47,46,9,Train/9/00009_00002_00015.png
client_3,15003,26,28,5,6,21,23,9,Train/9/00009_00048_00003.png
client_3,13993,43,43,6,5,38,38,9,Train/9/00009_00014_00013.png
client_3,13977,93,94,8,9,85,86,9,Train/9/00009_00013_00027.png
client_3,8882,31,32,5,6,26,27,5,Train/5/00005_00015_00002.png
client_3,28946,129,113,12,10,117,104,25,Train/25/00025_00015_00026.png
client_3,622,53,53,6,6,48,48,1,Train/1/00001_00001_00022.png
client_3,35647,31,32,6,5,26,27,36,Train/36/00036_00008_00008.png
client_3,7012,58,63,5,6,53,58,4,Train/4/00004_00018_00022.png
client_3,4005,33,35,5,6,28,30,2,Train/2/00002_00040_00015.png
client_3,37142,29,28,6,5,24,23,38,Train/38/00038_00038_00003.png
client_3,17116,112,103,9,9,103,94,11,Train/11/00011_00002_00016.png
client_3,7181,39,40,5,6,34,35,4,Train/4/00004_00024_00011.png
client_3,31122,58,52,5,6,53,47,28,Train/28/00028_00010_00012.png
client_3,13779,33,32,6,6,28,27,9,Train/9/00009_00007_00009.png
client_3,7881,64,62,5,6,59,57,4,Train/4/00004_00047_00021.png
client_3,7280,44,44,6,6,39,39,4,Train/4/00004_00027_00020.png
client_3,36948,58,58,6,6,53,53,38,Train/38/00038_00031_00019.png
client_3,27458,38,35,6,6,33,30,22,Train/22/00022_00005_00008.png
client_3,8677,35,35,6,6,30,30,5,Train/5/00005_00008_00007.png
client_3,19310,61,62,5,6,56,57,12,Train/12/00012_00031_00020.png
client_3,13629,45,44,5,5,39,38,9,Train/9/00009_00002_00009.png
client_3,27345,41,38,5,6,35,33,22,Train/22/00022_00001_00015.png
client_3,19249,56,54,6,5,51,49,12,Train/12/00012_00029_00019.png
client_3,33769,50,48,6,5,45,43,33,Train/33/00033_00022_00020.png
client_3,1746,38,38,6,6,33,33,1,Train/1/00001_00039_00006.png
client_3,11974,32,33,6,6,27,27,7,Train/7/00007_00042_00004.png
client_3,30112,74,68,6,7,68,62,26,Train/26/00026_00004_00022.png
client_3,27759,44,40,6,6,39,35,23,Train/23/00023_00002_00009.png
client_3,2989,40,41,5,5,35,36,2,Train/2/00002_00006_00019.png
client_3,1793,71,73,6,6,65,67,1,Train/1/00001_00040_00023.png
client_3,5335,59,61,6,5,54,56,3,Train/3/00003_00009_00025.png
client_3,37993,42,41,6,5,37,36,38,Train/38/00038_00066_00014.png
client_3,30119,143,119,13,11,131,109,26,Train/26/00026_00004_00029.png
client_3,13980,33,34,5,6,28,29,9,Train/9/00009_00014_00000.png
client_3,1155,37,37,5,5,32,32,1,Train/1/00001_00019_00015.png
client_3,12149,56,60,6,6,51,55,7,Train/7/00007_00047_00029.png
client_3,30917,52,50,5,6,47,45,28,Train/28/00028_00003_00017.png
client_3,14940,40,41,6,6,38,36,9,Train/9/00009_00046_00000.png
client_3,18403,38,39,5,5,33,33,12,Train/12/00012_00001_00013.png
client_3,28814,81,86,8,8,74,78,25,Train/25/00025_00011_00014.png
client_3,14143,35,35,5,5,30,30,9,Train/9/00009_00019_00013.png
client_3,22883,60,73,6,7,55,66,14,Train/14/00014_00008_00023.png
client_3,38319,35,37,5,6,29,31,39,Train/39/00039_00008_00010.png
client_3,14934,76,86,6,8,70,78,9,Train/9/00009_00045_00024.png
client_3,18512,48,44,6,5,42,38,12,Train/12/00012_00005_00002.png
client_3,15215,33,33,5,5,27,27,10,Train/10/00010_00006_00005.png
client_3,13003,34,32,5,6,28,26,8,Train/8/00008_00028_00013.png
client_3,21254,43,54,5,5,38,49,13,Train/13/00013_00026_00014.png
client_3,31278,48,44,6,5,43,38,28,Train/28/00028_00015_00018.png
client_3,28375,62,57,6,5,57,52,24,Train/24/00024_00005_00025.png
client_3,10918,97,98,8,9,89,90,7,Train/7/00007_00006_00028.png
client_3,31434,71,63,7,6,65,58,29,Train/29/00029_00002_00024.png
client_3,3104,39,37,6,5,34,32,2,Train/2/00002_00010_00014.png
client_3,30766,53,48,5,6,48,43,27,Train/27/00027_00006_00016.png
client_3,3870,28,30,5,6,23,25,2,Train/2/00002_00036_00000.png
client_3,24928,52,55,6,5,47,50,17,Train/17/00017_00015_00028.png
client_3,4583,86,83,8,7,79,76,2,Train/2/00002_00059_00023.png
client_3,25408,48,52,6,6,43,47,17,Train/17/00017_00031_00028.png
client_3,29992,73,64,7,5,67,59,26,Train/26/00026_00000_00022.png
client_3,21575,38,37,6,5,33,32,13,Train/13/00013_00037_00005.png
client_3,20137,32,31,5,5,27,26,12,Train/12/00012_00059_00007.png
client_3,3330,29,29,6,6,24,24,2,Train/2/00002_00018_00000.png
client_3,20076,44,45,6,6,39,40,12,Train/12/00012_00057_00006.png
client_3,29591,38,34,6,5,33,29,25,Train/25/00025_00037_00011.png
client_3,3727,33,36,5,6,28,30,2,Train/2/00002_00031_00007.png
client_3,9296,56,52,6,5,51,47,5,Train/5/00005_00028_00026.png
client_3,34813,39,40,5,6,34,35,35,Train/35/00035_00020_00014.png
client_3,27975,52,47,6,5,47,42,23,Train/23/00023_00009_00015.png
client_3,14130,27,29,6,6,22,24,9,Train/9/00009_00019_00000.png
client_3,15055,52,55,5,6,47,50,10,Train/10/00010_00000_00025.png
client_3,8990,36,37,5,6,31,32,5,Train/5/00005_00018_00020.png
client_3,5816,61,60,6,6,56,55,3,Train/3/00003_00025_00026.png
client_3,33523,38,41,5,6,33,36,33,Train/33/00033_00014_00013.png
client_3,13786,39,42,5,6,34,36,9,Train/9/00009_00007_00016.png
client_3,5328,43,44,5,5,38,39,3,Train/3/00003_00009_00018.png
client_3,13285,47,48,5,6,42,43,8,Train/8/00008_00037_00025.png
client_3,13342,56,59,5,6,51,54,8,Train/8/00008_00039_00022.png
client_3,27011,42,39,6,6,37,34,21,Train/21/00021_00001_00011.png
client_3,31025,59,53,5,5,54,47,28,Train/28/00028_00007_00005.png
client_3,6883,35,36,5,5,30,31,4,Train/4/00004_00014_00013.png
client_3,22055,45,43,6,6,40,38,13,Train/13/00013_00053_00005.png
client_3,2173,62,70,5,7,57,64,1,Train/1/00001_00053_00013.png
client_3,27639,40,38,6,5,35,33,22,Train/22/00022_00011_00009.png
client_3,17907,31,46,6,5,26,41,11,Train/11/00011_00028_00027.png
client_3,29586,34,30,6,5,29,25,25,Train/25/00025_00037_00006.png
client_3,37912,57,56,5,5,52,51,38,Train/38/00038_00063_00023.png
client_3,33156,40,40,5,6,35,35,33,Train/33/00033_00002_00006.png
client_3,27494,40,40,5,6,35,35,22,Train/22/00022_00006_00014.png
client_3,36178,78,85,7,8,71,78,38,Train/38/00038_00005_00029.png
client_3,26381,44,39,6,6,39,34,18,Train/18/00018_00027_00011.png
client_3,4616,107,106,9,9,98,97,2,Train/2/00002_00060_00026.png
client_3,1698,40,41,5,6,35,36,1,Train/1/00001_00037_00018.png
client_3,39011,37,37,6,5,32,32,42,Train/42/00042_00001_00012.png
client_3,26412,45,45,6,5,40,40,18,Train/18/00018_00028_00012.png
client_3,13774,31,31,6,6,26,26,9,Train/9/00009_00007_00004.png
client_3,19581,71,71,7,7,65,65,12,Train/12/00012_00040_00021.png
client_3,2317,34,36,5,6,29,31,1,Train/1/00001_00058_00007.png
client_3,38784,58,59,6,5,53,54,41,Train/41/00041_00001_00025.png
client_3,23960,108,130,10,11,99,119,15,Train/15/00015_00018_00020.png
client_3,36972,45,44,6,6,40,39,38,Train/38/00038_00032_00013.png
client_3,34983,33,33,5,5,28,28,35,Train/35/00035_00026_00004.png
client_3,15192,36,34,6,5,30,29,10,Train/10/00010_00005_00012.png
client_3,32006,74,69,7,6,68,63,30,Train/30/00030_00012_00026.png
client_3,24236,134,134,12,12,122,123,16,Train/16/00016_00006_00026.png
client_3,1616,86,87,7,8,79,79,1,Train/1/00001_00034_00026.png
client_3,17681,39,33,6,6,34,28,11,Train/11/00011_00021_00011.png
client_3,16340,43,42,6,5,38,37,10,Train/10/00010_00043_00020.png
client_3,31352,29,39,5,6,24,34,29,Train/29/00029_00000_00002.png
client_3,15037,39,40,6,5,34,35,10,Train/10/00010_00000_00007.png
client_3,21582,43,44,5,6,38,39,13,Train/13/00013_00037_00012.png
client_3,9088,63,65,5,6,58,60,5,Train/5/00005_00021_00028.png
client_3,6473,72,71,7,6,66,65,4,Train/4/00004_00000_00023.png
client_3,23570,41,41,5,5,36,36,15,Train/15/00015_00005_00020.png
client_3,27169,49,47,5,6,44,42,21,Train/21/00021_00006_00019.png
client_3,15158,30,31,6,6,25,25,10,Train/10/00010_00004_00008.png
client_3,19377,67,72,6,7,61,66,12,Train/12/00012_00033_00027.png
client_3,36830,34,34,6,5,29,29,38,Train/38/00038_00027_00021.png
client_3,20782,70,64,7,5,63,59,13,Train/13/00013_00010_00022.png
client_3,3778,69,62,6,5,63,57,2,Train/2/00002_00032_00028.png
client_3,36371,30,30,5,6,25,25,38,Train/38/00038_00012_00012.png
client_3,31776,35,34,5,6,30,29,30,Train/30/00030_00005_00006.png
client_3,2884,50,49,6,6,45,44,2,Train/2/00002_00003_00004.png
client_3,27742,141,132,12,12,129,121,23,Train/23/00023_00001_00022.png
client_3,24280,65,66,6,6,60,60,16,Train/16/00016_00008_00010.png
client_3,5807,42,42,5,5,37,37,3,Train/3/00003_00025_00017.png
client_3,22532,34,33,6,5,29,28,13,Train/13/00013_00069_00002.png
client_3,37457,43,46,5,6,38,41,38,Train/38/00038_00048_00018.png
client_3,3626,55,55,5,6,50,50,2,Train/2/00002_00027_00026.png
client_3,12426,34,33,6,5,29,28,8,Train/8/00008_00009_00006.png
client_3,35975,42,47,5,6,37,41,37,Train/37/00037_00006_00006.png
client_3,8616,34,35,5,6,29,30,5,Train/5/00005_00006_00006.png
client_3,17852,47,45,5,6,42,40,11,Train/11/00011_00027_00002.png
client_3,488,63,69,6,6,58,63,0,Train/0/00000_00004_00008.png
client_3,31199,135,122,12,11,124,111,28,Train/28/00028_00012_00029.png
client_3,34344,57,59,5,6,52,54,35,Train/35/00035_00004_00025.png
client_3,34795,53,53,6,5,48,48,35,Train/35/00035_00019_00026.png
client_3,23498,31,34,6,5,26,29,15,Train/15/00015_00003_00008.png
client_3,8426,55,55,5,5,50,50,4,Train/4/00004_00065_00026.png
client_3,37595,31,31,5,5,26,26,38,Train/38/00038_00053_00006.png
client_3,38675,35,38,6,6,30,33,40,Train/40/00040_00010_00006.png
client_3,19762,47,49,6,6,42,44,12,Train/12/00012_00046_00022.png
client_3,14663,74,73,7,6,68,67,9,Train/9/00009_00036_00023.png
client_3,22256,97,89,9,8,89,82,13,Train/13/00013_00059_00026.png
client_3,30537,91,81,8,8,83,74,26,Train/26/00026_00018_00027.png
client_3,35518,104,114,9,10,94,104,36,Train/36/00036_00003_00029.png
client_3,13739,85,89,8,8,78,81,9,Train/9/00009_00005_00029.png
client_3,11292,37,38,6,5,31,32,7,Train/7/00007_00019_00012.png
client_3,22965,51,51,5,5,46,46,14,Train/14/00014_00011_00015.png
client_3,30320,79,72,7,6,72,66,26,Train/26/00026_00011_00020.png
client_3,18779,86,94,7,8,79,86,12,Train/12/00012_00013_00029.png
client_3,3004,37,35,6,5,31,29,2,Train/2/00002_00007_00004.png
client_3,11667,56,57,6,6,51,52,7,Train/7/00007_00031_00027.png
client_3,9832,60,61,5,5,55,56,5,Train/5/00005_00046_00022.png
client_3,19296,42,42,6,5,37,37,12,Train/12/00012_00031_00006.png
client_3,27671,42,41,6,6,37,36,22,Train/22/00022_00012_00011.png
client_3,33474,42,40,5,5,37,34,33,Train/33/00033_00012_00024.png
client_3,21991,33,30,6,5,28,25,13,Train/13/00013_00051_00001.png
client_3,9750,33,34,5,5,28,29,5,Train/5/00005_00044_00000.png
client_3,23076,37,36,6,5,32,31,14,Train/14/00014_00015_00006.png
client_3,30931,30,29,5,5,25,24,28,Train/28/00028_00004_00001.png
client_3,9808,83,81,7,8,76,73,5,Train/5/00005_00045_00028.png
client_3,35872,95,94,8,9,87,86,37,Train/37/00037_00002_00023.png
client_3,1132,85,87,8,7,78,80,1,Train/1/00001_00018_00022.png
client_3,24095,32,32,6,6,27,27,16,Train/16/00016_00002_00005.png
client_3,8945,35,36,5,6,30,31,5,Train/5/00005_00017_00005.png
client_3,33355,81,83,8,8,74,76,33,Train/33/00033_00008_00025.png
client_3,29136,44,42,6,5,39,37,25,Train/25/00025_00022_00006.png
client_3,21430,46,37,6,5,41,32,13,Train/13/00013_00032_00010.png
client_3,17639,61,59,6,6,56,54,11,Train/11/00011_00019_00029.png
client_3,24454,27,33,6,6,22,28,17,Train/17/00017_00000_00004.png
client_3,1151,34,35,5,6,29,30,1,Train/1/00001_00019_00011.png
client_3,38709,45,48,6,6,40,42,40,Train/40/00040_00011_00010.png
client_3,15758,33,33,6,5,28,28,10,Train/10/00010_00024_00008.png
client_3,20422,46,45,5,6,41,40,12,Train/12/00012_00068_00022.png
client_3,30047,40,36,6,5,35,31,26,Train/26/00026_00002_00017.png
client_3,27455,36,32,6,5,31,27,22,Train/22/00022_00005_00005.png
client_3,5844,49,50,6,6,44,45,3,Train/3/00003_00026_00024.png
client_3,8500,30,31,5,6,25,26,5,Train/5/00005_00002_00010.png
client_3,33948,40,45,5,6,35,40,34,Train/34/00034_00005_00019.png
client_3,17873,99,85,9,7,91,78,11,Train/11/00011_00027_00023.png
client_3,30227,50,46,5,6,45,41,26,Train/26/00026_00008_00017.png
client_3,18863,48,46,6,5,43,41,12,Train/12/00012_00016_00023.png
client_3,27415,80,68,8,6,73,62,22,Train/22/00022_00003_00025.png
client_3,29589,36,34,5,6,31,29,25,Train/25/00025_00037_00009.png
client_3,4744,44,43,6,5,38,38,2,Train/2/00002_00065_00004.png
client_3,1082,34,34,6,6,29,29,1,Train/1/00001_00017_00002.png
client_3,21524,61,69,5,6,56,63,13,Train/13/00013_00035_00014.png
client_3,28426,57,51,6,5,52,46,24,Train/24/00024_00007_00016.png
client_3,12584,43,45,5,6,38,40,8,Train/8/00008_00014_00014.png
client_3,37883,61,60,6,5,56,55,38,Train/38/00038_00062_00024.png
client_3,18763,36,37,5,6,31,32,12,Train/12/00012_00013_00013.png
client_3,5956,41,42,6,6,36,37,3,Train/3/00003_00030_00016.png
client_3,771,73,84,7,7,67,77,1,Train/1/00001_00006_00021.png
client_3,34500,40,40,6,6,34,35,35,Train/35/00035_00010_00001.png
client_3,33247,70,69,7,7,63,62,33,Train/33/00033_00005_00007.png
client_3,24212,74,73,7,6,68,67,16,Train/16/00016_00006_00002.png
client_3,14169,30,30,6,5,25,25,9,Train/9/00009_00020_00009.png
client_3,37822,51,56,5,6,46,51,38,Train/38/00038_00060_00023.png
client_3,10931,38,39,5,6,33,34,7,Train/7/00007_00007_00011.png
client_3,25062,34,31,5,5,29,26,17,Train/17/00017_00020_00012.png
client_3,22033,42,37,6,6,37,32,13,Train/13/00013_00052_00013.png
client_3,1428,45,53,6,6,40,48,1,Train/1/00001_00028_00018.png
client_3,13942,65,64,6,5,59,59,9,Train/9/00009_00012_00022.png
client_3,31564,36,37,5,6,30,31,29,Train/29/00029_00007_00004.png
client_3,9433,34,35,6,5,29,30,5,Train/5/00005_00033_00013.png
client_3,26894,54,50,6,5,49,45,19,Train/19/00019_00004_00014.png
client_3,7296,33,33,5,5,28,28,4,Train/4/00004_00028_00006.png
client_3,8658,42,42,5,5,37,37,5,Train/5/00005_00007_00018.png
client_3,31556,80,72,7,7,73,66,29,Train/29/00029_00006_00026.png
client_3,6041,35,34,6,5,30,29,3,Train/3/00003_00033_00011.png
client_3,3263,96,95,9,8,88,86,2,Train/2/00002_00015_00023.png
client_3,31636,49,44,5,5,44,39,30,Train/30/00030_00000_00016.png
client_3,1494,68,83,7,7,62,75,1,Train/1/00001_00030_00024.png
client_3,34317,48,54,6,6,42,48,35,Train/35/00035_00003_00028.png
client_3,22693,43,44,5,6,37,38,14,Train/14/00014_00002_00013.png
client_3,33890,86,92,8,8,78,83,34,Train/34/00034_00003_00021.png
client_3,5392,58,58,6,5,53,53,3,Train/3/00003_00011_00022.png
client_3,37231,27,31,5,6,22,26,38,Train/38/00038_00041_00002.png
client_3,27735,100,95,9,9,92,87,23,Train/23/00023_00001_00015.png
client_3,2551,37,38,6,6,31,33,1,Train/1/00001_00066_00001.png
client_3,31704,97,85,9,7,89,78,30,Train/30/00030_00002_00024.png
client_3,29715,58,55,5,6,52,50,25,Train/25/00025_00041_00015.png
client_3,36658,68,70,7,7,62,64,38,Train/38/00038_00021_00029.png
client_3,23351,32,33,5,5,27,27,14,Train/14/00014_00024_00011.png
client_3,10285,52,52,6,5,46,46,5,Train/5/00005_00061_00025.png
client_3,21087,128,113,11,9,117,103,13,Train/13/00013_00020_00027.png
client_3,22219,39,41,6,6,34,36,13,Train/13/00013_00058_00019.png
client_3,21856,48,50,5,6,43,45,13,Train/13/00013_00046_00016.png
client_3,18943,38,39,6,6,33,34,12,Train/12/00012_00019_00013.png
client_3,22955,42,44,5,6,37,39,14,Train/14/00014_00011_00005.png
client_3,10762,38,39,6,6,33,34,7,Train/7/00007_00001_00022.png
client_3,13279,43,42,6,5,38,37,8,Train/8/00008_00037_00019.png
client_3,24109,39,41,5,6,34,36,16,Train/16/00016_00002_00019.png
client_3,29673,32,31,6,6,27,26,25,Train/25/00025_00040_00003.png
client_3,33662,30,30,5,5,24,25,33,Train/33/00033_00019_00002.png
client_3,29272,62,60,6,5,57,55,25,Train/25/00025_00026_00022.png
client_3,2882,50,49,6,6,45,44,2,Train/2/00002_00003_00002.png
client_3,28834,56,53,6,6,51,47,25,Train/25/00025_00012_00004.png
client_3,9117,74,75,6,7,68,69,5,Train/5/00005_00022_00027.png
client_3,3361,33,33,6,6,28,28,2,Train/2/00002_00019_00001.png
client_3,9855,40,42,5,6,34,36,5,Train/5/00005_00047_00015.png
client_3,13816,35,35,6,6,30,30,9,Train/9/00009_00008_00016.png
client_3,21328,50,47,5,5,45,42,13,Train/13/00013_00028_00028.png
client_3,21242,32,39,5,6,27,34,13,Train/13/00013_00026_00002.png
client_3,38684,47,49,6,5,42,44,40,Train/40/00040_00010_00015.png
client_3,27401,49,43,6,5,44,38,22,Train/22/00022_00003_00011.png
client_3,22504,55,49,5,6,50,44,13,Train/13/00013_00068_00004.png
client_3,8448,44,46,5,6,39,41,5,Train/5/00005_00000_00018.png
client_3,30342,38,34,5,5,32,28,26,Train/26/00026_00012_00012.png
client_3,34720,41,43,5,5,36,38,35,Train/35/00035_00017_00011.png
client_3,5229,51,52,6,5,46,46,3,Train/3/00003_00006_00009.png
client_3,4512,37,37,5,6,32,32,2,Train/2/00002_00057_00012.png
client_3,17710,62,58,5,5,57,53,11,Train/11/00011_00022_00010.png
client_3,13770,25,26,5,5,20,21,9,Train/9/00009_00007_00000.png
client_3,31338,59,56,5,6,53,51,28,Train/28/00028_00017_00018.png
client_3,28093,53,49,6,5,48,44,23,Train/23/00023_00013_00013.png
client_3,14957,67,61,6,6,61,56,9,Train/9/00009_00046_00017.png
client_3,13973,69,69,6,7,62,63,9,Train/9/00009_00013_00023.png
client_3,14980,35,36,6,6,30,31,9,Train/9/00009_00047_00010.png
client_3,21553,42,41,5,6,37,36,13,Train/13/00013_00036_00013.png
client_3,16258,67,67,6,6,61,61,10,Train/10/00010_00040_00028.png
client_3,33457,36,34,5,5,31,29,33,Train/33/00033_00012_00007.png
client_3,33680,34,36,5,5,29,31,33,Train/33/00033_00019_00020.png
client_3,26651,53,54,5,6,48,49,18,Train/18/00018_00036_00011.png
client_3,8963,63,63,5,5,58,58,5,Train/5/00005_00017_00023.png
client_3,30615,52,48,6,5,47,43,27,Train/27/00027_00001_00015.png
client_3,37710,29,31,6,5,24,25,38,Train/38/00038_00057_00001.png
client_3,12821,35,34,5,5,30,28,8,Train/8/00008_00022_00011.png
client_3,13659,32,33,5,6,27,28,9,Train/9/00009_00003_00009.png
client_3,19164,68,68,6,6,62,62,12,Train/12/00012_00026_00024.png
client_3,36698,35,35,6,5,30,30,38,Train/38/00038_00023_00009.png
client_3,9710,49,50,5,5,44,45,5,Train/5/00005_00042_00020.png
client_3,25683,63,57,5,5,58,52,18,Train/18/00018_00004_00003.png
client_3,23533,37,38,5,5,31,32,15,Train/15/00015_00004_00013.png
client_3,21375,48,46,5,6,43,41,13,Train/13/00013_00030_00015.png
client_3,15990,29,26,5,6,24,21,10,Train/10/00010_00032_00000.png
client_3,18131,56,57,5,5,50,51,11,Train/11/00011_00036_00011.png
client_3,10296,32,34,5,6,27,29,6,Train/6/00006_00000_00006.png
client_3,3100,33,32,5,6,27,27,2,Train/2/00002_00010_00010.png
client_3,39201,47,50,5,6,42,45,42,Train/42/00042_00007_00022.png
client_3,8928,46,47,5,6,41,42,5,Train/5/00005_00016_00018.png
client_3,11163,35,36,6,5,30,31,7,Train/7/00007_00015_00003.png
client_3,18959,169,165,15,14,155,151,12,Train/12/00012_00019_00029.png
client_3,19433,53,53,6,5,48,48,12,Train/12/00012_00035_00023.png
client_3,6255,35,36,6,5,30,31,3,Train/3/00003_00040_00015.png
client_3,22208,31,32,5,6,26,27,13,Train/13/00013_00058_00008.png
client_3,24468,28,34,5,6,23,28,17,Train/17/00017_00000_00018.png
client_3,5160,30,31,5,6,25,26,3,Train/3/00003_00004_00000.png
client_3,26888,45,42,6,5,40,37,19,Train/19/00019_00004_00008.png
client_3,18898,108,107,10,9,99,98,12,Train/12/00012_00017_00028.png
client_3,35442,39,40,6,6,33,34,36,Train/36/00036_00001_00013.png
client_3,19389,61,61,6,5,56,55,12,Train/12/00012_00034_00009.png
client_3,6629,142,140,12,13,130,128,4,Train/4/00004_00005_00029.png
client_3,9134,39,39,6,6,34,34,5,Train/5/00005_00023_00014.png
client_3,24059,200,195,18,17,183,179,16,Train/16/00016_00000_00029.png
client_3,17395,98,86,9,7,90,79,11,Train/11/00011_00011_00025.png
client_3,12834,60,59,6,5,55,54,8,Train/8/00008_00022_00024.png
client_3,20600,57,48,5,5,51,43,13,Train/13/00013_00004_00020.png
client_3,33529,41,44,5,6,36,39,33,Train/33/00033_00014_00019.png
client_3,8361,45,44,6,5,40,39,4,Train/4/00004_00063_00021.png
client_3,22946,131,142,11,12,120,130,14,Train/14/00014_00010_00026.png
client_3,5799,32,34,5,6,27,29,3,Train/3/00003_00025_00009.png
client_3,10065,37,35,6,5,32,30,5,Train/5/00005_00054_00015.png
client_3,20101,38,37,5,5,33,32,12,Train/12/00012_00058_00001.png
client_3,1850,59,59,6,6,54,54,1,Train/1/00001_00042_00020.png
client_3,20551,27,28,5,5,22,23,13,Train/13/00013_00003_00001.png
client_3,34491,61,59,6,5,56,54,35,Train/35/00035_00009_00022.png
client_3,20882,45,42,5,6,39,37,13,Train/13/00013_00014_00002.png
client_3,18125,52,51,6,5,46,45,11,Train/11/00011_00036_00005.png
client_3,22802,32,33,6,5,27,28,14,Train/14/00014_00006_00002.png
client_3,17956,34,36,5,6,29,31,11,Train/11/00011_00030_00016.png
client_3,28063,35,36,5,5,30,31,23,Train/23/00023_00012_00013.png
client_3,38685,49,52,6,6,43,47,40,Train/40/00040_00010_00016.png
client_3,39023,69,68,7,7,63,62,42,Train/42/00042_00001_00024.png
client_3,33766,47,45,6,5,42,40,33,Train/33/00033_00022_00017.png
client_3,36422,29,30,6,5,24,25,38,Train/38/00038_00014_00003.png
client_3,37542,41,41,5,5,36,36,38,Train/38/00038_00051_00013.png
client_3,21384,77,70,7,6,71,64,13,Train/13/00013_00030_00024.png
client_3,16491,48,48,6,6,43,43,10,Train/10/00010_00048_00021.png
client_3,21171,50,69,6,6,45,63,13,Train/13/00013_00023_00021.png
client_3,32043,30,29,5,5,25,24,30,Train/30/00030_00014_00003.png
client_3,34401,57,57,5,5,52,52,35,Train/35/00035_00006_00022.png
client_3,1316,32,34,6,6,27,28,1,Train/1/00001_00024_00026.png
client_3,4656,36,36,5,5,31,31,2,Train/2/00002_00062_00006.png
client_3,28531,27,28,5,6,22,22,25,Train/25/00025_00002_00001.png
client_3,11206,51,51,6,6,46,46,7,Train/7/00007_00016_00016.png
client_3,24819,29,27,5,5,24,22,17,Train/17/00017_00012_00009.png
client_3,23050,55,62,6,5,49,57,14,Train/14/00014_00014_00010.png
client_3,16363,34,34,6,6,29,29,10,Train/10/00010_00044_00013.png
client_3,31195,76,72,7,7,70,66,28,Train/28/00028_00012_00025.png
client_3,21643,38,32,5,5,33,27,13,Train/13/00013_00039_00013.png
client_3,27035,35,33,6,6,30,28,21,Train/21/00021_00002_00005.png
client_3,25870,84,74,8,7,77,68,18,Train/18/00018_00010_00010.png
client_3,4843,37,37,6,6,32,31,2,Train/2/00002_00068_00013.png
client_3,8421,43,45,5,6,38,40,4,Train/4/00004_00065_00021.png
client_3,33606,32,39,5,6,26,34,33,Train/33/00033_00017_00006.png
client_3,7408,48,49,6,6,43,44,4,Train/4/00004_00031_00028.png
client_3,22586,146,131,12,11,134,120,13,Train/13/00013_00070_00026.png
client_3,29540,49,46,5,5,44,41,25,Train/25/00025_00035_00020.png
client_3,20559,39,39,6,6,34,34,13,Train/13/00013_00003_00009.png
client_3,15057,55,56,6,5,50,51,10,Train/10/00010_00000_00027.png
client_3,24315,35,36,5,5,30,31,16,Train/16/00016_00009_00015.png
client_3,33683,36,37,5,5,30,32,33,Train/33/00033_00019_00023.png
client_3,33918,73,74,6,7,67,68,34,Train/34/00034_00004_00019.png
client_3,26594,45,40,6,6,40,35,18,Train/18/00018_00034_00014.png
client_3,17157,140,123,13,10,128,113,11,Train/11/00011_00003_00027.png
client_3,19773,39,42,6,6,34,37,12,Train/12/00012_00047_00003.png
client_3,2826,28,30,5,6,23,25,2,Train/2/00002_00001_00006.png
client_3,32814,57,53,6,5,52,48,31,Train/31/00031_00024_00024.png
client_3,22231,89,83,8,7,81,75,13,Train/13/00013_00059_00001.png
client_3,38327,43,44,5,6,38,39,39,Train/39/00039_00008_00018.png
client_3,16900,33,34,5,5,28,29,10,Train/10/00010_00062_00010.png
client_3,15648,38,39,5,6,33,34,10,Train/10/00010_00020_00018.png
client_3,30345,43,39,5,5,37,33,26,Train/26/00026_00012_00015.png
client_3,11676,34,34,5,5,28,28,7,Train/7/00007_00032_00006.png
client_3,9278,37,37,5,5,32,32,5,Train/5/00005_00028_00008.png
client_3,20819,71,100,6,9,65,92,13,Train/13/00013_00011_00029.png
client_3,19848,43,44,6,6,38,39,12,Train/12/00012_00049_00018.png
client_3,34549,41,42,5,5,36,37,35,Train/35/00035_00011_00020.png
client_3,36804,33,35,6,5,28,30,38,Train/38/00038_00026_00025.png
client_3,21421,34,31,6,6,29,26,13,Train/13/00013_00032_00001.png
client_3,32903,45,43,6,6,40,38,32,Train/32/00032_00001_00023.png
client_3,30712,63,59,6,6,58,54,27,Train/27/00027_00004_00022.png
client_3,22726,63,68,5,6,58,61,14,Train/14/00014_00003_00016.png
client_3,11757,57,62,5,5,52,57,7,Train/7/00007_00034_00027.png
client_3,10366,43,45,6,6,38,40,6,Train/6/00006_00002_00016.png
client_3,2601,58,59,5,6,53,54,1,Train/1/00001_00067_00021.png
client_3,33536,44,45,6,5,39,40,33,Train/33/00033_00014_00026.png
client_3,21672,38,35,6,6,33,30,13,Train/13/00013_00040_00012.png
client_3,27459,38,34,6,5,33,29,22,Train/22/00022_00005_00009.png
client_3,29255,36,32,6,5,31,27,25,Train/25/00025_00026_00005.png
client_3,26579,205,192,17,17,188,176,18,Train/18/00018_00033_00029.png
client_3,2918,33,34,5,6,28,29,2,Train/2/00002_00004_00008.png
client_3,16384,37,38,5,6,32,33,10,Train/10/00010_00045_00004.png
client_3,17581,43,42,6,6,38,37,11,Train/11/00011_00018_00001.png
client_3,35907,72,70,7,7,66,64,37,Train/37/00037_00003_00028.png
client_3,13623,40,39,6,6,34,33,9,Train/9/00009_00002_00003.png
client_3,6171,51,50,5,5,46,45,3,Train/3/00003_00037_00021.png
client_3,38034,68,72,6,6,62,66,38,Train/38/00038_00067_00025.png
client_3,16512,35,35,5,5,30,30,10,Train/10/00010_00049_00012.png
client_3,33666,31,32,5,5,26,27,33,Train/33/00033_00019_00006.png
client_3,30665,43,43,6,5,38,38,27,Train/27/00027_00003_00005.png
client_3,11656,34,35,5,6,28,30,7,Train/7/00007_00031_00016.png
client_3,14888,32,32,5,5,26,26,9,Train/9/00009_00044_00008.png
client_3,15238,60,60,6,6,55,55,10,Train/10/00010_00006_00028.png
client_3,20978,48,47,5,6,43,42,13,Train/13/00013_00017_00008.png
client_3,18980,43,48,5,6,38,43,12,Train/12/00012_00020_00020.png
client_3,20081,46,48,6,6,41,43,12,Train/12/00012_00057_00011.png
client_3,37161,53,52,6,5,48,47,38,Train/38/00038_00038_00022.png
client_3,2554,39,42,6,6,34,36,1,Train/1/00001_00066_00004.png
client_3,6280,61,61,5,5,56,56,3,Train/3/00003_00041_00010.png
client_3,33576,38,40,5,5,33,35,33,Train/33/00033_00016_00006.png
client_3,19613,48,49,5,6,43,44,12,Train/12/00012_00041_00023.png
client_3,36430,30,33,5,6,25,28,38,Train/38/00038_00014_00011.png
client_3,20087,47,48,6,5,42,43,12,Train/12/00012_00057_00017.png
client_3,20989,70,62,6,5,64,57,13,Train/13/00013_00017_00019.png
client_3,19980,32,31,6,5,27,26,12,Train/12/00012_00054_00000.png
client_3,6927,45,44,5,5,40,39,4,Train/4/00004_00015_00027.png
client_3,31300,41,42,5,5,36,37,28,Train/28/00028_00016_00010.png
client_3,20710,48,55,6,6,43,50,13,Train/13/00013_00008_00010.png
client_3,34064,40,40,5,5,35,35,34,Train/34/00034_00009_00015.png
client_3,28064,35,37,5,6,30,31,23,Train/23/00023_00012_00014.png
client_3,9475,47,50,6,5,42,45,5,Train/5/00005_00034_00025.png
client_3,24130,37,38,5,5,32,33,16,Train/16/00016_00003_00010.png
client_3,23925,42,42,5,5,37,37,15,Train/15/00015_00017_00015.png
client_3,35934,54,55,6,6,48,49,37,Train/37/00037_00004_00025.png
client_3,15972,37,37,6,6,31,31,10,Train/10/00010_00031_00012.png
client_3,7597,32,33,5,6,27,28,4,Train/4/00004_00038_00007.png
client_3,15223,38,38,6,6,33,33,10,Train/10/00010_00006_00013.png
client_3,9022,52,52,6,6,47,47,5,Train/5/00005_00019_00022.png
client_3,22500,53,47,5,6,48,42,13,Train/13/00013_00068_00000.png
client_3,25639,54,49,6,5,49,44,18,Train/18/00018_00002_00019.png
client_3,702,28,29,5,5,23,24,1,Train/1/00001_00004_00012.png
client_3,27949,75,70,6,6,69,64,23,Train/23/00023_00008_00019.png
client_3,13009,39,36,5,6,34,31,8,Train/8/00008_00028_00019.png
client_3,9919,39,41,5,5,34,36,5,Train/5/00005_00049_00019.png
client_3,5140,37,37,6,5,32,32,3,Train/3/00003_00003_00010.png
client_3,15408,42,42,6,6,37,37,10,Train/10/00010_00012_00018.png
client_3,24720,30,33,6,6,25,28,17,Train/17/00017_00009_00000.png
client_3,34235,30,29,6,5,25,24,35,Train/35/00035_00001_00006.png
client_3,20888,51,48,5,6,46,43,13,Train/13/00013_00014_00008.png
client_3,7203,36,34,5,6,31,29,4,Train/4/00004_00025_00003.png
client_3,23058,81,91,8,8,73,83,14,Train/14/00014_00014_00018.png
client_3,35936,57,59,5,5,51,54,37,Train/37/00037_00004_00027.png
client_3,11944,30,30,5,5,24,25,7,Train/7/00007_00041_00004.png
client_3,15925,46,44,5,5,41,39,10,Train/10/00010_00029_00025.png
client_3,6912,36,35,5,5,31,30,4,Train/4/00004_00015_00012.png
client_3,8956,48,47,6,5,43,42,5,Train/5/00005_00017_00016.png
client_3,11114,40,39,5,6,35,34,7,Train/7/00007_00013_00014.png
client_3,28440,34,37,5,5,29,32,24,Train/24/00024_00008_00000.png
client_3,14675,33,33,6,6,28,28,9,Train/9/00009_00037_00005.png
client_3,25864,73,64,6,5,66,59,18,Train/18/00018_00010_00004.png
client_3,9072,38,37,6,5,33,32,5,Train/5/00005_00021_00012.png
client_3,34453,55,54,6,6,50,49,35,Train/35/00035_00008_00014.png
client_3,20762,31,31,5,5,25,26,13,Train/13/00013_00010_00002.png
client_3,31886,75,69,6,7,69,63,30,Train/30/00030_00008_00026.png
client_3,23968,120,142,11,12,110,130,15,Train/15/00015_00018_00028.png
client_3,9931,30,29,6,5,25,24,5,Train/5/00005_00050_00001.png
client_3,1564,31,30,6,5,26,25,1,Train/1/00001_00033_00004.png
client_3,18505,33,29,6,5,28,23,12,Train/12/00012_00004_00025.png
client_3,3216,26,29,5,5,21,24,2,Train/2/00002_00014_00006.png
client_3,23573,48,48,6,6,43,43,15,Train/15/00015_00005_00023.png
client_3,31893,43,42,6,5,38,37,30,Train/30/00030_00009_00003.png
client_3,24891,31,36,6,6,26,31,17,Train/17/00017_00014_00021.png
client_3,3929,75,73,7,6,69,67,2,Train/2/00002_00037_00029.png
client_3,10731,51,51,5,6,46,45,7,Train/7/00007_00000_00021.png
client_3,6136,40,41,5,5,35,36,3,Train/3/00003_00036_00016.png
client_3,38276,43,42,6,5,38,37,39,Train/39/00039_00006_00027.png
client_3,26689,54,55,5,6,49,50,18,Train/18/00018_00037_00019.png
client_3,34138,115,118,10,10,105,108,34,Train/34/00034_00011_00029.png
client_3,37543,45,45,5,5,39,39,38,Train/38/00038_00051_00014.png
client_3,26813,74,66,6,6,68,60,19,Train/19/00019_00001_00023.png
client_3,7368,48,47,6,5,43,42,4,Train/4/00004_00030_00018.png
client_3,32029,45,41,5,6,40,36,30,Train/30/00030_00013_00019.png
client_3,246,32,31,6,5,27,26,20,Train/20/00020_00008_00006.png
client_3,33369,82,81,8,7,75,74,33,Train/33/00033_00009_00009.png
client_3,30619,65,59,6,6,60,54,27,Train/27/00027_00001_00019.png
client_3,17167,40,39,5,6,35,34,11,Train/11/00011_00004_00007.png
client_3,13731,46,47,5,6,41,42,9,Train/9/00009_00005_00021.png
client_3,7286,52,53,5,6,47,48,4,Train/4/00004_00027_00026.png
client_3,15008,30,30,6,5,25,25,9,Train/9/00009_00048_00008.png
client_3,29730,30,30,5,5,25,25,25,Train/25/00025_00042_00000.png
client_3,3564,57,56,6,5,52,51,2,Train/2/00002_00025_00024.png
client_3,10264,28,28,6,5,23,23,5,Train/5/00005_00061_00004.png
client_3,1838,38,39,5,5,33,34,1,Train/1/00001_00042_00008.png
client_3,7575,42,41,6,5,37,36,4,Train/4/00004_00037_00015.png
client_3,7969,41,43,5,6,36,38,4,Train/4/00004_00050_00019.png
client_3,25430,34,38,5,5,29,33,17,Train/17/00017_00032_00020.png
client_3,29885,62,57,5,6,57,52,25,Train/25/00025_00047_00005.png
client_3,26739,45,41,5,5,39,36,18,Train/18/00018_00039_00009.png
client_3,20258,32,33,6,6,27,28,12,Train/12/00012_00063_00008.png
client_3,1285,42,44,5,6,37,39,1,Train/1/00001_00023_00025.png
client_3,8452,51,52,5,5,46,47,5,Train/5/00005_00000_00022.png
client_3,20452,73,75,7,6,67,69,12,Train/12/00012_00069_00022.png
client_3,1437,94,111,8,10,85,102,1,Train/1/00001_00028_00027.png
client_3,19360,44,49,6,5,39,44,12,Train/12/00012_00033_00010.png
client_3,956,74,75,6,7,68,69,1,Train/1/00001_00012_00026.png
client_3,33111,64,68,6,6,58,62,33,Train/33/00033_00000_00021.png
client_3,4664,45,47,5,6,40,42,2,Train/2/00002_00062_00014.png
client_3,17009,45,46,5,5,40,41,10,Train/10/00010_00065_00029.png
client_3,36669,32,36,5,6,27,31,38,Train/38/00038_00022_00010.png
client_3,32828,44,41,6,6,39,36,31,Train/31/00031_00025_00008.png
client_3,37919,29,30,5,6,24,25,38,Train/38/00038_00064_00000.png
client_3,16876,43,36,6,6,38,31,10,Train/10/00010_00061_00016.png
client_3,6485,42,42,5,5,37,37,4,Train/4/00004_00001_00005.png
client_3,18847,30,31,5,6,25,26,12,Train/12/00012_00016_00007.png
client_3,36095,39,41,5,6,33,36,38,Train/38/00038_00003_00006.png
client_3,21469,69,61,7,6,63,56,13,Train/13/00013_00033_00019.png
client_3,33731,39,44,5,6,34,38,33,Train/33/00033_00021_00012.png
client_3,0,27,26,5,5,22,20,20,Train/20/00020_00000_00000.png
client_3,23510,39,43,6,6,34,37,15,Train/15/00015_00003_00020.png
client_3,24626,56,59,5,6,51,53,17,Train/17/00017_00005_00026.png
client_3,27416,82,72,7,7,75,66,22,Train/22/00022_00003_00026.png
client_3,27619,42,41,6,6,37,36,22,Train/22/00022_00010_00019.png
client_3,21669,41,39,6,6,36,34,13,Train/13/00013_00040_00009.png
client_3,27897,72,65,7,6,66,60,23,Train/23/00023_00006_00027.png
client_3,1011,48,49,6,5,43,43,1,Train/1/00001_00014_00021.png
client_3,24310,33,33,5,5,28,28,16,Train/16/00016_00009_00010.png
client_3,33297,120,119,11,10,109,108,33,Train/33/00033_00006_00027.png
client_3,35789,36,36,6,6,31,31,37,Train/37/00037_00000_00000.png
client_3,19599,32,31,6,5,27,26,12,Train/12/00012_00041_00009.png
client_3,23056,70,84,6,8,64,77,14,Train/14/00014_00014_00016.png
client_3,39048,39,39,6,6,34,34,42,Train/42/00042_00002_00019.png
client_3,14881,28,28,5,5,22,22,9,Train/9/00009_00044_00001.png
client_3,21821,83,82,8,7,76,75,13,Train/13/00013_00045_00011.png
client_3,35052,38,39,5,5,33,34,35,Train/35/00035_00028_00013.png
client_3,23169,54,58,5,6,49,53,14,Train/14/00014_00018_00009.png
client_3,31872,41,36,6,6,36,31,30,Train/30/00030_00008_00012.png
client_3,28813,76,82,6,7,70,75,25,Train/25/00025_00011_00013.png
client_3,14418,59,60,5,5,54,55,9,Train/9/00009_00028_00018.png
client_3,31775,36,34,6,6,31,29,30,Train/30/00030_00005_00005.png
client_3,27265,92,86,8,8,84,79,21,Train/21/00021_00009_00025.png
client_3,3397,30,31,6,6,25,26,2,Train/2/00002_00020_00007.png
client_3,15325,55,54,6,5,50,49,10,Train/10/00010_00009_00025.png
client_3,1140,29,29,6,6,24,24,1,Train/1/00001_00019_00000.png
client_3,28512,82,75,8,7,75,69,25,Train/25/00025_00001_00012.png
client_3,34759,41,42,5,5,36,37,35,Train/35/00035_00018_00020.png
client_3,35890,35,36,5,6,29,30,37,Train/37/00037_00003_00011.png
client_3,25316,63,64,5,5,58,59,17,Train/17/00017_00028_00026.png
client_3,21486,36,35,6,6,31,29,13,Train/13/00013_00034_00006.png
client_3,37015,70,75,6,6,64,69,38,Train/38/00038_00033_00026.png
client_3,12774,71,70,7,6,65,64,8,Train/8/00008_00020_00024.png
client_3,20875,81,69,8,6,73,62,13,Train/13/00013_00013_00025.png
client_3,2396,72,73,7,7,66,67,1,Train/1/00001_00060_00026.png
client_3,14270,43,45,6,6,38,40,9,Train/9/00009_00023_00020.png
client_3,28508,74,70,6,7,68,64,25,Train/25/00025_00001_00008.png
client_3,5239,62,67,5,6,56,61,3,Train/3/00003_00006_00019.png
client_3,9814,31,33,5,6,26,28,5,Train/5/00005_00046_00004.png
client_3,28502,64,62,5,6,59,57,25,Train/25/00025_00001_00002.png
client_3,20700,40,44,6,6,35,39,13,Train/13/00013_00008_00000.png
client_3,33818,33,32,5,5,28,26,34,Train/34/00034_00001_00009.png
client_3,37017,95,98,9,8,87,90,38,Train/38/00038_00033_00028.png
client_3,29364,100,97,8,8,92,89,25,Train/25/00025_00029_00024.png
client_3,302,33,29,6,5,28,24,20,Train/20/00020_00010_00002.png
client_3,1696,38,37,5,5,32,32,1,Train/1/00001_00037_00016.png
client_3,25040,53,56,6,6,48,51,17,Train/17/00017_00019_00020.png
client_3,23904,52,51,5,5,47,46,15,Train/15/00015_00016_00024.png
client_3,9604,28,28,5,5,22,23,5,Train/5/00005_00039_00004.png
client_3,13256,85,88,7,8,78,81,8,Train/8/00008_00036_00026.png
client_3,34164,37,40,5,6,32,35,34,Train/34/00034_00012_00025.png
client_3,7198,84,79,8,7,77,72,4,Train/4/00004_00024_00028.png
client_3,22550,48,48,6,6,43,43,13,Train/13/00013_00069_00020.png
client_3,26832,57,51,5,6,52,46,19,Train/19/00019_00002_00012.png
client_3,28618,75,69,7,7,69,63,25,Train/25/00025_00004_00028.png
client_3,16633,48,49,5,5,43,44,10,Train/10/00010_00053_00013.png
client_3,3286,41,44,5,6,36,39,2,Train/2/00002_00016_00016.png
client_3,415,50,52,5,5,45,47,0,Train/0/00000_00001_00025.png
client_3,19730,71,73,7,6,65,67,12,Train/12/00012_00045_00020.png
client_3,18942,37,38,5,5,32,33,12,Train/12/00012_00019_00012.png
client_3,25464,35,36,5,6,30,31,17,Train/17/00017_00033_00024.png
client_3,21433,52,43,6,6,47,38,13,Train/13/00013_00032_00013.png
client_3,13974,71,71,6,6,65,65,9,Train/9/00009_00013_00024.png
client_3,33564,47,57,6,5,42,52,33,Train/33/00033_00015_00024.png
client_3,37868,31,31,5,5,26,26,38,Train/38/00038_00062_00009.png
client_3,17551,28,26,6,5,23,21,11,Train/11/00011_00017_00001.png
client_3,2154,70,69,7,6,64,63,1,Train/1/00001_00052_00024.png
client_3,18997,42,44,5,5,37,39,12,Train/12/00012_00021_00007.png
client_3,36326,49,48,5,5,44,43,38,Train/38/00038_00010_00027.png
client_3,36749,29,29,5,5,24,24,38,Train/38/00038_00025_00000.png
client_3,10495,64,67,5,6,59,61,6,Train/6/00006_00006_00025.png
client_3,25243,30,31,6,5,25,26,17,Train/17/00017_00026_00013.png
client_3,10048,72,71,7,7,66,65,5,Train/5/00005_00053_00028.png
client_3,8498,30,28,5,5,25,23,5,Train/5/00005_00002_00008.png
client_3,26575,129,119,12,10,118,109,18,Train/18/00018_00033_00025.png
client_3,33676,33,36,5,6,28,31,33,Train/33/00033_00019_00016.png
client_3,16376,45,47,5,6,40,41,10,Train/10/00010_00044_00026.png
client_3,2900,60,61,5,6,55,56,2,Train/2/00002_00003_00020.png
client_3,16241,34,33,5,6,29,28,10,Train/10/00010_00040_00011.png
client_3,30834,50,46,6,5,45,40,28,Train/28/00028_00000_00024.png
client_3,24504,42,42,5,5,37,37,17,Train/17/00017_00001_00024.png
client_3,27842,31,31,5,6,26,26,23,Train/23/00023_00005_00002.png
client_3,28908,58,52,5,5,52,47,25,Train/25/00025_00014_00018.png
client_3,23187,133,135,11,11,122,124,14,Train/14/00014_00018_00027.png
client_3,31016,94,83,9,7,86,76,28,Train/28/00028_00006_00026.png
client_3,22980,43,43,5,5,38,38,14,Train/14/00014_00012_00000.png
client_3,16208,32,31,6,5,27,26,10,Train/10/00010_00039_00008.png
client_3,9000,30,30,6,6,25,25,5,Train/5/00005_00019_00000.png
client_3,8039,74,71,7,6,67,65,4,Train/4/00004_00052_00029.png
client_3,4676,85,88,7,8,78,81,2,Train/2/00002_00062_00026.png
client_3,10548,35,39,5,5,30,34,6,Train/6/00006_00008_00018.png
client_3,26810,58,54,5,5,53,48,19,Train/19/00019_00001_00020.png
client_3,2483,61,61,5,6,56,56,1,Train/1/00001_00063_00023.png
client_3,22539,35,34,6,5,30,29,13,Train/13/00013_00069_00009.png
client_3,27246,39,37,6,5,34,32,21,Train/21/00021_00009_00006.png
client_3,21196,54,50,5,5,49,44,13,Train/13/00013_00024_00016.png
client_3,2006,80,80,7,7,73,73,1,Train/1/00001_00047_00026.png
client_3,2932,48,49,5,6,43,44,2,Train/2/00002_00004_00022.png
client_3,24846,29,38,5,6,24,33,17,Train/17/00017_00013_00006.png
client_3,13817,36,35,5,5,30,30,9,Train/9/00009_00008_00017.png
client_3,24300,29,30,5,6,24,25,16,Train/16/00016_00009_00000.png
client_3,19614,55,55,6,6,50,50,12,Train/12/00012_00041_00024.png
client_3,19998,50,49,6,5,45,44,12,Train/12/00012_00054_00018.png
client_3,12704,40,42,5,6,35,37,8,Train/8/00008_00018_00014.png
client_3,21487,36,35,6,6,31,29,13,Train/13/00013_00034_00007.png
client_3,37209,45,52,6,6,40,47,38,Train/38/00038_00040_00010.png
client_3,22505,57,50,6,6,52,45,13,Train/13/00013_00068_00005.png
client_3,27238,141,118,12,10,129,108,21,Train/21/00021_00008_00028.png
client_3,14561,36,34,5,5,31,29,9,Train/9/00009_00033_00011.png
client_3,22118,44,42,5,6,39,37,13,Train/13/00013_00055_00008.png
client_3,29700,40,38,6,6,35,33,25,Train/25/00025_00041_00000.png
client_3,1607,45,44,6,5,40,39,1,Train/1/00001_00034_00017.png
client_3,27826,43,37,5,5,37,32,23,Train/23/00023_00004_00016.png
client_3,5150,45,45,6,6,40,40,3,Train/3/00003_00003_00020.png
client_3,14674,33,32,6,5,28,27,9,Train/9/00009_00037_00004.png
client_3,26380,39,37,6,5,34,32,18,Train/18/00018_00027_00010.png
client_3,33394,30,29,6,5,25,24,33,Train/33/00033_00010_00004.png
client_3,6183,27,27,5,5,22,22,3,Train/3/00003_00038_00003.png
client_3,8378,33,31,6,6,27,26,4,Train/4/00004_00064_00008.png
client_3,25386,30,34,5,6,25,29,17,Train/17/00017_00031_00006.png
client_3,33656,47,80,6,8,42,73,33,Train/33/00033_00018_00026.png
client_3,7386,28,29,5,5,23,24,4,Train/4/00004_00031_00006.png
client_3,8715,44,45,5,6,39,40,5,Train/5/00005_00009_00015.png
client_3,22806,34,36,5,6,29,31,14,Train/14/00014_00006_00006.png
client_3,36524,43,43,6,6,38,38,38,Train/38/00038_00017_00015.png
client_3,21732,47,42,6,6,42,37,13,Train/13/00013_00042_00012.png
client_3,33681,35,38,6,6,30,32,33,Train/33/00033_00019_00021.png
client_3,21888,81,73,7,7,74,67,13,Train/13/00013_00047_00018.png
client_3,29633,67,58,6,5,61,53,25,Train/25/00025_00038_00023.png
client_3,23792,32,33,6,5,26,27,15,Train/15/00015_00013_00002.png
client_3,30781,32,30,5,5,27,25,27,Train/27/00027_00007_00001.png
client_3,14036,43,43,5,5,38,38,9,Train/9/00009_00015_00026.png
client_3,10741,26,28,5,6,20,22,7,Train/7/00007_00001_00001.png
client_3,36943,48,48,5,5,43,43,38,Train/38/00038_00031_00014.png
client_3,29529,34,33,5,5,29,28,25,Train/25/00025_00035_00009.png
client_3,18390,30,26,5,5,25,21,12,Train/12/00012_00001_00000.png
client_3,3040,32,33,5,5,27,28,2,Train/2/00002_00008_00010.png
client_3,14299,46,50,6,6,41,45,9,Train/9/00009_00024_00019.png
client_3,30943,42,40,5,5,37,35,28,Train/28/00028_00004_00013.png
client_3,17335,85,75,7,6,78,69,11,Train/11/00011_00009_00025.png
client_3,28264,56,55,5,6,51,49,24,Train/24/00024_00002_00004.png
client_3,1784,46,49,5,6,41,44,1,Train/1/00001_00040_00014.png
client_3,15668,39,38,5,6,34,33,10,Train/10/00010_00021_00008.png
client_3,18693,38,40,5,5,32,34,12,Train/12/00012_00011_00003.png
client_3,32603,108,99,9,9,99,91,31,Train/31/00031_00017_00023.png
client_3,24022,52,55,5,6,47,50,15,Train/15/00015_00020_00022.png
client_3,329,95,84,8,8,87,77,20,Train/20/00020_00010_00029.png
client_3,33663,31,30,6,5,25,25,33,Train/33/00033_00019_00003.png
client_3,24582,53,55,6,6,48,49,17,Train/17/00017_00004_00012.png
client_3,31413,38,36,5,5,33,31,29,Train/29/00029_00002_00003.png
client_3,3094,28,27,5,5,23,22,2,Train/2/00002_00010_00004.png
client_3,20617,32,33,6,6,27,28,13,Train/13/00013_00005_00007.png
client_3,13522,57,58,5,6,52,53,8,Train/8/00008_00045_00022.png
client_3,12862,48,49,5,6,43,44,8,Train/8/00008_00023_00022.png
client_3,27212,48,46,6,5,43,41,21,Train/21/00021_00008_00002.png
client_3,10293,32,32,6,5,27,27,6,Train/6/00006_00000_00003.png
client_3,25874,91,81,8,7,83,74,18,Train/18/00018_00010_00014.png
client_3,33931,28,29,5,5,23,24,34,Train/34/00034_00005_00002.png
client_3,20014,34,34,6,6,29,29,12,Train/12/00012_00055_00004.png
client_3,30310,52,48,6,6,47,43,26,Train/26/00026_00011_00010.png
client_3,19035,44,43,6,6,39,38,12,Train/12/00012_00022_00015.png
client_3,8719,54,53,6,5,49,48,5,Train/5/00005_00009_00019.png
client_3,9708,46,48,5,6,41,43,5,Train/5/00005_00042_00018.png
client_3,5927,39,40,5,6,34,34,3,Train/3/00003_00029_00017.png
client_3,13439,60,61,5,6,55,56,8,Train/8/00008_00042_00029.png
client_3,34277,39,40,5,5,33,34,35,Train/35/00035_00002_00018.png
client_3,36676,39,40,5,5,33,34,38,Train/38/00038_00022_00017.png
client_3,23589,33,34,5,6,28,28,15,Train/15/00015_00006_00009.png
client_3,21130,51,51,6,6,45,46,13,Train/13/00013_00022_00010.png
client_3,12295,56,54,6,5,51,49,8,Train/8/00008_00004_00025.png
client_3,16424,35,34,6,5,29,29,10,Train/10/00010_00046_00014.png
client_3,26939,116,104,11,9,106,95,19,Train/19/00019_00005_00029.png
client_3,35378,36,36,6,6,31,31,35,Train/35/00035_00039_00009.png
client_3,30158,35,33,5,6,30,28,26,Train/26/00026_00006_00008.png
client_3,34532,31,32,6,5,26,27,35,Train/35/00035_00011_00003.png
client_3,11570,40,41,6,5,35,35,7,Train/7/00007_00028_00020.png
client_3,32485,69,64,6,5,63,59,31,Train/31/00031_00013_00025.png
client_3,13651,26,26,5,5,21,21,9,Train/9/00009_00003_00001.png
client_3,12981,38,36,6,6,33,31,8,Train/8/00008_00027_00021.png
client_3,6167,43,43,5,5,38,38,3,Train/3/00003_00037_00017.png
client_3,34291,26,27,5,6,21,22,35,Train/35/00035_00003_00002.png
client_3,36992,26,30,5,5,21,25,38,Train/38/00038_00033_00003.png
client_3,1873,49,49,5,5,44,44,1,Train/1/00001_00043_00013.png
client_3,6840,26,28,5,6,21,23,4,Train/4/00004_00013_00000.png
client_3,13542,33,33,5,5,27,28,8,Train/8/00008_00046_00012.png
client_3,4372,91,88,8,7,83,81,2,Train/2/00002_00052_00022.png
client_3,29628,51,46,6,6,45,41,25,Train/25/00025_00038_00018.png
client_3,125,32,33,5,6,27,28,20,Train/20/00020_00004_00005.png
client_3,8038,67,67,6,6,61,61,4,Train/4/00004_00052_00028.png
client_3,21234,81,70,8,6,74,64,13,Train/13/00013_00025_00024.png
client_3,35589,36,36,6,6,31,31,36,Train/36/00036_00006_00010.png
client_3,20239,53,53,6,6,48,48,12,Train/12/00012_00062_00019.png
client_3,21129,50,50,6,5,45,45,13,Train/13/00013_00022_00009.png
client_3,22394,31,31,6,6,26,26,13,Train/13/00013_00064_00014.png
client_3,2147,45,46,6,6,39,41,1,Train/1/00001_00052_00017.png
client_3,19441,39,38,6,5,34,33,12,Train/12/00012_00036_00001.png
client_3,28521,122,106,11,9,111,96,25,Train/25/00025_00001_00021.png
client_3,25100,49,45,5,6,44,40,17,Train/17/00017_00021_00020.png
client_3,32523,44,39,6,5,39,34,31,Train/31/00031_00015_00003.png
client_3,38043,30,31,6,6,25,26,38,Train/38/00038_00068_00004.png
client_3,25012,39,41,5,5,34,36,17,Train/17/00017_00018_00022.png
client_3,23716,37,37,5,5,32,32,15,Train/15/00015_00010_00016.png
client_3,19321,30,36,5,5,25,31,12,Train/12/00012_00032_00001.png
client_3,9728,33,33,5,5,27,27,5,Train/5/00005_00043_00008.png
client_3,20326,61,62,6,5,56,57,12,Train/12/00012_00065_00016.png
client_3,16020,26,26,6,6,21,21,10,Train/10/00010_00033_00000.png
client_3,3225,36,35,6,5,31,30,2,Train/2/00002_00014_00015.png
client_3,27031,30,30,5,5,25,25,21,Train/21/00021_00002_00001.png
client_3,24228,106,107,9,10,96,97,16,Train/16/00016_00006_00018.png
client_3,14692,68,68,7,7,62,62,9,Train/9/00009_00037_00022.png
client_3,32218,93,75,8,7,85,69,31,Train/31/00031_00004_00028.png
client_3,11210,61,62,5,6,56,57,7,Train/7/00007_00016_00020.png
client_3,8036,56,57,5,6,50,51,4,Train/4/00004_00052_00026.png
client_3,39147,60,56,5,6,54,51,42,Train/42/00042_00005_00028.png
client_3,29502,58,58,5,6,53,53,25,Train/25/00025_00034_00012.png
client_3,36563,56,60,5,6,51,55,38,Train/38/00038_00018_00024.png
client_3,20028,50,51,5,6,45,46,12,Train/12/00012_00055_00018.png
client_3,25786,82,72,8,6,75,65,18,Train/18/00018_00007_00016.png
client_3,33141,50,51,5,5,45,46,33,Train/33/00033_00001_00021.png
client_3,16843,33,32,5,5,28,26,10,Train/10/00010_00060_00013.png
client_3,17806,46,41,6,5,41,36,11,Train/11/00011_00025_00016.png
client_3,13345,63,69,5,7,58,63,8,Train/8/00008_00039_00025.png
client_3,37806,30,32,5,5,25,27,38,Train/38/00038_00060_00007.png
client_3,21503,46,44,5,5,41,39,13,Train/13/00013_00034_00023.png
client_3,6540,29,27,6,5,24,22,4,Train/4/00004_00003_00000.png
client_3,20826,42,37,6,5,36,31,13,Train/13/00013_00012_00006.png
client_3,35861,43,42,6,6,38,37,37,Train/37/00037_00002_00012.png
client_3,33352,77,75,7,6,70,68,33,Train/33/00033_00008_00022.png
client_3,38016,33,33,6,5,28,28,38,Train/38/00038_00067_00007.png
client_3,8018,29,31,5,5,24,26,4,Train/4/00004_00052_00008.png
client_3,31264,32,31,6,6,27,26,28,Train/28/00028_00015_00004.png
client_3,26988,62,58,6,6,56,52,21,Train/21/00021_00000_00018.png
client_3,9446,52,54,6,5,46,49,5,Train/5/00005_00033_00026.png
client_3,21640,35,32,5,6,30,27,13,Train/13/00013_00039_00010.png
client_3,5856,29,30,5,5,23,24,3,Train/3/00003_00027_00006.png
client_3,3760,34,32,5,5,29,27,2,Train/2/00002_00032_00010.png
client_3,11683,42,42,5,5,36,37,7,Train/7/00007_00032_00013.png
client_3,1556,95,96,9,8,87,88,1,Train/1/00001_00032_00026.png
client_3,33325,121,120,10,11,110,110,33,Train/33/00033_00007_00025.png
client_3,19761,48,48,5,5,43,43,12,Train/12/00012_00046_00021.png
client_3,37784,49,49,6,6,44,44,38,Train/38/00038_00059_00015.png
client_3,26817,112,100,9,9,103,92,19,Train/19/00019_00001_00027.png
client_3,33295,93,93,9,9,85,85,33,Train/33/00033_00006_00025.png
client_3,10868,39,38,5,5,33,33,7,Train/7/00007_00005_00008.png
client_3,7560,30,30,6,6,25,25,4,Train/4/00004_00037_00000.png
client_3,23634,41,46,5,6,36,41,15,Train/15/00015_00007_00024.png
client_3,15816,30,30,6,6,25,25,10,Train/10/00010_00026_00006.png
client_3,37643,61,64,5,5,56,59,38,Train/38/00038_00054_00024.png
client_3,33620,42,61,5,6,37,55,33,Train/33/00033_00017_00020.png
client_3,31223,97,93,9,8,89,85,28,Train/28/00028_00013_00023.png
client_3,18571,31,32,6,6,26,27,12,Train/12/00012_00007_00001.png
client_3,17976,42,42,5,6,37,36,11,Train/11/00011_00031_00006.png
client_3,20741,38,39,5,6,33,33,13,Train/13/00013_00009_00011.png
client_3,21752,40,38,6,6,35,33,13,Train/13/00013_00043_00002.png
client_3,10180,31,31,5,6,26,26,5,Train/5/00005_00058_00010.png
client_3,13167,52,55,5,6,47,50,8,Train/8/00008_00033_00027.png
client_3,38882,27,26,5,5,22,21,41,Train/41/00041_00005_00003.png
client_3,16650,31,31,6,6,26,26,10,Train/10/00010_00054_00000.png
client_3,14637,106,104,10,10,97,95,9,Train/9/00009_00035_00027.png
client_3,36187,60,75,5,6,55,69,38,Train/38/00038_00006_00008.png
client_3,22039,50,46,5,6,45,41,13,Train/13/00013_00052_00019.png
client_3,7846,41,43,5,6,36,37,4,Train/4/00004_00046_00016.png
client_3,35632,37,39,5,5,32,34,36,Train/36/00036_00007_00023.png
client_3,26123,87,75,7,6,80,69,18,Train/18/00018_00018_00023.png
client_3,34889,29,28,6,5,24,23,35,Train/35/00035_00023_00000.png
client_3,14923,41,47,5,6,36,41,9,Train/9/00009_00045_00013.png
client_3,29960,60,58,6,6,55,53,25,Train/25/00025_00049_00020.png
client_3,2489,130,130,11,11,119,119,1,Train/1/00001_00063_00029.png
client_3,38876,64,64,6,6,59,59,41,Train/41/00041_00004_00027.png
client_3,13951,30,32,5,6,25,27,9,Train/9/00009_00013_00001.png
client_3,21010,39,39,6,6,34,34,13,Train/13/00013_00018_00010.png
client_3,36926,46,51,5,5,41,46,38,Train/38/00038_00030_00027.png
client_3,28603,45,41,5,5,40,36,25,Train/25/00025_00004_00013.png
client_3,732,39,39,5,6,33,34,1,Train/1/00001_00005_00012.png
client_3,27499,49,45,5,5,44,40,22,Train/22/00022_00006_00019.png
client_3,37864,28,29,5,6,23,24,38,Train/38/00038_00062_00005.png
client_3,9386,54,55,6,5,49,50,5,Train/5/00005_00031_00026.png
client_3,33923,83,83,7,7,75,75,34,Train/34/00034_00004_00024.png
client_3,30894,105,89,10,8,96,82,28,Train/28/00028_00002_00024.png
client_3,37278,49,53,5,6,44,48,38,Train/38/00038_00042_00019.png
client_3,14077,29,33,5,6,24,28,9,Train/9/00009_00017_00007.png
client_3,23586,31,31,5,5,25,26,15,Train/15/00015_00006_00006.png
client_3,37750,46,46,6,6,41,41,38,Train/38/00038_00058_00011.png
client_3,32,31,31,5,6,26,26,20,Train/20/00020_00001_00002.png
client_3,29725,107,100,9,9,98,91,25,Train/25/00025_00041_00025.png
client_3,8171,35,34,6,5,30,29,4,Train/4/00004_00057_00011.png
client_3,30494,43,38,6,6,38,32,26,Train/26/00026_00017_00014.png
client_3,10929,38,37,6,5,33,32,7,Train/7/00007_00007_00009.png
client_3,18196,69,59,6,5,62,54,11,Train/11/00011_00038_00016.png
client_3,22593,37,36,5,5,31,31,13,Train/13/00013_00071_00003.png
client_3,19580,61,60,6,5,56,55,12,Train/12/00012_00040_00020.png
client_3,26268,55,50,6,5,49,45,18,Train/18/00018_00023_00018.png
client_3,28137,111,99,9,8,102,91,23,Train/23/00023_00014_00027.png
client_3,29162,41,41,5,5,36,36,25,Train/25/00025_00023_00002.png
client_3,6917,39,38,6,6,33,32,4,Train/4/00004_00015_00017.png
client_3,19747,32,36,5,5,27,31,12,Train/12/00012_00046_00007.png
client_3,4865,29,30,5,5,24,25,2,Train/2/00002_00069_00005.png
client_3,28855,105,97,10,8,95,88,25,Train/25/00025_00012_00025.png
client_3,13028,34,33,6,5,29,28,8,Train/8/00008_00029_00008.png
client_3,14228,35,36,5,6,30,31,9,Train/9/00009_00022_00008.png
client_3,13913,71,71,6,6,65,65,9,Train/9/00009_00011_00023.png
client_3,35541,44,46,6,5,39,40,36,Train/36/00036_00004_00022.png
client_3,28652,28,28,5,6,22,22,25,Train/25/00025_00006_00002.png
client_3,21824,92,91,9,8,84,83,13,Train/13/00013_00045_00014.png
client_3,36991,28,32,6,6,23,27,38,Train/38/00038_00033_00002.png
client_3,37735,83,93,7,9,76,85,38,Train/38/00038_00057_00026.png
client_3,21004,34,35,5,6,29,30,13,Train/13/00013_00018_00004.png
client_3,871,31,29,6,6,25,24,1,Train/1/00001_00010_00001.png
client_3,23084,48,47,6,5,43,42,14,Train/14/00014_00015_00014.png
client_3,34476,29,29,5,5,23,24,35,Train/35/00035_00009_00007.png
client_3,14816,44,46,6,6,39,41,9,Train/9/00009_00041_00026.png
client_3,14429,134,129,11,12,122,118,9,Train/9/00009_00028_00029.png
client_3,3861,52,53,5,6,47,48,2,Train/2/00002_00035_00021.png
client_3,31375,58,111,5,9,53,101,29,Train/29/00029_00000_00025.png
client_3,343,37,35,6,6,32,30,20,Train/20/00020_00011_00013.png
client_3,35846,93,93,9,9,85,85,37,Train/37/00037_00001_00027.png
client_3,27614,37,37,5,5,32,32,22,Train/22/00022_00010_00014.png
client_3,1522,59,58,6,5,54,52,1,Train/1/00001_00031_00022.png
client_3,16719,35,35,6,6,30,30,10,Train/10/00010_00056_00009.png
client_3,34443,43,42,6,5,38,37,35,Train/35/00035_00008_00004.png
client_3,30218,38,35,5,6,33,30,26,Train/26/00026_00008_00008.png
client_3,1695,36,36,5,5,31,31,1,Train/1/00001_00037_00015.png
client_3,19114,34,39,6,6,29,34,12,Train/12/00012_00025_00004.png
client_3,22218,39,40,5,5,33,34,13,Train/13/00013_00058_00018.png
client_3,28384,35,32,6,6,30,27,24,Train/24/00024_00006_00004.png
client_3,14240,48,49,5,5,43,44,9,Train/9/00009_00022_00020.png
client_3,17940,25,27,5,6,20,22,11,Train/11/00011_00030_00000.png
client_3,19883,65,69,6,7,60,63,12,Train/12/00012_00050_00023.png
client_3,34369,39,40,6,6,34,34,35,Train/35/00035_00005_00020.png
client_3,20658,49,43,6,5,44,38,13,Train/13/00013_00006_00018.png
client_3,29107,37,33,6,6,32,28,25,Train/25/00025_00021_00007.png
client_3,1117,46,46,5,5,40,41,1,Train/1/00001_00018_00007.png
client_3,28903,50,45,6,6,45,40,25,Train/25/00025_00014_00013.png
client_3,33579,40,43,6,6,35,38,33,Train/33/00033_00016_00009.png
client_3,31054,61,53,6,5,56,48,28,Train/28/00028_00008_00004.png
client_3,26770,81,67,7,6,74,61,19,Train/19/00019_00000_00010.png
client_3,19813,47,51,5,6,41,46,12,Train/12/00012_00048_00013.png
client_3,37914,64,64,5,6,59,59,38,Train/38/00038_00063_00025.png
client_3,25711,74,70,7,6,68,64,18,Train/18/00018_00005_00001.png
client_3,17202,60,53,5,6,55,48,11,Train/11/00011_00005_00012.png
client_3,38337,86,92,7,9,79,84,39,Train/39/00039_00008_00028.png
client_3,17002,38,39,6,6,32,33,10,Train/10/00010_00065_00022.png
client_3,35879,28,27,6,5,23,22,37,Train/37/00037_00003_00000.png
client_3,14359,77,77,6,7,70,71,9,Train/9/00009_00026_00019.png
client_3,23561,31,32,5,5,26,26,15,Train/15/00015_00005_00011.png
client_3,27928,80,71,7,6,73,65,23,Train/23/00023_00007_00028.png
client_3,10278,38,38,6,6,33,33,5,Train/5/00005_00061_00018.png
client_3,19332,40,44,6,6,35,39,12,Train/12/00012_00032_00012.png
client_3,26071,27,27,5,6,22,22,18,Train/18/00018_00017_00001.png
client_3,5897,35,37,6,5,30,32,3,Train/3/00003_00028_00017.png
client_3,1372,86,88,7,8,79,80,1,Train/1/00001_00026_00022.png
client_3,6971,34,35,6,5,29,29,4,Train/4/00004_00017_00011.png
client_3,22486,43,41,5,6,38,36,13,Train/13/00013_00067_00016.png
client_3,11139,43,43,5,5,38,38,7,Train/7/00007_00014_00009.png
client_3,9292,50,44,6,5,45,39,5,Train/5/00005_00028_00022.png
client_3,19601,32,32,6,6,27,27,12,Train/12/00012_00041_00011.png
client_3,5041,26,27,5,5,21,21,3,Train/3/00003_00000_00001.png
client_3,15877,35,35,6,6,30,30,10,Train/10/00010_00028_00007.png
client_3,35284,29,31,5,6,24,26,35,Train/35/00035_00036_00005.png
client_3,1486,43,57,6,6,38,52,1,Train/1/00001_00030_00016.png
client_3,30866,84,74,8,7,77,68,28,Train/28/00028_00001_00026.png
client_3,35871,86,85,7,7,79,78,37,Train/37/00037_00002_00022.png
client_3,10045,53,52,5,5,48,47,5,Train/5/00005_00053_00025.png
client_3,14688,52,51,6,6,46,46,9,Train/9/00009_00037_00018.png
client_3,15040,41,42,5,6,36,37,10,Train/10/00010_00000_00010.png
client_3,22987,44,45,5,6,39,40,14,Train/14/00014_00012_00007.png
client_3,37947,94,97,9,8,86,89,38,Train/38/00038_00064_00028.png
client_3,7056,29,30,5,6,24,25,4,Train/4/00004_00020_00006.png
client_3,2447,43,42,6,5,38,37,1,Train/1/00001_00062_00017.png
client_3,16046,60,54,6,5,55,49,10,Train/10/00010_00033_00026.png
client_3,1965,53,52,6,5,48,47,1,Train/1/00001_00046_00015.png
client_3,19606,34,34,5,5,29,29,12,Train/12/00012_00041_00016.png
client_3,23193,37,42,5,5,32,36,14,Train/14/00014_00019_00003.png
client_3,18924,81,81,7,7,74,74,12,Train/12/00012_00018_00024.png
client_3,33043,34,35,5,6,29,30,32,Train/32/00032_00006_00013.png
client_3,22433,73,63,7,5,67,58,13,Train/13/00013_00065_00023.png
client_3,35390,62,62,6,5,57,57,35,Train/35/00035_00039_00021.png
client_3,6284,71,72,6,7,65,66,3,Train/3/00003_00041_00014.png
client_3,6476,83,79,8,7,76,72,4,Train/4/00004_00000_00026.png
client_3,31732,89,76,8,7,82,70,30,Train/30/00030_00003_00022.png
client_3,37111,38,41,6,6,33,36,38,Train/38/00038_00037_00002.png
client_3,29112,43,41,6,6,38,36,25,Train/25/00025_00021_00012.png
client_3,38619,42,43,5,6,37,38,40,Train/40/00040_00008_00010.png
client_3,31791,55,52,5,5,50,47,30,Train/30/00030_00005_00021.png
client_3,20537,48,50,5,6,42,44,13,Train/13/00013_00002_00017.png
client_3,974,51,54,6,6,45,48,1,Train/1/00001_00013_00014.png
client_3,24584,56,57,5,5,51,51,17,Train/17/00017_00004_00014.png
client_3,36923,42,48,5,6,37,43,38,Train/38/00038_00030_00024.png
client_3,35072,40,38,5,5,34,33,35,Train/35/00035_00029_00003.png
client_3,37029,34,34,6,5,29,29,38,Train/38/00038_00034_00010.png
client_3,31524,83,72,8,6,76,66,29,Train/29/00029_00005_00024.png
client_3,12280,32,31,6,5,27,26,8,Train/8/00008_00004_00010.png
client_3,29679,41,39,6,6,35,33,25,Train/25/00025_00040_00009.png
client_3,4432,49,47,6,5,43,41,2,Train/2/00002_00054_00022.png
client_3,30472,51,45,5,5,45,40,26,Train/26/00026_00016_00022.png
client_3,37841,39,41,5,6,34,36,38,Train/38/00038_00061_00012.png
client_3,5800,33,34,5,5,28,29,3,Train/3/00003_00025_00010.png
client_3,21978,53,54,6,5,48,49,13,Train/13/00013_00050_00018.png
client_3,29216,117,105,11,9,107,96,25,Train/25/00025_00024_00026.png
client_3,28437,119,99,11,9,109,91,24,Train/24/00024_00007_00027.png
client_3,32148,63,57,6,6,58,52,31,Train/31/00031_00002_00018.png
client_3,11284,30,27,6,6,25,22,7,Train/7/00007_00019_00004.png
client_3,35738,37,37,6,5,32,31,36,Train/36/00036_00011_00009.png
client_3,8105,37,34,6,6,32,29,4,Train/4/00004_00055_00005.png
client_3,22824,76,80,6,7,69,73,14,Train/14/00014_00006_00024.png
client_3,27434,38,37,6,5,33,31,22,Train/22/00022_00004_00014.png
client_3,34213,48,49,5,5,43,44,35,Train/35/00035_00000_00014.png
client_3,24912,35,40,5,5,30,35,17,Train/17/00017_00015_00012.png
client_3,15903,29,30,5,6,24,25,10,Train/10/00010_00029_00003.png
client_3,13820,41,41,6,6,36,36,9,Train/9/00009_00008_00020.png
client_3,29752,71,62,7,5,65,57,25,Train/25/00025_00042_00022.png
client_3,19872,40,39,6,5,35,34,12,Train/12/00012_00050_00012.png
client_3,19123,44,49,6,6,39,44,12,Train/12/00012_00025_00013.png
client_3,22397,32,33,5,6,27,28,13,Train/13/00013_00064_00017.png
client_3,36258,34,34,6,5,29,28,38,Train/38/00038_00008_00019.png
client_3,7043,70,70,6,6,64,64,4,Train/4/00004_00019_00023.png
client_3,25524,35,35,6,5,30,30,17,Train/17/00017_00035_00024.png
client_3,7405,44,45,6,5,39,40,4,Train/4/00004_00031_00025.png
client_3,4462,52,54,6,5,46,48,2,Train/2/00002_00055_00022.png
client_3,32078,50,44,5,6,45,39,31,Train/31/00031_00000_00008.png
client_3,36954,82,81,8,7,75,74,38,Train/38/00038_00031_00025.png
client_3,31880,50,45,5,6,45,40,30,Train/30/00030_00008_00020.png
client_3,38205,44,47,5,6,39,42,39,Train/39/00039_00004_00016.png
client_3,3612,35,35,6,6,29,29,2,Train/2/00002_00027_00012.png
client_3,7534,32,32,6,6,27,27,4,Train/4/00004_00036_00004.png
client_3,27390,40,36,6,5,35,31,22,Train/22/00022_00003_00000.png
client_3,6763,34,36,5,6,29,31,4,Train/4/00004_00010_00013.png
client_3,28251,70,71,7,7,64,64,24,Train/24/00024_00001_00021.png
client_3,11153,76,76,6,6,70,70,7,Train/7/00007_00014_00023.png
client_3,13433,48,48,5,5,43,43,8,Train/8/00008_00042_00023.png
client_3,36546,30,31,5,6,25,26,38,Train/38/00038_00018_00007.png
client_3,29094,56,50,5,5,51,45,25,Train/25/00025_00020_00024.png
client_3,25547,28,35,6,6,23,30,17,Train/17/00017_00036_00017.png
client_3,11123,55,54,5,6,50,49,7,Train/7/00007_00013_00023.png
client_3,29521,29,27,6,5,24,22,25,Train/25/00025_00035_00001.png
client_3,22223,43,45,6,5,38,40,13,Train/13/00013_00058_00023.png
client_3,4158,40,39,5,5,35,34,2,Train/2/00002_00045_00018.png
client_3,34977,98,97,9,8,90,89,35,Train/35/00035_00025_00028.png
client_3,21103,39,36,6,6,34,30,13,Train/13/00013_00021_00013.png
client_3,4477,34,34,5,5,29,28,2,Train/2/00002_00056_00007.png
client_3,6387,87,85,7,8,80,78,3,Train/3/00003_00044_00027.png
client_3,20072,44,45,6,6,39,40,12,Train/12/00012_00057_00002.png
client_3,21400,33,32,5,6,28,27,13,Train/13/00013_00031_00010.png
client_3,32687,47,44,6,6,42,39,31,Train/31/00031_00020_00017.png
client_3,34764,49,50,5,6,44,45,35,Train/35/00035_00018_00025.png
client_3,26358,59,57,6,6,54,51,18,Train/18/00018_00026_00018.png
client_3,27405,53,47,6,5,48,42,22,Train/22/00022_00003_00015.png
client_3,10276,35,35,5,5,29,29,5,Train/5/00005_00061_00016.png
client_3,38325,42,41,6,6,36,36,39,Train/39/00039_00008_00016.png
client_3,37247,38,42,5,6,33,37,38,Train/38/00038_00041_00018.png
client_3,13918,124,133,10,12,114,122,9,Train/9/00009_00011_00028.png
client_3,36591,45,45,6,6,40,40,38,Train/38/00038_00019_00022.png
client_3,14992,45,47,6,5,40,42,9,Train/9/00009_00047_00022.png
client_3,7437,83,86,8,8,76,79,4,Train/4/00004_00032_00027.png
client_3,30632,34,32,6,6,29,26,27,Train/27/00027_00002_00002.png
client_3,13897,36,38,6,6,31,33,9,Train/9/00009_00011_00007.png
client_3,5845,52,54,6,6,46,48,3,Train/3/00003_00026_00025.png
client_3,15533,47,46,6,5,42,41,10,Train/10/00010_00016_00023.png
client_3,83,63,59,6,5,58,54,20,Train/20/00020_00002_00023.png
client_3,22647,144,143,12,13,132,131,14,Train/14/00014_00000_00027.png
client_3,15771,51,53,5,6,46,48,10,Train/10/00010_00024_00021.png
client_3,28252,71,71,7,6,65,64,24,Train/24/00024_00001_00022.png
client_3,20811,57,67,6,6,52,61,13,Train/13/00013_00011_00021.png
client_3,15993,30,27,5,6,25,21,10,Train/10/00010_00032_00003.png
client_3,17748,50,45,6,5,45,40,11,Train/11/00011_00023_00018.png
client_3,514,32,30,6,6,27,25,0,Train/0/00000_00005_00004.png
client_3,16045,55,49,6,5,50,44,10,Train/10/00010_00033_00025.png
client_3,789,59,59,5,6,54,54,1,Train/1/00001_00007_00009.png
client_3,20670,35,34,6,6,30,29,13,Train/13/00013_00007_00000.png
client_3,7253,53,57,6,6,48,52,4,Train/4/00004_00026_00023.png
client_3,35214,74,73,6,6,68,67,35,Train/35/00035_00033_00025.png
client_3,16734,51,51,6,6,46,46,10,Train/10/00010_00056_00024.png
client_3,6152,27,28,5,5,22,23,3,Train/3/00003_00037_00002.png
client_3,13403,48,48,6,6,43,43,8,Train/8/00008_00041_00023.png
client_3,34574,40,40,5,5,35,35,35,Train/35/00035_00012_00015.png
client_3,14988,42,42,6,5,37,37,9,Train/9/00009_00047_00018.png
client_3,24829,31,31,5,6,26,26,17,Train/17/00017_00012_00019.png
client_3,23796,35,36,6,5,29,31,15,Train/15/00015_00013_00006.png
client_3,32997,83,84,8,8,76,77,32,Train/32/00032_00004_00027.png
client_3,13866,41,40,6,5,36,35,9,Train/9/00009_00010_00006.png
client_3,26947,42,40,5,6,37,35,19,Train/19/00019_00006_00007.png
client_3,35717,39,40,5,5,34,35,36,Train/36/00036_00010_00018.png
client_3,38614,31,35,5,5,25,29,40,Train/40/00040_00008_00005.png
client_3,36108,49,51,5,5,43,46,38,Train/38/00038_00003_00019.png
client_3,28872,38,37,6,6,33,31,25,Train/25/00025_00013_00012.png
client_3,19263,32,33,6,6,27,28,12,Train/12/00012_00030_00003.png
client_3,21651,55,49,6,6,50,44,13,Train/13/00013_00039_00021.png
client_3,27363,33,32,5,6,28,27,22,Train/22/00022_00002_00003.png
client_3,19024,35,35,6,6,30,30,12,Train/12/00012_00022_00004.png
client_3,1271,38,36,5,5,33,31,1,Train/1/00001_00023_00011.png
client_3,28635,47,44,6,6,42,39,25,Train/25/00025_00005_00015.png
client_3,26086,44,39,6,6,39,34,18,Train/18/00018_00017_00016.png
client_3,33702,39,40,5,6,34,34,33,Train/33/00033_00020_00013.png
client_3,34856,96,94,8,8,88,86,35,Train/35/00035_00021_00027.png
client_3,34499,39,40,6,6,34,35,35,Train/35/00035_00010_00000.png
client_3,7738,74,73,7,7,68,67,4,Train/4/00004_00042_00028.png
client_3,28046,119,106,10,9,109,97,23,Train/23/00023_00011_00026.png
client_3,13099,44,47,6,6,39,41,8,Train/8/00008_00031_00019.png
client_3,5717,39,40,5,5,34,35,3,Train/3/00003_00022_00017.png
client_3,35794,39,39,6,6,34,34,37,Train/37/00037_00000_00005.png
client_3,5917,30,30,5,6,25,25,3,Train/3/00003_00029_00007.png
client_3,12150,36,36,6,6,31,31,8,Train/8/00008_00000_00000.png
client_3,15463,40,40,6,6,35,35,10,Train/10/00010_00014_00013.png
client_3,23041,39,47,6,5,34,42,14,Train/14/00014_00014_00001.png
client_3,30365,31,30,5,5,26,25,26,Train/26/00026_00013_00005.png
client_3,25793,108,94,10,8,98,86,18,Train/18/00018_00007_00023.png
client_3,5943,27,28,5,5,22,23,3,Train/3/00003_00030_00003.png
client_3,20604,75,63,7,5,69,57,13,Train/13/00013_00004_00024.png
client_3,33933,30,32,6,6,25,26,34,Train/34/00034_00005_00004.png
client_3,34578,45,46,5,6,40,41,35,Train/35/00035_00012_00019.png
client_3,15580,37,36,6,5,32,31,10,Train/10/00010_00018_00010.png
client_3,36562,55,57,6,5,50,52,38,Train/38/00038_00018_00023.png
client_3,38029,51,53,6,5,46,48,38,Train/38/00038_00067_00020.png
client_3,2667,97,97,8,9,89,89,1,Train/1/00001_00069_00027.png
client_3,5197,35,33,6,5,29,28,3,Train/3/00003_00005_00007.png
client_3,9866,70,74,6,7,64,68,5,Train/5/00005_00047_00026.png
client_3,25571,28,27,5,6,23,22,18,Train/18/00018_00000_00011.png
client_3,19976,85,70,8,7,78,64,12,Train/12/00012_00053_00026.png
client_3,33594,51,57,6,6,46,52,33,Train/33/00033_00016_00024.png
client_3,21037,54,50,5,6,49,45,13,Train/13/00013_00019_00007.png
client_3,5108,34,35,6,6,29,29,3,Train/3/00003_00002_00008.png
client_3,10095,39,39,6,5,34,34,5,Train/5/00005_00055_00015.png
client_3,21439,72,53,7,6,66,48,13,Train/13/00013_00032_00019.png
client_3,548,41,43,6,6,35,37,0,Train/0/00000_00006_00008.png
client_3,22748,44,43,6,5,39,38,14,Train/14/00014_00004_00008.png
client_3,16390,44,43,6,5,39,38,10,Train/10/00010_00045_00010.png
client_3,32875,71,70,6,6,65,64,32,Train/32/00032_00000_00025.png
client_3,31946,62,58,5,6,57,53,30,Train/30/00030_00010_00026.png
client_3,25160,41,41,5,5,35,36,17,Train/17/00017_00023_00020.png
client_3,2170,61,64,6,6,56,59,1,Train/1/00001_00053_00010.png
client_3,12511,33,34,6,6,28,29,8,Train/8/00008_00012_00001.png
client_3,21920,82,75,8,7,75,69,13,Train/13/00013_00048_00020.png
client_3,27570,32,29,5,6,27,24,22,Train/22/00022_00009_00000.png
client_3,9761,38,40,6,5,33,35,5,Train/5/00005_00044_00011.png
client_3,31249,57,53,5,6,52,48,28,Train/28/00028_00014_00019.png
client_3,21075,55,52,5,6,50,47,13,Train/13/00013_00020_00015.png
client_3,5657,40,40,6,6,35,35,3,Train/3/00003_00020_00017.png
client_3,1095,45,46,5,5,40,41,1,Train/1/00001_00017_00015.png
client_3,19077,70,67,6,6,64,61,12,Train/12/00012_00023_00027.png
client_3,31126,68,57,7,6,62,52,28,Train/28/00028_00010_00016.png
client_3,30419,180,155,15,13,165,142,26,Train/26/00026_00014_00029.png
client_3,261,44,44,5,5,39,39,20,Train/20/00020_00008_00021.png
client_3,24352,52,53,6,6,47,48,16,Train/16/00016_00010_00022.png
client_3,2591,41,41,6,6,36,36,1,Train/1/00001_00067_00011.png
client_3,28869,33,34,5,6,28,29,25,Train/25/00025_00013_00009.png
client_3,11168,38,39,6,5,33,34,7,Train/7/00007_00015_00008.png
client_3,30964,41,42,6,6,35,37,28,Train/28/00028_00005_00004.png
client_3,31295,37,39,5,6,32,34,28,Train/28/00028_00016_00005.png
client_3,13873,48,48,5,5,43,43,9,Train/9/00009_00010_00013.png
client_3,6506,60,63,5,6,55,58,4,Train/4/00004_00001_00026.png
client_3,20788,73,74,6,7,67,68,13,Train/13/00013_00010_00028.png
client_3,26470,33,32,5,5,28,27,18,Train/18/00018_00030_00010.png
client_3,16039,40,39,5,5,35,34,10,Train/10/00010_00033_00019.png
client_3,33206,79,84,7,8,72,77,33,Train/33/00033_00003_00026.png
client_3,8869,45,46,5,6,40,41,5,Train/5/00005_00014_00019.png
client_3,28162,94,82,9,7,86,75,23,Train/23/00023_00015_00022.png
client_3,35739,37,37,6,5,32,31,36,Train/36/00036_00011_00010.png
client_3,30420,91,81,8,7,83,74,26,Train/26/00026_00015_00000.png
client_3,21918,77,71,7,6,71,65,13,Train/13/00013_00048_00018.png
client_3,19882,63,62,6,6,57,56,12,Train/12/00012_00050_00022.png
client_3,6918,39,38,6,6,34,33,4,Train/4/00004_00015_00018.png
client_3,8343,28,27,6,5,23,22,4,Train/4/00004_00063_00003.png
client_3,3960,27,26,6,5,21,21,2,Train/2/00002_00039_00000.png
client_3,37625,31,30,6,5,26,25,38,Train/38/00038_00054_00006.png
client_3,21292,36,34,5,5,31,29,13,Train/13/00013_00027_00022.png
client_3,26162,63,61,6,6,58,55,18,Train/18/00018_00020_00002.png
client_3,35403,33,33,5,5,27,28,36,Train/36/00036_00000_00004.png
client_3,21308,48,46,5,5,43,41,13,Train/13/00013_00028_00008.png
client_3,2296,40,41,5,6,35,36,1,Train/1/00001_00057_00016.png
client_3,6242,29,31,5,6,24,26,3,Train/3/00003_00040_00002.png
client_3,18618,52,52,6,5,47,46,12,Train/12/00012_00008_00018.png
client_3,33218,34,35,6,6,29,30,33,Train/33/00033_00004_00008.png
client_3,14232,39,39,6,6,34,34,9,Train/9/00009_00022_00012.png
client_3,32331,58,54,5,6,53,49,31,Train/31/00031_00008_00021.png
client_3,27953,96,88,9,7,88,81,23,Train/23/00023_00008_00023.png
client_3,9186,31,31,6,6,26,26,5,Train/5/00005_00025_00006.png
client_3,31436,74,70,6,6,68,64,29,Train/29/00029_00002_00026.png
client_3,8411,31,31,5,5,26,26,4,Train/4/00004_00065_00011.png
client_3,29661,63,57,6,6,58,52,25,Train/25/00025_00039_00021.png
client_3,33821,35,35,6,6,30,30,34,Train/34/00034_00001_00012.png
client_3,26172,77,71,7,6,70,64,18,Train/18/00018_00020_00012.png
client_3,23967,119,142,11,13,109,130,15,Train/15/00015_00018_00027.png
client_3,23093,84,84,7,7,77,77,14,Train/14/00014_00015_00023.png
client_3,18768,41,40,6,5,36,35,12,Train/12/00012_00013_00018.png
client_3,20974,45,44,5,6,40,39,13,Train/13/00013_00017_00004.png
client_3,4212,30,29,6,5,25,24,2,Train/2/00002_00047_00012.png
client_3,24933,27,29,6,6,22,24,17,Train/17/00017_00016_00003.png
client_3,18910,40,40,6,6,35,35,12,Train/12/00012_00018_00010.png
client_3,8724,72,71,7,6,66,65,5,Train/5/00005_00009_00024.png
client_3,20512,68,64,6,5,62,59,13,Train/13/00013_00001_00022.png
client_3,16149,30,31,5,6,25,25,10,Train/10/00010_00037_00009.png
client_3,33102,27,29,5,6,22,24,33,Train/33/00033_00000_00012.png
client_3,36107,48,51,5,6,42,46,38,Train/38/00038_00003_00018.png
client_3,18231,51,46,6,6,46,41,11,Train/11/00011_00039_00021.png
client_3,24963,36,35,6,5,31,30,17,Train/17/00017_00017_00003.png
client_3,16432,46,46,5,6,41,41,10,Train/10/00010_00046_00022.png
client_3,38467,43,43,5,5,37,38,40,Train/40/00040_00003_00008.png
client_3,24418,62,63,6,5,57,58,16,Train/16/00016_00012_00028.png
client_3,26677,43,44,5,6,38,39,18,Train/18/00018_00037_00007.png
client_3,28656,30,29,5,5,25,24,25,Train/25/00025_00006_00006.png
client_3,25960,46,46,6,6,41,41,18,Train/18/00018_00013_00010.png
client_3,31697,60,55,5,6,55,50,30,Train/30/00030_00002_00017.png
client_3,23191,38,41,6,5,32,35,14,Train/14/00014_00019_00001.png
client_3,8840,47,47,6,6,42,42,5,Train/5/00005_00013_00020.png
client_3,2933,50,52,5,6,45,47,2,Train/2/00002_00004_00023.png
client_3,30607,40,39,5,6,35,33,27,Train/27/00027_00001_00007.png
client_3,17212,92,81,9,8,84,74,11,Train/11/00011_00005_00022.png
client_3,20977,47,47,5,6,42,42,13,Train/13/00013_00017_00007.png
client_3,5236,58,60,6,5,53,55,3,Train/3/00003_00006_00016.png
client_3,22928,64,74,6,6,59,68,14,Train/14/00014_00010_00008.png
client_3,16016,62,50,6,5,57,45,10,Train/10/00010_00032_00026.png
client_3,19171,34,35,5,6,29,30,12,Train/12/00012_00027_00001.png
client_3,20484,60,58,5,5,55,53,13,Train/13/00013_00000_00024.png
client_3,37753,47,49,5,6,42,44,38,Train/38/00038_00058_00014.png
client_3,20365,56,64,5,6,51,59,12,Train/12/00012_00066_00025.png
client_3,21476,113,105,10,10,104,96,13,Train/13/00013_00033_00026.png
client_3,11347,31,31,5,5,26,26,7,Train/7/00007_00021_00007.png
client_3,1595,32,32,6,6,27,27,1,Train/1/00001_00034_00005.png
client_3,20294,37,42,5,5,32,37,12,Train/12/00012_00064_00014.png
client_3,4097,38,38,6,6,33,33,2,Train/2/00002_00043_00017.png
client_3,21681,62,56,5,6,57,51,13,Train/13/00013_00040_00021.png
client_3,21074,52,49,5,6,46,43,13,Train/13/00013_00020_00014.png
client_3,14449,56,56,6,6,50,50,9,Train/9/00009_00029_00019.png
client_3,6347,36,37,6,5,31,32,3,Train/3/00003_00043_00017.png
client_3,16092,35,33,5,6,29,28,10,Train/10/00010_00035_00012.png
client_3,2080,42,39,5,5,36,34,1,Train/1/00001_00050_00010.png
client_3,19529,143,144,12,13,131,132,12,Train/12/00012_00038_00029.png
client_3,22381,27,27,5,5,22,22,13,Train/13/00013_00064_00001.png
client_3,31643,85,74,7,6,78,68,30,Train/30/00030_00000_00023.png
client_3,10982,28,27,6,5,23,22,7,Train/7/00007_00009_00002.png
client_3,16398,49,50,6,5,44,45,10,Train/10/00010_00045_00018.png
client_3,7358,33,34,5,5,28,29,4,Train/4/00004_00030_00008.png
client_3,4278,42,42,5,5,36,36,2,Train/2/00002_00049_00018.png
client_3,11375,34,35,5,6,29,30,7,Train/7/00007_00022_00005.png
client_3,1713,29,30,6,6,24,25,1,Train/1/00001_00038_00003.png
client_3,36050,53,69,6,6,48,63,38,Train/38/00038_00001_00021.png
client_3,20970,42,37,6,6,37,32,13,Train/13/00013_00017_00000.png
client_3,27527,57,57,5,6,52,51,22,Train/22/00022_00007_00017.png
client_3,11556,31,34,5,6,26,28,7,Train/7/00007_00028_00006.png
client_3,33767,47,46,5,5,42,41,33,Train/33/00033_00022_00018.png
client_3,36260,35,35,5,5,30,30,38,Train/38/00038_00008_00021.png
client_3,14630,55,56,6,6,50,50,9,Train/9/00009_00035_00020.png
client_3,31938,50,46,6,6,45,41,30,Train/30/00030_00010_00018.png
client_3,5872,43,46,6,5,38,41,3,Train/3/00003_00027_00022.png
client_3,29607,112,103,9,9,102,94,25,Train/25/00025_00037_00027.png
client_3,507,95,100,9,9,87,92,0,Train/0/00000_00004_00027.png
client_3,23656,49,49,6,6,44,44,15,Train/15/00015_00008_00016.png
client_3,5977,28,31,5,6,23,26,3,Train/3/00003_00031_00007.png
client_3,32720,49,48,6,5,44,43,31,Train/31/00031_00021_00020.png
client_3,28478,50,49,6,6,45,44,25,Train/25/00025_00000_00008.png
client_3,19169,124,125,10,11,114,115,12,Train/12/00012_00026_00029.png
client_3,17443,53,51,5,5,48,46,11,Train/11/00011_00013_00013.png
client_3,12046,33,34,6,6,28,29,7,Train/7/00007_00044_00016.png
client_3,1524,70,68,7,6,64,62,1,Train/1/00001_00031_00024.png
client_3,28054,27,26,6,5,22,21,23,Train/23/00023_00012_00004.png
client_3,33655,46,73,6,6,41,67,33,Train/33/00033_00018_00025.png
client_3,27183,34,35,5,6,29,29,21,Train/21/00021_00007_00003.png
client_3,14939,137,147,12,12,126,134,9,Train/9/00009_00045_00029.png
client_3,15588,50,49,6,5,45,44,10,Train/10/00010_00018_00018.png
client_3,9536,58,58,5,6,53,53,5,Train/5/00005_00036_00026.png
client_3,26563,63,57,5,5,58,52,18,Train/18/00018_00033_00013.png
client_3,20656,45,41,5,6,39,35,13,Train/13/00013_00006_00016.png
client_3,38213,71,73,6,6,64,66,39,Train/39/00039_00004_00024.png
client_3,22300,60,57,6,6,55,51,13,Train/13/00013_00061_00010.png
client_3,13949,136,143,12,13,125,131,9,Train/9/00009_00012_00029.png
client_3,7179,40,39,6,5,35,34,4,Train/4/00004_00024_00009.png
client_3,9628,48,50,5,5,43,45,5,Train/5/00005_00039_00028.png
client_3,33961,27,29,5,5,22,24,34,Train/34/00034_00006_00002.png
client_3,37579,68,105,6,10,62,96,38,Train/38/00038_00052_00020.png
client_3,110,62,58,5,5,57,53,20,Train/20/00020_00003_00020.png
client_3,8688,50,49,6,5,45,44,5,Train/5/00005_00008_00018.png
client_3,26521,48,48,6,6,43,43,18,Train/18/00018_00032_00001.png
client_3,36584,37,37,6,6,32,32,38,Train/38/00038_00019_00015.png
client_3,8718,51,51,5,5,46,46,5,Train/5/00005_00009_00018.png
client_3,9910,34,36,5,6,29,31,5,Train/5/00005_00049_00010.png
client_3,30651,69,63,6,6,63,57,27,Train/27/00027_00002_00021.png
client_3,14326,43,43,6,6,38,38,9,Train/9/00009_00025_00016.png
client_3,27747,194,179,17,15,178,164,23,Train/23/00023_00001_00027.png
client_3,25620,36,33,6,6,31,28,18,Train/18/00018_00002_00000.png
client_3,5452,53,53,6,6,47,48,3,Train/3/00003_00013_00022.png
client_3,7310,44,45,5,6,39,40,4,Train/4/00004_00028_00020.png
client_3,37726,49,54,5,6,43,48,38,Train/38/00038_00057_00017.png
client_3,27410,63,57,6,6,58,52,22,Train/22/00022_00003_00020.png
client_3,1608,47,46,6,5,42,41,1,Train/1/00001_00034_00018.png
client_3,28084,43,42,5,6,38,37,23,Train/23/00023_00013_00004.png
client_3,6275,56,57,5,6,51,52,3,Train/3/00003_00041_00005.png
client_3,37406,62,59,6,5,57,54,38,Train/38/00038_00046_00027.png
client_3,6545,31,30,5,5,25,25,4,Train/4/00004_00003_00005.png
client_3,27927,77,70,7,6,71,64,23,Train/23/00023_00007_00027.png
client_3,21680,60,53,5,5,55,48,13,Train/13/00013_00040_00020.png
client_3,17075,59,55,6,6,54,49,11,Train/11/00011_00001_00005.png
client_3,35617,32,32,6,5,27,27,36,Train/36/00036_00007_00008.png
client_3,12423,34,33,6,5,28,27,8,Train/8/00008_00009_00003.png
client_3,13425,40,40,5,5,35,35,8,Train/8/00008_00042_00015.png
client_3,3533,50,52,6,6,45,47,2,Train/2/00002_00024_00023.png
client_3,37621,31,30,6,5,26,25,38,Train/38/00038_00054_00002.png
client_3,33678,34,35,5,5,29,30,33,Train/33/00033_00019_00018.png
client_3,18364,29,30,5,5,23,25,12,Train/12/00012_00000_00004.png
client_3,21411,44,38,6,5,39,33,13,Train/13/00013_00031_00021.png
client_3,32639,169,155,15,14,155,142,31,Train/31/00031_00018_00029.png
client_3,33252,70,69,7,6,64,63,33,Train/33/00033_00005_00012.png
client_3,13991,40,40,5,5,35,35,9,Train/9/00009_00014_00011.png
client_3,23760,36,41,6,6,31,36,15,Train/15/00015_00012_00000.png
client_3,30574,50,46,6,5,45,40,27,Train/27/00027_00000_00004.png
client_3,19270,36,36,6,6,31,31,12,Train/12/00012_00030_00010.png
client_3,21200,70,60,7,5,64,55,13,Train/13/00013_00024_00020.png
client_3,8881,30,30,5,5,25,25,5,Train/5/00005_00015_00001.png
client_3,22616,62,59,5,6,57,54,13,Train/13/00013_00071_00026.png
client_3,32912,30,31,6,6,25,25,32,Train/32/00032_00002_00002.png
client_3,11882,30,29,6,5,25,24,7,Train/7/00007_00039_00002.png
client_3,21034,53,48,6,6,48,43,13,Train/13/00013_00019_00004.png
client_3,37742,41,41,6,5,36,36,38,Train/38/00038_00058_00003.png
client_3,34451,52,51,5,5,47,46,35,Train/35/00035_00008_00012.png
client_3,9558,37,34,5,5,32,29,5,Train/5/00005_00037_00018.png
client_3,29550,40,36,6,5,35,31,25,Train/25/00025_00036_00000.png
client_3,15669,40,38,6,5,35,33,10,Train/10/00010_00021_00009.png
client_3,18632,34,33,6,6,29,28,12,Train/12/00012_00009_00002.png
client_3,23643,37,37,6,6,32,32,15,Train/15/00015_00008_00003.png
client_3,18814,36,37,6,5,31,32,12,Train/12/00012_00015_00004.png
client_3,18088,155,134,14,11,141,123,11,Train/11/00011_00034_00028.png
client_3,29418,49,48,5,5,44,43,25,Train/25/00025_00031_00018.png
client_3,20497,33,35,5,6,28,30,13,Train/13/00013_00001_00007.png
client_3,19549,60,60,6,6,55,55,12,Train/12/00012_00039_00019.png
client_3,5793,30,31,5,5,25,26,3,Train/3/00003_00025_00003.png
client_3,2022,41,42,5,6,36,37,1,Train/1/00001_00048_00012.png
client_3,26833,59,52,5,5,53,46,19,Train/19/00019_00002_00013.png
client_3,9567,51,46,6,5,46,41,5,Train/5/00005_00037_00027.png
client_3,27347,46,41,5,5,41,36,22,Train/22/00022_00001_00017.png
client_3,18461,44,43,5,5,39,38,12,Train/12/00012_00003_00011.png
client_3,19878,48,49,5,6,42,44,12,Train/12/00012_00050_00018.png
client_3,5963,61,61,6,5,55,56,3,Train/3/00003_00030_00023.png
client_3,35119,46,45,5,6,41,40,35,Train/35/00035_00030_00020.png
client_3,28826,137,154,12,14,126,141,25,Train/25/00025_00011_00026.png
client_3,33241,64,65,5,6,59,60,33,Train/33/00033_00005_00001.png
client_3,39129,29,29,5,5,24,24,42,Train/42/00042_00005_00010.png
client_3,8806,45,45,6,6,40,40,5,Train/5/00005_00012_00016.png
client_3,7223,69,68,6,6,63,62,4,Train/4/00004_00025_00023.png
client_3,29720,77,72,7,6,70,65,25,Train/25/00025_00041_00020.png
client_3,25222,46,48,5,6,41,43,17,Train/17/00017_00025_00022.png
client_3,21133,53,53,6,5,48,48,13,Train/13/00013_00022_00013.png
client_3,30192,38,34,6,5,32,29,26,Train/26/00026_00007_00012.png
client_3,4771,35,39,6,6,30,34,2,Train/2/00002_00066_00001.png
client_3,18556,62,62,6,6,56,57,12,Train/12/00012_00006_00016.png
client_3,34572,40,39,6,6,34,34,35,Train/35/00035_00012_00013.png
client_3,19562,37,38,5,6,32,33,12,Train/12/00012_00040_00002.png
client_3,14043,43,45,5,6,38,40,9,Train/9/00009_00016_00003.png
client_3,30020,62,60,6,6,57,55,26,Train/26/00026_00001_00020.png
client_3,12277,32,31,6,5,27,26,8,Train/8/00008_00004_00007.png
client_3,37168,111,118,10,11,102,108,38,Train/38/00038_00038_00029.png
client_3,22765,117,117,11,11,107,107,14,Train/14/00014_00004_00025.png
client_3,13554,50,50,6,6,45,45,8,Train/8/00008_00046_00024.png
client_3,27241,34,33,6,5,29,28,21,Train/21/00021_00009_00001.png
client_3,33342,58,58,6,5,53,53,33,Train/33/00033_00008_00012.png
client_3,37137,79,84,7,8,72,77,38,Train/38/00038_00037_00028.png
client_3,30836,50,47,6,6,45,42,28,Train/28/00028_00000_00026.png
client_3,3053,51,51,5,5,45,46,2,Train/2/00002_00008_00023.png
client_3,4990,33,34,5,5,28,28,2,Train/2/00002_00073_00010.png
client_3,6584,59,58,6,5,54,52,4,Train/4/00004_00004_00014.png
client_3,15895,55,55,6,6,50,50,10,Train/10/00010_00028_00025.png
client_3,19790,74,75,7,6,68,69,12,Train/12/00012_00047_00020.png
client_3,35888,34,34,6,6,29,29,37,Train/37/00037_00003_00009.png
client_3,26309,124,127,10,11,114,116,18,Train/18/00018_00024_00029.png
client_3,19121,40,44,6,5,35,39,12,Train/12/00012_00025_00011.png
client_3,8087,57,58,6,5,52,53,4,Train/4/00004_00054_00017.png
client_3,30435,119,107,10,10,108,98,26,Train/26/00026_00015_00015.png
client_3,18412,58,54,6,5,52,49,12,Train/12/00012_00001_00022.png
client_3,8961,59,59,6,6,54,54,5,Train/5/00005_00017_00021.png
client_3,25930,35,36,6,6,30,31,18,Train/18/00018_00012_00010.png
client_3,36191,64,80,5,7,59,73,38,Train/38/00038_00006_00012.png
client_3,19812,45,47,6,5,40,42,12,Train/12/00012_00048_00012.png
client_3,35113,35,34,6,5,30,29,35,Train/35/00035_00030_00014.png
client_3,35862,46,45,6,6,41,40,37,Train/37/00037_00002_00013.png
client_3,6045,37,38,5,5,31,32,3,Train/3/00003_00033_00015.png
client_3,34829,26,27,5,5,21,22,35,Train/35/00035_00021_00000.png
client_3,7139,50,49,6,5,45,44,4,Train/4/00004_00022_00029.png
client_3,35773,57,56,5,5,51,51,36,Train/36/00036_00012_00014.png
client_3,25855,50,47,5,6,45,42,18,Train/18/00018_00009_00025.png
client_3,25994,46,51,5,6,41,46,18,Train/18/00018_00014_00014.png
client_3,29782,73,68,6,7,67,62,25,Train/25/00025_00043_00022.png
client_3,18523,58,58,5,6,52,53,12,Train/12/00012_00005_00013.png
client_3,22228,53,59,6,6,47,54,13,Train/13/00013_00058_00028.png
client_3,22601,42,39,6,5,37,34,13,Train/13/00013_00071_00011.png
client_3,14595,38,38,6,6,33,32,9,Train/9/00009_00034_00015.png
client_3,21549,42,41,6,6,37,36,13,Train/13/00013_00036_00009.png
client_3,3184,32,33,6,6,27,28,2,Train/2/00002_00013_00004.png
client_3,23404,41,45,5,6,36,40,15,Train/15/00015_00000_00004.png
client_3,17309,145,130,12,12,133,119,11,Train/11/00011_00008_00029.png
client_3,32465,30,31,6,6,25,25,31,Train/31/00031_00013_00005.png
client_3,2863,31,34,5,6,25,28,2,Train/2/00002_00002_00013.png
client_3,22024,32,30,6,6,26,25,13,Train/13/00013_00052_00004.png
client_3,5280,28,28,5,5,23,23,3,Train/3/00003_00008_00000.png
client_3,33079,41,40,6,5,36,35,32,Train/32/00032_00007_00019.png
client_3,23092,80,80,8,8,73,73,14,Train/14/00014_00015_00022.png
client_3,8221,30,31,5,6,25,26,4,Train/4/00004_00059_00001.png
client_3,31908,73,65,7,6,67,60,30,Train/30/00030_00009_00018.png
client_3,29280,34,33,5,5,29,28,25,Train/25/00025_00027_00000.png
client_3,16736,53,54,6,5,48,49,10,Train/10/00010_00056_00026.png
client_3,858,43,44,5,6,38,39,1,Train/1/00001_00009_00018.png
client_3,15303,32,33,5,6,27,28,10,Train/10/00010_00009_00003.png
client_3,23536,40,42,5,6,34,37,15,Train/15/00015_00004_00016.png
client_3,22506,59,51,6,6,54,46,13,Train/13/00013_00068_00006.png
client_3,20672,38,35,6,5,33,30,13,Train/13/00013_00007_00002.png
client_3,3421,29,29,6,6,24,24,2,Train/2/00002_00021_00001.png
client_3,23734,45,55,6,6,40,50,15,Train/15/00015_00011_00004.png
client_3,38637,154,153,13,14,140,140,40,Train/40/00040_00008_00028.png
client_3,13349,97,104,8,10,89,95,8,Train/8/00008_00039_00029.png
client_3,33636,30,37,5,6,25,32,33,Train/33/00033_00018_00006.png
client_3,35014,31,32,6,6,26,27,35,Train/35/00035_00027_00005.png
client_3,25965,41,41,5,5,36,36,18,Train/18/00018_00013_00015.png
client_3,27536,130,117,11,11,118,106,22,Train/22/00022_00007_00026.png
client_3,5851,28,30,6,6,23,25,3,Train/3/00003_00027_00001.png
client_3,30867,94,81,9,7,86,74,28,Train/28/00028_00001_00027.png
client_3,34467,108,104,10,10,99,95,35,Train/35/00035_00008_00028.png
client_3,37671,74,75,6,6,67,68,38,Train/38/00038_00055_00022.png
client_3,33291,58,59,5,5,53,54,33,Train/33/00033_00006_00021.png
client_3,32018,36,31,6,6,31,26,30,Train/30/00030_00013_00008.png
client_3,19530,35,34,6,5,30,29,12,Train/12/00012_00039_00000.png
client_3,33280,34,36,5,6,28,30,33,Train/33/00033_00006_00010.png
client_3,19039,50,49,5,5,45,44,12,Train/12/00012_00022_00019.png
client_3,29238,53,47,6,6,48,42,25,Train/25/00025_00025_00018.png
client_3,23493,28,31,5,5,23,26,15,Train/15/00015_00003_00003.png
client_3,31916,127,109,11,10,116,100,30,Train/30/00030_00009_00026.png
client_3,29567,52,48,5,6,47,43,25,Train/25/00025_00036_00017.png
client_3,3508,58,56,6,5,52,51,2,Train/2/00002_00023_00028.png
client_3,38764,27,29,5,6,22,24,41,Train/41/00041_00001_00005.png
client_3,16080,27,26,5,5,22,20,10,Train/10/00010_00035_00000.png
client_3,17011,28,25,5,5,22,20,10,Train/10/00010_00066_00001.png
client_3,3581,37,39,6,6,32,34,2,Train/2/00002_00026_00011.png
client_3,12802,46,45,5,6,41,40,8,Train/8/00008_00021_00022.png
client_3,28842,63,62,5,6,58,57,25,Train/25/00025_00012_00012.png
client_3,19585,88,89,7,8,81,82,12,Train/12/00012_00040_00025.png
client_3,13944,74,76,6,7,68,70,9,Train/9/00009_00012_00024.png
client_3,4235,31,29,6,5,26,24,2,Train/2/00002_00048_00005.png
client_3,31323,35,34,5,5,30,29,28,Train/28/00028_00017_00003.png
client_3,31064,83,73,8,6,75,67,28,Train/28/00028_00008_00014.png
client_3,14124,42,41,5,6,36,36,9,Train/9/00009_00018_00024.png
client_3,29788,128,118,12,11,117,108,25,Train/25/00025_00043_00028.png
client_3,1721,32,34,5,6,27,29,1,Train/1/00001_00038_00011.png
client_3,383,70,70,7,7,64,64,0,Train/0/00000_00000_00023.png
client_3,36551,31,30,6,5,26,25,38,Train/38/00038_00018_00012.png
client_3,33588,45,50,5,6,40,45,33,Train/33/00033_00016_00018.png
client_3,1038,46,46,5,5,40,40,1,Train/1/00001_00015_00018.png
client_3,14528,38,38,5,5,33,33,9,Train/9/00009_00032_00008.png
client_3,34142,30,30,6,5,25,25,34,Train/34/00034_00012_00003.png
client_3,15165,34,34,5,5,29,29,10,Train/10/00010_00004_00015.png
client_3,13335,41,43,6,6,36,38,8,Train/8/00008_00039_00015.png
client_3,25899,35,34,5,6,30,29,18,Train/18/00018_00011_00009.png
client_3,7747,31,31,5,5,26,26,4,Train/4/00004_00043_00007.png
client_3,31030,65,55,6,5,59,50,28,Train/28/00028_00007_00010.png
client_3,20367,60,69,5,6,55,63,12,Train/12/00012_00066_00027.png
client_3,6690,27,26,6,5,22,21,4,Train/4/00004_00008_00000.png
client_3,36624,86,92,8,8,78,84,38,Train/38/00038_00020_00025.png
client_3,26342,39,34,5,6,34,29,18,Train/18/00018_00026_00002.png
client_3,35237,39,41,6,5,34,36,35,Train/35/00035_00034_00018.png
client_3,3707,45,39,6,5,39,33,2,Train/2/00002_00030_00017.png
client_3,32898,38,36,6,5,33,31,32,Train/32/00032_00001_00018.png
client_3,14399,74,80,6,8,68,73,9,Train/9/00009_00027_00029.png
client_3,19987,35,36,5,5,30,31,12,Train/12/00012_00054_00007.png
client_3,8402,26,29,5,6,21,24,4,Train/4/00004_00065_00002.png
client_3,7584,52,52,5,5,47,47,4,Train/4/00004_00037_00024.png
client_3,7455,40,40,5,5,35,35,4,Train/4/00004_00033_00015.png
client_3,32017,34,29,6,5,29,24,30,Train/30/00030_00013_00007.png
client_3,30246,35,32,6,6,29,27,26,Train/26/00026_00009_00006.png
client_3,31027,62,54,6,6,57,49,28,Train/28/00028_00007_00007.png
client_3,21182,37,35,6,5,31,30,13,Train/13/00013_00024_00002.png
client_3,33773,53,53,5,6,47,48,33,Train/33/00033_00022_00024.png
client_3,14230,36,37,5,6,31,32,9,Train/9/00009_00022_00010.png
client_3,5629,43,43,5,6,38,38,3,Train/3/00003_00019_00019.png
client_3,17824,51,48,5,5,46,43,11,Train/11/00011_00026_00004.png
client_3,12516,36,36,5,5,31,31,8,Train/8/00008_00012_00006.png
client_3,7773,28,29,5,5,23,24,4,Train/4/00004_00044_00003.png
client_3,31882,57,51,6,6,52,46,30,Train/30/00030_00008_00022.png
client_3,32987,40,41,5,6,34,36,32,Train/32/00032_00004_00017.png
client_3,2656,44,44,5,5,39,39,1,Train/1/00001_00069_00016.png
client_3,14631,58,59,6,6,53,54,9,Train/9/00009_00035_00021.png
client_3,22519,98,75,9,6,90,69,13,Train/13/00013_00068_00019.png
client_3,15656,50,50,5,5,45,45,10,Train/10/00010_00020_00026.png
client_3,13714,29,30,6,6,24,24,9,Train/9/00009_00005_00004.png
client_3,10053,29,27,6,5,24,22,5,Train/5/00005_00054_00003.png
client_3,14003,63,64,6,6,58,59,9,Train/9/00009_00014_00023.png
client_3,7501,27,28,5,6,22,23,4,Train/4/00004_00035_00001.png
client_3,27957,135,124,12,10,124,114,23,Train/23/00023_00008_00027.png
client_3,19702,60,60,5,5,55,55,12,Train/12/00012_00044_00022.png
client_3,29208,70,62,7,5,64,57,25,Train/25/00025_00024_00018.png
client_3,34893,30,32,5,6,25,27,35,Train/35/00035_00023_00004.png
client_3,22815,46,46,6,5,41,41,14,Train/14/00014_00006_00015.png
client_3,10561,27,28,6,5,21,22,6,Train/6/00006_00009_00001.png
client_3,8111,37,35,6,6,32,30,4,Train/4/00004_00055_00011.png
client_3,7945,56,55,6,6,51,50,4,Train/4/00004_00049_00025.png
client_3,26646,49,47,6,6,44,42,18,Train/18/00018_00036_00006.png
client_3,6500,53,54,6,5,48,49,4,Train/4/00004_00001_00020.png
client_3,12123,27,27,6,6,22,22,7,Train/7/00007_00047_00003.png
client_3,35427,65,64,6,5,59,59,36,Train/36/00036_00000_00028.png
client_3,20575,131,119,12,11,120,109,13,Train/13/00013_00003_00025.png
client_3,27348,46,42,5,6,41,37,22,Train/22/00022_00001_00018.png
client_3,17794,31,31,6,6,26,26,11,Train/11/00011_00025_00004.png
client_3,19805,41,42,6,5,35,37,12,Train/12/00012_00048_00005.png
client_3,24426,52,51,6,6,46,46,16,Train/16/00016_00013_00006.png
client_3,28470,48,43,6,5,43,38,25,Train/25/00025_00000_00000.png
client_3,7434,61,61,6,6,56,56,4,Train/4/00004_00032_00024.png
client_3,23038,177,177,16,15,162,162,14,Train/14/00014_00013_00028.png
client_3,29479,57,53,5,5,51,47,25,Train/25/00025_00033_00019.png
client_3,30229,53,51,5,6,48,46,26,Train/26/00026_00008_00019.png
client_3,27848,35,34,5,5,30,29,23,Train/23/00023_00005_00008.png
client_3,33581,40,41,5,5,35,36,33,Train/33/00033_00016_00011.png
client_3,16768,111,106,9,9,102,97,10,Train/10/00010_00057_00028.png
client_3,16618,82,80,8,7,75,73,10,Train/10/00010_00052_00028.png
client_3,33250,69,70,6,7,63,63,33,Train/33/00033_00005_00010.png
client_3,9862,55,57,6,6,50,52,5,Train/5/00005_00047_00022.png
client_3,30960,40,41,6,6,35,36,28,Train/28/00028_00005_00000.png
client_3,25306,43,47,5,6,38,42,17,Train/17/00017_00028_00016.png
client_3,29781,69,61,7,5,63,56,25,Train/25/00025_00043_00021.png
client_3,22456,42,39,5,5,37,34,13,Train/13/00013_00066_00016.png
client_3,15029,77,81,6,8,70,74,9,Train/9/00009_00048_00029.png
client_3,3109,48,48,5,6,43,43,2,Train/2/00002_00010_00019.png
client_3,14236,42,44,5,6,37,39,9,Train/9/00009_00022_00016.png
client_3,9139,47,46,6,5,42,41,5,Train/5/00005_00023_00019.png
client_3,20073,43,44,5,5,38,39,12,Train/12/00012_00057_00003.png
client_3,7010,55,59,6,6,50,54,4,Train/4/00004_00018_00020.png
client_3,19491,80,80,8,8,73,73,12,Train/12/00012_00037_00021.png
client_3,28717,81,75,8,6,74,69,25,Train/25/00025_00008_00007.png
client_3,5586,35,35,5,5,30,30,3,Train/3/00003_00018_00006.png
client_3,17164,38,38,5,6,32,33,11,Train/11/00011_00004_00004.png
client_3,24486,29,30,5,6,23,24,17,Train/17/00017_00001_00006.png
client_3,25324,28,30,5,5,22,24,17,Train/17/00017_00029_00004.png
client_3,22051,38,39,5,6,32,33,13,Train/13/00013_00053_00001.png
client_3,3830,48,48,5,5,43,43,2,Train/2/00002_00034_00020.png
client_3,26421,61,64,6,6,56,59,18,Train/18/00018_00028_00021.png
client_3,4623,42,41,6,5,37,36,2,Train/2/00002_00061_00003.png
client_3,33391,29,28,6,6,23,23,33,Train/33/00033_00010_00001.png
client_3,9273,34,31,6,5,29,26,5,Train/5/00005_00028_00003.png
client_3,38729,29,29,6,5,24,24,41,Train/41/00041_00000_00000.png
client_3,31837,43,41,6,5,38,36,30,Train/30/00030_00007_00007.png
client_3,38180,51,51,6,5,46,46,39,Train/39/00039_00003_00021.png
client_3,35498,31,33,5,6,26,27,36,Train/36/00036_00003_00009.png
client_3,17385,60,55,5,5,55,50,11,Train/11/00011_00011_00015.png
client_3,28710,65,63,6,6,60,58,25,Train/25/00025_00008_00000.png
client_3,20777,60,55,6,5,55,49,13,Train/13/00013_00010_00017.png
client_3,18415,67,68,6,6,61,62,12,Train/12/00012_00001_00025.png
client_3,21901,48,45,6,5,43,40,13,Train/13/00013_00048_00001.png
client_3,18602,30,31,5,6,25,26,12,Train/12/00012_00008_00002.png
client_3,35641,27,28,6,6,22,23,36,Train/36/00036_00008_00002.png
client_3,11633,38,39,5,5,33,34,7,Train/7/00007_00030_00023.png
client_3,12877,35,36,5,6,30,31,8,Train/8/00008_00024_00007.png
client_3,7674,49,50,5,6,44,45,4,Train/4/00004_00040_00024.png
client_3,23729,123,116,11,11,113,106,15,Train/15/00015_00010_00029.png
client_3,9657,55,58,5,5,50,53,5,Train/5/00005_00040_00027.png
client_3,25187,41,43,6,6,36,38,17,Train/17/00017_00024_00017.png
client_3,21592,72,72,7,7,66,66,13,Train/13/00013_00037_00022.png
client_3,34206,43,43,6,6,37,37,35,Train/35/00035_00000_00007.png
client_3,5003,55,56,5,6,49,50,2,Train/2/00002_00073_00023.png
client_3,20573,112,106,10,10,103,97,13,Train/13/00013_00003_00023.png
client_3,29075,38,35,6,6,33,30,25,Train/25/00025_00020_00005.png
client_3,16965,36,36,6,5,31,31,10,Train/10/00010_00064_00015.png
client_3,31631,44,39,6,5,39,34,30,Train/30/00030_00000_00011.png
client_3,34058,36,36,6,6,31,31,34,Train/34/00034_00009_00009.png
client_3,9659,60,70,6,7,57,64,5,Train/5/00005_00040_00029.png
client_3,1990,40,40,6,6,35,35,1,Train/1/00001_00047_00010.png
client_3,19342,53,62,6,5,48,57,12,Train/12/00012_00032_00022.png
client_3,30639,40,38,5,6,34,32,27,Train/27/00027_00002_00009.png
client_3,37295,34,36,5,5,29,31,38,Train/38/00038_00043_00006.png
client_3,5499,34,34,6,6,28,28,3,Train/3/00003_00015_00009.png
client_3,12285,38,38,6,6,33,33,8,Train/8/00008_00004_00015.png
client_3,31780,42,38,6,6,37,33,30,Train/30/00030_00005_00010.png
client_3,31060,72,63,6,5,65,58,28,Train/28/00028_00008_00010.png
client_3,7970,43,46,5,6,37,40,4,Train/4/00004_00050_00020.png
client_3,36176,68,73,7,7,62,67,38,Train/38/00038_00005_00027.png
client_3,22775,54,54,6,6,49,49,14,Train/14/00014_00005_00005.png
client_3,36267,40,40,6,6,35,35,38,Train/38/00038_00008_00028.png
client_3,7630,36,36,6,6,31,31,4,Train/4/00004_00039_00010.png
client_3,9323,49,45,5,5,44,40,5,Train/5/00005_00029_00023.png
client_3,31283,65,58,6,6,60,52,28,Train/28/00028_00015_00023.png
client_3,21302,47,46,5,6,42,41,13,Train/13/00013_00028_00002.png
client_3,14217,75,80,6,7,69,73,9,Train/9/00009_00021_00027.png
client_3,26927,48,45,5,6,43,40,19,Train/19/00019_00005_00017.png
client_3,19361,42,47,6,6,37,42,12,Train/12/00012_00033_00011.png
client_3,38681,42,43,6,5,36,38,40,Train/40/00040_00010_00012.png
client_3,31954,32,32,6,5,27,26,30,Train/30/00030_00011_00004.png
client_3,13678,70,68,6,6,63,61,9,Train/9/00009_00003_00028.png
client_3,20428,80,77,7,7,73,71,12,Train/12/00012_00068_00028.png
client_3,9160,37,36,6,5,32,31,5,Train/5/00005_00024_00010.png
client_3,5565,50,52,5,5,45,47,3,Train/3/00003_00017_00015.png
client_3,38451,62,62,5,5,56,56,40,Train/40/00040_00002_00022.png
client_3,27293,70,62,7,5,64,57,21,Train/21/00021_00010_00023.png
client_3,20963,82,76,7,6,75,70,13,Train/13/00013_00016_00023.png
client_3,38737,32,33,5,6,27,28,41,Train/41/00041_00000_00008.png
client_3,25924,38,39,6,6,32,33,18,Train/18/00018_00012_00004.png
client_3,25046,75,75,6,7,69,69,17,Train/17/00017_00019_00026.png
client_3,14538,49,49,5,5,44,44,9,Train/9/00009_00032_00018.png
client_3,39113,60,59,5,5,55,54,42,Train/42/00042_00004_00024.png
client_3,20496,32,33,5,5,27,28,13,Train/13/00013_00001_00006.png
client_3,20794,40,43,6,6,35,38,13,Train/13/00013_00011_00004.png
client_3,7493,49,49,5,5,44,44,4,Train/4/00004_00034_00023.png
client_3,14548,95,95,9,9,87,87,9,Train/9/00009_00032_00028.png
client_3,35772,55,56,5,5,50,51,36,Train/36/00036_00012_00013.png
client_3,15767,43,43,6,6,38,38,10,Train/10/00010_00024_00017.png
client_3,23047,47,57,6,5,42,52,14,Train/14/00014_00014_00007.png
client_3,17968,155,134,14,12,142,122,11,Train/11/00011_00030_00028.png
client_3,10016,52,52,5,5,47,47,5,Train/5/00005_00052_00026.png
client_3,15944,34,34,5,5,29,29,10,Train/10/00010_00030_00014.png
client_3,34580,49,50,6,6,43,45,35,Train/35/00035_00012_00021.png
client_3,11565,37,38,6,5,32,33,7,Train/7/00007_00028_00015.png
client_3,35504,37,39,5,6,32,34,36,Train/36/00036_00003_00015.png
client_3,837,62,70,6,7,57,64,1,Train/1/00001_00008_00027.png
client_3,22493,64,57,6,6,59,52,13,Train/13/00013_00067_00023.png
client_3,21110,55,51,6,6,49,45,13,Train/13/00013_00021_00020.png
client_3,3554,36,36,6,6,31,31,2,Train/2/00002_00025_00014.png
client_3,14691,61,61,5,5,56,56,9,Train/9/00009_00037_00021.png
client_3,20922,76,75,6,6,69,68,13,Train/13/00013_00015_00012.png
client_3,5879,62,71,5,7,57,65,3,Train/3/00003_00027_00029.png
client_3,5341,27,28,5,6,22,23,3,Train/3/00003_00010_00001.png
client_3,1944,84,85,7,8,77,78,1,Train/1/00001_00045_00024.png
client_3,10026,29,30,5,6,24,25,5,Train/5/00005_00053_00006.png
client_3,21319,49,45,6,5,44,40,13,Train/13/00013_00028_00019.png
client_3,29640,29,27,6,6,24,22,25,Train/25/00025_00039_00000.png
client_3,15568,58,59,5,5,53,54,10,Train/10/00010_00017_00028.png
client_3,21710,71,63,7,6,65,58,13,Train/13/00013_00041_00020.png
client_3,23783,46,50,6,6,40,45,15,Train/15/00015_00012_00023.png
client_3,24441,65,64,5,5,59,59,16,Train/16/00016_00013_00021.png
client_3,30945,47,42,6,5,42,37,28,Train/28/00028_00004_00015.png
client_3,9831,58,59,5,6,53,54,5,Train/5/00005_00046_00021.png
client_3,6861,48,50,5,5,42,45,4,Train/4/00004_00013_00021.png
client_3,12091,27,29,5,6,22,24,7,Train/7/00007_00046_00001.png
client_3,25952,42,41,6,5,37,36,18,Train/18/00018_00013_00002.png
client_3,27986,81,69,8,6,74,63,23,Train/23/00023_00009_00026.png
client_3,28935,58,52,6,5,52,47,25,Train/25/00025_00015_00015.png
client_3,27900,33,31,5,5,28,26,23,Train/23/00023_00007_00000.png
client_3,38932,56,57,5,5,51,52,41,Train/41/00041_00006_00023.png
client_3,27767,59,53,6,6,53,48,23,Train/23/00023_00002_00017.png
client_3,8894,44,43,6,5,39,38,5,Train/5/00005_00015_00014.png
client_3,4265,30,30,5,5,25,25,2,Train/2/00002_00049_00005.png
client_3,16165,59,50,5,5,54,44,10,Train/10/00010_00037_00025.png
client_3,31705,101,88,9,7,93,81,30,Train/30/00030_00002_00025.png
client_3,12556,47,47,5,5,42,42,8,Train/8/00008_00013_00016.png
client_3,17780,57,52,5,6,52,47,11,Train/11/00011_00024_00020.png
client_3,9768,48,51,6,6,43,46,5,Train/5/00005_00044_00018.png
client_3,34714,37,38,6,6,32,33,35,Train/35/00035_00017_00005.png
client_3,36977,49,48,5,5,44,43,38,Train/38/00038_00032_00018.png
client_3,35273,51,49,5,5,45,44,35,Train/35/00035_00035_00024.png
client_3,18888,53,52,6,5,48,47,12,Train/12/00012_00017_00018.png
client_3,10352,28,31,5,6,23,26,6,Train/6/00006_00002_00002.png
client_3,26461,28,27,5,6,23,22,18,Train/18/00018_00030_00001.png
client_3,14833,48,49,6,6,43,44,9,Train/9/00009_00042_00013.png
client_3,12394,33,33,6,6,28,28,8,Train/8/00008_00008_00004.png
client_3,21263,57,82,5,7,52,75,13,Train/13/00013_00026_00023.png
client_3,13200,31,31,5,5,26,26,8,Train/8/00008_00035_00000.png
client_3,34527,81,82,7,7,74,75,35,Train/35/00035_00010_00028.png
client_3,26545,91,92,8,9,83,84,18,Train/18/00018_00032_00025.png
client_3,30384,54,53,5,5,49,48,26,Train/26/00026_00013_00024.png
client_3,19193,59,60,5,6,54,55,12,Train/12/00012_00027_00023.png
client_3,36691,31,31,6,6,26,26,38,Train/38/00038_00023_00002.png
client_3,31003,51,48,5,5,46,43,28,Train/28/00028_00006_00013.png
client_3,26774,86,74,8,7,79,67,19,Train/19/00019_00000_00014.png
client_3,14071,27,30,6,6,22,25,9,Train/9/00009_00017_00001.png
client_3,25181,33,37,5,6,28,31,17,Train/17/00017_00024_00011.png
client_3,28984,32,34,5,5,27,28,25,Train/25/00025_00017_00004.png
client_3,33565,47,61,5,6,42,55,33,Train/33/00033_00015_00025.png
client_3,29516,132,113,12,10,121,104,25,Train/25/00025_00034_00026.png
client_3,8854,32,31,6,5,26,25,5,Train/5/00005_00014_00004.png
client_3,33167,49,48,5,5,44,43,33,Train/33/00033_00002_00017.png
client_3,37145,29,29,6,6,24,24,38,Train/38/00038_00038_00006.png
client_3,19923,91,92,8,9,83,84,12,Train/12/00012_00052_00003.png
client_3,21827,97,97,9,9,89,89,13,Train/13/00013_00045_00017.png
client_3,37778,41,41,5,5,36,36,38,Train/38/00038_00059_00009.png
client_3,1361,64,64,5,5,59,59,1,Train/1/00001_00026_00011.png
client_3,21397,32,30,6,6,27,25,13,Train/13/00013_00031_00007.png
client_3,27469,49,45,6,5,44,40,22,Train/22/00022_00005_00019.png
client_3,15068,34,31,6,5,28,25,10,Train/10/00010_00001_00008.png
client_3,28749,31,30,5,5,26,25,25,Train/25/00025_00009_00009.png
client_3,14170,30,31,6,6,25,26,9,Train/9/00009_00020_00010.png
client_3,701,92,88,9,7,84,81,1,Train/1/00001_00004_00011.png
client_3,22515,81,62,7,5,74,57,13,Train/13/00013_00068_00015.png
client_3,19982,35,34,6,5,29,28,12,Train/12/00012_00054_00002.png
client_3,36088,90,92,8,9,82,84,38,Train/38/00038_00002_00029.png
client_3,28915,83,76,7,7,76,69,25,Train/25/00025_00014_00025.png
client_3,27717,93,92,8,9,85,84,23,Train/23/00023_00000_00027.png
client_3,23160,42,42,6,6,37,37,14,Train/14/00014_00018_00000.png
client_3,20855,42,38,6,6,37,33,13,Train/13/00013_00013_00005.png
client_3,29928,50,54,6,5,45,49,25,Train/25/00025_00048_00018.png
client_3,18501,33,28,6,6,28,23,12,Train/12/00012_00004_00021.png
client_3,21508,50,47,5,5,44,42,13,Train/13/00013_00034_00028.png
client_3,33542,27,30,6,6,22,25,33,Train/33/00033_00015_00002.png
client_3,939,34,36,6,6,29,31,1,Train/1/00001_00012_00009.png
client_3,34267,35,35,6,5,29,29,35,Train/35/00035_00002_00008.png
client_3,2850,27,28,6,6,22,23,2,Train/2/00002_00002_00000.png
client_3,32734,29,28,6,5,24,23,31,Train/31/00031_00022_00004.png
client_3,25650,38,40,6,5,37,35,18,Train/18/00018_00003_00000.png
client_3,28887,95,94,8,8,87,85,25,Train/25/00025_00013_00027.png
client_3,33795,49,55,6,6,44,50,34,Train/34/00034_00000_00016.png
client_3,105,51,49,6,6,46,44,20,Train/20/00020_00003_00015.png
client_3,18945,42,41,5,5,37,36,12,Train/12/00012_00019_00015.png
client_3,5462,29,29,5,5,24,24,3,Train/3/00003_00014_00002.png
client_3,19713,37,37,6,6,32,32,12,Train/12/00012_00045_00003.png
client_3,32334,71,63,6,5,65,58,31,Train/31/00031_00008_00024.png
client_3,26186,140,124,13,11,128,114,18,Train/18/00018_00020_00026.png
client_3,27180,35,33,6,5,30,28,21,Train/21/00021_00007_00000.png
client_3,20240,56,57,5,6,51,52,12,Train/12/00012_00062_00020.png
client_3,10419,36,36,6,5,31,31,6,Train/6/00006_00004_00009.png
client_3,19768,64,62,6,6,59,57,12,Train/12/00012_00046_00028.png
client_3,27336,33,31,5,5,28,26,22,Train/22/00022_00001_00006.png
client_3,34645,69,68,6,6,63,62,35,Train/35/00035_00014_00026.png
client_3,25016,40,41,5,5,35,36,17,Train/17/00017_00018_00026.png
client_3,23202,64,72,5,6,59,66,14,Train/14/00014_00019_00012.png
client_3,16287,73,74,7,7,67,68,10,Train/10/00010_00041_00027.png
client_3,5995,61,64,6,5,56,59,3,Train/3/00003_00031_00025.png
client_3,36140,45,47,6,5,40,42,38,Train/38/00038_00004_00021.png
client_3,29909,230,201,20,18,211,184,25,Train/25/00025_00047_00029.png
client_3,14920,38,41,6,5,33,36,9,Train/9/00009_00045_00010.png
client_3,22466,80,71,8,6,73,65,13,Train/13/00013_00066_00026.png
client_3,16075,68,61,7,5,62,55,10,Train/10/00010_00034_00025.png
client_3,34631,40,40,6,6,35,35,35,Train/35/00035_00014_00012.png
client_3,28619,80,73,8,7,73,67,25,Train/25/00025_00004_00029.png
client_3,5727,58,59,5,6,53,54,3,Train/3/00003_00022_00027.png
client_3,34393,39,41,6,6,34,35,35,Train/35/00035_00006_00014.png
client_3,5490,29,28,6,5,24,23,3,Train/3/00003_00015_00000.png
client_3,12258,42,43,6,6,37,38,8,Train/8/00008_00003_00018.png
client_3,3629,74,72,7,7,68,66,2,Train/2/00002_00027_00029.png
client_3,21501,45,42,5,5,39,37,13,Train/13/00013_00034_00021.png
client_3,38059,49,51,5,6,44,46,38,Train/38/00038_00068_00020.png
client_3,25962,40,40,5,5,35,35,18,Train/18/00018_00013_00012.png
client_3,18805,81,80,8,7,73,72,12,Train/12/00012_00014_00025.png
client_3,18188,56,49,6,5,50,43,11,Train/11/00011_00038_00008.png
client_3,34486,44,44,5,5,39,39,35,Train/35/00035_00009_00017.png
client_3,29205,57,54,5,5,52,49,25,Train/25/00025_00024_00015.png
client_3,2020,40,40,5,5,35,35,1,Train/1/00001_00048_00010.png
client_3,26622,38,35,5,5,33,30,18,Train/18/00018_00035_00012.png
client_3,967,47,46,6,5,42,41,1,Train/1/00001_00013_00007.png
client_3,33862,58,54,5,5,52,49,34,Train/34/00034_00002_00023.png
client_3,30492,41,36,5,6,35,30,26,Train/26/00026_00017_00012.png
client_3,2905,67,68,6,6,61,62,2,Train/2/00002_00003_00025.png
client_3,26473,40,37,6,5,34,32,18,Train/18/00018_00030_00013.png
client_3,31936,46,43,5,6,41,38,30,Train/30/00030_00010_00016.png
client_3,21564,63,60,6,6,58,55,13,Train/13/00013_00036_00024.png
client_3,19395,76,76,7,7,70,70,12,Train/12/00012_00034_00015.png
client_3,2912,30,31,6,6,25,26,2,Train/2/00002_00004_00002.png
client_3,10471,26,27,5,5,21,22,6,Train/6/00006_00006_00001.png
client_3,7761,52,51,6,5,47,46,4,Train/4/00004_00043_00021.png
client_3,30080,62,60,5,6,57,54,26,Train/26/00026_00003_00020.png
client_3,28466,51,54,5,6,46,49,24,Train/24/00024_00008_00026.png
client_3,31881,55,48,6,5,50,43,30,Train/30/00030_00008_00021.png
client_3,2952,37,39,5,6,32,33,2,Train/2/00002_00005_00012.png
client_3,8243,63,63,5,5,58,58,4,Train/4/00004_00059_00023.png
client_3,5921,32,33,5,6,27,27,3,Train/3/00003_00029_00011.png
client_3,29227,38,36,5,5,33,31,25,Train/25/00025_00025_00007.png
client_3,35069,39,40,5,6,34,35,35,Train/35/00035_00029_00000.png
client_3,22425,51,46,6,6,46,41,13,Train/13/00013_00065_00015.png
client_3,14014,43,43,5,5,38,38,9,Train/9/00009_00015_00004.png
client_3,27364,34,34,5,6,29,29,22,Train/22/00022_00002_00004.png
client_3,6345,34,36,6,6,29,31,3,Train/3/00003_00043_00015.png
client_3,22878,50,57,6,5,45,51,14,Train/14/00014_00008_00018.png
client_3,14669,144,143,12,13,132,131,9,Train/9/00009_00036_00029.png
client_3,21282,33,31,6,5,28,26,13,Train/13/00013_00027_00012.png
client_3,7495,53,54,5,6,48,49,4,Train/4/00004_00034_00025.png
client_3,16257,64,63,6,6,59,58,10,Train/10/00010_00040_00027.png
client_3,23777,41,47,5,6,35,42,15,Train/15/00015_00012_00017.png
client_3,19861,29,29,5,5,24,24,12,Train/12/00012_00050_00001.png
client_3,8525,30,28,6,5,25,23,5,Train/5/00005_00003_00005.png
client_3,16141,28,27,6,6,22,21,10,Train/10/00010_00037_00001.png
client_3,36279,40,38,5,5,35,33,38,Train/38/00038_00009_00010.png
client_3,33388,105,106,9,9,96,97,33,Train/33/00033_00009_00028.png
client_3,10061,36,36,5,6,31,31,5,Train/5/00005_00054_00011.png
client_3,9197,36,36,5,5,31,31,5,Train/5/00005_00025_00017.png
client_3,32761,28,28,5,6,23,23,31,Train/31/00031_00023_00001.png
client_3,39013,37,39,5,6,32,34,42,Train/42/00042_00001_00014.png
client_3,8416,37,37,5,5,32,32,4,Train/4/00004_00065_00016.png
client_3,25392,34,38,5,5,29,33,17,Train/17/00017_00031_00012.png
client_3,34373,57,58,6,6,52,53,35,Train/35/00035_00005_00024.png
client_3,27518,45,40,6,6,40,35,22,Train/22/00022_00007_00008.png
client_3,9691,30,31,5,5,25,26,5,Train/5/00005_00042_00001.png
client_3,18916,49,48,6,5,44,43,12,Train/12/00012_00018_00016.png
client_3,26741,47,45,5,6,42,40,18,Train/18/00018_00039_00011.png
client_3,23255,36,36,6,5,30,31,14,Train/14/00014_00021_00005.png
client_3,15998,31,28,5,6,26,23,10,Train/10/00010_00032_00008.png
client_3,33067,31,31,6,6,26,26,32,Train/32/00032_00007_00007.png
client_3,16803,32,33,5,6,27,28,10,Train/10/00010_00059_00003.png
client_3,29584,33,29,5,5,27,24,25,Train/25/00025_00037_00004.png
client_3,13687,30,30,6,6,25,25,9,Train/9/00009_00004_00007.png
client_3,2720,60,60,6,6,55,55,1,Train/1/00001_00071_00020.png
client_3,317,47,43,5,6,41,37,20,Train/20/00020_00010_00017.png
client_3,26531,56,55,6,5,51,50,18,Train/18/00018_00032_00011.png
client_3,23841,45,49,5,5,39,44,15,Train/15/00015_00014_00021.png
client_3,1955,44,43,6,5,39,38,1,Train/1/00001_00046_00005.png
client_3,12010,33,34,5,6,28,29,7,Train/7/00007_00043_00010.png
client_3,21435,57,47,5,6,52,42,13,Train/13/00013_00032_00015.png
client_3,30786,36,32,6,5,31,27,27,Train/27/00027_00007_00006.png
client_3,15842,27,31,5,6,22,26,10,Train/10/00010_00027_00002.png
client_3,33387,105,105,10,9,96,95,33,Train/33/00033_00009_00027.png
client_3,18432,44,46,6,6,38,41,12,Train/12/00012_00002_00012.png
client_3,33798,52,58,5,5,47,53,34,Train/34/00034_00000_00019.png
client_3,35021,38,38,6,6,32,33,35,Train/35/00035_00027_00012.png
client_3,28895,40,37,6,5,35,32,25,Train/25/00025_00014_00005.png
client_3,2116,45,46,5,5,40,41,1,Train/1/00001_00051_00016.png
client_3,24873,29,33,5,6,24,28,17,Train/17/00017_00014_00003.png
client_3,21658,88,76,7,6,81,70,13,Train/13/00013_00039_00028.png
client_3,13661,33,32,6,5,28,27,9,Train/9/00009_00003_00011.png
client_3,27223,57,48,5,5,52,43,21,Train/21/00021_00008_00013.png
client_3,6146,69,70,7,7,63,64,3,Train/3/00003_00036_00026.png
client_3,37338,57,54,6,5,52,49,38,Train/38/00038_00044_00019.png
client_3,23755,68,72,6,6,62,66,15,Train/15/00015_00011_00025.png
client_3,3377,45,48,6,6,40,43,2,Train/2/00002_00019_00017.png
client_3,28720,89,83,8,7,82,76,25,Train/25/00025_00008_00010.png
client_3,37132,62,64,5,6,57,59,38,Train/38/00038_00037_00023.png
client_3,36160,35,35,5,5,29,30,38,Train/38/00038_00005_00011.png
client_3,14282,30,33,5,6,25,28,9,Train/9/00009_00024_00002.png
client_3,33803,64,74,6,6,59,67,34,Train/34/00034_00000_00024.png
client_3,21352,45,42,5,6,40,37,13,Train/13/00013_00029_00022.png
client_3,28051,27,27,5,5,22,22,23,Train/23/00023_00012_00001.png
client_3,35968,115,111,10,9,105,102,37,Train/37/00037_00005_00029.png
client_3,2729,106,106,10,10,97,97,1,Train/1/00001_00071_00029.png
client_3,8455,63,63,6,6,58,58,5,Train/5/00005_00000_00025.png
client_3,20068,83,84,8,7,76,77,12,Train/12/00012_00056_00028.png
client_3,6659,135,137,11,12,124,126,4,Train/4/00004_00006_00029.png
client_3,33960,27,29,5,5,22,24,34,Train/34/00034_00006_00001.png
client_3,20124,86,75,7,6,79,69,12,Train/12/00012_00058_00024.png
client_3,38025,44,44,6,6,39,39,38,Train/38/00038_00067_00016.png
client_3,35529,36,37,5,6,31,32,36,Train/36/00036_00004_00010.png
client_3,6081,51,50,6,5,45,45,3,Train/3/00003_00034_00021.png
client_3,9854,38,38,5,5,33,33,5,Train/5/00005_00047_00014.png
client_3,1392,39,39,5,5,34,34,1,Train/1/00001_00027_00012.png
client_3,29860,46,46,5,6,41,41,25,Train/25/00025_00046_00010.png
client_3,15899,74,73,7,6,68,67,10,Train/10/00010_00028_00029.png
client_3,29113,44,42,6,6,39,37,25,Train/25/00025_00021_00013.png
client_3,36845,28,28,5,5,23,23,38,Train/38/00038_00028_00006.png
client_3,12602,32,29,6,6,26,24,8,Train/8/00008_00015_00002.png
client_3,30782,34,32,5,6,29,27,27,Train/27/00027_00007_00002.png
client_3,16059,33,31,6,6,28,26,10,Train/10/00010_00034_00009.png
client_3,1446,39,38,6,6,33,33,1,Train/1/00001_00029_00006.png
client_3,25614,82,72,8,6,74,65,18,Train/18/00018_00001_00024.png
client_3,19138,92,93,8,8,84,85,12,Train/12/00012_00025_00028.png
client_3,12867,60,61,5,6,55,56,8,Train/8/00008_00023_00027.png
client_3,29802,45,45,6,6,40,40,25,Train/25/00025_00044_00012.png
client_3,1134,94,97,8,8,86,89,1,Train/1/00001_00018_00024.png
client_3,31164,54,50,5,5,49,45,28,Train/28/00028_00011_00024.png
client_3,18114,75,80,7,8,69,73,11,Train/11/00011_00035_00024.png
client_3,10222,53,52,6,6,48,47,5,Train/5/00005_00059_00022.png
client_3,6337,30,30,6,5,25,25,3,Train/3/00003_00043_00007.png
client_3,35820,28,27,6,5,23,22,37,Train/37/00037_00001_00001.png
client_3,31263,32,30,6,5,27,25,28,Train/28/00028_00015_00003.png
client_3,37455,40,40,5,5,34,34,38,Train/38/00038_00048_00016.png
client_3,31209,51,51,6,6,45,45,28,Train/28/00028_00013_00009.png
client_3,20960,70,62,7,5,64,57,13,Train/13/00013_00016_00020.png
client_3,34601,37,37,6,6,31,31,35,Train/35/00035_00013_00012.png
client_3,3891,50,50,6,6,45,45,2,Train/2/00002_00036_00021.png
client_3,34361,33,33,6,6,28,28,35,Train/35/00035_00005_00012.png
client_3,31822,48,49,5,6,43,44,30,Train/30/00030_00006_00022.png
client_3,27668,38,35,6,5,33,30,22,Train/22/00022_00012_00008.png
client_3,7765,72,71,7,6,66,65,4,Train/4/00004_00043_00025.png
client_3,27325,93,82,8,7,85,75,22,Train/22/00022_00000_00025.png
client_3,24447,89,89,7,8,81,82,16,Train/16/00016_00013_00027.png
client_3,33823,36,36,6,6,31,31,34,Train/34/00034_00001_00014.png
client_3,23489,125,136,10,12,114,125,15,Train/15/00015_00002_00029.png
client_3,32604,118,107,10,10,108,98,31,Train/31/00031_00017_00024.png
client_3,9681,47,48,6,6,41,43,5,Train/5/00005_00041_00021.png
client_3,32852,28,27,6,5,23,22,32,Train/32/00032_00000_00002.png
client_3,28884,65,63,6,6,60,58,25,Train/25/00025_00013_00024.png
client_3,30798,50,45,6,5,45,40,27,Train/27/00027_00007_00018.png
client_3,7862,39,39,6,6,34,34,4,Train/4/00004_00047_00002.png
client_3,19227,91,91,8,8,83,83,12,Train/12/00012_00028_00027.png
client_3,35691,49,50,5,6,43,45,36,Train/36/00036_00009_00022.png
client_3,29568,54,48,5,5,48,42,25,Train/25/00025_00036_00018.png
client_3,28187,53,53,5,6,48,48,23,Train/23/00023_00016_00017.png
client_3,17373,43,41,5,6,38,36,11,Train/11/00011_00011_00003.png
client_3,23969,122,146,11,12,112,134,15,Train/15/00015_00018_00029.png
client_3,35418,51,52,5,5,46,46,36,Train/36/00036_00000_00019.png
client_3,26374,31,31,6,6,26,26,18,Train/18/00018_00027_00004.png
client_3,28079,59,57,5,5,54,52,23,Train/23/00023_00012_00029.png
client_3,21737,53,47,6,6,48,42,13,Train/13/00013_00042_00017.png
client_3,17008,44,46,5,6,39,41,10,Train/10/00010_00065_00028.png
client_3,11438,35,36,5,6,30,31,7,Train/7/00007_00024_00008.png
client_3,7403,39,41,5,6,34,36,4,Train/4/00004_00031_00023.png
client_3,12244,30,31,5,6,25,26,8,Train/8/00008_00003_00004.png
client_3,24223,91,92,8,9,83,84,16,Train/16/00016_00006_00013.png
client_3,17736,36,33,5,5,31,28,11,Train/11/00011_00023_00006.png
client_3,18479,108,112,9,9,99,103,12,Train/12/00012_00003_00029.png
client_3,28781,50,47,6,6,44,42,25,Train/25/00025_00010_00011.png
client_3,36866,33,33,5,5,28,28,38,Train/38/00038_00028_00027.png
client_3,31023,58,51,5,5,53,46,28,Train/28/00028_00007_00003.png
client_3,31228,147,142,13,12,135,129,28,Train/28/00028_00013_00028.png
client_3,1943,77,76,7,6,71,70,1,Train/1/00001_00045_00023.png
client_3,4919,59,55,5,6,54,50,2,Train/2/00002_00070_00029.png
client_3,23999,42,40,5,6,37,35,15,Train/15/00015_00019_00029.png
client_3,7948,68,70,6,7,62,63,4,Train/4/00004_00049_00028.png
client_3,9166,37,37,6,6,32,32,5,Train/5/00005_00024_00016.png
client_3,36100,43,45,6,6,37,39,38,Train/38/00038_00003_00011.png
client_3,5123,51,55,5,6,46,50,3,Train/3/00003_00002_00023.png
client_3,4291,26,26,5,5,21,21,2,Train/2/00002_00050_00001.png
client_3,2836,41,40,6,5,36,35,2,Train/2/00002_00001_00016.png
client_3,2405,35,36,6,5,29,30,1,Train/1/00001_00061_00005.png
client_3,9895,60,59,6,6,55,54,5,Train/5/00005_00048_00025.png
client_3,30094,39,34,5,5,34,29,26,Train/26/00026_00004_00004.png
client_3,21347,43,40,6,6,38,35,13,Train/13/00013_00029_00017.png
client_3,12806,58,55,6,6,52,50,8,Train/8/00008_00021_00026.png
client_3,14392,48,47,5,6,43,42,9,Train/9/00009_00027_00022.png
client_3,32699,117,98,10,9,107,90,31,Train/31/00031_00020_00029.png
client_3,18558,68,68,6,7,62,62,12,Train/12/00012_00006_00018.png
client_3,32905,50,48,5,5,45,43,32,Train/32/00032_00001_00025.png
client_3,33891,88,96,7,8,80,87,34,Train/34/00034_00003_00022.png
client_3,28386,36,33,5,6,30,28,24,Train/24/00024_00006_00006.png
client_3,28964,41,41,5,5,36,36,25,Train/25/00025_00016_00014.png
client_3,26793,33,31,6,6,27,26,19,Train/19/00019_00001_00003.png
client_3,4239,34,33,6,6,29,27,2,Train/2/00002_00048_00009.png
client_3,3065,44,42,6,5,38,36,2,Train/2/00002_00009_00005.png
client_3,10624,29,30,6,5,24,25,6,Train/6/00006_00011_00004.png
client_3,35916,31,30,6,6,26,25,37,Train/37/00037_00004_00007.png
client_3,2255,41,44,5,6,35,38,1,Train/1/00001_00056_00005.png
client_3,17339,108,96,10,8,99,88,11,Train/11/00011_00009_00029.png
client_3,26562,62,56,6,6,57,51,18,Train/18/00018_00033_00012.png
client_3,32020,37,33,5,6,32,28,30,Train/30/00030_00013_00010.png
client_3,4454,39,39,6,6,34,34,2,Train/2/00002_00055_00014.png
client_3,28675,45,44,6,6,40,39,25,Train/25/00025_00006_00025.png
client_3,27139,54,51,5,5,49,46,21,Train/21/00021_00005_00019.png
client_3,26496,39,36,5,6,34,31,18,Train/18/00018_00031_00006.png
client_3,28959,37,36,5,5,31,31,25,Train/25/00025_00016_00009.png
client_3,35250,27,26,5,5,21,20,35,Train/35/00035_00035_00001.png
client_3,20654,41,38,6,6,36,33,13,Train/13/00013_00006_00014.png
client_3,27382,73,70,7,6,67,64,22,Train/22/00022_00002_00022.png
client_3,5013,30,31,5,6,25,26,2,Train/2/00002_00074_00003.png
client_3,38217,119,121,10,11,109,111,39,Train/39/00039_00004_00028.png
client_3,20507,50,50,5,6,45,45,13,Train/13/00013_00001_00017.png
client_3,8161,29,30,5,6,24,25,4,Train/4/00004_00057_00001.png
client_3,19101,60,61,5,6,55,56,12,Train/12/00012_00024_00021.png
client_3,19487,64,64,5,5,59,59,12,Train/12/00012_00037_00017.png
client_3,34223,79,81,7,7,72,74,35,Train/35/00035_00000_00024.png
client_3,37538,38,38,6,6,33,33,38,Train/38/00038_00051_00009.png
client_3,25256,36,37,6,6,30,31,17,Train/17/00017_00026_00026.png
client_3,18864,49,48,6,6,44,43,12,Train/12/00012_00016_00024.png
client_3,13975,80,80,8,7,73,73,9,Train/9/00009_00013_00025.png
client_3,7988,35,33,5,5,29,28,4,Train/4/00004_00051_00008.png
client_3,3643,39,40,5,6,34,35,2,Train/2/00002_00028_00013.png
client_3,32601,100,92,8,9,92,84,31,Train/31/00031_00017_00021.png
client_3,7266,34,34,6,6,29,29,4,Train/4/00004_00027_00006.png
client_3,38888,29,29,5,5,24,24,41,Train/41/00041_00005_00009.png
client_3,33788,35,42,5,6,29,36,34,Train/34/00034_00000_00009.png
client_3,34670,58,57,6,6,52,52,35,Train/35/00035_00015_00021.png
client_3,16499,69,69,6,6,63,63,10,Train/10/00010_00048_00029.png
client_3,30316,63,58,5,6,58,53,26,Train/26/00026_00011_00016.png
client_3,24162,34,35,5,6,29,30,16,Train/16/00016_00004_00012.png
client_3,37385,29,30,5,6,24,25,38,Train/38/00038_00046_00006.png
client_3,34827,73,72,7,6,67,66,35,Train/35/00035_00020_00028.png
client_3,10932,38,38,5,5,33,33,7,Train/7/00007_00007_00012.png
client_3,154,30,29,5,6,25,24,20,Train/20/00020_00005_00004.png
client_3,24214,75,75,7,6,69,68,16,Train/16/00016_00006_00004.png
client_3,38842,57,58,6,5,52,53,41,Train/41/00041_00003_00023.png
client_3,4374,98,96,8,8,90,88,2,Train/2/00002_00052_00024.png
client_3,18731,42,40,6,5,36,35,12,Train/12/00012_00012_00011.png
client_3,22015,82,75,7,7,75,69,13,Train/13/00013_00051_00025.png
client_3,1714,29,30,6,6,24,25,1,Train/1/00001_00038_00004.png
client_3,19003,48,49,6,6,43,44,12,Train/12/00012_00021_00013.png
client_3,20580,27,25,6,5,22,20,13,Train/13/00013_00004_00000.png
client_3,9119,86,87,7,8,79,80,5,Train/5/00005_00022_00029.png
client_3,21247,37,45,6,6,32,40,13,Train/13/00013_00026_00007.png
client_3,38839,53,55,6,6,48,50,41,Train/41/00041_00003_00020.png
client_3,8624,45,44,6,5,40,39,5,Train/5/00005_00006_00014.png
client_3,35149,39,41,5,6,34,36,35,Train/35/00035_00031_00020.png
client_3,10025,28,28,5,5,23,23,5,Train/5/00005_00053_00005.png
client_3,30483,32,28,5,6,26,23,26,Train/26/00026_00017_00003.png
client_3,10838,37,37,6,6,32,32,7,Train/7/00007_00004_00008.png
client_3,27979,57,51,6,5,52,46,23,Train/23/00023_00009_00019.png
client_3,15674,45,45,5,5,40,40,10,Train/10/00010_00021_00014.png
client_3,32022,40,35,6,6,35,30,30,Train/30/00030_00013_00012.png
client_3,19182,46,47,5,6,41,42,12,Train/12/00012_00027_00012.png
client_3,32408,36,36,5,5,31,31,31,Train/31/00031_00011_00008.png
client_3,4347,101,98,9,8,92,90,2,Train/2/00002_00051_00027.png
client_3,98,42,39,6,6,37,34,20,Train/20/00020_00003_00008.png
client_3,23094,93,92,9,8,85,84,14,Train/14/00014_00015_00024.png
client_3,8201,33,34,6,6,28,29,4,Train/4/00004_00058_00011.png
client_3,24505,45,45,5,5,39,40,17,Train/17/00017_00001_00025.png
client_3,7169,47,45,6,5,42,40,4,Train/4/00004_00023_00029.png
client_3,7654,29,28,6,5,24,23,4,Train/4/00004_00040_00004.png
client_3,34319,26,26,6,5,21,20,35,Train/35/00035_00004_00000.png
client_3,14576,76,72,6,7,70,66,9,Train/9/00009_00033_00026.png
client_3,25406,45,49,5,5,40,44,17,Train/17/00017_00031_00026.png
client_3,3606,30,30,6,6,25,25,2,Train/2/00002_00027_00006.png
client_3,31854,93,84,8,7,85,77,30,Train/30/00030_00007_00024.png
client_3,25033,44,46,6,5,39,41,17,Train/17/00017_00019_00013.png
client_3,21735,50,44,6,6,45,39,13,Train/13/00013_00042_00015.png
client_3,14450,58,58,6,6,53,53,9,Train/9/00009_00029_00020.png
client_3,29551,40,37,5,6,34,32,25,Train/25/00025_00036_00001.png
client_3,14798,31,32,5,6,26,27,9,Train/9/00009_00041_00008.png
client_3,8721,60,60,5,5,55,55,5,Train/5/00005_00009_00021.png
client_3,32292,38,36,6,6,33,31,31,Train/31/00031_00007_00012.png
client_3,36254,32,33,5,6,27,28,38,Train/38/00038_00008_00015.png
client_3,1781,43,45,5,5,38,40,1,Train/1/00001_00040_00011.png
client_3,7980,30,30,6,6,25,25,4,Train/4/00004_00051_00000.png
client_3,31093,47,44,5,6,42,39,28,Train/28/00028_00009_00013.png
client_3,27470,51,48,6,6,46,43,22,Train/22/00022_00005_00020.png
client_3,16391,43,43,5,5,38,38,10,Train/10/00010_00045_00011.png
client_3,17502,33,35,5,6,28,29,11,Train/11/00011_00015_00012.png
client_3,6922,40,40,5,6,35,35,4,Train/4/00004_00015_00022.png
client_3,36096,40,41,6,5,35,35,38,Train/38/00038_00003_00007.png
client_3,14864,38,36,5,5,32,30,9,Train/9/00009_00043_00014.png
client_3,33182,31,30,6,5,26,25,33,Train/33/00033_00003_00002.png
client_3,21158,31,38,5,6,26,33,13,Train/13/00013_00023_00008.png
client_3,34765,54,55,6,6,49,50,35,Train/35/00035_00018_00026.png
client_3,11392,67,68,6,7,61,62,7,Train/7/00007_00022_00022.png
client_3,15751,30,30,6,6,25,25,10,Train/10/00010_00024_00001.png
client_3,10604,39,40,6,5,34,35,6,Train/6/00006_00010_00014.png
client_3,12832,52,53,5,6,47,48,8,Train/8/00008_00022_00022.png
client_3,27777,131,112,12,9,120,103,23,Train/23/00023_00002_00027.png
client_3,19999,52,52,6,5,47,47,12,Train/12/00012_00054_00019.png
client_3,7059,31,31,6,6,26,26,4,Train/4/00004_00020_00009.png
client_3,3499,40,40,6,6,35,35,2,Train/2/00002_00023_00019.png
client_3,21238,110,101,9,9,101,93,13,Train/13/00013_00025_00028.png
client_3,22406,39,38,6,5,34,33,13,Train/13/00013_00064_00026.png
client_3,27312,48,45,6,5,43,39,22,Train/22/00022_00000_00012.png
client_3,33075,36,37,6,6,31,32,32,Train/32/00032_00007_00015.png
client_3,33774,54,54,5,6,48,49,33,Train/33/00033_00022_00025.png
client_3,8543,43,44,6,6,38,39,5,Train/5/00005_00003_00023.png
client_3,31615,106,95,10,9,97,86,29,Train/29/00029_00008_00025.png
client_3,14223,33,34,5,5,28,29,9,Train/9/00009_00022_00003.png
client_3,10528,40,45,5,6,34,39,6,Train/6/00006_00007_00028.png
client_3,16678,70,69,7,6,64,63,10,Train/10/00010_00054_00028.png
client_3,32780,51,49,6,5,46,44,31,Train/31/00031_00023_00020.png
client_3,29385,72,64,7,5,66,59,25,Train/25/00025_00030_00015.png
client_3,13619,119,117,11,10,109,106,9,Train/9/00009_00001_00029.png
client_3,30169,51,47,6,5,46,42,26,Train/26/00026_00006_00019.png
client_3,36607,31,31,6,5,26,26,38,Train/38/00038_00020_00008.png
client_3,24165,35,36,5,6,30,31,16,Train/16/00016_00004_00015.png
client_3,26875,86,74,8,7,78,67,19,Train/19/00019_00003_00025.png
client_3,38618,38,40,5,6,33,34,40,Train/40/00040_00008_00009.png
client_3,18284,45,41,5,6,40,36,11,Train/11/00011_00041_00014.png
client_3,29853,39,39,5,5,34,34,25,Train/25/00025_00046_00003.png
client_3,23337,87,88,7,7,80,81,14,Train/14/00014_00023_00027.png
client_3,26772,84,70,8,7,77,64,19,Train/19/00019_00000_00012.png
client_3,32405,34,34,5,5,29,29,31,Train/31/00031_00011_00005.png
client_3,18288,53,47,6,5,48,42,11,Train/11/00011_00041_00018.png
client_3,14966,100,98,9,8,91,89,9,Train/9/00009_00046_00026.png
client_3,178,68,60,7,5,62,55,20,Train/20/00020_00005_00028.png
client_3,18121,47,49,6,6,41,43,11,Train/11/00011_00036_00001.png
client_3,592,85,86,7,7,78,78,1,Train/1/00001_00000_00022.png
client_3,10541,30,33,5,6,25,28,6,Train/6/00006_00008_00011.png
client_3,24338,35,36,5,6,30,31,16,Train/16/00016_00010_00008.png
client_3,36646,41,40,5,5,35,35,38,Train/38/00038_00021_00017.png
client_3,35917,31,31,5,5,25,25,37,Train/37/00037_00004_00008.png
client_3,31511,44,39,6,6,39,34,29,Train/29/00029_00005_00011.png
client_3,2043,34,33,6,5,29,28,1,Train/1/00001_00049_00003.png
client_3,5437,31,31,5,5,25,25,3,Train/3/00003_00013_00007.png
client_3,7778,31,32,5,5,26,27,4,Train/4/00004_00044_00008.png
client_3,24663,28,30,5,6,23,25,17,Train/17/00017_00007_00003.png
client_3,8937,86,87,7,8,79,80,5,Train/5/00005_00016_00027.png
client_3,15101,37,34,6,5,31,28,10,Train/10/00010_00002_00011.png
client_3,27741,132,123,12,11,121,113,23,Train/23/00023_00001_00021.png
client_3,746,61,59,6,6,55,54,1,Train/1/00001_00005_00026.png
client_3,35955,61,62,5,6,56,57,37,Train/37/00037_00005_00016.png
client_3,32931,52,49,6,5,47,44,32,Train/32/00032_00002_00021.png
client_3,1431,55,63,6,5,49,58,1,Train/1/00001_00028_00021.png
client_3,32074,43,37,6,5,38,32,31,Train/31/00031_00000_00004.png
client_3,29562,46,44,5,6,41,39,25,Train/25/00025_00036_00012.png
client_3,7104,68,64,7,5,62,59,4,Train/4/00004_00021_00024.png
client_3,29172,55,55,6,6,50,50,25,Train/25/00025_00023_00012.png
client_3,15141,41,43,5,6,35,37,10,Train/10/00010_00003_00021.png
client_3,20447,63,68,6,7,58,62,12,Train/12/00012_00069_00017.png
client_3,20017,35,36,5,6,30,31,12,Train/12/00012_00055_00007.png
client_3,30681,52,52,5,5,47,47,27,Train/27/00027_00003_00021.png
client_3,11634,40,41,5,5,35,36,7,Train/7/00007_00030_00024.png
client_3,10311,52,52,6,5,47,47,6,Train/6/00006_00000_00021.png
client_3,36860,30,33,5,6,25,28,38,Train/38/00038_00028_00021.png
client_3,22340,68,63,6,5,62,58,13,Train/13/00013_00062_00020.png
client_3,21959,146,128,12,11,133,116,13,Train/13/00013_00049_00029.png
client_3,34422,37,37,6,5,32,31,35,Train/35/00035_00007_00013.png
client_3,35242,39,46,5,6,33,40,35,Train/35/00035_00034_00023.png
client_3,33303,44,44,5,5,38,38,33,Train/33/00033_00007_00003.png
client_3,39105,44,44,6,6,39,39,42,Train/42/00042_00004_00016.png
client_3,36802,32,34,5,5,27,29,38,Train/38/00038_00026_00023.png
client_3,19488,72,71,7,6,66,65,12,Train/12/00012_00037_00018.png
client_3,29581,28,28,5,5,23,22,25,Train/25/00025_00037_00001.png
client_3,7589,71,70,7,6,65,64,4,Train/4/00004_00037_00029.png
client_3,30089,167,163,14,14,153,149,26,Train/26/00026_00003_00029.png
client_3,2657,48,48,6,6,43,43,1,Train/1/00001_00069_00017.png
client_3,15522,36,37,5,6,31,32,10,Train/10/00010_00016_00012.png
client_3,9785,30,29,6,6,25,24,5,Train/5/00005_00045_00005.png
client_3,19299,43,45,5,6,38,40,12,Train/12/00012_00031_00009.png
client_3,6107,43,44,5,6,37,39,3,Train/3/00003_00035_00017.png
client_3,6140,46,45,6,5,41,40,3,Train/3/00003_00036_00020.png
client_3,14777,47,48,6,6,42,43,9,Train/9/00009_00040_00017.png
client_3,30924,76,71,6,6,70,65,28,Train/28/00028_00003_00024.png
client_3,32818,71,64,7,5,65,59,31,Train/31/00031_00024_00028.png
client_3,38433,36,35,6,5,30,29,40,Train/40/00040_00002_00004.png
client_3,6579,53,52,6,5,48,47,4,Train/4/00004_00004_00009.png
client_3,27371,43,42,6,5,38,37,22,Train/22/00022_00002_00011.png
client_3,23267,55,56,5,5,50,51,14,Train/14/00014_00021_00017.png
client_3,36605,29,30,6,5,24,24,38,Train/38/00038_00020_00006.png
client_3,33679,35,37,6,6,30,32,33,Train/33/00033_00019_00019.png
client_3,21650,52,45,6,5,47,40,13,Train/13/00013_00039_00020.png
client_3,27117,63,54,6,6,58,49,21,Train/21/00021_00004_00027.png
client_3,22168,69,63,6,6,63,58,13,Train/13/00013_00056_00028.png
client_3,38613,30,33,6,5,25,28,40,Train/40/00040_00008_00004.png
client_3,14244,58,60,6,6,53,55,9,Train/9/00009_00022_00024.png
client_3,14037,43,43,5,5,38,38,9,Train/9/00009_00015_00027.png
client_3,19172,35,35,6,6,30,30,12,Train/12/00012_00027_00002.png
client_3,34596,30,30,6,6,24,24,35,Train/35/00035_00013_00007.png
client_3,29159,218,201,19,17,200,184,25,Train/25/00025_00022_00029.png
client_3,15365,35,32,6,5,30,27,10,Train/10/00010_00011_00005.png
client_3,3681,65,63,6,6,59,58,2,Train/2/00002_00029_00021.png
client_3,37450,35,34,5,5,30,29,38,Train/38/00038_00048_00011.png
client_3,2700,36,36,5,5,31,31,1,Train/1/00001_00071_00000.png
client_3,23241,94,100,8,9,86,92,14,Train/14/00014_00020_00021.png
client_3,18519,50,52,5,5,45,47,12,Train/12/00012_00005_00009.png
client_3,29069,200,192,18,17,183,176,25,Train/25/00025_00019_00029.png
client_3,28282,69,62,6,5,62,57,24,Train/24/00024_00002_00022.png
client_3,12378,44,45,5,6,39,40,8,Train/8/00008_00007_00018.png
client_3,4153,33,33,5,5,28,28,2,Train/2/00002_00045_00013.png
client_3,28105,80,69,8,6,73,63,23,Train/23/00023_00013_00025.png
client_3,24177,87,87,8,8,80,80,16,Train/16/00016_00004_00027.png
client_3,2163,54,56,6,5,49,51,1,Train/1/00001_00053_00003.png
client_3,576,57,59,5,5,52,54,1,Train/1/00001_00000_00006.png
client_3,17816,93,81,8,8,85,74,11,Train/11/00011_00025_00026.png
client_3,6569,94,96,9,8,86,88,4,Train/4/00004_00003_00029.png
client_3,21142,71,79,7,7,65,72,13,Train/13/00013_00022_00022.png
client_3,1338,40,39,6,5,35,34,1,Train/1/00001_00025_00018.png
client_3,20050,43,42,6,5,37,36,12,Train/12/00012_00056_00010.png
client_3,34743,30,30,6,5,25,25,35,Train/35/00035_00018_00004.png
client_3,11639,46,46,5,5,41,41,7,Train/7/00007_00030_00029.png
client_3,28130,96,83,9,7,88,76,23,Train/23/00023_00014_00020.png
client_3,29081,37,34,6,5,32,29,25,Train/25/00025_00020_00011.png
client_3,13564,36,36,6,6,31,31,9,Train/9/00009_00000_00004.png
client_3,36934,38,37,6,5,33,32,38,Train/38/00038_00031_00005.png
client_3,24405,36,37,5,6,31,32,16,Train/16/00016_00012_00015.png
client_3,2997,64,69,5,7,59,63,2,Train/2/00002_00006_00027.png
client_3,35698,74,87,6,8,68,80,36,Train/36/00036_00009_00029.png
client_3,36154,30,31,6,5,25,26,38,Train/38/00038_00005_00005.png
client_3,7670,42,42,5,5,37,37,4,Train/4/00004_00040_00020.png
client_3,33468,40,40,5,6,35,35,33,Train/33/00033_00012_00018.png
client_3,32436,40,37,6,6,35,32,31,Train/31/00031_00012_00006.png
client_3,5014,31,30,6,5,26,25,2,Train/2/00002_00074_00004.png
client_3,28649,151,136,13,12,138,125,25,Train/25/00025_00005_00029.png
client_3,22375,75,68,7,6,69,62,13,Train/13/00013_00063_00025.png
client_3,20879,86,74,8,7,78,67,13,Train/13/00013_00013_00029.png
client_3,26743,53,48,6,6,47,43,18,Train/18/00018_00039_00013.png
client_3,15025,57,57,6,5,51,51,9,Train/9/00009_00048_00025.png
client_3,21068,45,42,5,5,40,37,13,Train/13/00013_00020_00008.png
client_3,13392,40,40,5,5,35,35,8,Train/8/00008_00041_00012.png
client_3,19764,52,53,5,5,47,48,12,Train/12/00012_00046_00024.png
client_3,13449,33,30,6,6,28,25,8,Train/8/00008_00043_00009.png
client_3,360,29,30,5,6,24,25,0,Train/0/00000_00000_00000.png
client_3,664,27,30,5,6,22,24,1,Train/1/00001_00003_00004.png
client_3,4248,36,35,5,6,30,29,2,Train/2/00002_00048_00018.png
client_3,27324,87,76,7,6,80,70,22,Train/22/00022_00000_00024.png
client_3,25078,63,57,6,6,58,52,17,Train/17/00017_00020_00028.png
client_3,4712,27,27,5,5,22,22,2,Train/2/00002_00064_00002.png
client_3,31879,48,43,5,6,43,38,30,Train/30/00030_00008_00019.png
client_3,38782,50,52,6,5,45,47,41,Train/41/00041_00001_00023.png
client_3,13469,75,74,6,6,69,68,8,Train/8/00008_00043_00029.png
client_3,21636,35,31,5,5,30,26,13,Train/13/00013_00039_00006.png
client_3,28875,39,39,5,6,34,34,25,Train/25/00025_00013_00015.png
client_3,21935,34,30,6,6,28,25,13,Train/13/00013_00049_00005.png
client_3,22324,33,33,5,5,28,28,13,Train/13/00013_00062_00004.png
client_3,34825,62,62,5,5,57,57,35,Train/35/00035_00020_00026.png
client_3,737,47,46,5,5,41,40,1,Train/1/00001_00005_00017.png
client_3,14039,43,43,5,5,38,38,9,Train/9/00009_00015_00029.png
client_3,35966,106,106,10,10,97,96,37,Train/37/00037_00005_00027.png
client_3,30360,28,26,6,5,23,21,26,Train/26/00026_00013_00000.png
client_3,36711,61,60,6,5,55,55,38,Train/38/00038_00023_00022.png
client_3,7225,82,81,7,8,75,74,4,Train/4/00004_00025_00025.png
client_3,29160,41,40,6,5,36,35,25,Train/25/00025_00023_00000.png
client_3,38924,39,38,6,6,33,33,41,Train/41/00041_00006_00015.png
client_3,25728,113,105,10,10,104,96,18,Train/18/00018_00005_00018.png
client_3,6072,36,35,6,5,31,29,3,Train/3/00003_00034_00012.png
client_3,14563,41,39,6,6,36,34,9,Train/9/00009_00033_00013.png
client_3,23866,41,48,6,6,36,43,15,Train/15/00015_00015_00016.png
client_3,20905,124,114,11,10,114,104,13,Train/13/00013_00014_00025.png
client_3,32431,31,31,5,5,26,25,31,Train/31/00031_00012_00001.png
client_3,10621,27,30,5,6,21,24,6,Train/6/00006_00011_00001.png
client_3,30805,63,60,5,6,58,54,27,Train/27/00027_00007_00025.png
client_3,37037,39,42,5,6,34,37,38,Train/38/00038_00034_00018.png
client_3,4524,61,61,6,6,56,56,2,Train/2/00002_00057_00024.png
client_3,5220,43,46,5,6,38,41,3,Train/3/00003_00006_00000.png
client_3,16116,30,26,5,5,25,21,10,Train/10/00010_00036_00006.png
client_3,36724,32,32,5,5,27,27,38,Train/38/00038_00024_00005.png
client_3,13788,45,42,6,5,40,37,9,Train/9/00009_00007_00018.png
client_3,4726,38,36,6,5,33,31,2,Train/2/00002_00064_00016.png
client_3,2506,39,39,5,5,33,33,1,Train/1/00001_00064_00016.png
client_3,20011,32,31,6,5,27,26,12,Train/12/00012_00055_00001.png
client_3,7812,37,38,6,6,31,32,4,Train/4/00004_00045_00012.png
client_3,8090,69,72,7,7,63,66,4,Train/4/00004_00054_00020.png
client_3,22412,35,30,5,5,30,25,13,Train/13/00013_00065_00002.png
client_3,7504,31,31,6,6,26,26,4,Train/4/00004_00035_00004.png
client_3,12901,27,26,6,5,22,21,8,Train/8/00008_00025_00001.png
client_3,25283,58,58,6,5,53,53,17,Train/17/00017_00027_00023.png
client_3,12322,47,49,6,6,42,44,8,Train/8/00008_00005_00022.png
client_3,26197,29,31,5,6,24,26,18,Train/18/00018_00021_00007.png
client_3,20316,45,46,5,5,40,41,12,Train/12/00012_00065_00006.png
client_3,31727,69,59,7,6,63,54,30,Train/30/00030_00003_00017.png
client_3,8621,41,41,6,6,36,36,5,Train/5/00005_00006_00011.png
client_3,20998,107,94,10,9,98,86,13,Train/13/00013_00017_00028.png
client_3,22348,132,122,11,11,121,112,13,Train/13/00013_00062_00028.png
client_3,14668,127,125,11,11,116,115,9,Train/9/00009_00036_00028.png
client_3,5324,37,36,6,5,32,31,3,Train/3/00003_00009_00014.png
client_3,33777,58,57,6,5,53,51,33,Train/33/00033_00022_00028.png
client_3,17070,47,48,5,5,42,43,11,Train/11/00011_00001_00000.png
client_3,15813,30,31,5,6,25,26,10,Train/10/00010_00026_00003.png
client_3,13690,32,33,5,6,27,28,9,Train/9/00009_00004_00010.png
client_3,32019,37,31,6,5,32,26,30,Train/30/00030_00013_00009.png
client_3,21273,32,32,6,6,27,27,13,Train/13/00013_00027_00003.png
client_3,23530,35,36,6,6,30,31,15,Train/15/00015_00004_00010.png
client_3,4476,33,33,5,5,28,27,2,Train/2/00002_00056_00006.png
client_3,24240,27,26,6,5,21,21,16,Train/16/00016_00007_00000.png
client_3,9418,61,61,6,5,55,55,5,Train/5/00005_00032_00028.png
client_3,28949,150,135,13,11,137,124,25,Train/25/00025_00015_00029.png
client_3,30148,69,60,6,6,63,55,26,Train/26/00026_00005_00028.png
client_3,22246,95,87,8,7,87,80,13,Train/13/00013_00059_00016.png
client_3,21685,81,73,7,6,74,67,13,Train/13/00013_00040_00025.png
client_3,12036,28,28,6,5,23,23,7,Train/7/00007_00044_00006.png
client_3,18816,38,40,6,6,33,35,12,Train/12/00012_00015_00006.png
client_3,25220,45,45,6,5,40,40,17,Train/17/00017_00025_00020.png
client_3,7337,46,46,5,5,41,41,4,Train/4/00004_00029_00017.png
client_3,22796,74,74,6,6,68,68,14,Train/14/00014_00005_00026.png
client_3,21362,33,33,5,5,28,28,13,Train/13/00013_00030_00002.png
client_3,19729,72,73,7,7,66,67,12,Train/12/00012_00045_00019.png
client_3,12356,52,52,6,6,47,47,8,Train/8/00008_00006_00026.png
client_3,35595,40,41,5,6,35,36,36,Train/36/00036_00006_00016.png
client_3,16935,36,37,6,6,31,32,10,Train/10/00010_00063_00015.png
client_3,34322,29,28,6,5,24,23,35,Train/35/00035_00004_00003.png
client_3,3847,36,37,5,6,31,32,2,Train/2/00002_00035_00007.png
client_3,31062,75,70,6,7,69,64,28,Train/28/00028_00008_00012.png
client_3,33403,35,34,6,5,30,29,33,Train/33/00033_00010_00013.png
client_3,20340,34,40,5,6,29,35,12,Train/12/00012_00066_00000.png
client_3,8754,52,51,6,5,47,46,5,Train/5/00005_00010_00024.png
client_3,37557,93,92,8,9,85,84,38,Train/38/00038_00051_00028.png
client_3,1433,60,72,6,6,55,66,1,Train/1/00001_00028_00023.png
client_3,10449,29,31,5,5,23,26,6,Train/6/00006_00005_00009.png
client_3,38164,30,31,5,6,25,26,39,Train/39/00039_00003_00005.png
client_3,31714,47,40,6,5,42,35,30,Train/30/00030_00003_00004.png
client_3,23952,99,119,9,11,91,109,15,Train/15/00015_00018_00012.png
client_3,7014,63,69,6,6,58,62,4,Train/4/00004_00018_00024.png
client_3,23977,28,28,5,5,23,23,15,Train/15/00015_00019_00007.png
client_3,20410,34,36,6,6,29,31,12,Train/12/00012_00068_00010.png
client_3,877,32,32,6,6,27,27,1,Train/1/00001_00010_00007.png
client_3,23558,29,30,5,6,24,25,15,Train/15/00015_00005_00008.png
client_3,27783,55,52,5,6,50,47,23,Train/23/00023_00003_00003.png
client_3,19801,38,40,5,5,33,35,12,Train/12/00012_00048_00001.png
client_3,5680,35,35,6,5,30,30,3,Train/3/00003_00021_00010.png
client_3,18829,52,55,6,6,47,50,12,Train/12/00012_00015_00019.png
client_3,3941,53,54,5,5,47,49,2,Train/2/00002_00038_00011.png
client_3,20456,85,87,8,7,78,80,12,Train/12/00012_00069_00026.png
client_3,26942,38,37,5,6,32,31,19,Train/19/00019_00006_00002.png
client_3,12459,35,36,5,6,30,31,8,Train/8/00008_00010_00009.png
client_3,13620,37,36,5,5,32,31,9,Train/9/00009_00002_00000.png
client_3,29229,41,37,6,6,36,32,25,Train/25/00025_00025_00009.png
client_3,33993,29,30,5,6,24,25,34,Train/34/00034_00007_00004.png
client_3,34065,41,41,5,5,36,36,34,Train/34/00034_00009_00016.png
client_3,10225,67,64,6,5,61,59,5,Train/5/00005_00059_00025.png
client_3,7998,46,44,5,5,41,39,4,Train/4/00004_00051_00018.png
client_3,31535,31,30,5,5,26,24,29,Train/29/00029_00006_00005.png
client_3,19649,143,143,13,13,131,131,12,Train/12/00012_00042_00029.png
client_3,6872,29,30,6,6,24,25,4,Train/4/00004_00014_00002.png
client_3,4186,41,43,5,6,36,38,2,Train/2/00002_00046_00016.png
client_3,38586,30,30,5,5,25,25,40,Train/40/00040_00007_00007.png
client_3,26254,35,35,5,6,30,29,18,Train/18/00018_00023_00004.png
client_3,2945,32,32,6,6,27,27,2,Train/2/00002_00005_00005.png
client_3,25720,93,85,8,8,85,78,18,Train/18/00018_00005_00010.png
client_3,14199,43,42,6,6,37,37,9,Train/9/00009_00021_00009.png
client_3,27012,43,40,6,6,38,35,21,Train/21/00021_00001_00012.png
client_3,8573,52,54,6,6,47,49,5,Train/5/00005_00004_00023.png
client_3,27341,39,36,5,5,34,30,22,Train/22/00022_00001_00011.png
client_3,1995,46,46,6,6,41,41,1,Train/1/00001_00047_00015.png
client_3,9743,48,48,6,6,43,43,5,Train/5/00005_00043_00023.png
client_3,6016,67,71,6,7,61,65,3,Train/3/00003_00032_00016.png
client_3,6610,53,54,5,6,48,49,4,Train/4/00004_00005_00010.png
client_3,27851,40,38,5,5,35,33,23,Train/23/00023_00005_00011.png
client_3,31238,42,40,6,6,37,35,28,Train/28/00028_00014_00008.png
client_3,22936,79,88,7,8,72,81,14,Train/14/00014_00010_00016.png
client_3,35674,28,30,5,6,23,25,36,Train/36/00036_00009_00005.png
client_3,30822,40,39,5,5,35,34,28,Train/28/00028_00000_00012.png
client_3,14165,29,30,5,5,24,25,9,Train/9/00009_00020_00005.png
client_3,20372,32,34,5,5,27,29,12,Train/12/00012_00067_00002.png
client_3,21080,70,64,6,6,64,59,13,Train/13/00013_00020_00020.png
client_3,25767,105,94,10,8,96,86,18,Train/18/00018_00006_00027.png
client_3,3059,76,84,6,8,70,76,2,Train/2/00002_00008_00029.png
client_3,31804,28,29,5,6,23,24,30,Train/30/00030_00006_00004.png
client_3,29797,40,39,6,6,35,34,25,Train/25/00025_00044_00007.png
client_3,7,31,28,6,6,26,23,20,Train/20/00020_00000_00007.png
client_3,22781,55,56,5,6,50,51,14,Train/14/00014_00005_00011.png
client_3,12583,43,43,6,5,38,38,8,Train/8/00008_00014_00013.png
client_3,33415,55,56,6,6,50,50,33,Train/33/00033_00010_00025.png
client_3,32100,37,35,5,6,32,30,31,Train/31/00031_00001_00000.png
client_3,7313,49,49,6,6,44,44,4,Train/4/00004_00028_00023.png
client_3,14614,34,33,6,5,28,28,9,Train/9/00009_00035_00004.png
client_3,37773,38,37,6,5,33,32,38,Train/38/00038_00059_00004.png
client_3,10427,45,44,6,6,40,39,6,Train/6/00006_00004_00017.png
client_3,31345,97,87,8,8,89,80,28,Train/28/00028_00017_00025.png
client_3,20516,97,94,8,9,88,85,13,Train/13/00013_00001_00026.png
client_3,19522,60,61,5,6,55,56,12,Train/12/00012_00038_00022.png
client_3,35077,43,43,6,6,38,37,35,Train/35/00035_00029_00008.png
client_3,14522,34,35,5,6,28,29,9,Train/9/00009_00032_00002.png
client_3,36876,34,34,5,5,29,29,38,Train/38/00038_00029_00007.png
client_3,20981,54,50,5,6,49,45,13,Train/13/00013_00017_00011.png
client_3,21155,28,36,5,6,23,30,13,Train/13/00013_00023_00005.png
client_3,12179,57,59,6,5,52,54,8,Train/8/00008_00000_00029.png
client_3,39140,40,38,5,6,35,33,42,Train/42/00042_00005_00021.png
client_3,17432,39,38,5,5,34,33,11,Train/11/00011_00013_00002.png
client_3,2693,103,100,9,8,94,92,1,Train/1/00001_00070_00023.png
client_3,3677,54,52,6,5,48,47,2,Train/2/00002_00029_00017.png
client_3,23951,98,117,8,10,90,107,15,Train/15/00015_00018_00011.png
client_3,8235,44,43,6,5,39,38,4,Train/4/00004_00059_00015.png
client_3,29829,38,34,6,6,33,29,25,Train/25/00025_00045_00009.png
client_3,315,44,40,6,6,39,35,20,Train/20/00020_00010_00015.png
client_3,6257,35,35,5,5,30,30,3,Train/3/00003_00040_00017.png
client_3,28800,64,58,6,5,59,53,25,Train/25/00025_00011_00000.png
client_3,30168,49,46,6,6,44,41,26,Train/26/00026_00006_00018.png
client_3,37574,67,94,6,8,61,86,38,Train/38/00038_00052_00015.png
client_3,8098,128,135,11,11,117,124,4,Train/4/00004_00054_00028.png
client_3,36598,56,56,6,6,51,51,38,Train/38/00038_00019_00029.png
client_3,22277,58,52,5,5,53,47,13,Train/13/00013_00060_00017.png
client_3,20211,58,59,6,5,53,54,12,Train/12/00012_00061_00021.png
client_3,11113,41,40,6,6,36,35,7,Train/7/00007_00013_00013.png
client_3,24490,32,33,5,6,27,28,17,Train/17/00017_00001_00010.png
client_3,1601,38,37,6,5,33,32,1,Train/1/00001_00034_00011.png
client_3,22002,41,40,5,5,36,34,13,Train/13/00013_00051_00012.png
client_3,21012,42,43,5,6,37,38,13,Train/13/00013_00018_00012.png
client_3,1294,26,28,5,5,21,23,1,Train/1/00001_00024_00004.png
client_3,33768,48,47,5,5,43,42,33,Train/33/00033_00022_00019.png
client_3,36186,62,73,6,6,57,67,38,Train/38/00038_00006_00007.png
client_3,36998,30,35,5,6,25,30,38,Train/38/00038_00033_00009.png
client_3,36033,31,38,5,5,26,33,38,Train/38/00038_00001_00004.png
client_3,19387,59,59,6,5,54,53,12,Train/12/00012_00034_00007.png
client_3,253,36,36,6,6,31,31,20,Train/20/00020_00008_00013.png
client_3,31671,47,42,6,6,42,37,30,Train/30/00030_00001_00021.png
client_3,16743,33,32,5,5,28,27,10,Train/10/00010_00057_00003.png
client_3,13203,32,32,6,6,27,27,8,Train/8/00008_00035_00003.png
client_3,1767,94,100,8,9,86,92,1,Train/1/00001_00039_00027.png
client_3,14278,52,54,6,5,47,49,9,Train/9/00009_00023_00028.png
client_3,29171,52,53,5,6,47,48,25,Train/25/00025_00023_00011.png
client_3,37265,27,27,6,5,22,22,38,Train/38/00038_00042_00006.png
client_3,5029,41,42,5,5,36,37,2,Train/2/00002_00074_00019.png
client_3,14972,32,32,6,6,27,27,9,Train/9/00009_00047_00002.png
client_3,22621,48,46,6,6,43,41,14,Train/14/00014_00000_00001.png
client_3,18210,30,28,6,5,25,23,11,Train/11/00011_00039_00000.png
client_3,6479,92,88,8,7,85,81,4,Train/4/00004_00000_00029.png
client_3,34987,37,38,5,6,32,33,35,Train/35/00035_00026_00008.png
client_3,4958,28,30,6,5,23,24,2,Train/2/00002_00072_00008.png
client_3,36771,46,45,6,5,41,40,38,Train/38/00038_00025_00022.png
client_3,16994,33,31,6,5,28,26,10,Train/10/00010_00065_00014.png
client_3,32750,43,43,6,6,38,38,31,Train/31/00031_00022_00020.png
client_3,7201,35,32,6,5,30,27,4,Train/4/00004_00025_00001.png
client_3,19650,27,27,6,6,22,22,12,Train/12/00012_00043_00000.png
client_3,7254,53,55,6,5,48,50,4,Train/4/00004_00026_00024.png
client_3,33485,44,43,6,5,38,37,33,Train/33/00033_00013_00005.png
client_3,26872,64,61,6,6,58,55,19,Train/19/00019_00003_00022.png
client_3,34639,50,50,6,6,44,45,35,Train/35/00035_00014_00020.png
client_3,24698,27,30,6,5,22,25,17,Train/17/00017_00008_00008.png
client_3,33023,34,37,5,6,29,32,32,Train/32/00032_00005_00023.png
client_3,14045,45,46,6,6,40,41,9,Train/9/00009_00016_00005.png
client_3,27422,30,28,5,6,25,23,22,Train/22/00022_00004_00002.png
client_3,35243,41,46,6,5,35,40,35,Train/35/00035_00034_00024.png
client_3,2144,39,41,6,6,34,36,1,Train/1/00001_00052_00014.png
client_3,29910,27,32,5,5,22,27,25,Train/25/00025_00048_00000.png
client_3,30571,46,43,6,5,41,38,27,Train/27/00027_00000_00001.png
client_3,8152,44,49,6,5,39,44,4,Train/4/00004_00056_00022.png
client_3,36974,42,43,5,5,37,38,38,Train/38/00038_00032_00015.png
client_3,13262,32,31,6,5,27,26,8,Train/8/00008_00037_00002.png
client_3,19047,71,68,6,7,65,62,12,Train/12/00012_00022_00027.png
client_3,18836,61,63,5,5,56,58,12,Train/12/00012_00015_00026.png
client_3,15493,38,37,6,5,33,32,10,Train/10/00010_00015_00013.png
client_3,33129,34,32,6,5,29,27,33,Train/33/00033_00001_00009.png
client_3,19381,53,53,6,6,47,47,12,Train/12/00012_00034_00001.png
client_3,28926,41,37,6,6,36,32,25,Train/25/00025_00015_00006.png
client_3,38267,35,36,5,6,29,31,39,Train/39/00039_00006_00018.png
client_3,32410,39,39,6,6,33,33,31,Train/31/00031_00011_00010.png
client_3,33100,27,29,5,6,22,24,33,Train/33/00033_00000_00010.png
client_3,33782,27,33,5,6,22,28,34,Train/34/00034_00000_00003.png
client_3,6968,32,34,5,6,26,28,4,Train/4/00004_00017_00008.png
client_3,5302,57,58,5,5,52,53,3,Train/3/00003_00008_00022.png
client_3,28289,75,69,7,6,69,63,24,Train/24/00024_00002_00029.png
client_3,475,70,69,6,7,64,62,0,Train/0/00000_00003_00025.png
client_3,22520,105,83,10,8,96,76,13,Train/13/00013_00068_00020.png
client_3,10019,60,61,5,6,55,56,5,Train/5/00005_00052_00029.png
client_3,13583,53,50,6,5,48,45,9,Train/9/00009_00000_00023.png
client_3,29405,35,33,6,6,30,28,25,Train/25/00025_00031_00005.png
client_3,16047,62,56,5,5,57,51,10,Train/10/00010_00033_00027.png
client_3,8599,39,39,6,5,34,34,5,Train/5/00005_00005_00019.png
client_3,1502,29,31,6,6,24,25,1,Train/1/00001_00031_00002.png
client_3,18809,129,129,12,12,118,118,12,Train/12/00012_00014_00029.png
client_3,20528,42,39,6,5,37,33,13,Train/13/00013_00002_00008.png
client_3,15773,59,62,6,6,54,57,10,Train/10/00010_00024_00023.png
client_3,38182,58,60,5,6,53,55,39,Train/39/00039_00003_00023.png
client_3,26008,108,108,10,10,99,99,18,Train/18/00018_00014_00028.png
client_3,34379,26,27,5,5,21,22,35,Train/35/00035_00006_00000.png
client_3,30736,40,38,5,6,35,33,27,Train/27/00027_00005_00016.png
client_3,29225,38,36,5,5,33,31,25,Train/25/00025_00025_00005.png
client_3,10187,39,38,6,5,33,32,5,Train/5/00005_00058_00017.png
client_3,39070,33,33,6,6,28,28,42,Train/42/00042_00003_00011.png
client_3,26288,37,34,6,5,31,28,18,Train/18/00018_00024_00008.png
client_3,25055,30,29,5,5,25,24,17,Train/17/00017_00020_00005.png
client_3,9378,38,39,5,6,32,34,5,Train/5/00005_00031_00018.png
client_3,22444,34,33,5,6,29,28,13,Train/13/00013_00066_00004.png
client_3,5700,27,29,5,6,22,24,3,Train/3/00003_00022_00000.png
client_3,7119,34,33,6,5,29,28,4,Train/4/00004_00022_00009.png
client_3,22321,32,32,6,6,27,27,13,Train/13/00013_00062_00001.png
client_3,8944,33,33,5,5,28,28,5,Train/5/00005_00017_00004.png
client_3,34086,31,38,5,6,26,32,34,Train/34/00034_00010_00007.png
client_3,11270,45,45,6,6,40,40,7,Train/7/00007_00018_00020.png
client_3,11187,69,80,6,8,63,73,7,Train/7/00007_00015_00027.png
client_3,16082,29,27,5,5,24,22,10,Train/10/00010_00035_00002.png
client_3,10120,35,36,5,6,30,31,5,Train/5/00005_00056_00010.png
client_3,32659,61,56,5,5,55,51,31,Train/31/00031_00019_00019.png
client_3,3764,37,36,5,6,32,31,2,Train/2/00002_00032_00014.png
client_3,23437,28,61,5,5,23,56,15,Train/15/00015_00001_00007.png
client_3,6517,35,36,6,6,30,30,4,Train/4/00004_00002_00007.png
client_3,17436,43,41,6,5,38,36,11,Train/11/00011_00013_00006.png
client_3,28761,54,52,5,6,49,47,25,Train/25/00025_00009_00021.png
client_3,35326,48,53,6,5,43,47,35,Train/35/00035_00037_00017.png
client_3,24782,27,28,5,5,22,23,17,Train/17/00017_00011_00002.png
client_3,6457,46,47,5,6,41,42,4,Train/4/00004_00000_00007.png
client_3,1159,42,42,5,5,37,37,1,Train/1/00001_00019_00019.png
client_3,27746,175,160,15,13,160,147,23,Train/23/00023_00001_00026.png
client_3,30233,68,58,7,5,62,53,26,Train/26/00026_00008_00023.png
client_3,27884,44,40,6,5,39,35,23,Train/23/00023_00006_00014.png
client_3,24136,41,42,5,5,36,37,16,Train/16/00016_00003_00016.png
client_3,19057,35,36,5,6,30,31,12,Train/12/00012_00023_00007.png
client_3,1266,38,35,6,5,32,29,1,Train/1/00001_00023_00006.png
client_3,29043,44,43,5,6,39,38,25,Train/25/00025_00019_00003.png
client_3,21134,54,55,6,6,49,49,13,Train/13/00013_00022_00014.png
client_3,21222,43,39,5,5,37,34,13,Train/13/00013_00025_00012.png
client_3,27125,34,31,6,5,29,26,21,Train/21/00021_00005_00005.png
client_3,13615,67,63,6,5,61,58,9,Train/9/00009_00001_00025.png
client_3,21941,40,35,6,6,35,30,13,Train/13/00013_00049_00011.png
client_3,9487,34,34,6,6,28,28,5,Train/5/00005_00035_00007.png
client_3,24707,29,31,5,5,24,26,17,Train/17/00017_00008_00017.png
client_3,14113,36,36,5,6,30,30,9,Train/9/00009_00018_00013.png
client_3,27658,81,80,8,7,74,73,22,Train/22/00022_00011_00028.png
client_3,13663,35,36,5,6,29,30,9,Train/9/00009_00003_00013.png
client_3,1840,43,44,6,6,38,39,1,Train/1/00001_00042_00010.png
client_3,2869,35,37,5,5,30,32,2,Train/2/00002_00002_00019.png
client_3,32203,47,41,6,6,42,36,31,Train/31/00031_00004_00013.png
client_3,11822,29,30,6,6,24,25,7,Train/7/00007_00037_00002.png
client_3,20737,33,33,5,6,27,27,13,Train/13/00013_00009_00007.png
client_3,16708,60,60,5,5,55,55,10,Train/10/00010_00055_00028.png
client_3,20939,147,133,13,12,135,122,13,Train/13/00013_00015_00029.png
client_3,23463,31,35,6,5,26,30,15,Train/15/00015_00002_00003.png
client_3,7283,48,48,5,5,43,43,4,Train/4/00004_00027_00023.png
client_3,37865,30,30,6,6,25,25,38,Train/38/00038_00062_00006.png
client_3,18708,60,63,6,6,55,57,12,Train/12/00012_00011_00018.png
client_3,36143,51,54,6,5,46,49,38,Train/38/00038_00004_00024.png
client_3,8428,64,65,5,6,59,60,4,Train/4/00004_00065_00028.png
client_3,21162,35,43,6,5,30,38,13,Train/13/00013_00023_00012.png
client_3,17768,36,33,5,5,31,28,11,Train/11/00011_00024_00008.png
client_3,36632,30,30,6,5,25,24,38,Train/38/00038_00021_00003.png
client_3,29813,74,70,7,6,68,64,25,Train/25/00025_00044_00023.png
client_3,34496,104,104,9,9,95,95,35,Train/35/00035_00009_00027.png
client_3,11690,56,58,6,6,50,53,7,Train/7/00007_00032_00020.png
client_3,13084,28,29,6,6,23,23,8,Train/8/00008_00031_00004.png
client_3,27460,38,38,6,5,33,33,22,Train/22/00022_00005_00010.png
client_3,34673,70,71,6,7,64,65,35,Train/35/00035_00015_00024.png
client_3,11542,46,47,5,5,40,42,7,Train/7/00007_00027_00022.png
client_3,25615,83,75,7,7,76,69,18,Train/18/00018_00001_00025.png
client_3,27831,51,49,6,6,46,44,23,Train/23/00023_00004_00021.png
client_3,38271,39,37,6,5,34,32,39,Train/39/00039_00006_00022.png
client_3,20416,35,36,5,6,30,31,12,Train/12/00012_00068_00016.png
client_3,14311,29,29,6,6,24,24,9,Train/9/00009_00025_00001.png
client_3,33360,71,75,6,7,65,69,33,Train/33/00033_00009_00000.png
client_3,8980,32,32,6,6,27,27,5,Train/5/00005_00018_00010.png
client_3,398,33,33,5,5,28,28,0,Train/0/00000_00001_00008.png
client_3,10451,30,34,5,6,24,28,6,Train/6/00006_00005_00011.png
client_3,12342,35,34,6,5,30,29,8,Train/8/00008_00006_00012.png
client_3,29408,35,36,5,6,30,31,25,Train/25/00025_00031_00008.png
client_3,27242,35,35,6,6,30,30,21,Train/21/00021_00009_00002.png
client_3,19149,36,35,6,5,31,30,12,Train/12/00012_00026_00009.png
client_3,38896,39,38,5,5,33,33,41,Train/41/00041_00005_00017.png
client_3,21089,165,144,14,13,151,131,13,Train/13/00013_00020_00029.png
client_3,32974,27,29,5,5,22,24,32,Train/32/00032_00004_00004.png
client_3,4142,28,27,6,6,23,22,2,Train/2/00002_00045_00002.png
client_3,30946,49,43,6,5,43,38,28,Train/28/00028_00004_00016.png
client_3,6899,79,86,7,8,72,79,4,Train/4/00004_00014_00029.png
client_3,25474,29,30,6,6,24,25,17,Train/17/00017_00034_00004.png
client_3,12969,29,28,5,5,24,23,8,Train/8/00008_00027_00009.png
client_3,3123,28,28,5,6,22,22,2,Train/2/00002_00011_00003.png
client_3,27404,52,47,6,6,47,42,22,Train/22/00022_00003_00014.png
client_3,38411,42,41,6,5,36,35,40,Train/40/00040_00001_00012.png
client_3,1958,45,45,5,5,40,40,1,Train/1/00001_00046_00008.png
client_3,26141,48,49,5,6,43,44,18,Train/18/00018_00019_00011.png
client_3,12577,36,38,5,6,31,33,8,Train/8/00008_00014_00007.png
client_3,145,47,46,6,5,42,41,20,Train/20/00020_00004_00025.png
client_3,17699,111,94,9,9,102,86,11,Train/11/00011_00021_00029.png
client_3,10132,58,57,6,6,53,52,5,Train/5/00005_00056_00022.png
client_3,37352,29,31,5,5,24,26,38,Train/38/00038_00045_00003.png
client_3,27628,60,59,6,6,55,54,22,Train/22/00022_00010_00028.png
client_3,31279,50,44,5,6,45,39,28,Train/28/00028_00015_00019.png
client_3,29048,50,48,5,6,45,43,25,Train/25/00025_00019_00008.png
client_3,6805,58,62,5,5,53,57,4,Train/4/00004_00011_00025.png
client_3,9471,41,43,6,6,35,38,5,Train/5/00005_00034_00021.png
client_3,37291,33,36,5,6,28,31,38,Train/38/00038_00043_00002.png
client_3,5747,43,43,5,5,38,38,3,Train/3/00003_00023_00017.png
client_3,24915,38,43,6,6,33,38,17,Train/17/00017_00015_00015.png
client_3,8079,42,43,6,6,37,38,4,Train/4/00004_00054_00009.png
client_3,26840,76,64,7,6,70,58,19,Train/19/00019_00002_00020.png
client_3,20234,44,44,5,5,39,39,12,Train/12/00012_00062_00014.png
client_3,37324,40,40,6,6,35,35,38,Train/38/00038_00044_00005.png
client_3,8277,57,58,6,5,52,53,4,Train/4/00004_00060_00027.png
client_3,15537,54,53,6,5,49,48,10,Train/10/00010_00016_00027.png
client_3,10619,83,89,7,8,76,82,6,Train/6/00006_00010_00029.png
client_3,37518,36,39,5,6,31,34,38,Train/38/00038_00050_00019.png
client_3,16589,118,119,10,11,108,109,10,Train/10/00010_00051_00029.png
client_3,5264,36,36,6,6,31,31,3,Train/3/00003_00007_00014.png
client_3,17347,58,52,6,5,53,47,11,Train/11/00011_00010_00007.png
client_3,30271,31,29,6,6,26,24,26,Train/26/00026_00010_00001.png
client_3,4216,33,33,6,6,28,28,2,Train/2/00002_00047_00016.png
client_3,35143,35,35,6,6,29,30,35,Train/35/00035_00031_00014.png
client_3,14580,26,26,5,6,20,21,9,Train/9/00009_00034_00000.png
client_3,530,49,47,5,5,44,42,0,Train/0/00000_00005_00020.png
client_3,19659,30,31,5,6,25,26,12,Train/12/00012_00043_00009.png
client_3,36656,61,62,6,6,56,57,38,Train/38/00038_00021_00027.png
client_3,6747,58,57,6,5,53,52,4,Train/4/00004_00009_00027.png
client_3,25495,52,55,5,5,47,50,17,Train/17/00017_00034_00025.png
client_3,1666,43,42,5,5,38,37,1,Train/1/00001_00036_00016.png
client_3,31833,38,39,6,6,33,34,30,Train/30/00030_00007_00003.png
client_3,28000,49,47,5,6,43,41,23,Train/23/00023_00010_00010.png
client_3,5037,56,56,5,5,51,51,2,Train/2/00002_00074_00027.png
client_3,19210,34,33,6,5,29,28,12,Train/12/00012_00028_00010.png
client_3,35367,58,64,6,5,53,59,35,Train/35/00035_00038_00028.png
client_3,29346,52,51,5,5,47,46,25,Train/25/00025_00029_00006.png
client_3,8255,32,32,5,5,27,27,4,Train/4/00004_00060_00005.png
client_3,14947,47,45,5,5,42,39,9,Train/9/00009_00046_00007.png
client_3,18447,125,130,11,12,115,119,12,Train/12/00012_00002_00027.png
client_3,22309,85,82,7,8,78,74,13,Train/13/00013_00061_00019.png
client_3,378,50,48,5,5,45,43,0,Train/0/00000_00000_00018.png
client_3,4304,33,34,6,6,28,28,2,Train/2/00002_00050_00014.png
client_3,9934,31,31,6,6,26,26,5,Train/5/00005_00050_00004.png
client_3,36185,62,74,6,6,57,67,38,Train/38/00038_00006_00006.png
client_3,24445,82,81,7,7,74,74,16,Train/16/00016_00013_00025.png
client_3,4889,35,35,5,5,30,30,2,Train/2/00002_00069_00029.png
client_3,13405,51,50,6,5,46,45,8,Train/8/00008_00041_00025.png
client_3,33035,30,31,5,6,25,26,32,Train/32/00032_00006_00005.png
client_3,14112,35,34,5,5,30,29,9,Train/9/00009_00018_00012.png
client_3,21170,47,63,5,5,42,57,13,Train/13/00013_00023_00020.png
client_3,2426,57,58,6,5,52,53,1,Train/1/00001_00061_00026.png
client_3,1029,33,34,6,6,27,28,1,Train/1/00001_00015_00009.png
client_3,28298,58,55,5,5,53,50,24,Train/24/00024_00003_00008.png
client_3,12646,38,40,5,6,33,35,8,Train/8/00008_00016_00016.png
client_3,20648,34,33,6,6,29,28,13,Train/13/00013_00006_00008.png
client_3,34690,48,47,6,5,43,42,35,Train/35/00035_00016_00011.png
client_3,19388,60,61,6,6,55,55,12,Train/12/00012_00034_00008.png
client_3,15293,59,59,6,6,54,54,10,Train/10/00010_00008_00023.png
client_3,30671,46,47,5,5,41,42,27,Train/27/00027_00003_00011.png
client_3,649,57,56,6,5,52,51,1,Train/1/00001_00002_00019.png
client_3,6435,37,36,5,6,32,31,3,Train/3/00003_00046_00015.png
client_3,26892,50,47,5,5,45,42,19,Train/19/00019_00004_00012.png
client_3,27605,30,31,5,6,25,26,22,Train/22/00022_00010_00005.png
client_3,7477,31,31,5,5,26,26,4,Train/4/00004_00034_00007.png
client_3,14307,76,86,6,7,70,79,9,Train/9/00009_00024_00027.png
client_3,20489,95,89,8,8,86,81,13,Train/13/00013_00000_00029.png
client_3,28948,144,130,13,11,132,119,25,Train/25/00025_00015_00028.png
client_3,6070,34,34,5,5,29,29,3,Train/3/00003_00034_00010.png
client_3,32049,35,31,5,5,30,26,30,Train/30/00030_00014_00009.png
client_3,22302,63,59,6,6,57,54,13,Train/13/00013_00061_00012.png
client_3,8517,45,47,6,6,40,42,5,Train/5/00005_00002_00027.png
client_3,19214,36,35,6,5,31,30,12,Train/12/00012_00028_00014.png
client_3,16942,45,46,6,6,40,40,10,Train/10/00010_00063_00022.png
client_3,14832,45,46,6,5,40,40,9,Train/9/00009_00042_00012.png
client_3,35040,27,26,5,5,21,21,35,Train/35/00035_00028_00001.png
client_3,22482,38,36,5,5,33,31,13,Train/13/00013_00067_00012.png
client_3,18255,53,47,6,5,48,42,11,Train/11/00011_00040_00015.png
client_3,38361,47,51,6,6,42,46,39,Train/39/00039_00009_00022.png
client_3,22723,58,59,5,5,52,54,14,Train/14/00014_00003_00013.png
client_3,23946,95,109,9,10,86,100,15,Train/15/00015_00018_00006.png
client_3,28739,229,205,19,17,209,188,25,Train/25/00025_00008_00029.png
client_3,15732,41,40,6,6,36,35,10,Train/10/00010_00023_00012.png
client_3,37326,41,41,5,5,36,36,38,Train/38/00038_00044_00007.png
client_3,35043,29,29,5,5,23,24,35,Train/35/00035_00028_00004.png
client_3,32030,46,41,5,5,41,36,30,Train/30/00030_00013_00020.png
client_3,35191,28,28,6,5,23,23,35,Train/35/00035_00033_00002.png
client_3,27322,75,65,7,5,69,59,22,Train/22/00022_00000_00022.png
client_3,37931,37,37,6,5,32,32,38,Train/38/00038_00064_00012.png
client_3,5996,70,73,7,6,64,67,3,Train/3/00003_00031_00026.png
client_3,33073,35,37,5,6,29,32,32,Train/32/00032_00007_00013.png
client_3,34325,30,30,6,6,25,25,35,Train/35/00035_00004_00006.png
client_3,33390,27,28,6,5,22,22,33,Train/33/00033_00010_00000.png
client_3,5002,52,51,5,5,46,46,2,Train/2/00002_00073_00022.png
client_3,28639,57,53,5,5,52,48,25,Train/25/00025_00005_00019.png
client_3,14177,31,31,6,6,26,26,9,Train/9/00009_00020_00017.png
client_3,6061,28,29,5,6,23,24,3,Train/3/00003_00034_00001.png
client_3,35804,43,42,6,5,38,37,37,Train/37/00037_00000_00015.png
client_3,25809,62,55,6,6,56,50,18,Train/18/00018_00008_00009.png
client_3,10392,35,38,5,6,30,33,6,Train/6/00006_00003_00012.png
client_3,12301,30,31,6,5,25,26,8,Train/8/00008_00005_00001.png
client_3,29814,80,74,7,7,73,68,25,Train/25/00025_00044_00024.png
client_3,27263,76,72,6,7,70,66,21,Train/21/00021_00009_00023.png
client_3,30953,60,55,6,6,54,50,28,Train/28/00028_00004_00023.png
client_3,1598,34,33,5,5,28,28,1,Train/1/00001_00034_00008.png
client_3,5916,30,29,5,5,25,24,3,Train/3/00003_00029_00006.png
client_3,18972,34,38,5,6,29,33,12,Train/12/00012_00020_00012.png
client_3,16459,41,40,6,5,36,35,10,Train/10/00010_00047_00019.png
client_3,13935,40,43,5,5,35,38,9,Train/9/00009_00012_00015.png
client_3,23104,58,57,6,5,53,52,14,Train/14/00014_00016_00004.png
client_3,26373,28,28,5,5,23,23,18,Train/18/00018_00027_00003.png
client_3,30983,75,72,7,6,68,66,28,Train/28/00028_00005_00023.png
client_3,22420,39,36,6,6,34,31,13,Train/13/00013_00065_00010.png
client_3,11560,33,35,5,6,28,30,7,Train/7/00007_00028_00010.png
client_3,18244,36,32,6,5,31,27,11,Train/11/00011_00040_00004.png
client_3,7666,38,37,6,5,33,32,4,Train/4/00004_00040_00016.png
client_3,22997,49,49,6,6,44,44,14,Train/14/00014_00012_00017.png
client_3,38798,37,37,6,5,32,32,41,Train/41/00041_00002_00009.png
client_3,5512,38,39,5,6,33,34,3,Train/3/00003_00015_00022.png
client_3,38790,32,33,6,5,26,27,41,Train/41/00041_00002_00001.png
client_3,22577,109,99,9,9,100,91,13,Train/13/00013_00070_00017.png
client_3,35136,29,29,6,6,24,24,35,Train/35/00035_00031_00007.png
client_3,10100,41,42,5,5,36,37,5,Train/5/00005_00055_00020.png
client_3,17862,59,53,6,6,54,48,11,Train/11/00011_00027_00012.png
client_3,26135,41,40,6,5,36,35,18,Train/18/00018_00019_00005.png
client_3,32923,38,37,6,5,32,31,32,Train/32/00032_00002_00013.png
client_3,3224,36,36,6,6,31,31,2,Train/2/00002_00014_00014.png
client_3,478,94,93,8,9,86,85,0,Train/0/00000_00003_00028.png
client_3,15793,37,38,6,5,32,33,10,Train/10/00010_00025_00013.png
client_3,10646,59,59,6,6,54,54,6,Train/6/00006_00011_00026.png
client_3,35611,31,31,5,5,26,26,36,Train/36/00036_00007_00002.png
client_3,38595,39,41,5,5,34,35,40,Train/40/00040_00007_00016.png
client_3,25738,158,144,14,12,145,132,18,Train/18/00018_00005_00028.png
client_3,10459,37,41,5,6,32,36,6,Train/6/00006_00005_00019.png
client_3,2564,49,51,5,6,44,45,1,Train/1/00001_00066_00014.png
client_3,13601,33,33,6,6,28,28,9,Train/9/00009_00001_00011.png
client_3,17549,157,148,13,13,144,136,11,Train/11/00011_00016_00029.png
client_3,28454,47,50,6,6,42,45,24,Train/24/00024_00008_00014.png
client_3,28209,33,30,5,5,28,25,24,Train/24/00024_00000_00009.png
client_3,31673,47,42,5,5,42,37,30,Train/30/00030_00001_00023.png
client_3,28457,47,50,6,6,42,45,24,Train/24/00024_00008_00017.png
client_3,8783,61,62,6,5,56,57,5,Train/5/00005_00011_00023.png
client_3,15419,54,54,5,5,49,49,10,Train/10/00010_00012_00029.png
client_3,4315,50,49,6,6,45,44,2,Train/2/00002_00050_00025.png
client_3,2995,57,59,6,6,52,54,2,Train/2/00002_00006_00025.png
client_3,1175,47,52,5,5,42,47,1,Train/1/00001_00020_00005.png
client_3,23985,30,31,5,6,25,26,15,Train/15/00015_00019_00015.png
client_3,33832,41,40,5,5,36,35,34,Train/34/00034_00001_00023.png
client_3,10850,53,52,6,5,48,47,7,Train/7/00007_00004_00020.png
client_3,34847,42,43,5,6,37,38,35,Train/35/00035_00021_00018.png
client_3,6259,36,37,5,5,31,32,3,Train/3/00003_00040_00019.png
client_3,10270,31,31,6,6,25,25,5,Train/5/00005_00061_00010.png
client_3,29245,63,60,5,6,58,55,25,Train/25/00025_00025_00025.png
client_3,28524,143,126,13,11,131,115,25,Train/25/00025_00001_00024.png
client_3,9073,39,38,6,6,33,33,5,Train/5/00005_00021_00013.png
client_3,35130,28,26,6,5,23,21,35,Train/35/00035_00031_00001.png
client_3,1867,43,42,6,5,38,37,1,Train/1/00001_00043_00007.png
client_3,31809,32,33,5,6,27,28,30,Train/30/00030_00006_00009.png
client_3,33815,31,31,5,6,26,26,34,Train/34/00034_00001_00006.png
client_3,7921,29,28,6,5,23,23,4,Train/4/00004_00049_00001.png
client_3,20413,35,37,5,6,30,32,12,Train/12/00012_00068_00013.png
client_3,24888,30,35,5,6,25,30,17,Train/17/00017_00014_00018.png
client_3,26348,42,37,6,5,37,32,18,Train/18/00018_00026_00008.png
client_3,22220,41,42,6,5,36,37,13,Train/13/00013_00058_00020.png
client_3,21310,48,46,5,5,43,41,13,Train/13/00013_00028_00010.png
client_3,22343,84,76,8,7,77,70,13,Train/13/00013_00062_00023.png
client_3,4324,34,33,6,6,29,28,2,Train/2/00002_00051_00004.png
client_3,15634,32,28,6,6,27,23,10,Train/10/00010_00020_00004.png
client_3,35594,40,41,5,6,35,36,36,Train/36/00036_00006_00015.png
client_3,10124,40,39,6,5,35,34,5,Train/5/00005_00056_00014.png
client_3,26500,43,38,6,5,38,33,18,Train/18/00018_00031_00010.png
client_3,23724,60,58,6,6,55,53,15,Train/15/00015_00010_00024.png
client_3,13381,33,33,6,6,28,28,8,Train/8/00008_00041_00001.png
client_3,30937,36,34,5,6,31,29,28,Train/28/00028_00004_00007.png
client_3,34756,40,40,5,5,34,35,35,Train/35/00035_00018_00017.png
client_3,6815,31,33,5,6,26,28,4,Train/4/00004_00012_00005.png
client_3,26478,48,47,5,5,43,41,18,Train/18/00018_00030_00018.png
client_3,1398,48,48,6,5,43,43,1,Train/1/00001_00027_00018.png
client_3,4828,106,100,9,8,97,92,2,Train/2/00002_00067_00028.png
client_3,34719,41,43,6,6,36,38,35,Train/35/00035_00017_00010.png
client_3,37468,109,113,10,10,100,103,38,Train/38/00038_00048_00029.png
client_3,22370,51,47,6,5,46,42,13,Train/13/00013_00063_00020.png
client_3,1169,64,63,6,6,59,58,1,Train/1/00001_00019_00029.png
client_3,35933,52,53,6,6,47,48,37,Train/37/00037_00004_00024.png
client_3,20699,72,67,6,6,66,61,13,Train/13/00013_00007_00029.png
client_3,26527,51,51,5,5,46,46,18,Train/18/00018_00032_00007.png
client_3,8942,32,32,5,5,27,27,5,Train/5/00005_00017_00002.png
client_3,6398,34,33,6,5,29,28,3,Train/3/00003_00045_00008.png
client_3,6757,31,31,5,5,25,26,4,Train/4/00004_00010_00007.png
client_3,13107,90,96,8,9,82,88,8,Train/8/00008_00031_00027.png
client_3,20833,52,49,5,6,47,43,13,Train/13/00013_00012_00013.png
client_3,19099,57,56,6,5,52,51,12,Train/12/00012_00024_00019.png
client_3,22871,39,46,5,6,33,40,14,Train/14/00014_00008_00011.png
client_3,13982,33,34,5,5,28,29,9,Train/9/00009_00014_00002.png
client_3,37413,28,26,6,5,23,21,38,Train/38/00038_00047_00004.png
client_3,32210,56,50,5,5,51,45,31,Train/31/00031_00004_00020.png
client_3,24808,30,32,6,6,25,27,17,Train/17/00017_00011_00028.png
client_3,23973,29,29,6,6,24,24,15,Train/15/00015_00019_00003.png
client_3,35506,40,41,6,6,35,35,36,Train/36/00036_00003_00017.png
client_3,21119,124,110,11,9,113,101,13,Train/13/00013_00021_00029.png
client_3,21828,103,103,9,9,94,94,13,Train/13/00013_00045_00018.png
client_3,27244,37,35,6,6,32,30,21,Train/21/00021_00009_00004.png
client_3,34824,59,60,5,6,54,55,35,Train/35/00035_00020_00025.png
client_3,26605,72,68,6,7,66,62,18,Train/18/00018_00034_00025.png
client_3,6826,44,43,6,6,38,38,4,Train/4/00004_00012_00016.png
client_3,22702,57,57,6,6,51,51,14,Train/14/00014_00002_00022.png
client_3,17691,58,50,5,6,53,45,11,Train/11/00011_00021_00021.png
client_3,30897,132,116,12,11,121,106,28,Train/28/00028_00002_00027.png
client_3,15501,54,54,5,5,49,49,10,Train/10/00010_00015_00021.png
client_3,29375,55,50,6,6,50,45,25,Train/25/00025_00030_00005.png
client_3,12047,33,35,5,6,28,30,7,Train/7/00007_00044_00017.png
client_3,14559,35,33,5,5,29,27,9,Train/9/00009_00033_00009.png
client_3,21070,48,45,5,5,42,40,13,Train/13/00013_00020_00010.png
client_3,33894,107,115,10,10,97,105,34,Train/34/00034_00003_00025.png
client_3,22526,143,110,12,10,131,101,13,Train/13/00013_00068_00026.png
client_3,6933,29,32,5,5,24,27,4,Train/4/00004_00016_00003.png
client_3,15517,33,33,5,5,28,28,10,Train/10/00010_00016_00007.png
client_3,26218,120,107,10,10,109,98,18,Train/18/00018_00021_00028.png
client_3,12022,46,46,6,5,41,41,7,Train/7/00007_00043_00022.png
client_3,31051,58,51,6,5,53,46,28,Train/28/00028_00008_00001.png
client_3,23542,51,52,5,5,46,47,15,Train/15/00015_00004_00022.png
client_3,38981,36,37,5,5,31,32,42,Train/42/00042_00000_00012.png
client_3,35238,38,43,5,6,33,38,35,Train/35/00035_00034_00019.png
client_3,36327,52,51,5,5,47,46,38,Train/38/00038_00010_00028.png
client_3,21071,49,46,5,5,44,41,13,Train/13/00013_00020_00011.png
client_3,30818,39,37,5,5,33,32,28,Train/28/00028_00000_00008.png
client_3,23940,87,101,8,9,80,93,15,Train/15/00015_00018_00000.png
client_3,9056,45,42,6,6,40,37,5,Train/5/00005_00020_00026.png
client_3,35805,44,42,5,5,39,37,37,Train/37/00037_00000_00016.png
client_3,28320,31,30,6,6,26,25,24,Train/24/00024_00004_00000.png
client_3,10279,38,40,5,6,33,35,5,Train/5/00005_00061_00019.png
client_3,22979,141,134,12,12,129,123,14,Train/14/00014_00011_00029.png
client_3,16306,44,45,6,6,38,40,10,Train/10/00010_00042_00016.png
client_3,20853,41,37,6,5,36,32,13,Train/13/00013_00013_00003.png
client_3,26792,30,29,5,5,25,24,19,Train/19/00019_00001_00002.png
client_3,31725,60,55,5,6,55,50,30,Train/30/00030_00003_00015.png
client_3,24392,29,29,6,6,24,24,16,Train/16/00016_00012_00002.png
client_3,35354,37,36,6,5,31,31,35,Train/35/00035_00038_00015.png
client_3,9707,44,45,5,5,39,40,5,Train/5/00005_00042_00017.png
client_3,31115,47,41,6,5,42,36,28,Train/28/00028_00010_00005.png
client_3,68,38,37,5,5,33,32,20,Train/20/00020_00002_00008.png
client_3,10020,26,26,5,5,21,21,5,Train/5/00005_00053_00000.png
client_3,22701,54,53,6,5,49,48,14,Train/14/00014_00002_00021.png
client_3,2890,55,54,6,6,49,48,2,Train/2/00002_00003_00010.png
client_3,21958,129,110,11,9,118,101,13,Train/13/00013_00049_00028.png
client_3,25881,110,98,9,8,100,89,18,Train/18/00018_00010_00021.png
client_3,2762,47,47,5,6,42,42,1,Train/1/00001_00073_00002.png
client_3,36250,31,32,5,6,25,26,38,Train/38/00038_00008_00011.png
client_3,7196,69,70,6,7,63,64,4,Train/4/00004_00024_00026.png
client_3,14784,53,56,5,5,47,50,9,Train/9/00009_00040_00024.png
client_3,20253,27,28,5,5,22,23,12,Train/12/00012_00063_00003.png
client_3,3992,27,27,6,6,22,22,2,Train/2/00002_00040_00002.png
client_3,11555,31,32,6,5,26,27,7,Train/7/00007_00028_00005.png
client_3,18718,133,134,11,12,122,123,12,Train/12/00012_00011_00028.png
client_3,13137,57,57,6,5,52,52,8,Train/8/00008_00032_00027.png
client_3,38366,68,71,7,6,62,65,39,Train/39/00039_00009_00027.png
client_3,8311,30,29,5,5,25,24,4,Train/4/00004_00062_00001.png
client_3,33685,36,38,5,5,30,32,33,Train/33/00033_00019_00025.png
client_3,25555,30,38,6,5,25,33,17,Train/17/00017_00036_00025.png
client_3,35082,47,46,6,5,42,41,35,Train/35/00035_00029_00013.png
client_3,29386,71,64,6,5,65,59,25,Train/25/00025_00030_00016.png
client_3,22905,43,46,5,5,37,41,14,Train/14/00014_00009_00015.png
client_3,20417,37,36,5,6,32,31,12,Train/12/00012_00068_00017.png
client_3,22404,37,36,6,5,32,31,13,Train/13/00013_00064_00024.png
client_3,2740,48,47,6,5,43,42,1,Train/1/00001_00072_00010.png
client_3,6839,119,115,10,10,109,105,4,Train/4/00004_00012_00029.png
client_3,27827,45,38,5,5,39,33,23,Train/23/00023_00004_00017.png
client_3,26788,147,129,13,12,135,117,19,Train/19/00019_00000_00028.png
client_3,21616,59,53,6,6,54,48,13,Train/13/00013_00038_00016.png
client_3,27343,40,37,6,6,35,32,22,Train/22/00022_00001_00013.png
client_3,28839,60,57,5,6,55,52,25,Train/25/00025_00012_00009.png
client_3,5360,50,54,5,6,45,49,3,Train/3/00003_00010_00020.png
client_3,14632,63,62,6,6,57,57,9,Train/9/00009_00035_00022.png
client_3,20675,39,38,5,5,34,32,13,Train/13/00013_00007_00005.png
client_3,39102,39,40,5,6,34,35,42,Train/42/00042_00004_00013.png
client_3,31335,53,47,6,5,48,42,28,Train/28/00028_00017_00015.png
client_3,14687,48,49,5,6,43,44,9,Train/9/00009_00037_00017.png
client_3,39157,33,34,5,6,28,29,42,Train/42/00042_00006_00008.png
client_3,19746,32,36,6,6,27,31,12,Train/12/00012_00046_00006.png
client_3,18015,54,54,5,6,49,48,11,Train/11/00011_00032_00015.png
client_3,20827,42,38,5,5,37,33,13,Train/13/00013_00012_00007.png
client_3,13953,34,33,6,5,29,28,9,Train/9/00009_00013_00003.png
client_3,27618,41,40,5,5,35,34,22,Train/22/00022_00010_00018.png
client_3,22771,52,53,5,6,47,48,14,Train/14/00014_00005_00001.png
client_3,18511,45,42,5,5,40,37,12,Train/12/00012_00005_00001.png
client_3,22491,52,49,5,6,47,44,13,Train/13/00013_00067_00021.png
client_3,5687,43,46,5,6,38,41,3,Train/3/00003_00021_00017.png
client_3,8694,70,70,7,7,64,64,5,Train/5/00005_00008_00024.png
client_3,19375,63,70,6,7,58,64,12,Train/12/00012_00033_00025.png
client_3,37077,88,92,8,8,81,84,38,Train/38/00038_00035_00028.png
client_3,20751,60,55,5,5,55,50,13,Train/13/00013_00009_00021.png
client_3,4065,37,36,6,5,32,31,2,Train/2/00002_00042_00015.png
client_3,31793,68,61,6,5,62,56,30,Train/30/00030_00005_00023.png
client_3,30034,32,29,5,5,27,24,26,Train/26/00026_00002_00004.png
client_3,10702,45,47,5,5,40,42,6,Train/6/00006_00013_00022.png
client_3,9473,42,46,5,6,36,41,5,Train/5/00005_00034_00023.png
client_3,11006,44,44,6,5,39,39,7,Train/7/00007_00009_00026.png
client_3,30077,52,51,5,6,46,45,26,Train/26/00026_00003_00017.png
client_3,27892,55,50,5,5,50,45,23,Train/23/00023_00006_00022.png
client_3,27833,56,55,5,5,51,50,23,Train/23/00023_00004_00023.png
client_3,23164,44,44,6,5,39,39,14,Train/14/00014_00018_00004.png
client_3,27794,68,63,6,5,62,57,23,Train/23/00023_00003_00014.png
client_3,29745,48,45,5,6,43,40,25,Train/25/00025_00042_00015.png
client_3,29995,96,88,9,7,88,80,26,Train/26/00026_00000_00025.png
client_3,34992,41,42,5,6,36,37,35,Train/35/00035_00026_00013.png
client_3,30879,49,45,5,6,44,40,28,Train/28/00028_00002_00009.png
client_3,2353,47,46,6,6,42,41,1,Train/1/00001_00059_00013.png
client_3,38032,58,62,5,6,53,57,38,Train/38/00038_00067_00023.png
client_3,9586,37,39,5,6,32,34,5,Train/5/00005_00038_00016.png
client_3,28666,37,36,6,6,32,31,25,Train/25/00025_00006_00016.png
client_3,30915,49,45,6,5,44,40,28,Train/28/00028_00003_00015.png
client_3,15436,47,48,5,5,42,43,10,Train/10/00010_00013_00016.png
client_3,33930,28,29,6,5,22,24,34,Train/34/00034_00005_00001.png
client_3,10571,33,34,6,6,28,29,6,Train/6/00006_00009_00011.png
client_3,31269,37,31,6,5,32,26,28,Train/28/00028_00015_00009.png
client_3,29590,36,34,5,5,31,28,25,Train/25/00025_00037_00010.png
client_3,22373,61,57,6,6,56,52,13,Train/13/00013_00063_00023.png
client_3,31861,33,30,5,5,28,25,30,Train/30/00030_00008_00001.png
client_3,8270,45,44,6,5,40,39,4,Train/4/00004_00060_00020.png
client_3,31666,43,39,5,5,38,34,30,Train/30/00030_00001_00016.png
client_3,13487,40,42,5,6,35,37,8,Train/8/00008_00044_00017.png
client_3,13376,53,52,6,5,48,47,8,Train/8/00008_00040_00026.png
client_3,27931,39,41,5,6,34,35,23,Train/23/00023_00008_00001.png
client_3,23411,46,48,6,6,41,43,15,Train/15/00015_00000_00011.png
client_3,18442,73,77,6,7,67,70,12,Train/12/00012_00002_00022.png
client_3,11145,51,51,6,6,46,46,7,Train/7/00007_00014_00015.png
client_3,10321,31,31,6,5,26,26,6,Train/6/00006_00001_00001.png
client_3,10630,36,35,6,5,31,30,6,Train/6/00006_00011_00010.png
client_3,18594,69,65,7,6,63,60,12,Train/12/00012_00007_00024.png
client_3,24965,36,37,5,5,31,32,17,Train/17/00017_00017_00005.png
client_3,20274,59,62,6,6,54,57,12,Train/12/00012_00063_00024.png
client_3,31276,43,39,6,5,38,33,28,Train/28/00028_00015_00016.png
client_3,8742,35,37,5,6,30,32,5,Train/5/00005_00010_00012.png
client_3,18480,30,25,6,5,25,20,12,Train/12/00012_00004_00000.png
client_3,38540,88,85,8,7,81,78,40,Train/40/00040_00005_00021.png
client_3,34883,49,48,5,6,44,43,35,Train/35/00035_00022_00024.png
client_3,31201,41,43,5,5,36,38,28,Train/28/00028_00013_00001.png
client_3,21395,30,29,5,5,25,24,13,Train/13/00013_00031_00005.png
client_3,18688,127,106,11,9,116,97,12,Train/12/00012_00010_00028.png
client_3,20530,43,41,5,6,38,36,13,Train/13/00013_00002_00010.png
client_3,33330,47,48,6,6,42,43,33,Train/33/00033_00008_00000.png
client_3,5685,42,44,6,6,37,39,3,Train/3/00003_00021_00015.png
client_3,21591,68,67,7,6,62,61,13,Train/13/00013_00037_00021.png
client_3,35132,27,27,5,5,22,21,35,Train/35/00035_00031_00003.png
client_3,37100,79,80,7,7,72,73,38,Train/38/00038_00036_00021.png
client_3,7194,62,61,6,5,57,56,4,Train/4/00004_00024_00024.png
client_3,21333,32,31,6,6,27,26,13,Train/13/00013_00029_00003.png
client_3,19822,68,71,6,6,62,65,12,Train/12/00012_00048_00022.png
client_3,4299,30,30,6,6,25,25,2,Train/2/00002_00050_00009.png
client_3,28066,39,38,6,6,33,33,23,Train/23/00023_00012_00016.png
client_3,6431,33,34,5,6,28,28,3,Train/3/00003_00046_00011.png
client_3,34864,40,41,5,6,35,36,35,Train/35/00035_00022_00005.png
client_3,39184,30,32,5,6,25,27,42,Train/42/00042_00007_00005.png
client_3,35039,25,27,5,6,20,21,35,Train/35/00035_00028_00000.png
client_3,19937,116,119,10,11,106,109,12,Train/12/00012_00052_00017.png
client_3,5433,29,29,6,6,24,24,3,Train/3/00003_00013_00003.png
client_3,9400,31,32,6,6,26,27,5,Train/5/00005_00032_00010.png
client_3,25060,31,30,5,5,26,25,17,Train/17/00017_00020_00010.png
client_3,13856,84,84,8,8,76,76,9,Train/9/00009_00009_00026.png
client_3,23231,55,60,5,6,50,54,14,Train/14/00014_00020_00011.png
client_3,9907,31,33,5,6,26,28,5,Train/5/00005_00049_00007.png
client_3,25776,61,56,5,6,55,50,18,Train/18/00018_00007_00006.png
client_3,8593,33,33,6,5,28,28,5,Train/5/00005_00005_00013.png
client_3,13989,39,40,6,6,34,35,9,Train/9/00009_00014_00009.png
client_3,8451,51,51,6,5,46,46,5,Train/5/00005_00000_00021.png
client_3,696,53,52,6,5,48,47,1,Train/1/00001_00004_00006.png
client_3,36733,42,42,6,5,37,37,38,Train/38/00038_00024_00014.png
client_3,31839,48,44,6,5,43,39,30,Train/30/00030_00007_00009.png
client_3,29834,45,40,5,6,40,35,25,Train/25/00025_00045_00014.png
client_3,35823,32,31,6,5,27,26,37,Train/37/00037_00001_00004.png
client_3,33792,40,47,5,5,35,42,34,Train/34/00034_00000_00013.png
client_3,22501,55,49,5,6,50,44,13,Train/13/00013_00068_00001.png
client_3,11339,70,73,7,7,64,67,7,Train/7/00007_00020_00029.png
client_3,7291,31,30,6,5,26,25,4,Train/4/00004_00028_00001.png
client_3,34039,46,48,5,6,41,43,34,Train/34/00034_00008_00020.png
client_3,10231,27,28,6,6,21,22,5,Train/5/00005_00060_00001.png
client_3,27801,96,84,9,7,88,77,23,Train/23/00023_00003_00021.png
client_3,26529,55,56,5,6,50,51,18,Train/18/00018_00032_00009.png
client_3,14197,39,40,5,5,34,35,9,Train/9/00009_00021_00007.png
client_3,5389,46,47,6,6,41,42,3,Train/3/00003_00011_00019.png
client_3,27206,103,93,9,8,94,85,21,Train/21/00021_00007_00026.png
client_3,9950,45,45,5,5,40,40,5,Train/5/00005_00050_00020.png
client_3,37685,43,47,5,6,38,42,38,Train/38/00038_00056_00006.png
client_3,21886,81,70,7,6,74,64,13,Train/13/00013_00047_00016.png
client_3,5616,34,36,5,6,29,31,3,Train/3/00003_00019_00006.png
client_3,14044,45,46,6,6,40,41,9,Train/9/00009_00016_00004.png
client_3,18483,30,27,6,6,25,22,12,Train/12/00012_00004_00003.png
client_3,22449,36,34,5,6,31,29,13,Train/13/00013_00066_00009.png
client_3,38554,40,39,6,5,35,34,40,Train/40/00040_00006_00005.png
client_3,25115,36,38,5,6,31,33,17,Train/17/00017_00022_00005.png
client_3,775,96,108,8,9,88,99,1,Train/1/00001_00006_00025.png
client_3,39190,33,34,6,6,28,29,42,Train/42/00042_00007_00011.png
client_3,5606,85,85,7,7,78,78,3,Train/3/00003_00018_00026.png
client_3,1630,31,32,6,6,25,26,1,Train/1/00001_00035_00010.png
client_3,12227,39,40,5,6,34,34,8,Train/8/00008_00002_00017.png
client_3,14882,29,28,6,5,23,22,9,Train/9/00009_00044_00002.png
client_3,24363,27,27,6,5,21,21,16,Train/16/00016_00011_00003.png
client_3,4776,36,39,6,5,31,34,2,Train/2/00002_00066_00006.png
client_3,33236,74,80,6,8,68,73,33,Train/33/00033_00004_00026.png
client_3,11479,45,44,5,5,40,39,7,Train/7/00007_00025_00019.png
client_3,31797,93,81,9,7,85,74,30,Train/30/00030_00005_00027.png
client_3,3869,88,87,8,7,81,80,2,Train/2/00002_00035_00029.png
client_3,6159,30,31,5,5,25,26,3,Train/3/00003_00037_00009.png
client_3,16065,38,35,5,5,32,30,10,Train/10/00010_00034_00015.png
client_3,29764,36,35,5,6,31,30,25,Train/25/00025_00043_00004.png
client_3,38988,45,46,5,5,39,40,42,Train/42/00042_00000_00019.png
client_3,3786,29,30,5,5,24,25,2,Train/2/00002_00033_00006.png
client_3,3928,70,67,7,6,64,61,2,Train/2/00002_00037_00028.png
client_3,37946,81,83,8,7,74,76,38,Train/38/00038_00064_00027.png
client_3,25165,47,50,5,6,42,45,17,Train/17/00017_00023_00025.png
client_3,24167,39,40,5,6,34,35,16,Train/16/00016_00004_00017.png
client_3,38826,41,42,5,5,36,37,41,Train/41/00041_00003_00007.png
client_3,29690,69,61,7,5,62,56,25,Train/25/00025_00040_00020.png
client_3,10387,33,35,6,6,28,30,6,Train/6/00006_00003_00007.png
client_3,6212,27,28,5,5,22,23,3,Train/3/00003_00039_00002.png
client_3,35026,41,41,6,5,36,36,35,Train/35/00035_00027_00017.png
client_3,6608,50,50,5,5,44,44,4,Train/4/00004_00005_00008.png
client_3,31342,75,70,7,7,69,64,28,Train/28/00028_00017_00022.png
client_3,14134,27,28,5,5,22,23,9,Train/9/00009_00019_00004.png
client_3,8363,51,50,6,5,46,45,4,Train/4/00004_00063_00023.png
client_3,4408,70,69,6,6,64,63,2,Train/2/00002_00053_00028.png
client_3,20876,71,64,6,5,65,59,13,Train/13/00013_00013_00026.png
client_3,798,75,72,6,6,69,66,1,Train/1/00001_00007_00018.png
client_3,13393,40,41,5,6,35,36,8,Train/8/00008_00041_00013.png
client_3,2327,52,50,6,6,47,45,1,Train/1/00001_00058_00017.png
client_3,18268,115,98,10,8,105,90,11,Train/11/00011_00040_00028.png
client_3,2532,35,37,5,6,30,32,1,Train/1/00001_00065_00012.png
client_3,9965,33,33,6,6,28,28,5,Train/5/00005_00051_00005.png
client_3,20180,57,57,6,6,52,52,12,Train/12/00012_00060_00020.png
client_3,24681,39,42,6,6,34,37,17,Train/17/00017_00007_00021.png
client_3,20096,48,51,5,6,43,46,12,Train/12/00012_00057_00026.png
client_3,36925,45,51,5,6,40,46,38,Train/38/00038_00030_00026.png
client_3,29012,29,30,6,6,24,25,25,Train/25/00025_00018_00002.png
client_3,35299,48,46,6,5,43,41,35,Train/35/00035_00036_00020.png
client_3,24623,49,51,5,6,44,45,17,Train/17/00017_00005_00023.png
client_3,8246,83,82,8,7,76,75,4,Train/4/00004_00059_00026.png
client_3,32718,44,44,5,5,39,39,31,Train/31/00031_00021_00018.png
client_3,19858,63,67,5,6,58,61,12,Train/12/00012_00049_00028.png
client_3,14291,36,39,6,6,31,34,9,Train/9/00009_00024_00011.png
client_3,20594,39,37,5,5,34,32,13,Train/13/00013_00004_00014.png
client_3,37498,38,41,5,6,33,36,38,Train/38/00038_00049_00029.png
client_3,22960,47,46,6,5,42,41,14,Train/14/00014_00011_00010.png
client_3,35507,42,43,6,6,37,37,36,Train/36/00036_00003_00018.png
client_3,1347,63,60,6,5,58,55,1,Train/1/00001_00025_00027.png
client_3,15187,33,33,5,5,28,28,10,Train/10/00010_00005_00007.png
client_3,27648,51,48,6,5,46,43,22,Train/22/00022_00011_00018.png
client_3,27147,107,98,9,9,98,90,21,Train/21/00021_00005_00027.png
client_3,26601,58,54,6,5,52,48,18,Train/18/00018_00034_00021.png
client_3,20114,51,49,5,6,46,44,12,Train/12/00012_00058_00014.png
client_3,4710,26,26,5,5,21,21,2,Train/2/00002_00064_00000.png
client_3,28646,96,88,8,8,88,81,25,Train/25/00025_00005_00026.png
client_3,28506,74,69,6,6,68,63,25,Train/25/00025_00001_00006.png
client_3,36077,59,56,6,5,54,51,38,Train/38/00038_00002_00018.png
client_3,19657,31,30,6,5,26,25,12,Train/12/00012_00043_00007.png
client_3,18635,33,34,5,6,27,28,12,Train/12/00012_00009_00005.png
client_3,30792,42,38,6,5,36,32,27,Train/27/00027_00007_00012.png
client_3,3800,37,38,6,5,32,33,2,Train/2/00002_00033_00020.png
client_3,12026,56,56,6,5,51,51,7,Train/7/00007_00043_00026.png
client_3,25469,42,44,5,5,37,39,17,Train/17/00017_00033_00029.png
client_3,28703,99,87,8,8,91,80,25,Train/25/00025_00007_00023.png
client_3,3049,40,41,5,5,35,36,2,Train/2/00002_00008_00019.png
client_3,14272,43,44,5,5,38,39,9,Train/9/00009_00023_00022.png
client_3,14887,31,30,5,5,26,25,9,Train/9/00009_00044_00007.png
client_3,30971,48,50,6,6,43,45,28,Train/28/00028_00005_00011.png
client_3,37690,47,51,5,5,42,46,38,Train/38/00038_00056_00011.png
client_3,27421,29,28,5,6,24,22,22,Train/22/00022_00004_00001.png
client_3,38973,31,29,5,5,25,24,42,Train/42/00042_00000_00004.png
client_3,35939,35,36,6,5,30,31,37,Train/37/00037_00005_00000.png
client_3,14387,41,40,5,6,36,35,9,Train/9/00009_00027_00017.png
client_3,14491,27,28,5,6,22,23,9,Train/9/00009_00031_00001.png
client_3,30079,59,56,6,5,54,51,26,Train/26/00026_00003_00019.png
client_3,30881,52,48,5,6,47,43,28,Train/28/00028_00002_00011.png
client_3,15587,48,47,6,5,43,42,10,Train/10/00010_00018_00017.png
client_3,32133,36,35,5,5,31,30,31,Train/31/00031_00002_00003.png
client_3,33418,68,67,7,6,62,61,33,Train/33/00033_00010_00028.png
client_3,22971,65,66,6,6,60,60,14,Train/14/00014_00011_00021.png
client_3,31368,43,68,5,7,38,62,29,Train/29/00029_00000_00018.png
client_3,24460,27,32,6,6,22,27,17,Train/17/00017_00000_00010.png
client_3,20513,74,72,7,7,68,66,13,Train/13/00013_00001_00023.png
client_3,2709,43,43,6,6,38,38,1,Train/1/00001_00071_00009.png
client_3,23738,45,52,6,5,40,47,15,Train/15/00015_00011_00008.png
client_3,20040,40,40,6,5,35,35,12,Train/12/00012_00056_00000.png
client_3,27962,39,39,6,6,34,34,23,Train/23/00023_00009_00002.png
client_3,5224,45,48,5,6,40,43,3,Train/3/00003_00006_00004.png
client_3,15483,29,29,6,6,24,24,10,Train/10/00010_00015_00003.png
client_3,33246,69,69,7,7,63,62,33,Train/33/00033_00005_00006.png
client_3,7142,29,29,5,5,24,24,4,Train/4/00004_00023_00002.png
client_3,26955,51,47,5,5,46,42,19,Train/19/00019_00006_00015.png
client_3,31387,43,41,5,6,37,35,29,Train/29/00029_00001_00007.png
client_3,10859,104,103,10,9,95,94,7,Train/7/00007_00004_00029.png
client_3,9140,46,47,5,6,41,42,5,Train/5/00005_00023_00020.png
client_3,33130,34,33,6,5,29,28,33,Train/33/00033_00001_00010.png
client_3,31746,43,41,6,6,38,36,30,Train/30/00030_00004_00006.png
client_3,26411,46,45,6,5,41,40,18,Train/18/00018_00028_00011.png
client_3,4384,30,32,5,6,25,27,2,Train/2/00002_00053_00004.png
client_3,33703,41,41,5,5,36,36,33,Train/33/00033_00020_00014.png
client_3,8618,38,37,6,5,33,32,5,Train/5/00005_00006_00008.png
client_3,22210,33,32,6,5,28,27,13,Train/13/00013_00058_00010.png
client_3,22295,52,46,6,6,46,41,13,Train/13/00013_00061_00005.png
client_3,19292,39,40,5,6,34,35,12,Train/12/00012_00031_00002.png
client_3,25591,45,41,5,5,39,35,18,Train/18/00018_00001_00001.png
client_3,5902,41,45,6,6,36,40,3,Train/3/00003_00028_00022.png
client_3,32870,44,45,5,6,39,40,32,Train/32/00032_00000_00020.png
client_3,13448,33,29,6,5,28,24,8,Train/8/00008_00043_00008.png
client_3,30914,47,43,5,5,42,38,28,Train/28/00028_00003_00014.png
client_3,12383,49,49,5,5,44,44,8,Train/8/00008_00007_00023.png
client_3,19401,100,96,8,8,92,88,12,Train/12/00012_00034_00021.png
client_3,8668,60,64,5,5,55,59,5,Train/5/00005_00007_00028.png
client_3,5255,30,30,6,6,25,25,3,Train/3/00003_00007_00005.png
client_3,34692,51,51,6,6,46,46,35,Train/35/00035_00016_00013.png
client_3,20791,36,39,5,5,31,34,13,Train/13/00013_00011_00001.png
client_3,30935,32,31,5,5,27,26,28,Train/28/00028_00004_00005.png
client_3,30600,37,34,6,5,32,29,27,Train/27/00027_00001_00000.png
client_3,38990,50,50,6,5,44,44,42,Train/42/00042_00000_00021.png
client_3,27758,43,40,6,6,38,35,23,Train/23/00023_00002_00008.png
client_3,31085,36,35,5,5,31,30,28,Train/28/00028_00009_00005.png
client_3,19020,34,34,6,6,29,29,12,Train/12/00012_00022_00000.png
client_3,33139,44,46,5,6,39,40,33,Train/33/00033_00001_00019.png
client_3,13428,41,40,6,5,36,35,8,Train/8/00008_00042_00018.png
client_3,14042,44,44,6,5,39,39,9,Train/9/00009_00016_00002.png
client_3,2624,38,37,6,5,32,31,1,Train/1/00001_00068_00014.png
client_3,10835,33,33,5,5,28,28,7,Train/7/00007_00004_00005.png
client_3,19874,43,44,6,6,38,39,12,Train/12/00012_00050_00014.png
client_3,11695,75,80,6,8,69,73,7,Train/7/00007_00032_00025.png
client_3,27635,37,35,6,5,32,30,22,Train/22/00022_00011_00005.png
client_3,12536,72,72,7,7,66,66,8,Train/8/00008_00012_00026.png
client_3,24482,29,30,5,6,24,25,17,Train/17/00017_00001_00002.png
client_3,31719,49,43,6,6,44,38,30,Train/30/00030_00003_00009.png
client_3,16939,39,40,5,6,34,35,10,Train/10/00010_00063_00019.png
client_3,20094,50,51,6,6,45,46,12,Train/12/00012_00057_00024.png
client_3,22240,94,87,8,8,85,79,13,Train/13/00013_00059_00010.png
client_3,17199,54,50,5,6,49,45,11,Train/11/00011_00005_00009.png
client_3,7813,37,36,6,5,32,31,4,Train/4/00004_00045_00013.png
client_3,14996,54,58,5,5,49,53,9,Train/9/00009_00047_00026.png
client_3,34774,27,29,5,6,22,24,35,Train/35/00035_00019_00005.png
client_3,23844,48,52,5,5,42,47,15,Train/15/00015_00014_00024.png
client_3,36338,43,45,5,6,37,40,38,Train/38/00038_00011_00009.png
client_3,5936,63,64,5,6,57,58,3,Train/3/00003_00029_00026.png
client_3,30240,29,28,5,6,24,23,26,Train/26/00026_00009_00000.png
client_3,21212,34,32,5,5,28,27,13,Train/13/00013_00025_00002.png
client_3,16174,29,29,5,6,24,24,10,Train/10/00010_00038_00004.png
client_3,8336,55,55,5,5,50,50,4,Train/4/00004_00062_00026.png
client_3,20,56,51,6,6,51,46,20,Train/20/00020_00000_00020.png
client_3,37860,28,28,6,6,23,23,38,Train/38/00038_00062_00001.png
client_3,1593,32,32,6,6,27,27,1,Train/1/00001_00034_00003.png
client_3,31982,34,34,6,6,29,29,30,Train/30/00030_00012_00002.png
client_3,4288,68,65,6,6,61,59,2,Train/2/00002_00049_00028.png
client_3,15131,34,35,5,5,29,30,10,Train/10/00010_00003_00011.png
client_3,8895,45,44,6,5,40,39,5,Train/5/00005_00015_00015.png
client_3,23870,49,56,6,5,44,51,15,Train/15/00015_00015_00020.png
client_3,38630,83,83,7,7,75,75,40,Train/40/00040_00008_00021.png
client_3,20773,50,46,6,5,45,41,13,Train/13/00013_00010_00013.png
client_3,21053,82,72,8,7,74,65,13,Train/13/00013_00019_00023.png
client_3,17481,62,57,5,6,57,52,11,Train/11/00011_00014_00021.png
client_3,27203,76,70,6,6,70,64,21,Train/21/00021_00007_00023.png
client_3,28540,38,35,6,5,32,30,25,Train/25/00025_00002_00010.png
client_3,37477,33,33,6,5,28,28,38,Train/38/00038_00049_00008.png
client_3,19116,33,39,5,6,28,34,12,Train/12/00012_00025_00006.png
client_3,36048,48,59,6,5,42,54,38,Train/38/00038_00001_00019.png
client_3,30948,51,46,6,6,46,41,28,Train/28/00028_00004_00018.png
client_3,8519,49,52,5,6,44,46,5,Train/5/00005_00002_00029.png
client_3,37084,50,47,6,5,45,42,38,Train/38/00038_00036_00005.png
client_3,26635,82,72,7,6,75,66,18,Train/18/00018_00035_00025.png
client_3,2449,45,45,5,5,40,40,1,Train/1/00001_00062_00019.png
client_3,1936,57,58,5,6,52,53,1,Train/1/00001_00045_00016.png
client_3,21502,46,44,6,5,41,38,13,Train/13/00013_00034_00022.png
client_3,5116,41,41,6,5,36,36,3,Train/3/00003_00002_00016.png
client_3,2436,33,34,5,5,28,29,1,Train/1/00001_00062_00006.png
client_3,3650,42,42,5,5,37,37,2,Train/2/00002_00028_00020.png
client_3,33452,35,31,6,5,30,26,33,Train/33/00033_00012_00002.png
client_3,23442,33,73,5,7,28,67,15,Train/15/00015_00001_00012.png
client_3,5181,49,49,6,6,44,44,3,Train/3/00003_00004_00021.png
client_3,14066,64,64,6,5,59,59,9,Train/9/00009_00016_00026.png
client_3,38166,32,31,6,5,27,26,39,Train/39/00039_00003_00007.png
client_3,31667,44,39,6,5,39,34,30,Train/30/00030_00001_00017.png
client_3,1343,49,49,5,6,43,44,1,Train/1/00001_00025_00023.png
client_3,3416,56,60,6,6,51,55,2,Train/2/00002_00020_00026.png
client_3,23808,46,50,6,6,41,45,15,Train/15/00015_00013_00018.png
client_3,33364,75,77,6,7,69,71,33,Train/33/00033_00009_00004.png
client_3,27417,87,74,8,6,80,68,22,Train/22/00022_00003_00027.png
client_3,3842,35,35,6,6,30,30,2,Train/2/00002_00035_00002.png
client_3,23365,56,55,6,6,50,50,14,Train/14/00014_00024_00025.png
client_3,8598,38,39,6,6,33,34,5,Train/5/00005_00005_00018.png
client_3,4170,31,31,5,5,26,26,2,Train/2/00002_00046_00000.png
client_3,9427,30,32,6,6,25,27,5,Train/5/00005_00033_00007.png
client_3,631,45,47,5,5,40,42,1,Train/1/00001_00002_00001.png
client_3,7842,36,37,5,5,31,31,4,Train/4/00004_00046_00012.png
client_3,9758,37,37,6,5,32,32,5,Train/5/00005_00044_00008.png
client_3,30814,38,35,5,5,32,29,28,Train/28/00028_00000_00004.png
client_3,3439,41,41,6,5,36,36,2,Train/2/00002_00021_00019.png
client_3,25993,46,45,6,5,41,40,18,Train/18/00018_00014_00013.png
client_3,28711,68,65,6,6,61,59,25,Train/25/00025_00008_00001.png
client_3,24306,31,30,6,5,26,25,16,Train/16/00016_00009_00006.png
client_3,37632,37,37,5,5,32,32,38,Train/38/00038_00054_00013.png
client_3,13889,111,107,9,10,102,98,9,Train/9/00009_00010_00029.png
client_3,24503,42,43,5,6,37,38,17,Train/17/00017_00001_00023.png
client_3,26114,58,56,5,5,53,51,18,Train/18/00018_00018_00014.png
client_3,32754,55,54,6,5,50,49,31,Train/31/00031_00022_00024.png
client_3,17980,50,48,5,5,45,43,11,Train/11/00011_00031_00010.png
client_3,9232,45,40,6,6,40,34,5,Train/5/00005_00026_00022.png
client_3,38916,30,32,5,6,25,26,41,Train/41/00041_00006_00007.png
client_3,28266,58,56,5,6,53,51,24,Train/24/00024_00002_00006.png
client_3,30481,30,26,5,5,24,20,26,Train/26/00026_00017_00001.png
client_3,18343,42,41,6,6,37,36,11,Train/11/00011_00043_00013.png
client_3,28754,38,37,5,6,33,32,25,Train/25/00025_00009_00014.png
client_3,21711,72,62,7,5,66,57,13,Train/13/00013_00041_00021.png
client_3,2223,52,59,5,6,47,54,1,Train/1/00001_00055_00003.png
client_3,15099,36,34,6,6,30,28,10,Train/10/00010_00002_00009.png
client_3,22531,32,33,5,6,27,28,13,Train/13/00013_00069_00001.png
client_3,8209,41,41,5,5,36,36,4,Train/4/00004_00058_00019.png
client_3,17614,34,30,5,6,29,25,11,Train/11/00011_00019_00004.png
client_3,7350,30,31,5,6,25,26,4,Train/4/00004_00030_00000.png
client_3,26716,55,55,6,6,50,50,18,Train/18/00018_00038_00016.png
client_3,2859,28,28,5,5,22,22,2,Train/2/00002_00002_00009.png
client_3,10325,33,34,5,5,28,29,6,Train/6/00006_00001_00005.png
client_3,19524,72,72,7,7,66,66,12,Train/12/00012_00038_00024.png
client_3,7718,32,34,6,6,27,28,4,Train/4/00004_00042_00008.png
client_3,38893,33,36,5,6,28,31,41,Train/41/00041_00005_00014.png
client_3,38612,28,33,5,6,23,27,40,Train/40/00040_00008_00003.png
client_3,8644,31,31,5,5,25,25,5,Train/5/00005_00007_00004.png
client_3,15777,94,95,8,8,86,87,10,Train/10/00010_00024_00027.png
client_3,4129,50,49,6,5,45,44,2,Train/2/00002_00044_00019.png
client_3,19507,36,36,5,5,31,31,12,Train/12/00012_00038_00007.png
client_3,26522,48,48,6,6,43,43,18,Train/18/00018_00032_00002.png
client_3,2784,72,75,7,7,66,69,1,Train/1/00001_00073_00024.png
client_3,21044,62,55,5,5,57,49,13,Train/13/00013_00019_00014.png
client_3,31303,45,47,5,5,40,42,28,Train/28/00028_00016_00013.png
client_3,29422,61,59,5,6,56,54,25,Train/25/00025_00031_00022.png
client_3,20776,57,53,6,6,52,47,13,Train/13/00013_00010_00016.png
client_3,30947,49,46,5,6,43,40,28,Train/28/00028_00004_00017.png
client_3,450,27,28,5,6,22,23,0,Train/0/00000_00003_00000.png
client_3,28423,52,49,5,6,47,44,24,Train/24/00024_00007_00013.png
client_3,20593,40,37,6,6,35,32,13,Train/13/00013_00004_00013.png
client_3,35220,33,35,6,5,27,29,35,Train/35/00035_00034_00001.png
client_3,6332,29,30,6,6,24,25,3,Train/3/00003_00043_00002.png
client_3,20065,69,70,7,6,62,63,12,Train/12/00012_00056_00025.png
client_3,17150,72,62,7,5,66,57,11,Train/11/00011_00003_00020.png
client_3,25560,26,26,6,6,21,21,18,Train/18/00018_00000_00000.png
client_3,16582,65,68,6,7,60,62,10,Train/10/00010_00051_00022.png
client_3,11237,40,40,5,5,35,35,7,Train/7/00007_00017_00017.png
client_3,16445,29,30,5,6,23,24,10,Train/10/00010_00047_00005.png
client_3,12601,30,28,5,5,25,23,8,Train/8/00008_00015_00001.png
client_3,32149,63,57,6,5,58,52,31,Train/31/00031_00002_00019.png
client_3,27257,54,51,6,6,49,46,21,Train/21/00021_00009_00017.png
client_3,423,30,29,6,5,25,24,0,Train/0/00000_00002_00003.png
client_3,29786,99,89,9,8,91,82,25,Train/25/00025_00043_00026.png
client_3,8769,40,41,6,6,35,36,5,Train/5/00005_00011_00009.png
client_3,25719,92,82,8,7,84,75,18,Train/18/00018_00005_00009.png
client_3,3890,48,47,6,5,43,42,2,Train/2/00002_00036_00020.png
client_3,34333,36,38,6,6,31,32,35,Train/35/00035_00004_00014.png
client_3,7423,38,39,6,6,33,34,4,Train/4/00004_00032_00013.png
client_3,23882,28,28,5,5,22,22,15,Train/15/00015_00016_00002.png
client_3,35394,81,83,7,8,74,76,35,Train/35/00035_00039_00025.png
client_3,18982,51,51,6,5,46,46,12,Train/12/00012_00020_00022.png
client_3,31934,43,40,5,5,38,35,30,Train/30/00030_00010_00014.png
client_3,17576,91,81,8,7,83,74,11,Train/11/00011_00017_00026.png
client_3,22253,97,89,9,8,89,82,13,Train/13/00013_00059_00023.png
client_3,28693,76,71,6,6,69,65,25,Train/25/00025_00007_00013.png
client_3,31677,52,45,5,6,47,40,30,Train/30/00030_00001_00027.png
client_3,22729,76,80,6,8,69,73,14,Train/14/00014_00003_00019.png
client_3,25611,72,63,6,5,66,58,18,Train/18/00018_00001_00021.png
client_3,6369,31,32,5,5,26,27,3,Train/3/00003_00044_00009.png
client_3,29259,41,39,5,5,36,34,25,Train/25/00025_00026_00009.png
client_3,12433,37,37,5,5,32,32,8,Train/8/00008_00009_00013.png
client_3,33566,50,64,6,6,44,58,33,Train/33/00033_00015_00026.png
client_3,15872,30,30,6,6,25,25,10,Train/10/00010_00028_00002.png
client_3,20681,44,41,6,6,39,36,13,Train/13/00013_00007_00011.png
client_3,997,33,32,6,5,28,27,1,Train/1/00001_00014_00007.png
client_3,28974,63,63,5,6,57,57,25,Train/25/00025_00016_00024.png
client_3,28866,31,32,5,6,25,26,25,Train/25/00025_00013_00006.png
client_3,7565,32,33,5,6,27,28,4,Train/4/00004_00037_00005.png
client_3,22074,105,94,10,9,96,86,13,Train/13/00013_00053_00024.png
client_3,18662,36,31,6,5,31,26,12,Train/12/00012_00010_00002.png
client_3,25680,60,54,5,5,55,49,18,Train/18/00018_00004_00000.png
client_3,29441,31,31,5,5,26,25,25,Train/25/00025_00032_00011.png
client_3,3355,64,63,5,5,58,58,2,Train/2/00002_00018_00025.png
client_3,616,44,45,5,6,38,39,1,Train/1/00001_00001_00016.png
client_3,35076,42,41,5,6,36,36,35,Train/35/00035_00029_00007.png
client_3,13838,37,37,6,5,31,31,9,Train/9/00009_00009_00008.png
client_3,26019,45,45,5,5,40,40,18,Train/18/00018_00015_00009.png
client_3,20183,65,65,6,6,60,60,12,Train/12/00012_00060_00023.png
client_3,16410,26,27,6,6,21,21,10,Train/10/00010_00046_00000.png
client_3,9723,30,31,5,6,25,26,5,Train/5/00005_00043_00003.png
client_3,9057,47,42,6,5,42,37,5,Train/5/00005_00020_00027.png
client_3,8396,52,50,6,6,47,45,4,Train/4/00004_00064_00026.png
client_3,37573,64,89,6,8,59,82,38,Train/38/00038_00052_00014.png
client_3,33304,47,46,6,5,41,40,33,Train/33/00033_00007_00004.png
client_3,25961,48,48,6,6,43,43,18,Train/18/00018_00013_00011.png
client_3,23339,99,100,9,8,91,92,14,Train/14/00014_00023_00029.png
client_3,34747,32,34,5,5,27,29,35,Train/35/00035_00018_00008.png
client_3,38321,38,37,6,6,33,32,39,Train/39/00039_00008_00012.png
client_3,9555,35,32,6,5,30,27,5,Train/5/00005_00037_00015.png
client_3,27624,51,49,6,6,45,44,22,Train/22/00022_00010_00024.png
client_3,23192,38,41,6,5,33,36,14,Train/14/00014_00019_00002.png
client_3,38688,54,56,5,5,49,51,40,Train/40/00040_00010_00019.png
client_3,31546,43,42,6,5,38,37,29,Train/29/00029_00006_00016.png
client_3,36374,32,30,6,5,27,25,38,Train/38/00038_00012_00015.png
client_3,31808,32,33,5,6,27,28,30,Train/30/00030_00006_00008.png
client_3,31748,49,44,5,5,44,39,30,Train/30/00030_00004_00008.png
client_3,21157,31,36,6,5,26,31,13,Train/13/00013_00023_00007.png
client_3,10520,35,37,6,6,30,31,6,Train/6/00006_00007_00020.png
client_3,13728,41,42,5,6,35,36,9,Train/9/00009_00005_00018.png
client_3,28425,53,50,5,6,48,45,24,Train/24/00024_00007_00015.png
client_3,27454,35,36,5,5,30,31,22,Train/22/00022_00005_00004.png
client_3,30670,46,47,6,6,41,41,27,Train/27/00027_00003_00010.png
client_3,10567,31,30,6,5,25,25,6,Train/6/00006_00009_00007.png
client_3,10666,33,35,5,5,28,30,6,Train/6/00006_00012_00016.png
client_3,27447,80,73,7,7,72,67,22,Train/22/00022_00004_00027.png
client_3,12296,57,56,5,5,52,51,8,Train/8/00008_00004_00026.png
client_3,37787,51,52,5,6,46,47,38,Train/38/00038_00059_00018.png
client_3,38755,82,80,8,7,75,73,41,Train/41/00041_00000_00026.png
client_3,36947,56,55,6,5,51,50,38,Train/38/00038_00031_00018.png
client_3,3777,62,58,5,6,57,53,2,Train/2/00002_00032_00027.png
client_3,37955,32,32,5,5,27,27,38,Train/38/00038_00065_00006.png
client_3,30979,60,62,6,6,55,56,28,Train/28/00028_00005_00019.png
client_3,20609,154,136,13,11,141,125,13,Train/13/00013_00004_00029.png
client_3,8610,30,31,5,5,25,26,5,Train/5/00005_00006_00000.png
client_3,3383,54,55,6,6,49,50,2,Train/2/00002_00019_00023.png
client_3,28480,53,51,6,5,48,46,25,Train/25/00025_00000_00010.png
client_3,18626,105,104,10,9,96,95,12,Train/12/00012_00008_00026.png
client_3,2472,35,36,6,6,30,31,1,Train/1/00001_00063_00012.png
client_3,15603,31,31,5,5,26,26,10,Train/10/00010_00019_00003.png
client_3,13128,40,41,5,5,34,35,8,Train/8/00008_00032_00018.png
client_3,14087,41,45,5,5,36,40,9,Train/9/00009_00017_00017.png
client_3,37402,48,47,5,6,42,42,38,Train/38/00038_00046_00023.png
client_3,33926,88,87,7,7,80,80,34,Train/34/00034_00004_00027.png
client_3,5707,31,33,5,6,26,28,3,Train/3/00003_00022_00007.png
client_3,27517,42,38,6,5,37,32,22,Train/22/00022_00007_00007.png
client_3,30837,53,49,6,6,47,44,28,Train/28/00028_00000_00027.png
client_3,13592,26,27,5,6,21,22,9,Train/9/00009_00001_00002.png
client_3,32220,30,30,5,6,25,25,31,Train/31/00031_00005_00000.png
client_3,25143,29,31,6,6,24,25,17,Train/17/00017_00023_00003.png
client_3,38902,47,48,5,6,41,43,41,Train/41/00041_00005_00023.png
client_3,12804,53,51,6,6,48,46,8,Train/8/00008_00021_00024.png
client_3,35938,64,69,6,7,59,63,37,Train/37/00037_00004_00029.png
client_3,12377,43,43,6,6,38,38,8,Train/8/00008_00007_00017.png
client_3,6052,48,45,6,6,43,40,3,Train/3/00003_00033_00022.png
client_3,26561,58,54,5,5,53,49,18,Train/18/00018_00033_00011.png
client_3,21418,57,52,5,6,52,47,13,Train/13/00013_00031_00028.png
client_3,5744,39,40,6,6,34,35,3,Train/3/00003_00023_00014.png
client_3,23035,121,122,11,11,111,112,14,Train/14/00014_00013_00025.png
client_3,19026,37,36,6,6,32,31,12,Train/12/00012_00022_00006.png
client_3,9370,30,32,5,6,25,27,5,Train/5/00005_00031_00010.png
client_3,36583,37,37,6,6,32,32,38,Train/38/00038_00019_00014.png
client_3,32807,41,39,5,5,36,34,31,Train/31/00031_00024_00017.png
client_3,1954,43,43,6,6,38,38,1,Train/1/00001_00046_00004.png
client_3,14573,61,57,6,6,55,52,9,Train/9/00009_00033_00023.png
client_3,24226,98,98,8,8,90,90,16,Train/16/00016_00006_00016.png
client_3,8588,30,30,5,5,25,25,5,Train/5/00005_00005_00008.png
client_3,35801,41,40,6,5,36,35,37,Train/37/00037_00000_00012.png
client_3,33284,42,43,6,6,37,38,33,Train/33/00033_00006_00014.png
client_3,12153,37,37,5,5,32,32,8,Train/8/00008_00000_00003.png
client_3,23900,42,44,5,6,37,38,15,Train/15/00015_00016_00020.png
client_3,30155,34,32,5,6,29,27,26,Train/26/00026_00006_00005.png
client_3,2063,61,62,5,6,56,57,1,Train/1/00001_00049_00023.png
client_3,25698,117,101,11,9,107,93,18,Train/18/00018_00004_00018.png
client_3,5225,46,48,5,5,41,43,3,Train/3/00003_00006_00005.png
client_3,22163,63,58,6,5,58,52,13,Train/13/00013_00056_00023.png
client_3,21475,105,96,9,9,96,87,13,Train/13/00013_00033_00025.png
client_3,15267,97,98,8,9,89,90,10,Train/10/00010_00007_00027.png
client_3,28978,85,86,8,8,77,78,25,Train/25/00025_00016_00028.png
client_3,14252,31,33,6,6,26,28,9,Train/9/00009_00023_00002.png
client_3,9670,34,35,6,6,28,29,5,Train/5/00005_00041_00010.png
client_3,26863,42,41,5,5,36,35,19,Train/19/00019_00003_00013.png
client_3,14027,43,43,5,5,38,38,9,Train/9/00009_00015_00017.png
client_3,13590,26,27,5,6,20,21,9,Train/9/00009_00001_00000.png
client_3,23043,41,52,6,6,36,46,14,Train/14/00014_00014_00003.png
client_3,23235,63,70,5,7,58,64,14,Train/14/00014_00020_00015.png
client_3,33152,42,40,5,5,37,35,33,Train/33/00033_00002_00002.png
client_3,19904,39,40,5,5,34,34,12,Train/12/00012_00051_00014.png
client_3,30300,39,37,5,5,34,32,26,Train/26/00026_00011_00000.png
client_3,37155,40,40,6,6,35,35,38,Train/38/00038_00038_00016.png
client_3,18783,34,36,5,6,29,31,12,Train/12/00012_00014_00003.png
client_3,33258,70,70,6,7,64,64,33,Train/33/00033_00005_00018.png
client_3,5169,36,36,5,5,30,30,3,Train/3/00003_00004_00009.png
client_3,25199,120,127,11,11,109,116,17,Train/17/00017_00024_00029.png
client_3,27436,41,39,6,5,36,33,22,Train/22/00022_00004_00016.png
client_3,12764,52,51,6,5,47,46,8,Train/8/00008_00020_00014.png
client_3,36444,57,59,6,5,52,54,38,Train/38/00038_00014_00025.png
client_3,36587,39,39,6,6,34,34,38,Train/38/00038_00019_00018.png
client_3,27963,40,40,6,6,35,35,23,Train/23/00023_00009_00003.png
client_3,37332,48,47,6,6,43,42,38,Train/38/00038_00044_00013.png
client_3,34337,41,43,5,5,36,37,35,Train/35/00035_00004_00018.png
client_3,1549,54,56,5,5,49,50,1,Train/1/00001_00032_00019.png
client_3,26036,100,101,8,9,92,93,18,Train/18/00018_00015_00026.png
client_3,10320,30,31,6,6,25,26,6,Train/6/00006_00001_00000.png
client_3,23221,40,44,5,6,34,39,14,Train/14/00014_00020_00001.png
client_3,31579,59,57,6,6,53,52,29,Train/29/00029_00007_00019.png
client_3,21943,43,38,6,6,38,33,13,Train/13/00013_00049_00013.png
client_3,9496,44,43,5,5,39,38,5,Train/5/00005_00035_00016.png
client_3,3920,45,45,5,5,40,40,2,Train/2/00002_00037_00020.png
client_3,30608,43,41,6,6,38,35,27,Train/27/00027_00001_00008.png
client_3,10113,28,30,5,5,23,25,5,Train/5/00005_00056_00003.png
client_3,36278,38,36,5,6,33,31,38,Train/38/00038_00009_00009.png
client_3,10374,62,71,5,7,57,65,6,Train/6/00006_00002_00024.png
client_3,25551,27,36,5,5,22,31,17,Train/17/00017_00036_00021.png
client_3,2169,60,61,6,5,55,56,1,Train/1/00001_00053_00009.png
client_3,7272,36,36,5,5,31,31,4,Train/4/00004_00027_00012.png
client_3,39060,26,27,5,6,21,22,42,Train/42/00042_00003_00001.png
client_3,25714,82,75,7,6,75,69,18,Train/18/00018_00005_00004.png
client_3,37537,37,38,5,6,32,33,38,Train/38/00038_00051_00008.png
client_3,6615,62,61,6,6,57,56,4,Train/4/00004_00005_00015.png
client_3,20167,45,45,6,6,40,40,12,Train/12/00012_00060_00007.png
client_3,7627,34,33,6,5,29,28,4,Train/4/00004_00039_00007.png
client_3,33568,54,75,5,7,48,68,33,Train/33/00033_00015_00028.png
client_3,17161,34,34,5,5,29,29,11,Train/11/00011_00004_00001.png
client_3,31081,37,35,5,6,32,30,28,Train/28/00028_00009_00001.png
client_3,26783,119,104,10,9,109,95,19,Train/19/00019_00000_00023.png
client_3,22380,26,27,5,6,21,22,13,Train/13/00013_00064_00000.png
client_3,21647,48,40,6,5,43,35,13,Train/13/00013_00039_00017.png
client_3,16388,40,40,6,5,35,35,10,Train/10/00010_00045_00008.png
client_3,11150,62,62,6,6,57,57,7,Train/7/00007_00014_00020.png
client_3,35657,43,43,6,6,38,38,36,Train/36/00036_00008_00018.png
client_3,11046,38,37,6,5,33,32,7,Train/7/00007_00011_00006.png
client_3,23764,38,42,6,5,33,37,15,Train/15/00015_00012_00004.png
client_3,22573,97,88,9,8,89,81,13,Train/13/00013_00070_00013.png
client_3,9556,36,33,5,5,30,28,5,Train/5/00005_00037_00016.png
client_3,29758,122,111,10,9,112,102,25,Train/25/00025_00042_00028.png
client_3,28737,199,181,17,15,182,166,25,Train/25/00025_00008_00027.png
client_3,30729,34,33,6,6,29,27,27,Train/27/00027_00005_00009.png
client_3,16328,31,30,6,6,26,25,10,Train/10/00010_00043_00008.png
client_3,7279,41,42,5,6,36,37,4,Train/4/00004_00027_00019.png
client_3,35577,76,73,7,6,70,67,36,Train/36/00036_00005_00028.png
client_3,1843,46,46,6,5,41,41,1,Train/1/00001_00042_00013.png
client_3,9953,49,50,5,6,44,45,5,Train/5/00005_00050_00023.png
client_3,4750,53,54,6,6,48,49,2,Train/2/00002_00065_00010.png
client_3,14512,39,38,6,5,33,33,9,Train/9/00009_00031_00022.png
client_3,24218,82,81,8,7,75,74,16,Train/16/00016_00006_00008.png
client_3,2609,97,99,8,9,88,91,1,Train/1/00001_00067_00029.png
client_3,27201,69,61,7,6,63,56,21,Train/21/00021_00007_00021.png
client_3,2284,31,32,6,6,26,26,1,Train/1/00001_00057_00004.png
client_3,34096,39,46,5,6,34,41,34,Train/34/00034_00010_00017.png
client_3,34067,45,47,5,6,40,42,34,Train/34/00034_00009_00018.png
client_3,14901,52,52,5,6,47,46,9,Train/9/00009_00044_00021.png
client_3,27623,49,47,6,5,44,42,22,Train/22/00022_00010_00023.png
client_3,22666,60,59,6,6,54,54,14,Train/14/00014_00001_00016.png
client_3,24977,48,49,5,6,43,44,17,Train/17/00017_00017_00017.png
client_3,14086,38,43,5,5,33,38,9,Train/9/00009_00017_00016.png
client_3,27731,86,82,7,8,78,74,23,Train/23/00023_00001_00011.png
client_3,12576,36,36,6,5,31,31,8,Train/8/00008_00014_00006.png
client_3,36994,27,33,6,6,22,28,38,Train/38/00038_00033_00005.png
client_3,22377,86,79,7,7,79,72,13,Train/13/00013_00063_00027.png
client_3,30257,45,43,5,6,39,37,26,Train/26/00026_00009_00017.png
client_3,30576,53,50,6,5,48,44,27,Train/27/00027_00000_00006.png
client_3,21814,76,76,7,7,70,70,13,Train/13/00013_00045_00004.png
client_3,13287,51,50,6,5,46,45,8,Train/8/00008_00037_00027.png
client_3,15375,45,44,6,5,40,39,10,Train/10/00010_00011_00015.png
client_3,10764,41,40,5,5,35,34,7,Train/7/00007_00001_00024.png
client_3,26434,35,34,6,6,30,29,18,Train/18/00018_00029_00004.png
client_3,20674,40,38,6,6,35,33,13,Train/13/00013_00007_00004.png
client_3,36130,35,36,6,5,29,31,38,Train/38/00038_00004_00011.png
client_3,22388,30,30,5,5,25,25,13,Train/13/00013_00064_00008.png
client_3,14288,34,37,6,6,28,31,9,Train/9/00009_00024_00008.png
client_3,25753,54,49,5,6,49,44,18,Train/18/00018_00006_00013.png
client_3,10672,41,42,6,5,36,37,6,Train/6/00006_00012_00022.png
client_3,16096,42,40,5,6,37,35,10,Train/10/00010_00035_00016.png
client_3,34621,32,31,6,5,27,26,35,Train/35/00035_00014_00002.png
client_3,30951,55,50,6,5,50,45,28,Train/28/00028_00004_00021.png
client_3,17346,54,50,5,5,49,45,11,Train/11/00011_00010_00006.png
client_3,29890,71,63,6,5,65,58,25,Train/25/00025_00047_00010.png
client_3,4505,29,29,6,5,23,23,2,Train/2/00002_00057_00005.png
client_3,22719,52,51,6,5,47,46,14,Train/14/00014_00003_00009.png
client_3,9756,36,38,6,5,31,33,5,Train/5/00005_00044_00006.png
client_3,686,98,98,9,9,89,90,1,Train/1/00001_00003_00026.png
client_3,4410,27,26,6,6,22,21,2,Train/2/00002_00054_00000.png
client_3,2309,71,72,7,7,64,65,1,Train/1/00001_00057_00029.png
client_3,21848,38,43,6,5,33,38,13,Train/13/00013_00046_00008.png
client_3,13338,46,48,5,5,41,43,8,Train/8/00008_00039_00018.png
client_3,32897,37,35,6,5,32,30,32,Train/32/00032_00001_00017.png
client_3,22173,76,68,7,7,70,62,13,Train/13/00013_00057_00003.png
client_3,4297,29,29,6,6,24,24,2,Train/2/00002_00050_00007.png
client_3,24078,63,69,6,6,58,63,16,Train/16/00016_00001_00018.png
client_3,33969,28,33,5,6,23,28,34,Train/34/00034_00006_00010.png
client_3,24994,33,35,6,6,28,30,17,Train/17/00017_00018_00004.png
client_3,33531,43,45,6,6,37,39,33,Train/33/00033_00014_00021.png
client_3,34051,32,31,6,5,27,26,34,Train/34/00034_00009_00002.png
client_3,2756,91,91,8,8,83,83,1,Train/1/00001_00072_00026.png
client_3,15351,45,46,5,6,40,41,10,Train/10/00010_00010_00021.png
client_3,21165,38,49,5,5,33,44,13,Train/13/00013_00023_00015.png
client_3,22598,40,38,6,6,34,33,13,Train/13/00013_00071_00008.png
client_3,8590,33,33,6,6,27,28,5,Train/5/00005_00005_00010.png
client_3,19413,35,37,5,6,30,32,12,Train/12/00012_00035_00003.png
client_3,14017,43,43,5,5,38,38,9,Train/9/00009_00015_00007.png
client_3,14215,68,71,6,7,62,65,9,Train/9/00009_00021_00025.png
client_3,31374,56,106,5,10,51,97,29,Train/29/00029_00000_00024.png
client_3,23901,45,45,5,5,40,40,15,Train/15/00015_00016_00021.png
client_3,24655,57,62,5,5,52,56,17,Train/17/00017_00006_00025.png
client_3,143,42,42,5,5,37,37,20,Train/20/00020_00004_00023.png
client_3,23428,61,63,6,6,55,57,15,Train/15/00015_00000_00028.png
client_3,5918,30,29,5,5,25,24,3,Train/3/00003_00029_00008.png
client_3,18913,42,43,5,6,37,38,12,Train/12/00012_00018_00013.png
client_3,13686,28,28,5,5,23,23,9,Train/9/00009_00004_00006.png
client_3,28876,43,40,6,6,37,35,25,Train/25/00025_00013_00016.png
client_3,11191,32,32,6,6,27,27,7,Train/7/00007_00016_00001.png
client_3,33389,106,107,10,9,98,98,33,Train/33/00033_00009_00029.png
client_3,12703,41,39,6,6,36,34,8,Train/8/00008_00018_00013.png
client_3,34506,45,45,5,5,39,40,35,Train/35/00035_00010_00007.png
client_3,26729,124,113,11,10,114,104,18,Train/18/00018_00038_00029.png
client_3,15583,40,41,5,6,35,36,10,Train/10/00010_00018_00013.png
client_3,11941,29,28,6,5,24,23,7,Train/7/00007_00041_00001.png
client_3,3624,51,51,6,6,46,46,2,Train/2/00002_00027_00024.png
client_3,39200,44,46,5,5,39,41,42,Train/42/00042_00007_00021.png
client_3,5926,37,36,5,5,32,31,3,Train/3/00003_00029_00016.png
client_3,236,74,71,7,7,68,65,20,Train/20/00020_00007_00026.png
client_3,35142,33,34,5,6,27,29,35,Train/35/00035_00031_00013.png
client_3,7046,97,96,9,8,89,88,4,Train/4/00004_00019_00026.png
client_3,9521,35,34,6,6,29,29,5,Train/5/00005_00036_00011.png
client_3,29778,57,54,5,6,52,49,25,Train/25/00025_00043_00018.png
client_3,33480,38,39,5,6,33,34,33,Train/33/00033_00013_00000.png
client_3,14805,35,37,5,6,30,32,9,Train/9/00009_00041_00015.png
client_3,28505,74,69,6,6,68,63,25,Train/25/00025_00001_00005.png
client_3,33300,41,41,6,5,36,36,33,Train/33/00033_00007_00000.png
client_3,37408,72,71,7,7,66,64,38,Train/38/00038_00046_00029.png
client_3,16555,52,52,5,6,47,47,10,Train/10/00010_00050_00025.png
client_3,1868,46,47,5,6,41,42,1,Train/1/00001_00043_00008.png
client_3,14987,41,42,6,5,36,37,9,Train/9/00009_00047_00017.png
client_3,5992,49,52,5,5,44,47,3,Train/3/00003_00031_00022.png
client_3,21968,30,30,6,5,25,25,13,Train/13/00013_00050_00008.png
client_3,18468,50,50,6,6,45,45,12,Train/12/00012_00003_00018.png
client_3,30411,105,95,10,9,95,87,26,Train/26/00026_00014_00021.png
client_3,22895,31,32,5,5,25,27,14,Train/14/00014_00009_00005.png
client_3,8013,26,27,5,5,21,22,4,Train/4/00004_00052_00003.png
client_3,17828,55,51,6,5,50,46,11,Train/11/00011_00026_00008.png
client_3,30920,60,55,5,5,55,50,28,Train/28/00028_00003_00020.png
client_3,28155,58,54,5,6,53,49,23,Train/23/00023_00015_00015.png
client_3,15844,29,33,5,6,24,28,10,Train/10/00010_00027_00004.png
client_3,2767,49,50,6,6,44,45,1,Train/1/00001_00073_00007.png
client_3,19079,83,81,7,8,76,74,12,Train/12/00012_00023_00029.png
client_3,28972,55,54,5,5,50,49,25,Train/25/00025_00016_00022.png
client_3,11575,45,48,6,5,40,43,7,Train/7/00007_00028_00025.png
client_3,16697,41,42,5,6,36,37,10,Train/10/00010_00055_00017.png
client_3,6645,41,44,5,6,36,38,4,Train/4/00004_00006_00015.png
client_3,15779,129,132,11,11,118,121,10,Train/10/00010_00024_00029.png
client_3,20115,54,50,5,5,49,45,12,Train/12/00012_00058_00015.png
client_3,15684,75,75,7,7,69,69,10,Train/10/00010_00021_00024.png
client_3,8582,29,27,6,5,24,22,5,Train/5/00005_00005_00002.png
client_3,24556,34,36,5,5,29,31,17,Train/17/00017_00003_00016.png
client_3,22146,50,49,5,6,45,44,13,Train/13/00013_00056_00006.png
client_3,37014,65,72,6,6,60,66,38,Train/38/00038_00033_00025.png
client_3,4948,47,47,6,6,42,42,2,Train/2/00002_00071_00028.png
client_3,27515,39,36,5,6,34,31,22,Train/22/00022_00007_00005.png
client_3,32919,35,35,6,6,29,29,32,Train/32/00032_00002_00009.png
client_3,11883,30,30,6,6,25,25,7,Train/7/00007_00039_00003.png
client_3,8141,33,37,5,6,28,32,4,Train/4/00004_00056_00011.png
client_3,18654,65,64,6,6,60,59,12,Train/12/00012_00009_00024.png
client_3,22851,88,85,8,8,81,78,14,Train/14/00014_00007_00021.png
client_3,31304,47,49,5,6,42,44,28,Train/28/00028_00016_00014.png
client_3,14152,45,44,6,5,40,39,9,Train/9/00009_00019_00022.png
client_3,32819,81,73,8,6,74,67,31,Train/31/00031_00024_00029.png
client_3,22034,43,39,5,5,37,33,13,Train/13/00013_00052_00014.png
client_3,14309,92,104,8,10,84,95,9,Train/9/00009_00024_00029.png
client_3,8436,32,33,5,5,27,28,5,Train/5/00005_00000_00006.png
client_3,37233,28,30,6,5,23,25,38,Train/38/00038_00041_00004.png
client_3,34178,41,40,6,5,36,35,34,Train/34/00034_00013_00009.png
client_3,27653,61,59,6,6,56,54,22,Train/22/00022_00011_00023.png
client_3,7720,34,34,6,6,29,29,4,Train/4/00004_00042_00010.png
client_3,26693,60,61,5,6,55,56,18,Train/18/00018_00037_00023.png
client_3,987,81,82,8,7,74,75,1,Train/1/00001_00013_00027.png
client_3,34579,46,48,5,6,41,42,35,Train/35/00035_00012_00020.png
client_3,33354,81,81,8,7,73,73,33,Train/33/00033_00008_00024.png
client_3,21602,39,36,6,6,34,31,13,Train/13/00013_00038_00002.png
client_3,25759,67,62,6,6,61,57,18,Train/18/00018_00006_00019.png
client_3,28453,45,48,5,5,40,43,24,Train/24/00024_00008_00013.png
client_3,25183,36,39,5,5,31,33,17,Train/17/00017_00024_00013.png
client_3,14855,31,29,6,5,26,24,9,Train/9/00009_00043_00005.png
client_3,15876,34,34,6,6,29,29,10,Train/10/00010_00028_00006.png
client_3,5698,96,97,8,9,88,89,3,Train/3/00003_00021_00028.png
client_3,25081,29,28,5,5,24,23,17,Train/17/00017_00021_00001.png
client_3,7752,36,37,5,6,31,32,4,Train/4/00004_00043_00012.png
client_3,32671,30,31,5,6,25,26,31,Train/31/00031_00020_00001.png
client_3,23535,40,40,6,6,35,35,15,Train/15/00015_00004_00015.png
client_3,6244,31,33,5,6,26,28,3,Train/3/00003_00040_00004.png
client_3,57,63,54,6,5,58,48,20,Train/20/00020_00001_00027.png
client_3,10464,47,49,6,6,41,44,6,Train/6/00006_00005_00024.png
client_3,33014,31,33,5,5,26,28,32,Train/32/00032_00005_00014.png
client_3,35333,61,65,6,6,55,59,35,Train/35/00035_00037_00024.png
client_3,7415,31,32,5,5,26,27,4,Train/4/00004_00032_00005.png
client_3,783,53,53,5,5,48,47,1,Train/1/00001_00007_00003.png
client_3,23148,48,47,6,5,42,41,14,Train/14/00014_00017_00018.png
client_3,14648,39,39,5,5,33,33,9,Train/9/00009_00036_00008.png
client_3,25531,26,31,5,5,21,26,17,Train/17/00017_00036_00001.png
client_3,2041,33,32,6,5,28,27,1,Train/1/00001_00049_00001.png
client_3,12670,36,35,6,6,31,30,8,Train/8/00008_00017_00010.png
client_3,32855,28,29,5,6,23,24,32,Train/32/00032_00000_00005.png
client_3,6060,28,28,5,5,23,23,3,Train/3/00003_00034_00000.png
client_3,920,50,48,5,5,45,43,1,Train/1/00001_00011_00020.png
client_3,561,68,73,6,7,62,66,0,Train/0/00000_00006_00021.png
client_3,22879,50,60,5,5,45,55,14,Train/14/00014_00008_00019.png
client_3,35697,77,81,7,7,70,74,36,Train/36/00036_00009_00028.png
client_3,37760,55,56,5,6,50,51,38,Train/38/00038_00058_00021.png
client_3,36982,62,63,6,6,57,58,38,Train/38/00038_00032_00023.png
client_3,520,34,33,5,5,29,28,0,Train/0/00000_00005_00010.png
client_3,15574,35,35,6,6,30,30,10,Train/10/00010_00018_00004.png
client_3,16036,35,36,5,6,30,30,10,Train/10/00010_00033_00016.png
client_3,24531,33,46,5,5,28,41,17,Train/17/00017_00002_00021.png
client_3,26600,54,50,5,5,49,45,18,Train/18/00018_00034_00020.png
client_3,30004,42,39,6,5,37,34,26,Train/26/00026_00001_00004.png
client_3,19972,73,59,7,6,67,54,12,Train/12/00012_00053_00022.png
client_3,27466,42,43,6,6,37,38,22,Train/22/00022_00005_00016.png
client_3,22596,39,37,6,6,33,32,13,Train/13/00013_00071_00006.png
client_3,26427,84,95,8,8,77,87,18,Train/18/00018_00028_00027.png
client_3,38546,117,108,11,9,107,99,40,Train/40/00040_00005_00027.png
client_3,8188,101,100,9,8,93,92,4,Train/4/00004_00057_00028.png
client_3,29039,130,117,12,11,119,107,25,Train/25/00025_00018_00029.png
client_3,1049,144,144,12,12,131,131,1,Train/1/00001_00015_00029.png
client_3,29155,124,116,11,11,114,106,25,Train/25/00025_00022_00025.png
client_3,15332,33,33,6,6,28,28,10,Train/10/00010_00010_00002.png
client_3,22963,49,49,5,5,44,44,14,Train/14/00014_00011_00013.png
client_3,19734,72,72,7,6,66,66,12,Train/12/00012_00045_00024.png
client_3,33728,38,41,6,5,33,35,33,Train/33/00033_00021_00009.png
client_3,35769,56,57,5,6,51,52,36,Train/36/00036_00012_00010.png
client_3,18868,59,59,5,5,54,54,12,Train/12/00012_00016_00028.png
client_3,6621,83,84,7,8,75,76,4,Train/4/00004_00005_00021.png
client_3,26824,46,43,6,6,41,37,19,Train/19/00019_00002_00004.png
client_3,19536,41,40,6,5,36,35,12,Train/12/00012_00039_00006.png
client_3,29856,44,43,5,6,39,38,25,Train/25/00025_00046_00006.png
client_3,29173,56,56,6,6,51,51,25,Train/25/00025_00023_00013.png
client_3,30604,38,38,5,6,33,33,27,Train/27/00027_00001_00004.png
client_3,12725,35,36,5,6,30,31,8,Train/8/00008_00019_00005.png
client_3,22790,63,62,6,5,58,57,14,Train/14/00014_00005_00020.png
client_3,13103,57,60,5,5,52,55,8,Train/8/00008_00031_00023.png
client_3,25839,35,33,5,6,29,27,18,Train/18/00018_00009_00009.png
client_3,29776,51,50,5,6,46,45,25,Train/25/00025_00043_00016.png
client_3,4529,112,118,10,10,103,107,2,Train/2/00002_00057_00029.png
client_3,13484,37,39,5,5,32,34,8,Train/8/00008_00044_00014.png
client_3,15680,56,56,5,5,51,51,10,Train/10/00010_00021_00020.png
client_3,38531,68,69,6,7,62,63,40,Train/40/00040_00005_00012.png
client_3,795,69,67,6,6,63,61,1,Train/1/00001_00007_00015.png
client_3,27107,42,38,6,5,37,33,21,Train/21/00021_00004_00017.png
client_3,6796,38,40,5,6,33,35,4,Train/4/00004_00011_00016.png
client_3,18709,63,69,6,7,57,62,12,Train/12/00012_00011_00019.png
client_3,19499,152,153,13,13,139,140,12,Train/12/00012_00037_00029.png
client_3,22847,64,62,6,5,59,57,14,Train/14/00014_00007_00017.png
client_3,13577,46,45,5,5,41,40,9,Train/9/00009_00000_00017.png
client_3,5901,40,44,5,6,35,39,3,Train/3/00003_00028_00021.png
client_3,29217,129,116,12,10,118,106,25,Train/25/00025_00024_00027.png
client_3,36961,32,31,6,5,27,26,38,Train/38/00038_00032_00002.png
client_3,13277,39,40,5,6,34,35,8,Train/8/00008_00037_00017.png
client_3,32726,74,74,6,6,68,68,31,Train/31/00031_00021_00026.png
client_3,15130,35,35,6,5,30,30,10,Train/10/00010_00003_00010.png
client_3,27512,38,34,6,6,33,29,22,Train/22/00022_00007_00002.png
client_3,33569,57,79,6,7,52,72,33,Train/33/00033_00015_00029.png
client_3,22795,73,73,7,7,67,67,14,Train/14/00014_00005_00025.png
client_3,12535,69,68,7,6,63,62,8,Train/8/00008_00012_00025.png
client_3,23827,32,36,6,5,26,31,15,Train/15/00015_00014_00007.png
client_3,32279,76,73,7,7,70,67,31,Train/31/00031_00006_00029.png
client_3,20713,49,59,5,6,43,54,13,Train/13/00013_00008_00013.png
client_3,15849,33,34,6,5,28,29,10,Train/10/00010_00027_00009.png
client_3,444,69,70,7,6,63,64,0,Train/0/00000_00002_00024.png
client_3,1801,42,43,5,6,37,38,1,Train/1/00001_00041_00001.png
client_3,18776,60,60,5,5,55,55,12,Train/12/00012_00013_00026.png
client_3,30977,56,58,6,6,51,53,28,Train/28/00028_00005_00017.png
client_3,31887,83,75,7,7,76,69,30,Train/30/00030_00008_00027.png
client_3,35751,56,57,5,6,51,52,36,Train/36/00036_00011_00022.png
client_3,4252,38,37,5,5,33,31,2,Train/2/00002_00048_00022.png
client_3,33205,71,76,6,6,65,70,33,Train/33/00033_00003_00025.png
client_3,5217,55,55,6,6,50,49,3,Train/3/00003_00005_00027.png
client_3,21305,47,46,5,6,42,41,13,Train/13/00013_00028_00005.png
client_3,27597,111,97,9,9,102,89,22,Train/22/00022_00009_00027.png
client_3,28174,41,40,5,5,36,35,23,Train/23/00023_00016_00004.png
client_3,14050,47,47,5,6,41,41,9,Train/9/00009_00016_00010.png
client_3,26911,31,31,5,6,26,26,19,Train/19/00019_00005_00001.png
client_3,25373,57,61,5,6,51,56,17,Train/17/00017_00030_00023.png
client_3,4256,45,42,6,5,40,37,2,Train/2/00002_00048_00026.png
client_3,36147,69,72,7,6,63,66,38,Train/38/00038_00004_00028.png
client_3,10491,51,52,6,5,46,46,6,Train/6/00006_00006_00021.png
client_3,4357,58,57,6,5,53,52,2,Train/2/00002_00052_00007.png
client_3,29610,32,28,6,6,27,23,25,Train/25/00025_00038_00000.png
client_3,6541,28,28,5,5,23,23,4,Train/4/00004_00003_00001.png
client_3,33371,82,83,8,7,75,76,33,Train/33/00033_00009_00011.png
client_3,39187,30,32,5,6,25,27,42,Train/42/00042_00007_00008.png
client_3,30776,62,60,6,6,57,55,27,Train/27/00027_00006_00026.png
client_3,38116,39,40,6,6,34,35,39,Train/39/00039_00001_00017.png
client_3,3478,96,97,8,8,88,89,2,Train/2/00002_00022_00028.png
client_3,16493,48,49,5,6,43,44,10,Train/10/00010_00048_00023.png
client_3,2028,47,48,5,6,42,43,1,Train/1/00001_00048_00018.png
client_3,7856,82,82,8,8,75,75,4,Train/4/00004_00046_00026.png
client_3,20568,81,73,8,6,74,66,13,Train/13/00013_00003_00018.png
client_3,19690,38,38,5,5,33,33,12,Train/12/00012_00044_00010.png
client_3,31296,39,41,5,6,34,36,28,Train/28/00028_00016_00006.png
client_3,32672,32,31,6,5,27,26,31,Train/31/00031_00020_00002.png
client_3,24589,28,28,6,6,23,23,17,Train/17/00017_00004_00019.png
client_3,30790,40,36,6,5,35,31,27,Train/27/00027_00007_00010.png
client_3,1370,83,82,8,7,76,75,1,Train/1/00001_00026_00020.png
client_3,12184,28,30,5,6,23,25,8,Train/8/00008_00001_00004.png
client_3,21742,62,54,5,6,57,49,13,Train/13/00013_00042_00022.png
client_3,22468,105,93,10,8,96,85,13,Train/13/00013_00066_00028.png
client_3,1910,51,52,5,6,46,47,1,Train/1/00001_00044_00020.png
client_3,11976,34,34,6,6,28,28,7,Train/7/00007_00042_00006.png
client_3,22683,34,34,6,5,29,29,14,Train/14/00014_00002_00003.png
client_3,19398,88,89,7,8,81,82,12,Train/12/00012_00034_00018.png
client_3,11246,54,56,6,6,49,51,7,Train/7/00007_00017_00026.png
client_3,23805,40,45,5,6,35,40,15,Train/15/00015_00013_00015.png
client_3,19134,71,71,7,6,65,65,12,Train/12/00012_00025_00024.png
client_3,27819,35,33,6,6,30,28,23,Train/23/00023_00004_00009.png
client_3,14873,56,55,5,6,51,49,9,Train/9/00009_00043_00023.png
client_3,31901,54,50,5,6,49,45,30,Train/30/00030_00009_00011.png
client_3,32938,79,74,7,7,72,68,32,Train/32/00032_00002_00028.png
client_3,25434,36,41,5,5,31,36,17,Train/17/00017_00032_00024.png
client_3,14655,50,49,6,6,45,44,9,Train/9/00009_00036_00015.png
client_3,24397,30,31,6,6,25,26,16,Train/16/00016_00012_00007.png
client_3,6475,80,72,8,6,73,66,4,Train/4/00004_00000_00025.png
client_3,7311,46,46,6,6,41,41,4,Train/4/00004_00028_00021.png
client_3,3563,53,52,6,5,48,47,2,Train/2/00002_00025_00023.png
client_3,37915,73,70,6,6,67,64,38,Train/38/00038_00063_00026.png
client_3,14649,40,40,5,5,35,35,9,Train/9/00009_00036_00009.png
client_3,28257,74,73,7,7,68,67,24,Train/24/00024_00001_00027.png
client_3,35931,47,47,6,6,41,42,37,Train/37/00037_00004_00022.png
client_3,4499,88,94,8,9,81,86,2,Train/2/00002_00056_00029.png
client_3,29180,75,74,7,6,69,68,25,Train/25/00025_00023_00020.png
client_3,38445,47,48,5,6,42,43,40,Train/40/00040_00002_00016.png
client_3,23691,59,59,5,5,54,54,15,Train/15/00015_00009_00021.png
client_3,20688,52,48,5,5,47,42,13,Train/13/00013_00007_00018.png
client_3,7060,30,31,5,5,25,25,4,Train/4/00004_00020_00010.png
client_3,14963,85,84,8,8,78,77,9,Train/9/00009_00046_00023.png
client_3,31166,55,53,5,6,50,48,28,Train/28/00028_00011_00026.png
client_3,4323,31,30,6,6,26,25,2,Train/2/00002_00051_00003.png
client_3,35317,39,44,5,5,34,39,35,Train/35/00035_00037_00008.png
client_3,37936,43,44,6,5,38,39,38,Train/38/00038_00064_00017.png
client_3,24511,27,41,6,6,21,35,17,Train/17/00017_00002_00001.png
client_3,19829,109,107,9,9,100,97,12,Train/12/00012_00048_00029.png
client_3,4960,31,31,6,6,26,26,2,Train/2/00002_00072_00010.png
client_3,37874,36,36,6,6,31,31,38,Train/38/00038_00062_00015.png
client_3,23474,37,48,5,5,32,43,15,Train/15/00015_00002_00014.png
client_3,19668,40,39,6,5,35,34,12,Train/12/00012_00043_00018.png
client_3,27544,28,26,5,6,23,21,22,Train/22/00022_00008_00004.png
client_3,33557,37,42,5,5,31,37,33,Train/33/00033_00015_00017.png
client_3,22072,92,83,8,7,84,76,13,Train/13/00013_00053_00022.png
client_3,8713,42,41,6,5,37,36,5,Train/5/00005_00009_00013.png
client_3,9596,58,60,6,5,52,55,5,Train/5/00005_00038_00026.png
client_3,21511,39,42,6,6,34,37,13,Train/13/00013_00035_00001.png
client_3,33198,47,52,5,6,42,47,33,Train/33/00033_00003_00018.png
client_3,17441,50,47,6,5,45,42,11,Train/11/00011_00013_00011.png
client_3,21865,84,80,8,7,77,73,13,Train/13/00013_00046_00025.png
client_3,36512,32,32,5,5,27,27,38,Train/38/00038_00017_00003.png
client_3,23321,46,47,5,5,41,42,14,Train/14/00014_00023_00011.png
client_3,30944,44,40,6,5,39,35,28,Train/28/00028_00004_00014.png
client_3,33117,93,100,8,8,84,91,33,Train/33/00033_00000_00027.png
client_3,1442,34,36,6,6,29,31,1,Train/1/00001_00029_00002.png
client_3,37431,31,31,5,6,25,26,38,Train/38/00038_00047_00022.png
client_3,22797,78,77,7,7,71,71,14,Train/14/00014_00005_00027.png
client_3,20956,55,51,5,6,50,46,13,Train/13/00013_00016_00016.png
client_3,33746,49,54,5,5,44,49,33,Train/33/00033_00021_00027.png
client_3,22988,44,45,5,6,39,40,14,Train/14/00014_00012_00008.png
client_3,27780,51,50,5,6,46,45,23,Train/23/00023_00003_00000.png
client_3,28179,46,45,5,6,41,40,23,Train/23/00023_00016_00009.png
client_3,19977,91,76,8,7,83,70,12,Train/12/00012_00053_00027.png
client_3,34760,43,45,6,6,38,40,35,Train/35/00035_00018_00021.png
client_3,35626,34,35,6,6,29,30,36,Train/36/00036_00007_00017.png
client_3,30329,188,168,17,14,172,154,26,Train/26/00026_00011_00029.png
client_3,34279,42,43,6,6,37,38,35,Train/35/00035_00002_00020.png
client_3,19579,60,61,5,6,55,56,12,Train/12/00012_00040_00019.png
client_3,14627,48,47,6,5,42,41,9,Train/9/00009_00035_00017.png
client_3,28772,44,42,5,5,39,37,25,Train/25/00025_00010_00002.png
client_3,22835,37,38,5,6,32,33,14,Train/14/00014_00007_00005.png
client_3,31071,105,93,10,8,95,84,28,Train/28/00028_00008_00021.png
client_3,8292,36,36,5,5,31,31,4,Train/4/00004_00061_00012.png
client_3,33259,71,70,6,7,64,64,33,Train/33/00033_00005_00019.png
client_3,28542,40,37,6,5,34,32,25,Train/25/00025_00002_00012.png
client_3,9206,42,42,5,5,37,37,5,Train/5/00005_00025_00026.png
client_3,3669,41,41,5,5,35,35,2,Train/2/00002_00029_00009.png
client_3,21534,113,119,10,11,104,109,13,Train/13/00013_00035_00024.png
client_3,7940,42,43,6,6,37,38,4,Train/4/00004_00049_00020.png
client_3,3167,72,68,7,7,65,62,2,Train/2/00002_00012_00017.png
client_3,27101,39,34,5,5,34,29,21,Train/21/00021_00004_00011.png
client_3,13683,27,27,5,5,21,21,9,Train/9/00009_00004_00003.png
client_3,15013,35,33,6,5,29,28,9,Train/9/00009_00048_00013.png
client_3,24799,29,29,6,5,24,24,17,Train/17/00017_00011_00019.png
client_3,5664,50,50,6,6,45,45,3,Train/3/00003_00020_00024.png
client_3,3394,28,28,5,5,23,23,2,Train/2/00002_00020_00004.png
client_3,10292,32,32,6,5,27,27,6,Train/6/00006_00000_00002.png
client_3,33713,78,75,7,7,71,69,33,Train/33/00033_00020_00024.png
client_3,26640,43,42,6,6,38,37,18,Train/18/00018_00036_00000.png
client_3,19041,52,51,5,6,47,46,12,Train/12/00012_00022_00021.png
client_3,31651,35,32,5,5,29,27,30,Train/30/00030_00001_00001.png
client_3,10216,41,40,6,6,36,35,5,Train/5/00005_00059_00016.png
client_3,27446,74,69,7,7,67,62,22,Train/22/00022_00004_00026.png
client_3,11018,38,35,6,5,32,30,7,Train/7/00007_00010_00008.png
client_3,15269,115,116,10,11,105,106,10,Train/10/00010_00007_00029.png
client_3,32425,59,59,6,6,54,53,31,Train/31/00031_00011_00025.png
client_3,15103,37,36,5,6,31,30,10,Train/10/00010_00002_00013.png
client_3,9262,54,51,6,6,49,46,5,Train/5/00005_00027_00022.png
client_3,25503,26,26,5,5,21,21,17,Train/17/00017_00035_00003.png
client_3,13126,38,38,6,6,32,33,8,Train/8/00008_00032_00016.png
client_3,33486,43,43,5,5,38,38,33,Train/33/00033_00013_00006.png
client_3,27608,34,33,6,5,29,28,22,Train/22/00022_00010_00008.png
client_3,32378,35,31,6,5,30,26,31,Train/31/00031_00010_00008.png
client_3,33689,27,28,5,6,22,23,33,Train/33/00033_00020_00000.png
client_3,30315,61,57,6,6,56,52,26,Train/26/00026_00011_00015.png
client_3,22305,71,68,7,7,65,62,13,Train/13/00013_00061_00015.png
client_3,19418,41,40,6,5,36,35,12,Train/12/00012_00035_00008.png
client_3,29809,58,54,6,5,53,49,25,Train/25/00025_00044_00019.png
client_3,21644,40,34,5,5,35,29,13,Train/13/00013_00039_00014.png
client_3,18423,33,33,6,5,28,28,12,Train/12/00012_00002_00003.png
client_3,36434,33,36,6,6,27,30,38,Train/38/00038_00014_00015.png
client_3,22998,50,49,6,5,45,44,14,Train/14/00014_00012_00018.png
client_3,16630,45,44,6,5,40,39,10,Train/10/00010_00053_00010.png
client_3,36209,32,32,6,5,27,27,38,Train/38/00038_00007_00000.png
client_3,18418,85,88,7,7,78,81,12,Train/12/00012_00001_00028.png
client_3,22898,34,35,6,5,29,30,14,Train/14/00014_00009_00008.png
client_3,17310,40,39,6,5,35,34,11,Train/11/00011_00009_00000.png
client_3,38004,57,57,6,5,52,52,38,Train/38/00038_00066_00025.png
client_3,14802,32,34,5,6,27,29,9,Train/9/00009_00041_00012.png
client_3,12871,32,33,5,6,27,28,8,Train/8/00008_00024_00001.png
client_3,19234,43,41,6,6,38,36,12,Train/12/00012_00029_00004.png
client_3,22154,55,52,5,5,50,47,13,Train/13/00013_00056_00014.png
client_3,39130,31,31,6,6,26,26,42,Train/42/00042_00005_00011.png
client_3,16435,56,54,6,6,51,49,10,Train/10/00010_00046_00025.png
client_3,6271,53,52,6,5,47,46,3,Train/3/00003_00041_00001.png
client_3,11886,32,31,6,5,27,26,7,Train/7/00007_00039_00006.png
client_3,37724,44,47,5,5,39,42,38,Train/38/00038_00057_00015.png
client_3,32041,29,28,6,5,24,23,30,Train/30/00030_00014_00001.png
client_3,4667,49,50,5,6,44,45,2,Train/2/00002_00062_00017.png
client_3,21137,55,58,6,5,50,52,13,Train/13/00013_00022_00017.png
client_3,35596,43,43,5,5,38,38,36,Train/36/00036_00006_00017.png
client_3,28700,94,79,9,7,86,72,25,Train/25/00025_00007_00020.png
client_3,10330,37,37,6,5,32,32,6,Train/6/00006_00001_00010.png
client_3,8200,32,32,6,5,27,27,4,Train/4/00004_00058_00010.png
client_3,9916,37,40,5,6,32,35,5,Train/5/00005_00049_00016.png
client_3,31778,41,37,6,6,36,32,30,Train/30/00030_00005_00008.png
client_3,39081,49,49,6,6,44,44,42,Train/42/00042_00003_00022.png
client_3,15555,39,39,5,5,34,34,10,Train/10/00010_00017_00015.png
client_3,20946,40,35,6,5,35,30,13,Train/13/00013_00016_00006.png
client_3,10721,33,34,6,6,28,29,7,Train/7/00007_00000_00011.png
client_3,25692,89,80,8,8,81,73,18,Train/18/00018_00004_00012.png
client_3,8196,30,32,5,6,25,27,4,Train/4/00004_00058_00006.png
client_3,26278,117,107,11,9,107,98,18,Train/18/00018_00023_00028.png
client_3,33220,34,36,5,6,29,31,33,Train/33/00033_00004_00010.png
client_3,23934,57,55,6,5,52,50,15,Train/15/00015_00017_00024.png
client_3,22809,38,38,5,5,33,32,14,Train/14/00014_00006_00009.png
client_3,19337,44,53,5,6,39,48,12,Train/12/00012_00032_00017.png
client_3,27280,34,33,5,5,28,28,21,Train/21/00021_00010_00010.png
client_3,6464,53,53,5,5,48,48,4,Train/4/00004_00000_00014.png
client_3,26448,57,53,5,5,52,48,18,Train/18/00018_00029_00018.png
client_3,28246,65,69,6,7,60,63,24,Train/24/00024_00001_00016.png
client_3,29384,72,64,7,5,66,59,25,Train/25/00025_00030_00014.png
client_3,8250,29,29,6,6,24,24,4,Train/4/00004_00060_00000.png
client_3,1800,41,42,5,6,36,37,1,Train/1/00001_00041_00000.png
client_3,20633,69,60,7,5,63,55,13,Train/13/00013_00005_00023.png
client_3,28830,53,50,5,5,48,45,25,Train/25/00025_00012_00000.png
client_3,37276,47,51,6,6,42,46,38,Train/38/00038_00042_00017.png
client_3,21160,34,40,6,5,29,35,13,Train/13/00013_00023_00010.png
client_3,19061,38,38,5,5,33,33,12,Train/12/00012_00023_00011.png
client_3,19920,89,89,8,8,82,82,12,Train/12/00012_00052_00000.png
client_3,23441,33,70,6,6,28,64,15,Train/15/00015_00001_00011.png
client_3,24279,64,63,6,5,59,58,16,Train/16/00016_00008_00009.png
client_3,34346,65,68,5,6,59,61,35,Train/35/00035_00004_00027.png
client_3,9969,35,36,5,6,30,31,5,Train/5/00005_00051_00009.png
client_3,9424,27,28,5,5,22,23,5,Train/5/00005_00033_00004.png
client_3,35512,54,53,6,5,49,48,36,Train/36/00036_00003_00023.png
client_3,7351,31,30,6,5,26,25,4,Train/4/00004_00030_00001.png
client_3,7659,33,32,6,5,28,27,4,Train/4/00004_00040_00009.png
client_3,6620,79,78,7,7,72,71,4,Train/4/00004_00005_00020.png
client_3,33031,28,28,5,5,22,22,32,Train/32/00032_00006_00001.png
client_3,26811,63,57,5,5,58,52,19,Train/19/00019_00001_00021.png
client_3,15759,32,34,5,6,27,29,10,Train/10/00010_00024_00009.png
client_3,39098,36,35,6,5,31,30,42,Train/42/00042_00004_00009.png
client_3,11262,33,34,5,5,28,29,7,Train/7/00007_00018_00012.png
client_3,30510,27,26,5,5,22,20,26,Train/26/00026_00018_00000.png
client_3,11991,54,54,5,5,49,49,7,Train/7/00007_00042_00021.png
client_3,1366,76,73,7,7,69,67,1,Train/1/00001_00026_00016.png
client_3,15015,35,35,5,5,30,30,9,Train/9/00009_00048_00015.png
client_3,28206,31,29,5,6,26,24,24,Train/24/00024_00000_00006.png
client_3,27542,29,25,6,5,23,20,22,Train/22/00022_00008_00002.png
client_3,6175,72,74,7,7,66,68,3,Train/3/00003_00037_00025.png
client_3,15441,60,62,5,6,55,57,10,Train/10/00010_00013_00021.png
client_3,10623,27,30,5,5,22,24,6,Train/6/00006_00011_00003.png
client_3,18369,31,36,5,6,26,31,12,Train/12/00012_00000_00009.png
client_3,38002,53,53,6,5,48,48,38,Train/38/00038_00066_00023.png
client_3,24030,53,55,5,5,48,50,16,Train/16/00016_00000_00000.png
client_3,14766,42,42,6,5,37,37,9,Train/9/00009_00040_00006.png
client_3,10845,44,44,6,6,39,39,7,Train/7/00007_00004_00015.png
client_3,22448,36,34,5,6,31,29,13,Train/13/00013_00066_00008.png
client_3,27598,129,109,12,9,118,100,22,Train/22/00022_00009_00028.png
client_3,7393,32,35,5,6,27,30,4,Train/4/00004_00031_00013.png
client_3,10547,35,39,6,6,30,34,6,Train/6/00006_00008_00017.png
client_3,17701,50,46,6,5,45,41,11,Train/11/00011_00022_00001.png
client_3,27906,38,34,5,5,33,29,23,Train/23/00023_00007_00006.png
client_3,30958,80,73,7,7,73,67,28,Train/28/00028_00004_00028.png
client_3,491,68,72,6,7,61,65,0,Train/0/00000_00004_00011.png
client_3,30056,49,44,6,6,44,39,26,Train/26/00026_00002_00026.png
client_3,13464,52,52,5,6,47,47,8,Train/8/00008_00043_00024.png
client_3,3389,70,73,6,6,64,67,2,Train/2/00002_00019_00029.png
client_3,16375,44,45,6,6,39,40,10,Train/10/00010_00044_00025.png
client_3,730,36,36,6,6,31,31,1,Train/1/00001_00005_00010.png
client_3,31555,74,68,6,6,68,62,29,Train/29/00029_00006_00025.png
client_3,26645,47,44,6,5,42,39,18,Train/18/00018_00036_00005.png
client_3,11327,39,40,5,5,34,35,7,Train/7/00007_00020_00017.png
client_3,33648,38,53,6,5,33,48,33,Train/33/00033_00018_00018.png
client_3,31083,37,35,5,5,32,30,28,Train/28/00028_00009_00003.png
client_3,3443,45,46,5,5,40,41,2,Train/2/00002_00021_00023.png
client_3,37898,32,32,6,6,27,27,38,Train/38/00038_00063_00009.png
client_3,15162,31,32,5,6,26,27,10,Train/10/00010_00004_00012.png
client_3,17071,50,51,6,5,45,45,11,Train/11/00011_00001_00001.png
client_3,30328,157,140,14,12,144,128,26,Train/26/00026_00011_00028.png
client_3,27677,52,48,6,5,47,43,22,Train/22/00022_00012_00017.png
client_3,7754,38,39,5,6,33,34,4,Train/4/00004_00043_00014.png
client_3,37325,40,40,6,6,35,35,38,Train/38/00038_00044_00006.png
client_3,29085,44,39,6,5,39,34,25,Train/25/00025_00020_00015.png
client_3,20843,76,70,6,6,70,64,13,Train/13/00013_00012_00023.png
client_3,34241,32,32,5,6,27,27,35,Train/35/00035_00001_00012.png
client_3,22038,48,43,5,5,43,38,13,Train/13/00013_00052_00018.png
client_3,20112,49,47,5,6,44,42,12,Train/12/00012_00058_00012.png
client_3,21778,87,76,7,7,80,70,13,Train/13/00013_00043_00028.png
client_3,12393,33,32,6,5,27,26,8,Train/8/00008_00008_00003.png
client_3,21657,80,69,8,7,73,63,13,Train/13/00013_00039_00027.png
client_3,19951,42,37,6,6,37,32,12,Train/12/00012_00053_00001.png
client_3,30873,43,39,6,6,38,34,28,Train/28/00028_00002_00003.png
client_3,38832,47,47,6,5,42,42,41,Train/41/00041_00003_00013.png
client_3,3594,59,59,6,6,54,54,2,Train/2/00002_00026_00024.png
client_3,2774,53,53,5,5,48,48,1,Train/1/00001_00073_00014.png
client_3,36335,39,42,5,5,34,37,38,Train/38/00038_00011_00006.png
client_3,12987,47,41,5,6,42,36,8,Train/8/00008_00027_00027.png
client_3,33547,30,34,5,6,24,29,33,Train/33/00033_00015_00007.png
client_3,23026,86,87,7,7,79,80,14,Train/14/00014_00013_00016.png
client_3,8671,30,30,6,6,25,25,5,Train/5/00005_00008_00001.png
client_3,32650,48,47,6,6,43,42,31,Train/31/00031_00019_00010.png
client_3,30254,42,38,6,5,37,33,26,Train/26/00026_00009_00014.png
client_3,16139,57,48,6,5,52,42,10,Train/10/00010_00036_00029.png
client_3,8186,81,81,8,8,74,74,4,Train/4/00004_00057_00026.png
client_3,23199,43,46,6,6,38,41,14,Train/14/00014_00019_00009.png
client_3,17859,56,49,6,6,51,44,11,Train/11/00011_00027_00009.png
client_3,5940,26,26,6,5,21,21,3,Train/3/00003_00030_00000.png
client_3,7359,35,35,6,5,30,30,4,Train/4/00004_00030_00009.png
client_3,37182,35,36,5,5,30,31,38,Train/38/00038_00039_00013.png
client_3,22346,108,97,10,9,99,89,13,Train/13/00013_00062_00026.png
client_3,2112,41,43,5,6,35,38,1,Train/1/00001_00051_00012.png
client_3,20708,46,52,6,5,41,47,13,Train/13/00013_00008_00008.png
client_3,4979,56,60,5,5,50,55,2,Train/2/00002_00072_00029.png
client_3,15126,32,33,5,5,26,27,10,Train/10/00010_00003_00006.png
client_3,30515,31,28,6,5,25,22,26,Train/26/00026_00018_00005.png
client_3,38725,58,60,6,5,53,55,40,Train/40/00040_00011_00026.png
client_3,7809,36,37,6,6,31,32,4,Train/4/00004_00045_00009.png
client_3,5496,32,32,6,6,27,27,3,Train/3/00003_00015_00006.png
client_3,17223,28,25,5,5,23,20,11,Train/11/00011_00006_00003.png
client_3,7486,39,40,6,6,34,35,4,Train/4/00004_00034_00016.png
client_3,6649,51,52,6,5,46,47,4,Train/4/00004_00006_00019.png
client_3,22770,52,53,5,6,47,48,14,Train/14/00014_00005_00000.png
client_3,38192,29,29,6,6,24,24,39,Train/39/00039_00004_00003.png
client_3,7101,51,51,6,5,46,46,4,Train/4/00004_00021_00021.png
client_3,26910,30,31,5,6,25,26,19,Train/19/00019_00005_00000.png
client_3,14316,31,31,5,5,26,26,9,Train/9/00009_00025_00006.png
client_3,22599,40,39,5,5,35,34,13,Train/13/00013_00071_00009.png
client_3,19272,36,36,6,6,31,31,12,Train/12/00012_00030_00012.png
client_3,24859,32,38,6,6,27,33,17,Train/17/00017_00013_00019.png
client_3,2719,55,54,6,5,50,49,1,Train/1/00001_00071_00019.png
client_3,13842,39,41,5,6,34,36,9,Train/9/00009_00009_00012.png
client_3,20815,63,81,6,8,58,74,13,Train/13/00013_00011_00025.png
client_3,2636,87,87,8,7,80,80,1,Train/1/00001_00068_00026.png
client_3,34643,62,62,6,6,57,56,35,Train/35/00035_00014_00024.png
client_3,24964,36,35,6,5,31,30,17,Train/17/00017_00017_00004.png
client_3,20664,64,55,6,5,59,50,13,Train/13/00013_00006_00024.png
client_3,34181,43,42,6,5,38,37,34,Train/34/00034_00013_00012.png
client_3,7088,31,33,5,6,26,28,4,Train/4/00004_00021_00008.png
client_3,36595,49,50,5,6,44,45,38,Train/38/00038_00019_00026.png
client_3,11130,35,35,6,6,30,30,7,Train/7/00007_00014_00000.png
client_3,16419,31,32,5,6,25,26,10,Train/10/00010_00046_00009.png
client_3,15930,28,28,5,5,23,23,10,Train/10/00010_00030_00000.png
client_3,29523,31,30,6,6,26,25,25,Train/25/00025_00035_00003.png
client_3,5485,44,43,6,5,38,38,3,Train/3/00003_00014_00025.png
client_3,1603,40,40,6,6,35,35,1,Train/1/00001_00034_00013.png
client_3,5469,33,32,6,6,27,27,3,Train/3/00003_00014_00009.png
client_3,30471,49,45,5,5,44,39,26,Train/26/00026_00016_00021.png
client_3,12413,48,48,5,5,43,43,8,Train/8/00008_00008_00023.png
client_3,28529,189,171,16,14,172,157,25,Train/25/00025_00001_00029.png
client_3,27538,161,147,14,12,148,135,22,Train/22/00022_00007_00028.png
client_3,28568,75,70,7,7,69,64,25,Train/25/00025_00003_00008.png
client_3,9674,36,35,6,5,31,30,5,Train/5/00005_00041_00014.png
client_3,23752,59,62,6,5,54,57,15,Train/15/00015_00011_00022.png
client_3,32481,52,51,6,5,47,46,31,Train/31/00031_00013_00021.png
client_3,9700,35,37,5,6,30,32,5,Train/5/00005_00042_00010.png
client_3,35889,33,34,5,5,28,28,37,Train/37/00037_00003_00010.png
client_3,1217,39,39,6,5,34,34,1,Train/1/00001_00021_00017.png
client_3,38679,39,43,5,6,34,37,40,Train/40/00040_00010_00010.png
client_3,12320,45,47,6,6,40,42,8,Train/8/00008_00005_00020.png
client_3,33185,33,32,6,5,28,27,33,Train/33/00033_00003_00005.png
client_3,9212,29,26,6,5,24,21,5,Train/5/00005_00026_00002.png
client_3,5424,56,56,6,6,51,51,3,Train/3/00003_00012_00024.png
client_3,36179,55,71,2,7,50,65,38,Train/38/00038_00006_00000.png
client_3,2842,54,57,5,6,49,52,2,Train/2/00002_00001_00022.png
client_3,3985,52,51,6,5,47,46,2,Train/2/00002_00039_00025.png
client_3,27592,71,61,7,6,65,56,22,Train/22/00022_00009_00022.png
client_3,23189,158,161,14,14,145,147,14,Train/14/00014_00018_00029.png
client_3,1458,53,55,5,6,47,49,1,Train/1/00001_00029_00018.png
client_3,27309,40,39,5,5,35,34,22,Train/22/00022_00000_00009.png
client_3,36558,50,51,5,6,45,46,38,Train/38/00038_00018_00019.png
client_3,19378,69,73,6,6,63,67,12,Train/12/00012_00033_00028.png
client_3,18520,52,53,5,5,47,48,12,Train/12/00012_00005_00010.png
client_3,17625,38,35,5,6,33,30,11,Train/11/00011_00019_00015.png
client_3,10858,93,93,8,8,85,85,7,Train/7/00007_00004_00028.png
client_3,27532,83,73,8,6,76,67,22,Train/22/00022_00007_00022.png
client_3,2782,64,67,5,6,59,61,1,Train/1/00001_00073_00022.png
client_3,32956,37,38,6,5,32,33,32,Train/32/00032_00003_00016.png
client_3,22269,47,41,6,6,41,36,13,Train/13/00013_00060_00009.png
client_3,33710,61,61,5,5,56,56,33,Train/33/00033_00020_00021.png
client_3,1216,38,38,6,6,32,33,1,Train/1/00001_00021_00016.png
client_3,22382,28,27,6,5,23,22,13,Train/13/00013_00064_00002.png
client_3,33657,48,84,6,8,43,77,33,Train/33/00033_00018_00027.png
client_3,4184,38,39,5,5,33,34,2,Train/2/00002_00046_00014.png
client_3,32946,27,28,5,5,22,22,32,Train/32/00032_00003_00006.png
client_3,215,28,28,6,6,23,23,20,Train/20/00020_00007_00005.png
client_3,29374,54,48,5,5,48,43,25,Train/25/00025_00030_00004.png
client_3,4904,36,37,5,6,31,32,2,Train/2/00002_00070_00014.png
client_3,9788,33,31,5,5,28,26,5,Train/5/00005_00045_00008.png
client_3,8357,37,37,6,6,32,32,4,Train/4/00004_00063_00017.png
client_3,15666,38,37,5,6,33,32,10,Train/10/00010_00021_00006.png
client_3,22919,140,134,13,11,128,123,14,Train/14/00014_00009_00029.png
client_3,17559,35,32,6,5,30,27,11,Train/11/00011_00017_00009.png
client_3,38177,43,44,5,5,38,39,39,Train/39/00039_00003_00018.png
client_3,22126,50,46,6,5,45,41,13,Train/13/00013_00055_00016.png
client_3,30725,33,30,6,5,27,24,27,Train/27/00027_00005_00005.png
client_3,39052,39,41,5,6,34,36,42,Train/42/00042_00002_00023.png
client_3,13945,83,85,7,7,75,77,9,Train/9/00009_00012_00025.png
client_3,7703,51,50,6,5,46,45,4,Train/4/00004_00041_00023.png
client_3,27406,54,50,5,6,49,45,22,Train/22/00022_00003_00016.png
client_3,34520,60,62,5,6,55,57,35,Train/35/00035_00010_00021.png
client_3,21688,123,110,10,10,113,101,13,Train/13/00013_00040_00028.png
client_3,18528,71,70,6,7,65,64,12,Train/12/00012_00005_00018.png
client_3,16748,37,35,6,6,32,30,10,Train/10/00010_00057_00008.png
client_3,24913,37,41,6,5,32,36,17,Train/17/00017_00015_00013.png
client_3,25588,31,29,6,5,26,23,18,Train/18/00018_00000_00028.png
client_3,8170,34,34,6,6,29,29,4,Train/4/00004_00057_00010.png
client_3,37319,32,34,5,6,27,29,38,Train/38/00038_00044_00000.png
client_3,33217,33,33,5,5,28,28,33,Train/33/00033_00004_00007.png
client_3,17304,101,92,9,8,93,84,11,Train/11/00011_00008_00024.png
client_3,38468,45,45,6,6,40,39,40,Train/40/00040_00003_00009.png
client_3,27841,30,30,6,5,25,25,23,Train/23/00023_00005_00001.png
client_3,1139,124,129,11,11,114,118,1,Train/1/00001_00018_00029.png
client_3,4258,50,47,6,6,45,42,2,Train/2/00002_00048_00028.png
client_3,23282,35,36,5,5,30,31,14,Train/14/00014_00022_00002.png
client_3,19871,38,39,5,5,32,33,12,Train/12/00012_00050_00011.png
client_3,24275,58,59,5,6,53,54,16,Train/16/00016_00008_00005.png
client_3,29907,194,169,17,15,178,155,25,Train/25/00025_00047_00027.png
client_3,30910,42,39,5,6,36,33,28,Train/28/00028_00003_00010.png
client_3,16169,75,63,6,5,69,58,10,Train/10/00010_00037_00029.png
client_3,26222,58,60,5,5,53,54,18,Train/18/00018_00022_00002.png
client_3,37405,58,57,6,6,53,52,38,Train/38/00038_00046_00026.png
client_3,28715,74,72,7,7,68,66,25,Train/25/00025_00008_00005.png
client_3,31250,59,54,5,5,54,49,28,Train/28/00028_00014_00020.png
client_3,18144,91,86,8,7,83,79,11,Train/11/00011_00036_00024.png
client_3,28874,40,38,6,5,35,33,25,Train/25/00025_00013_00014.png
client_3,20639,131,136,11,11,120,125,13,Train/13/00013_00005_00029.png
client_3,32685,42,40,5,6,37,35,31,Train/31/00031_00020_00015.png
client_3,5083,35,34,6,6,29,29,3,Train/3/00003_00001_00013.png
client_3,33090,26,26,5,5,20,21,33,Train/33/00033_00000_00000.png
client_3,15570,30,31,5,6,25,26,10,Train/10/00010_00018_00000.png
client_3,29501,58,58,5,6,53,53,25,Train/25/00025_00034_00011.png
client_3,34641,54,56,5,6,49,51,35,Train/35/00035_00014_00022.png
client_3,849,34,34,5,6,29,29,1,Train/1/00001_00009_00009.png
client_3,36070,43,43,6,5,38,38,38,Train/38/00038_00002_00011.png
client_3,13380,33,32,6,5,28,27,8,Train/8/00008_00041_00000.png
client_3,33040,34,33,6,5,28,27,32,Train/32/00032_00006_00010.png
client_3,12727,38,37,6,5,33,32,8,Train/8/00008_00019_00007.png
client_3,390,29,30,6,6,24,25,0,Train/0/00000_00001_00000.png
client_3,26880,39,37,5,6,34,32,19,Train/19/00019_00004_00000.png
client_3,3003,35,34,5,5,30,29,2,Train/2/00002_00007_00003.png
client_3,13805,28,28,5,5,23,23,9,Train/9/00009_00008_00005.png
client_3,19974,78,64,7,6,71,58,12,Train/12/00012_00053_00024.png
client_3,14588,31,31,6,6,26,26,9,Train/9/00009_00034_00008.png
client_3,24192,34,33,6,5,29,28,16,Train/16/00016_00005_00012.png
client_3,6099,32,36,5,6,27,30,3,Train/3/00003_00035_00009.png
client_3,824,48,52,5,5,43,47,1,Train/1/00001_00008_00014.png
client_3,15865,69,70,6,7,63,64,10,Train/10/00010_00027_00025.png
client_3,37409,27,27,6,6,22,22,38,Train/38/00038_00047_00000.png
client_3,22636,73,73,7,7,67,67,14,Train/14/00014_00000_00016.png
client_3,26962,72,68,6,6,66,62,19,Train/19/00019_00006_00022.png
client_3,5138,35,37,5,6,30,32,3,Train/3/00003_00003_00008.png
client_3,20808,54,61,6,6,49,56,13,Train/13/00013_00011_00018.png
client_3,19204,28,29,5,6,23,24,12,Train/12/00012_00028_00004.png
client_3,4236,31,30,6,5,26,24,2,Train/2/00002_00048_00006.png
client_3,6096,31,34,5,6,25,28,3,Train/3/00003_00035_00006.png
client_3,20225,39,39,6,6,34,34,12,Train/12/00012_00062_00005.png
client_3,32841,71,61,7,5,65,56,31,Train/31/00031_00025_00021.png
client_3,13340,50,53,5,6,45,48,8,Train/8/00008_00039_00020.png
client_3,37620,29,28,6,5,24,23,38,Train/38/00038_00054_00001.png
client_3,6501,54,57,6,6,49,52,4,Train/4/00004_00001_00021.png
client_3,30849,45,39,6,5,39,34,28,Train/28/00028_00001_00009.png
client_3,10412,31,31,6,6,26,26,6,Train/6/00006_00004_00002.png
client_3,2414,41,43,5,6,35,37,1,Train/1/00001_00061_00014.png
client_3,11521,28,28,6,5,23,23,7,Train/7/00007_00027_00001.png
client_3,34702,76,80,6,8,70,73,35,Train/35/00035_00016_00023.png
client_3,13768,70,69,6,6,64,63,9,Train/9/00009_00006_00028.png
client_3,38414,47,47,6,6,42,42,40,Train/40/00040_00001_00015.png
client_3,26127,111,98,9,8,102,90,18,Train/18/00018_00018_00027.png
client_3,35644,28,28,6,5,23,23,36,Train/36/00036_00008_00005.png
client_3,22093,89,85,8,8,81,77,13,Train/13/00013_00054_00013.png
client_3,12168,44,47,5,6,39,42,8,Train/8/00008_00000_00018.png
client_3,8797,33,34,5,6,27,28,5,Train/5/00005_00012_00007.png
client_3,1577,42,42,5,6,36,37,1,Train/1/00001_00033_00017.png
client_3,34286,53,55,6,6,48,49,35,Train/35/00035_00002_00027.png
client_3,34943,47,49,6,6,42,44,35,Train/35/00035_00024_00024.png
client_3,30368,35,34,6,5,30,28,26,Train/26/00026_00013_00008.png
client_3,29454,52,48,5,5,47,43,25,Train/25/00025_00032_00024.png
client_3,27823,40,36,5,5,35,31,23,Train/23/00023_00004_00013.png
client_3,26803,43,39,6,5,38,34,19,Train/19/00019_00001_00013.png
client_3,27090,31,27,6,5,26,22,21,Train/21/00021_00004_00000.png
client_3,14775,46,46,6,5,41,41,9,Train/9/00009_00040_00015.png
client_3,20440,57,57,6,5,52,52,12,Train/12/00012_00069_00010.png
client_3,38460,37,38,5,6,32,33,40,Train/40/00040_00003_00001.png
client_3,10862,34,33,5,5,28,28,7,Train/7/00007_00005_00002.png
client_3,23379,30,34,5,6,25,29,14,Train/14/00014_00025_00009.png
client_3,37005,35,42,5,6,30,37,38,Train/38/00038_00033_00016.png
client_3,21413,48,43,5,6,43,38,13,Train/13/00013_00031_00023.png
client_3,31260,28,26,6,5,23,21,28,Train/28/00028_00015_00000.png
client_3,30214,37,32,6,5,32,27,26,Train/26/00026_00008_00004.png
client_3,38106,30,31,6,6,25,26,39,Train/39/00039_00001_00007.png
client_3,32071,40,36,6,5,34,31,31,Train/31/00031_00000_00001.png
client_3,9298,64,59,6,5,59,54,5,Train/5/00005_00028_00028.png
client_3,4598,56,57,6,6,51,52,2,Train/2/00002_00060_00008.png
client_3,19132,62,64,6,5,57,59,12,Train/12/00012_00025_00022.png
client_3,36259,34,34,5,5,29,29,38,Train/38/00038_00008_00020.png
client_3,32790,31,28,6,5,26,23,31,Train/31/00031_00024_00000.png
client_3,34182,42,42,5,5,37,37,34,Train/34/00034_00013_00013.png
client_3,21316,48,45,5,5,43,40,13,Train/13/00013_00028_00016.png
client_3,30125,39,36,6,5,34,31,26,Train/26/00026_00005_00005.png
client_3,27818,34,31,6,5,29,26,23,Train/23/00023_00004_00008.png
client_3,23979,30,29,6,5,25,24,15,Train/15/00015_00019_00009.png
client_3,11719,48,48,5,5,43,42,7,Train/7/00007_00033_00019.png
client_3,33501,67,64,6,5,61,59,33,Train/33/00033_00013_00021.png
client_3,6982,42,46,5,6,36,40,4,Train/4/00004_00017_00022.png
client_3,18952,65,63,6,6,60,58,12,Train/12/00012_00019_00022.png
client_3,16131,44,38,6,5,39,33,10,Train/10/00010_00036_00021.png
client_3,408,40,41,5,6,35,36,0,Train/0/00000_00001_00018.png
client_3,1684,28,26,6,5,23,21,1,Train/1/00001_00037_00004.png
client_3,23776,40,47,5,6,35,42,15,Train/15/00015_00012_00016.png
client_3,27556,42,40,6,5,37,35,22,Train/22/00022_00008_00016.png
client_3,9002,30,30,5,5,25,25,5,Train/5/00005_00019_00002.png
client_3,38862,35,35,5,6,29,30,41,Train/41/00041_00004_00013.png
client_3,22044,68,59,6,5,61,53,13,Train/13/00013_00052_00024.png
client_3,22176,81,72,7,7,74,66,13,Train/13/00013_00057_00006.png
client_3,7439,110,112,10,9,101,103,4,Train/4/00004_00032_00029.png
client_3,9522,36,35,6,6,31,30,5,Train/5/00005_00036_00012.png
client_3,5804,36,36,5,5,31,31,3,Train/3/00003_00025_00014.png
client_3,23703,28,28,5,5,23,23,15,Train/15/00015_00010_00003.png
client_3,6653,64,68,5,6,59,62,4,Train/4/00004_00006_00023.png
client_3,11743,35,39,5,5,30,34,7,Train/7/00007_00034_00013.png
client_3,15060,29,27,5,6,23,21,10,Train/10/00010_00001_00000.png
client_3,29066,145,136,13,11,133,125,25,Train/25/00025_00019_00026.png
client_3,14188,31,31,6,5,26,26,9,Train/9/00009_00020_00028.png
client_3,7766,80,80,8,8,73,73,4,Train/4/00004_00043_00026.png
client_3,8848,69,68,7,6,63,62,5,Train/5/00005_00013_00028.png
client_3,19932,109,108,9,9,100,98,12,Train/12/00012_00052_00012.png
client_3,29632,61,56,5,6,56,50,25,Train/25/00025_00038_00022.png
client_3,15562,46,45,6,5,41,40,10,Train/10/00010_00017_00022.png
client_3,23147,43,44,5,5,38,38,14,Train/14/00014_00017_00017.png
client_3,15208,60,59,6,5,55,54,10,Train/10/00010_00005_00028.png
client_3,32858,29,30,5,5,24,25,32,Train/32/00032_00000_00008.png
client_3,7732,49,49,6,5,44,43,4,Train/4/00004_00042_00022.png
client_3,21028,98,95,8,8,90,87,13,Train/13/00013_00018_00028.png
client_3,17352,62,58,5,6,57,53,11,Train/11/00011_00010_00012.png
client_3,22970,62,62,5,5,57,57,14,Train/14/00014_00011_00020.png
client_3,2075,40,37,6,5,35,32,1,Train/1/00001_00050_00005.png
client_3,20936,125,116,11,10,115,105,13,Train/13/00013_00015_00026.png
client_3,8786,76,82,6,7,70,75,5,Train/5/00005_00011_00026.png
client_3,4397,41,40,6,6,36,35,2,Train/2/00002_00053_00017.png
client_3,32375,32,30,5,6,26,25,31,Train/31/00031_00010_00005.png
client_3,854,39,39,6,6,34,34,1,Train/1/00001_00009_00014.png
client_3,27443,56,52,5,5,50,47,22,Train/22/00022_00004_00023.png
client_3,38650,33,33,5,5,28,27,40,Train/40/00040_00009_00011.png
client_3,38417,51,52,5,6,46,47,40,Train/40/00040_00001_00018.png
client_3,18360,27,27,6,5,21,22,12,Train/12/00012_00000_00000.png
client_3,28835,58,52,6,5,53,47,25,Train/25/00025_00012_00005.png
client_3,27630,34,34,5,6,29,29,22,Train/22/00022_00011_00000.png
client_3,21467,59,53,6,5,53,48,13,Train/13/00013_00033_00017.png
client_3,10115,28,30,5,5,23,25,5,Train/5/00005_00056_00005.png
client_3,21342,37,34,6,5,32,29,13,Train/13/00013_00029_00012.png
client_3,20775,56,50,6,5,51,45,13,Train/13/00013_00010_00015.png
client_3,22856,128,123,11,11,117,113,14,Train/14/00014_00007_00026.png
client_3,6511,34,32,6,5,28,27,4,Train/4/00004_00002_00001.png
client_3,21802,68,61,6,6,62,56,13,Train/13/00013_00044_00022.png
client_3,11322,36,37,6,6,31,32,7,Train/7/00007_00020_00012.png
client_3,7511,37,37,5,5,32,32,4,Train/4/00004_00035_00011.png
client_3,29565,50,46,5,6,45,41,25,Train/25/00025_00036_00015.png
client_3,28825,129,145,12,13,118,133,25,Train/25/00025_00011_00025.png
client_3,34519,61,61,6,6,56,56,35,Train/35/00035_00010_00020.png
client_3,19523,67,67,6,6,61,61,12,Train/12/00012_00038_00023.png
client_3,33256,70,70,6,7,63,64,33,Train/33/00033_00005_00016.png
client_3,23748,53,59,6,6,48,54,15,Train/15/00015_00011_00018.png
client_3,4245,36,34,6,6,31,29,2,Train/2/00002_00048_00015.png
client_3,38823,41,41,6,5,36,36,41,Train/41/00041_00003_00004.png
client_3,26395,96,89,8,8,88,81,18,Train/18/00018_00027_00025.png
client_3,3803,38,39,6,5,33,34,2,Train/2/00002_00033_00023.png
client_3,21334,32,30,5,5,27,25,13,Train/13/00013_00029_00004.png
client_3,33115,82,86,8,8,75,79,33,Train/33/00033_00000_00025.png
client_3,19683,33,32,6,5,28,27,12,Train/12/00012_00044_00003.png
client_3,6018,72,73,7,6,66,67,3,Train/3/00003_00032_00018.png
client_3,22084,70,63,7,6,64,58,13,Train/13/00013_00054_00004.png
client_3,17236,40,35,6,6,34,30,11,Train/11/00011_00006_00016.png
client_3,20682,44,41,5,5,39,36,13,Train/13/00013_00007_00012.png
client_3,1125,60,61,6,5,55,55,1,Train/1/00001_00018_00015.png
client_3,33453,35,33,5,6,30,28,33,Train/33/00033_00012_00003.png
client_3,10900,41,41,5,5,36,36,7,Train/7/00007_00006_00010.png
client_3,756,46,53,6,5,40,47,1,Train/1/00001_00006_00006.png
client_3,15064,29,27,6,5,24,21,10,Train/10/00010_00001_00004.png
client_3,37604,35,36,5,6,29,31,38,Train/38/00038_00053_00015.png
client_3,31178,35,31,6,5,29,26,28,Train/28/00028_00012_00008.png
client_3,6639,34,35,6,6,29,30,4,Train/4/00004_00006_00009.png
client_3,2832,36,36,6,5,30,30,2,Train/2/00002_00001_00012.png
client_3,10010,42,42,5,5,37,37,5,Train/5/00005_00052_00020.png
client_3,18536,92,88,9,7,84,81,12,Train/12/00012_00005_00026.png
client_3,21136,56,57,6,6,50,51,13,Train/13/00013_00022_00016.png
client_3,20999,110,98,10,9,101,90,13,Train/13/00013_00017_00029.png
client_3,32808,44,41,5,5,39,36,31,Train/31/00031_00024_00018.png
client_3,7300,35,36,5,5,30,31,4,Train/4/00004_00028_00010.png
client_3,28719,88,83,8,8,80,75,25,Train/25/00025_00008_00009.png
client_3,13247,50,51,5,6,45,46,8,Train/8/00008_00036_00017.png
client_3,7510,37,37,6,6,32,32,4,Train/4/00004_00035_00010.png
client_3,31253,69,63,6,6,63,58,28,Train/28/00028_00014_00023.png
client_3,35925,37,39,5,6,32,34,37,Train/37/00037_00004_00016.png
client_3,23320,45,44,6,5,40,39,14,Train/14/00014_00023_00010.png
client_3,1381,31,32,6,6,26,26,1,Train/1/00001_00027_00001.png
client_3,31004,52,47,5,5,47,42,28,Train/28/00028_00006_00014.png
client_3,20054,48,48,6,6,43,43,12,Train/12/00012_00056_00014.png
client_3,23102,58,58,6,6,53,53,14,Train/14/00014_00016_00002.png
client_3,8846,59,59,5,5,54,54,5,Train/5/00005_00013_00026.png
client_3,15901,29,30,5,6,24,25,10,Train/10/00010_00029_00001.png
client_3,30800,53,49,6,6,48,44,27,Train/27/00027_00007_00020.png
client_3,21446,130,96,11,8,118,88,13,Train/13/00013_00032_00026.png
client_3,34403,66,68,6,7,60,62,35,Train/35/00035_00006_00024.png
client_3,35027,40,42,5,5,35,36,35,Train/35/00035_00027_00018.png
client_3,23782,44,50,5,6,38,44,15,Train/15/00015_00012_00022.png
client_3,31327,39,36,6,5,34,31,28,Train/28/00028_00017_00007.png
client_3,32874,64,62,6,5,59,57,32,Train/32/00032_00000_00024.png
client_3,638,50,51,6,6,45,46,1,Train/1/00001_00002_00008.png
client_3,18236,70,64,6,6,64,59,11,Train/11/00011_00039_00026.png
client_3,31737,123,108,11,9,113,99,30,Train/30/00030_00003_00027.png
client_3,23388,45,46,6,6,40,41,14,Train/14/00014_00025_00018.png
client_3,33535,43,45,5,5,37,39,33,Train/33/00033_00014_00025.png
client_3,14662,69,70,6,7,63,64,9,Train/9/00009_00036_00022.png
client_3,35138,30,29,6,5,25,24,35,Train/35/00035_00031_00009.png
client_3,19718,47,46,6,5,42,41,12,Train/12/00012_00045_00008.png
client_3,21481,32,30,6,5,27,25,13,Train/13/00013_00034_00001.png
client_3,8545,45,45,6,5,40,40,5,Train/5/00005_00003_00025.png
client_3,3434,36,36,6,6,31,31,2,Train/2/00002_00021_00014.png
client_3,9879,37,37,6,5,32,32,5,Train/5/00005_00048_00009.png
client_3,26471,36,34,6,5,30,29,18,Train/18/00018_00030_00011.png
client_3,6376,39,39,5,6,34,34,3,Train/3/00003_00044_00016.png
client_3,2592,42,43,5,5,37,37,1,Train/1/00001_00067_00012.png
client_3,31274,42,37,6,5,36,31,28,Train/28/00028_00015_00014.png
client_3,21617,61,54,6,5,56,49,13,Train/13/00013_00038_00017.png
client_3,1583,53,52,6,6,48,47,1,Train/1/00001_00033_00023.png
client_3,27816,32,30,6,5,27,25,23,Train/23/00023_00004_00006.png
client_3,37104,95,97,8,8,87,89,38,Train/38/00038_00036_00025.png
client_3,17151,76,70,7,7,70,64,11,Train/11/00011_00003_00021.png
client_3,37320,35,35,6,6,30,30,38,Train/38/00038_00044_00001.png
client_3,9703,38,39,6,5,33,34,5,Train/5/00005_00042_00013.png
client_3,30811,36,33,5,5,31,28,28,Train/28/00028_00000_00001.png
client_3,14986,39,40,5,5,34,35,9,Train/9/00009_00047_00016.png
client_3,4806,36,37,5,6,30,31,2,Train/2/00002_00067_00006.png
client_3,14432,27,29,5,6,22,24,9,Train/9/00009_00029_00002.png
client_3,36015,43,43,5,5,38,38,38,Train/38/00038_00000_00016.png
client_3,16411,28,28,6,6,23,23,10,Train/10/00010_00046_00001.png
client_3,33759,28,29,5,6,22,24,33,Train/33/00033_00022_00010.png
client_3,29257,35,34,5,5,30,29,25,Train/25/00025_00026_00007.png
client_3,31091,45,43,5,5,40,38,28,Train/28/00028_00009_00011.png
client_3,33440,59,59,5,5,54,54,33,Train/33/00033_00011_00020.png
client_3,28379,125,119,11,11,115,109,24,Train/24/00024_00005_00029.png
client_3,31662,38,36,5,6,33,31,30,Train/30/00030_00001_00012.png
client_3,19087,49,48,6,5,44,43,12,Train/12/00012_00024_00007.png
client_3,23899,41,41,5,5,36,36,15,Train/15/00015_00016_00019.png
client_3,33671,32,33,5,5,27,28,33,Train/33/00033_00019_00011.png
client_3,9033,28,29,6,6,23,23,5,Train/5/00005_00020_00003.png
client_3,13061,30,31,5,6,24,25,8,Train/8/00008_00030_00011.png
client_3,16663,39,40,5,6,34,35,10,Train/10/00010_00054_00013.png
client_3,36964,36,36,6,6,31,31,38,Train/38/00038_00032_00005.png
client_3,827,51,56,5,5,46,51,1,Train/1/00001_00008_00017.png
client_3,4465,61,64,5,5,55,59,2,Train/2/00002_00055_00025.png
client_3,21683,72,61,7,5,66,56,13,Train/13/00013_00040_00023.png
client_3,33613,36,47,6,6,31,42,33,Train/33/00033_00017_00013.png
client_3,31967,49,48,6,5,44,43,30,Train/30/00030_00011_00017.png
client_3,23944,93,106,9,9,85,97,15,Train/15/00015_00018_00004.png
client_3,22678,178,171,16,14,163,157,14,Train/14/00014_00001_00028.png
client_3,37016,81,85,8,7,74,78,38,Train/38/00038_00033_00027.png
client_3,19952,42,36,6,5,37,31,12,Train/12/00012_00053_00002.png
client_3,29092,54,47,6,5,49,42,25,Train/25/00025_00020_00022.png
client_3,5067,73,75,6,6,67,69,3,Train/3/00003_00000_00027.png
client_3,1468,128,131,11,11,116,119,1,Train/1/00001_00029_00028.png
client_3,7459,46,47,5,6,41,42,4,Train/4/00004_00033_00019.png
client_3,10213,38,36,6,5,32,30,5,Train/5/00005_00059_00013.png
client_3,33160,41,43,5,5,36,37,33,Train/33/00033_00002_00010.png
client_3,22696,46,46,5,5,41,41,14,Train/14/00014_00002_00016.png
client_3,27301,35,35,6,6,30,30,22,Train/22/00022_00000_00001.png
client_3,3578,36,37,6,6,31,32,2,Train/2/00002_00026_00008.png
client_3,7974,50,54,5,5,45,48,4,Train/4/00004_00050_00024.png
client_3,33445,79,80,7,8,72,73,33,Train/33/00033_00011_00025.png
client_3,27198,58,54,6,6,53,49,21,Train/21/00021_00007_00018.png
client_3,10138,108,103,10,9,99,94,5,Train/5/00005_00056_00028.png
client_3,22144,49,47,5,6,44,42,13,Train/13/00013_00056_00004.png
client_3,28879,48,47,5,6,43,42,25,Train/25/00025_00013_00019.png
client_3,31213,56,59,5,6,51,53,28,Train/28/00028_00013_00013.png
client_3,11257,30,31,6,6,25,26,7,Train/7/00007_00018_00007.png
client_3,30995,44,41,5,6,38,36,28,Train/28/00028_00006_00005.png
client_3,29353,64,62,5,6,59,57,25,Train/25/00025_00029_00013.png
client_3,3465,38,41,5,6,32,35,2,Train/2/00002_00022_00015.png
client_3,33343,60,60,6,6,54,55,33,Train/33/00033_00008_00013.png
client_3,26001,63,63,5,5,58,58,18,Train/18/00018_00014_00021.png
client_3,30546,32,29,5,5,26,24,26,Train/26/00026_00019_00006.png
client_3,23855,32,37,6,5,27,32,15,Train/15/00015_00015_00005.png
client_3,28445,39,43,5,5,34,38,24,Train/24/00024_00008_00005.png
client_3,32615,40,37,6,6,35,32,31,Train/31/00031_00018_00005.png
client_3,7613,51,51,5,5,46,46,4,Train/4/00004_00038_00023.png
client_3,25307,46,47,6,6,41,42,17,Train/17/00017_00028_00017.png
client_3,6783,30,29,6,5,25,24,4,Train/4/00004_00011_00003.png
client_3,27650,55,52,6,5,49,46,22,Train/22/00022_00011_00020.png
client_3,6058,69,61,6,6,63,56,3,Train/3/00003_00033_00028.png
client_3,6598,133,129,11,11,122,118,4,Train/4/00004_00004_00028.png
client_3,28377,83,76,7,6,75,70,24,Train/24/00024_00005_00027.png
client_3,36295,64,69,6,6,59,63,38,Train/38/00038_00009_00026.png
client_3,9653,46,47,6,6,41,42,5,Train/5/00005_00040_00023.png
client_3,5666,52,53,5,6,47,48,3,Train/3/00003_00020_00026.png
client_3,8932,56,57,5,6,51,52,5,Train/5/00005_00016_00022.png
client_3,5306,81,85,7,8,74,78,3,Train/3/00003_00008_00026.png
client_3,20851,42,37,6,5,37,32,13,Train/13/00013_00013_00001.png
client_3,3855,40,39,6,5,35,34,2,Train/2/00002_00035_00015.png
client_3,37058,31,32,5,6,26,27,38,Train/38/00038_00035_00009.png
client_3,9325,52,49,5,6,47,44,5,Train/5/00005_00029_00025.png
client_3,20534,45,44,6,5,40,39,13,Train/13/00013_00002_00014.png
client_3,36212,31,32,5,5,26,27,38,Train/38/00038_00007_00003.png
client_3,21321,48,46,5,6,43,41,13,Train/13/00013_00028_00021.png
client_3,24394,29,29,5,5,24,24,16,Train/16/00016_00012_00004.png
client_3,3605,30,30,6,6,25,25,2,Train/2/00002_00027_00005.png
client_3,10153,37,37,5,6,32,32,5,Train/5/00005_00057_00013.png
client_3,23587,31,33,6,6,26,28,15,Train/15/00015_00006_00007.png
client_3,3237,94,93,9,9,86,85,2,Train/2/00002_00014_00027.png
client_3,36782,28,29,5,6,23,24,38,Train/38/00038_00026_00003.png
client_3,27718,110,103,10,9,101,94,23,Train/23/00023_00000_00028.png
client_3,31688,44,40,5,5,39,35,30,Train/30/00030_00002_00008.png
client_3,25484,34,37,5,6,29,32,17,Train/17/00017_00034_00014.png
client_3,9894,56,56,6,6,51,51,5,Train/5/00005_00048_00024.png
client_3,4056,29,29,6,5,24,23,2,Train/2/00002_00042_00006.png
client_3,5610,32,32,5,5,27,27,3,Train/3/00003_00019_00000.png
client_3,15858,46,48,6,5,41,43,10,Train/10/00010_00027_00018.png
client_3,35780,63,64,6,6,58,58,36,Train/36/00036_00012_00021.png
client_3,2505,39,38,6,5,34,33,1,Train/1/00001_00064_00015.png
client_3,38,38,36,5,6,33,31,20,Train/20/00020_00001_00008.png
client_3,13874,50,51,5,6,45,46,9,Train/9/00009_00010_00014.png
client_3,38479,68,63,7,6,62,58,40,Train/40/00040_00003_00020.png
client_3,6414,74,74,7,7,68,68,3,Train/3/00003_00045_00024.png
client_3,11609,80,84,8,8,73,77,7,Train/7/00007_00029_00029.png
client_3,29360,84,83,7,7,77,76,25,Train/25/00025_00029_00020.png
client_3,15219,35,36,5,6,29,30,10,Train/10/00010_00006_00009.png
client_3,2883,50,49,6,6,45,44,2,Train/2/00002_00003_00003.png
client_3,27572,34,32,6,6,29,27,22,Train/22/00022_00009_00002.png
client_3,4164,52,53,5,6,47,48,2,Train/2/00002_00045_00024.png
client_3,27665,35,34,5,6,30,29,22,Train/22/00022_00012_00005.png
client_3,31247,55,51,6,6,50,46,28,Train/28/00028_00014_00017.png
client_3,21988,99,104,8,10,91,95,13,Train/13/00013_00050_00028.png
client_3,13862,37,38,5,6,32,33,9,Train/9/00009_00010_00002.png
client_3,21963,26,28,5,5,21,23,13,Train/13/00013_00050_00003.png
client_3,35525,32,33,5,6,27,28,36,Train/36/00036_00004_00006.png
client_3,21662,33,29,5,5,28,24,13,Train/13/00013_00040_00002.png
client_3,24731,35,38,5,5,30,33,17,Train/17/00017_00009_00011.png
client_3,15291,55,54,6,5,50,49,10,Train/10/00010_00008_00021.png
client_3,22049,97,86,8,8,89,79,13,Train/13/00013_00052_00029.png
client_3,31356,32,43,6,6,27,38,29,Train/29/00029_00000_00006.png
client_3,28587,207,191,17,17,190,174,25,Train/25/00025_00003_00027.png
client_3,1584,55,53,5,5,50,48,1,Train/1/00001_00033_00024.png
client_3,22462,55,51,6,6,50,46,13,Train/13/00013_00066_00022.png
client_3,33638,32,39,6,5,27,34,33,Train/33/00033_00018_00008.png
client_3,38577,124,123,10,11,114,113,40,Train/40/00040_00006_00028.png
client_3,19365,48,52,6,5,43,47,12,Train/12/00012_00033_00015.png
client_3,38294,69,73,6,7,63,66,39,Train/39/00039_00007_00015.png
client_3,28489,67,65,6,6,61,60,25,Train/25/00025_00000_00019.png
client_3,15553,38,38,6,6,33,33,10,Train/10/00010_00017_00013.png
client_3,9966,33,33,6,6,28,28,5,Train/5/00005_00051_00006.png
client_3,11287,29,28,6,6,24,23,7,Train/7/00007_00019_00007.png
client_3,906,30,32,5,5,25,27,1,Train/1/00001_00011_00006.png
client_3,14358,73,76,6,7,67,70,9,Train/9/00009_00026_00018.png
client_3,35118,45,42,6,6,39,37,35,Train/35/00035_00030_00019.png
client_3,4132,56,57,5,6,51,52,2,Train/2/00002_00044_00022.png
client_3,15633,32,29,6,6,26,23,10,Train/10/00010_00020_00003.png
client_3,7232,39,39,6,6,34,34,4,Train/4/00004_00026_00002.png
client_3,35460,26,27,5,6,21,22,36,Train/36/00036_00002_00001.png
client_3,33264,72,71,6,7,65,64,33,Train/33/00033_00005_00024.png
client_3,5078,32,33,6,6,27,27,3,Train/3/00003_00001_00008.png
client_3,28196,71,69,6,7,65,63,23,Train/23/00023_00016_00026.png
client_3,30556,42,38,5,6,36,33,26,Train/26/00026_00019_00016.png
client_3,10465,47,50,5,5,41,44,6,Train/6/00006_00005_00025.png
client_3,2059,52,52,6,6,47,47,1,Train/1/00001_00049_00019.png
client_3,4040,37,40,5,6,32,34,2,Train/2/00002_00041_00020.png
client_3,27264,84,82,8,8,77,75,21,Train/21/00021_00009_00024.png
client_3,15241,31,32,5,5,26,27,10,Train/10/00010_00007_00001.png
client_3,25742,43,39,6,6,38,34,18,Train/18/00018_00006_00002.png
client_3,863,55,53,6,5,50,48,1,Train/1/00001_00009_00023.png
client_3,31768,147,129,12,11,135,118,30,Train/30/00030_00004_00028.png
client_3,9827,47,48,6,6,42,43,5,Train/5/00005_00046_00017.png
client_3,3679,58,57,5,5,53,52,2,Train/2/00002_00029_00019.png
client_3,31372,51,85,6,7,46,78,29,Train/29/00029_00000_00022.png
client_3,14574,68,61,7,5,62,55,9,Train/9/00009_00033_00024.png
client_3,9445,50,52,6,5,45,47,5,Train/5/00005_00033_00025.png
client_3,22698,48,48,6,6,43,43,14,Train/14/00014_00002_00018.png
client_3,9355,50,50,5,6,45,45,5,Train/5/00005_00030_00025.png
client_3,4044,44,47,6,5,39,41,2,Train/2/00002_00041_00024.png
client_3,18538,93,93,8,9,85,84,12,Train/12/00012_00005_00028.png
client_3,38640,26,26,5,5,21,21,40,Train/40/00040_00009_00001.png
client_3,31707,121,107,11,10,111,98,30,Train/30/00030_00002_00027.png
client_3,24573,40,45,5,6,35,40,17,Train/17/00017_00004_00003.png
client_3,8227,34,35,6,6,29,30,4,Train/4/00004_00059_00007.png
client_3,38542,98,93,9,9,90,85,40,Train/40/00040_00005_00023.png
client_3,12611,36,35,5,6,31,30,8,Train/8/00008_00015_00011.png
client_3,28507,74,70,6,7,68,64,25,Train/25/00025_00001_00007.png
client_3,21058,96,83,8,7,88,76,13,Train/13/00013_00019_00028.png
client_3,6953,48,51,6,5,43,46,4,Train/4/00004_00016_00023.png
client_3,17131,36,33,6,5,31,28,11,Train/11/00011_00003_00001.png
client_3,28920,33,32,5,6,28,27,25,Train/25/00025_00015_00000.png
client_3,36496,52,62,5,6,47,57,38,Train/38/00038_00016_00017.png
client_3,218,27,28,5,6,22,23,20,Train/20/00020_00007_00008.png
client_3,7476,31,32,5,6,26,27,4,Train/4/00004_00034_00006.png
client_3,5121,47,50,5,6,42,45,3,Train/3/00003_00002_00021.png
client_3,18108,73,73,7,7,67,67,11,Train/11/00011_00035_00018.png
client_3,10333,38,39,5,5,33,34,6,Train/6/00006_00001_00013.png
client_3,38336,80,81,7,7,73,74,39,Train/39/00039_00008_00027.png
client_3,26934,71,64,7,6,65,59,19,Train/19/00019_00005_00024.png
client_3,18086,123,111,10,10,113,101,11,Train/11/00011_00034_00026.png
client_3,24043,70,71,6,7,64,65,16,Train/16/00016_00000_00013.png
client_3,7711,27,26,5,5,21,21,4,Train/4/00004_00042_00001.png
client_3,32988,42,42,5,5,36,37,32,Train/32/00032_00004_00018.png
client_3,1739,58,60,5,5,53,55,1,Train/1/00001_00038_00029.png
client_3,37493,36,38,5,5,31,33,38,Train/38/00038_00049_00024.png
client_3,35379,36,35,6,5,31,30,35,Train/35/00035_00039_00010.png
client_3,404,37,36,5,5,31,31,0,Train/0/00000_00001_00014.png
client_3,14001,56,58,5,6,51,53,9,Train/9/00009_00014_00021.png
client_3,13435,51,51,6,6,46,46,8,Train/8/00008_00042_00025.png
client_3,19631,70,71,6,7,64,65,12,Train/12/00012_00042_00011.png
client_3,14026,43,43,5,5,38,38,9,Train/9/00009_00015_00016.png
client_3,5874,46,51,5,6,41,46,3,Train/3/00003_00027_00024.png
client_3,133,36,37,5,6,31,32,20,Train/20/00020_00004_00013.png
client_3,22361,37,35,5,5,32,30,13,Train/13/00013_00063_00011.png
client_3,20546,64,69,5,7,59,62,13,Train/13/00013_00002_00026.png
client_3,35768,56,56,5,5,51,51,36,Train/36/00036_00012_00009.png
client_3,18620,58,59,6,6,53,54,12,Train/12/00012_00008_00020.png
client_3,32714,38,39,5,6,33,34,31,Train/31/00031_00021_00014.png
client_3,38097,179,183,16,15,164,168,39,Train/39/00039_00000_00028.png
client_3,15268,107,107,9,9,98,98,10,Train/10/00010_00007_00028.png
client_3,1878,58,59,5,6,53,54,1,Train/1/00001_00043_00018.png
client_3,23818,75,77,7,7,69,71,15,Train/15/00015_00013_00028.png
client_3,26072,29,27,5,6,24,22,18,Train/18/00018_00017_00002.png
client_3,7026,35,35,5,5,30,30,4,Train/4/00004_00019_00006.png
client_3,10359,34,36,6,6,29,31,6,Train/6/00006_00002_00009.png
client_3,9451,27,27,5,5,21,22,5,Train/5/00005_00034_00001.png
client_3,4856,80,81,7,8,72,74,2,Train/2/00002_00068_00026.png
client_3,3889,46,46,5,5,41,41,2,Train/2/00002_00036_00019.png
client_3,7578,44,45,5,6,39,40,4,Train/4/00004_00037_00018.png
client_3,28626,36,35,5,6,30,30,25,Train/25/00025_00005_00006.png
client_3,19174,36,36,5,5,31,31,12,Train/12/00012_00027_00004.png
client_3,31286,84,74,7,6,77,67,28,Train/28/00028_00015_00026.png
client_3,3037,30,30,6,6,24,25,2,Train/2/00002_00008_00007.png
client_3,21697,63,57,5,5,58,52,13,Train/13/00013_00041_00007.png
client_3,9699,35,36,6,6,30,31,5,Train/5/00005_00042_00009.png
client_3,34092,38,41,6,5,32,36,34,Train/34/00034_00010_00013.png
client_3,3215,27,26,6,5,22,21,2,Train/2/00002_00014_00005.png
client_3,35915,29,28,6,5,24,23,37,Train/37/00037_00004_00006.png
client_3,21533,107,111,10,10,98,102,13,Train/13/00013_00035_00023.png
client_3,13792,56,55,6,5,50,49,9,Train/9/00009_00007_00022.png
client_3,6287,82,82,7,7,74,75,3,Train/3/00003_00041_00017.png
client_3,28705,104,88,9,7,95,81,25,Train/25/00025_00007_00025.png
client_3,16087,33,31,6,6,28,26,10,Train/10/00010_00035_00007.png
client_3,4467,73,79,6,7,67,72,2,Train/2/00002_00055_00027.png
client_3,2613,28,30,6,6,23,25,1,Train/1/00001_00068_00003.png
client_3,16127,39,35,5,5,34,30,10,Train/10/00010_00036_00017.png
client_3,24597,34,35,6,6,29,30,17,Train/17/00017_00004_00027.png
client_3,34156,37,39,6,6,32,34,34,Train/34/00034_00012_00017.png
client_3,29838,50,46,5,6,45,41,25,Train/25/00025_00045_00018.png
client_3,13961,41,41,6,6,36,36,9,Train/9/00009_00013_00011.png
client_3,6181,26,28,5,6,21,23,3,Train/3/00003_00038_00001.png
client_3,13361,35,35,5,5,30,30,8,Train/8/00008_00040_00011.png
client_3,5636,46,43,6,5,41,38,3,Train/3/00003_00019_00026.png
client_3,22201,27,27,5,5,22,21,13,Train/13/00013_00058_00001.png
client_3,8843,52,52,5,5,47,47,5,Train/5/00005_00013_00023.png
client_3,16744,34,34,5,6,29,29,10,Train/10/00010_00057_00004.png
client_3,24234,122,123,10,11,112,113,16,Train/16/00016_00006_00024.png
client_3,27217,53,46,6,5,48,41,21,Train/21/00021_00008_00007.png
client_3,25261,27,27,6,6,21,22,17,Train/17/00017_00027_00001.png
client_3,16892,30,31,5,6,25,26,10,Train/10/00010_00062_00002.png
client_3,25602,54,51,5,5,49,46,18,Train/18/00018_00001_00012.png
client_3,7353,31,32,5,6,26,27,4,Train/4/00004_00030_00003.png
client_3,3747,51,54,6,6,46,49,2,Train/2/00002_00031_00027.png
client_3,20770,44,40,6,6,39,35,13,Train/13/00013_00010_00010.png
client_3,20426,61,59,5,5,56,54,12,Train/12/00012_00068_00026.png
client_3,31989,33,37,5,6,28,32,30,Train/30/00030_00012_00009.png
client_3,15889,40,40,6,6,35,35,10,Train/10/00010_00028_00019.png
client_3,15307,34,34,5,5,29,29,10,Train/10/00010_00009_00007.png
client_3,6863,56,58,6,5,51,53,4,Train/4/00004_00013_00023.png
client_3,20834,55,51,5,6,50,46,13,Train/13/00013_00012_00014.png
client_3,10303,39,41,5,6,34,36,6,Train/6/00006_00000_00013.png
client_3,19111,31,36,6,5,26,31,12,Train/12/00012_00025_00001.png
client_3,13891,30,33,5,5,25,27,9,Train/9/00009_00011_00001.png
client_3,18517,50,52,5,6,44,46,12,Train/12/00012_00005_00007.png
client_3,12693,32,37,5,6,27,32,8,Train/8/00008_00018_00003.png
client_3,36310,34,33,6,5,29,28,38,Train/38/00038_00010_00011.png
client_3,9739,43,42,6,5,38,37,5,Train/5/00005_00043_00019.png
client_3,22249,96,89,9,8,88,81,13,Train/13/00013_00059_00019.png
client_3,14551,29,26,6,5,24,21,9,Train/9/00009_00033_00001.png
client_3,33643,34,47,5,6,29,42,33,Train/33/00033_00018_00013.png
client_3,29331,88,83,7,7,81,76,25,Train/25/00025_00028_00021.png
client_3,29955,51,49,5,6,46,44,25,Train/25/00025_00049_00015.png
client_3,5223,44,47,5,5,39,42,3,Train/3/00003_00006_00003.png
client_3,35919,31,33,6,6,26,27,37,Train/37/00037_00004_00010.png
client_3,3759,34,32,5,5,29,27,2,Train/2/00002_00032_00009.png
client_3,10376,72,72,6,6,66,66,6,Train/6/00006_00002_00026.png
client_3,5426,65,65,6,6,60,60,3,Train/3/00003_00012_00026.png
client_3,34928,35,35,6,5,30,30,35,Train/35/00035_00024_00009.png
client_3,5546,51,52,5,5,46,47,3,Train/3/00003_00016_00026.png
client_3,12997,31,29,5,6,26,24,8,Train/8/00008_00028_00007.png
client_3,31859,165,147,14,12,151,135,30,Train/30/00030_00007_00029.png
client_3,4043,42,45,5,5,37,40,2,Train/2/00002_00041_00023.png
client_3,6468,56,55,6,5,51,50,4,Train/4/00004_00000_00018.png
client_3,7899,35,35,5,5,30,30,4,Train/4/00004_00048_00009.png
client_3,38758,112,117,9,10,103,107,41,Train/41/00041_00000_00029.png
client_3,21132,52,52,6,5,47,47,13,Train/13/00013_00022_00012.png
client_3,6365,29,30,5,5,24,25,3,Train/3/00003_00044_00005.png
client_3,22630,59,58,6,5,54,53,14,Train/14/00014_00000_00010.png
client_3,5072,29,28,6,5,24,23,3,Train/3/00003_00001_00002.png
client_3,23652,43,44,5,6,38,39,15,Train/15/00015_00008_00012.png
client_3,34633,41,40,6,6,35,35,35,Train/35/00035_00014_00014.png
client_3,24758,32,31,6,5,27,26,17,Train/17/00017_00010_00008.png
client_3,38749,49,50,6,5,43,44,41,Train/41/00041_00000_00020.png
client_3,37807,32,35,5,5,27,30,38,Train/38/00038_00060_00008.png
client_3,20099,48,53,5,6,45,48,12,Train/12/00012_00057_00029.png
client_3,19045,64,61,6,5,59,56,12,Train/12/00012_00022_00025.png
client_3,21114,74,67,7,6,68,61,13,Train/13/00013_00021_00024.png
client_3,19313,68,67,7,6,62,61,12,Train/12/00012_00031_00023.png
client_3,28632,40,38,5,5,34,32,25,Train/25/00025_00005_00012.png
client_3,6308,33,32,6,5,28,27,3,Train/3/00003_00042_00008.png
client_3,3825,40,41,6,6,35,36,2,Train/2/00002_00034_00015.png
client_3,17324,57,52,6,5,52,47,11,Train/11/00011_00009_00014.png
client_3,13840,39,39,6,5,33,33,9,Train/9/00009_00009_00010.png
client_3,8142,35,37,6,5,30,32,4,Train/4/00004_00056_00012.png
client_3,29532,39,36,6,6,34,31,25,Train/25/00025_00035_00012.png
client_3,35809,46,46,6,6,41,41,37,Train/37/00037_00000_00020.png
client_3,31089,44,43,6,6,39,38,28,Train/28/00028_00009_00009.png
client_3,7975,54,57,6,5,49,52,4,Train/4/00004_00050_00025.png
client_3,33734,42,45,6,6,36,39,33,Train/33/00033_00021_00015.png
client_3,28538,33,31,6,5,28,26,25,Train/25/00025_00002_00008.png
client_3,18658,93,96,9,8,85,88,12,Train/12/00012_00009_00028.png
client_3,30847,41,37,5,6,35,32,28,Train/28/00028_00001_00007.png
client_3,23370,27,28,5,5,22,23,14,Train/14/00014_00025_00000.png
client_3,31076,140,123,12,11,127,112,28,Train/28/00028_00008_00026.png
client_3,26023,53,53,5,5,48,48,18,Train/18/00018_00015_00013.png
client_3,35868,69,68,6,7,63,62,37,Train/37/00037_00002_00019.png
client_3,11295,38,42,5,6,33,37,7,Train/7/00007_00019_00015.png
client_3,6674,36,35,6,5,31,30,4,Train/4/00004_00007_00014.png
client_3,8857,34,33,6,5,29,28,5,Train/5/00005_00014_00007.png
client_3,5578,108,112,10,10,99,103,3,Train/3/00003_00017_00028.png
client_3,11988,46,47,5,6,41,42,7,Train/7/00007_00042_00018.png
client_3,17637,56,54,6,6,51,49,11,Train/11/00011_00019_00027.png
client_3,14298,44,47,5,5,38,42,9,Train/9/00009_00024_00018.png
client_3,26439,40,37,5,6,34,32,18,Train/18/00018_00029_00009.png
client_3,25985,38,39,5,6,33,34,18,Train/18/00018_00014_00005.png
client_3,17694,68,59,6,6,62,54,11,Train/11/00011_00021_00024.png
client_3,30521,37,34,5,6,31,29,26,Train/26/00026_00018_00011.png
client_3,20432,49,48,6,6,44,43,12,Train/12/00012_00069_00002.png
client_3,20279,97,104,8,9,89,95,12,Train/12/00012_00063_00029.png
client_3,36215,33,35,5,5,28,30,38,Train/38/00038_00007_00006.png
client_3,25435,39,42,5,5,34,37,17,Train/17/00017_00032_00025.png
client_3,1025,28,28,5,5,23,23,1,Train/1/00001_00015_00005.png
client_3,4430,45,43,5,5,39,38,2,Train/2/00002_00054_00020.png
client_3,13008,39,35,6,6,34,30,8,Train/8/00008_00028_00018.png
client_3,9930,30,29,6,5,25,24,5,Train/5/00005_00050_00000.png
client_3,9369,31,32,6,6,26,27,5,Train/5/00005_00031_00009.png
client_3,28815,83,87,8,7,76,80,25,Train/25/00025_00011_00015.png
client_3,28804,61,64,6,6,56,59,25,Train/25/00025_00011_00004.png
client_3,36850,30,31,6,5,25,26,38,Train/38/00038_00028_00011.png
client_3,34635,44,43,6,5,39,38,35,Train/35/00035_00014_00016.png
client_3,21323,50,46,6,5,44,40,13,Train/13/00013_00028_00023.png
client_3,15954,44,45,5,6,39,40,10,Train/10/00010_00030_00024.png
client_3,16642,74,75,7,6,68,69,10,Train/10/00010_00053_00022.png
client_3,29164,43,43,6,6,38,38,25,Train/25/00025_00023_00004.png
client_3,38094,151,156,13,14,138,143,39,Train/39/00039_00000_00025.png
client_3,24021,48,47,5,5,43,42,15,Train/15/00015_00020_00021.png
client_3,27461,38,35,5,5,33,30,22,Train/22/00022_00005_00011.png
client_3,6866,72,76,6,7,66,70,4,Train/4/00004_00013_00026.png
client_3,24067,43,45,5,5,38,40,16,Train/16/00016_00001_00007.png
client_3,35590,36,36,5,5,31,31,36,Train/36/00036_00006_00011.png
client_3,10524,37,39,6,5,32,34,6,Train/6/00006_00007_00024.png
client_3,14315,31,31,5,5,26,26,9,Train/9/00009_00025_00005.png
client_3,33551,32,39,5,6,27,33,33,Train/33/00033_00015_00011.png
client_3,37605,37,36,6,5,31,31,38,Train/38/00038_00053_00016.png
client_3,36385,43,44,6,6,37,38,38,Train/38/00038_00012_00026.png
client_3,25146,30,31,6,6,25,26,17,Train/17/00017_00023_00006.png
client_3,1786,51,53,6,6,46,48,1,Train/1/00001_00040_00016.png
client_3,19380,51,51,5,5,46,46,12,Train/12/00012_00034_00000.png
client_3,7174,35,36,5,6,30,31,4,Train/4/00004_00024_00004.png
client_3,9269,136,106,12,10,124,96,5,Train/5/00005_00027_00029.png
client_3,1734,43,46,5,6,38,41,1,Train/1/00001_00038_00024.png
client_3,21188,42,40,5,5,37,34,13,Train/13/00013_00024_00008.png
client_3,9210,27,26,5,6,22,21,5,Train/5/00005_00026_00000.png
client_3,32146,55,52,5,6,50,47,31,Train/31/00031_00002_00016.png
client_3,23243,113,110,10,9,104,101,14,Train/14/00014_00020_00023.png
client_3,539,109,108,9,10,100,99,0,Train/0/00000_00005_00029.png
client_3,34130,73,73,7,7,67,67,34,Train/34/00034_00011_00021.png
client_3,28750,32,32,5,5,26,26,25,Train/25/00025_00009_00010.png
client_3,25079,75,61,6,6,69,56,17,Train/17/00017_00020_00029.png
client_3,7932,35,34,6,5,29,29,4,Train/4/00004_00049_00012.png
client_3,21961,27,29,6,6,22,24,13,Train/13/00013_00050_00001.png
client_3,33223,38,39,5,5,33,34,33,Train/33/00033_00004_00013.png
client_3,537,83,82,8,7,76,75,0,Train/0/00000_00005_00027.png
client_3,22849,74,72,7,6,68,66,14,Train/14/00014_00007_00019.png
client_3,36271,34,33,6,5,29,28,38,Train/38/00038_00009_00002.png
client_3,30199,42,39,6,6,37,34,26,Train/26/00026_00007_00019.png
client_3,26843,92,71,9,6,84,65,19,Train/19/00019_00002_00023.png
client_3,11802,36,36,5,6,31,31,7,Train/7/00007_00036_00012.png
client_3,14843,81,81,8,8,74,74,9,Train/9/00009_00042_00023.png
client_3,14284,30,34,5,6,25,28,9,Train/9/00009_00024_00004.png
client_3,16654,34,34,6,6,29,29,10,Train/10/00010_00054_00004.png
client_3,38824,41,41,6,5,36,36,41,Train/41/00041_00003_00005.png
client_3,16295,35,36,5,5,29,30,10,Train/10/00010_00042_00005.png
client_3,17359,81,72,7,6,74,66,11,Train/11/00011_00010_00019.png
client_3,28962,38,39,5,6,33,34,25,Train/25/00025_00016_00012.png
client_3,883,37,38,5,6,32,33,1,Train/1/00001_00010_00013.png
client_3,35912,26,28,5,6,21,22,37,Train/37/00037_00004_00003.png
client_3,14748,41,41,5,5,36,36,9,Train/9/00009_00039_00018.png
client_3,19868,35,36,6,5,30,31,12,Train/12/00012_00050_00008.png
client_3,13501,32,31,5,6,26,26,8,Train/8/00008_00045_00001.png
client_3,25347,45,50,5,6,40,45,17,Train/17/00017_00029_00027.png
client_3,6698,31,32,5,5,25,27,4,Train/4/00004_00008_00008.png
client_3,12904,28,28,6,5,23,22,8,Train/8/00008_00025_00004.png
client_3,27602,28,28,6,6,23,23,22,Train/22/00022_00010_00002.png
client_3,34194,59,58,6,5,54,53,34,Train/34/00034_00013_00025.png
client_3,19155,43,42,6,6,38,37,12,Train/12/00012_00026_00015.png
client_3,33048,40,41,5,6,35,36,32,Train/32/00032_00006_00018.png
client_3,11522,27,29,5,6,22,24,7,Train/7/00007_00027_00002.png
client_3,31376,62,121,6,11,56,111,29,Train/29/00029_00000_00026.png
client_3,35803,41,42,5,6,36,37,37,Train/37/00037_00000_00014.png
client_3,4172,33,32,6,5,28,27,2,Train/2/00002_00046_00002.png
client_3,34612,61,60,6,5,56,55,35,Train/35/00035_00013_00023.png
client_3,7967,39,41,5,6,34,36,4,Train/4/00004_00050_00017.png
client_3,4662,43,45,5,6,38,40,2,Train/2/00002_00062_00012.png
client_3,29959,57,54,5,5,52,49,25,Train/25/00025_00049_00019.png
client_3,14509,35,34,6,5,29,29,9,Train/9/00009_00031_00019.png
client_3,17086,80,75,8,7,73,69,11,Train/11/00011_00001_00016.png
client_3,22893,28,31,5,5,23,26,14,Train/14/00014_00009_00003.png
client_3,37745,43,43,6,6,38,38,38,Train/38/00038_00058_00006.png
client_3,15753,30,30,5,5,25,25,10,Train/10/00010_00024_00003.png
client_3,33386,103,103,9,9,94,94,33,Train/33/00033_00009_00026.png
client_3,38926,42,42,5,5,37,37,41,Train/41/00041_00006_00017.png
client_3,2215,82,81,8,8,75,73,1,Train/1/00001_00054_00025.png
client_3,22233,93,83,9,7,84,76,13,Train/13/00013_00059_00003.png
client_3,30396,58,52,6,6,52,47,26,Train/26/00026_00014_00006.png
client_3,26607,92,80,9,8,84,73,18,Train/18/00018_00034_00027.png
client_3,14370,27,29,6,6,22,24,9,Train/9/00009_00027_00000.png
client_3,13613,56,56,6,5,51,51,9,Train/9/00009_00001_00023.png
client_3,2983,33,35,6,6,28,29,2,Train/2/00002_00006_00013.png
client_3,10581,40,42,5,6,35,37,6,Train/6/00006_00009_00021.png
client_3,31816,39,38,6,5,34,33,30,Train/30/00030_00006_00016.png
client_3,30684,55,56,6,6,50,51,27,Train/27/00027_00003_00024.png
client_3,27255,49,47,5,5,44,41,21,Train/21/00021_00009_00015.png
client_3,6329,61,61,5,6,56,56,3,Train/3/00003_00042_00029.png
client_3,24451,28,33,6,6,22,28,17,Train/17/00017_00000_00001.png
client_3,36252,32,32,6,5,27,26,38,Train/38/00038_00008_00013.png
client_3,6283,70,70,7,7,64,64,3,Train/3/00003_00041_00013.png
client_3,30727,33,31,5,5,27,25,27,Train/27/00027_00005_00007.png
client_3,24491,32,32,5,5,27,27,17,Train/17/00017_00001_00011.png
client_3,33009,30,32,6,6,25,27,32,Train/32/00032_00005_00009.png
client_3,12341,34,35,5,6,28,29,8,Train/8/00008_00006_00011.png
client_3,35860,40,39,5,5,35,34,37,Train/37/00037_00002_00011.png
client_3,27039,37,35,5,5,32,30,21,Train/21/00021_00002_00009.png
client_3,35727,75,75,7,6,69,69,36,Train/36/00036_00010_00028.png
client_3,10157,41,41,5,5,36,36,5,Train/5/00005_00057_00017.png
client_3,25105,58,54,6,6,53,49,17,Train/17/00017_00021_00025.png
client_3,33473,43,39,6,5,38,34,33,Train/33/00033_00012_00023.png
client_3,34493,71,70,7,6,64,64,35,Train/35/00035_00009_00024.png
client_3,5704,29,30,5,5,24,25,3,Train/3/00003_00022_00004.png
client_3,19853,51,51,6,6,45,46,12,Train/12/00012_00049_00023.png
client_3,14929,53,57,5,5,47,51,9,Train/9/00009_00045_00019.png
client_3,26181,103,95,9,9,94,87,18,Train/18/00018_00020_00021.png
client_3,10404,56,58,5,5,51,53,6,Train/6/00006_00003_00024.png
client_3,13331,37,39,5,6,32,34,8,Train/8/00008_00039_00011.png
client_3,33631,28,34,5,5,23,29,33,Train/33/00033_00018_00001.png
client_3,11020,39,36,6,5,33,31,7,Train/7/00007_00010_00010.png
client_3,31909,74,68,6,7,68,62,30,Train/30/00030_00009_00019.png
client_3,37049,28,29,6,6,23,24,38,Train/38/00038_00035_00000.png
client_3,34533,30,32,5,5,25,27,35,Train/35/00035_00011_00004.png
client_3,26991,72,68,7,6,65,61,21,Train/21/00021_00000_00021.png
client_3,36391,27,29,5,6,22,24,38,Train/38/00038_00013_00002.png
client_3,24754,26,27,5,5,21,21,17,Train/17/00017_00010_00004.png
client_3,15273,33,32,6,5,27,26,10,Train/10/00010_00008_00003.png
client_3,1409,88,95,8,8,81,87,1,Train/1/00001_00027_00029.png
client_3,28519,110,97,9,8,101,89,25,Train/25/00025_00001_00019.png
client_3,32768,33,34,5,6,28,29,31,Train/31/00031_00023_00008.png
client_3,36435,34,36,6,5,29,31,38,Train/38/00038_00014_00016.png
client_3,23771,40,43,6,5,34,38,15,Train/15/00015_00012_00011.png
client_3,15061,29,27,5,6,24,22,10,Train/10/00010_00001_00001.png
client_3,2621,34,33,6,6,29,28,1,Train/1/00001_00068_00011.png
client_3,23416,49,50,5,5,44,45,15,Train/15/00015_00000_00016.png
client_3,33869,40,45,5,6,35,40,34,Train/34/00034_00003_00000.png
client_3,10259,48,57,6,5,43,51,5,Train/5/00005_00060_00029.png
client_3,32028,43,40,5,6,38,35,30,Train/30/00030_00013_00018.png
client_3,21312,48,45,5,5,43,40,13,Train/13/00013_00028_00012.png
client_3,31972,70,72,6,7,63,65,30,Train/30/00030_00011_00022.png
client_3,22355,33,31,6,6,28,26,13,Train/13/00013_00063_00005.png
client_3,18110,73,74,6,7,67,68,11,Train/11/00011_00035_00020.png
client_3,18773,51,51,5,5,46,46,12,Train/12/00012_00013_00023.png
client_3,33921,79,79,7,7,72,72,34,Train/34/00034_00004_00022.png
client_3,4391,36,36,5,6,31,31,2,Train/2/00002_00053_00011.png
client_3,35487,70,73,6,7,64,67,36,Train/36/00036_00002_00028.png
client_3,29953,50,46,6,5,45,41,25,Train/25/00025_00049_00013.png
client_3,3352,52,53,5,6,47,48,2,Train/2/00002_00018_00022.png
client_3,22101,122,117,10,11,111,107,13,Train/13/00013_00054_00021.png
client_3,21216,37,34,6,5,32,29,13,Train/13/00013_00025_00006.png
client_3,22450,37,34,6,6,32,29,13,Train/13/00013_00066_00010.png
client_3,6543,28,28,5,5,23,23,4,Train/4/00004_00003_00003.png
client_3,20224,38,38,5,5,33,33,12,Train/12/00012_00062_00004.png
client_3,19379,73,80,6,8,67,73,12,Train/12/00012_00033_00029.png
client_3,20453,77,81,7,7,71,74,12,Train/12/00012_00069_00023.png
client_3,20190,38,43,6,5,33,38,12,Train/12/00012_00061_00000.png
client_3,13706,58,58,5,5,53,53,9,Train/9/00009_00004_00026.png
client_3,9071,37,37,6,6,32,32,5,Train/5/00005_00021_00011.png
client_3,5200,36,35,6,5,31,30,3,Train/3/00003_00005_00010.png
client_3,14456,94,92,8,8,85,83,9,Train/9/00009_00029_00026.png
client_3,4544,32,31,6,5,27,26,2,Train/2/00002_00058_00014.png
client_3,14601,49,49,5,6,44,44,9,Train/9/00009_00034_00021.png
client_3,24706,29,32,5,5,24,27,17,Train/17/00017_00008_00016.png
client_3,2568,60,58,6,5,54,52,1,Train/1/00001_00066_00018.png
client_3,34811,39,39,6,6,34,34,35,Train/35/00035_00020_00012.png
client_3,30463,40,37,6,6,34,32,26,Train/26/00026_00016_00013.png
client_3,24653,52,55,5,5,47,50,17,Train/17/00017_00006_00023.png
client_3,34842,36,37,6,6,31,32,35,Train/35/00035_00021_00013.png
client_3,28520,118,104,11,10,108,95,25,Train/25/00025_00001_00020.png
client_3,12533,60,61,5,6,55,56,8,Train/8/00008_00012_00023.png
client_3,7354,32,33,5,6,27,28,4,Train/4/00004_00030_00004.png
client_3,20395,73,67,7,6,67,61,12,Train/12/00012_00067_00025.png
client_3,14589,32,31,6,6,27,26,9,Train/9/00009_00034_00009.png
client_3,12407,42,43,5,6,37,38,8,Train/8/00008_00008_00017.png
client_3,4553,43,42,6,5,38,37,2,Train/2/00002_00058_00023.png
client_3,29754,83,75,7,7,76,69,25,Train/25/00025_00042_00024.png
client_3,34432,61,62,6,6,56,56,35,Train/35/00035_00007_00023.png
client_3,32904,47,44,6,5,42,39,32,Train/32/00032_00001_00024.png
client_3,35337,71,76,6,6,65,70,35,Train/35/00035_00037_00028.png
client_3,16982,27,27,5,6,21,22,10,Train/10/00010_00065_00002.png
client_3,32027,42,39,5,6,37,34,30,Train/30/00030_00013_00017.png
client_3,13327,34,36,5,6,29,31,8,Train/8/00008_00039_00007.png
client_3,5337,69,73,7,7,63,67,3,Train/3/00003_00009_00027.png
client_3,21094,30,28,6,5,25,22,13,Train/13/00013_00021_00004.png
client_3,15764,37,38,5,6,32,33,10,Train/10/00010_00024_00014.png
client_3,14741,41,41,5,5,36,36,9,Train/9/00009_00039_00011.png
client_3,38771,32,33,6,6,27,28,41,Train/41/00041_00001_00012.png
client_3,10241,29,31,6,5,24,26,5,Train/5/00005_00060_00011.png
client_3,28721,94,87,9,8,85,80,25,Train/25/00025_00008_00011.png
client_3,33455,37,35,6,6,31,29,33,Train/33/00033_00012_00005.png
client_3,20810,55,64,5,6,50,59,13,Train/13/00013_00011_00020.png
client_3,19346,72,81,7,7,66,74,12,Train/12/00012_00032_00026.png
client_3,33899,50,49,6,5,45,44,34,Train/34/00034_00004_00000.png
client_3,21192,47,44,6,5,42,39,13,Train/13/00013_00024_00012.png
client_3,13115,31,31,6,5,25,26,8,Train/8/00008_00032_00005.png
client_3,38870,43,46,5,6,38,40,41,Train/41/00041_00004_00021.png
client_3,21280,34,31,6,5,29,26,13,Train/13/00013_00027_00010.png
client_3,9882,38,40,5,6,33,35,5,Train/5/00005_00048_00012.png
client_3,33324,113,119,9,10,103,108,33,Train/33/00033_00007_00024.png
client_3,22171,73,64,6,6,67,59,13,Train/13/00013_00057_00001.png
client_3,23571,43,43,5,5,38,38,15,Train/15/00015_00005_00021.png
client_3,17357,73,64,7,5,67,59,11,Train/11/00011_00010_00017.png
client_3,28870,37,36,6,6,32,30,25,Train/25/00025_00013_00010.png
client_3,34600,35,35,6,6,30,30,35,Train/35/00035_00013_00011.png
client_3,38148,61,71,5,7,56,65,39,Train/39/00039_00002_00019.png
client_3,4189,44,46,6,5,39,41,2,Train/2/00002_00046_00019.png
client_3,34397,48,50,5,6,43,44,35,Train/35/00035_00006_00018.png
client_3,14473,34,35,5,5,29,29,9,Train/9/00009_00030_00013.png
client_3,23915,34,36,5,6,29,30,15,Train/15/00015_00017_00005.png
client_3,18213,30,30,5,6,25,25,11,Train/11/00011_00039_00003.png
client_3,8025,34,34,5,5,29,29,4,Train/4/00004_00052_00015.png
client_3,14075,30,31,6,5,25,26,9,Train/9/00009_00017_00005.png
client_3,37475,32,33,5,6,27,28,38,Train/38/00038_00049_00006.png
client_3,2742,52,52,5,5,47,47,1,Train/1/00001_00072_00012.png
client_3,17246,63,55,6,5,58,50,11,Train/11/00011_00006_00026.png
client_3,27172,59,54,6,6,54,49,21,Train/21/00021_00006_00022.png
client_3,12635,34,33,6,5,29,28,8,Train/8/00008_00016_00005.png
client_3,15452,30,30,5,5,25,25,10,Train/10/00010_00014_00002.png
client_3,1979,123,123,10,10,113,113,1,Train/1/00001_00046_00029.png
client_3,11525,29,29,6,5,24,24,7,Train/7/00007_00027_00005.png
client_3,32876,83,82,8,7,76,75,32,Train/32/00032_00000_00026.png
client_3,27910,42,38,5,5,37,33,23,Train/23/00023_00007_00010.png
client_3,14049,47,46,6,6,41,41,9,Train/9/00009_00016_00009.png
client_3,18252,46,43,5,5,41,38,11,Train/11/00011_00040_00012.png
client_3,10920,32,32,5,5,27,27,7,Train/7/00007_00007_00000.png
client_3,35346,28,29,5,5,23,24,35,Train/35/00035_00038_00007.png
client_3,33103,28,31,5,6,23,26,33,Train/33/00033_00000_00013.png
client_3,10831,30,31,5,5,25,25,7,Train/7/00007_00004_00001.png
client_3,26263,45,41,6,6,40,36,18,Train/18/00018_00023_00013.png
client_3,12503,58,57,6,5,53,52,8,Train/8/00008_00011_00023.png
client_3,21523,59,68,6,7,54,62,13,Train/13/00013_00035_00013.png
client_3,6348,34,37,5,5,29,32,3,Train/3/00003_00043_00018.png
client_3,31717,47,40,6,5,42,35,30,Train/30/00030_00003_00007.png
client_3,27237,132,109,12,9,121,100,21,Train/21/00021_00008_00027.png
client_3,17314,46,42,5,6,40,37,11,Train/11/00011_00009_00004.png
client_3,37836,37,39,6,6,32,34,38,Train/38/00038_00061_00007.png
client_3,7866,41,42,5,6,35,36,4,Train/4/00004_00047_00006.png
client_3,35417,52,51,6,5,46,46,36,Train/36/00036_00000_00018.png
client_3,27907,39,36,5,6,34,31,23,Train/23/00023_00007_00007.png
client_3,6168,44,46,6,5,39,41,3,Train/3/00003_00037_00018.png
client_3,27346,45,41,6,6,40,35,22,Train/22/00022_00001_00016.png
client_3,13857,92,92,9,8,84,84,9,Train/9/00009_00009_00027.png
client_3,9013,39,39,6,6,34,34,5,Train/5/00005_00019_00013.png
client_3,24604,30,30,6,6,25,25,17,Train/17/00017_00005_00004.png
client_3,19243,50,48,5,5,44,42,12,Train/12/00012_00029_00013.png
client_3,33084,50,50,6,6,45,45,32,Train/32/00032_00007_00024.png
client_3,21314,49,45,6,5,44,40,13,Train/13/00013_00028_00014.png
client_3,27329,140,125,13,11,128,115,22,Train/22/00022_00000_00029.png
client_3,13445,30,29,6,6,25,24,8,Train/8/00008_00043_00005.png
client_3,9312,32,33,5,5,27,28,5,Train/5/00005_00029_00012.png
