client_id,sample_id,Width,Height,Roi.X1,Roi.Y1,Roi.X2,Roi.Y2,ClassId,Path
4,24084,97,99,8,9,89,91,16,Train/16/00016_00001_00024.png
4,13768,70,69,6,6,64,63,9,Train/9/00009_00006_00028.png
4,24286,75,74,7,7,68,68,16,Train/16/00016_00008_00016.png
4,37857,46,48,5,6,41,43,38,Train/38/00038_00061_00028.png
4,3857,45,45,6,6,40,40,2,Train/2/00002_00035_00017.png
4,32444,49,44,6,6,44,39,31,Train/31/00031_00012_00014.png
4,12606,33,31,5,5,28,25,8,Train/8/00008_00015_00006.png
4,31983,34,34,5,5,29,29,30,Train/30/00030_00012_00003.png
4,5260,34,33,6,5,29,28,3,Train/3/00003_00007_00010.png
4,36410,43,44,5,6,38,39,38,Train/38/00038_00013_00021.png
4,32078,50,44,5,6,45,39,31,Train/31/00031_00000_00008.png
4,6125,31,33,5,6,26,28,3,Train/3/00003_00036_00005.png
4,24393,29,30,5,6,24,25,16,Train/16/00016_00012_00003.png
4,24352,52,53,6,6,47,48,16,Train/16/00016_00010_00022.png
4,37853,46,46,5,5,41,41,38,Train/38/00038_00061_00024.png
4,21108,50,43,6,5,45,38,13,Train/13/00013_00021_00018.png
4,28184,51,51,5,6,46,46,23,Train/23/00023_00016_00014.png
4,11808,43,40,5,5,38,35,7,Train/7/00007_00036_00018.png
4,37415,28,27,6,6,23,22,38,Train/38/00038_00047_00006.png
4,20398,88,83,7,8,81,76,12,Train/12/00012_00067_00028.png
4,38752,58,58,5,5,53,53,41,Train/41/00041_00000_00023.png
4,8779,53,54,6,6,48,49,5,Train/5/00005_00011_00019.png
4,8737,32,33,5,5,27,28,5,Train/5/00005_00010_00007.png
4,21206,121,104,11,10,110,95,13,Train/13/00013_00024_00026.png
4,27299,181,165,15,14,165,151,21,Train/21/00021_00010_00029.png
4,37921,30,30,6,5,25,25,38,Train/38/00038_00064_00002.png
4,24075,55,58,5,5,50,53,16,Train/16/00016_00001_00015.png
4,17435,42,41,6,6,37,36,11,Train/11/00011_00013_00005.png
4,19348,92,93,9,9,84,85,12,Train/12/00012_00032_00028.png
4,4150,31,31,6,6,26,26,2,Train/2/00002_00045_00010.png
4,24305,31,32,6,6,26,27,16,Train/16/00016_00009_00005.png
4,6777,85,84,7,7,78,77,4,Train/4/00004_00010_00027.png
4,4868,29,31,5,6,24,26,2,Train/2/00002_00069_00008.png
4,17128,201,178,17,15,184,163,11,Train/11/00011_00002_00028.png
4,28270,60,56,5,5,54,51,24,Train/24/00024_00002_00010.png
4,28509,74,70,6,7,68,64,25,Train/25/00025_00001_00009.png
4,24929,52,56,5,5,47,51,17,Train/17/00017_00015_00029.png
4,16071,50,47,5,5,45,42,10,Train/10/00010_00034_00021.png
4,11240,45,44,6,5,40,39,7,Train/7/00007_00017_00020.png
4,18818,40,41,6,5,35,36,12,Train/12/00012_00015_00008.png
4,30163,40,37,5,5,34,32,26,Train/26/00026_00006_00013.png
4,16266,27,27,5,5,22,22,10,Train/10/00010_00041_00006.png
4,35183,52,54,5,6,47,49,35,Train/35/00035_00032_00024.png
4,26977,42,40,6,6,37,35,21,Train/21/00021_00000_00007.png
4,29549,193,170,16,14,177,156,25,Train/25/00025_00035_00029.png
4,27106,41,37,6,5,36,32,21,Train/21/00021_00004_00016.png
4,13851,57,56,6,5,51,50,9,Train/9/00009_00009_00021.png
4,32621,46,42,6,5,41,37,31,Train/31/00031_00018_00011.png
4,27480,30,29,5,6,25,24,22,Train/22/00022_00006_00000.png
4,5902,41,45,6,6,36,40,3,Train/3/00003_00028_00022.png
4,4284,52,50,6,5,47,45,2,Train/2/00002_00049_00024.png
4,8452,51,52,5,5,46,47,5,Train/5/00005_00000_00022.png
4,2087,49,48,5,6,43,43,1,Train/1/00001_00050_00017.png
4,37639,47,50,6,6,42,45,38,Train/38/00038_00054_00020.png
4,4261,29,30,5,6,24,25,2,Train/2/00002_00049_00001.png
4,21253,44,53,6,6,39,48,13,Train/13/00013_00026_00013.png
4,14691,61,61,5,5,56,56,9,Train/9/00009_00037_00021.png
4,32256,34,34,6,6,29,29,31,Train/31/00031_00006_00006.png
4,37690,47,51,5,5,42,46,38,Train/38/00038_00056_00011.png
4,37145,29,29,6,6,24,24,38,Train/38/00038_00038_00006.png
4,3720,31,32,5,5,26,27,2,Train/2/00002_00031_00000.png
4,5899,38,40,6,5,33,34,3,Train/3/00003_00028_00019.png
4,21789,49,43,6,6,44,38,13,Train/13/00013_00044_00009.png
4,28274,62,57,6,5,57,52,24,Train/24/00024_00002_00014.png
4,9070,35,36,5,6,30,31,5,Train/5/00005_00021_00010.png
4,12286,40,38,6,5,35,33,8,Train/8/00008_00004_00016.png
4,2885,51,50,5,5,45,44,2,Train/2/00002_00003_00005.png
4,16803,32,33,5,6,27,28,10,Train/10/00010_00059_00003.png
4,12896,55,54,6,5,50,49,8,Train/8/00008_00024_00026.png
4,31080,36,33,5,5,31,28,28,Train/28/00028_00009_00000.png
4,368,33,34,5,5,28,29,0,Train/0/00000_00000_00008.png
4,23561,31,32,5,5,26,26,15,Train/15/00015_00005_00011.png
4,323,63,55,6,5,57,50,20,Train/20/00020_00010_00023.png
4,4851,51,49,6,5,46,44,2,Train/2/00002_00068_00021.png
4,20460,25,25,5,5,20,20,13,Train/13/00013_00000_00000.png
4,14735,41,41,5,5,36,36,9,Train/9/00009_00039_00005.png
4,1308,30,28,6,5,25,23,1,Train/1/00001_00024_00018.png
4,17999,164,147,14,12,150,134,11,Train/11/00011_00031_00029.png
4,24112,46,47,5,6,41,42,16,Train/16/00016_00002_00022.png
4,24275,58,59,5,6,53,54,16,Train/16/00016_00008_00005.png
4,17454,87,82,8,7,79,75,11,Train/11/00011_00013_00024.png
4,7549,52,53,5,6,47,48,4,Train/4/00004_00036_00019.png
4,27885,45,40,5,5,40,35,23,Train/23/00023_00006_00015.png
4,25283,58,58,6,5,53,53,17,Train/17/00017_00027_00023.png
4,20231,40,39,6,5,35,34,12,Train/12/00012_00062_00011.png
4,14323,38,39,5,6,33,34,9,Train/9/00009_00025_00013.png
4,30529,50,45,6,6,45,40,26,Train/26/00026_00018_00019.png
4,16789,44,45,5,6,39,40,10,Train/10/00010_00058_00019.png
4,16525,53,53,5,5,48,48,10,Train/10/00010_00049_00025.png
4,14432,27,29,5,6,22,24,9,Train/9/00009_00029_00002.png
4,37537,37,38,5,6,32,33,38,Train/38/00038_00051_00008.png
4,17959,35,36,5,5,30,31,11,Train/11/00011_00030_00019.png
4,9184,30,30,5,5,25,25,5,Train/5/00005_00025_00004.png
4,35976,44,47,6,6,38,42,37,Train/37/00037_00006_00007.png
4,26746,57,51,6,5,52,46,18,Train/18/00018_00039_00016.png
4,4902,34,35,6,5,29,30,2,Train/2/00002_00070_00012.png
4,6343,32,33,6,5,27,28,3,Train/3/00003_00043_00013.png
4,18883,43,43,5,6,38,38,12,Train/12/00012_00017_00013.png
4,25914,80,71,7,6,73,65,18,Train/18/00018_00011_00024.png
4,16006,40,35,5,5,35,30,10,Train/10/00010_00032_00016.png
4,11731,30,32,5,6,25,27,7,Train/7/00007_00034_00001.png
4,14138,29,31,5,6,24,26,9,Train/9/00009_00019_00008.png
4,20437,53,54,6,6,48,49,12,Train/12/00012_00069_00007.png
4,25145,29,31,5,6,24,26,17,Train/17/00017_00023_00005.png
4,6493,47,48,5,5,42,43,4,Train/4/00004_00001_00013.png
4,21570,36,36,6,6,31,31,13,Train/13/00013_00037_00000.png
4,5186,59,60,6,6,54,55,3,Train/3/00003_00004_00026.png
4,29128,140,127,13,11,128,116,25,Train/25/00025_00021_00028.png
4,6250,33,34,6,5,28,29,3,Train/3/00003_00040_00010.png
4,11055,47,45,6,5,41,40,7,Train/7/00007_00011_00015.png
4,10047,63,63,5,6,58,58,5,Train/5/00005_00053_00027.png
4,504,85,89,8,8,78,82,0,Train/0/00000_00004_00024.png
4,14414,53,53,5,5,48,48,9,Train/9/00009_00028_00014.png
4,26960,63,59,5,6,58,54,19,Train/19/00019_00006_00020.png
4,17286,52,48,5,6,46,42,11,Train/11/00011_00008_00006.png
4,37289,33,35,6,6,28,30,38,Train/38/00038_00043_00000.png
4,3452,27,29,5,6,22,24,2,Train/2/00002_00022_00002.png
4,37474,32,33,5,6,27,28,38,Train/38/00038_00049_00005.png
4,10606,40,41,5,5,35,36,6,Train/6/00006_00010_00016.png
4,33768,48,47,5,5,43,42,33,Train/33/00033_00022_00019.png
4,21660,32,30,6,6,27,25,13,Train/13/00013_00040_00000.png
4,32747,39,38,6,5,34,33,31,Train/31/00031_00022_00017.png
4,17030,35,36,5,6,30,31,10,Train/10/00010_00066_00020.png
4,28964,41,41,5,5,36,36,25,Train/25/00025_00016_00014.png
4,13969,52,53,5,5,47,48,9,Train/9/00009_00013_00019.png
4,35779,61,63,5,6,56,58,36,Train/36/00036_00012_00020.png
4,29704,43,40,6,6,38,35,25,Train/25/00025_00041_00004.png
4,26575,129,119,12,10,118,109,18,Train/18/00018_00033_00025.png
4,29716,60,57,5,5,54,52,25,Train/25/00025_00041_00016.png
4,12560,58,59,5,6,53,54,8,Train/8/00008_00013_00020.png
4,2433,33,33,5,6,27,28,1,Train/1/00001_00062_00003.png
4,2804,48,42,6,5,43,37,2,Train/2/00002_00000_00014.png
4,23409,46,47,6,6,40,42,15,Train/15/00015_00000_00009.png
4,1372,86,88,7,8,79,80,1,Train/1/00001_00026_00022.png
4,15318,42,43,5,6,37,38,10,Train/10/00010_00009_00018.png
4,35320,42,46,6,5,36,40,35,Train/35/00035_00037_00011.png
4,34664,42,43,5,6,37,38,35,Train/35/00035_00015_00015.png
4,36013,40,41,5,6,34,36,38,Train/38/00038_00000_00014.png
4,29051,55,53,6,5,50,48,25,Train/25/00025_00019_00011.png
4,19437,61,60,6,5,56,55,12,Train/12/00012_00035_00027.png
4,28951,30,31,5,6,24,26,25,Train/25/00025_00016_00001.png
4,10486,40,40,6,5,35,35,6,Train/6/00006_00006_00016.png
4,20934,119,108,10,10,108,99,13,Train/13/00013_00015_00024.png
4,26631,58,53,6,6,53,48,18,Train/18/00018_00035_00021.png
4,16067,41,39,5,6,36,34,10,Train/10/00010_00034_00017.png
4,5558,41,43,5,6,36,37,3,Train/3/00003_00017_00008.png
4,30355,63,58,6,5,58,53,26,Train/26/00026_00012_00025.png
4,20713,49,59,5,6,43,54,13,Train/13/00013_00008_00013.png
4,9084,54,55,6,6,49,50,5,Train/5/00005_00021_00024.png
4,14174,30,31,6,6,25,26,9,Train/9/00009_00020_00014.png
4,38710,45,47,5,5,40,42,40,Train/40/00040_00011_00011.png
4,6262,38,40,5,6,33,35,3,Train/3/00003_00040_00022.png
4,7031,42,41,6,5,37,36,4,Train/4/00004_00019_00011.png
4,38461,39,38,6,6,33,33,40,Train/40/00040_00003_00002.png
4,34630,36,37,5,5,31,31,35,Train/35/00035_00014_00011.png
4,1048,121,120,10,11,110,110,1,Train/1/00001_00015_00028.png
4,12815,33,29,6,5,28,24,8,Train/8/00008_00022_00005.png
4,21550,42,40,6,5,37,35,13,Train/13/00013_00036_00010.png
4,15529,41,40,6,5,36,35,10,Train/10/00010_00016_00019.png
4,27926,72,65,6,6,66,60,23,Train/23/00023_00007_00026.png
4,22609,49,48,5,6,44,43,13,Train/13/00013_00071_00019.png
4,35128,83,76,7,6,76,70,35,Train/35/00035_00030_00029.png
4,20203,47,49,5,5,42,44,12,Train/12/00012_00061_00013.png
4,29599,53,46,6,5,47,41,25,Train/25/00025_00037_00019.png
4,3191,34,33,6,5,28,28,2,Train/2/00002_00013_00011.png
4,32051,37,34,6,6,32,29,30,Train/30/00030_00014_00011.png
4,19444,41,41,6,6,36,36,12,Train/12/00012_00036_00004.png
4,34892,30,31,5,6,25,26,35,Train/35/00035_00023_00003.png
4,7959,31,32,5,5,26,27,4,Train/4/00004_00050_00009.png
4,9450,27,28,6,6,22,23,5,Train/5/00005_00034_00000.png
4,18807,95,97,8,8,87,88,12,Train/12/00012_00014_00027.png
4,28293,53,50,6,5,48,45,24,Train/24/00024_00003_00003.png
4,12869,69,68,7,6,63,62,8,Train/8/00008_00023_00029.png
4,27731,86,82,7,8,78,74,23,Train/23/00023_00001_00011.png
4,16501,28,28,5,5,23,23,10,Train/10/00010_00049_00001.png
4,19110,31,34,6,5,26,29,12,Train/12/00012_00025_00000.png
4,36128,32,36,5,6,27,31,38,Train/38/00038_00004_00009.png
4,15155,28,29,5,5,23,23,10,Train/10/00010_00004_00005.png
4,7249,46,49,5,6,41,44,4,Train/4/00004_00026_00019.png
4,30100,45,39,6,5,40,34,26,Train/26/00026_00004_00010.png
4,35460,26,27,5,6,21,22,36,Train/36/00036_00002_00001.png
4,17076,58,54,5,6,53,49,11,Train/11/00011_00001_00006.png
4,17168,42,41,5,5,37,36,11,Train/11/00011_00004_00008.png
4,22407,41,41,6,6,36,36,13,Train/13/00013_00064_00027.png
4,28883,61,59,5,6,56,54,25,Train/25/00025_00013_00023.png
4,1075,71,72,6,7,65,66,1,Train/1/00001_00016_00025.png
4,9131,37,36,6,5,32,31,5,Train/5/00005_00023_00011.png
4,29242,57,52,5,6,52,47,25,Train/25/00025_00025_00022.png
4,18390,30,26,5,5,25,21,12,Train/12/00012_00001_00000.png
4,28149,49,45,6,6,44,40,23,Train/23/00023_00015_00009.png
4,32020,37,33,5,6,32,28,30,Train/30/00030_00013_00010.png
4,9517,31,30,5,5,25,25,5,Train/5/00005_00036_00007.png
4,39164,37,37,5,5,32,32,42,Train/42/00042_00006_00015.png
4,11779,44,44,6,6,39,39,7,Train/7/00007_00035_00019.png
4,1155,37,37,5,5,32,32,1,Train/1/00001_00019_00015.png
4,9695,32,34,6,6,27,29,5,Train/5/00005_00042_00005.png
4,38840,51,55,5,6,46,50,41,Train/41/00041_00003_00021.png
4,28411,40,36,6,5,35,31,24,Train/24/00024_00007_00001.png
4,8126,55,53,6,6,50,48,4,Train/4/00004_00055_00026.png
4,19235,44,41,6,6,38,36,12,Train/12/00012_00029_00005.png
4,34610,51,51,5,5,45,45,35,Train/35/00035_00013_00021.png
4,25278,40,45,5,6,35,39,17,Train/17/00017_00027_00018.png
4,3869,88,87,8,7,81,80,2,Train/2/00002_00035_00029.png
4,22957,44,46,5,6,39,41,14,Train/14/00014_00011_00007.png
4,32371,30,29,5,6,24,23,31,Train/31/00031_00010_00001.png
4,31814,35,34,6,5,30,29,30,Train/30/00030_00006_00014.png
4,14069,74,74,7,6,68,68,9,Train/9/00009_00016_00029.png
4,31239,42,40,5,5,37,35,28,Train/28/00028_00014_00009.png
4,28534,31,31,5,6,25,25,25,Train/25/00025_00002_00004.png
4,21614,53,49,5,6,48,44,13,Train/13/00013_00038_00014.png
4,8310,30,29,6,5,25,24,4,Train/4/00004_00062_00000.png
4,1796,93,92,9,8,85,84,1,Train/1/00001_00040_00026.png
4,3976,36,38,5,5,31,32,2,Train/2/00002_00039_00016.png
4,25546,29,35,6,5,24,30,17,Train/17/00017_00036_00016.png
4,2627,41,43,5,6,36,38,1,Train/1/00001_00068_00017.png
4,9093,35,34,6,5,30,29,5,Train/5/00005_00022_00003.png
4,22234,92,84,8,8,83,77,13,Train/13/00013_00059_00004.png
4,29235,50,44,6,6,45,39,25,Train/25/00025_00025_00015.png
4,18797,48,47,6,6,43,42,12,Train/12/00012_00014_00017.png
4,6295,120,121,10,11,110,111,3,Train/3/00003_00041_00025.png
4,7303,37,36,6,5,32,31,4,Train/4/00004_00028_00013.png
4,16438,68,71,6,7,62,65,10,Train/10/00010_00046_00028.png
4,2241,75,86,7,8,69,79,1,Train/1/00001_00055_00021.png
4,3360,32,31,6,5,27,26,2,Train/2/00002_00019_00000.png
4,15678,52,52,5,5,47,47,10,Train/10/00010_00021_00018.png
4,38399,29,29,6,6,24,24,40,Train/40/00040_00001_00000.png
4,10568,31,31,6,5,26,26,6,Train/6/00006_00009_00008.png
4,11994,62,61,6,6,57,56,7,Train/7/00007_00042_00024.png
4,30158,35,33,5,6,30,28,26,Train/26/00026_00006_00008.png
4,1028,32,32,6,5,26,26,1,Train/1/00001_00015_00008.png
4,23254,34,36,5,6,28,31,14,Train/14/00014_00021_00004.png
4,7350,30,31,5,6,25,26,4,Train/4/00004_00030_00000.png
4,10066,37,37,5,6,32,32,5,Train/5/00005_00054_00016.png
4,25162,44,44,6,5,39,39,17,Train/17/00017_00023_00022.png
4,35232,37,40,5,6,31,35,35,Train/35/00035_00034_00013.png
4,6898,69,73,6,6,63,67,4,Train/4/00004_00014_00028.png
4,30576,53,50,6,5,48,44,27,Train/27/00027_00000_00006.png
4,16937,39,39,6,6,33,34,10,Train/10/00010_00063_00017.png
4,28115,80,71,8,6,73,65,23,Train/23/00023_00014_00005.png
4,7617,61,61,6,6,56,56,4,Train/4/00004_00038_00027.png
4,30710,57,56,5,6,52,51,27,Train/27/00027_00004_00020.png
4,19134,71,71,7,6,65,65,12,Train/12/00012_00025_00024.png
4,11768,34,34,6,5,29,29,7,Train/7/00007_00035_00008.png
4,30880,51,45,6,5,46,40,28,Train/28/00028_00002_00010.png
4,28820,96,106,8,10,87,97,25,Train/25/00025_00011_00020.png
4,38456,100,104,8,9,91,94,40,Train/40/00040_00002_00027.png
4,3362,33,33,5,5,28,28,2,Train/2/00002_00019_00002.png
4,18245,35,32,5,5,30,27,11,Train/11/00011_00040_00005.png
4,19919,61,61,6,5,56,56,12,Train/12/00012_00051_00029.png
4,21398,33,31,6,6,28,26,13,Train/13/00013_00031_00008.png
4,27101,39,34,5,5,34,29,21,Train/21/00021_00004_00011.png
4,33689,27,28,5,6,22,23,33,Train/33/00033_00020_00000.png
4,28201,28,27,6,6,23,22,24,Train/24/00024_00000_00001.png
4,997,33,32,6,5,28,27,1,Train/1/00001_00014_00007.png
4,22714,47,46,6,5,41,40,14,Train/14/00014_00003_00004.png
4,9343,38,38,6,6,33,33,5,Train/5/00005_00030_00013.png
4,8428,64,65,5,6,59,60,4,Train/4/00004_00065_00028.png
4,4777,37,39,6,5,31,34,2,Train/2/00002_00066_00007.png
4,6990,36,38,5,5,31,33,4,Train/4/00004_00018_00000.png
4,33085,53,54,5,6,48,49,32,Train/32/00032_00007_00025.png
4,6844,29,30,6,6,24,25,4,Train/4/00004_00013_00004.png
4,8521,28,26,6,5,23,21,5,Train/5/00005_00003_00001.png
4,38046,32,34,5,5,27,29,38,Train/38/00038_00068_00007.png
4,14518,41,43,5,5,36,37,9,Train/9/00009_00031_00028.png
4,10816,46,47,5,6,41,42,7,Train/7/00007_00003_00016.png
4,29913,30,35,6,6,25,30,25,Train/25/00025_00048_00003.png
4,17277,84,75,7,7,76,69,11,Train/11/00011_00007_00027.png
4,34201,39,39,6,6,34,34,35,Train/35/00035_00000_00002.png
4,34976,88,88,7,7,81,81,35,Train/35/00035_00025_00027.png
4,17173,50,49,6,5,45,43,11,Train/11/00011_00004_00013.png
4,33564,47,57,6,5,42,52,33,Train/33/00033_00015_00024.png
4,28259,73,73,6,7,67,67,24,Train/24/00024_00001_00029.png
4,36373,31,30,6,6,26,25,38,Train/38/00038_00012_00014.png
4,18604,33,32,6,5,28,27,12,Train/12/00012_00008_00004.png
4,24232,117,116,10,10,106,106,16,Train/16/00016_00006_00022.png
4,23624,36,37,6,5,30,31,15,Train/15/00015_00007_00014.png
4,31944,58,55,5,6,53,50,30,Train/30/00030_00010_00024.png
4,10175,28,29,5,6,23,24,5,Train/5/00005_00058_00005.png
4,34980,29,27,5,5,24,22,35,Train/35/00035_00026_00001.png
4,22562,68,61,7,6,62,56,13,Train/13/00013_00070_00002.png
4,10806,34,34,5,5,29,29,7,Train/7/00007_00003_00006.png
4,37712,30,31,5,5,24,26,38,Train/38/00038_00057_00003.png
4,28887,95,94,8,8,87,85,25,Train/25/00025_00013_00027.png
4,14397,63,62,5,6,58,57,9,Train/9/00009_00027_00027.png
4,2040,32,32,5,6,27,27,1,Train/1/00001_00049_00000.png
4,4189,44,46,6,5,39,41,2,Train/2/00002_00046_00019.png
4,28323,31,30,5,6,26,24,24,Train/24/00024_00004_00003.png
4,29371,49,47,6,6,44,41,25,Train/25/00025_00030_00001.png
4,7752,36,37,5,6,31,32,4,Train/4/00004_00043_00012.png
4,11164,35,37,6,6,30,32,7,Train/7/00007_00015_00004.png
4,12257,40,41,6,5,35,36,8,Train/8/00008_00003_00017.png
4,18666,38,34,5,5,33,29,12,Train/12/00012_00010_00006.png
4,28358,29,28,6,6,24,23,24,Train/24/00024_00005_00008.png
4,5591,41,41,6,6,36,36,3,Train/3/00003_00018_00011.png
4,30087,122,120,10,11,112,110,26,Train/26/00026_00003_00027.png
4,29483,71,62,7,5,65,56,25,Train/25/00025_00033_00023.png
4,25814,69,62,6,6,63,56,18,Train/18/00018_00008_00014.png
4,33016,33,34,6,5,28,29,32,Train/32/00032_00005_00016.png
4,35007,117,120,10,11,107,110,35,Train/35/00035_00026_00028.png
4,39065,30,30,6,5,24,24,42,Train/42/00042_00003_00006.png
4,9766,46,48,6,6,40,43,5,Train/5/00005_00044_00016.png
4,38191,28,28,5,5,22,22,39,Train/39/00039_00004_00002.png
4,20520,38,36,6,5,33,31,13,Train/13/00013_00002_00000.png
4,35785,73,73,7,7,66,67,36,Train/36/00036_00012_00026.png
4,15434,44,45,6,6,39,40,10,Train/10/00010_00013_00014.png
4,7434,61,61,6,6,56,56,4,Train/4/00004_00032_00024.png
4,5052,35,34,6,5,30,29,3,Train/3/00003_00000_00012.png
4,29233,46,39,6,5,41,34,25,Train/25/00025_00025_00013.png
4,7827,58,56,6,5,53,51,4,Train/4/00004_00045_00027.png
4,15117,47,44,5,5,42,39,10,Train/10/00010_00002_00027.png
4,35025,39,38,6,5,34,33,35,Train/35/00035_00027_00016.png
4,25788,85,76,8,7,78,69,18,Train/18/00018_00007_00018.png
4,18571,31,32,6,6,26,27,12,Train/12/00012_00007_00001.png
4,30362,29,28,6,6,24,23,26,Train/26/00026_00013_00002.png
4,19514,42,43,5,6,37,38,12,Train/12/00012_00038_00014.png
4,4002,31,32,5,6,26,27,2,Train/2/00002_00040_00012.png
4,5412,36,36,5,5,31,31,3,Train/3/00003_00012_00012.png
4,7234,41,41,6,6,36,36,4,Train/4/00004_00026_00004.png
4,33832,41,40,5,5,36,35,34,Train/34/00034_00001_00023.png
4,34823,58,57,6,5,53,52,35,Train/35/00035_00020_00024.png
4,25724,101,95,9,9,93,87,18,Train/18/00018_00005_00014.png
4,19679,131,132,11,12,120,121,12,Train/12/00012_00043_00029.png
4,24603,29,30,5,6,24,25,17,Train/17/00017_00005_00003.png
4,35934,54,55,6,6,48,49,37,Train/37/00037_00004_00025.png
4,31602,52,48,5,6,47,43,29,Train/29/00029_00008_00012.png
4,3238,112,110,10,9,103,101,2,Train/2/00002_00014_00028.png
4,24470,30,33,6,5,25,28,17,Train/17/00017_00000_00020.png
4,23575,53,54,5,6,47,48,15,Train/15/00015_00005_00025.png
4,28403,86,77,8,7,79,71,24,Train/24/00024_00006_00023.png
4,15247,35,36,6,6,30,31,10,Train/10/00010_00007_00007.png
4,8835,39,39,5,5,33,33,5,Train/5/00005_00013_00015.png
4,6475,80,72,8,6,73,66,4,Train/4/00004_00000_00025.png
4,38338,98,105,8,9,90,96,39,Train/39/00039_00008_00029.png
4,36542,30,29,6,5,25,24,38,Train/38/00038_00018_00003.png
4,11070,29,28,6,5,24,23,7,Train/7/00007_00012_00000.png
4,21404,35,34,5,6,30,29,13,Train/13/00013_00031_00014.png
4,24851,29,38,5,6,24,33,17,Train/17/00017_00013_00011.png
4,29147,68,61,7,6,62,56,25,Train/25/00025_00022_00017.png
4,2044,33,33,5,5,28,28,1,Train/1/00001_00049_00004.png
4,31147,38,38,5,6,33,33,28,Train/28/00028_00011_00007.png
4,29219,160,143,14,13,147,131,25,Train/25/00025_00024_00029.png
4,10430,50,48,6,5,45,43,6,Train/6/00006_00004_00020.png
4,32274,60,56,5,5,55,51,31,Train/31/00031_00006_00024.png
4,11423,44,46,5,6,39,41,7,Train/7/00007_00023_00023.png
4,35409,43,43,5,5,38,38,36,Train/36/00036_00000_00010.png
4,18446,109,112,10,10,100,103,12,Train/12/00012_00002_00026.png
4,12814,33,28,6,5,27,23,8,Train/8/00008_00022_00004.png
4,493,70,74,7,7,64,67,0,Train/0/00000_00004_00013.png
4,29162,41,41,5,5,36,36,25,Train/25/00025_00023_00002.png
4,27136,47,45,5,5,42,40,21,Train/21/00021_00005_00016.png
4,37294,34,36,5,5,29,31,38,Train/38/00038_00043_00005.png
4,24568,56,57,6,6,50,51,17,Train/17/00017_00003_00028.png
4,26727,107,101,10,9,98,93,18,Train/18/00018_00038_00027.png
4,11274,54,53,6,5,49,48,7,Train/7/00007_00018_00024.png
4,15430,40,39,6,5,35,34,10,Train/10/00010_00013_00010.png
4,5639,49,48,5,6,44,43,3,Train/3/00003_00019_00029.png
4,6181,26,28,5,6,21,23,3,Train/3/00003_00038_00001.png
4,16685,32,32,6,6,27,27,10,Train/10/00010_00055_00005.png
4,31408,137,124,12,10,126,113,29,Train/29/00029_00001_00028.png
4,39082,51,51,6,5,46,45,42,Train/42/00042_00003_00023.png
4,31813,32,33,5,6,27,28,30,Train/30/00030_00006_00013.png
4,11581,28,28,6,6,23,23,7,Train/7/00007_00029_00001.png
4,30614,51,48,6,6,46,43,27,Train/27/00027_00001_00014.png
4,36055,74,97,6,9,68,88,38,Train/38/00038_00001_00026.png
4,16147,31,30,6,6,25,24,10,Train/10/00010_00037_00007.png
4,2108,37,38,6,5,32,33,1,Train/1/00001_00051_00008.png
4,10013,47,47,6,6,42,42,5,Train/5/00005_00052_00023.png
4,14543,63,63,6,6,58,58,9,Train/9/00009_00032_00023.png
4,24926,48,51,5,5,43,46,17,Train/17/00017_00015_00026.png
4,16913,49,48,6,5,44,43,10,Train/10/00010_00062_00023.png
4,27651,53,52,5,5,48,47,22,Train/22/00022_00011_00021.png
4,22657,38,38,6,5,33,32,14,Train/14/00014_00001_00007.png
4,35839,57,58,5,6,52,53,37,Train/37/00037_00001_00020.png
4,3244,52,54,5,5,47,49,2,Train/2/00002_00015_00004.png
4,17142,49,42,5,5,44,37,11,Train/11/00011_00003_00012.png
4,21752,40,38,6,6,35,33,13,Train/13/00013_00043_00002.png
4,32323,46,44,5,5,41,39,31,Train/31/00031_00008_00013.png
4,3589,48,48,6,6,43,43,2,Train/2/00002_00026_00019.png
4,2592,42,43,5,5,37,37,1,Train/1/00001_00067_00012.png
4,7280,44,44,6,6,39,39,4,Train/4/00004_00027_00020.png
4,3399,32,32,6,5,27,27,2,Train/2/00002_00020_00009.png
4,30122,38,34,6,6,33,29,26,Train/26/00026_00005_00002.png
4,19521,57,57,6,6,52,52,12,Train/12/00012_00038_00021.png
4,18641,36,37,5,5,31,31,12,Train/12/00012_00009_00011.png
4,13941,59,60,6,5,54,55,9,Train/9/00009_00012_00021.png
4,33238,93,96,9,9,85,88,33,Train/33/00033_00004_00028.png
4,274,38,38,6,6,33,33,20,Train/20/00020_00009_00004.png
4,2863,31,34,5,6,25,28,2,Train/2/00002_00002_00013.png
4,4383,32,32,6,6,27,27,2,Train/2/00002_00053_00003.png
4,6362,28,30,5,6,23,25,3,Train/3/00003_00044_00002.png
4,28096,57,52,6,5,52,47,23,Train/23/00023_00013_00016.png
4,29849,80,74,8,7,73,68,25,Train/25/00025_00045_00029.png
4,5166,34,33,5,5,29,28,3,Train/3/00003_00004_00006.png
4,26779,105,88,10,7,96,81,19,Train/19/00019_00000_00019.png
4,24172,51,51,5,5,46,46,16,Train/16/00016_00004_00022.png
4,21229,59,53,6,5,53,48,13,Train/13/00013_00025_00019.png
4,33615,38,50,5,6,33,44,33,Train/33/00033_00017_00015.png
4,10578,38,40,5,6,33,35,6,Train/6/00006_00009_00018.png
4,38467,43,43,5,5,37,38,40,Train/40/00040_00003_00008.png
4,36824,31,32,5,6,25,27,38,Train/38/00038_00027_00015.png
4,26201,35,33,6,6,30,28,18,Train/18/00018_00021_00011.png
4,19519,52,52,5,5,47,47,12,Train/12/00012_00038_00019.png
4,12682,51,50,5,5,46,45,8,Train/8/00008_00017_00022.png
4,33434,45,46,5,6,40,41,33,Train/33/00033_00011_00014.png
4,11710,35,36,6,6,29,30,7,Train/7/00007_00033_00010.png
4,12804,53,51,6,6,48,46,8,Train/8/00008_00021_00024.png
4,3135,38,34,5,6,32,29,2,Train/2/00002_00011_00015.png
4,21835,137,137,12,12,126,126,13,Train/13/00013_00045_00025.png
4,37181,34,35,5,5,29,30,38,Train/38/00038_00039_00012.png
4,26028,68,67,7,6,62,61,18,Train/18/00018_00015_00018.png
4,28071,47,46,6,6,41,41,23,Train/23/00023_00012_00021.png
4,12512,32,34,5,6,27,29,8,Train/8/00008_00012_00002.png
4,31294,36,36,5,5,31,31,28,Train/28/00028_00016_00004.png
4,37919,29,30,5,6,24,25,38,Train/38/00038_00064_00000.png
4,1194,75,73,7,6,69,67,1,Train/1/00001_00020_00024.png
4,10859,104,103,10,9,95,94,7,Train/7/00007_00004_00029.png
4,36162,36,36,6,5,31,30,38,Train/38/00038_00005_00013.png
4,5616,34,36,5,6,29,31,3,Train/3/00003_00019_00006.png
4,27485,33,31,6,6,28,26,22,Train/22/00022_00006_00005.png
4,11773,38,36,6,5,32,31,7,Train/7/00007_00035_00013.png
4,22454,41,37,6,5,36,32,13,Train/13/00013_00066_00014.png
4,2849,134,136,12,12,123,125,2,Train/2/00002_00001_00029.png
4,38571,76,74,7,6,70,68,40,Train/40/00040_00006_00022.png
4,31987,38,38,5,5,33,33,30,Train/30/00030_00012_00007.png
4,18150,32,34,5,5,27,29,11,Train/11/00011_00037_00000.png
4,6673,35,34,6,5,30,29,4,Train/4/00004_00007_00013.png
4,38920,35,36,5,6,30,31,41,Train/41/00041_00006_00011.png
4,6492,46,47,5,6,41,42,4,Train/4/00004_00001_00012.png
4,9645,34,36,5,6,29,31,5,Train/5/00005_00040_00015.png
4,12986,47,40,6,6,41,35,8,Train/8/00008_00027_00026.png
4,22197,143,129,12,12,131,117,13,Train/13/00013_00057_00027.png
4,10010,42,42,5,5,37,37,5,Train/5/00005_00052_00020.png
4,3733,37,39,6,6,31,33,2,Train/2/00002_00031_00013.png
4,23953,100,120,9,11,92,110,15,Train/15/00015_00018_00013.png
4,7520,52,53,6,5,47,48,4,Train/4/00004_00035_00020.png
4,28406,117,104,10,10,107,95,24,Train/24/00024_00006_00026.png
4,28505,74,69,6,6,68,63,25,Train/25/00025_00001_00005.png
4,37934,40,41,6,5,35,36,38,Train/38/00038_00064_00015.png
4,2918,33,34,5,6,28,29,2,Train/2/00002_00004_00008.png
4,10006,39,38,6,5,34,33,5,Train/5/00005_00052_00016.png
4,24307,30,32,5,5,25,27,16,Train/16/00016_00009_00007.png
4,6860,46,47,5,5,40,42,4,Train/4/00004_00013_00020.png
4,35349,33,33,6,5,28,28,35,Train/35/00035_00038_00010.png
4,12149,56,60,6,6,51,55,7,Train/7/00007_00047_00029.png
4,37752,47,48,5,6,42,43,38,Train/38/00038_00058_00013.png
4,38315,34,35,5,6,29,30,39,Train/39/00039_00008_00006.png
4,5901,40,44,5,6,35,39,3,Train/3/00003_00028_00021.png
4,20041,41,41,6,6,35,36,12,Train/12/00012_00056_00001.png
4,20537,48,50,5,6,42,44,13,Train/13/00013_00002_00017.png
4,32612,37,33,6,5,32,28,31,Train/31/00031_00018_00002.png
4,38984,40,43,5,6,35,37,42,Train/42/00042_00000_00015.png
4,34807,33,33,5,5,28,28,35,Train/35/00035_00020_00008.png
4,26097,82,74,8,6,74,67,18,Train/18/00018_00017_00027.png
4,34824,59,60,5,6,54,55,35,Train/35/00035_00020_00025.png
4,2990,42,44,5,6,37,39,2,Train/2/00002_00006_00020.png
4,20309,168,178,15,15,154,163,12,Train/12/00012_00064_00029.png
4,13303,35,37,6,6,30,32,8,Train/8/00008_00038_00013.png
4,13852,59,60,5,6,54,55,9,Train/9/00009_00009_00022.png
4,28446,41,43,6,5,36,38,24,Train/24/00024_00008_00006.png
4,16111,31,27,6,6,25,21,10,Train/10/00010_00036_00001.png
4,5670,27,29,5,5,22,24,3,Train/3/00003_00021_00000.png
4,14193,40,40,6,6,35,35,9,Train/9/00009_00021_00003.png
4,32419,44,44,6,5,39,39,31,Train/31/00031_00011_00019.png
4,33765,46,46,6,6,41,40,33,Train/33/00033_00022_00016.png
4,21207,124,111,11,9,114,102,13,Train/13/00013_00024_00027.png
4,18209,119,108,10,9,109,99,11,Train/11/00011_00038_00029.png
4,3341,34,34,6,6,29,28,2,Train/2/00002_00018_00011.png
4,13885,83,81,7,7,75,73,9,Train/9/00009_00010_00025.png
4,21201,76,64,7,6,70,59,13,Train/13/00013_00024_00021.png
4,26923,41,39,5,6,35,34,19,Train/19/00019_00005_00013.png
4,4016,52,52,6,6,47,47,2,Train/2/00002_00040_00026.png
4,1049,144,144,12,12,131,131,1,Train/1/00001_00015_00029.png
4,35811,47,47,5,6,42,42,37,Train/37/00037_00000_00022.png
4,31275,42,38,6,6,36,32,28,Train/28/00028_00015_00015.png
4,6921,40,39,6,6,35,34,4,Train/4/00004_00015_00021.png
4,37656,50,52,5,6,44,46,38,Train/38/00038_00055_00007.png
4,31133,87,80,7,8,80,73,28,Train/28/00028_00010_00023.png
4,19118,33,40,5,5,28,35,12,Train/12/00012_00025_00008.png
4,7904,40,41,5,5,35,36,4,Train/4/00004_00048_00014.png
4,25065,37,36,5,6,32,31,17,Train/17/00017_00020_00015.png
4,34258,76,76,7,6,70,70,35,Train/35/00035_00001_00029.png
4,39097,34,35,5,6,29,30,42,Train/42/00042_00004_00008.png
4,17863,60,53,6,5,55,48,11,Train/11/00011_00027_00013.png
4,25739,167,153,15,13,153,140,18,Train/18/00018_00005_00029.png
4,35091,52,54,5,5,47,49,35,Train/35/00035_00029_00022.png
4,18445,98,101,9,9,90,93,12,Train/12/00012_00002_00025.png
4,36192,65,80,6,7,60,73,38,Train/38/00038_00006_00013.png
4,26836,64,56,6,6,59,51,19,Train/19/00019_00002_00016.png
4,37776,41,41,6,6,36,36,38,Train/38/00038_00059_00007.png
4,37388,32,29,6,5,27,24,38,Train/38/00038_00046_00009.png
4,7837,33,33,6,6,28,28,4,Train/4/00004_00046_00007.png
4,12900,25,26,5,6,20,21,8,Train/8/00008_00025_00000.png
4,34894,32,32,6,5,27,27,35,Train/35/00035_00023_00005.png
4,14994,52,54,6,5,47,49,9,Train/9/00009_00047_00024.png
4,29084,42,39,6,6,37,34,25,Train/25/00025_00020_00014.png
4,19711,32,34,5,6,27,29,12,Train/12/00012_00045_00001.png
4,19314,68,67,7,6,62,61,12,Train/12/00012_00031_00024.png
4,24642,37,37,6,5,32,32,17,Train/17/00017_00006_00012.png
4,19384,55,54,6,5,50,49,12,Train/12/00012_00034_00004.png
4,11444,37,38,5,6,32,33,7,Train/7/00007_00024_00014.png
4,32092,83,75,8,6,76,69,31,Train/31/00031_00000_00022.png
4,38633,98,98,8,8,90,90,40,Train/40/00040_00008_00024.png
4,656,64,64,5,6,59,59,1,Train/1/00001_00002_00026.png
4,21153,27,33,5,5,22,28,13,Train/13/00013_00023_00003.png
4,22238,93,85,8,7,85,78,13,Train/13/00013_00059_00008.png
4,34174,39,39,5,5,34,34,34,Train/34/00034_00013_00005.png
4,24074,55,59,5,6,50,54,16,Train/16/00016_00001_00014.png
4,38747,45,47,6,6,40,41,41,Train/41/00041_00000_00018.png
4,33783,28,34,5,5,23,29,34,Train/34/00034_00000_00004.png
4,24940,29,31,5,6,24,26,17,Train/17/00017_00016_00010.png
4,21590,58,58,6,6,53,53,13,Train/13/00013_00037_00020.png
4,34863,38,39,5,6,33,34,35,Train/35/00035_00022_00004.png
4,32403,33,33,5,5,28,28,31,Train/31/00031_00011_00003.png
4,5918,30,29,5,5,25,24,3,Train/3/00003_00029_00008.png
4,23532,37,37,6,6,31,32,15,Train/15/00015_00004_00012.png
4,10522,35,38,5,5,30,33,6,Train/6/00006_00007_00022.png
4,11180,50,55,5,6,45,50,7,Train/7/00007_00015_00020.png
4,31908,73,65,7,6,67,60,30,Train/30/00030_00009_00018.png
4,5276,56,60,5,6,50,54,3,Train/3/00003_00007_00026.png
4,17584,47,43,6,6,42,38,11,Train/11/00011_00018_00004.png
4,15107,40,37,6,5,35,32,10,Train/10/00010_00002_00017.png
4,1685,27,27,5,5,22,22,1,Train/1/00001_00037_00005.png
4,29142,54,51,5,6,49,46,25,Train/25/00025_00022_00012.png
4,4977,51,54,5,5,45,48,2,Train/2/00002_00072_00027.png
4,18839,71,72,7,7,65,66,12,Train/12/00012_00015_00029.png
4,36633,31,32,5,6,25,26,38,Train/38/00038_00021_00004.png
4,25436,40,43,6,6,35,38,17,Train/17/00017_00032_00026.png
4,25459,32,34,5,6,27,29,17,Train/17/00017_00033_00019.png
4,22597,39,36,6,5,34,31,13,Train/13/00013_00071_00007.png
4,17143,49,43,6,5,43,38,11,Train/11/00011_00003_00013.png
4,7270,33,33,5,5,28,28,4,Train/4/00004_00027_00010.png
4,28422,50,45,6,5,45,40,24,Train/24/00024_00007_00012.png
4,32005,68,67,6,6,62,61,30,Train/30/00030_00012_00025.png
4,15658,54,55,5,6,49,50,10,Train/10/00010_00020_00028.png
4,25464,35,36,5,6,30,31,17,Train/17/00017_00033_00024.png
4,28903,50,45,6,6,45,40,25,Train/25/00025_00014_00013.png
4,11909,69,71,7,6,63,65,7,Train/7/00007_00039_00029.png
4,31889,106,93,10,9,97,85,30,Train/30/00030_00008_00029.png
4,11106,34,33,5,5,29,28,7,Train/7/00007_00013_00006.png
4,27565,84,78,8,7,76,71,22,Train/22/00022_00008_00025.png
4,21593,74,74,7,7,68,68,13,Train/13/00013_00037_00023.png
4,16727,39,39,6,6,34,34,10,Train/10/00010_00056_00017.png
4,19992,38,41,5,6,33,36,12,Train/12/00012_00054_00012.png
4,13972,63,63,5,6,57,58,9,Train/9/00009_00013_00022.png
4,38335,71,71,6,6,65,65,39,Train/39/00039_00008_00026.png
4,1934,53,53,5,5,48,48,1,Train/1/00001_00045_00014.png
4,12099,32,31,6,5,27,26,7,Train/7/00007_00046_00009.png
4,38584,30,30,6,6,25,25,40,Train/40/00040_00007_00005.png
4,21583,46,45,6,5,41,40,13,Train/13/00013_00037_00013.png
4,18752,27,27,5,6,21,22,12,Train/12/00012_00013_00002.png
4,34260,29,31,5,6,24,25,35,Train/35/00035_00002_00001.png
4,39125,29,28,6,5,24,23,42,Train/42/00042_00005_00006.png
4,32659,61,56,5,5,55,51,31,Train/31/00031_00019_00019.png
4,18001,35,37,5,6,30,32,11,Train/11/00011_00032_00001.png
4,17100,68,63,6,6,62,58,11,Train/11/00011_00002_00000.png
4,17027,35,32,6,5,30,27,10,Train/10/00010_00066_00017.png
4,32556,36,35,5,5,30,29,31,Train/31/00031_00016_00006.png
4,32954,36,38,6,6,30,33,32,Train/32/00032_00003_00014.png
4,7008,51,54,5,5,46,49,4,Train/4/00004_00018_00018.png
4,15179,68,69,7,7,62,63,10,Train/10/00010_00004_00029.png
4,7661,33,34,5,6,28,29,4,Train/4/00004_00040_00011.png
4,13141,28,28,6,5,23,23,8,Train/8/00008_00033_00001.png
4,34490,55,56,5,6,49,50,35,Train/35/00035_00009_00021.png
4,36279,40,38,5,5,35,33,38,Train/38/00038_00009_00010.png
4,11330,43,45,5,6,38,40,7,Train/7/00007_00020_00020.png
4,35620,31,32,5,5,26,27,36,Train/36/00036_00007_00011.png
4,35534,41,43,6,6,36,38,36,Train/36/00036_00004_00015.png
4,28969,49,48,5,5,44,43,25,Train/25/00025_00016_00019.png
4,33678,34,35,5,5,29,30,33,Train/33/00033_00019_00018.png
4,38810,59,63,5,6,54,58,41,Train/41/00041_00002_00021.png
4,3838,91,88,8,7,83,81,2,Train/2/00002_00034_00028.png
4,20450,71,72,7,7,65,66,12,Train/12/00012_00069_00020.png
4,27524,53,50,6,6,48,45,22,Train/22/00022_00007_00014.png
4,34180,41,42,5,6,36,37,34,Train/34/00034_00013_00011.png
4,154,30,29,5,6,25,24,20,Train/20/00020_00005_00004.png
4,11245,54,56,6,6,49,51,7,Train/7/00007_00017_00025.png
4,15511,30,30,6,5,25,24,10,Train/10/00010_00016_00001.png
4,15451,29,30,5,6,24,25,10,Train/10/00010_00014_00001.png
4,27143,69,63,6,5,63,58,21,Train/21/00021_00005_00023.png
4,4174,33,35,5,5,28,30,2,Train/2/00002_00046_00004.png
4,14862,36,35,6,6,31,29,9,Train/9/00009_00043_00012.png
4,9826,45,46,6,6,40,41,5,Train/5/00005_00046_00016.png
4,33943,35,39,5,5,30,33,34,Train/34/00034_00005_00014.png
4,5872,43,46,6,5,38,41,3,Train/3/00003_00027_00022.png
4,27002,34,31,6,5,29,26,21,Train/21/00021_00001_00002.png
4,33876,52,54,6,6,46,48,34,Train/34/00034_00003_00007.png
4,11940,29,28,6,6,23,23,7,Train/7/00007_00041_00000.png
4,39035,30,29,6,5,25,24,42,Train/42/00042_00002_00006.png
4,32203,47,41,6,6,42,36,31,Train/31/00031_00004_00013.png
4,14944,46,44,5,6,40,39,9,Train/9/00009_00046_00004.png
4,7165,42,41,6,6,37,36,4,Train/4/00004_00023_00025.png
4,27612,36,34,6,5,30,29,22,Train/22/00022_00010_00012.png
4,31315,77,75,7,6,71,69,28,Train/28/00028_00016_00025.png
4,5562,47,46,6,5,42,41,3,Train/3/00003_00017_00012.png
4,15988,69,62,7,5,63,57,10,Train/10/00010_00031_00028.png
4,20646,33,31,6,5,28,26,13,Train/13/00013_00006_00006.png
4,2623,36,36,6,6,31,31,1,Train/1/00001_00068_00013.png
4,26387,53,49,5,6,48,44,18,Train/18/00018_00027_00017.png
4,5684,40,43,5,6,35,38,3,Train/3/00003_00021_00014.png
4,27681,62,57,6,5,57,51,22,Train/22/00022_00012_00021.png
4,24861,32,40,5,6,27,35,17,Train/17/00017_00013_00021.png
4,33177,106,103,10,9,97,94,33,Train/33/00033_00002_00027.png
4,6883,35,36,5,5,30,31,4,Train/4/00004_00014_00013.png
4,19531,35,34,6,5,30,29,12,Train/12/00012_00039_00001.png
4,31708,142,122,12,10,130,112,30,Train/30/00030_00002_00028.png
4,5792,28,30,5,5,23,25,3,Train/3/00003_00025_00002.png
4,13697,39,38,6,5,34,33,9,Train/9/00009_00004_00017.png
4,3044,36,38,6,6,31,32,2,Train/2/00002_00008_00014.png
4,4429,43,42,5,5,38,37,2,Train/2/00002_00054_00019.png
4,37127,53,53,6,5,48,48,38,Train/38/00038_00037_00018.png
4,1898,36,36,6,6,31,31,1,Train/1/00001_00044_00008.png
4,18823,41,44,5,6,36,39,12,Train/12/00012_00015_00013.png
4,35124,61,57,6,6,56,52,35,Train/35/00035_00030_00025.png
4,6379,46,45,6,6,41,40,3,Train/3/00003_00044_00019.png
4,37148,31,31,6,6,26,26,38,Train/38/00038_00038_00009.png
4,21933,34,28,6,5,29,23,13,Train/13/00013_00049_00003.png
4,29570,55,50,5,5,50,45,25,Train/25/00025_00036_00020.png
4,21394,30,29,6,6,25,24,13,Train/13/00013_00031_00004.png
4,23343,26,28,5,6,21,22,14,Train/14/00014_00024_00003.png
4,18634,33,33,6,6,28,28,12,Train/12/00012_00009_00004.png
4,30668,44,45,6,6,38,39,27,Train/27/00027_00003_00008.png
4,30499,50,44,5,5,45,38,26,Train/26/00026_00017_00019.png
4,22960,47,46,6,5,42,41,14,Train/14/00014_00011_00010.png
4,14760,42,42,6,5,37,37,9,Train/9/00009_00040_00000.png
4,11673,31,34,5,6,26,29,7,Train/7/00007_00032_00003.png
4,12337,32,32,5,5,27,27,8,Train/8/00008_00006_00007.png
4,33287,46,47,5,5,41,42,33,Train/33/00033_00006_00017.png
4,26830,53,47,5,5,48,42,19,Train/19/00019_00002_00010.png
4,17967,141,120,13,11,129,110,11,Train/11/00011_00030_00027.png
4,16986,29,28,6,5,24,23,10,Train/10/00010_00065_00006.png
4,6350,38,40,6,5,33,35,3,Train/3/00003_00043_00020.png
4,12974,31,31,5,6,26,26,8,Train/8/00008_00027_00014.png
4,24399,31,31,5,5,26,26,16,Train/16/00016_00012_00009.png
4,34569,36,37,5,5,31,32,35,Train/35/00035_00012_00010.png
4,12277,32,31,6,5,27,26,8,Train/8/00008_00004_00007.png
4,27761,46,43,5,5,41,38,23,Train/23/00023_00002_00011.png
4,17742,41,38,6,5,36,33,11,Train/11/00011_00023_00012.png
4,23734,45,55,6,6,40,50,15,Train/15/00015_00011_00004.png
4,30805,63,60,5,6,58,54,27,Train/27/00027_00007_00025.png
4,30658,142,129,12,12,130,118,27,Train/27/00027_00002_00028.png
4,27046,44,42,6,6,39,37,21,Train/21/00021_00002_00016.png
4,9408,38,39,6,6,33,34,5,Train/5/00005_00032_00018.png
4,22297,53,51,5,6,48,45,13,Train/13/00013_00061_00007.png
4,15613,42,42,5,5,37,37,10,Train/10/00010_00019_00013.png
4,28660,34,32,6,6,28,27,25,Train/25/00025_00006_00010.png
4,6550,35,33,6,5,30,28,4,Train/4/00004_00003_00010.png
4,27998,47,44,6,5,42,38,23,Train/23/00023_00010_00008.png
4,1306,30,29,6,6,25,24,1,Train/1/00001_00024_00016.png
4,8814,71,72,6,7,65,66,5,Train/5/00005_00012_00024.png
4,29500,57,55,6,5,52,50,25,Train/25/00025_00034_00010.png
4,539,109,108,9,10,100,99,0,Train/0/00000_00005_00029.png
4,27320,68,58,7,5,62,53,22,Train/22/00022_00000_00020.png
4,26102,43,43,5,6,38,38,18,Train/18/00018_00018_00002.png
4,5473,35,34,6,5,29,28,3,Train/3/00003_00014_00013.png
4,26079,33,34,5,6,27,28,18,Train/18/00018_00017_00009.png
4,14631,58,59,6,6,53,54,9,Train/9/00009_00035_00021.png
4,18034,37,35,6,5,31,30,11,Train/11/00011_00033_00004.png
4,34158,36,36,6,5,31,31,34,Train/34/00034_00012_00019.png
4,13712,27,29,5,6,22,23,9,Train/9/00009_00005_00002.png
4,29926,46,51,5,5,41,46,25,Train/25/00025_00048_00016.png
4,3991,26,27,5,6,21,22,2,Train/2/00002_00040_00001.png
4,8228,34,35,6,6,29,30,4,Train/4/00004_00059_00008.png
4,26376,31,31,5,5,26,26,18,Train/18/00018_00027_00006.png
4,16309,47,48,6,6,41,43,10,Train/10/00010_00042_00019.png
4,12449,55,55,5,5,50,50,8,Train/8/00008_00009_00029.png
4,27258,58,54,6,6,52,49,21,Train/21/00021_00009_00018.png
4,23964,113,136,10,12,103,124,15,Train/15/00015_00018_00024.png
4,28164,111,98,10,9,102,90,23,Train/23/00023_00015_00024.png
4,167,43,40,6,6,38,35,20,Train/20/00020_00005_00017.png
4,7138,47,48,5,5,42,43,4,Train/4/00004_00022_00028.png
4,23780,43,47,6,5,38,42,15,Train/15/00015_00012_00020.png
4,18269,134,108,12,9,123,99,11,Train/11/00011_00040_00029.png
4,18769,41,41,6,6,35,35,12,Train/12/00012_00013_00019.png
4,4038,36,35,6,5,31,30,2,Train/2/00002_00041_00018.png
4,35367,58,64,6,5,53,59,35,Train/35/00035_00038_00028.png
4,29535,41,39,6,5,36,33,25,Train/25/00025_00035_00015.png
4,21584,46,46,6,6,41,41,13,Train/13/00013_00037_00014.png
4,5516,41,41,5,5,35,36,3,Train/3/00003_00015_00026.png
4,28415,42,38,5,5,37,33,24,Train/24/00024_00007_00005.png
4,6793,37,37,6,6,32,32,4,Train/4/00004_00011_00013.png
4,34533,30,32,5,5,25,27,35,Train/35/00035_00011_00004.png
4,8406,29,29,6,5,24,24,4,Train/4/00004_00065_00006.png
4,3151,43,43,5,6,37,37,2,Train/2/00002_00012_00001.png
4,32397,73,69,7,7,67,63,31,Train/31/00031_00010_00027.png
4,7494,52,51,6,5,47,46,4,Train/4/00004_00034_00024.png
4,5242,70,73,7,6,63,67,3,Train/3/00003_00006_00022.png
4,30295,56,51,5,6,51,46,26,Train/26/00026_00010_00025.png
4,14278,52,54,6,5,47,49,9,Train/9/00009_00023_00028.png
4,8102,34,31,6,5,29,26,4,Train/4/00004_00055_00002.png
4,29909,230,201,20,18,211,184,25,Train/25/00025_00047_00029.png
4,14510,36,36,6,6,31,31,9,Train/9/00009_00031_00020.png
4,14350,60,59,6,6,55,54,9,Train/9/00009_00026_00010.png
4,1956,44,43,6,5,39,38,1,Train/1/00001_00046_00006.png
4,35482,70,70,7,7,64,64,36,Train/36/00036_00002_00023.png
4,10845,44,44,6,6,39,39,7,Train/7/00007_00004_00015.png
4,17172,48,47,5,5,42,41,11,Train/11/00011_00004_00012.png
4,15576,35,35,6,6,30,30,10,Train/10/00010_00018_00006.png
4,6534,63,64,6,5,58,59,4,Train/4/00004_00002_00024.png
4,28191,59,58,5,6,54,53,23,Train/23/00023_00016_00021.png
4,34396,45,45,5,5,39,40,35,Train/35/00035_00006_00017.png
4,21760,44,41,5,5,39,36,13,Train/13/00013_00043_00010.png
4,32089,69,61,6,5,63,56,31,Train/31/00031_00000_00019.png
4,6237,95,101,8,9,87,93,3,Train/3/00003_00039_00027.png
4,4312,41,44,5,6,36,39,2,Train/2/00002_00050_00022.png
4,1339,42,41,6,5,37,35,1,Train/1/00001_00025_00019.png
4,10811,40,39,6,5,35,34,7,Train/7/00007_00003_00011.png
4,1908,48,49,5,6,43,44,1,Train/1/00001_00044_00018.png
4,6121,28,29,5,5,23,24,3,Train/3/00003_00036_00001.png
4,8818,111,111,9,9,102,102,5,Train/5/00005_00012_00028.png
4,2681,60,64,6,5,55,59,1,Train/1/00001_00070_00011.png
4,20965,96,88,8,7,88,81,13,Train/13/00013_00016_00025.png
4,1624,29,28,6,5,23,23,1,Train/1/00001_00035_00004.png
4,12204,57,55,6,5,51,49,8,Train/8/00008_00001_00024.png
4,26588,39,36,5,5,33,30,18,Train/18/00018_00034_00008.png
4,2568,60,58,6,5,54,52,1,Train/1/00001_00066_00018.png
4,32707,34,35,5,6,29,30,31,Train/31/00031_00021_00007.png
4,32144,51,48,5,6,46,43,31,Train/31/00031_00002_00014.png
4,7589,71,70,7,6,65,64,4,Train/4/00004_00037_00029.png
4,11281,27,25,6,5,22,20,7,Train/7/00007_00019_00001.png
4,38526,60,60,6,6,55,55,40,Train/40/00040_00005_00007.png
4,20400,30,30,6,5,25,25,12,Train/12/00012_00068_00000.png
4,9588,39,39,5,5,33,34,5,Train/5/00005_00038_00018.png
4,7575,42,41,6,5,37,36,4,Train/4/00004_00037_00015.png
4,22315,120,109,11,10,110,100,13,Train/13/00013_00061_00025.png
4,3170,83,77,7,7,76,71,2,Train/2/00002_00012_00020.png
4,27174,68,61,7,6,62,56,21,Train/21/00021_00006_00024.png
4,14250,30,31,5,5,25,26,9,Train/9/00009_00023_00000.png
4,34975,83,82,7,7,75,75,35,Train/35/00035_00025_00026.png
4,32351,45,42,5,5,40,37,31,Train/31/00031_00009_00011.png
4,36007,32,34,5,5,26,28,38,Train/38/00038_00000_00008.png
4,17923,68,62,6,6,61,56,11,Train/11/00011_00029_00013.png
4,33863,60,59,6,5,55,53,34,Train/34/00034_00002_00024.png
4,9504,70,73,6,6,64,67,5,Train/5/00005_00035_00024.png
4,31888,93,81,9,7,85,74,30,Train/30/00030_00008_00028.png
4,24895,33,38,6,6,28,33,17,Train/17/00017_00014_00025.png
4,34051,32,31,6,5,27,26,34,Train/34/00034_00009_00002.png
4,32709,36,36,5,5,31,31,31,Train/31/00031_00021_00009.png
4,32715,41,40,6,5,36,35,31,Train/31/00031_00021_00015.png
4,23804,39,43,5,5,34,37,15,Train/15/00015_00013_00014.png
4,19571,44,44,5,5,39,39,12,Train/12/00012_00040_00011.png
4,17918,57,54,5,6,52,48,11,Train/11/00011_00029_00008.png
4,26617,31,30,5,5,26,25,18,Train/18/00018_00035_00007.png
4,22765,117,117,11,11,107,107,14,Train/14/00014_00004_00025.png
4,2853,29,28,6,6,24,23,2,Train/2/00002_00002_00003.png
4,32027,42,39,5,6,37,34,30,Train/30/00030_00013_00017.png
4,12942,34,35,6,6,29,29,8,Train/8/00008_00026_00012.png
4,29323,61,60,5,6,56,55,25,Train/25/00025_00028_00013.png
4,21489,37,35,6,6,32,29,13,Train/13/00013_00034_00009.png
4,8376,31,30,6,6,26,25,4,Train/4/00004_00064_00006.png
4,5433,29,29,6,6,24,24,3,Train/3/00003_00013_00003.png
4,26446,51,49,6,6,46,44,18,Train/18/00018_00029_00016.png
4,30606,39,37,5,5,34,32,27,Train/27/00027_00001_00006.png
4,30749,107,97,10,8,98,89,27,Train/27/00027_00005_00029.png
4,6303,31,31,5,5,26,26,3,Train/3/00003_00042_00003.png
4,30405,81,71,8,6,74,65,26,Train/26/00026_00014_00015.png
4,35,36,33,6,6,30,27,20,Train/20/00020_00001_00005.png
4,5968,101,106,9,10,93,97,3,Train/3/00003_00030_00028.png
4,26820,44,40,6,6,39,35,19,Train/19/00019_00002_00000.png
4,38580,26,26,5,5,21,21,40,Train/40/00040_00007_00001.png
4,39071,33,34,5,6,28,29,42,Train/42/00042_00003_00012.png
4,26010,40,39,6,5,35,34,18,Train/18/00018_00015_00000.png
4,25344,42,45,6,5,37,39,17,Train/17/00017_00029_00024.png
4,24370,30,32,5,6,25,27,16,Train/16/00016_00011_00010.png
4,15049,47,48,5,6,42,43,10,Train/10/00010_00000_00019.png
4,16332,32,33,5,6,27,28,10,Train/10/00010_00043_00012.png
4,3675,50,48,6,5,44,43,2,Train/2/00002_00029_00015.png
4,17642,35,33,5,6,30,28,11,Train/11/00011_00020_00002.png
4,29286,43,42,6,5,38,37,25,Train/25/00025_00027_00006.png
4,36267,40,40,6,6,35,35,38,Train/38/00038_00008_00028.png
4,29059,81,75,8,6,74,69,25,Train/25/00025_00019_00019.png
4,37524,46,47,6,5,41,42,38,Train/38/00038_00050_00025.png
4,31993,41,42,6,5,36,37,30,Train/30/00030_00012_00013.png
4,14820,31,33,6,5,26,28,9,Train/9/00009_00042_00000.png
4,13208,33,34,5,6,28,29,8,Train/8/00008_00035_00008.png
4,38882,27,26,5,5,22,21,41,Train/41/00041_00005_00003.png
4,80,56,53,6,5,51,48,20,Train/20/00020_00002_00020.png
4,19222,50,50,5,5,45,45,12,Train/12/00012_00028_00022.png
4,38516,117,110,10,10,107,100,40,Train/40/00040_00004_00027.png
4,36044,40,53,6,6,35,48,38,Train/38/00038_00001_00015.png
4,9723,30,31,5,6,25,26,5,Train/5/00005_00043_00003.png
4,10646,59,59,6,6,54,54,6,Train/6/00006_00011_00026.png
4,31696,57,53,5,6,52,48,30,Train/30/00030_00002_00016.png
4,2221,53,59,6,5,48,54,1,Train/1/00001_00055_00001.png
4,12298,68,67,6,6,62,61,8,Train/8/00008_00004_00028.png
4,18353,50,49,6,5,44,43,11,Train/11/00011_00043_00023.png
4,3890,48,47,6,5,43,42,2,Train/2/00002_00036_00020.png
4,19463,82,82,8,8,75,75,12,Train/12/00012_00036_00023.png
4,8374,28,29,5,6,23,23,4,Train/4/00004_00064_00004.png
4,2354,47,48,5,5,42,42,1,Train/1/00001_00059_00014.png
4,26439,40,37,5,6,34,32,18,Train/18/00018_00029_00009.png
4,32152,76,72,6,7,70,66,31,Train/31/00031_00002_00022.png
4,25588,31,29,6,5,26,23,18,Train/18/00018_00000_00028.png
4,10034,37,34,6,5,32,29,5,Train/5/00005_00053_00014.png
4,3599,82,82,7,7,75,75,2,Train/2/00002_00026_00029.png
4,5215,48,48,5,5,43,43,3,Train/3/00003_00005_00025.png
4,33464,40,39,6,6,34,33,33,Train/33/00033_00012_00014.png
4,38192,29,29,6,6,24,24,39,Train/39/00039_00004_00003.png
4,28855,105,97,10,8,95,88,25,Train/25/00025_00012_00025.png
4,4757,71,72,7,7,65,66,2,Train/2/00002_00065_00017.png
4,22678,178,171,16,14,163,157,14,Train/14/00014_00001_00028.png
4,27827,45,38,5,5,39,33,23,Train/23/00023_00004_00017.png
4,9736,38,39,5,6,32,33,5,Train/5/00005_00043_00016.png
4,32499,47,43,6,6,42,38,31,Train/31/00031_00014_00009.png
4,6333,29,30,5,5,24,25,3,Train/3/00003_00043_00003.png
4,20208,52,53,6,5,47,48,12,Train/12/00012_00061_00018.png
4,21353,45,44,5,6,40,39,13,Train/13/00013_00029_00023.png
4,25446,28,29,6,5,23,24,17,Train/17/00017_00033_00006.png
4,33114,75,82,6,8,68,74,33,Train/33/00033_00000_00024.png
4,21051,74,68,7,7,68,62,13,Train/13/00013_00019_00021.png
4,35150,41,43,6,6,35,37,35,Train/35/00035_00031_00021.png
4,13818,38,37,6,5,33,32,9,Train/9/00009_00008_00018.png
4,31000,48,44,6,5,43,39,28,Train/28/00028_00006_00010.png
4,10344,54,55,6,5,49,50,6,Train/6/00006_00001_00024.png
4,29670,32,29,5,5,27,24,25,Train/25/00025_00040_00000.png
4,22977,108,103,9,9,99,94,14,Train/14/00014_00011_00027.png
4,3355,64,63,5,5,58,58,2,Train/2/00002_00018_00025.png
4,27895,63,58,5,5,58,53,23,Train/23/00023_00006_00025.png
4,27644,45,44,5,6,40,39,22,Train/22/00022_00011_00014.png
4,6910,35,35,6,6,30,29,4,Train/4/00004_00015_00010.png
4,4934,31,31,6,6,26,26,2,Train/2/00002_00071_00014.png
4,37795,70,71,6,7,64,65,38,Train/38/00038_00059_00026.png
4,6970,34,36,6,6,28,30,4,Train/4/00004_00017_00010.png
4,25309,50,50,6,5,45,45,17,Train/17/00017_00028_00019.png
4,2873,42,45,6,6,37,40,2,Train/2/00002_00002_00023.png
4,12871,32,33,5,6,27,28,8,Train/8/00008_00024_00001.png
4,8171,35,34,6,5,30,29,4,Train/4/00004_00057_00011.png
4,5654,38,38,5,5,33,33,3,Train/3/00003_00020_00014.png
4,22321,32,32,6,6,27,27,13,Train/13/00013_00062_00001.png
4,15168,39,39,6,6,34,34,10,Train/10/00010_00004_00018.png
4,23638,45,50,5,5,40,45,15,Train/15/00015_00007_00028.png
4,1631,32,31,6,5,27,26,1,Train/1/00001_00035_00011.png
4,6195,40,39,6,5,35,34,3,Train/3/00003_00038_00015.png
4,33486,43,43,5,5,38,38,33,Train/33/00033_00013_00006.png
4,22178,83,74,7,6,76,68,13,Train/13/00013_00057_00008.png
4,21548,40,38,6,5,35,33,13,Train/13/00013_00036_00008.png
4,20272,50,53,5,6,45,48,12,Train/12/00012_00063_00022.png
4,6315,38,38,6,5,33,33,3,Train/3/00003_00042_00015.png
4,19017,70,74,7,6,64,68,12,Train/12/00012_00021_00027.png
4,15194,35,35,5,5,30,30,10,Train/10/00010_00005_00014.png
4,10319,80,84,8,8,73,77,6,Train/6/00006_00000_00029.png
4,32454,76,71,6,7,70,65,31,Train/31/00031_00012_00024.png
4,5237,59,63,6,6,54,57,3,Train/3/00003_00006_00017.png
4,38438,38,36,6,5,32,31,40,Train/40/00040_00002_00009.png
4,1722,33,34,5,5,28,29,1,Train/1/00001_00038_00012.png
4,13021,26,26,5,5,21,21,8,Train/8/00008_00029_00001.png
4,14569,49,47,5,5,44,42,9,Train/9/00009_00033_00019.png
4,33034,29,30,5,6,24,25,32,Train/32/00032_00006_00004.png
4,21542,37,35,6,5,32,30,13,Train/13/00013_00036_00002.png
4,9865,64,67,6,6,59,61,5,Train/5/00005_00047_00025.png
4,6923,42,42,5,6,36,36,4,Train/4/00004_00015_00023.png
4,37976,71,71,7,7,65,65,38,Train/38/00038_00065_00027.png
4,838,64,72,6,7,59,66,1,Train/1/00001_00008_00028.png
4,2048,36,36,6,6,31,31,1,Train/1/00001_00049_00008.png
4,11191,32,32,6,6,27,27,7,Train/7/00007_00016_00001.png
4,35736,36,35,6,5,30,29,36,Train/36/00036_00011_00007.png
4,36386,45,45,6,5,40,39,38,Train/38/00038_00012_00027.png
4,30193,37,35,5,6,32,30,26,Train/26/00026_00007_00013.png
4,5472,34,34,6,6,29,29,3,Train/3/00003_00014_00012.png
4,14105,32,31,6,5,27,26,9,Train/9/00009_00018_00005.png
4,7802,31,31,5,5,26,26,4,Train/4/00004_00045_00002.png
4,5940,26,26,6,5,21,21,3,Train/3/00003_00030_00000.png
4,14838,58,59,5,6,53,54,9,Train/9/00009_00042_00018.png
4,7994,41,40,6,6,36,35,4,Train/4/00004_00051_00014.png
4,32464,28,30,5,6,23,24,31,Train/31/00031_00013_00004.png
4,18760,32,32,5,5,27,27,12,Train/12/00012_00013_00010.png
4,31321,35,34,6,6,30,29,28,Train/28/00028_00017_00001.png
4,19389,61,61,6,5,56,55,12,Train/12/00012_00034_00009.png
4,22935,76,85,7,7,70,78,14,Train/14/00014_00010_00015.png
4,35283,29,30,6,6,24,25,35,Train/35/00035_00036_00004.png
4,9428,31,32,6,5,25,26,5,Train/5/00005_00033_00008.png
4,33021,34,35,6,5,29,30,32,Train/32/00032_00005_00021.png
4,31361,33,47,5,6,28,42,29,Train/29/00029_00000_00011.png
4,37920,32,33,6,6,27,28,38,Train/38/00038_00064_00001.png
4,9947,41,41,5,5,36,36,5,Train/5/00005_00050_00017.png
4,36840,27,29,5,6,21,24,38,Train/38/00038_00028_00001.png
4,22448,36,34,5,6,31,29,13,Train/13/00013_00066_00008.png
4,35376,35,35,5,5,30,30,35,Train/35/00035_00039_00007.png
4,3798,34,36,5,5,29,31,2,Train/2/00002_00033_00018.png
4,36915,34,38,5,6,29,33,38,Train/38/00038_00030_00016.png
4,23266,52,52,5,5,47,47,14,Train/14/00014_00021_00016.png
4,28172,40,38,5,5,35,33,23,Train/23/00023_00016_00002.png
4,9410,41,42,6,6,36,37,5,Train/5/00005_00032_00020.png
4,18145,93,89,8,7,85,81,11,Train/11/00011_00036_00025.png
4,6756,31,30,6,5,25,25,4,Train/4/00004_00010_00006.png
4,35970,39,41,5,5,34,36,37,Train/37/00037_00006_00001.png
4,39116,71,69,7,6,65,63,42,Train/42/00042_00004_00027.png
4,6375,37,38,5,6,32,33,3,Train/3/00003_00044_00015.png
4,10773,40,43,6,6,34,37,7,Train/7/00007_00002_00003.png
4,2952,37,39,5,6,32,33,2,Train/2/00002_00005_00012.png
4,22501,55,49,5,6,50,44,13,Train/13/00013_00068_00001.png
4,3907,33,33,5,6,28,28,2,Train/2/00002_00037_00007.png
4,26369,113,104,10,9,104,95,18,Train/18/00018_00026_00029.png
4,38119,42,43,5,5,36,37,39,Train/39/00039_00001_00020.png
4,39023,69,68,7,7,63,62,42,Train/42/00042_00001_00024.png
4,6729,36,36,6,6,31,31,4,Train/4/00004_00009_00009.png
4,725,33,32,6,5,28,27,1,Train/1/00001_00005_00005.png
4,3828,45,47,5,5,40,42,2,Train/2/00002_00034_00018.png
4,26842,85,68,8,6,78,62,19,Train/19/00019_00002_00022.png
4,32319,41,40,5,5,36,35,31,Train/31/00031_00008_00009.png
4,19755,39,41,6,6,34,36,12,Train/12/00012_00046_00015.png
4,12436,39,39,5,5,34,34,8,Train/8/00008_00009_00016.png
4,31117,50,44,5,5,45,39,28,Train/28/00028_00010_00007.png
4,16124,35,31,6,5,30,26,10,Train/10/00010_00036_00014.png
4,36758,34,34,5,5,29,29,38,Train/38/00038_00025_00009.png
4,8576,64,69,6,6,59,63,5,Train/5/00005_00004_00026.png
4,31233,37,36,5,5,32,31,28,Train/28/00028_00014_00003.png
4,16582,65,68,6,7,60,62,10,Train/10/00010_00051_00022.png
4,3719,65,57,6,6,60,52,2,Train/2/00002_00030_00029.png
4,9413,45,45,6,5,40,40,5,Train/5/00005_00032_00023.png
4,19733,72,73,7,6,66,67,12,Train/12/00012_00045_00023.png
4,11283,29,28,6,6,24,22,7,Train/7/00007_00019_00003.png
4,13529,105,107,10,9,96,98,8,Train/8/00008_00045_00029.png
4,21846,35,42,5,5,30,37,13,Train/13/00013_00046_00006.png
4,8561,34,37,5,6,29,32,5,Train/5/00005_00004_00011.png
4,17948,29,31,5,6,24,26,11,Train/11/00011_00030_00008.png
4,26304,73,70,7,6,67,64,18,Train/18/00018_00024_00024.png
4,29918,35,41,5,5,30,36,25,Train/25/00025_00048_00008.png
4,16146,29,28,5,5,24,23,10,Train/10/00010_00037_00006.png
4,14247,70,73,7,7,64,67,9,Train/9/00009_00022_00027.png
4,32463,27,27,5,5,22,22,31,Train/31/00031_00013_00003.png
4,14462,27,29,5,5,22,24,9,Train/9/00009_00030_00002.png
4,1201,27,28,6,5,21,22,1,Train/1/00001_00021_00001.png
4,31134,97,84,9,8,89,77,28,Train/28/00028_00010_00024.png
4,78,52,51,5,6,47,46,20,Train/20/00020_00002_00018.png
4,3293,62,64,5,5,57,59,2,Train/2/00002_00016_00023.png
4,28328,36,32,5,5,31,26,24,Train/24/00024_00004_00008.png
4,7954,28,29,5,5,23,24,4,Train/4/00004_00050_00004.png
4,36655,51,55,5,6,46,50,38,Train/38/00038_00021_00026.png
4,25720,93,85,8,8,85,78,18,Train/18/00018_00005_00010.png
4,1418,32,37,5,5,27,32,1,Train/1/00001_00028_00008.png
4,12696,32,39,5,6,27,34,8,Train/8/00008_00018_00006.png
4,36687,62,69,5,6,57,62,38,Train/38/00038_00022_00028.png
4,15478,72,71,7,6,66,65,10,Train/10/00010_00014_00028.png
4,19111,31,36,6,5,26,31,12,Train/12/00012_00025_00001.png
4,27444,60,56,5,5,55,51,22,Train/22/00022_00004_00024.png
4,12368,35,35,6,6,30,30,8,Train/8/00008_00007_00008.png
4,20593,40,37,6,6,35,32,13,Train/13/00013_00004_00013.png
4,9434,34,35,5,5,28,30,5,Train/5/00005_00033_00014.png
4,15426,39,39,6,6,34,34,10,Train/10/00010_00013_00006.png
4,17935,112,99,10,8,103,91,11,Train/11/00011_00029_00025.png
4,15574,35,35,6,6,30,30,10,Train/10/00010_00018_00004.png
4,15855,40,42,6,5,35,37,10,Train/10/00010_00027_00015.png
4,26197,29,31,5,6,24,26,18,Train/18/00018_00021_00007.png
4,31220,80,75,8,7,73,69,28,Train/28/00028_00013_00020.png
4,12610,36,34,5,6,30,29,8,Train/8/00008_00015_00010.png
4,17763,31,31,5,5,26,26,11,Train/11/00011_00024_00003.png
4,7986,33,33,5,6,28,28,4,Train/4/00004_00051_00006.png
4,18303,35,35,5,5,30,30,11,Train/11/00011_00042_00003.png
4,34755,40,40,6,5,34,34,35,Train/35/00035_00018_00016.png
4,10228,88,87,7,7,81,80,5,Train/5/00005_00059_00028.png
4,12802,46,45,5,6,41,40,8,Train/8/00008_00021_00022.png
4,38812,70,74,7,6,63,68,41,Train/41/00041_00002_00023.png
4,36961,32,31,6,5,27,26,38,Train/38/00038_00032_00002.png
4,6751,29,29,6,6,23,23,4,Train/4/00004_00010_00001.png
4,33090,26,26,5,5,20,21,33,Train/33/00033_00000_00000.png
4,32696,83,75,8,7,76,69,31,Train/31/00031_00020_00026.png
4,21654,62,55,5,5,57,50,13,Train/13/00013_00039_00024.png
4,36830,34,34,6,5,29,29,38,Train/38/00038_00027_00021.png
4,26091,56,52,6,6,51,46,18,Train/18/00018_00017_00021.png
4,7365,41,41,5,5,36,36,4,Train/4/00004_00030_00015.png
4,29930,55,61,6,6,50,56,25,Train/25/00025_00048_00020.png
4,35381,38,39,5,6,33,34,35,Train/35/00035_00039_00012.png
4,14707,36,35,5,5,30,30,9,Train/9/00009_00038_00007.png
4,30750,41,38,5,5,36,33,27,Train/27/00027_00006_00000.png
4,12431,36,37,5,6,31,32,8,Train/8/00008_00009_00011.png
4,10208,32,32,5,6,26,26,5,Train/5/00005_00059_00008.png
4,6895,56,59,5,6,50,54,4,Train/4/00004_00014_00025.png
4,6293,106,106,10,10,97,97,3,Train/3/00003_00041_00023.png
4,9764,42,42,5,5,36,37,5,Train/5/00005_00044_00014.png
4,24562,41,41,5,5,35,36,17,Train/17/00017_00003_00022.png
4,11292,37,38,6,5,31,32,7,Train/7/00007_00019_00012.png
4,24824,28,26,6,5,23,21,17,Train/17/00017_00012_00014.png
4,16242,35,34,5,5,30,29,10,Train/10/00010_00040_00012.png
4,7988,35,33,5,5,29,28,4,Train/4/00004_00051_00008.png
4,22920,56,64,5,5,51,59,14,Train/14/00014_00010_00000.png
4,34782,33,34,6,6,28,28,35,Train/35/00035_00019_00013.png
4,32475,39,41,5,6,33,35,31,Train/31/00031_00013_00015.png
4,18272,33,30,5,5,28,25,11,Train/11/00011_00041_00002.png
4,10002,37,37,6,6,32,32,5,Train/5/00005_00052_00012.png
4,20405,34,34,6,5,29,29,12,Train/12/00012_00068_00005.png
4,28153,56,50,6,5,51,45,23,Train/23/00023_00015_00013.png
4,7339,49,49,5,5,44,44,4,Train/4/00004_00029_00019.png
4,11022,40,39,6,6,34,33,7,Train/7/00007_00010_00012.png
4,11595,37,37,6,5,32,32,7,Train/7/00007_00029_00015.png
4,23834,37,42,6,6,31,36,15,Train/15/00015_00014_00014.png
4,21396,31,29,6,6,26,24,13,Train/13/00013_00031_00006.png
4,16129,41,36,6,5,36,31,10,Train/10/00010_00036_00019.png
4,26978,42,42,5,6,37,36,21,Train/21/00021_00000_00008.png
4,21272,31,31,6,6,26,26,13,Train/13/00013_00027_00002.png
4,17191,40,36,6,5,35,31,11,Train/11/00011_00005_00001.png
4,32344,38,37,5,5,32,32,31,Train/31/00031_00009_00004.png
4,23590,33,34,5,6,28,29,15,Train/15/00015_00006_00010.png
4,10322,31,31,6,5,26,26,6,Train/6/00006_00001_00002.png
4,20510,58,59,6,6,52,53,13,Train/13/00013_00001_00020.png
4,15037,39,40,6,5,34,35,10,Train/10/00010_00000_00007.png
4,2057,49,50,5,6,44,45,1,Train/1/00001_00049_00017.png
4,5466,30,30,5,5,25,25,3,Train/3/00003_00014_00006.png
4,5705,29,29,6,5,24,24,3,Train/3/00003_00022_00005.png
4,38714,49,51,6,6,44,46,40,Train/40/00040_00011_00015.png
4,22563,70,64,6,5,64,59,13,Train/13/00013_00070_00003.png
4,23876,71,81,6,7,65,74,15,Train/15/00015_00015_00026.png
4,3908,32,33,5,6,27,28,2,Train/2/00002_00037_00008.png
4,17269,67,60,6,6,61,55,11,Train/11/00011_00007_00019.png
4,30146,63,56,5,5,58,51,26,Train/26/00026_00005_00026.png
4,25606,60,57,5,6,55,52,18,Train/18/00018_00001_00016.png
4,30575,52,48,6,6,46,42,27,Train/27/00027_00000_00005.png
4,7185,44,45,5,6,39,40,4,Train/4/00004_00024_00015.png
4,6124,32,33,6,6,27,28,3,Train/3/00003_00036_00004.png
4,26747,58,52,5,5,52,47,18,Train/18/00018_00039_00017.png
4,10705,53,55,6,5,48,49,6,Train/6/00006_00013_00025.png
4,37095,64,63,6,5,59,58,38,Train/38/00038_00036_00016.png
4,26220,59,56,6,5,54,51,18,Train/18/00018_00022_00000.png
4,9863,57,61,6,6,52,55,5,Train/5/00005_00047_00023.png
4,30424,95,83,9,7,86,76,26,Train/26/00026_00015_00004.png
4,19291,37,38,5,6,32,33,12,Train/12/00012_00031_00001.png
4,6768,43,45,5,6,37,39,4,Train/4/00004_00010_00018.png
4,4333,42,42,5,5,37,37,2,Train/2/00002_00051_00013.png
4,27824,41,36,5,5,36,31,23,Train/23/00023_00004_00014.png
4,2726,80,80,8,8,73,73,1,Train/1/00001_00071_00026.png
4,19452,50,50,6,6,45,45,12,Train/12/00012_00036_00012.png
4,25287,78,88,7,7,71,80,17,Train/17/00017_00027_00027.png
4,6278,60,60,5,5,55,55,3,Train/3/00003_00041_00008.png
4,10083,31,32,5,6,26,27,5,Train/5/00005_00055_00003.png
4,1311,29,28,6,5,24,23,1,Train/1/00001_00024_00021.png
4,9754,34,37,5,6,29,31,5,Train/5/00005_00044_00004.png
4,29049,49,47,6,5,44,42,25,Train/25/00025_00019_00009.png
4,16535,31,31,5,5,26,26,10,Train/10/00010_00050_00005.png
4,18931,27,30,5,6,22,25,12,Train/12/00012_00019_00001.png
4,599,114,118,10,11,104,108,1,Train/1/00001_00000_00029.png
4,36112,54,57,5,6,49,52,38,Train/38/00038_00003_00023.png
4,8075,38,39,5,6,33,34,4,Train/4/00004_00054_00005.png
4,24259,39,40,5,6,34,35,16,Train/16/00016_00007_00019.png
4,1061,42,41,6,5,36,36,1,Train/1/00001_00016_00011.png
4,16043,46,45,5,6,41,40,10,Train/10/00010_00033_00023.png
4,4305,34,33,5,5,28,28,2,Train/2/00002_00050_00015.png
4,24875,30,34,5,6,25,29,17,Train/17/00017_00014_00005.png
4,21193,48,47,5,6,43,41,13,Train/13/00013_00024_00013.png
4,23124,84,84,7,8,76,77,14,Train/14/00014_00016_00024.png
4,9647,37,38,5,5,32,33,5,Train/5/00005_00040_00017.png
4,6070,34,34,5,5,29,29,3,Train/3/00003_00034_00010.png
4,2685,72,76,7,6,66,70,1,Train/1/00001_00070_00015.png
4,11365,56,57,6,6,51,52,7,Train/7/00007_00021_00025.png
4,5825,28,27,6,5,23,22,3,Train/3/00003_00026_00005.png
4,12163,41,44,6,6,36,39,8,Train/8/00008_00000_00013.png
4,18658,93,96,9,8,85,88,12,Train/12/00012_00009_00028.png
4,32598,87,80,7,7,80,72,31,Train/31/00031_00017_00018.png
4,31701,74,68,6,7,68,62,30,Train/30/00030_00002_00021.png
4,32435,38,35,6,6,33,30,31,Train/31/00031_00012_00005.png
4,30328,157,140,14,12,144,128,26,Train/26/00026_00011_00028.png
4,37870,32,32,5,5,27,27,38,Train/38/00038_00062_00011.png
4,23391,49,51,5,6,44,46,14,Train/14/00014_00025_00021.png
4,25873,89,81,8,8,82,74,18,Train/18/00018_00010_00013.png
4,31193,64,59,6,5,59,54,28,Train/28/00028_00012_00023.png
4,32225,36,35,6,6,31,30,31,Train/31/00031_00005_00005.png
4,1447,39,38,6,5,33,32,1,Train/1/00001_00029_00007.png
4,22801,31,33,6,5,26,27,14,Train/14/00014_00006_00001.png
4,1006,40,39,6,5,35,34,1,Train/1/00001_00014_00016.png
4,35899,46,46,6,5,41,40,37,Train/37/00037_00003_00020.png
4,24787,27,28,5,5,22,23,17,Train/17/00017_00011_00007.png
4,22515,81,62,7,5,74,57,13,Train/13/00013_00068_00015.png
4,9222,35,34,6,6,29,28,5,Train/5/00005_00026_00012.png
4,22359,35,33,5,5,30,28,13,Train/13/00013_00063_00009.png
4,23960,108,130,10,11,99,119,15,Train/15/00015_00018_00020.png
4,21101,37,33,6,5,32,28,13,Train/13/00013_00021_00011.png
4,22330,38,37,5,5,33,32,13,Train/13/00013_00062_00010.png
4,921,54,52,6,6,49,47,1,Train/1/00001_00011_00021.png
4,6229,45,46,6,5,40,41,3,Train/3/00003_00039_00019.png
4,18363,29,30,6,5,24,25,12,Train/12/00012_00000_00003.png
4,876,30,32,5,6,25,26,1,Train/1/00001_00010_00006.png
4,6657,98,100,8,8,90,92,4,Train/4/00004_00006_00027.png
4,35915,29,28,6,5,24,23,37,Train/37/00037_00004_00006.png
4,14763,41,43,5,6,36,38,9,Train/9/00009_00040_00003.png
4,20572,106,95,9,8,97,87,13,Train/13/00013_00003_00022.png
4,25940,42,43,6,5,36,37,18,Train/18/00018_00012_00020.png
4,295,54,54,5,5,49,49,20,Train/20/00020_00009_00025.png
4,30795,46,42,6,6,41,37,27,Train/27/00027_00007_00015.png
4,24001,28,27,6,5,23,22,15,Train/15/00015_00020_00001.png
4,1444,36,38,6,5,31,32,1,Train/1/00001_00029_00004.png
4,34106,61,74,6,6,56,68,34,Train/34/00034_00010_00027.png
4,5296,42,42,5,5,37,37,3,Train/3/00003_00008_00016.png
4,32824,40,37,6,6,35,32,31,Train/31/00031_00025_00004.png
4,20832,51,46,6,5,46,41,13,Train/13/00013_00012_00012.png
4,12471,50,50,6,6,45,45,8,Train/8/00008_00010_00021.png
4,31120,53,47,6,6,48,42,28,Train/28/00028_00010_00010.png
4,22866,35,40,5,5,30,35,14,Train/14/00014_00008_00006.png
4,910,36,37,6,6,31,32,1,Train/1/00001_00011_00010.png
4,33216,31,31,6,5,26,26,33,Train/33/00033_00004_00006.png
4,10601,36,39,6,6,31,34,6,Train/6/00006_00010_00011.png
4,4183,39,40,6,5,34,34,2,Train/2/00002_00046_00013.png
4,1545,47,47,6,6,42,42,1,Train/1/00001_00032_00015.png
4,18438,55,58,5,6,50,53,12,Train/12/00012_00002_00018.png
4,19443,39,38,6,5,34,33,12,Train/12/00012_00036_00003.png
4,22115,43,40,5,5,38,35,13,Train/13/00013_00055_00005.png
4,11867,42,41,6,5,37,36,7,Train/7/00007_00038_00017.png
4,32546,82,73,8,7,74,67,31,Train/31/00031_00015_00026.png
4,9790,35,33,6,6,30,28,5,Train/5/00005_00045_00010.png
4,3676,52,50,6,5,46,45,2,Train/2/00002_00029_00016.png
4,8257,34,34,6,6,29,29,4,Train/4/00004_00060_00007.png
4,26684,53,53,6,6,48,48,18,Train/18/00018_00037_00014.png
4,37731,62,70,5,7,57,64,38,Train/38/00038_00057_00022.png
4,32846,104,92,10,9,95,84,31,Train/31/00031_00025_00026.png
4,11003,41,41,6,5,36,36,7,Train/7/00007_00009_00023.png
4,16569,42,40,6,5,37,35,10,Train/10/00010_00051_00009.png
4,25301,40,41,5,6,35,36,17,Train/17/00017_00028_00011.png
4,35088,50,53,5,6,45,48,35,Train/35/00035_00029_00019.png
4,13202,32,33,6,6,27,27,8,Train/8/00008_00035_00002.png
4,25657,51,46,5,5,45,41,18,Train/18/00018_00003_00007.png
4,12110,35,36,5,6,30,31,7,Train/7/00007_00046_00020.png
4,35288,30,31,5,5,25,26,35,Train/35/00035_00036_00009.png
4,1828,74,74,7,7,68,68,1,Train/1/00001_00041_00028.png
4,6346,34,36,5,5,29,31,3,Train/3/00003_00043_00016.png
4,31992,42,44,6,6,37,39,30,Train/30/00030_00012_00012.png
4,614,40,42,5,6,35,36,1,Train/1/00001_00001_00014.png
4,39053,40,43,5,6,35,38,42,Train/42/00042_00002_00024.png
4,29110,39,36,5,5,34,31,25,Train/25/00025_00021_00010.png
4,31386,41,39,5,5,36,33,29,Train/29/00029_00001_00006.png
4,26448,57,53,5,5,52,48,18,Train/18/00018_00029_00018.png
4,29327,75,71,7,7,69,65,25,Train/25/00025_00028_00017.png
4,9630,26,26,6,5,21,21,5,Train/5/00005_00040_00000.png
4,16960,33,32,6,6,27,27,10,Train/10/00010_00064_00010.png
4,14371,28,28,6,5,23,23,9,Train/9/00009_00027_00001.png
4,37947,94,97,9,8,86,89,38,Train/38/00038_00064_00028.png
4,28375,62,57,6,5,57,52,24,Train/24/00024_00005_00025.png
4,27721,62,61,5,6,57,56,23,Train/23/00023_00001_00001.png
4,14728,56,60,5,5,51,55,9,Train/9/00009_00038_00028.png
4,29887,67,61,6,6,61,56,25,Train/25/00025_00047_00007.png
4,7164,41,41,5,5,36,36,4,Train/4/00004_00023_00024.png
4,28768,110,100,10,8,101,92,25,Train/25/00025_00009_00028.png
4,727,34,32,6,6,29,27,1,Train/1/00001_00005_00007.png
4,23701,27,26,6,5,22,21,15,Train/15/00015_00010_00001.png
4,37787,51,52,5,6,46,47,38,Train/38/00038_00059_00018.png
4,36317,37,39,6,6,32,34,38,Train/38/00038_00010_00018.png
4,31402,81,73,7,7,74,67,29,Train/29/00029_00001_00022.png
4,19756,40,42,6,6,35,37,12,Train/12/00012_00046_00016.png
4,15801,46,48,5,5,41,43,10,Train/10/00010_00025_00021.png
4,29971,30,29,5,5,25,24,26,Train/26/00026_00000_00001.png
4,7967,39,41,5,6,34,36,4,Train/4/00004_00050_00017.png
4,6694,30,31,6,6,25,26,4,Train/4/00004_00008_00004.png
4,38661,55,55,5,6,50,50,40,Train/40/00040_00009_00022.png
4,26196,30,31,6,6,25,26,18,Train/18/00018_00021_00006.png
4,13268,34,34,5,6,29,29,8,Train/8/00008_00037_00008.png
4,17715,76,70,7,7,70,64,11,Train/11/00011_00022_00015.png
4,11290,34,35,6,5,29,29,7,Train/7/00007_00019_00010.png
4,4217,31,32,5,6,26,27,2,Train/2/00002_00047_00017.png
4,8235,44,43,6,5,39,38,4,Train/4/00004_00059_00015.png
4,23329,61,62,5,6,56,57,14,Train/14/00014_00023_00019.png
4,9595,54,56,6,5,49,51,5,Train/5/00005_00038_00025.png
4,26312,36,35,5,6,31,30,18,Train/18/00018_00025_00002.png
4,22988,44,45,5,6,39,40,14,Train/14/00014_00012_00008.png
4,12480,30,31,5,6,25,26,8,Train/8/00008_00011_00000.png
4,20332,77,79,7,7,71,72,12,Train/12/00012_00065_00022.png
4,14640,33,33,5,5,28,28,9,Train/9/00009_00036_00000.png
4,16112,30,27,5,6,25,22,10,Train/10/00010_00036_00002.png
4,13077,48,45,6,5,42,40,8,Train/8/00008_00030_00027.png
4,13478,32,34,5,5,27,29,8,Train/8/00008_00044_00008.png
4,13711,27,26,6,5,22,21,9,Train/9/00009_00005_00001.png
4,14062,57,56,6,5,52,51,9,Train/9/00009_00016_00022.png
4,11421,42,41,6,5,37,36,7,Train/7/00007_00023_00021.png
4,20436,52,54,5,6,47,49,12,Train/12/00012_00069_00006.png
4,30498,50,42,6,5,44,37,26,Train/26/00026_00017_00018.png
4,15549,34,34,5,5,29,29,10,Train/10/00010_00017_00009.png
4,11111,38,38,5,6,33,33,7,Train/7/00007_00013_00011.png
4,6719,122,122,11,10,111,112,4,Train/4/00004_00008_00029.png
4,19696,44,45,5,6,39,40,12,Train/12/00012_00044_00016.png
4,36416,58,58,5,5,53,53,38,Train/38/00038_00013_00027.png
4,30346,43,40,5,5,38,35,26,Train/26/00026_00012_00016.png
4,17876,108,97,10,9,99,89,11,Train/11/00011_00027_00026.png
4,28005,57,51,6,5,52,46,23,Train/23/00023_00010_00015.png
4,5966,81,82,8,7,73,75,3,Train/3/00003_00030_00026.png
4,12193,38,38,5,5,32,33,8,Train/8/00008_00001_00013.png
4,23278,145,155,13,14,133,141,14,Train/14/00014_00021_00028.png
4,11798,32,32,5,5,27,27,7,Train/7/00007_00036_00008.png
4,15588,50,49,6,5,45,44,10,Train/10/00010_00018_00018.png
4,27533,95,82,9,7,87,74,22,Train/22/00022_00007_00023.png
4,21931,31,28,6,6,26,23,13,Train/13/00013_00049_00001.png
4,36124,30,34,5,6,25,28,38,Train/38/00038_00004_00005.png
4,19944,142,143,12,12,130,131,12,Train/12/00012_00052_00024.png
4,25259,39,40,6,6,34,35,17,Train/17/00017_00026_00029.png
4,10448,29,32,5,6,23,26,6,Train/6/00006_00005_00008.png
4,23246,153,149,14,13,139,136,14,Train/14/00014_00020_00026.png
4,5507,36,35,6,5,31,30,3,Train/3/00003_00015_00017.png
4,35299,48,46,6,5,43,41,35,Train/35/00035_00036_00020.png
4,12979,34,33,5,5,29,28,8,Train/8/00008_00027_00019.png
4,5335,59,61,6,5,54,56,3,Train/3/00003_00009_00025.png
4,16942,45,46,6,6,40,40,10,Train/10/00010_00063_00022.png
4,18342,42,40,6,5,37,35,11,Train/11/00011_00043_00012.png
4,23068,147,160,13,14,135,146,14,Train/14/00014_00014_00028.png
4,24607,32,32,6,6,27,27,17,Train/17/00017_00005_00007.png
4,36398,31,32,6,6,26,27,38,Train/38/00038_00013_00009.png
4,5982,32,35,5,6,27,30,3,Train/3/00003_00031_00012.png
4,4616,107,106,9,9,98,97,2,Train/2/00002_00060_00026.png
4,23431,26,56,5,6,20,51,15,Train/15/00015_00001_00001.png
4,19294,38,39,5,6,33,34,12,Train/12/00012_00031_00004.png
4,6924,42,41,5,5,37,36,4,Train/4/00004_00015_00024.png
4,29234,48,42,6,6,43,37,25,Train/25/00025_00025_00014.png
4,33011,30,33,5,6,25,28,32,Train/32/00032_00005_00011.png
4,23426,58,59,6,6,53,54,15,Train/15/00015_00000_00026.png
4,1763,73,79,7,7,67,72,1,Train/1/00001_00039_00023.png
4,22256,97,89,9,8,89,82,13,Train/13/00013_00059_00026.png
4,34417,32,33,6,6,27,28,35,Train/35/00035_00007_00008.png
4,38987,43,44,5,5,38,39,42,Train/42/00042_00000_00018.png
4,33553,34,39,5,5,28,33,33,Train/33/00033_00015_00013.png
4,18865,52,51,6,6,46,45,12,Train/12/00012_00016_00025.png
4,22950,43,43,6,6,38,38,14,Train/14/00014_00011_00000.png
4,19902,38,39,5,6,33,34,12,Train/12/00012_00051_00012.png
4,23125,88,88,8,8,81,81,14,Train/14/00014_00016_00025.png
4,33374,86,86,8,8,79,79,33,Train/33/00033_00009_00014.png
4,29966,91,89,8,8,83,81,25,Train/25/00025_00049_00026.png
4,19270,36,36,6,6,31,31,12,Train/12/00012_00030_00010.png
4,8897,50,51,5,6,45,46,5,Train/5/00005_00015_00017.png
4,30321,83,74,8,6,76,68,26,Train/26/00026_00011_00021.png
4,30285,39,37,5,5,34,32,26,Train/26/00026_00010_00015.png
4,12549,38,39,5,5,33,34,8,Train/8/00008_00013_00009.png
4,37549,53,54,5,5,48,49,38,Train/38/00038_00051_00020.png
4,5286,30,30,5,5,25,25,3,Train/3/00003_00008_00006.png
4,34444,43,44,5,6,38,39,35,Train/35/00035_00008_00005.png
4,35417,52,51,6,5,46,46,36,Train/36/00036_00000_00018.png
4,16343,46,48,6,6,41,43,10,Train/10/00010_00043_00023.png
4,15725,37,38,6,6,32,33,10,Train/10/00010_00023_00005.png
4,32330,58,53,5,5,53,48,31,Train/31/00031_00008_00020.png
4,24714,30,33,5,5,25,28,17,Train/17/00017_00008_00024.png
4,8383,36,35,6,6,31,30,4,Train/4/00004_00064_00013.png
4,38604,65,70,6,6,60,64,40,Train/40/00040_00007_00025.png
4,34254,53,54,5,6,48,49,35,Train/35/00035_00001_00025.png
4,22811,39,40,5,5,34,35,14,Train/14/00014_00006_00011.png
4,13109,137,145,12,13,126,133,8,Train/8/00008_00031_00029.png
4,30335,33,30,6,6,27,24,26,Train/26/00026_00012_00005.png
4,9635,28,27,6,5,23,22,5,Train/5/00005_00040_00005.png
4,29696,119,106,11,10,109,97,25,Train/25/00025_00040_00026.png
4,23943,91,107,8,10,83,97,15,Train/15/00015_00018_00003.png
4,22039,50,46,5,6,45,41,13,Train/13/00013_00052_00019.png
4,36645,40,39,5,5,34,34,38,Train/38/00038_00021_00016.png
4,33715,86,84,7,8,79,77,33,Train/33/00033_00020_00026.png
4,22143,48,45,5,5,43,40,13,Train/13/00013_00056_00003.png
4,28021,51,45,5,5,45,39,23,Train/23/00023_00011_00001.png
4,33443,72,71,7,6,66,65,33,Train/33/00033_00011_00023.png
4,19434,54,57,5,6,49,52,12,Train/12/00012_00035_00024.png
4,13843,41,40,6,5,35,35,9,Train/9/00009_00009_00013.png
4,10143,31,33,6,6,26,28,5,Train/5/00005_00057_00003.png
4,25941,42,43,6,5,37,38,18,Train/18/00018_00012_00021.png
4,25926,37,39,5,6,32,34,18,Train/18/00018_00012_00006.png
4,7370,52,51,5,5,47,46,4,Train/4/00004_00030_00020.png
4,17777,49,46,5,5,44,41,11,Train/11/00011_00024_00017.png
4,29552,40,37,5,5,35,32,25,Train/25/00025_00036_00002.png
4,4748,49,50,5,5,43,44,2,Train/2/00002_00065_00008.png
4,20224,38,38,5,5,33,33,12,Train/12/00012_00062_00004.png
4,12153,37,37,5,5,32,32,8,Train/8/00008_00000_00003.png
4,26641,43,42,6,6,38,37,18,Train/18/00018_00036_00001.png
4,34479,34,33,6,5,28,28,35,Train/35/00035_00009_00010.png
4,35543,46,48,6,6,41,43,36,Train/36/00036_00004_00024.png
4,11278,68,68,6,7,62,62,7,Train/7/00007_00018_00028.png
4,34162,38,38,5,6,33,33,34,Train/34/00034_00012_00023.png
4,18338,40,40,5,5,35,35,11,Train/11/00011_00043_00008.png
4,23392,53,53,6,5,47,48,14,Train/14/00014_00025_00022.png
4,17440,48,45,6,5,43,40,11,Train/11/00011_00013_00010.png
4,1511,40,39,6,6,34,34,1,Train/1/00001_00031_00011.png
4,31640,62,55,6,6,57,50,30,Train/30/00030_00000_00020.png
4,6138,43,43,6,6,38,38,3,Train/3/00003_00036_00018.png
4,8183,61,61,6,6,56,56,4,Train/4/00004_00057_00023.png
4,10752,32,31,6,5,27,26,7,Train/7/00007_00001_00012.png
4,35307,81,75,8,7,74,69,35,Train/35/00035_00036_00028.png
4,35463,30,29,6,6,25,24,36,Train/36/00036_00002_00004.png
4,23247,177,171,16,14,161,157,14,Train/14/00014_00020_00027.png
4,5523,34,36,5,6,29,31,3,Train/3/00003_00016_00003.png
4,11536,38,37,6,5,33,32,7,Train/7/00007_00027_00016.png
4,2629,46,47,5,6,40,42,1,Train/1/00001_00068_00019.png
4,3432,34,35,5,6,29,30,2,Train/2/00002_00021_00012.png
4,26119,76,69,7,7,70,63,18,Train/18/00018_00018_00019.png
4,20362,53,61,5,5,48,56,12,Train/12/00012_00066_00022.png
4,20395,73,67,7,6,67,61,12,Train/12/00012_00067_00025.png
4,18899,118,116,10,10,108,106,12,Train/12/00012_00017_00029.png
4,2178,70,76,6,7,64,70,1,Train/1/00001_00053_00018.png
4,5722,44,45,6,5,39,40,3,Train/3/00003_00022_00022.png
4,10431,51,50,6,6,46,45,6,Train/6/00006_00004_00021.png
4,9441,40,43,5,6,35,38,5,Train/5/00005_00033_00021.png
4,5596,47,47,5,5,42,42,3,Train/3/00003_00018_00016.png
4,30410,99,89,8,8,91,82,26,Train/26/00026_00014_00020.png
4,10468,56,59,6,5,51,53,6,Train/6/00006_00005_00028.png
4,26894,54,50,6,5,49,45,19,Train/19/00019_00004_00014.png
4,23036,136,140,11,13,125,128,14,Train/14/00014_00013_00026.png
4,18038,41,38,5,5,35,32,11,Train/11/00011_00033_00008.png
4,1837,38,40,5,6,33,35,1,Train/1/00001_00042_00007.png
4,11077,31,32,5,6,26,27,7,Train/7/00007_00012_00007.png
4,12124,27,28,6,6,22,23,7,Train/7/00007_00047_00004.png
4,25288,89,101,8,9,82,93,17,Train/17/00017_00027_00028.png
4,8884,33,32,5,5,27,27,5,Train/5/00005_00015_00004.png
4,26053,38,34,6,5,33,29,18,Train/18/00018_00016_00013.png
4,28713,71,70,6,7,64,63,25,Train/25/00025_00008_00003.png
4,10827,96,99,9,8,88,91,7,Train/7/00007_00003_00027.png
4,3487,32,31,6,5,27,26,2,Train/2/00002_00023_00007.png
4,12356,52,52,6,6,47,47,8,Train/8/00008_00006_00026.png
4,12172,48,52,5,6,43,47,8,Train/8/00008_00000_00022.png
4,30852,48,42,6,5,42,37,28,Train/28/00028_00001_00012.png
4,36179,55,71,2,7,50,65,38,Train/38/00038_00006_00000.png
4,17659,64,58,6,6,59,53,11,Train/11/00011_00020_00019.png
4,34967,48,50,5,6,43,45,35,Train/35/00035_00025_00018.png
4,15952,43,43,6,6,38,38,10,Train/10/00010_00030_00022.png
4,39126,29,30,5,6,23,24,42,Train/42/00042_00005_00007.png
4,30541,29,26,5,5,23,21,26,Train/26/00026_00019_00001.png
4,5765,30,31,5,6,25,26,3,Train/3/00003_00024_00005.png
4,15627,93,92,8,9,85,84,10,Train/10/00010_00019_00027.png
4,32479,47,47,6,5,41,41,31,Train/31/00031_00013_00019.png
4,19633,73,73,7,7,67,67,12,Train/12/00012_00042_00013.png
4,18940,38,36,6,5,33,31,12,Train/12/00012_00019_00010.png
4,20991,74,69,6,7,68,63,13,Train/13/00013_00017_00021.png
4,1966,54,54,5,5,49,49,1,Train/1/00001_00046_00016.png
4,1128,71,71,7,7,65,65,1,Train/1/00001_00018_00018.png
4,38314,34,35,5,6,29,30,39,Train/39/00039_00008_00005.png
4,11949,35,35,6,5,29,29,7,Train/7/00007_00041_00009.png
4,26826,49,44,6,6,44,39,19,Train/19/00019_00002_00006.png
4,22684,34,35,5,5,29,29,14,Train/14/00014_00002_00004.png
4,16948,63,64,5,6,58,59,10,Train/10/00010_00063_00028.png
4,15594,68,67,7,6,62,61,10,Train/10/00010_00018_00024.png
4,11967,61,61,5,5,56,56,7,Train/7/00007_00041_00027.png
4,17611,30,27,6,5,25,22,11,Train/11/00011_00019_00001.png
4,36382,38,38,6,6,33,33,38,Train/38/00038_00012_00023.png
4,16740,32,32,5,6,27,27,10,Train/10/00010_00057_00000.png
4,23463,31,35,6,5,26,30,15,Train/15/00015_00002_00003.png
4,39152,31,30,6,5,26,25,42,Train/42/00042_00006_00003.png
4,15232,50,50,6,6,45,45,10,Train/10/00010_00006_00022.png
4,31432,63,59,5,6,58,54,29,Train/29/00029_00002_00022.png
4,31112,44,40,6,6,39,35,28,Train/28/00028_00010_00002.png
4,27311,46,43,6,5,41,38,22,Train/22/00022_00000_00011.png
4,27351,53,45,6,5,48,40,22,Train/22/00022_00001_00021.png
4,14984,39,40,6,6,34,35,9,Train/9/00009_00047_00014.png
4,11208,56,56,6,6,51,51,7,Train/7/00007_00016_00018.png
4,6228,45,47,6,6,40,42,3,Train/3/00003_00039_00018.png
4,3067,45,43,6,5,40,38,2,Train/2/00002_00009_00007.png
4,25477,29,31,5,6,24,26,17,Train/17/00017_00034_00007.png
4,37284,62,61,6,5,57,56,38,Train/38/00038_00042_00025.png
4,32001,51,51,5,5,46,46,30,Train/30/00030_00012_00021.png
4,15954,44,45,5,6,39,40,10,Train/10/00010_00030_00024.png
4,23253,33,34,6,6,28,29,14,Train/14/00014_00021_00003.png
4,14870,49,44,6,5,43,39,9,Train/9/00009_00043_00020.png
4,25438,45,47,6,5,40,42,17,Train/17/00017_00032_00028.png
4,3375,42,44,5,6,37,39,2,Train/2/00002_00019_00015.png
4,25228,51,52,5,5,46,47,17,Train/17/00017_00025_00028.png
4,35484,70,69,7,6,64,63,36,Train/36/00036_00002_00025.png
4,10033,37,35,6,6,32,30,5,Train/5/00005_00053_00013.png
4,33470,42,40,6,6,37,35,33,Train/33/00033_00012_00020.png
4,32237,44,42,5,5,39,37,31,Train/31/00031_00005_00017.png
4,17551,28,26,6,5,23,21,11,Train/11/00011_00017_00001.png
4,27104,39,35,6,5,34,30,21,Train/21/00021_00004_00014.png
4,1399,48,51,5,6,43,45,1,Train/1/00001_00027_00019.png
4,39178,59,62,5,5,54,57,42,Train/42/00042_00006_00029.png
4,34315,42,48,5,5,37,43,35,Train/35/00035_00003_00026.png
4,32368,108,97,9,8,99,89,31,Train/31/00031_00009_00028.png
4,15650,40,40,5,5,35,35,10,Train/10/00010_00020_00020.png
4,9176,50,51,5,6,45,46,5,Train/5/00005_00024_00026.png
4,22324,33,33,5,5,28,28,13,Train/13/00013_00062_00004.png
4,32201,44,40,5,6,39,35,31,Train/31/00031_00004_00011.png
4,22753,52,52,6,6,46,47,14,Train/14/00014_00004_00013.png
4,18212,31,30,5,6,25,24,11,Train/11/00011_00039_00002.png
4,26950,45,41,6,6,40,36,19,Train/19/00019_00006_00010.png
4,26797,36,34,5,6,30,29,19,Train/19/00019_00001_00007.png
4,27586,50,45,6,6,45,40,22,Train/22/00022_00009_00016.png
4,28295,53,51,5,5,48,46,24,Train/24/00024_00003_00005.png
4,10858,93,93,8,8,85,85,7,Train/7/00007_00004_00028.png
4,20618,32,33,5,5,27,28,13,Train/13/00013_00005_00008.png
4,19639,88,88,7,7,81,81,12,Train/12/00012_00042_00019.png
4,10626,31,33,6,6,26,28,6,Train/6/00006_00011_00006.png
4,33841,30,28,5,5,24,23,34,Train/34/00034_00002_00002.png
4,23820,27,31,5,6,22,26,15,Train/15/00015_00014_00000.png
4,11448,40,41,5,6,35,36,7,Train/7/00007_00024_00018.png
4,25704,145,130,13,12,132,119,18,Train/18/00018_00004_00024.png
4,38630,83,83,7,7,75,75,40,Train/40/00040_00008_00021.png
4,31289,118,105,11,10,107,96,28,Train/28/00028_00015_00029.png
4,16621,36,35,6,6,31,30,10,Train/10/00010_00053_00001.png
4,27965,40,41,5,6,35,36,23,Train/23/00023_00009_00005.png
4,5203,39,38,6,5,33,32,3,Train/3/00003_00005_00013.png
4,10733,61,59,6,6,56,54,7,Train/7/00007_00000_00023.png
4,15667,40,36,6,5,35,31,10,Train/10/00010_00021_00007.png
4,37884,70,70,7,7,64,64,38,Train/38/00038_00062_00025.png
4,25033,44,46,6,5,39,41,17,Train/17/00017_00019_00013.png
4,19751,34,36,6,6,29,31,12,Train/12/00012_00046_00011.png
4,23526,32,33,6,6,26,28,15,Train/15/00015_00004_00006.png
4,4551,40,40,6,6,35,35,2,Train/2/00002_00058_00021.png
4,3968,30,30,5,5,24,24,2,Train/2/00002_00039_00008.png
4,36916,36,39,6,6,31,34,38,Train/38/00038_00030_00017.png
4,13414,34,33,6,5,29,28,8,Train/8/00008_00042_00004.png
4,3209,53,56,6,6,48,51,2,Train/2/00002_00013_00029.png
4,8624,45,44,6,5,40,39,5,Train/5/00005_00006_00014.png
4,18247,41,39,6,6,36,34,11,Train/11/00011_00040_00007.png
4,24360,26,27,6,6,21,22,16,Train/16/00016_00011_00000.png
4,24197,35,35,5,5,30,30,16,Train/16/00016_00005_00017.png
4,11031,46,46,5,6,41,41,7,Train/7/00007_00010_00021.png
4,29959,57,54,5,5,52,49,25,Train/25/00025_00049_00019.png
4,15864,65,64,6,5,60,59,10,Train/10/00010_00027_00024.png
4,7224,76,74,7,6,70,68,4,Train/4/00004_00025_00024.png
4,35594,40,41,5,6,35,36,36,Train/36/00036_00006_00015.png
4,26265,48,45,5,6,43,40,18,Train/18/00018_00023_00015.png
4,32828,44,41,6,6,39,36,31,Train/31/00031_00025_00008.png
4,10199,106,117,10,10,97,107,5,Train/5/00005_00058_00029.png
4,11229,33,33,5,5,28,28,7,Train/7/00007_00017_00009.png
4,31845,56,51,6,5,51,46,30,Train/30/00030_00007_00015.png
4,5657,40,40,6,6,35,35,3,Train/3/00003_00020_00017.png
4,665,29,31,5,6,23,25,1,Train/1/00001_00003_00005.png
4,12838,81,82,8,7,74,75,8,Train/8/00008_00022_00028.png
4,2736,42,42,5,5,37,37,1,Train/1/00001_00072_00006.png
4,21431,47,40,5,6,42,34,13,Train/13/00013_00032_00011.png
4,33750,26,27,5,6,21,22,33,Train/33/00033_00022_00001.png
4,13455,37,35,5,6,32,30,8,Train/8/00008_00043_00015.png
4,333,30,28,5,6,25,23,20,Train/20/00020_00011_00003.png
4,36217,35,38,5,6,30,33,38,Train/38/00038_00007_00008.png
4,26584,35,33,5,6,30,28,18,Train/18/00018_00034_00004.png
4,8005,70,69,6,6,64,63,4,Train/4/00004_00051_00025.png
4,30920,60,55,5,5,55,50,28,Train/28/00028_00003_00020.png
4,27745,166,153,15,13,152,140,23,Train/23/00023_00001_00025.png
4,11132,36,37,5,6,31,32,7,Train/7/00007_00014_00002.png
4,18640,35,37,5,6,30,31,12,Train/12/00012_00009_00010.png
4,16825,68,70,6,6,62,64,10,Train/10/00010_00059_00025.png
4,34273,35,36,5,5,30,31,35,Train/35/00035_00002_00014.png
4,1844,48,50,5,6,43,45,1,Train/1/00001_00042_00014.png
4,35412,47,48,5,6,42,43,36,Train/36/00036_00000_00013.png
4,10780,44,49,5,6,39,44,7,Train/7/00007_00002_00010.png
4,23955,104,121,10,10,95,111,15,Train/15/00015_00018_00015.png
4,12576,36,36,6,5,31,31,8,Train/8/00008_00014_00006.png
4,12889,50,49,6,5,45,44,8,Train/8/00008_00024_00019.png
4,13415,35,35,5,5,30,30,8,Train/8/00008_00042_00005.png
4,6633,30,31,5,6,25,26,4,Train/4/00004_00006_00003.png
4,39188,32,32,6,5,27,27,42,Train/42/00042_00007_00009.png
4,7949,72,72,7,6,66,65,4,Train/4/00004_00049_00029.png
4,8259,33,34,5,6,28,29,4,Train/4/00004_00060_00009.png
4,7371,55,54,6,6,50,49,4,Train/4/00004_00030_00021.png
4,29411,43,40,6,5,38,35,25,Train/25/00025_00031_00011.png
4,35387,51,51,6,5,46,46,35,Train/35/00035_00039_00018.png
4,38062,60,63,6,6,55,58,38,Train/38/00038_00068_00023.png
4,22528,154,122,14,11,141,112,13,Train/13/00013_00068_00028.png
4,12664,31,31,5,5,26,26,8,Train/8/00008_00017_00004.png
4,29650,35,33,5,5,30,28,25,Train/25/00025_00039_00010.png
4,15858,46,48,6,5,41,43,10,Train/10/00010_00027_00018.png
4,1310,29,29,6,6,24,24,1,Train/1/00001_00024_00020.png
4,9776,63,71,5,6,58,65,5,Train/5/00005_00044_00026.png
4,10790,65,71,6,7,60,65,7,Train/7/00007_00002_00020.png
4,16348,63,72,5,7,58,66,10,Train/10/00010_00043_00028.png
4,35240,39,44,6,6,34,39,35,Train/35/00035_00034_00021.png
4,27704,39,38,5,6,33,33,23,Train/23/00023_00000_00014.png
4,21921,84,78,7,7,76,71,13,Train/13/00013_00048_00021.png
4,4194,49,56,5,6,44,51,2,Train/2/00002_00046_00024.png
4,2585,36,38,5,6,31,33,1,Train/1/00001_00067_00005.png
4,17829,56,51,6,5,51,46,11,Train/11/00011_00026_00009.png
4,33922,82,81,7,7,74,74,34,Train/34/00034_00004_00023.png
4,7811,36,37,6,6,31,32,4,Train/4/00004_00045_00011.png
4,5187,61,63,6,5,56,58,3,Train/3/00003_00004_00027.png
4,32387,40,37,6,6,35,32,31,Train/31/00031_00010_00017.png
4,31990,37,41,6,6,32,36,30,Train/30/00030_00012_00010.png
4,1963,50,49,6,5,45,44,1,Train/1/00001_00046_00013.png
4,20316,45,46,5,5,40,41,12,Train/12/00012_00065_00006.png
4,17460,31,31,5,5,26,26,11,Train/11/00011_00014_00000.png
4,12546,36,37,5,6,31,32,8,Train/8/00008_00013_00006.png
4,16021,25,26,5,5,20,20,10,Train/10/00010_00033_00001.png
4,25847,40,36,5,5,34,31,18,Train/18/00018_00009_00017.png
4,3184,32,33,6,6,27,28,2,Train/2/00002_00013_00004.png
4,6505,58,60,5,6,53,55,4,Train/4/00004_00001_00025.png
4,10690,33,33,6,6,28,28,6,Train/6/00006_00013_00010.png
4,20591,37,35,6,6,32,30,13,Train/13/00013_00004_00011.png
4,2986,35,36,5,5,30,31,2,Train/2/00002_00006_00016.png
4,34661,40,40,6,6,35,35,35,Train/35/00035_00015_00012.png
4,12727,38,37,6,5,33,32,8,Train/8/00008_00019_00007.png
4,12833,56,57,5,5,51,51,8,Train/8/00008_00022_00023.png
4,24660,28,29,6,5,23,24,17,Train/17/00017_00007_00000.png
4,29155,124,116,11,11,114,106,25,Train/25/00025_00022_00025.png
4,11110,38,37,6,6,33,32,7,Train/7/00007_00013_00010.png
4,13726,39,39,5,5,33,33,9,Train/9/00009_00005_00016.png
4,22576,106,96,9,8,97,88,13,Train/13/00013_00070_00016.png
4,25175,33,34,6,6,28,29,17,Train/17/00017_00024_00005.png
4,11342,30,31,5,6,24,25,7,Train/7/00007_00021_00002.png
4,29941,43,41,6,6,38,36,25,Train/25/00025_00049_00001.png
4,3169,80,74,7,6,73,68,2,Train/2/00002_00012_00019.png
4,9148,76,76,6,6,70,70,5,Train/5/00005_00023_00028.png
4,5942,26,28,5,6,21,23,3,Train/3/00003_00030_00002.png
4,20083,46,48,6,6,41,43,12,Train/12/00012_00057_00013.png
4,5908,55,59,5,5,50,54,3,Train/3/00003_00028_00028.png
4,29607,112,103,9,9,102,94,25,Train/25/00025_00037_00027.png
4,12921,41,41,5,5,36,36,8,Train/8/00008_00025_00021.png
4,1470,27,34,6,6,22,29,1,Train/1/00001_00030_00000.png
4,19553,75,74,7,6,69,68,12,Train/12/00012_00039_00023.png
4,24913,37,41,6,5,32,36,17,Train/17/00017_00015_00013.png
4,2243,79,88,7,8,72,81,1,Train/1/00001_00055_00023.png
4,3745,45,49,5,5,40,43,2,Train/2/00002_00031_00025.png
4,14686,46,46,5,5,41,41,9,Train/9/00009_00037_00016.png
4,11635,41,40,6,5,36,35,7,Train/7/00007_00030_00025.png
4,38783,52,54,6,5,47,49,41,Train/41/00041_00001_00024.png
4,14578,90,83,8,7,82,76,9,Train/9/00009_00033_00028.png
4,24748,58,64,6,6,53,58,17,Train/17/00017_00009_00028.png
4,27711,53,52,6,6,48,46,23,Train/23/00023_00000_00021.png
4,11641,27,28,5,6,22,23,7,Train/7/00007_00031_00001.png
4,25233,28,29,5,6,23,24,17,Train/17/00017_00026_00003.png
4,8809,50,50,5,5,45,45,5,Train/5/00005_00012_00019.png
4,6420,25,25,5,5,20,20,3,Train/3/00003_00046_00000.png
4,39010,35,37,5,6,30,32,42,Train/42/00042_00001_00011.png
4,20699,72,67,6,6,66,61,13,Train/13/00013_00007_00029.png
4,20932,114,105,10,10,104,96,13,Train/13/00013_00015_00022.png
4,33474,42,40,5,5,37,34,33,Train/33/00033_00012_00024.png
4,7618,60,60,5,5,55,55,4,Train/4/00004_00038_00028.png
4,29951,47,43,6,5,42,38,25,Train/25/00025_00049_00011.png
4,15790,34,35,6,6,29,30,10,Train/10/00010_00025_00010.png
4,8786,76,82,6,7,70,75,5,Train/5/00005_00011_00026.png
4,23236,68,73,6,7,62,67,14,Train/14/00014_00020_00016.png
4,31490,57,55,6,5,52,49,29,Train/29/00029_00004_00020.png
4,27067,37,37,5,5,32,32,21,Train/21/00021_00003_00007.png
4,28949,150,135,13,11,137,124,25,Train/25/00025_00015_00029.png
4,745,59,57,5,5,53,52,1,Train/1/00001_00005_00025.png
4,25562,27,27,5,6,22,22,18,Train/18/00018_00000_00002.png
4,16726,38,39,5,6,33,34,10,Train/10/00010_00056_00016.png
4,35752,59,59,5,6,53,54,36,Train/36/00036_00011_00023.png
4,36627,106,116,9,10,97,106,38,Train/38/00038_00020_00028.png
4,31567,38,38,5,5,33,33,29,Train/29/00029_00007_00007.png
4,37383,28,27,5,5,23,22,38,Train/38/00038_00046_00004.png
4,3738,38,41,6,5,33,35,2,Train/2/00002_00031_00018.png
4,37709,28,30,5,5,23,25,38,Train/38/00038_00057_00000.png
4,18701,47,48,5,5,42,43,12,Train/12/00012_00011_00011.png
4,8616,34,35,5,6,29,30,5,Train/5/00005_00006_00006.png
4,17815,81,72,7,6,74,66,11,Train/11/00011_00025_00025.png
4,22954,43,42,6,5,38,37,14,Train/14/00014_00011_00004.png
4,34820,51,50,6,5,46,45,35,Train/35/00035_00020_00021.png
4,9319,40,41,6,6,35,36,5,Train/5/00005_00029_00019.png
4,32978,30,32,5,5,25,26,32,Train/32/00032_00004_00008.png
4,18156,35,38,5,6,29,32,11,Train/11/00011_00037_00006.png
4,13403,48,48,6,6,43,43,8,Train/8/00008_00041_00023.png
4,37968,41,43,6,6,36,38,38,Train/38/00038_00065_00019.png
4,19786,59,62,5,6,54,57,12,Train/12/00012_00047_00016.png
4,11287,29,28,6,6,24,23,7,Train/7/00007_00019_00007.png
4,17032,37,37,5,5,31,31,10,Train/10/00010_00066_00022.png
4,2125,71,72,6,7,65,66,1,Train/1/00001_00051_00025.png
4,20054,48,48,6,6,43,43,12,Train/12/00012_00056_00014.png
4,166,40,38,5,5,35,32,20,Train/20/00020_00005_00016.png
4,12381,49,49,6,6,44,44,8,Train/8/00008_00007_00021.png
4,16738,54,57,5,6,49,52,10,Train/10/00010_00056_00028.png
4,23577,60,60,6,6,55,55,15,Train/15/00015_00005_00027.png
4,12621,48,44,6,5,42,39,8,Train/8/00008_00015_00021.png
4,17812,62,58,6,5,57,53,11,Train/11/00011_00025_00022.png
4,10888,133,133,12,12,122,122,7,Train/7/00007_00005_00028.png
4,27264,84,82,8,8,77,75,21,Train/21/00021_00009_00024.png
4,34329,33,34,5,6,28,29,35,Train/35/00035_00004_00010.png
4,31150,41,39,5,5,36,34,28,Train/28/00028_00011_00010.png
4,157,32,31,5,6,27,26,20,Train/20/00020_00005_00007.png
4,17433,41,39,6,5,35,33,11,Train/11/00011_00013_00003.png
4,38671,32,33,6,5,27,28,40,Train/40/00040_00010_00002.png
4,9920,41,44,5,6,36,39,5,Train/5/00005_00049_00020.png
4,22651,32,31,6,5,27,26,14,Train/14/00014_00001_00001.png
4,1969,61,61,5,5,56,56,1,Train/1/00001_00046_00019.png
4,24226,98,98,8,8,90,90,16,Train/16/00016_00006_00016.png
4,22424,47,42,5,5,42,37,13,Train/13/00013_00065_00014.png
4,36345,51,53,6,5,46,48,38,Train/38/00038_00011_00016.png
4,27233,100,82,9,8,92,75,21,Train/21/00021_00008_00023.png
4,11631,38,39,5,6,32,33,7,Train/7/00007_00030_00021.png
4,26233,71,71,7,7,65,65,18,Train/18/00018_00022_00013.png
4,13648,86,87,8,7,79,80,9,Train/9/00009_00002_00028.png
4,1445,37,39,5,6,31,33,1,Train/1/00001_00029_00005.png
4,26864,44,41,6,5,38,36,19,Train/19/00019_00003_00014.png
4,10891,38,38,6,6,33,33,7,Train/7/00007_00006_00001.png
4,5295,40,41,5,6,35,36,3,Train/3/00003_00008_00015.png
4,17023,32,30,6,5,27,24,10,Train/10/00010_00066_00013.png
4,1176,49,53,6,5,44,48,1,Train/1/00001_00020_00006.png
4,35504,37,39,5,6,32,34,36,Train/36/00036_00003_00015.png
4,32512,81,73,8,7,74,67,31,Train/31/00031_00014_00022.png
4,20463,28,28,5,5,23,23,13,Train/13/00013_00000_00003.png
4,25902,40,36,6,5,34,31,18,Train/18/00018_00011_00012.png
4,37833,38,39,6,6,33,34,38,Train/38/00038_00061_00004.png
4,10097,39,39,6,5,34,34,5,Train/5/00005_00055_00017.png
4,9380,41,42,6,5,36,36,5,Train/5/00005_00031_00020.png
4,13927,33,34,6,6,27,28,9,Train/9/00009_00012_00007.png
4,15912,33,35,5,6,28,30,10,Train/10/00010_00029_00012.png
4,334,30,28,5,6,25,23,20,Train/20/00020_00011_00004.png
4,31879,48,43,5,6,43,38,30,Train/30/00030_00008_00019.png
4,14657,53,53,6,6,48,48,9,Train/9/00009_00036_00017.png
4,13590,26,27,5,6,20,21,9,Train/9/00009_00001_00000.png
4,31006,56,52,5,6,51,47,28,Train/28/00028_00006_00016.png
4,28486,62,60,6,5,57,55,25,Train/25/00025_00000_00016.png
4,13917,109,114,9,10,100,104,9,Train/9/00009_00011_00027.png
4,28980,32,32,6,6,27,27,25,Train/25/00025_00017_00000.png
4,23084,48,47,6,5,43,42,14,Train/14/00014_00015_00014.png
4,24588,26,26,5,5,21,21,17,Train/17/00017_00004_00018.png
4,9894,56,56,6,6,51,51,5,Train/5/00005_00048_00024.png
4,12012,34,35,6,5,29,30,7,Train/7/00007_00043_00012.png
4,30434,115,104,10,10,105,95,26,Train/26/00026_00015_00014.png
4,37430,30,30,5,5,25,25,38,Train/38/00038_00047_00021.png
4,28254,73,73,6,7,67,67,24,Train/24/00024_00001_00024.png
4,2179,73,81,6,7,67,74,1,Train/1/00001_00053_00019.png
4,14605,68,63,7,6,62,58,9,Train/9/00009_00034_00025.png
4,4375,109,104,10,9,100,95,2,Train/2/00002_00052_00025.png
4,26216,89,82,8,8,82,75,18,Train/18/00018_00021_00026.png
4,18440,61,64,5,6,56,59,12,Train/12/00012_00002_00020.png
4,27234,110,92,9,8,101,84,21,Train/21/00021_00008_00024.png
4,15668,39,38,5,6,34,33,10,Train/10/00010_00021_00008.png
4,31472,39,39,6,6,34,34,29,Train/29/00029_00004_00002.png
4,36399,30,32,5,6,25,27,38,Train/38/00038_00013_00010.png
4,32819,81,73,8,6,74,67,31,Train/31/00031_00024_00029.png
4,6830,51,51,6,6,46,46,4,Train/4/00004_00012_00020.png
4,20650,35,32,5,5,30,26,13,Train/13/00013_00006_00010.png
4,13259,111,116,9,10,102,106,8,Train/8/00008_00036_00029.png
4,2945,32,32,6,6,27,27,2,Train/2/00002_00005_00005.png
4,39134,34,31,6,5,29,26,42,Train/42/00042_00005_00015.png
4,1324,30,28,6,5,24,23,1,Train/1/00001_00025_00004.png
4,25868,80,71,7,6,73,65,18,Train/18/00018_00010_00008.png
4,14492,28,27,6,5,23,22,9,Train/9/00009_00031_00002.png
4,10553,44,47,6,5,39,41,6,Train/6/00006_00008_00023.png
4,2686,71,77,6,7,65,71,1,Train/1/00001_00070_00016.png
4,1089,39,38,6,5,34,33,1,Train/1/00001_00017_00009.png
4,17451,72,70,6,6,66,64,11,Train/11/00011_00013_00021.png
4,29497,51,50,6,6,46,45,25,Train/25/00025_00034_00007.png
4,5710,31,32,5,5,26,27,3,Train/3/00003_00022_00010.png
4,6886,37,40,6,6,32,34,4,Train/4/00004_00014_00016.png
4,15660,33,32,6,5,28,27,10,Train/10/00010_00021_00000.png
4,14655,50,49,6,6,45,44,9,Train/9/00009_00036_00015.png
4,14015,43,43,5,5,38,38,9,Train/9/00009_00015_00005.png
4,9908,34,35,6,6,29,30,5,Train/5/00005_00049_00008.png
4,36224,43,46,5,6,38,41,38,Train/38/00038_00007_00015.png
4,8788,96,103,8,9,88,94,5,Train/5/00005_00011_00028.png
4,15073,40,36,5,5,35,31,10,Train/10/00010_00001_00013.png
4,7459,46,47,5,6,41,42,4,Train/4/00004_00033_00019.png
4,18879,38,38,5,5,33,33,12,Train/12/00012_00017_00009.png
4,1134,94,97,8,8,86,89,1,Train/1/00001_00018_00024.png
4,23976,27,28,5,6,22,23,15,Train/15/00015_00019_00006.png
4,24567,51,52,6,5,46,46,17,Train/17/00017_00003_00027.png
4,37723,43,46,6,5,38,40,38,Train/38/00038_00057_00014.png
4,32669,95,87,8,8,87,80,31,Train/31/00031_00019_00029.png
4,22475,36,34,5,6,31,29,13,Train/13/00013_00067_00005.png
4,38468,45,45,6,6,40,39,40,Train/40/00040_00003_00009.png
4,26386,51,47,6,6,45,41,18,Train/18/00018_00027_00016.png
4,20658,49,43,6,5,44,38,13,Train/13/00013_00006_00018.png
4,17759,98,88,8,8,90,81,11,Train/11/00011_00023_00029.png
4,11397,103,100,9,9,94,92,7,Train/7/00007_00022_00027.png
4,19985,35,34,6,5,30,29,12,Train/12/00012_00054_00005.png
4,22288,131,116,12,10,120,106,13,Train/13/00013_00060_00028.png
4,4696,35,34,6,5,30,29,2,Train/2/00002_00063_00016.png
4,16490,45,45,5,5,40,40,10,Train/10/00010_00048_00020.png
4,11936,40,41,5,6,35,36,7,Train/7/00007_00040_00026.png
4,705,33,32,6,5,28,27,1,Train/1/00001_00004_00015.png
4,28816,85,94,8,9,78,85,25,Train/25/00025_00011_00016.png
4,6310,36,38,5,6,31,33,3,Train/3/00003_00042_00010.png
4,38372,37,35,6,6,31,30,40,Train/40/00040_00000_00003.png
4,34113,29,30,5,6,24,25,34,Train/34/00034_00011_00004.png
4,11732,30,31,5,5,25,26,7,Train/7/00007_00034_00002.png
4,11704,31,30,6,6,25,25,7,Train/7/00007_00033_00004.png
4,17306,113,103,10,9,104,94,11,Train/11/00011_00008_00026.png
4,36159,35,35,6,5,30,30,38,Train/38/00038_00005_00010.png
4,26547,108,107,10,9,99,98,18,Train/18/00018_00032_00027.png
4,18316,49,49,5,5,44,44,11,Train/11/00011_00042_00016.png
4,10063,36,35,5,5,31,30,5,Train/5/00005_00054_00013.png
4,12292,50,49,5,5,45,44,8,Train/8/00008_00004_00022.png
4,28324,33,31,5,6,27,25,24,Train/24/00024_00004_00004.png
4,34048,79,81,7,7,72,74,34,Train/34/00034_00008_00029.png
4,902,29,31,5,6,24,26,1,Train/1/00001_00011_00002.png
4,307,37,33,6,5,32,28,20,Train/20/00020_00010_00007.png
4,28168,189,164,17,14,173,150,23,Train/23/00023_00015_00028.png
4,6866,72,76,6,7,66,70,4,Train/4/00004_00013_00026.png
4,38952,39,40,5,6,33,35,41,Train/41/00041_00007_00013.png
4,21633,33,30,5,5,28,25,13,Train/13/00013_00039_00003.png
4,7455,40,40,5,5,35,35,4,Train/4/00004_00033_00015.png
4,6047,39,39,5,5,33,33,3,Train/3/00003_00033_00017.png
4,23608,80,82,7,8,73,75,15,Train/15/00015_00006_00028.png
4,33543,28,31,6,6,23,26,33,Train/33/00033_00015_00003.png
4,37768,71,70,7,6,65,64,38,Train/38/00038_00058_00029.png
4,34395,43,44,6,5,38,38,35,Train/35/00035_00006_00016.png
4,31576,49,53,6,6,44,47,29,Train/29/00029_00007_00016.png
4,7492,48,48,6,6,43,43,4,Train/4/00004_00034_00022.png
4,13694,37,36,5,5,31,31,9,Train/9/00009_00004_00014.png
4,34682,40,41,6,6,35,36,35,Train/35/00035_00016_00003.png
4,37941,54,57,6,6,49,52,38,Train/38/00038_00064_00022.png
4,8901,61,61,6,5,56,56,5,Train/5/00005_00015_00021.png
4,33256,70,70,6,7,63,64,33,Train/33/00033_00005_00016.png
4,34668,52,50,6,5,46,45,35,Train/35/00035_00015_00019.png
4,25088,35,34,6,6,30,29,17,Train/17/00017_00021_00008.png
4,29419,52,49,5,5,47,44,25,Train/25/00025_00031_00019.png
4,68,38,37,5,5,33,32,20,Train/20/00020_00002_00008.png
4,4606,70,70,6,6,64,64,2,Train/2/00002_00060_00016.png
4,26528,53,53,5,5,48,48,18,Train/18/00018_00032_00008.png
4,9665,29,28,6,5,23,23,5,Train/5/00005_00041_00005.png
4,22478,37,34,6,6,32,29,13,Train/13/00013_00067_00008.png
4,15797,40,41,6,5,35,36,10,Train/10/00010_00025_00017.png
4,3713,51,45,6,6,46,40,2,Train/2/00002_00030_00023.png
4,17719,92,81,9,7,84,74,11,Train/11/00011_00022_00019.png
4,15947,37,36,6,5,32,31,10,Train/10/00010_00030_00017.png
4,2870,39,38,6,5,33,33,2,Train/2/00002_00002_00020.png
4,19852,46,48,5,6,41,43,12,Train/12/00012_00049_00022.png
4,4960,31,31,6,6,26,26,2,Train/2/00002_00072_00010.png
4,22349,154,139,13,12,141,127,13,Train/13/00013_00062_00029.png
4,29721,82,76,7,6,75,70,25,Train/25/00025_00041_00021.png
4,4810,39,38,6,5,33,32,2,Train/2/00002_00067_00010.png
4,11233,37,37,5,5,32,32,7,Train/7/00007_00017_00013.png
4,11897,41,41,5,5,36,36,7,Train/7/00007_00039_00017.png
4,35721,47,48,5,6,42,43,36,Train/36/00036_00010_00022.png
4,19967,58,51,5,6,53,46,12,Train/12/00012_00053_00017.png
4,38935,71,72,7,6,65,66,41,Train/41/00041_00006_00026.png
4,34621,32,31,6,5,27,26,35,Train/35/00035_00014_00002.png
4,2203,48,46,6,5,43,41,1,Train/1/00001_00054_00013.png
4,20105,43,40,6,5,38,35,12,Train/12/00012_00058_00005.png
4,5712,33,33,6,5,28,28,3,Train/3/00003_00022_00012.png
4,547,41,42,6,6,35,37,0,Train/0/00000_00006_00007.png
4,9076,43,42,6,5,37,36,5,Train/5/00005_00021_00016.png
4,2351,44,44,6,5,39,39,1,Train/1/00001_00059_00011.png
4,13431,47,46,6,5,42,41,8,Train/8/00008_00042_00021.png
4,18324,87,82,7,7,80,75,11,Train/11/00011_00042_00024.png
4,30899,159,134,14,11,146,123,28,Train/28/00028_00002_00029.png
4,9449,60,66,5,6,54,60,5,Train/5/00005_00033_00029.png
4,3859,48,47,6,5,43,42,2,Train/2/00002_00035_00019.png
4,24585,59,59,6,5,54,54,17,Train/17/00017_00004_00015.png
4,29936,77,81,7,8,71,74,25,Train/25/00025_00048_00026.png
4,38343,29,30,6,5,23,24,39,Train/39/00039_00009_00004.png
4,22084,70,63,7,6,64,58,13,Train/13/00013_00054_00004.png
4,30508,93,77,9,7,85,70,26,Train/26/00026_00017_00028.png
4,34382,29,30,6,5,23,24,35,Train/35/00035_00006_00003.png
4,4263,30,30,5,5,25,25,2,Train/2/00002_00049_00003.png
4,31930,39,39,5,6,34,34,30,Train/30/00030_00010_00010.png
4,16710,30,30,6,6,25,25,10,Train/10/00010_00056_00000.png
4,11896,40,40,6,6,35,35,7,Train/7/00007_00039_00016.png
4,34743,30,30,6,5,25,25,35,Train/35/00035_00018_00004.png
4,36486,44,51,6,6,39,46,38,Train/38/00038_00016_00007.png
4,7800,32,33,6,6,27,28,4,Train/4/00004_00045_00000.png
4,4182,39,39,6,5,34,34,2,Train/2/00002_00046_00012.png
4,10599,34,34,6,5,29,29,6,Train/6/00006_00010_00009.png
4,15750,28,29,5,6,23,24,10,Train/10/00010_00024_00000.png
4,13369,42,42,6,6,37,37,8,Train/8/00008_00040_00019.png
4,21197,57,51,5,6,52,46,13,Train/13/00013_00024_00017.png
4,24839,35,35,5,6,30,30,17,Train/17/00017_00012_00029.png
4,23996,39,39,5,5,34,34,15,Train/15/00015_00019_00026.png
4,10455,35,37,6,5,29,31,6,Train/6/00006_00005_00015.png
4,12156,40,39,6,6,35,34,8,Train/8/00008_00000_00006.png
4,9651,43,43,6,5,38,38,5,Train/5/00005_00040_00021.png
4,5814,54,53,6,6,49,48,3,Train/3/00003_00025_00024.png
4,17213,95,84,9,8,87,76,11,Train/11/00011_00005_00023.png
4,4386,32,32,5,5,27,27,2,Train/2/00002_00053_00006.png
4,12415,53,53,6,6,48,48,8,Train/8/00008_00008_00025.png
4,11392,67,68,6,7,61,62,7,Train/7/00007_00022_00022.png
4,16201,30,28,6,5,24,23,10,Train/10/00010_00039_00001.png
4,31172,30,26,6,5,25,21,28,Train/28/00028_00012_00002.png
4,28511,80,73,8,7,73,67,25,Train/25/00025_00001_00011.png
4,19214,36,35,6,5,31,30,12,Train/12/00012_00028_00014.png
4,2820,27,27,6,6,21,21,2,Train/2/00002_00001_00000.png
4,18369,31,36,5,6,26,31,12,Train/12/00012_00000_00009.png
4,21569,117,105,10,10,107,96,13,Train/13/00013_00036_00029.png
4,36838,38,40,5,5,33,35,38,Train/38/00038_00027_00029.png
4,36640,36,36,6,6,31,31,38,Train/38/00038_00021_00011.png
4,32278,73,69,7,6,67,63,31,Train/31/00031_00006_00028.png
4,5549,56,59,5,6,51,54,3,Train/3/00003_00016_00029.png
4,32550,31,30,6,6,26,25,31,Train/31/00031_00016_00000.png
4,36933,38,38,6,6,33,33,38,Train/38/00038_00031_00004.png
4,29297,58,54,6,6,53,49,25,Train/25/00025_00027_00017.png
4,27891,54,49,5,5,49,44,23,Train/23/00023_00006_00021.png
4,24685,45,46,6,5,40,41,17,Train/17/00017_00007_00025.png
4,24184,29,28,6,5,24,23,16,Train/16/00016_00005_00004.png
4,15698,41,42,6,5,36,37,10,Train/10/00010_00022_00008.png
4,23815,62,64,5,6,56,59,15,Train/15/00015_00013_00025.png
4,20763,34,34,5,6,29,29,13,Train/13/00013_00010_00003.png
4,37962,35,35,6,5,30,30,38,Train/38/00038_00065_00013.png
4,36226,47,48,5,6,42,43,38,Train/38/00038_00007_00017.png
4,4204,29,28,6,5,24,23,2,Train/2/00002_00047_00004.png
4,27562,62,57,6,5,57,52,22,Train/22/00022_00008_00022.png
4,25815,71,62,7,5,64,56,18,Train/18/00018_00008_00015.png
4,21700,65,59,6,6,60,54,13,Train/13/00013_00041_00010.png
4,34712,36,36,6,5,31,31,35,Train/35/00035_00017_00003.png
4,34126,60,61,5,6,55,56,34,Train/34/00034_00011_00017.png
4,29424,72,65,6,6,66,60,25,Train/25/00025_00031_00024.png
4,27852,42,40,6,6,37,35,23,Train/23/00023_00005_00012.png
4,31519,59,53,6,6,54,48,29,Train/29/00029_00005_00019.png
4,16443,29,29,6,6,24,24,10,Train/10/00010_00047_00003.png
4,38829,44,45,6,5,39,40,41,Train/41/00041_00003_00010.png
4,27697,29,30,5,6,24,25,23,Train/23/00023_00000_00007.png
4,13583,53,50,6,5,48,45,9,Train/9/00009_00000_00023.png
4,37033,35,38,5,6,30,33,38,Train/38/00038_00034_00014.png
4,32482,53,53,5,5,48,48,31,Train/31/00031_00013_00022.png
4,30973,50,52,6,5,45,46,28,Train/28/00028_00005_00013.png
4,24325,46,50,6,6,40,44,16,Train/16/00016_00009_00025.png
4,30933,33,30,5,5,28,25,28,Train/28/00028_00004_00003.png
4,11090,41,42,6,6,36,37,7,Train/7/00007_00012_00020.png
4,12185,30,31,6,6,25,26,8,Train/8/00008_00001_00005.png
4,21352,45,42,5,6,40,37,13,Train/13/00013_00029_00022.png
4,16918,69,71,7,7,63,65,10,Train/10/00010_00062_00028.png
4,36346,52,54,5,5,47,49,38,Train/38/00038_00011_00017.png
4,13405,51,50,6,5,46,45,8,Train/8/00008_00041_00025.png
4,27563,69,63,7,5,63,58,22,Train/22/00022_00008_00023.png
4,14115,37,37,5,6,31,31,9,Train/9/00009_00018_00015.png
4,22392,31,31,6,6,26,26,13,Train/13/00013_00064_00012.png
4,19141,31,31,5,5,26,26,12,Train/12/00012_00026_00001.png
4,3402,34,37,6,6,29,32,2,Train/2/00002_00020_00012.png
4,22585,142,128,12,12,130,117,13,Train/13/00013_00070_00025.png
4,12911,32,32,6,6,26,26,8,Train/8/00008_00025_00011.png
4,11793,30,31,5,6,25,26,7,Train/7/00007_00036_00003.png
4,26568,81,73,7,6,74,67,18,Train/18/00018_00033_00018.png
4,34926,34,35,6,6,29,30,35,Train/35/00035_00024_00007.png
4,4544,32,31,6,5,27,26,2,Train/2/00002_00058_00014.png
4,5414,38,39,5,6,33,34,3,Train/3/00003_00012_00014.png
4,17956,34,36,5,6,29,31,11,Train/11/00011_00030_00016.png
4,34725,51,52,6,5,46,47,35,Train/35/00035_00017_00016.png
4,37888,130,129,12,11,119,118,38,Train/38/00038_00062_00029.png
4,24498,37,37,6,5,32,31,17,Train/17/00017_00001_00018.png
4,10691,34,33,6,5,28,28,6,Train/6/00006_00013_00011.png
4,23185,116,119,10,11,106,109,14,Train/14/00014_00018_00025.png
4,24868,32,38,6,5,27,33,17,Train/17/00017_00013_00028.png
4,36397,30,31,5,6,24,26,38,Train/38/00038_00013_00008.png
4,32198,38,35,5,5,33,30,31,Train/31/00031_00004_00008.png
4,3389,70,73,6,6,64,67,2,Train/2/00002_00019_00029.png
4,36851,30,31,6,5,25,26,38,Train/38/00038_00028_00012.png
4,11597,38,39,5,5,33,34,7,Train/7/00007_00029_00017.png
4,20823,38,34,6,5,33,29,13,Train/13/00013_00012_00003.png
4,22102,130,123,12,11,119,112,13,Train/13/00013_00054_00022.png
4,19994,43,43,5,5,38,38,12,Train/12/00012_00054_00014.png
4,23768,38,43,5,6,32,37,15,Train/15/00015_00012_00008.png
4,9624,41,42,5,5,36,37,5,Train/5/00005_00039_00024.png
4,35220,33,35,6,5,27,29,35,Train/35/00035_00034_00001.png
4,1373,92,93,9,9,84,84,1,Train/1/00001_00026_00023.png
4,36422,29,30,6,5,24,25,38,Train/38/00038_00014_00003.png
4,37568,45,57,6,5,40,52,38,Train/38/00038_00052_00009.png
4,35936,57,59,5,5,51,54,37,Train/37/00037_00004_00027.png
4,27716,83,83,7,8,76,76,23,Train/23/00023_00000_00026.png
4,16176,30,30,5,6,25,25,10,Train/10/00010_00038_00006.png
4,36610,35,36,5,5,30,31,38,Train/38/00038_00020_00011.png
4,21161,34,41,5,5,28,36,13,Train/13/00013_00023_00011.png
4,12162,40,44,5,6,35,39,8,Train/8/00008_00000_00012.png
4,29743,44,42,5,6,39,37,25,Train/25/00025_00042_00013.png
4,14258,33,35,6,6,28,30,9,Train/9/00009_00023_00008.png
4,9208,48,48,5,5,43,43,5,Train/5/00005_00025_00028.png
4,19658,30,30,5,5,25,25,12,Train/12/00012_00043_00008.png
4,32263,40,41,5,6,35,36,31,Train/31/00031_00006_00013.png
4,29985,44,46,6,6,39,41,26,Train/26/00026_00000_00015.png
4,6164,37,37,6,6,32,32,3,Train/3/00003_00037_00014.png
4,7292,30,30,5,5,25,25,4,Train/4/00004_00028_00002.png
4,10229,104,101,10,9,95,93,5,Train/5/00005_00059_00029.png
4,8422,45,48,5,6,40,42,4,Train/4/00004_00065_00022.png
4,9374,33,33,5,6,27,28,5,Train/5/00005_00031_00014.png
4,38532,69,69,7,7,63,63,40,Train/40/00040_00005_00013.png
4,31589,107,107,10,10,97,98,29,Train/29/00029_00007_00029.png
4,23559,30,30,5,6,24,25,15,Train/15/00015_00005_00009.png
4,15556,41,41,6,6,36,36,10,Train/10/00010_00017_00016.png
4,2943,31,30,6,5,26,25,2,Train/2/00002_00005_00003.png
4,117,100,95,9,9,92,87,20,Train/20/00020_00003_00027.png
4,32036,57,51,6,6,52,46,30,Train/30/00030_00013_00026.png
4,14276,48,50,6,5,43,45,9,Train/9/00009_00023_00026.png
4,21770,61,53,6,5,56,48,13,Train/13/00013_00043_00020.png
4,30548,33,31,5,6,28,26,26,Train/26/00026_00019_00008.png
4,22137,117,104,11,9,107,95,13,Train/13/00013_00055_00027.png
4,21656,74,63,7,6,68,58,13,Train/13/00013_00039_00026.png
4,35855,32,31,5,5,27,26,37,Train/37/00037_00002_00006.png
4,24544,28,30,5,6,23,25,17,Train/17/00017_00003_00004.png
4,36054,67,86,6,7,61,79,38,Train/38/00038_00001_00025.png
4,12778,92,93,8,9,84,85,8,Train/8/00008_00020_00028.png
4,15818,29,29,5,5,24,24,10,Train/10/00010_00026_00008.png
4,30391,52,47,6,5,47,42,26,Train/26/00026_00014_00001.png
4,34499,39,40,6,6,34,35,35,Train/35/00035_00010_00000.png
4,39171,44,44,5,5,39,39,42,Train/42/00042_00006_00022.png
4,8491,28,27,6,6,23,22,5,Train/5/00005_00002_00001.png
4,1676,70,69,6,7,64,63,1,Train/1/00001_00036_00026.png
4,9240,26,25,5,5,20,20,5,Train/5/00005_00027_00000.png
4,1720,31,33,5,6,26,28,1,Train/1/00001_00038_00010.png
4,33426,35,35,5,5,30,30,33,Train/33/00033_00011_00006.png
4,2217,95,93,9,8,87,84,1,Train/1/00001_00054_00027.png
4,36541,29,29,6,6,24,24,38,Train/38/00038_00018_00002.png
4,38327,43,44,5,6,38,39,39,Train/39/00039_00008_00018.png
4,27889,51,46,5,6,46,41,23,Train/23/00023_00006_00019.png
4,25899,35,34,5,6,30,29,18,Train/18/00018_00011_00009.png
4,15908,32,32,6,6,27,27,10,Train/10/00010_00029_00008.png
4,6090,30,29,6,5,25,24,3,Train/3/00003_00035_00000.png
4,7461,51,50,5,5,46,45,4,Train/4/00004_00033_00021.png
4,2825,29,29,6,6,23,24,2,Train/2/00002_00001_00005.png
4,25616,87,78,8,7,80,71,18,Train/18/00018_00001_00026.png
4,24719,33,36,6,6,28,31,17,Train/17/00017_00008_00029.png
4,4082,26,28,5,6,21,23,2,Train/2/00002_00043_00002.png
4,16780,36,35,6,5,31,30,10,Train/10/00010_00058_00010.png
4,21223,45,40,5,5,39,35,13,Train/13/00013_00025_00013.png
4,447,92,95,8,9,84,87,0,Train/0/00000_00002_00027.png
4,25818,75,67,6,6,68,61,18,Train/18/00018_00008_00018.png
4,4682,28,30,5,6,23,25,2,Train/2/00002_00063_00002.png
4,14756,41,41,5,5,36,36,9,Train/9/00009_00039_00026.png
4,6431,33,34,5,6,28,28,3,Train/3/00003_00046_00011.png
4,12722,33,34,5,6,28,29,8,Train/8/00008_00019_00002.png
4,4711,27,27,6,6,22,22,2,Train/2/00002_00064_00001.png
4,20679,42,39,6,6,37,34,13,Train/13/00013_00007_00009.png
4,34041,51,51,5,5,46,46,34,Train/34/00034_00008_00022.png
4,20632,62,57,6,6,57,52,13,Train/13/00013_00005_00022.png
4,26497,41,38,5,6,36,33,18,Train/18/00018_00031_00007.png
4,16746,35,34,5,5,30,29,10,Train/10/00010_00057_00006.png
4,19488,72,71,7,6,66,65,12,Train/12/00012_00037_00018.png
4,26470,33,32,5,5,28,27,18,Train/18/00018_00030_00010.png
4,6677,37,37,5,5,32,32,4,Train/4/00004_00007_00017.png
4,19528,122,121,11,10,112,111,12,Train/12/00012_00038_00028.png
4,10637,41,42,5,6,36,37,6,Train/6/00006_00011_00017.png
4,2346,38,39,6,6,33,34,1,Train/1/00001_00059_00006.png
4,1052,35,34,6,5,29,28,1,Train/1/00001_00016_00002.png
4,27505,69,63,6,6,63,58,22,Train/22/00022_00006_00025.png
4,14715,41,41,6,5,36,36,9,Train/9/00009_00038_00015.png
4,11366,58,59,5,6,52,54,7,Train/7/00007_00021_00026.png
4,37767,70,71,6,7,64,65,38,Train/38/00038_00058_00028.png
4,34778,31,32,6,6,26,27,35,Train/35/00035_00019_00009.png
4,21205,111,94,10,8,102,86,13,Train/13/00013_00024_00025.png
4,27170,53,50,6,6,48,45,21,Train/21/00021_00006_00020.png
4,3081,83,77,8,7,76,71,2,Train/2/00002_00009_00021.png
4,18831,54,57,6,5,49,52,12,Train/12/00012_00015_00021.png
4,12056,49,51,5,5,44,46,7,Train/7/00007_00044_00026.png
4,2026,46,46,6,6,41,41,1,Train/1/00001_00048_00016.png
4,18393,31,28,6,5,25,23,12,Train/12/00012_00001_00003.png
4,32506,58,54,6,6,53,49,31,Train/31/00031_00014_00016.png
4,5253,29,28,6,5,24,23,3,Train/3/00003_00007_00003.png
4,16465,56,53,6,5,51,48,10,Train/10/00010_00047_00025.png
4,32530,48,45,5,5,43,40,31,Train/31/00031_00015_00010.png
4,26990,69,64,7,6,63,59,21,Train/21/00021_00000_00020.png
4,13889,111,107,9,10,102,98,9,Train/9/00009_00010_00029.png
4,20883,46,43,6,6,41,38,13,Train/13/00013_00014_00003.png
4,5957,41,43,5,5,36,37,3,Train/3/00003_00030_00017.png
4,29027,49,46,6,5,44,41,25,Train/25/00025_00018_00017.png
4,12266,58,58,6,5,53,53,8,Train/8/00008_00003_00026.png
4,13662,33,34,5,6,28,29,9,Train/9/00009_00003_00012.png
4,14133,28,28,6,5,23,23,9,Train/9/00009_00019_00003.png
4,21557,44,43,5,5,39,38,13,Train/13/00013_00036_00017.png
4,38165,31,31,6,6,26,26,39,Train/39/00039_00003_00006.png
4,28844,68,65,6,6,62,59,25,Train/25/00025_00012_00014.png
4,56,59,52,5,6,54,47,20,Train/20/00020_00001_00026.png
4,26438,40,36,6,5,35,31,18,Train/18/00018_00029_00008.png
4,19730,71,73,7,6,65,67,12,Train/12/00012_00045_00020.png
4,23366,57,57,6,6,52,52,14,Train/14/00014_00024_00026.png
4,4811,40,40,6,6,34,34,2,Train/2/00002_00067_00011.png
4,1509,36,36,6,6,31,31,1,Train/1/00001_00031_00009.png
4,16815,44,44,5,5,39,39,10,Train/10/00010_00059_00015.png
4,29450,44,41,6,5,39,35,25,Train/25/00025_00032_00020.png
4,30385,60,58,6,5,54,52,26,Train/26/00026_00013_00025.png
4,1269,38,37,5,6,32,31,1,Train/1/00001_00023_00009.png
4,2115,43,45,5,5,38,40,1,Train/1/00001_00051_00015.png
4,10695,36,38,6,6,31,32,6,Train/6/00006_00013_00015.png
4,23988,33,32,6,5,28,27,15,Train/15/00015_00019_00018.png
4,30504,64,55,5,5,58,50,26,Train/26/00026_00017_00024.png
4,29501,58,58,5,6,53,53,25,Train/25/00025_00034_00011.png
4,16826,74,77,6,7,68,71,10,Train/10/00010_00059_00026.png
4,6187,31,30,6,5,26,25,3,Train/3/00003_00038_00007.png
4,26039,121,121,10,10,111,111,18,Train/18/00018_00015_00029.png
4,34108,77,89,7,8,70,82,34,Train/34/00034_00010_00029.png
4,3438,39,40,6,5,34,35,2,Train/2/00002_00021_00018.png
4,13159,38,39,6,6,33,34,8,Train/8/00008_00033_00019.png
4,8112,37,37,5,6,32,32,4,Train/4/00004_00055_00012.png
4,14682,41,41,6,6,36,36,9,Train/9/00009_00037_00012.png
4,36624,86,92,8,8,78,84,38,Train/38/00038_00020_00025.png
4,9575,29,30,5,6,23,25,5,Train/5/00005_00038_00005.png
4,3478,96,97,8,8,88,89,2,Train/2/00002_00022_00028.png
4,7102,52,54,5,6,47,49,4,Train/4/00004_00021_00022.png
4,34701,74,74,6,6,68,68,35,Train/35/00035_00016_00022.png
4,3268,118,129,10,11,108,118,2,Train/2/00002_00015_00028.png
4,6085,63,63,6,5,58,58,3,Train/3/00003_00034_00025.png
4,37381,28,27,5,5,23,21,38,Train/38/00038_00046_00002.png
4,35286,30,31,6,6,25,26,35,Train/35/00035_00036_00007.png
4,4034,31,31,5,5,25,26,2,Train/2/00002_00041_00014.png
4,26034,88,88,7,7,81,81,18,Train/18/00018_00015_00024.png
4,4710,26,26,5,5,21,21,2,Train/2/00002_00064_00000.png
4,6595,107,103,9,9,98,94,4,Train/4/00004_00004_00025.png
4,26289,37,37,5,6,32,32,18,Train/18/00018_00024_00009.png
4,36105,45,48,5,6,39,42,38,Train/38/00038_00003_00016.png
4,6035,29,31,6,6,24,25,3,Train/3/00003_00033_00005.png
4,37055,29,30,5,5,24,25,38,Train/38/00038_00035_00006.png
4,9557,37,33,6,5,32,28,5,Train/5/00005_00037_00017.png
4,15239,64,64,5,5,59,59,10,Train/10/00010_00006_00029.png
4,9692,32,32,6,5,27,27,5,Train/5/00005_00042_00002.png
4,18142,77,82,7,8,71,75,11,Train/11/00011_00036_00022.png
4,28075,51,49,5,5,46,44,23,Train/23/00023_00012_00025.png
4,34494,81,77,8,7,74,71,35,Train/35/00035_00009_00025.png
4,9640,30,31,5,6,25,26,5,Train/5/00005_00040_00010.png
4,25750,52,46,6,5,47,41,18,Train/18/00018_00006_00010.png
4,22219,39,41,6,6,34,36,13,Train/13/00013_00058_00019.png
4,35940,36,37,6,6,31,32,37,Train/37/00037_00005_00001.png
4,25737,152,141,13,13,139,129,18,Train/18/00018_00005_00027.png
4,16584,75,76,6,7,69,70,10,Train/10/00010_00051_00024.png
4,3077,64,63,5,5,59,58,2,Train/2/00002_00009_00017.png
4,29653,39,39,6,6,34,33,25,Train/25/00025_00039_00013.png
4,29788,128,118,12,11,117,108,25,Train/25/00025_00043_00028.png
4,15672,43,42,6,5,38,37,10,Train/10/00010_00021_00012.png
4,36428,29,31,6,5,24,25,38,Train/38/00038_00014_00009.png
4,20712,49,57,6,6,44,52,13,Train/13/00013_00008_00012.png
4,4015,50,51,6,6,45,46,2,Train/2/00002_00040_00025.png
4,28757,42,40,5,6,36,34,25,Train/25/00025_00009_00017.png
4,33289,53,54,6,6,47,48,33,Train/33/00033_00006_00019.png
4,14911,31,33,5,5,25,28,9,Train/9/00009_00045_00001.png
4,28275,62,59,5,6,56,54,24,Train/24/00024_00002_00015.png
4,16518,41,40,6,5,36,35,10,Train/10/00010_00049_00018.png
4,32650,48,47,6,6,43,42,31,Train/31/00031_00019_00010.png
4,5513,39,38,5,5,33,33,3,Train/3/00003_00015_00023.png
4,6120,27,29,5,6,22,24,3,Train/3/00003_00036_00000.png
4,38755,82,80,8,7,75,73,41,Train/41/00041_00000_00026.png
4,25390,35,37,6,5,29,31,17,Train/17/00017_00031_00010.png
4,16074,60,55,6,5,55,50,10,Train/10/00010_00034_00024.png
4,28984,32,34,5,5,27,28,25,Train/25/00025_00017_00004.png
4,9058,47,43,5,5,42,38,5,Train/5/00005_00020_00028.png
4,34994,44,44,5,5,39,39,35,Train/35/00035_00026_00015.png
4,35341,27,29,6,6,22,24,35,Train/35/00035_00038_00002.png
4,6086,70,72,6,6,63,65,3,Train/3/00003_00034_00026.png
4,1456,49,52,5,6,44,46,1,Train/1/00001_00029_00016.png
4,7804,32,33,6,6,27,28,4,Train/4/00004_00045_00004.png
4,24519,27,44,5,6,22,39,17,Train/17/00017_00002_00009.png
4,24351,49,49,5,5,44,44,16,Train/16/00016_00010_00021.png
4,20147,42,41,6,5,37,36,12,Train/12/00012_00059_00017.png
4,13920,28,28,6,5,23,23,9,Train/9/00009_00012_00000.png
4,15031,35,37,5,6,30,32,10,Train/10/00010_00000_00001.png
4,6178,119,123,10,11,109,113,3,Train/3/00003_00037_00028.png
4,10251,35,41,5,6,30,35,5,Train/5/00005_00060_00021.png
4,24670,32,34,5,6,27,29,17,Train/17/00017_00007_00010.png
4,12822,36,35,5,6,30,29,8,Train/8/00008_00022_00012.png
4,16117,30,28,5,6,25,22,10,Train/10/00010_00036_00007.png
4,33605,30,37,5,5,25,32,33,Train/33/00033_00017_00005.png
4,19099,57,56,6,5,52,51,12,Train/12/00012_00024_00019.png
4,29630,55,51,6,6,49,46,25,Train/25/00025_00038_00020.png
4,33358,84,89,7,8,77,81,33,Train/33/00033_00008_00028.png
4,27579,40,37,5,6,35,32,22,Train/22/00022_00009_00009.png
4,30071,39,38,5,6,34,33,26,Train/26/00026_00003_00011.png
4,29253,39,34,6,5,34,29,25,Train/25/00025_00026_00003.png
4,11472,35,35,5,5,30,30,7,Train/7/00007_00025_00012.png
4,8585,29,28,5,5,24,23,5,Train/5/00005_00005_00005.png
4,20000,53,52,6,5,48,47,12,Train/12/00012_00054_00020.png
4,31532,29,29,5,5,24,24,29,Train/29/00029_00006_00002.png
4,8736,31,34,5,6,26,28,5,Train/5/00005_00010_00006.png
4,15322,49,48,6,5,44,43,10,Train/10/00010_00009_00022.png
4,28725,105,98,9,9,95,90,25,Train/25/00025_00008_00015.png
4,27388,119,122,10,10,109,112,22,Train/22/00022_00002_00028.png
4,25333,34,35,6,6,28,30,17,Train/17/00017_00029_00013.png
4,21301,48,46,6,6,43,41,13,Train/13/00013_00028_00001.png
4,15181,32,31,6,5,27,26,10,Train/10/00010_00005_00001.png
4,5531,37,37,5,5,31,32,3,Train/3/00003_00016_00011.png
4,4882,32,33,6,6,27,28,2,Train/2/00002_00069_00022.png
4,23460,28,32,5,5,23,27,15,Train/15/00015_00002_00000.png
4,33797,50,58,5,6,45,53,34,Train/34/00034_00000_00018.png
4,18358,56,55,5,6,51,50,11,Train/11/00011_00043_00028.png
4,23772,40,44,6,5,35,39,15,Train/15/00015_00012_00012.png
4,26825,48,43,6,5,43,38,19,Train/19/00019_00002_00005.png
4,19993,40,42,5,5,35,37,12,Train/12/00012_00054_00013.png
4,31349,155,139,13,12,142,127,28,Train/28/00028_00017_00029.png
4,14539,53,52,6,5,47,46,9,Train/9/00009_00032_00019.png
4,15504,68,69,6,7,62,63,10,Train/10/00010_00015_00024.png
4,31470,39,40,5,6,34,35,29,Train/29/00029_00004_00000.png
4,6076,39,41,5,6,34,36,3,Train/3/00003_00034_00016.png
4,30514,28,27,5,5,23,21,26,Train/26/00026_00018_00004.png
4,34987,37,38,5,6,32,33,35,Train/35/00035_00026_00008.png
4,29166,47,47,6,6,42,42,25,Train/25/00025_00023_00006.png
4,13282,44,45,5,6,39,40,8,Train/8/00008_00037_00022.png
4,34018,68,68,6,6,62,62,34,Train/34/00034_00007_00029.png
4,9822,40,39,6,5,35,34,5,Train/5/00005_00046_00012.png
4,34984,34,35,5,6,29,30,35,Train/35/00035_00026_00005.png
4,33152,42,40,5,5,37,35,33,Train/33/00033_00002_00002.png
4,1819,58,59,6,6,53,54,1,Train/1/00001_00041_00019.png
4,29767,39,37,5,5,34,32,25,Train/25/00025_00043_00007.png
4,13765,56,55,5,5,51,50,9,Train/9/00009_00006_00025.png
4,27922,59,53,6,5,54,48,23,Train/23/00023_00007_00022.png
4,924,64,63,5,5,58,57,1,Train/1/00001_00011_00024.png
4,21929,106,100,9,8,97,92,13,Train/13/00013_00048_00029.png
4,18990,38,41,5,5,33,36,12,Train/12/00012_00021_00000.png
4,28741,28,26,6,5,22,21,25,Train/25/00025_00009_00001.png
4,26571,97,85,9,7,89,78,18,Train/18/00018_00033_00021.png
4,5159,59,60,5,6,54,55,3,Train/3/00003_00003_00029.png
4,39128,30,30,5,6,24,25,42,Train/42/00042_00005_00009.png
4,19367,47,54,5,5,42,49,12,Train/12/00012_00033_00017.png
4,25336,34,37,5,5,29,32,17,Train/17/00017_00029_00016.png
4,6609,51,52,5,6,46,47,4,Train/4/00004_00005_00009.png
4,27161,40,37,6,6,35,32,21,Train/21/00021_00006_00011.png
4,14620,37,37,6,5,32,31,9,Train/9/00009_00035_00010.png
4,33,33,31,6,5,28,25,20,Train/20/00020_00001_00003.png
4,5631,43,43,5,6,38,38,3,Train/3/00003_00019_00021.png
4,23339,99,100,9,8,91,92,14,Train/14/00014_00023_00029.png
4,22807,35,36,5,6,29,30,14,Train/14/00014_00006_00007.png
4,10421,37,37,6,5,32,32,6,Train/6/00006_00004_00011.png
4,36922,41,46,6,6,36,41,38,Train/38/00038_00030_00023.png
4,10775,41,44,5,6,35,39,7,Train/7/00007_00002_00005.png
4,17730,31,27,6,5,26,22,11,Train/11/00011_00023_00000.png
4,6599,145,141,13,13,133,129,4,Train/4/00004_00004_00029.png
4,33787,34,40,6,6,29,35,34,Train/34/00034_00000_00008.png
4,9040,29,29,5,5,24,24,5,Train/5/00005_00020_00010.png
4,29618,36,34,5,6,30,29,25,Train/25/00025_00038_00008.png
4,7759,46,47,5,6,41,42,4,Train/4/00004_00043_00019.png
4,2898,59,59,5,6,53,54,2,Train/2/00002_00003_00018.png
4,20899,83,74,7,6,76,68,13,Train/13/00013_00014_00019.png
4,32758,82,83,7,8,75,76,31,Train/31/00031_00022_00028.png
4,19031,40,38,6,5,35,33,12,Train/12/00012_00022_00011.png
4,2752,75,75,6,6,69,69,1,Train/1/00001_00072_00022.png
4,8961,59,59,6,6,54,54,5,Train/5/00005_00017_00021.png
4,35763,56,56,6,6,51,51,36,Train/36/00036_00012_00004.png
4,1768,104,108,9,10,95,99,1,Train/1/00001_00039_00028.png
4,21762,47,44,6,6,42,39,13,Train/13/00013_00043_00012.png
4,25764,84,76,7,7,77,70,18,Train/18/00018_00006_00024.png
4,567,97,100,9,8,89,92,0,Train/0/00000_00006_00027.png
4,28414,41,39,5,6,36,34,24,Train/24/00024_00007_00004.png
4,20211,58,59,6,5,53,54,12,Train/12/00012_00061_00021.png
4,29596,43,41,5,5,38,35,25,Train/25/00025_00037_00016.png
4,33821,35,35,6,6,30,30,34,Train/34/00034_00001_00012.png
4,32823,37,35,5,6,32,30,31,Train/31/00031_00025_00003.png
4,11170,39,40,6,5,34,35,7,Train/7/00007_00015_00010.png
4,15839,54,54,5,5,49,49,10,Train/10/00010_00026_00029.png
4,8851,30,29,6,5,25,24,5,Train/5/00005_00014_00001.png
4,35563,40,41,5,6,35,36,36,Train/36/00036_00005_00014.png
4,9551,32,29,5,5,26,24,5,Train/5/00005_00037_00011.png
4,38357,41,45,5,6,35,39,39,Train/39/00039_00009_00018.png
4,34251,44,44,5,6,38,39,35,Train/35/00035_00001_00022.png
4,3247,55,59,5,6,50,53,2,Train/2/00002_00015_00007.png
4,2239,70,80,6,8,64,73,1,Train/1/00001_00055_00019.png
4,26300,56,53,6,5,51,48,18,Train/18/00018_00024_00020.png
4,35597,46,47,5,6,41,42,36,Train/36/00036_00006_00018.png
4,13078,48,47,5,5,43,42,8,Train/8/00008_00030_00028.png
4,37104,95,97,8,8,87,89,38,Train/38/00038_00036_00025.png
4,31352,29,39,5,6,24,34,29,Train/29/00029_00000_00002.png
4,29334,105,103,9,9,96,94,25,Train/25/00025_00028_00024.png
4,32478,45,45,5,6,39,40,31,Train/31/00031_00013_00018.png
4,29225,38,36,5,5,33,31,25,Train/25/00025_00025_00005.png
4,26507,46,43,5,6,40,37,18,Train/18/00018_00031_00017.png
4,29071,35,33,6,6,30,28,25,Train/25/00025_00020_00001.png
4,37902,34,33,6,5,29,28,38,Train/38/00038_00063_00013.png
4,17029,35,34,5,5,30,29,10,Train/10/00010_00066_00019.png
4,27819,35,33,6,6,30,28,23,Train/23/00023_00004_00009.png
4,11971,29,29,5,5,23,23,7,Train/7/00007_00042_00001.png
4,24385,47,48,5,5,42,43,16,Train/16/00016_00011_00025.png
4,3630,32,32,6,5,27,27,2,Train/2/00002_00028_00000.png
4,7304,37,37,5,5,32,32,4,Train/4/00004_00028_00014.png
4,3272,27,28,5,5,22,23,2,Train/2/00002_00016_00002.png
4,28279,66,62,6,6,60,56,24,Train/24/00024_00002_00019.png
4,38369,32,34,5,5,27,29,40,Train/40/00040_00000_00000.png
4,1528,101,99,9,9,93,91,1,Train/1/00001_00031_00028.png
4,11836,39,38,6,5,34,33,7,Train/7/00007_00037_00016.png
4,37094,61,60,6,5,56,55,38,Train/38/00038_00036_00015.png
4,28952,31,32,5,6,25,27,25,Train/25/00025_00016_00002.png
4,33736,43,45,6,5,38,40,33,Train/33/00033_00021_00017.png
4,37667,64,66,6,6,59,60,38,Train/38/00038_00055_00018.png
4,23059,84,95,7,8,77,87,14,Train/14/00014_00014_00019.png
4,21457,38,36,5,5,33,31,13,Train/13/00013_00033_00007.png
4,36429,30,33,5,6,25,28,38,Train/38/00038_00014_00010.png
4,22018,108,99,10,8,99,91,13,Train/13/00013_00051_00028.png
4,36341,49,49,6,5,44,44,38,Train/38/00038_00011_00012.png
4,20841,70,63,6,5,64,58,13,Train/13/00013_00012_00021.png
4,32068,64,58,5,5,59,53,30,Train/30/00030_00014_00028.png
4,3811,27,30,5,6,22,25,2,Train/2/00002_00034_00001.png
4,36510,32,32,6,6,27,27,38,Train/38/00038_00017_00001.png
4,33043,34,35,5,6,29,30,32,Train/32/00032_00006_00013.png
4,1907,47,47,6,6,42,42,1,Train/1/00001_00044_00017.png
4,22226,46,52,6,6,41,47,13,Train/13/00013_00058_00026.png
4,25167,52,55,6,6,47,50,17,Train/17/00017_00023_00027.png
4,16036,35,36,5,6,30,30,10,Train/10/00010_00033_00016.png
4,20190,38,43,6,5,33,38,12,Train/12/00012_00061_00000.png
4,19836,33,32,6,5,28,27,12,Train/12/00012_00049_00006.png
4,37205,42,47,5,6,37,42,38,Train/38/00038_00040_00006.png
4,37748,45,45,6,6,40,40,38,Train/38/00038_00058_00009.png
4,20278,87,94,7,9,80,86,12,Train/12/00012_00063_00028.png
4,21709,71,63,7,6,65,58,13,Train/13/00013_00041_00019.png
4,11083,33,34,5,6,28,29,7,Train/7/00007_00012_00013.png
4,18266,99,84,9,7,91,77,11,Train/11/00011_00040_00026.png
4,948,45,48,5,6,40,42,1,Train/1/00001_00012_00018.png
4,37410,25,26,5,6,20,21,38,Train/38/00038_00047_00001.png
4,28633,43,39,6,5,38,34,25,Train/25/00025_00005_00013.png
4,12248,32,32,5,5,27,27,8,Train/8/00008_00003_00008.png
4,22737,144,140,12,12,132,127,14,Train/14/00014_00003_00027.png
4,35903,54,54,5,5,48,49,37,Train/37/00037_00003_00024.png
4,32456,93,84,8,8,85,77,31,Train/31/00031_00012_00026.png
4,10704,49,53,5,6,44,47,6,Train/6/00006_00013_00024.png
4,35914,27,28,5,6,22,23,37,Train/37/00037_00004_00005.png
4,21243,32,40,5,6,27,35,13,Train/13/00013_00026_00003.png
4,24744,49,52,5,5,43,47,17,Train/17/00017_00009_00024.png
4,31026,61,53,5,5,55,48,28,Train/28/00028_00007_00006.png
4,22591,36,34,5,5,31,29,13,Train/13/00013_00071_00001.png
4,4581,75,74,6,6,69,68,2,Train/2/00002_00059_00021.png
4,18063,41,38,6,6,36,33,11,Train/11/00011_00034_00003.png
4,13608,42,42,6,5,37,36,9,Train/9/00009_00001_00018.png
4,4674,70,75,6,6,64,69,2,Train/2/00002_00062_00024.png
4,32836,53,50,5,6,48,45,31,Train/31/00031_00025_00016.png
4,35600,53,53,5,5,48,48,36,Train/36/00036_00006_00021.png
4,17399,130,118,11,11,119,107,11,Train/11/00011_00011_00029.png
4,36374,32,30,6,5,27,25,38,Train/38/00038_00012_00015.png
4,18885,47,46,6,6,42,41,12,Train/12/00012_00017_00015.png
4,7324,31,32,5,6,26,27,4,Train/4/00004_00029_00004.png
4,10126,42,43,5,6,37,38,5,Train/5/00005_00056_00016.png
4,28063,35,36,5,5,30,31,23,Train/23/00023_00012_00013.png
4,1441,33,36,6,6,28,30,1,Train/1/00001_00029_00001.png
4,20598,47,42,5,5,42,37,13,Train/13/00013_00004_00018.png
4,13883,74,71,7,6,67,65,9,Train/9/00009_00010_00023.png
4,15844,29,33,5,6,24,28,10,Train/10/00010_00027_00004.png
4,33433,44,44,5,5,39,39,33,Train/33/00033_00011_00013.png
4,13869,45,44,6,5,39,38,9,Train/9/00009_00010_00009.png
4,14823,35,36,6,6,30,31,9,Train/9/00009_00042_00003.png
4,31517,54,49,6,6,49,44,29,Train/29/00029_00005_00017.png
4,16595,37,36,6,5,32,31,10,Train/10/00010_00052_00005.png
4,35866,60,56,6,5,55,51,37,Train/37/00037_00002_00017.png
4,33807,70,84,6,8,64,76,34,Train/34/00034_00000_00028.png
4,30211,33,29,5,5,28,24,26,Train/26/00026_00008_00001.png
4,27569,134,137,11,11,123,125,22,Train/22/00022_00008_00029.png
4,631,45,47,5,5,40,42,1,Train/1/00001_00002_00001.png
4,19475,45,45,5,5,40,40,12,Train/12/00012_00037_00005.png
4,11148,54,55,5,5,49,50,7,Train/7/00007_00014_00018.png
4,5743,38,39,6,6,33,34,3,Train/3/00003_00023_00013.png
4,10379,96,99,8,9,88,91,6,Train/6/00006_00002_00029.png
4,12073,35,35,5,5,29,30,7,Train/7/00007_00045_00013.png
4,18193,63,56,5,5,57,51,11,Train/11/00011_00038_00013.png
4,12189,33,33,6,5,28,28,8,Train/8/00008_00001_00009.png
4,1536,36,36,6,6,31,31,1,Train/1/00001_00032_00006.png
4,17200,56,51,5,6,51,46,11,Train/11/00011_00005_00010.png
4,4054,28,29,5,6,23,24,2,Train/2/00002_00042_00004.png
4,38301,82,86,7,7,75,79,39,Train/39/00039_00007_00022.png
4,17305,108,98,9,9,99,90,11,Train/11/00011_00008_00025.png
4,11990,52,51,6,5,47,46,7,Train/7/00007_00042_00020.png
4,16759,56,54,5,5,51,49,10,Train/10/00010_00057_00019.png
4,10662,30,33,5,6,24,27,6,Train/6/00006_00012_00012.png
4,3853,38,39,5,6,33,34,2,Train/2/00002_00035_00013.png
4,6543,28,28,5,5,23,23,4,Train/4/00004_00003_00003.png
4,11640,26,27,5,6,21,22,7,Train/7/00007_00031_00000.png
4,8811,55,56,5,5,50,50,5,Train/5/00005_00012_00021.png
4,4858,107,108,10,10,98,99,2,Train/2/00002_00068_00028.png
4,18712,74,79,6,7,68,72,12,Train/12/00012_00011_00022.png
4,4518,44,44,6,6,38,39,2,Train/2/00002_00057_00018.png
4,29924,42,51,5,6,37,46,25,Train/25/00025_00048_00014.png
4,12514,34,35,5,6,29,30,8,Train/8/00008_00012_00004.png
4,22896,29,31,5,6,24,26,14,Train/14/00014_00009_00006.png
4,15957,61,60,6,5,56,55,10,Train/10/00010_00030_00027.png
4,14981,35,36,5,5,30,31,9,Train/9/00009_00047_00011.png
4,18222,37,35,5,5,32,30,11,Train/11/00011_00039_00012.png
4,730,36,36,6,6,31,31,1,Train/1/00001_00005_00010.png
4,33179,140,134,13,12,128,122,33,Train/33/00033_00002_00029.png
4,38886,29,28,5,5,23,23,41,Train/41/00041_00005_00007.png
4,26897,58,56,6,6,53,51,19,Train/19/00019_00004_00017.png
4,5640,29,29,5,5,24,24,3,Train/3/00003_00020_00000.png
4,13856,84,84,8,8,76,76,9,Train/9/00009_00009_00026.png
4,8466,29,29,6,5,23,23,5,Train/5/00005_00001_00006.png
4,19308,56,56,5,5,51,51,12,Train/12/00012_00031_00018.png
4,12178,57,59,6,5,52,54,8,Train/8/00008_00000_00028.png
4,36911,33,36,6,6,28,31,38,Train/38/00038_00030_00012.png
4,24671,33,35,5,6,28,30,17,Train/17/00017_00007_00011.png
4,1060,40,42,6,6,35,37,1,Train/1/00001_00016_00010.png
4,3679,58,57,5,5,53,52,2,Train/2/00002_00029_00019.png
4,3559,42,44,5,6,37,39,2,Train/2/00002_00025_00019.png
4,32167,43,40,5,5,38,34,31,Train/31/00031_00003_00007.png
4,3650,42,42,5,5,37,37,2,Train/2/00002_00028_00020.png
4,35229,37,39,6,6,31,34,35,Train/35/00035_00034_00010.png
4,21957,116,99,11,8,106,91,13,Train/13/00013_00049_00027.png
4,8159,57,68,5,6,52,62,4,Train/4/00004_00056_00029.png
4,36079,61,59,5,5,56,54,38,Train/38/00038_00002_00020.png
4,9190,30,31,5,6,25,26,5,Train/5/00005_00025_00010.png
4,9287,43,40,6,5,38,35,5,Train/5/00005_00028_00017.png
4,35429,30,32,6,6,28,27,36,Train/36/00036_00001_00000.png
4,11289,32,33,5,5,27,28,7,Train/7/00007_00019_00009.png
4,25255,34,36,5,6,29,31,17,Train/17/00017_00026_00025.png
4,2075,40,37,6,5,35,32,1,Train/1/00001_00050_00005.png
4,2330,61,58,6,6,56,53,1,Train/1/00001_00058_00020.png
4,575,57,59,5,6,52,54,1,Train/1/00001_00000_00005.png
4,34301,30,30,6,5,25,25,35,Train/35/00035_00003_00012.png
4,23584,29,29,6,5,24,24,15,Train/15/00015_00006_00004.png
4,14941,45,41,6,6,39,36,9,Train/9/00009_00046_00001.png
4,37267,38,40,5,5,33,35,38,Train/38/00038_00042_00008.png
4,28016,106,96,9,8,97,88,23,Train/23/00023_00010_00026.png
4,38866,38,39,5,5,32,33,41,Train/41/00041_00004_00017.png
4,22081,62,60,5,6,57,55,13,Train/13/00013_00054_00001.png
4,37624,31,30,6,5,26,25,38,Train/38/00038_00054_00005.png
4,2926,40,40,6,5,34,34,2,Train/2/00002_00004_00016.png
4,27892,55,50,5,5,50,45,23,Train/23/00023_00006_00022.png
4,37347,104,97,9,8,95,89,38,Train/38/00038_00044_00028.png
4,33503,73,72,6,6,67,66,33,Train/33/00033_00013_00023.png
4,20040,40,40,6,5,35,35,12,Train/12/00012_00056_00000.png
4,6750,28,27,6,5,23,22,4,Train/4/00004_00010_00000.png
4,13961,41,41,6,6,36,36,9,Train/9/00009_00013_00011.png
4,29998,166,151,15,13,151,138,26,Train/26/00026_00000_00028.png
4,25376,59,65,6,6,54,59,17,Train/17/00017_00030_00026.png
4,22694,44,44,6,6,39,39,14,Train/14/00014_00002_00014.png
4,37018,103,107,9,9,94,98,38,Train/38/00038_00033_00029.png
4,34586,64,65,6,6,59,60,35,Train/35/00035_00012_00027.png
4,32045,32,31,6,6,27,26,30,Train/30/00030_00014_00005.png
4,17961,81,75,7,7,74,68,11,Train/11/00011_00030_00021.png
4,38213,71,73,6,6,64,66,39,Train/39/00039_00004_00024.png
4,27805,116,106,11,10,106,97,23,Train/23/00023_00003_00025.png
4,38864,36,37,5,5,31,32,41,Train/41/00041_00004_00015.png
4,225,31,32,5,6,25,27,20,Train/20/00020_00007_00015.png
4,27790,61,55,5,6,56,50,23,Train/23/00023_00003_00010.png
4,25051,27,28,5,5,22,23,17,Train/17/00017_00020_00001.png
4,37372,41,42,6,6,36,37,38,Train/38/00038_00045_00023.png
4,34268,33,35,5,6,28,30,35,Train/35/00035_00002_00009.png
4,32818,71,64,7,5,65,59,31,Train/31/00031_00024_00028.png
4,16907,39,40,6,6,34,35,10,Train/10/00010_00062_00017.png
4,14958,69,64,6,6,62,59,9,Train/9/00009_00046_00018.png
4,19529,143,144,12,13,131,132,12,Train/12/00012_00038_00029.png
4,19728,67,72,6,7,61,66,12,Train/12/00012_00045_00018.png
4,27540,27,27,6,6,22,21,22,Train/22/00022_00008_00000.png
4,19637,82,81,8,7,75,74,12,Train/12/00012_00042_00017.png
4,38726,59,63,5,6,53,58,40,Train/40/00040_00011_00027.png
4,9996,32,33,5,6,27,28,5,Train/5/00005_00052_00006.png
4,26852,33,32,6,5,28,27,19,Train/19/00019_00003_00002.png
4,6088,82,87,7,8,75,80,3,Train/3/00003_00034_00028.png
4,28565,67,63,6,5,61,58,25,Train/25/00025_00003_00005.png
4,23359,44,43,6,5,39,38,14,Train/14/00014_00024_00019.png
4,12819,35,34,6,6,30,28,8,Train/8/00008_00022_00009.png
4,29576,69,58,6,5,62,53,25,Train/25/00025_00036_00026.png
4,4880,32,32,6,5,27,27,2,Train/2/00002_00069_00020.png
4,8252,29,30,5,6,24,25,4,Train/4/00004_00060_00002.png
4,39028,124,118,11,10,114,108,42,Train/42/00042_00001_00029.png
4,21332,31,30,6,5,26,25,13,Train/13/00013_00029_00002.png
4,22672,96,99,9,9,88,91,14,Train/14/00014_00001_00022.png
4,18592,60,58,5,6,54,53,12,Train/12/00012_00007_00022.png
4,460,36,35,6,5,31,30,0,Train/0/00000_00003_00010.png
4,26256,38,34,6,5,33,29,18,Train/18/00018_00023_00006.png
4,38067,107,107,9,9,98,98,38,Train/38/00038_00068_00028.png
4,29813,74,70,7,6,68,64,25,Train/25/00025_00044_00023.png
4,12601,30,28,5,5,25,23,8,Train/8/00008_00015_00001.png
4,7038,52,53,6,6,47,48,4,Train/4/00004_00019_00018.png
4,7214,46,45,5,6,41,40,4,Train/4/00004_00025_00014.png
4,9954,52,52,6,6,47,47,5,Train/5/00005_00050_00024.png
4,7870,46,45,5,5,41,40,4,Train/4/00004_00047_00010.png
4,33222,39,39,5,5,34,34,33,Train/33/00033_00004_00012.png
4,31087,40,40,5,6,35,35,28,Train/28/00028_00009_00007.png
4,18332,36,38,6,6,31,33,11,Train/11/00011_00043_00002.png
4,30363,30,28,6,5,25,23,26,Train/26/00026_00013_00003.png
4,19242,50,47,6,5,45,42,12,Train/12/00012_00029_00012.png
4,38870,43,46,5,6,38,40,41,Train/41/00041_00004_00021.png
4,29326,69,68,6,7,63,62,25,Train/25/00025_00028_00016.png
4,12455,32,33,5,6,27,28,8,Train/8/00008_00010_00005.png
4,34485,44,45,6,6,39,40,35,Train/35/00035_00009_00016.png
4,29489,107,98,9,8,98,90,25,Train/25/00025_00033_00029.png
4,20542,55,56,5,5,50,51,13,Train/13/00013_00002_00022.png
4,8888,35,35,5,5,30,30,5,Train/5/00005_00015_00008.png
4,24070,47,50,5,6,42,45,16,Train/16/00016_00001_00010.png
4,19745,30,35,5,6,25,30,12,Train/12/00012_00046_00005.png
4,498,76,80,7,7,69,72,0,Train/0/00000_00004_00018.png
4,846,33,34,6,6,28,29,1,Train/1/00001_00009_00006.png
4,1738,54,56,5,5,49,51,1,Train/1/00001_00038_00028.png
4,5135,33,33,5,5,28,28,3,Train/3/00003_00003_00005.png
4,25998,52,52,6,6,47,47,18,Train/18/00018_00014_00018.png
4,9840,29,28,6,5,24,23,5,Train/5/00005_00047_00000.png
4,37595,31,31,5,5,26,26,38,Train/38/00038_00053_00006.png
4,3953,82,80,8,8,75,73,2,Train/2/00002_00038_00023.png
4,38983,39,39,5,5,33,34,42,Train/42/00042_00000_00014.png
4,306,37,34,6,6,32,29,20,Train/20/00020_00010_00006.png
4,35680,30,32,5,6,25,27,36,Train/36/00036_00009_00011.png
4,12020,42,43,5,5,37,38,7,Train/7/00007_00043_00020.png
4,5026,38,39,5,5,33,34,2,Train/2/00002_00074_00016.png
4,33115,82,86,8,8,75,79,33,Train/33/00033_00000_00025.png
4,30336,33,29,6,5,28,24,26,Train/26/00026_00012_00006.png
4,1802,44,44,6,6,39,39,1,Train/1/00001_00041_00002.png
4,6065,31,31,6,6,26,26,3,Train/3/00003_00034_00005.png
4,8442,37,40,6,6,32,35,5,Train/5/00005_00000_00012.png
4,16374,42,44,6,6,37,39,10,Train/10/00010_00044_00024.png
4,27606,30,30,5,5,25,25,22,Train/22/00022_00010_00006.png
4,5763,29,31,5,6,24,26,3,Train/3/00003_00024_00003.png
4,2522,29,29,5,5,24,24,1,Train/1/00001_00065_00002.png
4,35321,41,46,5,5,36,41,35,Train/35/00035_00037_00012.png
4,5167,34,34,5,5,29,29,3,Train/3/00003_00004_00007.png
4,23288,42,43,6,5,37,38,14,Train/14/00014_00022_00008.png
4,18078,68,61,7,6,62,56,11,Train/11/00011_00034_00018.png
4,34,34,32,5,6,29,27,20,Train/20/00020_00001_00004.png
4,37649,48,48,6,6,43,43,38,Train/38/00038_00055_00000.png
4,1368,80,77,7,6,72,70,1,Train/1/00001_00026_00018.png
4,1064,46,45,6,5,40,39,1,Train/1/00001_00016_00014.png
4,16284,55,55,5,5,50,50,10,Train/10/00010_00041_00024.png
4,28106,81,72,7,7,74,66,23,Train/23/00023_00013_00026.png
4,3182,32,31,6,5,27,26,2,Train/2/00002_00013_00002.png
4,13795,73,72,7,6,66,66,9,Train/9/00009_00007_00025.png
4,38642,28,27,6,5,23,22,40,Train/40/00040_00009_00003.png
4,10071,41,40,5,5,36,35,5,Train/5/00005_00054_00021.png
4,29451,46,43,5,5,40,37,25,Train/25/00025_00032_00021.png
4,16458,37,37,5,5,32,32,10,Train/10/00010_00047_00018.png
4,36759,35,35,5,5,30,30,38,Train/38/00038_00025_00010.png
4,11845,57,55,6,5,52,50,7,Train/7/00007_00037_00025.png
4,31828,73,72,7,6,67,66,30,Train/30/00030_00006_00028.png
4,3307,33,32,6,5,27,27,2,Train/2/00002_00017_00007.png
4,22394,31,31,6,6,26,26,13,Train/13/00013_00064_00014.png
4,22301,61,58,5,6,55,53,13,Train/13/00013_00061_00011.png
4,351,50,48,5,5,45,43,20,Train/20/00020_00011_00021.png
4,2755,85,84,8,7,78,77,1,Train/1/00001_00072_00025.png
4,36574,32,32,6,6,27,27,38,Train/38/00038_00019_00005.png
4,7499,67,70,6,7,61,64,4,Train/4/00004_00034_00029.png
4,5284,30,30,5,5,25,25,3,Train/3/00003_00008_00004.png
4,38280,53,55,5,5,48,50,39,Train/39/00039_00007_00001.png
4,22966,52,52,5,5,47,47,14,Train/14/00014_00011_00016.png
4,10744,27,28,6,5,22,22,7,Train/7/00007_00001_00004.png
4,2049,37,36,6,5,32,31,1,Train/1/00001_00049_00009.png
4,38794,33,35,5,6,28,30,41,Train/41/00041_00002_00005.png
4,4184,38,39,5,5,33,34,2,Train/2/00002_00046_00014.png
4,14806,34,35,5,5,29,30,9,Train/9/00009_00041_00016.png
4,12083,58,61,5,6,53,55,7,Train/7/00007_00045_00023.png
4,23062,101,109,9,9,93,100,14,Train/14/00014_00014_00022.png
4,31270,34,32,5,5,28,26,28,Train/28/00028_00015_00010.png
4,22984,44,44,6,6,39,39,14,Train/14/00014_00012_00004.png
4,38093,145,148,12,12,133,136,39,Train/39/00039_00000_00024.png
4,36117,69,71,7,7,63,65,38,Train/38/00038_00003_00028.png
4,23222,42,45,5,5,36,40,14,Train/14/00014_00020_00002.png
4,34332,36,36,6,5,31,31,35,Train/35/00035_00004_00013.png
4,12965,30,29,6,6,25,24,8,Train/8/00008_00027_00005.png
4,29383,70,62,7,6,63,57,25,Train/25/00025_00030_00013.png
4,24928,52,55,6,5,47,50,17,Train/17/00017_00015_00028.png
4,25264,29,29,6,5,24,24,17,Train/17/00017_00027_00004.png
4,13436,52,52,5,5,47,47,8,Train/8/00008_00042_00026.png
4,16931,32,34,5,6,27,29,10,Train/10/00010_00063_00011.png
4,26648,50,50,5,6,45,45,18,Train/18/00018_00036_00008.png
4,6598,133,129,11,11,122,118,4,Train/4/00004_00004_00028.png
4,7475,32,31,6,5,27,26,4,Train/4/00004_00034_00005.png
4,18449,178,185,16,16,163,170,12,Train/12/00012_00002_00029.png
4,1746,38,38,6,6,33,33,1,Train/1/00001_00039_00006.png
4,27043,40,39,5,5,35,34,21,Train/21/00021_00002_00013.png
4,26491,37,33,6,6,31,28,18,Train/18/00018_00031_00001.png
4,5593,44,44,6,6,39,39,3,Train/3/00003_00018_00013.png
4,7769,129,128,11,12,118,117,4,Train/4/00004_00043_00029.png
4,36343,50,52,6,5,45,47,38,Train/38/00038_00011_00014.png
4,11609,80,84,8,8,73,77,7,Train/7/00007_00029_00029.png
4,26241,94,94,9,9,86,85,18,Train/18/00018_00022_00021.png
4,36114,58,60,5,6,53,55,38,Train/38/00038_00003_00025.png
4,4250,38,35,6,5,33,30,2,Train/2/00002_00048_00020.png
4,4790,41,45,5,6,36,40,2,Train/2/00002_00066_00020.png
4,32094,94,83,9,7,86,76,31,Train/31/00031_00000_00024.png
4,7201,35,32,6,5,30,27,4,Train/4/00004_00025_00001.png
4,15974,37,38,5,5,32,32,10,Train/10/00010_00031_00014.png
4,1941,70,70,7,7,64,64,1,Train/1/00001_00045_00021.png
4,1476,33,41,5,6,28,36,1,Train/1/00001_00030_00006.png
4,13640,58,59,6,5,53,54,9,Train/9/00009_00002_00020.png
4,28410,39,36,6,6,34,31,24,Train/24/00024_00007_00000.png
4,19026,37,36,6,6,32,31,12,Train/12/00012_00022_00006.png
4,2687,79,80,7,7,72,73,1,Train/1/00001_00070_00017.png
4,28300,63,55,6,5,58,50,24,Train/24/00024_00003_00010.png
4,34441,39,40,5,6,34,35,35,Train/35/00035_00008_00002.png
4,30324,107,97,10,9,98,89,26,Train/26/00026_00011_00024.png
4,12874,35,35,5,5,30,30,8,Train/8/00008_00024_00004.png
4,39181,28,29,5,5,23,24,42,Train/42/00042_00007_00002.png
4,4772,35,39,6,6,30,34,2,Train/2/00002_00066_00002.png
4,10040,42,42,5,6,37,37,5,Train/5/00005_00053_00020.png
4,28739,229,205,19,17,209,188,25,Train/25/00025_00008_00029.png
4,13774,31,31,6,6,26,26,9,Train/9/00009_00007_00004.png
4,32044,32,30,6,5,27,25,30,Train/30/00030_00014_00004.png
4,20317,48,49,6,6,43,44,12,Train/12/00012_00065_00007.png
4,22626,54,52,6,5,49,47,14,Train/14/00014_00000_00006.png
4,38566,57,58,5,6,52,53,40,Train/40/00040_00006_00017.png
4,10634,38,37,6,5,33,32,6,Train/6/00006_00011_00014.png
4,16246,41,39,6,6,35,34,10,Train/10/00010_00040_00016.png
4,32430,31,31,5,6,26,26,31,Train/31/00031_00012_00000.png
4,8977,30,30,6,6,25,25,5,Train/5/00005_00018_00007.png
4,8043,37,38,6,6,32,33,4,Train/4/00004_00053_00003.png
4,25047,81,80,8,8,74,73,17,Train/17/00017_00019_00027.png
4,37522,44,48,6,6,39,43,38,Train/38/00038_00050_00023.png
4,24701,27,30,5,5,22,25,17,Train/17/00017_00008_00011.png
4,28847,75,72,7,7,68,65,25,Train/25/00025_00012_00017.png
4,24852,29,38,5,6,24,33,17,Train/17/00017_00013_00012.png
4,25439,46,49,5,6,41,44,17,Train/17/00017_00032_00029.png
4,23093,84,84,7,7,77,77,14,Train/14/00014_00015_00023.png
4,30611,46,44,5,5,41,39,27,Train/27/00027_00001_00011.png
4,20286,28,30,5,6,23,25,12,Train/12/00012_00064_00006.png
4,26230,63,63,5,5,58,58,18,Train/18/00018_00022_00010.png
4,1686,28,28,6,6,23,23,1,Train/1/00001_00037_00006.png
4,20686,50,45,6,5,45,40,13,Train/13/00013_00007_00016.png
4,33539,46,47,6,5,41,42,33,Train/33/00033_00014_00029.png
4,22509,68,53,6,5,62,48,13,Train/13/00013_00068_00009.png
4,31857,119,107,11,9,109,98,30,Train/30/00030_00007_00027.png
4,24634,30,31,6,6,25,26,17,Train/17/00017_00006_00004.png
4,6313,37,38,5,5,32,33,3,Train/3/00003_00042_00013.png
4,23851,30,35,6,6,24,29,15,Train/15/00015_00015_00001.png
4,30345,43,39,5,5,37,33,26,Train/26/00026_00012_00015.png
4,34772,28,29,6,6,23,24,35,Train/35/00035_00019_00003.png
4,3159,52,50,6,6,46,45,2,Train/2/00002_00012_00009.png
4,26674,40,40,6,6,35,35,18,Train/18/00018_00037_00004.png
4,16849,41,38,5,5,36,33,10,Train/10/00010_00060_00019.png
4,5400,29,29,5,5,24,24,3,Train/3/00003_00012_00000.png
4,23942,88,104,7,9,81,95,15,Train/15/00015_00018_00002.png
4,25949,56,52,6,6,50,46,18,Train/18/00018_00012_00029.png
4,36357,87,88,7,7,80,81,38,Train/38/00038_00011_00028.png
4,8394,48,48,5,6,43,42,4,Train/4/00004_00064_00024.png
4,4392,36,36,5,5,31,31,2,Train/2/00002_00053_00012.png
4,28829,170,191,14,16,156,175,25,Train/25/00025_00011_00029.png
4,10369,47,49,5,5,42,44,6,Train/6/00006_00002_00019.png
4,31697,60,55,5,6,55,50,30,Train/30/00030_00002_00017.png
4,6359,48,52,5,5,43,47,3,Train/3/00003_00043_00029.png
4,14161,29,29,6,5,24,24,9,Train/9/00009_00020_00001.png
4,17356,70,63,6,5,64,58,11,Train/11/00011_00010_00016.png
4,6714,65,63,6,5,60,58,4,Train/4/00004_00008_00024.png
4,6323,48,48,5,6,43,43,3,Train/3/00003_00042_00023.png
4,34450,50,50,5,5,45,44,35,Train/35/00035_00008_00011.png
4,16677,61,62,5,6,56,57,10,Train/10/00010_00054_00027.png
4,892,51,51,6,6,46,46,1,Train/1/00001_00010_00022.png
4,29859,50,43,6,6,45,38,25,Train/25/00025_00046_00009.png
4,12534,63,64,5,6,58,59,8,Train/8/00008_00012_00024.png
4,25417,29,29,6,5,24,24,17,Train/17/00017_00032_00007.png
4,34742,31,30,6,5,26,25,35,Train/35/00035_00018_00003.png
4,16596,37,38,5,6,32,33,10,Train/10/00010_00052_00006.png
4,32126,73,68,7,6,67,62,31,Train/31/00031_00001_00026.png
4,23951,98,117,8,10,90,107,15,Train/15/00015_00018_00011.png
4,22008,51,47,6,6,45,42,13,Train/13/00013_00051_00018.png
4,15833,42,43,5,6,37,38,10,Train/10/00010_00026_00023.png
4,7417,32,33,6,5,27,28,4,Train/4/00004_00032_00007.png
4,24253,34,34,5,5,28,29,16,Train/16/00016_00007_00013.png
4,38223,33,34,5,6,28,29,39,Train/39/00039_00005_00004.png
4,25810,61,55,5,5,56,50,18,Train/18/00018_00008_00010.png
4,28307,81,74,8,7,74,68,24,Train/24/00024_00003_00017.png
4,19710,30,32,5,6,25,27,12,Train/12/00012_00045_00000.png
4,36752,32,32,6,6,27,27,38,Train/38/00038_00025_00003.png
4,12351,43,43,5,5,38,38,8,Train/8/00008_00006_00021.png
4,38581,28,28,6,6,23,23,40,Train/40/00040_00007_00002.png
4,30517,32,30,6,5,27,24,26,Train/26/00026_00018_00007.png
4,1662,40,38,6,5,35,33,1,Train/1/00001_00036_00012.png
4,24274,59,58,6,6,54,53,16,Train/16/00016_00008_00004.png
4,33210,27,28,5,5,22,23,33,Train/33/00033_00004_00000.png
4,13503,34,33,6,6,28,28,8,Train/8/00008_00045_00003.png
4,30983,75,72,7,6,68,66,28,Train/28/00028_00005_00023.png
4,11900,47,46,6,5,42,41,7,Train/7/00007_00039_00020.png
4,34338,45,46,6,6,39,41,35,Train/35/00035_00004_00019.png
4,10115,28,30,5,5,23,25,5,Train/5/00005_00056_00005.png
4,36788,29,30,5,6,24,25,38,Train/38/00038_00026_00009.png
4,37255,68,70,6,6,62,64,38,Train/38/00038_00041_00026.png
4,30821,41,40,6,6,36,35,28,Train/28/00028_00000_00011.png
4,938,33,34,6,5,28,29,1,Train/1/00001_00012_00008.png
4,434,40,39,6,5,35,34,0,Train/0/00000_00002_00014.png
4,4706,40,41,5,6,35,36,2,Train/2/00002_00063_00026.png
4,21291,35,34,5,5,30,29,13,Train/13/00013_00027_00021.png
4,11727,99,99,9,8,91,91,7,Train/7/00007_00033_00027.png
4,25453,30,31,5,5,25,26,17,Train/17/00017_00033_00013.png
4,27812,31,30,5,6,25,25,23,Train/23/00023_00004_00002.png
4,15944,34,34,5,5,29,29,10,Train/10/00010_00030_00014.png
4,32338,88,82,7,7,81,75,31,Train/31/00031_00008_00028.png
4,16356,28,31,5,6,23,25,10,Train/10/00010_00044_00006.png
4,5532,38,38,5,5,32,33,3,Train/3/00003_00016_00012.png
4,17568,48,45,6,5,43,40,11,Train/11/00011_00017_00018.png
4,24860,32,40,5,6,27,35,17,Train/17/00017_00013_00020.png
4,2842,54,57,5,6,49,52,2,Train/2/00002_00001_00022.png
4,38160,28,27,6,5,23,21,39,Train/39/00039_00003_00001.png
4,33466,37,37,5,5,32,31,33,Train/33/00033_00012_00016.png
4,19849,44,45,6,6,38,39,12,Train/12/00012_00049_00019.png
4,10952,30,31,5,6,25,26,7,Train/7/00007_00008_00002.png
4,35990,64,71,6,6,59,64,37,Train/37/00037_00006_00021.png
4,14228,35,36,5,6,30,31,9,Train/9/00009_00022_00008.png
4,26333,87,81,8,7,80,74,18,Train/18/00018_00025_00023.png
4,19558,129,130,11,12,118,119,12,Train/12/00012_00039_00028.png
4,7397,35,37,5,6,30,32,4,Train/4/00004_00031_00017.png
4,2072,39,35,6,5,33,30,1,Train/1/00001_00050_00002.png
4,9368,31,31,6,6,26,26,5,Train/5/00005_00031_00008.png
4,21484,36,33,6,5,30,27,13,Train/13/00013_00034_00004.png
4,3546,29,30,6,6,24,25,2,Train/2/00002_00025_00006.png
4,29688,59,53,6,5,54,48,25,Train/25/00025_00040_00018.png
4,18241,33,32,5,5,28,27,11,Train/11/00011_00040_00001.png
4,37281,54,55,5,5,49,50,38,Train/38/00038_00042_00022.png
4,2220,48,59,6,6,47,54,1,Train/1/00001_00055_00000.png
4,10036,38,36,5,5,33,31,5,Train/5/00005_00053_00016.png
4,29895,87,80,7,7,80,73,25,Train/25/00025_00047_00015.png
4,26893,51,48,5,5,46,43,19,Train/19/00019_00004_00013.png
4,34497,120,119,10,10,109,109,35,Train/35/00035_00009_00028.png
4,13180,40,39,5,5,34,33,8,Train/8/00008_00034_00010.png
4,39201,47,50,5,6,42,45,42,Train/42/00042_00007_00022.png
4,15200,44,44,6,6,39,39,10,Train/10/00010_00005_00020.png
4,24406,37,38,5,6,32,33,16,Train/16/00016_00012_00016.png
4,9422,26,27,5,5,21,22,5,Train/5/00005_00033_00002.png
4,33977,35,38,6,6,30,33,34,Train/34/00034_00006_00018.png
4,28448,42,45,5,5,37,40,24,Train/24/00024_00008_00008.png
4,25594,48,43,6,6,43,38,18,Train/18/00018_00001_00004.png
4,1637,37,38,6,5,32,32,1,Train/1/00001_00035_00017.png
4,22210,33,32,6,5,28,27,13,Train/13/00013_00058_00010.png
4,8577,71,76,6,6,65,69,5,Train/5/00005_00004_00027.png
4,4750,53,54,6,6,48,49,2,Train/2/00002_00065_00010.png
4,15612,41,40,6,5,36,35,10,Train/10/00010_00019_00012.png
4,10330,37,37,6,5,32,32,6,Train/6/00006_00001_00010.png
4,9306,30,30,6,5,25,25,5,Train/5/00005_00029_00006.png
4,34264,33,34,6,6,28,28,35,Train/35/00035_00002_00005.png
4,38692,64,68,5,6,59,62,40,Train/40/00040_00010_00023.png
4,28371,46,44,5,5,41,39,24,Train/24/00024_00005_00021.png
4,6867,83,87,8,7,76,80,4,Train/4/00004_00013_00027.png
4,28548,56,51,6,6,51,46,25,Train/25/00025_00002_00018.png
4,22963,49,49,5,5,44,44,14,Train/14/00014_00011_00013.png
4,9597,62,65,6,6,56,60,5,Train/5/00005_00038_00027.png
4,19472,40,41,5,6,35,36,12,Train/12/00012_00037_00002.png
4,35357,40,41,6,6,35,35,35,Train/35/00035_00038_00018.png
4,38793,32,33,6,5,27,28,41,Train/41/00041_00002_00004.png
4,32306,65,59,6,6,60,54,31,Train/31/00031_00007_00026.png
4,6796,38,40,5,6,33,35,4,Train/4/00004_00011_00016.png
4,35406,38,37,5,5,32,32,36,Train/36/00036_00000_00007.png
4,31757,62,56,5,5,57,51,30,Train/30/00030_00004_00017.png
4,30218,38,35,5,6,33,30,26,Train/26/00026_00008_00008.png
4,15259,54,53,6,5,49,48,10,Train/10/00010_00007_00019.png
4,37385,29,30,5,6,24,25,38,Train/38/00038_00046_00006.png
4,37580,71,108,7,10,65,99,38,Train/38/00038_00052_00021.png
4,26630,55,51,5,5,49,45,18,Train/18/00018_00035_00020.png
4,26926,46,43,5,6,41,38,19,Train/19/00019_00005_00016.png
4,3195,36,36,6,6,31,31,2,Train/2/00002_00013_00015.png
4,3026,68,64,7,6,62,59,2,Train/2/00002_00007_00026.png
4,27334,33,30,6,5,28,25,22,Train/22/00022_00001_00004.png
4,37257,88,92,7,8,81,84,38,Train/38/00038_00041_00028.png
4,19625,60,59,6,5,55,54,12,Train/12/00012_00042_00005.png
4,25114,36,37,6,6,31,32,17,Train/17/00017_00022_00004.png
4,13830,29,31,6,6,24,26,9,Train/9/00009_00009_00000.png
4,17992,87,81,7,8,79,74,11,Train/11/00011_00031_00022.png
4,14526,35,36,5,5,30,30,9,Train/9/00009_00032_00006.png
4,5637,47,45,5,5,42,40,3,Train/3/00003_00019_00027.png
4,21057,94,81,9,7,85,73,13,Train/13/00013_00019_00027.png
4,7048,121,120,11,11,111,110,4,Train/4/00004_00019_00028.png
4,26318,42,39,5,5,37,34,18,Train/18/00018_00025_00008.png
4,38521,53,53,6,6,48,48,40,Train/40/00040_00005_00002.png
4,32796,33,31,5,5,28,26,31,Train/31/00031_00024_00006.png
4,35014,31,32,6,6,26,27,35,Train/35/00035_00027_00005.png
4,25912,64,59,5,5,59,54,18,Train/18/00018_00011_00022.png
4,7041,61,60,6,5,56,55,4,Train/4/00004_00019_00021.png
4,35175,40,39,6,5,34,33,35,Train/35/00035_00032_00016.png
4,36850,30,31,6,5,25,26,38,Train/38/00038_00028_00011.png
4,34160,37,39,5,6,32,34,34,Train/34/00034_00012_00021.png
4,24207,46,47,6,5,41,42,16,Train/16/00016_00005_00027.png
4,19115,34,39,6,6,29,34,12,Train/12/00012_00025_00005.png
4,14866,41,38,6,5,36,33,9,Train/9/00009_00043_00016.png
4,35582,31,32,5,6,26,27,36,Train/36/00036_00006_00003.png
4,30118,128,112,12,10,117,103,26,Train/26/00026_00004_00028.png
4,30952,57,53,6,6,52,48,28,Train/28/00028_00004_00022.png
4,21712,72,63,6,5,66,58,13,Train/13/00013_00041_00022.png
4,11247,57,59,5,5,52,54,7,Train/7/00007_00017_00027.png
4,5261,33,33,6,5,28,28,3,Train/3/00003_00007_00011.png
4,38549,35,35,6,6,30,30,40,Train/40/00040_00006_00000.png
4,20809,54,63,5,6,49,58,13,Train/13/00013_00011_00019.png
4,11224,32,32,6,6,27,27,7,Train/7/00007_00017_00004.png
4,6647,46,47,6,5,41,42,4,Train/4/00004_00006_00017.png
4,30656,108,99,9,9,99,91,27,Train/27/00027_00002_00026.png
4,7950,27,29,5,6,22,24,4,Train/4/00004_00050_00000.png
4,1348,67,63,6,5,61,58,1,Train/1/00001_00025_00028.png
4,27168,47,44,5,5,42,39,21,Train/21/00021_00006_00018.png
4,25044,62,62,6,6,57,57,17,Train/17/00017_00019_00024.png
4,35480,64,65,5,5,59,59,36,Train/36/00036_00002_00021.png
4,11871,47,47,5,5,42,42,7,Train/7/00007_00038_00021.png
4,39022,61,60,6,6,56,55,42,Train/42/00042_00001_00023.png
4,35832,42,43,5,6,37,38,37,Train/37/00037_00001_00013.png
4,11095,49,50,5,5,44,45,7,Train/7/00007_00012_00025.png
4,30577,55,50,6,5,50,45,27,Train/27/00027_00000_00007.png
4,9550,31,30,5,6,26,25,5,Train/5/00005_00037_00010.png
4,20125,89,80,8,8,82,73,12,Train/12/00012_00058_00025.png
4,36941,44,44,5,5,39,39,38,Train/38/00038_00031_00012.png
4,20950,45,42,5,6,40,37,13,Train/13/00013_00016_00010.png
4,23827,32,36,6,5,26,31,15,Train/15/00015_00014_00007.png
4,15335,34,33,6,5,29,28,10,Train/10/00010_00010_00005.png
4,34683,40,42,5,6,35,37,35,Train/35/00035_00016_00004.png
4,10648,69,71,6,6,63,65,6,Train/6/00006_00011_00028.png
4,6373,35,35,6,5,30,30,3,Train/3/00003_00044_00013.png
4,30528,48,43,5,5,42,38,26,Train/26/00026_00018_00018.png
4,7193,58,58,5,5,53,53,4,Train/4/00004_00024_00023.png
4,16085,31,29,5,5,26,24,10,Train/10/00010_00035_00005.png
4,13979,115,116,10,10,105,106,9,Train/9/00009_00013_00029.png
4,22601,42,39,6,5,37,34,13,Train/13/00013_00071_00011.png
4,33858,48,46,5,6,43,41,34,Train/34/00034_00002_00019.png
4,228,38,36,6,5,33,31,20,Train/20/00020_00007_00018.png
4,24452,28,33,6,6,22,28,17,Train/17/00017_00000_00002.png
4,7076,41,40,5,5,36,35,4,Train/4/00004_00020_00026.png
4,2637,98,100,9,8,89,91,1,Train/1/00001_00068_00027.png
4,23077,38,38,6,6,33,33,14,Train/14/00014_00015_00007.png
4,11005,42,45,5,6,37,40,7,Train/7/00007_00009_00025.png
4,19819,60,63,5,5,55,58,12,Train/12/00012_00048_00019.png
4,14380,33,33,6,6,27,28,9,Train/9/00009_00027_00010.png
4,8196,30,32,5,6,25,27,4,Train/4/00004_00058_00006.png
4,16838,30,30,5,6,25,25,10,Train/10/00010_00060_00008.png
4,187,32,30,5,6,26,25,20,Train/20/00020_00006_00007.png
4,18558,68,68,6,7,62,62,12,Train/12/00012_00006_00018.png
4,12306,33,33,6,5,28,28,8,Train/8/00008_00005_00006.png
4,35258,34,34,6,6,29,28,35,Train/35/00035_00035_00009.png
4,18731,42,40,6,5,36,35,12,Train/12/00012_00012_00011.png
4,33624,48,73,5,7,42,67,33,Train/33/00033_00017_00024.png
4,1297,26,27,5,5,21,22,1,Train/1/00001_00024_00007.png
4,14854,31,29,6,5,25,23,9,Train/9/00009_00043_00004.png
4,36638,33,34,5,6,28,29,38,Train/38/00038_00021_00009.png
4,19439,62,64,5,6,57,59,12,Train/12/00012_00035_00029.png
4,17275,80,70,7,6,72,64,11,Train/11/00011_00007_00025.png
4,18678,57,49,5,6,52,43,12,Train/12/00012_00010_00018.png
4,28956,34,35,6,6,29,30,25,Train/25/00025_00016_00006.png
4,11983,40,40,6,6,35,35,7,Train/7/00007_00042_00013.png
4,4967,36,37,6,5,31,32,2,Train/2/00002_00072_00017.png
4,24422,51,49,6,5,45,44,16,Train/16/00016_00013_00002.png
4,24066,42,45,5,5,37,40,16,Train/16/00016_00001_00006.png
4,7378,118,111,10,10,108,102,4,Train/4/00004_00030_00028.png
4,24885,30,35,5,5,25,30,17,Train/17/00017_00014_00015.png
4,27846,36,35,6,6,31,30,23,Train/23/00023_00005_00006.png
4,10109,60,64,6,6,55,59,5,Train/5/00005_00055_00029.png
4,12876,35,36,5,6,30,31,8,Train/8/00008_00024_00006.png
4,21429,44,38,5,5,38,32,13,Train/13/00013_00032_00009.png
4,14078,33,35,6,6,28,30,9,Train/9/00009_00017_00008.png
4,24168,42,41,6,5,37,36,16,Train/16/00016_00004_00018.png
4,21180,34,34,5,5,29,29,13,Train/13/00013_00024_00000.png
4,7095,39,40,5,5,34,35,4,Train/4/00004_00021_00015.png
4,33651,42,59,6,5,37,54,33,Train/33/00033_00018_00021.png
4,37227,97,120,9,11,89,110,38,Train/38/00038_00040_00028.png
4,16866,35,29,6,5,30,24,10,Train/10/00010_00061_00006.png
4,23263,47,48,6,6,42,42,14,Train/14/00014_00021_00013.png
4,35109,30,32,5,6,25,27,35,Train/35/00035_00030_00010.png
4,6670,33,33,5,5,28,28,4,Train/4/00004_00007_00010.png
4,1984,35,35,5,5,30,30,1,Train/1/00001_00047_00004.png
4,33960,27,29,5,5,22,24,34,Train/34/00034_00006_00001.png
4,37866,30,30,6,6,25,25,38,Train/38/00038_00062_00007.png
4,8373,28,28,5,6,23,23,4,Train/4/00004_00064_00003.png
4,123,30,31,5,6,25,26,20,Train/20/00020_00004_00003.png
4,30924,76,71,6,6,70,65,28,Train/28/00028_00003_00024.png
4,7577,43,43,6,6,38,38,4,Train/4/00004_00037_00017.png
4,33095,27,28,5,5,22,22,33,Train/33/00033_00000_00005.png
4,1914,69,68,7,6,63,62,1,Train/1/00001_00044_00024.png
4,35679,30,31,5,5,25,26,36,Train/36/00036_00009_00010.png
4,16624,37,38,5,6,32,33,10,Train/10/00010_00053_00004.png
4,22982,43,44,5,6,38,39,14,Train/14/00014_00012_00002.png
4,37874,36,36,6,6,31,31,38,Train/38/00038_00062_00015.png
4,33200,51,57,6,6,46,52,33,Train/33/00033_00003_00020.png
4,6071,36,35,6,6,30,29,3,Train/3/00003_00034_00011.png
4,16410,26,27,6,6,21,21,10,Train/10/00010_00046_00000.png
4,37490,36,36,5,5,31,31,38,Train/38/00038_00049_00021.png
4,5863,32,35,5,6,27,30,3,Train/3/00003_00027_00013.png
4,19068,46,44,5,5,41,39,12,Train/12/00012_00023_00018.png
4,20636,90,87,8,8,82,79,13,Train/13/00013_00005_00026.png
4,10892,38,37,6,5,33,32,7,Train/7/00007_00006_00002.png
4,26642,44,43,6,6,39,38,18,Train/18/00018_00036_00002.png
4,36660,27,28,5,6,22,23,38,Train/38/00038_00022_00001.png
4,33392,27,28,5,6,22,23,33,Train/33/00033_00010_00002.png
4,10484,37,37,6,5,32,32,6,Train/6/00006_00006_00014.png
4,1949,119,118,11,10,109,108,1,Train/1/00001_00045_00029.png
4,28556,120,109,11,9,109,99,25,Train/25/00025_00002_00026.png
4,35797,40,39,6,5,35,34,37,Train/37/00037_00000_00008.png
4,62,35,35,6,6,30,29,20,Train/20/00020_00002_00002.png
4,34509,47,49,5,6,42,44,35,Train/35/00035_00010_00010.png
4,160,35,32,6,5,30,27,20,Train/20/00020_00005_00010.png
4,5674,31,32,6,5,26,27,3,Train/3/00003_00021_00004.png
4,13616,74,73,7,7,68,67,9,Train/9/00009_00001_00026.png
4,2252,39,41,5,5,34,36,1,Train/1/00001_00056_00002.png
4,8722,64,63,6,5,59,58,5,Train/5/00005_00009_00022.png
4,9770,50,53,5,5,45,48,5,Train/5/00005_00044_00020.png
4,21525,65,73,6,7,60,67,13,Train/13/00013_00035_00015.png
4,31310,58,60,5,6,53,55,28,Train/28/00028_00016_00020.png
4,6855,36,38,5,6,31,33,4,Train/4/00004_00013_00015.png
4,27516,41,36,6,5,36,31,22,Train/22/00022_00007_00006.png
4,37048,92,103,8,9,84,94,38,Train/38/00038_00034_00029.png
4,4230,28,28,5,6,23,23,2,Train/2/00002_00048_00000.png
4,9166,37,37,6,6,32,32,5,Train/5/00005_00024_00016.png
4,25318,70,75,6,6,64,69,17,Train/17/00017_00028_00028.png
4,16663,39,40,5,6,34,35,10,Train/10/00010_00054_00013.png
4,21919,82,75,8,7,75,69,13,Train/13/00013_00048_00019.png
4,23759,83,85,8,8,76,78,15,Train/15/00015_00011_00029.png
4,32526,45,42,5,6,40,37,31,Train/31/00031_00015_00006.png
4,30759,48,41,6,5,43,36,27,Train/27/00027_00006_00009.png
4,5671,29,31,5,5,24,26,3,Train/3/00003_00021_00001.png
4,12562,63,64,5,6,58,59,8,Train/8/00008_00013_00022.png
4,17898,30,45,6,6,24,40,11,Train/11/00011_00028_00018.png
4,37525,48,51,6,6,43,46,38,Train/38/00038_00050_00026.png
4,37007,39,45,6,5,34,40,38,Train/38/00038_00033_00018.png
4,2349,41,41,6,6,36,36,1,Train/1/00001_00059_00009.png
4,365,31,31,6,6,26,26,0,Train/0/00000_00000_00005.png
4,25273,37,36,5,5,31,31,17,Train/17/00017_00027_00013.png
4,34670,58,57,6,6,52,52,35,Train/35/00035_00015_00021.png
4,10621,27,30,5,6,21,24,6,Train/6/00006_00011_00001.png
4,14315,31,31,5,5,26,26,9,Train/9/00009_00025_00005.png
4,37935,40,42,6,5,35,37,38,Train/38/00038_00064_00016.png
4,533,59,58,6,6,54,53,0,Train/0/00000_00005_00023.png
4,6538,93,92,9,8,85,84,4,Train/4/00004_00002_00028.png
4,36693,33,32,6,5,27,27,38,Train/38/00038_00023_00004.png
4,14978,34,34,5,5,29,29,9,Train/9/00009_00047_00008.png
4,27528,60,60,5,6,55,54,22,Train/22/00022_00007_00018.png
4,25295,37,37,6,5,32,32,17,Train/17/00017_00028_00005.png
4,29582,31,29,6,6,25,24,25,Train/25/00025_00037_00002.png
4,19818,60,62,6,6,55,57,12,Train/12/00012_00048_00018.png
4,16293,34,35,5,5,29,30,10,Train/10/00010_00042_00003.png
4,15887,38,39,5,6,33,34,10,Train/10/00010_00028_00017.png
4,1004,39,40,5,6,34,35,1,Train/1/00001_00014_00014.png
4,21985,87,88,8,8,80,81,13,Train/13/00013_00050_00025.png
4,17414,55,53,6,6,49,47,11,Train/11/00011_00012_00014.png
4,10336,40,41,5,5,35,36,6,Train/6/00006_00001_00016.png
4,38740,35,36,6,6,30,31,41,Train/41/00041_00000_00011.png
4,22677,159,157,14,14,146,144,14,Train/14/00014_00001_00027.png
4,36208,76,97,7,8,69,89,38,Train/38/00038_00006_00029.png
4,30871,40,36,5,5,35,31,28,Train/28/00028_00002_00001.png
4,13579,46,46,5,6,41,41,9,Train/9/00009_00000_00019.png
4,32771,36,36,5,6,30,31,31,Train/31/00031_00023_00011.png
4,8462,26,27,5,5,21,22,5,Train/5/00005_00001_00002.png
4,31160,50,47,5,6,45,42,28,Train/28/00028_00011_00020.png
4,20307,110,120,9,10,101,110,12,Train/12/00012_00064_00027.png
4,11962,49,48,6,5,44,43,7,Train/7/00007_00041_00022.png
4,15759,32,34,5,6,27,29,10,Train/10/00010_00024_00009.png
4,4947,44,45,5,6,39,40,2,Train/2/00002_00071_00027.png
4,5538,41,44,5,6,36,39,3,Train/3/00003_00016_00018.png
4,11534,37,36,6,5,32,31,7,Train/7/00007_00027_00014.png
4,34404,71,72,7,7,65,66,35,Train/35/00035_00006_00025.png
4,963,45,44,6,5,39,38,1,Train/1/00001_00013_00003.png
4,18668,39,35,5,5,34,30,12,Train/12/00012_00010_00008.png
4,25215,43,44,5,5,38,39,17,Train/17/00017_00025_00015.png
4,671,37,38,5,6,31,32,1,Train/1/00001_00003_00011.png
4,38909,26,27,6,5,21,21,41,Train/41/00041_00006_00000.png
4,11637,43,43,5,5,38,38,7,Train/7/00007_00030_00027.png
4,1616,86,87,7,8,79,79,1,Train/1/00001_00034_00026.png
4,7310,44,45,5,6,39,40,4,Train/4/00004_00028_00020.png
4,14340,48,48,5,6,43,43,9,Train/9/00009_00026_00000.png
4,3374,41,42,6,6,36,37,2,Train/2/00002_00019_00014.png
4,18114,75,80,7,8,69,73,11,Train/11/00011_00035_00024.png
4,28797,105,96,9,9,96,88,25,Train/25/00025_00010_00027.png
4,17781,62,55,5,6,57,50,11,Train/11/00011_00024_00021.png
4,20150,49,48,6,5,44,43,12,Train/12/00012_00059_00020.png
4,3086,122,115,10,10,112,105,2,Train/2/00002_00009_00026.png
4,37783,46,47,5,6,41,42,38,Train/38/00038_00059_00014.png
4,29478,55,50,6,5,50,45,25,Train/25/00025_00033_00018.png
4,32699,117,98,10,9,107,90,31,Train/31/00031_00020_00029.png
4,15298,82,82,8,8,75,75,10,Train/10/00010_00008_00028.png
4,16300,39,39,6,6,33,34,10,Train/10/00010_00042_00010.png
4,25799,158,140,13,12,145,128,18,Train/18/00018_00007_00029.png
4,30187,33,31,5,6,28,26,26,Train/26/00026_00007_00007.png
4,18680,63,55,5,6,58,49,12,Train/12/00012_00010_00020.png
4,21859,58,57,6,6,53,52,13,Train/13/00013_00046_00019.png
4,37163,60,60,5,5,55,55,38,Train/38/00038_00038_00024.png
4,7035,47,46,6,5,42,41,4,Train/4/00004_00019_00015.png
4,1772,34,38,5,6,29,33,1,Train/1/00001_00040_00002.png
4,4220,34,35,5,6,29,30,2,Train/2/00002_00047_00020.png
4,6794,37,37,5,5,31,32,4,Train/4/00004_00011_00014.png
4,6134,37,38,5,6,32,33,3,Train/3/00003_00036_00014.png
4,6815,31,33,5,6,26,28,4,Train/4/00004_00012_00005.png
4,27327,108,97,9,8,99,89,22,Train/22/00022_00000_00027.png
4,17540,72,65,6,6,66,60,11,Train/11/00011_00016_00020.png
4,27547,29,28,5,5,24,23,22,Train/22/00022_00008_00007.png
4,30486,34,31,5,6,29,26,26,Train/26/00026_00017_00006.png
4,22114,45,40,6,6,40,35,13,Train/13/00013_00055_00004.png
4,6728,34,35,5,5,29,29,4,Train/4/00004_00009_00008.png
4,9473,42,46,5,6,36,41,5,Train/5/00005_00034_00023.png
4,12649,41,45,5,6,36,40,8,Train/8/00008_00016_00019.png
4,30025,83,80,7,8,76,73,26,Train/26/00026_00001_00025.png
4,79,55,52,6,5,50,47,20,Train/20/00020_00002_00019.png
4,26217,105,93,10,8,95,84,18,Train/18/00018_00021_00027.png
4,32384,39,35,6,6,34,30,31,Train/31/00031_00010_00014.png
4,19483,55,56,5,6,50,51,12,Train/12/00012_00037_00013.png
4,36912,33,36,5,5,28,31,38,Train/38/00038_00030_00013.png
4,11794,30,30,5,5,25,25,7,Train/7/00007_00036_00004.png
4,21586,49,49,5,5,44,44,13,Train/13/00013_00037_00016.png
4,10174,29,29,6,6,23,23,5,Train/5/00005_00058_00004.png
4,16076,71,63,7,5,65,58,10,Train/10/00010_00034_00026.png
4,20871,68,61,6,6,62,56,13,Train/13/00013_00013_00021.png
4,31946,62,58,5,6,57,53,30,Train/30/00030_00010_00026.png
4,37174,31,29,6,5,26,24,38,Train/38/00038_00039_00005.png
4,27709,48,45,6,5,43,40,23,Train/23/00023_00000_00019.png
4,27020,53,49,6,5,48,44,21,Train/21/00021_00001_00020.png
4,7889,110,108,10,10,101,99,4,Train/4/00004_00047_00029.png
4,36931,36,36,5,5,31,31,38,Train/38/00038_00031_00002.png
4,9236,48,41,5,5,43,36,5,Train/5/00005_00026_00026.png
4,20522,39,36,6,5,33,31,13,Train/13/00013_00002_00002.png
4,11759,61,69,6,6,56,63,7,Train/7/00007_00034_00029.png
4,1018,94,84,8,7,86,77,1,Train/1/00001_00014_00028.png
4,3256,72,74,6,6,65,67,2,Train/2/00002_00015_00016.png
4,17255,49,45,6,5,44,39,11,Train/11/00011_00007_00005.png
4,30726,34,31,6,6,28,26,27,Train/27/00027_00005_00006.png
4,33691,28,28,5,5,23,23,33,Train/33/00033_00020_00002.png
4,5337,69,73,7,7,63,67,3,Train/3/00003_00009_00027.png
4,2015,35,35,5,5,30,30,1,Train/1/00001_00048_00005.png
4,3260,84,84,7,8,76,76,2,Train/2/00002_00015_00020.png
4,33905,55,54,6,5,50,49,34,Train/34/00034_00004_00006.png
4,37687,46,49,6,6,41,44,38,Train/38/00038_00056_00008.png
4,34421,36,36,6,6,31,31,35,Train/35/00035_00007_00012.png
4,12096,30,29,5,5,25,24,7,Train/7/00007_00046_00006.png
4,23556,30,30,6,6,25,25,15,Train/15/00015_00005_00006.png
4,21012,42,43,5,6,37,38,13,Train/13/00013_00018_00012.png
4,4147,29,29,5,6,24,24,2,Train/2/00002_00045_00007.png
4,11942,30,30,6,6,24,25,7,Train/7/00007_00041_00002.png
4,5024,38,36,6,5,32,31,2,Train/2/00002_00074_00014.png
4,2086,49,48,6,6,44,43,1,Train/1/00001_00050_00016.png
4,23394,56,59,5,6,51,54,14,Train/14/00014_00025_00024.png
4,13153,31,32,5,6,26,27,8,Train/8/00008_00033_00013.png
4,20069,88,95,7,9,81,87,12,Train/12/00012_00056_00029.png
4,18075,57,54,5,6,52,49,11,Train/11/00011_00034_00015.png
4,31749,49,43,6,5,44,38,30,Train/30/00030_00004_00009.png
4,37906,43,43,6,5,38,38,38,Train/38/00038_00063_00017.png
4,27470,51,48,6,6,46,43,22,Train/22/00022_00005_00020.png
4,16223,51,54,5,6,46,49,10,Train/10/00010_00039_00023.png
4,1965,53,52,6,5,48,47,1,Train/1/00001_00046_00015.png
4,12055,47,49,6,6,42,44,7,Train/7/00007_00044_00025.png
4,36229,53,54,5,5,48,49,38,Train/38/00038_00007_00020.png
4,26078,36,31,6,5,31,26,18,Train/18/00018_00017_00008.png
4,4417,33,32,6,5,27,26,2,Train/2/00002_00054_00007.png
4,21636,35,31,5,5,30,26,13,Train/13/00013_00039_00006.png
4,11133,37,37,6,6,32,32,7,Train/7/00007_00014_00003.png
4,22240,94,87,8,8,85,79,13,Train/13/00013_00059_00010.png
4,20536,48,48,6,5,43,43,13,Train/13/00013_00002_00016.png
4,12408,43,43,6,6,38,38,8,Train/8/00008_00008_00018.png
4,6,31,28,6,6,26,23,20,Train/20/00020_00000_00006.png
4,23971,29,29,6,6,24,24,15,Train/15/00015_00019_00001.png
4,33510,35,37,5,5,30,32,33,Train/33/00033_00014_00000.png
4,4242,34,33,5,6,29,28,2,Train/2/00002_00048_00012.png
4,14379,32,32,6,6,27,27,9,Train/9/00009_00027_00009.png
4,33391,29,28,6,6,23,23,33,Train/33/00033_00010_00001.png
4,2434,33,33,5,6,27,28,1,Train/1/00001_00062_00004.png
4,19646,120,119,11,10,110,109,12,Train/12/00012_00042_00026.png
4,34831,28,28,6,5,23,23,35,Train/35/00035_00021_00002.png
4,8062,73,69,7,7,67,63,4,Train/4/00004_00053_00022.png
4,7845,40,41,5,5,35,36,4,Train/4/00004_00046_00015.png
4,5036,55,54,6,5,50,49,2,Train/2/00002_00074_00026.png
4,27679,56,51,6,6,50,46,22,Train/22/00022_00012_00019.png
4,29199,47,46,5,6,42,41,25,Train/25/00025_00024_00009.png
4,5573,73,76,7,7,67,70,3,Train/3/00003_00017_00023.png
4,30454,35,31,6,6,30,26,26,Train/26/00026_00016_00004.png
4,35583,33,32,6,5,28,27,36,Train/36/00036_00006_00004.png
4,28107,88,76,8,6,81,70,23,Train/23/00023_00013_00027.png
4,21727,40,37,5,6,35,32,13,Train/13/00013_00042_00007.png
4,24904,27,32,5,5,22,27,17,Train/17/00017_00015_00004.png
4,10313,53,54,5,5,48,49,6,Train/6/00006_00000_00023.png
4,37344,82,81,8,8,75,74,38,Train/38/00038_00044_00025.png
4,18737,53,52,6,5,47,46,12,Train/12/00012_00012_00017.png
4,38699,38,40,5,5,33,35,40,Train/40/00040_00011_00000.png
4,7882,70,65,7,6,63,60,4,Train/4/00004_00047_00022.png
4,36241,27,28,5,5,21,23,38,Train/38/00038_00008_00002.png
4,17297,71,64,6,5,65,59,11,Train/11/00011_00008_00017.png
4,11577,49,53,6,6,44,48,7,Train/7/00007_00028_00027.png
4,30049,40,38,6,6,35,33,26,Train/26/00026_00002_00019.png
4,27828,49,41,6,5,43,36,23,Train/23/00023_00004_00018.png
4,10023,28,28,6,6,23,23,5,Train/5/00005_00053_00003.png
4,18951,60,59,6,6,55,54,12,Train/12/00012_00019_00021.png
4,26882,40,38,5,5,35,33,19,Train/19/00019_00004_00002.png
4,4998,43,43,5,5,38,38,2,Train/2/00002_00073_00018.png
4,28215,42,39,5,6,37,34,24,Train/24/00024_00000_00015.png
4,9757,35,37,5,6,30,32,5,Train/5/00005_00044_00007.png
4,2231,59,68,5,6,54,62,1,Train/1/00001_00055_00011.png
4,16507,33,34,5,6,27,28,10,Train/10/00010_00049_00007.png
4,36857,31,33,6,6,26,28,38,Train/38/00038_00028_00018.png
4,26105,48,45,6,5,43,40,18,Train/18/00018_00018_00005.png
4,25499,71,80,6,8,65,73,17,Train/17/00017_00034_00029.png
4,11347,31,31,5,5,26,26,7,Train/7/00007_00021_00007.png
4,37478,33,35,6,6,28,30,38,Train/38/00038_00049_00009.png
4,30764,51,47,6,5,46,42,27,Train/27/00027_00006_00014.png
4,1520,53,53,5,6,47,48,1,Train/1/00001_00031_00020.png
4,27204,84,76,7,7,77,70,21,Train/21/00021_00007_00024.png
4,34090,35,41,5,6,30,36,34,Train/34/00034_00010_00011.png
4,3536,60,60,6,5,55,55,2,Train/2/00002_00024_00026.png
4,21628,124,117,10,11,114,107,13,Train/13/00013_00038_00028.png
4,20881,45,40,6,5,39,35,13,Train/13/00013_00014_00001.png
4,35031,43,44,6,6,38,39,35,Train/35/00035_00027_00022.png
4,36783,28,28,6,5,23,23,38,Train/38/00038_00026_00004.png
4,11844,54,52,6,5,49,47,7,Train/7/00007_00037_00024.png
4,31609,72,63,6,6,65,58,29,Train/29/00029_00008_00019.png
4,35087,49,51,5,5,44,46,35,Train/35/00035_00029_00018.png
4,30,29,31,5,6,24,26,20,Train/20/00020_00001_00000.png
4,27229,79,67,7,6,72,61,21,Train/21/00021_00008_00019.png
4,2062,59,59,6,6,54,54,1,Train/1/00001_00049_00022.png
4,668,34,33,6,6,29,28,1,Train/1/00001_00003_00008.png
4,18,50,45,5,5,45,40,20,Train/20/00020_00000_00018.png
4,2445,41,41,6,6,36,36,1,Train/1/00001_00062_00015.png
4,512,29,28,5,5,24,23,0,Train/0/00000_00005_00002.png
4,36543,29,30,5,6,24,25,38,Train/38/00038_00018_00004.png
4,3111,54,53,6,6,49,48,2,Train/2/00002_00010_00021.png
4,17939,144,129,13,12,131,118,11,Train/11/00011_00029_00029.png
4,30604,38,38,5,6,33,33,27,Train/27/00027_00001_00004.png
4,12589,52,54,6,6,47,49,8,Train/8/00008_00014_00019.png
4,24704,28,30,5,5,23,25,17,Train/17/00017_00008_00014.png
4,30130,42,38,6,5,37,33,26,Train/26/00026_00005_00010.png
4,18200,83,72,8,6,75,66,11,Train/11/00011_00038_00020.png
4,17840,112,96,10,8,103,88,11,Train/11/00011_00026_00020.png
4,23009,65,63,6,5,60,58,14,Train/14/00014_00012_00029.png
4,33610,35,43,5,5,30,38,33,Train/33/00033_00017_00010.png
4,19202,29,29,5,5,24,24,12,Train/12/00012_00028_00002.png
4,36003,28,29,6,6,23,24,38,Train/38/00038_00000_00004.png
4,38264,33,34,5,6,28,29,39,Train/39/00039_00006_00015.png
4,688,134,141,11,13,122,128,1,Train/1/00001_00003_00028.png
4,10284,48,50,5,6,43,45,5,Train/5/00005_00061_00024.png
4,25608,64,60,5,6,58,54,18,Train/18/00018_00001_00018.png
4,12701,37,40,6,6,32,35,8,Train/8/00008_00018_00011.png
4,36039,36,45,6,5,31,39,38,Train/38/00038_00001_00010.png
4,19840,36,37,5,6,31,32,12,Train/12/00012_00049_00010.png
4,5762,29,30,5,5,24,25,3,Train/3/00003_00024_00002.png
4,13860,36,36,5,5,31,31,9,Train/9/00009_00010_00000.png
4,26891,50,46,6,5,45,41,19,Train/19/00019_00004_00011.png
4,20198,46,49,6,5,41,44,12,Train/12/00012_00061_00008.png
4,36442,49,52,5,5,43,46,38,Train/38/00038_00014_00023.png
4,26709,48,48,5,5,43,43,18,Train/18/00018_00038_00009.png
4,30086,109,106,9,9,99,97,26,Train/26/00026_00003_00026.png
4,24755,27,27,5,5,21,22,17,Train/17/00017_00010_00005.png
4,26471,36,34,6,5,30,29,18,Train/18/00018_00030_00011.png
4,24461,27,32,6,6,22,27,17,Train/17/00017_00000_00011.png
4,16440,28,28,6,6,23,23,10,Train/10/00010_00047_00000.png
4,34800,30,29,6,5,25,24,35,Train/35/00035_00020_00001.png
4,31422,47,43,6,5,42,38,29,Train/29/00029_00002_00012.png
4,9716,69,73,6,7,63,67,5,Train/5/00005_00042_00026.png
4,4603,65,64,6,6,60,59,2,Train/2/00002_00060_00013.png
4,13793,60,59,6,5,55,54,9,Train/9/00009_00007_00023.png
4,18375,35,39,5,5,30,34,12,Train/12/00012_00000_00015.png
4,20108,44,43,5,6,39,37,12,Train/12/00012_00058_00008.png
4,5524,35,36,6,6,30,31,3,Train/3/00003_00016_00004.png
4,22087,75,71,7,6,69,65,13,Train/13/00013_00054_00007.png
4,34998,52,51,6,5,47,46,35,Train/35/00035_00026_00019.png
4,34565,35,35,6,5,30,30,35,Train/35/00035_00012_00006.png
4,31286,84,74,7,6,77,67,28,Train/28/00028_00015_00026.png
4,3518,34,34,5,6,29,29,2,Train/2/00002_00024_00008.png
4,19617,77,76,7,6,71,70,12,Train/12/00012_00041_00027.png
4,15535,50,50,6,6,45,45,10,Train/10/00010_00016_00025.png
4,14465,28,30,5,6,23,25,9,Train/9/00009_00030_00005.png
4,16687,33,34,5,6,28,29,10,Train/10/00010_00055_00007.png
4,15895,55,55,6,6,50,50,10,Train/10/00010_00028_00025.png
4,627,63,60,5,5,58,54,1,Train/1/00001_00001_00027.png
4,24006,28,29,5,6,23,24,15,Train/15/00015_00020_00006.png
4,27611,35,34,6,5,30,29,22,Train/22/00022_00010_00011.png
4,22948,160,171,14,15,147,157,14,Train/14/00014_00010_00028.png
4,24341,38,38,6,5,33,33,16,Train/16/00016_00010_00011.png
4,2272,69,72,6,7,63,66,1,Train/1/00001_00056_00022.png
4,31528,134,116,12,11,123,106,29,Train/29/00029_00005_00028.png
4,37092,58,57,6,5,53,52,38,Train/38/00038_00036_00013.png
4,6257,35,35,5,5,30,30,3,Train/3/00003_00040_00017.png
4,27293,70,62,7,5,64,57,21,Train/21/00021_00010_00023.png
4,8707,35,34,6,5,30,29,5,Train/5/00005_00009_00007.png
4,13016,53,45,5,5,47,39,8,Train/8/00008_00028_00026.png
4,7043,70,70,6,6,64,64,4,Train/4/00004_00019_00023.png
4,18532,83,81,7,8,75,73,12,Train/12/00012_00005_00022.png
4,21172,51,72,6,6,46,65,13,Train/13/00013_00023_00022.png
4,10274,35,34,6,6,29,29,5,Train/5/00005_00061_00014.png
4,7226,87,84,7,7,80,77,4,Train/4/00004_00025_00026.png
4,35348,31,33,5,6,26,28,35,Train/35/00035_00038_00009.png
4,22633,64,65,5,6,59,60,14,Train/14/00014_00000_00013.png
4,33864,65,63,6,5,59,58,34,Train/34/00034_00002_00025.png
4,2167,56,59,5,6,51,54,1,Train/1/00001_00053_00007.png
4,16364,34,36,5,6,29,31,10,Train/10/00010_00044_00014.png
4,14564,43,39,6,5,37,34,9,Train/9/00009_00033_00014.png
4,10942,70,70,7,7,64,64,7,Train/7/00007_00007_00022.png
4,605,34,33,6,5,29,28,1,Train/1/00001_00001_00005.png
4,27605,30,31,5,6,25,26,22,Train/22/00022_00010_00005.png
4,1227,59,59,6,5,54,54,1,Train/1/00001_00021_00027.png
4,305,37,32,6,5,31,27,20,Train/20/00020_00010_00005.png
4,34602,37,38,5,6,31,32,35,Train/35/00035_00013_00013.png
4,17844,124,111,10,10,114,102,11,Train/11/00011_00026_00024.png
4,14618,36,35,5,5,30,30,9,Train/9/00009_00035_00008.png
4,30120,36,35,5,6,31,30,26,Train/26/00026_00005_00000.png
4,28999,59,58,5,6,53,52,25,Train/25/00025_00017_00019.png
4,37880,47,47,5,5,42,42,38,Train/38/00038_00062_00021.png
4,14780,49,51,6,6,44,46,9,Train/9/00009_00040_00020.png
4,21923,86,82,8,8,79,74,13,Train/13/00013_00048_00023.png
4,6328,58,56,6,5,53,51,3,Train/3/00003_00042_00028.png
4,32962,46,49,6,5,41,44,32,Train/32/00032_00003_00022.png
4,6139,45,44,6,5,40,39,3,Train/3/00003_00036_00019.png
4,37858,47,48,5,5,42,43,38,Train/38/00038_00061_00029.png
4,7705,55,56,6,6,50,50,4,Train/4/00004_00041_00025.png
4,35974,42,45,5,6,37,40,37,Train/37/00037_00006_00005.png
4,34666,47,47,6,6,42,42,35,Train/35/00035_00015_00017.png
4,28314,121,107,11,9,111,98,24,Train/24/00024_00003_00024.png
4,26995,99,94,9,9,91,86,21,Train/21/00021_00000_00025.png
4,37835,37,38,6,5,32,33,38,Train/38/00038_00061_00006.png
4,22038,48,43,5,5,43,38,13,Train/13/00013_00052_00018.png
4,6585,63,62,6,5,58,56,4,Train/4/00004_00004_00015.png
4,21980,60,63,5,5,55,58,13,Train/13/00013_00050_00020.png
4,9803,53,51,5,5,47,46,5,Train/5/00005_00045_00023.png
4,18237,84,81,7,8,77,74,11,Train/11/00011_00039_00027.png
4,22625,52,51,6,6,47,46,14,Train/14/00014_00000_00005.png
4,16449,31,33,5,6,26,27,10,Train/10/00010_00047_00009.png
4,37876,39,40,5,6,34,35,38,Train/38/00038_00062_00017.png
4,37481,34,34,6,5,29,29,38,Train/38/00038_00049_00012.png
4,24427,52,51,6,6,46,46,16,Train/16/00016_00013_00007.png
4,26697,83,83,8,8,76,76,18,Train/18/00018_00037_00027.png
4,11307,57,61,5,5,52,56,7,Train/7/00007_00019_00027.png
4,18006,40,42,5,6,35,37,11,Train/11/00011_00032_00006.png
4,17230,33,31,5,6,28,26,11,Train/11/00011_00006_00010.png
4,35527,35,35,6,6,30,30,36,Train/36/00036_00004_00008.png
4,37023,28,28,5,5,23,23,38,Train/38/00038_00034_00004.png
4,21049,72,62,7,5,65,57,13,Train/13/00013_00019_00019.png
4,1564,31,30,6,5,26,25,1,Train/1/00001_00033_00004.png
4,1032,35,37,5,6,30,31,1,Train/1/00001_00015_00012.png
4,2961,49,51,5,5,44,45,2,Train/2/00002_00005_00021.png
4,18377,37,42,5,5,32,37,12,Train/12/00012_00000_00017.png
4,6603,44,44,5,5,39,39,4,Train/4/00004_00005_00003.png
4,1560,30,30,6,5,25,25,1,Train/1/00001_00033_00000.png
4,5105,32,33,5,6,26,27,3,Train/3/00003_00002_00005.png
4,29170,50,51,5,6,45,46,25,Train/25/00025_00023_00010.png
4,5289,35,35,6,6,30,30,3,Train/3/00003_00008_00009.png
4,38867,38,41,5,6,33,35,41,Train/41/00041_00004_00018.png
4,11886,32,31,6,5,27,26,7,Train/7/00007_00039_00006.png
4,28801,64,59,6,5,59,53,25,Train/25/00025_00011_00001.png
4,17995,113,100,9,8,103,92,11,Train/11/00011_00031_00025.png
4,14704,34,36,5,6,29,30,9,Train/9/00009_00038_00004.png
4,7699,44,43,6,5,39,38,4,Train/4/00004_00041_00019.png
4,26295,45,43,5,5,40,37,18,Train/18/00018_00024_00015.png
4,2016,36,35,6,5,31,30,1,Train/1/00001_00048_00006.png
4,3808,44,46,6,6,39,41,2,Train/2/00002_00033_00028.png
4,1916,76,76,6,6,70,70,1,Train/1/00001_00044_00026.png
4,18186,52,46,6,5,47,41,11,Train/11/00011_00038_00006.png
4,31478,39,39,5,5,34,34,29,Train/29/00029_00004_00008.png
4,25374,58,62,5,5,53,57,17,Train/17/00017_00030_00024.png
4,2291,37,37,6,6,32,32,1,Train/1/00001_00057_00011.png
4,6372,33,33,6,5,28,28,3,Train/3/00003_00044_00012.png
4,15991,29,26,5,6,24,21,10,Train/10/00010_00032_00001.png
4,18179,80,84,8,8,73,76,11,Train/11/00011_00037_00029.png
4,35844,76,75,7,6,70,69,37,Train/37/00037_00001_00025.png
4,6185,28,28,6,5,23,23,3,Train/3/00003_00038_00005.png
4,20624,41,39,5,6,36,34,13,Train/13/00013_00005_00014.png
4,324,64,57,5,5,59,52,20,Train/20/00020_00010_00024.png
4,25325,28,31,5,5,23,25,17,Train/17/00017_00029_00005.png
4,24992,33,35,6,6,28,30,17,Train/17/00017_00018_00002.png
4,38184,74,73,7,6,68,67,39,Train/39/00039_00003_00025.png
4,38924,39,38,6,6,33,33,41,Train/41/00041_00006_00015.png
4,28954,33,34,6,6,28,29,25,Train/25/00025_00016_00004.png
4,16142,27,27,5,6,22,22,10,Train/10/00010_00037_00002.png
4,26819,151,134,13,11,138,123,19,Train/19/00019_00001_00029.png
4,2795,37,33,6,6,32,28,2,Train/2/00002_00000_00005.png
4,19016,64,71,5,6,59,65,12,Train/12/00012_00021_00026.png
4,38005,58,60,5,6,53,55,38,Train/38/00038_00066_00026.png
4,14696,96,95,9,8,88,87,9,Train/9/00009_00037_00026.png
4,10158,43,43,6,6,38,38,5,Train/5/00005_00057_00018.png
4,7533,31,32,5,6,26,27,4,Train/4/00004_00036_00003.png
4,13034,42,42,6,6,37,37,8,Train/8/00008_00029_00014.png
4,26951,45,43,6,6,40,37,19,Train/19/00019_00006_00011.png
4,18166,39,43,5,5,34,37,11,Train/11/00011_00037_00016.png
4,17706,53,52,5,6,48,47,11,Train/11/00011_00022_00006.png
4,26665,98,101,8,9,90,93,18,Train/18/00018_00036_00025.png
4,6786,31,32,6,6,26,26,4,Train/4/00004_00011_00006.png
4,12509,89,88,8,7,82,81,8,Train/8/00008_00011_00029.png
4,12803,50,48,5,5,45,43,8,Train/8/00008_00021_00023.png
4,2191,37,37,5,6,32,32,1,Train/1/00001_00054_00001.png
4,10349,76,80,7,7,70,73,6,Train/6/00006_00001_00029.png
4,18616,47,46,6,5,41,41,12,Train/12/00012_00008_00016.png
4,33413,49,51,5,6,44,45,33,Train/33/00033_00010_00023.png
4,24256,37,37,6,5,32,32,16,Train/16/00016_00007_00016.png
4,23802,39,42,6,6,33,36,15,Train/15/00015_00013_00012.png
4,26379,37,36,6,6,32,31,18,Train/18/00018_00027_00009.png
4,23473,37,46,5,5,32,41,15,Train/15/00015_00002_00013.png
4,27705,39,38,5,5,34,33,23,Train/23/00023_00000_00015.png
4,11198,38,39,5,6,33,34,7,Train/7/00007_00016_00008.png
4,19188,49,49,6,6,44,44,12,Train/12/00012_00027_00018.png
4,31244,50,48,6,6,45,42,28,Train/28/00028_00014_00014.png
4,20455,81,84,8,8,74,77,12,Train/12/00012_00069_00025.png
4,19997,46,47,6,6,41,42,12,Train/12/00012_00054_00017.png
4,38408,38,38,6,6,32,32,40,Train/40/00040_00001_00009.png
4,14714,39,40,5,5,34,35,9,Train/9/00009_00038_00014.png
4,4137,92,88,8,7,84,80,2,Train/2/00002_00044_00027.png
4,6204,68,69,7,7,62,63,3,Train/3/00003_00038_00024.png
4,38259,32,32,6,5,27,27,39,Train/39/00039_00006_00010.png
4,32705,35,34,6,5,30,29,31,Train/31/00031_00021_00005.png
4,28426,57,51,6,5,52,46,24,Train/24/00024_00007_00016.png
4,7970,43,46,5,6,37,40,4,Train/4/00004_00050_00020.png
4,32674,32,32,5,5,27,27,31,Train/31/00031_00020_00004.png
4,33132,35,34,5,5,30,29,33,Train/33/00033_00001_00012.png
4,13031,38,38,6,6,33,33,8,Train/8/00008_00029_00011.png
4,18644,40,40,5,5,35,35,12,Train/12/00012_00009_00014.png
4,22635,72,71,7,6,66,65,14,Train/14/00014_00000_00015.png
4,10050,28,27,5,6,23,22,5,Train/5/00005_00054_00000.png
4,36774,50,52,5,6,45,47,38,Train/38/00038_00025_00025.png
4,8339,65,65,6,6,60,60,4,Train/4/00004_00062_00029.png
4,30081,68,63,6,6,62,58,26,Train/26/00026_00003_00021.png
4,36186,62,73,6,6,57,67,38,Train/38/00038_00006_00007.png
4,35135,29,29,6,6,24,24,35,Train/35/00035_00031_00006.png
4,376,46,44,6,5,41,39,0,Train/0/00000_00000_00016.png
4,2495,29,28,5,5,23,23,1,Train/1/00001_00064_00005.png
4,3156,48,47,6,6,43,42,2,Train/2/00002_00012_00006.png
4,15394,33,33,6,6,28,28,10,Train/10/00010_00012_00004.png
4,34023,32,33,6,6,27,28,34,Train/34/00034_00008_00004.png
4,14711,38,38,6,5,33,32,9,Train/9/00009_00038_00011.png
4,18023,93,88,9,8,85,81,11,Train/11/00011_00032_00023.png
4,23875,68,74,7,6,62,68,15,Train/15/00015_00015_00025.png
4,21625,94,85,9,7,86,78,13,Train/13/00013_00038_00025.png
4,20815,63,81,6,8,58,74,13,Train/13/00013_00011_00025.png
4,16661,37,37,5,5,32,32,10,Train/10/00010_00054_00011.png
4,20113,50,48,5,6,45,43,12,Train/12/00012_00058_00013.png
4,27809,170,151,14,13,156,138,23,Train/23/00023_00003_00029.png
4,25466,39,40,6,5,34,35,17,Train/17/00017_00033_00026.png
4,9898,75,74,7,6,69,68,5,Train/5/00005_00048_00028.png
4,15857,44,47,6,6,39,42,10,Train/10/00010_00027_00017.png
4,2369,117,120,10,10,107,110,1,Train/1/00001_00059_00029.png
4,21491,39,36,6,5,33,30,13,Train/13/00013_00034_00011.png
4,3925,55,54,5,5,50,49,2,Train/2/00002_00037_00025.png
4,36776,54,53,6,6,49,48,38,Train/38/00038_00025_00027.png
4,17882,28,44,6,6,23,39,11,Train/11/00011_00028_00002.png
4,1939,65,64,6,5,60,59,1,Train/1/00001_00045_00019.png
4,5059,43,45,5,6,38,39,3,Train/3/00003_00000_00019.png
4,32869,44,44,6,6,39,39,32,Train/32/00032_00000_00019.png
4,23770,38,44,5,6,33,38,15,Train/15/00015_00012_00010.png
4,26600,54,50,5,5,49,45,18,Train/18/00018_00034_00020.png
4,28470,48,43,6,5,43,38,25,Train/25/00025_00000_00000.png
4,19875,44,45,5,5,38,39,12,Train/12/00012_00050_00015.png
4,24355,56,59,5,6,51,54,16,Train/16/00016_00010_00025.png
4,3944,57,59,5,5,52,53,2,Train/2/00002_00038_00014.png
4,22880,52,63,5,6,47,58,14,Train/14/00014_00008_00020.png
4,989,92,93,9,8,84,85,1,Train/1/00001_00013_00029.png
4,5079,33,33,6,6,28,28,3,Train/3/00003_00001_00009.png
4,9185,31,31,6,6,26,26,5,Train/5/00005_00025_00005.png
4,37154,38,39,5,6,33,34,38,Train/38/00038_00038_00015.png
4,20620,33,33,5,5,27,28,13,Train/13/00013_00005_00010.png
4,31896,48,44,5,5,43,39,30,Train/30/00030_00009_00006.png
4,33182,31,30,6,5,26,25,33,Train/33/00033_00003_00002.png
4,24592,29,29,6,6,24,24,17,Train/17/00017_00004_00022.png
4,18950,55,54,5,5,50,49,12,Train/12/00012_00019_00020.png
4,6236,80,83,8,7,73,76,3,Train/3/00003_00039_00026.png
4,25181,33,37,5,6,28,31,17,Train/17/00017_00024_00011.png
4,7841,37,37,6,6,32,32,4,Train/4/00004_00046_00011.png
4,2458,60,60,6,6,55,55,1,Train/1/00001_00062_00028.png
4,3631,32,33,6,6,27,28,2,Train/2/00002_00028_00001.png
4,32762,29,29,5,6,24,24,31,Train/31/00031_00023_00002.png
4,13861,37,37,6,6,32,32,9,Train/9/00009_00010_00001.png
4,36089,37,37,6,5,32,32,38,Train/38/00038_00003_00000.png
4,20986,63,58,6,5,58,53,13,Train/13/00013_00017_00016.png
4,5182,51,51,5,6,45,46,3,Train/3/00003_00004_00022.png
4,4084,27,28,5,5,22,23,2,Train/2/00002_00043_00004.png
4,9011,38,38,6,6,32,32,5,Train/5/00005_00019_00011.png
4,3909,33,35,5,6,28,30,2,Train/2/00002_00037_00009.png
4,14134,27,28,5,5,22,23,9,Train/9/00009_00019_00004.png
4,28197,72,69,6,6,66,63,23,Train/23/00023_00016_00027.png
4,38798,37,37,6,5,32,32,41,Train/41/00041_00002_00009.png
4,36663,31,31,6,6,26,26,38,Train/38/00038_00022_00004.png
4,7222,64,63,5,6,59,58,4,Train/4/00004_00025_00022.png
4,35182,51,52,6,6,46,47,35,Train/35/00035_00032_00023.png
4,26260,41,38,6,5,36,33,18,Train/18/00018_00023_00010.png
4,29877,87,89,7,8,80,82,25,Train/25/00025_00046_00027.png
4,2566,55,53,6,5,49,48,1,Train/1/00001_00066_00016.png
4,23268,57,58,5,5,52,52,14,Train/14/00014_00021_00018.png
4,758,46,55,5,6,41,50,1,Train/1/00001_00006_00008.png
4,404,37,36,5,5,31,31,0,Train/0/00000_00001_00014.png
4,23749,55,60,6,5,50,55,15,Train/15/00015_00011_00019.png
4,23197,42,46,5,6,37,41,14,Train/14/00014_00019_00007.png
4,26460,27,26,5,6,22,21,18,Train/18/00018_00030_00000.png
4,28856,110,105,9,10,100,96,25,Train/25/00025_00012_00026.png
4,4014,48,48,6,5,43,43,2,Train/2/00002_00040_00024.png
4,28994,46,45,5,5,41,40,25,Train/25/00025_00017_00014.png
4,6663,30,30,5,5,25,25,4,Train/4/00004_00007_00003.png
4,17208,74,64,7,5,67,59,11,Train/11/00011_00005_00018.png
4,20874,80,67,7,6,73,61,13,Train/13/00013_00013_00024.png
4,25771,57,52,5,6,51,46,18,Train/18/00018_00007_00001.png
4,22598,40,38,6,6,34,33,13,Train/13/00013_00071_00008.png
4,14531,39,40,5,6,34,35,9,Train/9/00009_00032_00011.png
4,38124,50,52,5,6,44,46,39,Train/39/00039_00001_00025.png
4,9528,43,41,6,5,38,36,5,Train/5/00005_00036_00018.png
4,10413,31,32,6,6,26,27,6,Train/6/00006_00004_00003.png
4,21870,58,52,6,6,53,47,13,Train/13/00013_00047_00000.png
4,4405,54,51,6,5,49,46,2,Train/2/00002_00053_00025.png
4,658,72,69,6,6,66,63,1,Train/1/00001_00002_00028.png
4,14211,57,58,6,5,52,53,9,Train/9/00009_00021_00021.png
4,9280,38,37,6,5,33,32,5,Train/5/00005_00028_00010.png
4,13976,87,88,8,8,80,81,9,Train/9/00009_00013_00026.png
4,37990,38,40,5,6,33,35,38,Train/38/00038_00066_00011.png
4,6618,70,69,6,6,64,63,4,Train/4/00004_00005_00018.png
4,38978,34,35,5,6,29,30,42,Train/42/00042_00000_00009.png
4,929,121,124,11,10,111,113,1,Train/1/00001_00011_00029.png
4,280,39,40,5,6,34,35,20,Train/20/00020_00009_00010.png
4,13578,46,45,5,5,41,40,9,Train/9/00009_00000_00018.png
4,17817,105,86,10,8,96,79,11,Train/11/00011_00025_00027.png
4,6880,33,34,5,6,28,29,4,Train/4/00004_00014_00010.png
4,22126,50,46,6,5,45,41,13,Train/13/00013_00055_00016.png
4,26306,86,83,8,7,79,76,18,Train/18/00018_00024_00026.png
4,13248,52,52,6,6,47,47,8,Train/8/00008_00036_00018.png
4,27602,28,28,6,6,23,23,22,Train/22/00022_00010_00002.png
4,11253,29,31,5,6,24,26,7,Train/7/00007_00018_00003.png
4,15983,52,48,6,5,46,42,10,Train/10/00010_00031_00023.png
4,26029,68,67,7,6,62,61,18,Train/18/00018_00015_00019.png
4,25006,36,40,6,6,31,35,17,Train/17/00017_00018_00016.png
4,30507,82,69,7,6,75,63,26,Train/26/00026_00017_00027.png
4,22442,34,33,5,5,29,28,13,Train/13/00013_00066_00002.png
4,6135,40,40,6,6,35,35,3,Train/3/00003_00036_00015.png
4,4491,51,51,6,5,46,46,2,Train/2/00002_00056_00021.png
4,35708,33,35,6,6,28,29,36,Train/36/00036_00010_00009.png
4,14844,87,87,7,7,80,79,9,Train/9/00009_00042_00024.png
4,15432,44,43,6,5,39,38,10,Train/10/00010_00013_00012.png
4,36844,28,30,5,6,23,24,38,Train/38/00038_00028_00005.png
4,33255,69,69,6,6,63,63,33,Train/33/00033_00005_00015.png
4,18082,82,75,8,6,75,69,11,Train/11/00011_00034_00022.png
4,6611,54,53,6,5,49,48,4,Train/4/00004_00005_00011.png
4,3623,48,48,5,5,43,43,2,Train/2/00002_00027_00023.png
4,15776,85,86,8,8,78,79,10,Train/10/00010_00024_00026.png
4,10123,38,38,5,5,33,33,5,Train/5/00005_00056_00013.png
4,12937,30,32,6,6,25,26,8,Train/8/00008_00026_00007.png
4,1670,51,50,6,6,46,44,1,Train/1/00001_00036_00020.png
4,19918,60,58,6,5,55,53,12,Train/12/00012_00051_00028.png
4,13847,47,47,6,6,42,42,9,Train/9/00009_00009_00017.png
4,13763,52,52,5,6,47,47,9,Train/9/00009_00006_00023.png
4,1820,58,60,5,6,53,55,1,Train/1/00001_00041_00020.png
4,31806,30,31,5,6,25,26,30,Train/30/00030_00006_00006.png
4,34538,35,35,6,6,30,30,35,Train/35/00035_00011_00009.png
4,29742,43,40,5,5,38,35,25,Train/25/00025_00042_00012.png
4,25284,61,62,5,5,55,56,17,Train/17/00017_00027_00024.png
4,936,30,32,5,6,24,27,1,Train/1/00001_00012_00006.png
4,20644,30,30,5,6,25,25,13,Train/13/00013_00006_00004.png
4,941,37,37,6,5,32,32,1,Train/1/00001_00012_00011.png
4,14909,105,107,9,10,95,97,9,Train/9/00009_00044_00029.png
4,14653,46,46,5,6,41,41,9,Train/9/00009_00036_00013.png
4,37638,44,47,6,6,39,42,38,Train/38/00038_00054_00019.png
4,7357,34,33,6,5,29,28,4,Train/4/00004_00030_00007.png
4,35436,35,33,5,6,29,28,36,Train/36/00036_00001_00007.png
4,16925,29,30,6,6,24,25,10,Train/10/00010_00063_00005.png
4,38077,90,91,8,8,82,83,39,Train/39/00039_00000_00008.png
4,30957,73,69,6,7,67,62,28,Train/28/00028_00004_00027.png
4,25243,30,31,6,5,25,26,17,Train/17/00017_00026_00013.png
4,3974,36,36,6,6,30,31,2,Train/2/00002_00039_00014.png
4,18505,33,29,6,5,28,23,12,Train/12/00012_00004_00025.png
4,35519,28,28,6,5,23,23,36,Train/36/00036_00004_00000.png
4,25355,45,46,6,5,40,41,17,Train/17/00017_00030_00005.png
4,30151,31,30,5,6,26,25,26,Train/26/00026_00006_00001.png
4,11024,39,39,5,5,34,33,7,Train/7/00007_00010_00014.png
4,22687,38,37,6,5,32,31,14,Train/14/00014_00002_00007.png
4,25207,38,39,5,6,33,34,17,Train/17/00017_00025_00007.png
4,2384,45,47,5,6,40,42,1,Train/1/00001_00060_00014.png
4,21380,60,55,6,6,55,50,13,Train/13/00013_00030_00020.png
4,3628,68,64,6,6,62,59,2,Train/2/00002_00027_00028.png
4,10893,38,37,6,5,33,32,7,Train/7/00007_00006_00003.png
4,9950,45,45,5,5,40,40,5,Train/5/00005_00050_00020.png
4,27928,80,71,7,6,73,65,23,Train/23/00023_00007_00028.png
4,2071,37,36,5,6,32,31,1,Train/1/00001_00050_00001.png
4,14093,58,62,5,5,53,57,9,Train/9/00009_00017_00023.png
4,22311,95,87,8,7,87,80,13,Train/13/00013_00061_00021.png
4,2386,48,48,6,5,43,43,1,Train/1/00001_00060_00016.png
4,11333,51,51,6,5,46,46,7,Train/7/00007_00020_00023.png
4,5072,29,28,6,5,24,23,3,Train/3/00003_00001_00002.png
4,26240,89,88,8,8,82,81,18,Train/18/00018_00022_00020.png
4,35298,45,44,5,5,40,39,35,Train/35/00035_00036_00019.png
4,2839,46,49,6,6,41,43,2,Train/2/00002_00001_00019.png
4,22069,77,70,7,6,71,64,13,Train/13/00013_00053_00019.png
4,15309,38,37,6,6,33,32,10,Train/10/00010_00009_00009.png
4,1557,107,108,10,10,97,98,1,Train/1/00001_00032_00027.png
4,15406,40,40,6,6,35,35,10,Train/10/00010_00012_00016.png
4,25332,33,35,6,6,28,30,17,Train/17/00017_00029_00012.png
4,35239,39,43,6,5,34,37,35,Train/35/00035_00034_00020.png
4,27838,82,76,7,7,75,69,23,Train/23/00023_00004_00028.png
4,23489,125,136,10,12,114,125,15,Train/15/00015_00002_00029.png
4,33409,41,42,6,6,36,37,33,Train/33/00033_00010_00019.png
4,23196,40,46,5,6,35,41,14,Train/14/00014_00019_00006.png
4,12403,39,38,6,5,34,33,8,Train/8/00008_00008_00013.png
4,32564,45,42,6,5,40,37,31,Train/31/00031_00016_00014.png
4,35370,30,30,5,5,25,25,35,Train/35/00035_00039_00001.png
4,24944,32,32,6,6,27,27,17,Train/17/00017_00016_00014.png
4,14918,37,39,6,6,31,34,9,Train/9/00009_00045_00008.png
4,22021,28,27,6,5,22,22,13,Train/13/00013_00052_00001.png
4,5589,36,37,5,6,31,32,3,Train/3/00003_00018_00009.png
4,15277,33,34,5,6,28,29,10,Train/10/00010_00008_00007.png
4,31776,35,34,5,6,30,29,30,Train/30/00030_00005_00006.png
4,23919,39,39,6,6,34,34,15,Train/15/00015_00017_00009.png
4,6169,48,48,6,6,43,43,3,Train/3/00003_00037_00019.png
4,17964,101,94,8,9,92,86,11,Train/11/00011_00030_00024.png
4,33966,28,31,5,6,23,26,34,Train/34/00034_00006_00007.png
4,29345,50,49,5,5,45,44,25,Train/25/00025_00029_00005.png
4,12666,33,37,5,6,28,32,8,Train/8/00008_00017_00006.png
4,1278,41,39,6,6,36,33,1,Train/1/00001_00023_00018.png
4,23813,55,58,5,5,50,52,15,Train/15/00015_00013_00023.png
4,21146,74,85,7,7,68,78,13,Train/13/00013_00022_00026.png
4,24740,44,48,6,6,39,43,17,Train/17/00017_00009_00020.png
4,35885,32,32,6,6,27,27,37,Train/37/00037_00003_00006.png
4,9752,34,36,5,6,29,31,5,Train/5/00005_00044_00002.png
4,13722,35,34,6,5,30,29,9,Train/9/00009_00005_00012.png
4,15331,32,31,6,5,26,25,10,Train/10/00010_00010_00001.png
4,20969,160,142,14,12,147,130,13,Train/13/00013_00016_00029.png
4,9475,47,50,6,5,42,45,5,Train/5/00005_00034_00025.png
4,23712,34,34,6,6,29,29,15,Train/15/00015_00010_00012.png
4,4668,50,51,5,6,45,46,2,Train/2/00002_00062_00018.png
4,32654,55,50,5,5,50,45,31,Train/31/00031_00019_00014.png
4,13582,53,50,6,6,48,45,9,Train/9/00009_00000_00022.png
4,26368,106,95,10,8,97,86,18,Train/18/00018_00026_00028.png
4,34764,49,50,5,6,44,45,35,Train/35/00035_00018_00025.png
4,4680,29,30,6,6,24,25,2,Train/2/00002_00063_00000.png
4,15851,36,37,6,5,31,32,10,Train/10/00010_00027_00011.png
4,13510,38,38,5,6,33,33,8,Train/8/00008_00045_00010.png
4,5258,31,32,6,6,26,26,3,Train/3/00003_00007_00008.png
4,27631,33,33,5,6,28,28,22,Train/22/00022_00011_00001.png
4,17455,92,86,8,7,84,79,11,Train/11/00011_00013_00025.png
4,1774,34,36,5,6,29,31,1,Train/1/00001_00040_00004.png
4,25686,76,68,7,6,70,62,18,Train/18/00018_00004_00006.png
4,7760,49,50,5,6,44,45,4,Train/4/00004_00043_00020.png
4,30448,192,173,17,15,176,158,26,Train/26/00026_00015_00028.png
4,19122,40,44,6,5,35,39,12,Train/12/00012_00025_00012.png
4,8065,85,81,7,7,78,74,4,Train/4/00004_00053_00025.png
4,9153,31,31,6,6,26,26,5,Train/5/00005_00024_00003.png
4,12863,50,51,5,6,45,46,8,Train/8/00008_00023_00023.png
4,18691,36,39,5,6,30,33,12,Train/12/00012_00011_00001.png
4,29544,71,68,7,7,65,62,25,Train/25/00025_00035_00024.png
4,35101,26,27,5,6,21,22,35,Train/35/00035_00030_00002.png
4,34790,42,44,5,6,37,39,35,Train/35/00035_00019_00021.png
4,27981,60,56,5,6,55,51,23,Train/23/00023_00009_00021.png
4,9720,29,29,5,5,24,24,5,Train/5/00005_00043_00000.png
4,30902,36,33,5,6,31,28,28,Train/28/00028_00003_00002.png
4,7599,35,35,5,5,30,30,4,Train/4/00004_00038_00009.png
4,2261,47,48,6,5,42,43,1,Train/1/00001_00056_00011.png
4,33057,65,64,6,5,60,59,32,Train/32/00032_00006_00027.png
4,22015,82,75,7,7,75,69,13,Train/13/00013_00051_00025.png
4,5120,46,49,5,6,41,44,3,Train/3/00003_00002_00020.png
4,30542,29,27,5,5,24,22,26,Train/26/00026_00019_00002.png
4,6496,49,50,5,6,44,45,4,Train/4/00004_00001_00016.png
4,1602,38,39,5,6,33,34,1,Train/1/00001_00034_00012.png
4,11784,51,51,5,5,46,46,7,Train/7/00007_00035_00024.png
4,17612,32,29,6,6,27,24,11,Train/11/00011_00019_00002.png
4,20850,41,36,6,5,36,31,13,Train/13/00013_00013_00000.png
4,14466,29,30,5,5,24,25,9,Train/9/00009_00030_00006.png
4,15050,49,50,5,6,44,45,10,Train/10/00010_00000_00020.png
4,34484,42,41,6,5,36,36,35,Train/35/00035_00009_00015.png
4,4523,56,57,5,6,50,51,2,Train/2/00002_00057_00023.png
4,27952,93,84,9,8,85,77,23,Train/23/00023_00008_00022.png
4,32862,33,34,5,6,28,29,32,Train/32/00032_00000_00012.png
4,8594,33,35,5,6,28,30,5,Train/5/00005_00005_00014.png
4,37625,31,30,6,5,26,25,38,Train/38/00038_00054_00006.png
4,12590,53,54,6,5,48,49,8,Train/8/00008_00014_00020.png
4,10499,98,108,9,10,89,98,6,Train/6/00006_00006_00029.png
4,23660,51,51,6,6,46,46,15,Train/15/00015_00008_00020.png
4,22976,98,97,8,9,90,89,14,Train/14/00014_00011_00026.png
4,13309,38,39,5,5,33,34,8,Train/8/00008_00038_00019.png
4,33295,93,93,9,9,85,85,33,Train/33/00033_00006_00025.png
4,29259,41,39,5,5,36,34,25,Train/25/00025_00026_00009.png
4,15570,30,31,5,6,25,26,10,Train/10/00010_00018_00000.png
4,4032,30,32,5,6,25,27,2,Train/2/00002_00041_00012.png
4,19077,70,67,6,6,64,61,12,Train/12/00012_00023_00027.png
4,8714,42,41,6,5,37,36,5,Train/5/00005_00009_00014.png
4,22105,143,133,12,11,131,122,13,Train/13/00013_00054_00025.png
4,32254,32,31,6,5,27,26,31,Train/31/00031_00006_00004.png
4,13332,38,39,5,5,33,34,8,Train/8/00008_00039_00012.png
4,22243,95,88,8,8,86,80,13,Train/13/00013_00059_00013.png
4,14514,39,39,6,5,34,34,9,Train/9/00009_00031_00024.png
4,4744,44,43,6,5,38,38,2,Train/2/00002_00065_00004.png
4,147,52,53,5,6,47,48,20,Train/20/00020_00004_00027.png
4,21830,112,112,10,10,103,103,13,Train/13/00013_00045_00020.png
4,8346,28,27,6,5,23,22,4,Train/4/00004_00063_00006.png
4,5527,35,37,5,5,30,31,3,Train/3/00003_00016_00007.png
4,35021,38,38,6,6,32,33,35,Train/35/00035_00027_00012.png
4,19556,99,100,8,9,91,92,12,Train/12/00012_00039_00026.png
4,12967,30,29,6,6,25,24,8,Train/8/00008_00027_00007.png
4,32991,51,51,6,6,45,46,32,Train/32/00032_00004_00021.png
4,11878,69,70,6,7,63,64,7,Train/7/00007_00038_00028.png
4,24912,35,40,5,5,30,35,17,Train/17/00017_00015_00012.png
4,31348,135,123,11,11,124,113,28,Train/28/00028_00017_00028.png
4,15682,65,64,6,5,60,59,10,Train/10/00010_00021_00022.png
4,9664,28,29,6,6,23,24,5,Train/5/00005_00041_00004.png
4,35385,46,46,6,6,41,41,35,Train/35/00035_00039_00016.png
4,25182,34,36,5,5,29,31,17,Train/17/00017_00024_00012.png
4,5243,72,80,7,8,66,73,3,Train/3/00003_00006_00023.png
4,37368,37,38,5,6,32,33,38,Train/38/00038_00045_00019.png
4,23126,93,93,8,9,84,84,14,Train/14/00014_00016_00026.png
4,23294,50,53,6,6,45,48,14,Train/14/00014_00022_00014.png
4,7040,58,57,6,5,53,52,4,Train/4/00004_00019_00020.png
4,16069,44,42,5,6,39,37,10,Train/10/00010_00034_00019.png
4,31391,48,45,6,6,42,39,29,Train/29/00029_00001_00011.png
4,22048,86,74,7,6,78,68,13,Train/13/00013_00052_00028.png
4,20085,46,48,6,5,41,42,12,Train/12/00012_00057_00015.png
4,3577,34,35,6,6,29,30,2,Train/2/00002_00026_00007.png
4,2184,83,97,7,9,76,89,1,Train/1/00001_00053_00024.png
4,23769,38,43,5,6,32,37,15,Train/15/00015_00012_00009.png
4,33635,31,35,6,5,26,30,33,Train/33/00033_00018_00005.png
4,952,57,56,5,5,51,50,1,Train/1/00001_00012_00022.png
4,20087,47,48,6,5,42,43,12,Train/12/00012_00057_00017.png
4,13752,32,32,6,6,27,27,9,Train/9/00009_00006_00012.png
4,13401,46,47,5,6,41,42,8,Train/8/00008_00041_00021.png
4,19865,32,32,6,6,27,27,12,Train/12/00012_00050_00005.png
4,19660,30,31,5,6,25,26,12,Train/12/00012_00043_00010.png
4,3945,59,60,5,5,53,54,2,Train/2/00002_00038_00015.png
4,34891,30,29,6,5,25,24,35,Train/35/00035_00023_00002.png
4,12469,44,44,5,5,39,39,8,Train/8/00008_00010_00019.png
4,33749,26,27,5,6,21,22,33,Train/33/00033_00022_00000.png
4,10976,60,64,5,6,55,59,7,Train/7/00007_00008_00026.png
4,15114,44,42,5,6,39,37,10,Train/10/00010_00002_00024.png
4,4328,34,34,5,6,29,29,2,Train/2/00002_00051_00008.png
4,3542,28,27,6,5,23,22,2,Train/2/00002_00025_00002.png
4,3196,36,37,5,6,31,32,2,Train/2/00002_00013_00016.png
4,5803,36,36,5,5,31,31,3,Train/3/00003_00025_00013.png
4,4728,40,40,5,6,34,34,2,Train/2/00002_00064_00018.png
4,134,37,37,6,6,32,32,20,Train/20/00020_00004_00014.png
4,15070,37,35,6,6,31,29,10,Train/10/00010_00001_00010.png
4,10868,39,38,5,5,33,33,7,Train/7/00007_00005_00008.png
4,17677,35,30,6,5,30,25,11,Train/11/00011_00021_00007.png
4,28193,62,61,5,5,57,56,23,Train/23/00023_00016_00023.png
4,1137,109,114,9,10,100,104,1,Train/1/00001_00018_00027.png
4,3645,40,40,5,5,35,35,2,Train/2/00002_00028_00015.png
4,2074,39,37,6,5,34,31,1,Train/1/00001_00050_00004.png
4,13807,28,28,5,5,23,23,9,Train/9/00009_00008_00007.png
4,38242,62,61,6,5,57,56,39,Train/39/00039_00005_00023.png
4,36200,72,88,7,8,66,81,38,Train/38/00038_00006_00021.png
4,22358,34,32,5,5,29,27,13,Train/13/00013_00063_00008.png
4,18108,73,73,7,7,67,67,11,Train/11/00011_00035_00018.png
4,27065,34,32,6,5,29,27,21,Train/21/00021_00003_00005.png
4,37103,91,93,8,8,83,85,38,Train/38/00038_00036_00024.png
4,15726,36,37,6,6,31,32,10,Train/10/00010_00023_00006.png
4,28249,68,69,7,7,62,63,24,Train/24/00024_00001_00019.png
4,32921,35,35,5,5,30,30,32,Train/32/00032_00002_00011.png
4,38111,32,35,5,6,27,30,39,Train/39/00039_00001_00012.png
4,27923,61,56,5,6,56,51,23,Train/23/00023_00007_00023.png
4,38152,77,83,7,7,71,76,39,Train/39/00039_00002_00023.png
4,16575,50,50,6,6,45,45,10,Train/10/00010_00051_00015.png
4,44,44,39,5,5,39,34,20,Train/20/00020_00001_00014.png
4,8344,28,27,6,5,23,22,4,Train/4/00004_00063_00004.png
4,847,34,33,6,5,28,27,1,Train/1/00001_00009_00007.png
4,33730,40,42,6,5,35,37,33,Train/33/00033_00021_00011.png
4,1,28,27,5,6,23,22,20,Train/20/00020_00000_00001.png
4,18739,58,57,6,5,53,52,12,Train/12/00012_00012_00019.png
4,6239,136,144,12,12,125,132,3,Train/3/00003_00039_00029.png
4,8767,38,39,6,6,33,34,5,Train/5/00005_00011_00007.png
4,17693,62,56,6,6,57,51,11,Train/11/00011_00021_00023.png
4,21244,34,40,6,5,29,35,13,Train/13/00013_00026_00004.png
4,19838,34,35,5,6,29,30,12,Train/12/00012_00049_00008.png
4,24121,33,33,6,5,28,28,16,Train/16/00016_00003_00001.png
4,1153,36,36,5,5,31,31,1,Train/1/00001_00019_00013.png
4,16786,42,41,6,5,37,36,10,Train/10/00010_00058_00016.png
4,6872,29,30,6,6,24,25,4,Train/4/00004_00014_00002.png
4,16541,36,35,6,5,31,30,10,Train/10/00010_00050_00011.png
4,2070,36,34,5,5,31,29,1,Train/1/00001_00050_00000.png
4,9286,43,40,6,5,38,35,5,Train/5/00005_00028_00016.png
4,2197,42,41,5,6,37,36,1,Train/1/00001_00054_00007.png
4,34345,59,62,5,5,54,56,35,Train/35/00035_00004_00026.png
4,7570,35,35,5,5,30,30,4,Train/4/00004_00037_00010.png
4,4354,54,55,5,6,49,50,2,Train/2/00002_00052_00004.png
4,20253,27,28,5,5,22,23,12,Train/12/00012_00063_00003.png
4,13354,31,31,5,5,26,26,8,Train/8/00008_00040_00004.png
4,10694,36,38,6,6,31,32,6,Train/6/00006_00013_00014.png
4,12583,43,43,6,5,38,38,8,Train/8/00008_00014_00013.png
4,29970,30,29,6,6,25,24,26,Train/26/00026_00000_00000.png
4,26000,54,54,5,5,49,49,18,Train/18/00018_00014_00020.png
4,32857,30,30,6,5,25,25,32,Train/32/00032_00000_00007.png
4,23199,43,46,6,6,38,41,14,Train/14/00014_00019_00009.png
4,29438,33,30,6,5,28,25,25,Train/25/00025_00032_00008.png
4,37824,57,63,5,5,52,58,38,Train/38/00038_00060_00025.png
4,18941,37,36,6,5,32,31,12,Train/12/00012_00019_00011.png
4,17013,29,27,6,6,23,21,10,Train/10/00010_00066_00003.png
4,18561,72,70,6,6,65,63,12,Train/12/00012_00006_00021.png
4,7057,29,30,5,6,24,25,4,Train/4/00004_00020_00007.png
4,5093,46,45,6,6,40,40,3,Train/3/00003_00001_00023.png
4,37852,46,45,6,5,41,40,38,Train/38/00038_00061_00023.png
4,35303,57,56,5,6,52,51,35,Train/35/00035_00036_00024.png
4,37468,109,113,10,10,100,103,38,Train/38/00038_00048_00029.png
4,31637,51,46,5,6,46,41,30,Train/30/00030_00000_00017.png
4,1093,43,43,6,6,38,38,1,Train/1/00001_00017_00013.png
4,36006,30,30,6,5,24,25,38,Train/38/00038_00000_00007.png
4,23913,34,34,6,5,29,28,15,Train/15/00015_00017_00003.png
4,10287,58,60,5,6,53,55,5,Train/5/00005_00061_00027.png
4,16054,31,28,6,5,26,23,10,Train/10/00010_00034_00004.png
4,22120,45,42,5,5,40,37,13,Train/13/00013_00055_00010.png
4,34183,44,43,6,5,39,38,34,Train/34/00034_00013_00014.png
4,14378,31,32,5,6,25,27,9,Train/9/00009_00027_00008.png
4,34099,42,49,6,5,37,44,34,Train/34/00034_00010_00020.png
4,26384,44,41,5,5,39,36,18,Train/18/00018_00027_00014.png
4,18339,40,40,5,5,35,35,11,Train/11/00011_00043_00009.png
4,21268,65,117,6,11,60,107,13,Train/13/00013_00026_00028.png
4,8978,31,31,6,6,26,26,5,Train/5/00005_00018_00008.png
4,32960,43,45,6,5,38,39,32,Train/32/00032_00003_00020.png
4,9885,40,40,5,5,35,35,5,Train/5/00005_00048_00015.png
4,33538,44,46,5,5,39,41,33,Train/33/00033_00014_00028.png
4,31996,45,47,5,5,40,42,30,Train/30/00030_00012_00016.png
4,15480,27,28,5,6,22,23,10,Train/10/00010_00015_00000.png
4,22564,72,68,7,7,66,62,13,Train/13/00013_00070_00004.png
4,4762,94,95,8,9,85,87,2,Train/2/00002_00065_00022.png
4,25582,31,29,6,6,26,24,18,Train/18/00018_00000_00022.png
4,10857,84,83,8,7,77,76,7,Train/7/00007_00004_00027.png
4,38648,31,30,5,5,26,25,40,Train/40/00040_00009_00009.png
4,32484,62,60,5,6,56,55,31,Train/31/00031_00013_00024.png
4,18788,36,36,5,6,31,31,12,Train/12/00012_00014_00008.png
4,16204,30,31,6,6,25,25,10,Train/10/00010_00039_00004.png
4,7456,42,42,5,5,37,37,4,Train/4/00004_00033_00016.png
4,7221,59,57,6,5,54,52,4,Train/4/00004_00025_00021.png
4,33562,41,52,5,6,36,47,33,Train/33/00033_00015_00022.png
4,7427,41,42,5,5,36,37,4,Train/4/00004_00032_00017.png
4,8711,40,40,6,6,35,35,5,Train/5/00005_00009_00011.png
4,38860,34,33,6,5,29,28,41,Train/41/00041_00004_00011.png
4,29882,57,55,5,6,52,50,25,Train/25/00025_00047_00002.png
4,6724,32,33,5,6,27,28,4,Train/4/00004_00009_00004.png
4,37189,44,45,5,5,39,40,38,Train/38/00038_00039_00020.png
4,466,43,44,6,6,38,38,0,Train/0/00000_00003_00016.png
4,25969,52,51,6,5,47,46,18,Train/18/00018_00013_00019.png
4,13117,31,32,6,5,26,27,8,Train/8/00008_00032_00007.png
4,11000,38,38,6,5,33,33,7,Train/7/00007_00009_00020.png
4,1754,46,47,5,5,41,42,1,Train/1/00001_00039_00014.png
4,30171,58,54,6,6,53,49,26,Train/26/00026_00006_00021.png
4,14110,33,33,5,5,28,27,9,Train/9/00009_00018_00010.png
4,36980,56,56,6,5,51,51,38,Train/38/00038_00032_00021.png
4,30097,41,37,5,5,36,32,26,Train/26/00026_00004_00007.png
4,38555,40,40,5,5,35,35,40,Train/40/00040_00006_00006.png
4,19168,112,112,9,9,103,103,12,Train/12/00012_00026_00028.png
4,37640,51,54,6,6,46,49,38,Train/38/00038_00054_00021.png
4,37203,45,48,6,5,40,43,38,Train/38/00038_00040_00004.png
4,25634,47,44,6,6,41,38,18,Train/18/00018_00002_00014.png
4,35185,57,58,6,5,52,53,35,Train/35/00035_00032_00026.png
4,20106,43,40,6,6,38,35,12,Train/12/00012_00058_00006.png
4,1882,65,64,6,5,60,59,1,Train/1/00001_00043_00022.png
4,29278,80,79,7,7,73,72,25,Train/25/00025_00026_00028.png
4,32002,55,56,5,6,50,51,30,Train/30/00030_00012_00022.png
4,26552,46,42,5,5,41,37,18,Train/18/00018_00033_00002.png
4,18895,81,82,7,8,74,75,12,Train/12/00012_00017_00025.png
4,21941,40,35,6,6,35,30,13,Train/13/00013_00049_00011.png
4,2223,52,59,5,6,47,54,1,Train/1/00001_00055_00003.png
4,17644,36,36,5,6,31,30,11,Train/11/00011_00020_00004.png
4,19387,59,59,6,5,54,53,12,Train/12/00012_00034_00007.png
4,723,30,30,5,5,25,25,1,Train/1/00001_00005_00003.png
4,4268,31,32,5,6,26,27,2,Train/2/00002_00049_00008.png
4,33064,30,30,6,6,25,25,32,Train/32/00032_00007_00004.png
4,37956,33,33,6,6,28,28,38,Train/38/00038_00065_00007.png
4,5353,37,39,5,6,32,34,3,Train/3/00003_00010_00013.png
4,38214,81,83,8,8,74,76,39,Train/39/00039_00004_00025.png
4,13033,40,40,6,6,35,35,8,Train/8/00008_00029_00013.png
4,34989,39,40,5,6,34,35,35,Train/35/00035_00026_00010.png
4,26019,45,45,5,5,40,40,18,Train/18/00018_00015_00009.png
4,20865,52,48,5,5,47,42,13,Train/13/00013_00013_00015.png
4,5455,62,63,6,6,56,57,3,Train/3/00003_00013_00025.png
4,8827,31,32,5,5,26,26,5,Train/5/00005_00013_00007.png
4,38658,46,46,5,6,41,41,40,Train/40/00040_00009_00019.png
4,36803,34,35,6,5,29,30,38,Train/38/00038_00026_00024.png
4,22434,75,68,6,6,69,62,13,Train/13/00013_00065_00024.png
4,1770,33,34,6,6,28,29,1,Train/1/00001_00040_00000.png
4,34763,46,48,5,6,41,43,35,Train/35/00035_00018_00024.png
4,34408,108,110,10,10,99,101,35,Train/35/00035_00006_00029.png
4,28308,84,76,7,6,77,70,24,Train/24/00024_00003_00018.png
4,35734,33,32,6,5,28,27,36,Train/36/00036_00011_00005.png
4,36735,44,45,5,5,39,40,38,Train/38/00038_00024_00016.png
4,12904,28,28,6,5,23,22,8,Train/8/00008_00025_00004.png
4,20848,98,86,9,7,90,78,13,Train/13/00013_00012_00028.png
4,19950,41,36,5,5,36,31,12,Train/12/00012_00053_00000.png
4,33636,30,37,5,6,25,32,33,Train/33/00033_00018_00006.png
4,33637,30,39,5,6,25,34,33,Train/33/00033_00018_00007.png
4,4525,63,63,5,6,58,58,2,Train/2/00002_00057_00025.png
4,28564,62,61,6,5,56,55,25,Train/25/00025_00003_00004.png
4,31681,38,35,6,6,33,30,30,Train/30/00030_00002_00001.png
4,31545,43,41,6,5,38,36,29,Train/29/00029_00006_00015.png
4,11668,59,60,6,6,54,55,7,Train/7/00007_00031_00028.png
4,25509,28,28,5,5,23,23,17,Train/17/00017_00035_00009.png
4,25237,27,30,5,6,22,25,17,Train/17/00017_00026_00007.png
4,2214,75,74,6,6,69,67,1,Train/1/00001_00054_00024.png
4,31520,61,55,5,6,56,50,29,Train/29/00029_00005_00020.png
4,32697,91,83,8,8,83,76,31,Train/31/00031_00020_00027.png
4,23901,45,45,5,5,40,40,15,Train/15/00015_00016_00021.png
4,4443,28,29,5,6,23,24,2,Train/2/00002_00055_00003.png
4,1577,42,42,5,6,36,37,1,Train/1/00001_00033_00017.png
4,25104,56,52,6,6,51,47,17,Train/17/00017_00021_00024.png
4,21951,64,59,6,6,58,54,13,Train/13/00013_00049_00021.png
4,30273,32,30,6,6,27,25,26,Train/26/00026_00010_00003.png
4,36063,38,40,5,6,33,35,38,Train/38/00038_00002_00004.png
4,5103,31,31,5,5,26,26,3,Train/3/00003_00002_00003.png
4,36465,43,46,6,5,38,40,38,Train/38/00038_00015_00016.png
4,31743,41,39,6,6,36,34,30,Train/30/00030_00004_00003.png
4,26041,30,26,5,5,25,21,18,Train/18/00018_00016_00001.png
4,2129,96,96,9,9,88,88,1,Train/1/00001_00051_00029.png
4,12464,39,38,6,5,34,33,8,Train/8/00008_00010_00014.png
4,12425,34,33,6,5,29,28,8,Train/8/00008_00009_00005.png
4,37819,47,49,6,6,42,44,38,Train/38/00038_00060_00020.png
4,34224,85,91,8,8,78,83,35,Train/35/00035_00000_00025.png
4,28530,26,26,5,6,21,21,25,Train/25/00025_00002_00000.png
4,10264,28,28,6,5,23,23,5,Train/5/00005_00061_00004.png
4,16032,33,33,5,5,27,27,10,Train/10/00010_00033_00012.png
4,27955,115,106,10,10,105,97,23,Train/23/00023_00008_00025.png
4,34715,38,38,6,5,33,33,35,Train/35/00035_00017_00006.png
4,5216,51,51,6,6,46,46,3,Train/3/00003_00005_00026.png
4,38103,28,29,6,5,23,23,39,Train/39/00039_00001_00004.png
4,5158,56,58,5,6,51,52,3,Train/3/00003_00003_00028.png
4,14584,27,27,5,5,22,22,9,Train/9/00009_00034_00004.png
4,21558,44,43,5,5,39,38,13,Train/13/00013_00036_00018.png
4,23444,35,81,5,7,30,74,15,Train/15/00015_00001_00014.png
4,13364,35,36,5,6,30,31,8,Train/8/00008_00040_00014.png
4,7670,42,42,5,5,37,37,4,Train/4/00004_00040_00020.png
4,21378,52,51,5,6,47,46,13,Train/13/00013_00030_00018.png
4,18725,36,34,6,5,31,29,12,Train/12/00012_00012_00005.png
4,21987,95,97,8,9,87,89,13,Train/13/00013_00050_00027.png
4,9581,33,35,5,6,27,29,5,Train/5/00005_00038_00011.png
4,18845,29,30,5,6,23,24,12,Train/12/00012_00016_00005.png
4,34574,40,40,5,5,35,35,35,Train/35/00035_00012_00015.png
4,28671,40,38,6,5,35,33,25,Train/25/00025_00006_00021.png
4,27698,30,30,5,6,25,25,23,Train/23/00023_00000_00008.png
4,24038,60,60,6,5,55,55,16,Train/16/00016_00000_00008.png
4,38528,62,62,5,5,57,57,40,Train/40/00040_00005_00009.png
4,36202,73,94,7,9,67,85,38,Train/38/00038_00006_00023.png
4,20716,53,62,6,5,48,56,13,Train/13/00013_00008_00016.png
4,2135,29,32,5,5,24,26,1,Train/1/00001_00052_00005.png
4,2011,36,35,6,5,31,30,1,Train/1/00001_00048_00001.png
4,31518,55,50,5,5,50,45,29,Train/29/00029_00005_00018.png
4,21510,35,38,5,6,30,33,13,Train/13/00013_00035_00000.png
4,8522,28,26,5,5,22,21,5,Train/5/00005_00003_00002.png
4,21029,107,100,10,8,98,92,13,Train/13/00013_00018_00029.png
4,30233,68,58,7,5,62,53,26,Train/26/00026_00008_00023.png
4,16296,37,36,6,5,31,31,10,Train/10/00010_00042_00006.png
4,34703,84,84,8,7,77,77,35,Train/35/00035_00016_00024.png
4,20747,49,46,6,5,44,41,13,Train/13/00013_00009_00017.png
4,10767,44,41,6,5,39,36,7,Train/7/00007_00001_00027.png
4,33880,57,59,5,5,52,54,34,Train/34/00034_00003_00011.png
4,23987,31,30,6,5,26,25,15,Train/15/00015_00019_00017.png
4,25735,141,131,12,12,129,120,18,Train/18/00018_00005_00025.png
4,10596,33,33,6,6,28,28,6,Train/6/00006_00010_00006.png
4,38940,33,33,6,6,28,28,41,Train/41/00041_00007_00001.png
4,1937,57,58,5,6,52,53,1,Train/1/00001_00045_00017.png
4,8409,30,31,5,6,25,26,4,Train/4/00004_00065_00009.png
4,36782,28,29,5,6,23,24,38,Train/38/00038_00026_00003.png
4,3039,31,31,6,5,26,26,2,Train/2/00002_00008_00009.png
4,2979,31,33,5,6,26,28,2,Train/2/00002_00006_00009.png
4,20682,44,41,5,5,39,36,13,Train/13/00013_00007_00012.png
4,27140,58,55,6,6,53,50,21,Train/21/00021_00005_00020.png
4,38024,41,45,5,6,36,40,38,Train/38/00038_00067_00015.png
4,34624,32,33,5,6,27,28,35,Train/35/00035_00014_00005.png
4,13278,41,42,5,6,36,37,8,Train/8/00008_00037_00018.png
4,24659,84,89,8,7,76,81,17,Train/17/00017_00006_00029.png
4,9981,51,51,6,6,46,46,5,Train/5/00005_00051_00021.png
4,35982,51,57,5,6,46,51,37,Train/37/00037_00006_00013.png
4,2407,37,37,6,5,31,31,1,Train/1/00001_00061_00007.png
4,28405,108,94,10,8,98,86,24,Train/24/00024_00006_00025.png
4,35451,54,54,6,6,49,48,36,Train/36/00036_00001_00022.png
4,37790,55,55,5,5,50,50,38,Train/38/00038_00059_00021.png
4,4046,47,49,6,5,42,44,2,Train/2/00002_00041_00026.png
4,25522,34,34,6,5,29,29,17,Train/17/00017_00035_00022.png
4,14135,30,29,6,5,25,24,9,Train/9/00009_00019_00005.png
4,31350,27,36,6,5,21,30,29,Train/29/00029_00000_00000.png
4,28881,54,52,5,5,49,47,25,Train/25/00025_00013_00021.png
4,640,50,51,6,5,45,45,1,Train/1/00001_00002_00010.png
4,4797,45,47,5,6,39,42,2,Train/2/00002_00066_00027.png
4,33835,46,46,6,6,41,41,34,Train/34/00034_00001_00026.png
4,17309,145,130,12,12,133,119,11,Train/11/00011_00008_00029.png
4,3934,48,50,6,6,43,45,2,Train/2/00002_00038_00004.png
4,29309,140,123,13,11,128,113,25,Train/25/00025_00027_00029.png
4,10743,26,29,5,6,21,23,7,Train/7/00007_00001_00003.png
4,28941,85,75,8,6,77,68,25,Train/25/00025_00015_00021.png
4,30887,64,60,5,5,59,55,28,Train/28/00028_00002_00017.png
4,30714,67,62,6,6,61,57,27,Train/27/00027_00004_00024.png
4,22781,55,56,5,6,50,51,14,Train/14/00014_00005_00011.png
4,17943,28,27,6,5,22,22,11,Train/11/00011_00030_00003.png
4,33429,39,38,6,5,34,33,33,Train/33/00033_00011_00009.png
4,23704,28,29,5,6,23,24,15,Train/15/00015_00010_00004.png
4,13780,34,33,6,6,29,28,9,Train/9/00009_00007_00010.png
4,6304,31,31,5,5,26,26,3,Train/3/00003_00042_00004.png
4,29070,33,31,5,6,28,26,25,Train/25/00025_00020_00000.png
4,29692,81,72,8,7,73,66,25,Train/25/00025_00040_00022.png
4,26712,52,52,5,5,47,47,18,Train/18/00018_00038_00012.png
4,13,40,34,6,6,34,29,20,Train/20/00020_00000_00013.png
4,33575,38,40,6,5,33,35,33,Train/33/00033_00016_00005.png
4,36078,61,58,6,5,56,53,38,Train/38/00038_00002_00019.png
4,23410,45,48,5,6,40,43,15,Train/15/00015_00000_00010.png
4,13857,92,92,9,8,84,84,9,Train/9/00009_00009_00027.png
4,28762,58,55,5,5,52,49,25,Train/25/00025_00009_00022.png
4,11642,27,29,5,6,22,23,7,Train/7/00007_00031_00002.png
4,34536,33,33,6,5,28,28,35,Train/35/00035_00011_00007.png
4,15304,32,33,5,6,27,28,10,Train/10/00010_00009_00004.png
4,25115,36,38,5,6,31,33,17,Train/17/00017_00022_00005.png
4,1503,29,29,6,5,24,24,1,Train/1/00001_00031_00003.png
4,13397,40,41,5,6,35,36,8,Train/8/00008_00041_00017.png
4,3883,39,38,6,5,34,33,2,Train/2/00002_00036_00013.png
4,38596,41,43,6,6,36,38,40,Train/40/00040_00007_00017.png
4,12374,39,39,5,5,34,34,8,Train/8/00008_00007_00014.png
4,3555,36,36,6,6,31,31,2,Train/2/00002_00025_00015.png
4,14157,56,56,6,5,51,51,9,Train/9/00009_00019_00027.png
4,16158,38,38,5,6,32,33,10,Train/10/00010_00037_00018.png
4,25532,26,31,5,5,21,26,17,Train/17/00017_00036_00002.png
4,8054,50,48,6,6,45,43,4,Train/4/00004_00053_00014.png
4,24304,29,31,5,6,24,26,16,Train/16/00016_00009_00004.png
4,3613,35,35,6,6,30,30,2,Train/2/00002_00027_00013.png
4,26578,172,160,14,14,158,147,18,Train/18/00018_00033_00028.png
4,24003,26,27,5,6,21,22,15,Train/15/00015_00020_00003.png
4,31862,34,30,6,5,29,25,30,Train/30/00030_00008_00002.png
4,21227,53,50,5,6,48,45,13,Train/13/00013_00025_00017.png
4,31594,41,38,6,5,36,33,29,Train/29/00029_00008_00004.png
4,36483,42,51,6,6,37,46,38,Train/38/00038_00016_00004.png
4,37554,72,73,7,7,66,67,38,Train/38/00038_00051_00025.png
4,33396,30,29,6,5,25,24,33,Train/33/00033_00010_00006.png
4,7160,38,38,5,5,33,33,4,Train/4/00004_00023_00020.png
4,14668,127,125,11,11,116,115,9,Train/9/00009_00036_00028.png
4,25440,27,29,6,6,22,24,17,Train/17/00017_00033_00000.png
4,28072,48,48,6,6,43,42,23,Train/23/00023_00012_00022.png
4,14156,54,54,6,6,49,49,9,Train/9/00009_00019_00026.png
4,34685,42,43,5,6,37,38,35,Train/35/00035_00016_00006.png
4,11488,79,73,7,7,72,67,7,Train/7/00007_00025_00028.png
4,25319,76,83,7,8,70,76,17,Train/17/00017_00028_00029.png
4,20320,54,54,6,5,49,49,12,Train/12/00012_00065_00010.png
4,10562,27,29,6,6,22,24,6,Train/6/00006_00009_00002.png
4,21776,74,69,6,7,68,63,13,Train/13/00013_00043_00026.png
4,9971,37,38,5,6,32,33,5,Train/5/00005_00051_00011.png
4,34711,34,36,5,6,29,31,35,Train/35/00035_00017_00002.png
4,23916,35,36,6,5,30,30,15,Train/15/00015_00017_00006.png
4,12304,31,33,5,5,26,28,8,Train/8/00008_00005_00004.png
4,13212,37,38,5,6,32,33,8,Train/8/00008_00035_00012.png
4,5836,37,38,5,6,32,33,3,Train/3/00003_00026_00016.png
4,8503,33,34,5,6,28,29,5,Train/5/00005_00002_00013.png
4,12111,37,38,5,6,32,33,7,Train/7/00007_00046_00021.png
4,3552,34,34,6,6,29,29,2,Train/2/00002_00025_00012.png
4,6363,29,30,6,6,24,25,3,Train/3/00003_00044_00003.png
4,27841,30,30,6,5,25,25,23,Train/23/00023_00005_00001.png
4,23006,58,57,5,5,52,52,14,Train/14/00014_00012_00026.png
4,29890,71,63,6,5,65,58,25,Train/25/00025_00047_00010.png
4,4529,112,118,10,10,103,107,2,Train/2/00002_00057_00029.png
4,5861,31,34,5,6,26,29,3,Train/3/00003_00027_00011.png
4,20313,42,44,6,5,37,39,12,Train/12/00012_00065_00003.png
4,29880,52,54,5,6,47,49,25,Train/25/00025_00047_00000.png
4,3200,38,40,5,6,33,35,2,Train/2/00002_00013_00020.png
4,27488,35,31,5,5,30,26,22,Train/22/00022_00006_00008.png
4,8886,33,34,5,5,28,28,5,Train/5/00005_00015_00006.png
4,25542,29,35,6,6,24,30,17,Train/17/00017_00036_00012.png
4,7860,38,38,6,6,32,32,4,Train/4/00004_00047_00000.png
4,23290,44,46,6,6,39,41,14,Train/14/00014_00022_00010.png
4,20361,53,60,6,6,48,55,12,Train/12/00012_00066_00021.png
4,531,52,49,5,5,47,44,0,Train/0/00000_00005_00021.png
4,29787,116,105,11,9,106,96,25,Train/25/00025_00043_00027.png
4,4077,62,65,5,6,57,60,2,Train/2/00002_00042_00027.png
4,33365,77,77,7,7,71,71,33,Train/33/00033_00009_00005.png
4,1038,46,46,5,5,40,40,1,Train/1/00001_00015_00018.png
4,19344,60,72,6,7,55,66,12,Train/12/00012_00032_00024.png
4,36091,37,38,5,5,31,32,38,Train/38/00038_00003_00002.png
4,18901,31,32,5,6,26,27,12,Train/12/00012_00018_00001.png
4,20532,45,44,6,5,40,39,13,Train/13/00013_00002_00012.png
4,15237,58,59,5,6,53,54,10,Train/10/00010_00006_00027.png
4,600,30,32,5,5,25,27,1,Train/1/00001_00001_00000.png
4,20268,43,45,6,6,38,40,12,Train/12/00012_00063_00018.png
4,31741,38,38,5,5,33,32,30,Train/30/00030_00004_00001.png
4,2485,72,71,6,6,66,65,1,Train/1/00001_00063_00025.png
4,37650,49,49,6,6,43,43,38,Train/38/00038_00055_00001.png
4,1122,55,55,6,6,50,50,1,Train/1/00001_00018_00012.png
4,7681,29,30,5,6,24,25,4,Train/4/00004_00041_00001.png
4,19720,51,51,6,6,46,46,12,Train/12/00012_00045_00010.png
4,30256,43,41,6,6,38,35,26,Train/26/00026_00009_00016.png
4,21478,142,131,12,12,130,120,13,Train/13/00013_00033_00028.png
4,16275,37,35,6,6,32,30,10,Train/10/00010_00041_00015.png
4,33786,33,38,6,5,27,33,34,Train/34/00034_00000_00007.png
4,8983,32,33,5,6,26,27,5,Train/5/00005_00018_00013.png
4,24496,35,35,5,5,30,30,17,Train/17/00017_00001_00016.png
4,12949,39,41,5,5,34,36,8,Train/8/00008_00026_00019.png
4,12192,36,38,5,6,30,32,8,Train/8/00008_00001_00012.png
4,7774,29,31,5,6,24,26,4,Train/4/00004_00044_00004.png
4,19830,28,28,5,5,23,23,12,Train/12/00012_00049_00000.png
4,978,56,60,5,6,51,54,1,Train/1/00001_00013_00018.png
4,3276,30,32,5,5,25,27,2,Train/2/00002_00016_00006.png
4,16241,34,33,5,6,29,28,10,Train/10/00010_00040_00011.png
4,31662,38,36,5,6,33,31,30,Train/30/00030_00001_00012.png
4,27751,38,34,6,6,32,29,23,Train/23/00023_00002_00001.png
4,23891,32,33,5,5,27,28,15,Train/15/00015_00016_00011.png
4,5948,31,31,6,5,26,26,3,Train/3/00003_00030_00008.png
4,29522,31,29,6,5,26,23,25,Train/25/00025_00035_00002.png
4,4570,49,48,6,5,43,42,2,Train/2/00002_00059_00010.png
4,38514,106,98,9,8,97,90,40,Train/40/00040_00004_00025.png
4,12482,33,33,6,6,28,28,8,Train/8/00008_00011_00002.png
4,2644,34,33,6,5,29,28,1,Train/1/00001_00069_00004.png
4,13246,47,46,6,5,42,41,8,Train/8/00008_00036_00016.png
4,21011,40,41,5,6,35,36,13,Train/13/00013_00018_00011.png
4,17915,56,49,6,5,50,44,11,Train/11/00011_00029_00005.png
4,34248,40,41,5,6,34,35,35,Train/35/00035_00001_00019.png
4,33298,141,140,13,13,129,128,33,Train/33/00033_00006_00028.png
4,25171,28,28,5,6,23,23,17,Train/17/00017_00024_00001.png
4,16822,57,57,5,5,52,52,10,Train/10/00010_00059_00022.png
4,3113,61,58,5,5,55,53,2,Train/2/00002_00010_00023.png
4,1974,81,80,8,7,74,73,1,Train/1/00001_00046_00024.png
4,15977,41,39,6,5,36,34,10,Train/10/00010_00031_00017.png
4,4228,46,47,6,5,41,42,2,Train/2/00002_00047_00028.png
4,18944,42,41,5,5,37,36,12,Train/12/00012_00019_00014.png
4,3867,76,75,7,6,70,69,2,Train/2/00002_00035_00027.png
4,27550,33,31,5,5,27,26,22,Train/22/00022_00008_00010.png
4,733,39,40,5,6,34,35,1,Train/1/00001_00005_00013.png
4,30751,40,39,5,6,35,34,27,Train/27/00027_00006_00001.png
4,8524,29,27,6,5,24,22,5,Train/5/00005_00003_00004.png
4,32788,97,88,9,7,89,81,31,Train/31/00031_00023_00028.png
4,12864,53,52,6,5,48,47,8,Train/8/00008_00023_00024.png
4,8685,43,44,5,6,38,39,5,Train/5/00005_00008_00015.png
4,4001,31,31,5,5,26,26,2,Train/2/00002_00040_00011.png
4,8817,98,98,9,9,90,90,5,Train/5/00005_00012_00027.png
4,3093,27,26,5,5,22,21,2,Train/2/00002_00010_00003.png
4,15461,37,37,5,5,32,32,10,Train/10/00010_00014_00011.png
4,12460,37,36,6,5,32,31,8,Train/8/00008_00010_00010.png
4,18321,70,65,6,6,64,60,11,Train/11/00011_00042_00021.png
4,3971,31,33,5,6,26,28,2,Train/2/00002_00039_00011.png
4,18392,31,28,5,5,26,23,12,Train/12/00012_00001_00002.png
4,5442,36,35,6,6,31,30,3,Train/3/00003_00013_00012.png
4,36448,94,101,9,9,86,93,38,Train/38/00038_00014_00029.png
4,31175,31,31,5,6,26,25,28,Train/28/00028_00012_00005.png
4,4281,45,45,5,5,40,40,2,Train/2/00002_00049_00021.png
4,8318,35,35,6,6,30,30,4,Train/4/00004_00062_00008.png
4,33793,46,51,5,5,41,46,34,Train/34/00034_00000_00014.png
4,31088,42,42,5,6,37,37,28,Train/28/00028_00009_00008.png
4,7580,46,45,6,5,41,40,4,Train/4/00004_00037_00020.png
4,5971,27,28,6,6,22,22,3,Train/3/00003_00031_00001.png
4,16120,32,30,5,6,27,25,10,Train/10/00010_00036_00010.png
4,37273,43,47,5,5,38,42,38,Train/38/00038_00042_00014.png
4,16170,28,29,5,6,23,24,10,Train/10/00010_00038_00000.png
4,10261,26,26,5,5,20,21,5,Train/5/00005_00061_00001.png
4,7361,37,38,6,6,32,33,4,Train/4/00004_00030_00011.png
4,26851,32,30,6,5,26,24,19,Train/19/00019_00003_00001.png
4,23684,48,48,5,5,43,43,15,Train/15/00015_00009_00014.png
4,27840,31,30,5,6,26,25,23,Train/23/00023_00005_00000.png
4,18822,41,43,5,5,36,38,12,Train/12/00012_00015_00012.png
4,23472,37,44,6,5,32,39,15,Train/15/00015_00002_00012.png
4,14533,42,43,5,6,37,38,9,Train/9/00009_00032_00013.png
4,2560,44,44,6,6,39,39,1,Train/1/00001_00066_00010.png
4,25936,39,41,5,5,34,36,18,Train/18/00018_00012_00016.png
4,9253,35,34,6,6,30,29,5,Train/5/00005_00027_00013.png
4,20846,88,81,7,8,80,73,13,Train/13/00013_00012_00026.png
4,28645,85,74,7,6,78,68,25,Train/25/00025_00005_00025.png
4,23277,132,141,11,13,121,129,14,Train/14/00014_00021_00027.png
4,9391,26,26,5,5,21,21,5,Train/5/00005_00032_00001.png
4,11507,39,40,6,6,34,35,7,Train/7/00007_00026_00017.png
4,1873,49,49,5,5,44,44,1,Train/1/00001_00043_00013.png
4,26461,28,27,5,6,23,22,18,Train/18/00018_00030_00001.png
4,25573,29,28,5,6,24,23,18,Train/18/00018_00000_00013.png
4,4115,32,32,5,5,26,26,2,Train/2/00002_00044_00005.png
4,16897,32,32,6,5,27,27,10,Train/10/00010_00062_00007.png
4,17264,58,54,5,6,52,49,11,Train/11/00011_00007_00014.png
4,21020,59,56,6,6,54,51,13,Train/13/00013_00018_00020.png
4,33150,41,40,5,5,36,35,33,Train/33/00033_00002_00000.png
4,30258,47,43,6,5,42,38,26,Train/26/00026_00009_00018.png
4,35991,69,75,6,7,62,68,37,Train/37/00037_00006_00022.png
4,37557,93,92,8,9,85,84,38,Train/38/00038_00051_00028.png
4,16316,56,60,5,6,51,55,10,Train/10/00010_00042_00026.png
4,8986,35,35,6,6,30,30,5,Train/5/00005_00018_00016.png
4,38974,30,30,5,5,24,24,42,Train/42/00042_00000_00005.png
4,15746,49,51,5,6,44,46,10,Train/10/00010_00023_00026.png
4,1233,33,36,5,6,27,31,1,Train/1/00001_00022_00003.png
4,2004,72,71,7,6,66,65,1,Train/1/00001_00047_00024.png
4,28781,50,47,6,6,44,42,25,Train/25/00025_00010_00011.png
4,37889,26,27,5,6,21,22,38,Train/38/00038_00063_00000.png
4,26163,64,61,5,5,59,55,18,Train/18/00018_00020_00003.png
4,12612,36,34,5,5,31,29,8,Train/8/00008_00015_00012.png
4,2837,43,43,6,6,37,37,2,Train/2/00002_00001_00017.png
4,14468,30,31,5,5,24,25,9,Train/9/00009_00030_00008.png
4,390,29,30,6,6,24,25,0,Train/0/00000_00001_00000.png
4,828,51,56,5,5,46,51,1,Train/1/00001_00008_00018.png
4,16091,35,32,6,5,30,27,10,Train/10/00010_00035_00011.png
4,151,28,26,5,5,22,20,20,Train/20/00020_00005_00001.png
4,11441,36,35,5,5,31,30,7,Train/7/00007_00024_00011.png
4,32412,40,40,6,6,35,35,31,Train/31/00031_00011_00012.png
4,29679,41,39,6,6,35,33,25,Train/25/00025_00040_00009.png
4,21399,32,30,5,5,27,25,13,Train/13/00013_00031_00009.png
4,33561,41,49,5,5,36,44,33,Train/33/00033_00015_00021.png
4,24902,27,31,5,5,22,26,17,Train/17/00017_00015_00002.png
4,10587,48,50,5,5,43,45,6,Train/6/00006_00009_00027.png
4,20830,48,44,6,6,43,39,13,Train/13/00013_00012_00010.png
4,34036,42,44,5,6,37,39,34,Train/34/00034_00008_00017.png
4,35242,39,46,5,6,33,40,35,Train/35/00035_00034_00023.png
4,38536,76,75,7,6,70,69,40,Train/40/00040_00005_00017.png
4,17302,89,81,8,8,82,74,11,Train/11/00011_00008_00022.png
4,17181,75,74,6,7,69,68,11,Train/11/00011_00004_00021.png
4,1058,37,39,5,6,32,34,1,Train/1/00001_00016_00008.png
4,22535,34,34,6,6,29,29,13,Train/13/00013_00069_00005.png
4,4401,46,47,5,6,41,42,2,Train/2/00002_00053_00021.png
4,32858,29,30,5,5,24,25,32,Train/32/00032_00000_00008.png
4,18175,59,62,6,6,53,57,11,Train/11/00011_00037_00025.png
4,36843,28,30,5,6,23,25,38,Train/38/00038_00028_00004.png
4,35096,58,59,6,5,53,54,35,Train/35/00035_00029_00027.png
4,29973,32,31,6,5,27,26,26,Train/26/00026_00000_00003.png
4,4565,43,44,6,6,38,39,2,Train/2/00002_00059_00005.png
4,32698,97,87,8,7,89,80,31,Train/31/00031_00020_00028.png
4,25803,53,47,5,5,47,41,18,Train/18/00018_00008_00003.png
4,21739,57,47,5,6,52,42,13,Train/13/00013_00042_00019.png
4,27753,39,35,5,5,33,30,23,Train/23/00023_00002_00003.png
4,2544,72,73,7,7,66,67,1,Train/1/00001_00065_00024.png
4,37958,30,31,5,6,25,26,38,Train/38/00038_00065_00009.png
4,7879,61,57,6,5,56,52,4,Train/4/00004_00047_00019.png
4,16625,38,39,5,6,33,34,10,Train/10/00010_00053_00005.png
4,37453,38,37,5,5,33,32,38,Train/38/00038_00048_00014.png
4,29828,36,35,5,6,31,30,25,Train/25/00025_00045_00008.png
4,14257,31,32,6,5,26,27,9,Train/9/00009_00023_00007.png
4,9685,58,60,5,5,52,54,5,Train/5/00005_00041_00025.png
4,22533,34,33,6,5,29,28,13,Train/13/00013_00069_00003.png
4,13391,39,39,6,6,34,34,8,Train/8/00008_00041_00011.png
4,10921,33,33,5,5,28,28,7,Train/7/00007_00007_00001.png
4,27531,76,70,6,6,70,64,22,Train/22/00022_00007_00021.png
4,22578,113,101,10,9,104,93,13,Train/13/00013_00070_00018.png
4,6944,37,39,6,5,32,34,4,Train/4/00004_00016_00014.png
4,36245,29,29,5,5,24,24,38,Train/38/00038_00008_00006.png
4,21200,70,60,7,5,64,55,13,Train/13/00013_00024_00020.png
4,23523,31,32,6,6,25,26,15,Train/15/00015_00004_00003.png
4,27633,36,35,6,5,31,29,22,Train/22/00022_00011_00003.png
4,11606,59,61,6,6,54,56,7,Train/7/00007_00029_00026.png
4,5404,31,31,6,5,26,25,3,Train/3/00003_00012_00004.png
4,11875,59,59,6,6,54,54,7,Train/7/00007_00038_00025.png
4,33010,30,32,6,6,25,27,32,Train/32/00032_00005_00010.png
4,32904,47,44,6,5,42,39,32,Train/32/00032_00001_00024.png
4,12759,43,43,6,6,38,38,8,Train/8/00008_00020_00009.png
4,19757,40,41,5,5,35,36,12,Train/12/00012_00046_00017.png
4,8424,49,50,5,5,44,45,4,Train/4/00004_00065_00024.png
4,5292,36,37,5,5,31,32,3,Train/3/00003_00008_00012.png
4,9284,41,39,6,5,36,34,5,Train/5/00005_00028_00014.png
4,37515,34,37,5,6,29,32,38,Train/38/00038_00050_00016.png
4,27823,40,36,5,5,35,31,23,Train/23/00023_00004_00013.png
4,35573,61,60,5,6,56,55,36,Train/36/00036_00005_00024.png
4,20249,196,196,16,16,180,180,12,Train/12/00012_00062_00029.png
4,21215,36,35,5,6,31,30,13,Train/13/00013_00025_00005.png
4,28159,75,69,6,7,69,63,23,Train/23/00023_00015_00019.png
4,10804,32,32,5,5,27,27,7,Train/7/00007_00003_00004.png
4,28204,28,27,6,5,23,22,24,Train/24/00024_00000_00004.png
4,31274,42,37,6,5,36,31,28,Train/28/00028_00015_00014.png
4,15077,45,42,5,6,40,37,10,Train/10/00010_00001_00017.png
4,21688,123,110,10,10,113,101,13,Train/13/00013_00040_00028.png
4,15008,30,30,6,5,25,25,9,Train/9/00009_00048_00008.png
4,1265,36,35,5,5,31,29,1,Train/1/00001_00023_00005.png
4,3836,75,77,6,7,69,71,2,Train/2/00002_00034_00026.png
4,21729,44,38,6,5,39,33,13,Train/13/00013_00042_00009.png
4,14758,41,41,5,5,36,36,9,Train/9/00009_00039_00028.png
4,35062,51,52,6,6,46,47,35,Train/35/00035_00028_00023.png
4,9091,34,35,5,6,29,30,5,Train/5/00005_00022_00001.png
4,14125,44,43,6,6,39,38,9,Train/9/00009_00018_00025.png
4,17741,41,38,5,6,36,33,11,Train/11/00011_00023_00011.png
4,17026,34,32,6,6,29,27,10,Train/10/00010_00066_00016.png
4,30367,33,34,5,6,28,28,26,Train/26/00026_00013_00007.png
4,28810,70,75,7,7,64,68,25,Train/25/00025_00011_00010.png
4,38943,35,35,6,6,29,29,41,Train/41/00041_00007_00004.png
4,34966,46,46,6,6,41,41,35,Train/35/00035_00025_00017.png
4,28388,38,34,5,5,33,29,24,Train/24/00024_00006_00008.png
4,30008,47,44,6,5,41,38,26,Train/26/00026_00001_00008.png
4,5638,47,45,5,5,42,40,3,Train/3/00003_00019_00028.png
4,2831,33,34,5,6,28,29,2,Train/2/00002_00001_00011.png
4,13453,36,34,5,6,31,29,8,Train/8/00008_00043_00013.png
4,30282,37,36,5,6,32,31,26,Train/26/00026_00010_00012.png
4,14926,46,50,5,5,40,44,9,Train/9/00009_00045_00016.png
4,27267,109,103,10,9,100,94,21,Train/21/00021_00009_00027.png
4,32279,76,73,7,7,70,67,31,Train/31/00031_00006_00029.png
4,15745,50,51,5,6,45,46,10,Train/10/00010_00023_00025.png
4,25,86,75,8,6,79,69,20,Train/20/00020_00000_00025.png
4,19595,30,30,5,5,25,25,12,Train/12/00012_00041_00005.png
4,14496,29,29,5,5,24,24,9,Train/9/00009_00031_00006.png
4,33753,27,28,5,6,22,23,33,Train/33/00033_00022_00004.png
4,17421,82,76,7,6,75,70,11,Train/11/00011_00012_00021.png
4,16441,28,27,6,5,23,22,10,Train/10/00010_00047_00001.png
4,7061,32,31,6,5,27,26,4,Train/4/00004_00020_00011.png
4,15708,47,48,5,5,42,43,10,Train/10/00010_00022_00018.png
4,1238,37,39,5,6,32,34,1,Train/1/00001_00022_00008.png
4,9314,36,36,6,5,31,31,5,Train/5/00005_00029_00014.png
4,33363,75,75,7,7,69,69,33,Train/33/00033_00009_00003.png
4,36295,64,69,6,6,59,63,38,Train/38/00038_00009_00026.png
4,13381,33,33,6,6,28,28,8,Train/8/00008_00041_00001.png
4,24664,29,32,5,6,24,27,17,Train/17/00017_00007_00004.png
4,38754,71,72,6,7,65,66,41,Train/41/00041_00000_00025.png
4,21998,37,33,6,5,32,28,13,Train/13/00013_00051_00008.png
4,26624,41,39,5,6,36,34,18,Train/18/00018_00035_00014.png
4,6033,27,29,5,6,22,24,3,Train/3/00003_00033_00003.png
4,290,47,47,6,6,42,42,20,Train/20/00020_00009_00020.png
4,12332,30,31,5,6,25,26,8,Train/8/00008_00006_00002.png
4,23774,41,47,6,6,35,41,15,Train/15/00015_00012_00014.png
4,36585,38,38,5,5,33,33,38,Train/38/00038_00019_00016.png
4,12846,36,37,5,6,31,32,8,Train/8/00008_00023_00006.png
4,19563,39,38,6,5,34,33,12,Train/12/00012_00040_00003.png
4,12885,43,42,6,5,38,37,8,Train/8/00008_00024_00015.png
4,33770,50,50,5,6,45,45,33,Train/33/00033_00022_00021.png
4,13160,39,40,5,5,34,35,8,Train/8/00008_00033_00020.png
4,5599,54,53,6,5,49,48,3,Train/3/00003_00018_00019.png
4,8225,30,31,5,6,25,26,4,Train/4/00004_00059_00005.png
4,15704,44,45,5,5,39,40,10,Train/10/00010_00022_00014.png
4,32889,32,32,6,6,27,27,32,Train/32/00032_00001_00009.png
4,13086,29,29,5,5,23,23,8,Train/8/00008_00031_00006.png
4,1795,83,85,8,8,76,78,1,Train/1/00001_00040_00025.png
4,27361,34,29,6,5,29,24,22,Train/22/00022_00002_00001.png
4,18451,36,36,6,5,31,31,12,Train/12/00012_00003_00001.png
4,18958,130,130,11,12,119,119,12,Train/12/00012_00019_00028.png
4,16227,63,68,5,6,58,62,10,Train/10/00010_00039_00027.png
4,38274,40,41,5,6,35,36,39,Train/39/00039_00006_00025.png
4,13698,41,41,6,6,36,36,9,Train/9/00009_00004_00018.png
4,32741,33,33,6,6,28,28,31,Train/31/00031_00022_00011.png
4,33127,31,29,6,5,26,24,33,Train/33/00033_00001_00007.png
4,27462,39,36,5,5,34,31,22,Train/22/00022_00005_00012.png
4,1859,116,117,10,10,106,107,1,Train/1/00001_00042_00029.png
4,10565,29,30,6,5,23,24,6,Train/6/00006_00009_00005.png
4,15816,30,30,6,6,25,25,10,Train/10/00010_00026_00006.png
4,27583,45,42,5,6,40,37,22,Train/22/00022_00009_00013.png
4,19833,31,31,6,5,26,25,12,Train/12/00012_00049_00003.png
4,38265,34,35,5,6,29,30,39,Train/39/00039_00006_00016.png
4,25950,35,35,5,5,30,30,18,Train/18/00018_00013_00000.png
4,12957,52,54,6,6,47,49,8,Train/8/00008_00026_00027.png
4,21065,42,38,6,5,37,33,13,Train/13/00013_00020_00005.png
4,1755,51,52,6,6,46,47,1,Train/1/00001_00039_00015.png
4,38819,36,38,5,6,31,33,41,Train/41/00041_00003_00000.png
4,13054,28,27,6,5,23,22,8,Train/8/00008_00030_00004.png
4,13118,32,33,6,5,26,27,8,Train/8/00008_00032_00008.png
4,26718,58,57,6,5,53,52,18,Train/18/00018_00038_00018.png
4,31907,72,63,7,5,66,58,30,Train/30/00030_00009_00017.png
4,16487,40,40,6,6,35,35,10,Train/10/00010_00048_00017.png
4,33818,33,32,5,5,28,26,34,Train/34/00034_00001_00009.png
4,11080,32,32,6,6,27,27,7,Train/7/00007_00012_00010.png
4,17930,86,80,8,7,79,72,11,Train/11/00011_00029_00020.png
4,36453,32,35,5,6,26,29,38,Train/38/00038_00015_00004.png
4,35211,60,63,6,6,55,58,35,Train/35/00035_00033_00022.png
4,37052,28,30,5,5,23,25,38,Train/38/00038_00035_00003.png
4,4201,27,28,5,6,22,23,2,Train/2/00002_00047_00001.png
4,14946,47,46,5,6,41,40,9,Train/9/00009_00046_00006.png
4,25668,69,63,6,6,62,57,18,Train/18/00018_00003_00018.png
4,37993,42,41,6,5,37,36,38,Train/38/00038_00066_00014.png
4,18538,93,93,8,9,85,84,12,Train/12/00012_00005_00028.png
4,2395,69,71,7,7,63,65,1,Train/1/00001_00060_00025.png
4,31922,36,35,6,6,31,30,30,Train/30/00030_00010_00002.png
4,37763,60,61,5,5,55,56,38,Train/38/00038_00058_00024.png
4,25316,63,64,5,5,58,59,17,Train/17/00017_00028_00026.png
4,7464,60,61,6,6,55,56,4,Train/4/00004_00033_00024.png
4,21068,45,42,5,5,40,37,13,Train/13/00013_00020_00008.png
4,30389,74,74,6,7,68,68,26,Train/26/00026_00013_00029.png
4,15945,37,36,6,5,32,31,10,Train/10/00010_00030_00015.png
4,28595,41,37,6,6,36,32,25,Train/25/00025_00004_00005.png
4,10980,27,28,6,6,22,23,7,Train/7/00007_00009_00000.png
4,20137,32,31,5,5,27,26,12,Train/12/00012_00059_00007.png
4,36351,62,64,5,6,56,58,38,Train/38/00038_00011_00022.png
4,32029,45,41,5,6,40,36,30,Train/30/00030_00013_00019.png
4,7878,58,56,5,6,53,51,4,Train/4/00004_00047_00018.png
4,25143,29,31,6,6,24,25,17,Train/17/00017_00023_00003.png
4,29853,39,39,5,5,34,34,25,Train/25/00025_00046_00003.png
4,9583,34,36,5,6,29,31,5,Train/5/00005_00038_00013.png
4,22855,121,118,10,11,111,108,14,Train/14/00014_00007_00025.png
4,31793,68,61,6,5,62,56,30,Train/30/00030_00005_00023.png
4,25694,98,88,8,8,90,81,18,Train/18/00018_00004_00014.png
4,29736,38,36,5,6,33,31,25,Train/25/00025_00042_00006.png
4,36240,26,28,5,6,20,23,38,Train/38/00038_00008_00001.png
4,29321,59,57,5,6,54,52,25,Train/25/00025_00028_00011.png
4,11123,55,54,5,6,50,49,7,Train/7/00007_00013_00023.png
4,9382,45,45,6,5,40,40,5,Train/5/00005_00031_00022.png
4,35908,80,75,7,7,72,69,37,Train/37/00037_00003_00029.png
4,9600,26,27,5,5,20,22,5,Train/5/00005_00039_00000.png
4,14088,44,48,6,6,39,43,9,Train/9/00009_00017_00018.png
4,15748,56,56,6,5,51,51,10,Train/10/00010_00023_00028.png
4,39133,32,33,5,5,27,27,42,Train/42/00042_00005_00014.png
4,13157,36,36,6,5,31,31,8,Train/8/00008_00033_00017.png
4,38684,47,49,6,5,42,44,40,Train/40/00040_00010_00015.png
4,29109,37,35,5,5,32,30,25,Train/25/00025_00021_00009.png
4,8663,51,53,6,6,46,48,5,Train/5/00005_00007_00023.png
4,34969,54,54,5,5,49,48,35,Train/35/00035_00025_00020.png
4,13981,33,33,5,5,28,28,9,Train/9/00009_00014_00001.png
4,23064,117,127,10,11,106,116,14,Train/14/00014_00014_00024.png
4,22044,68,59,6,5,61,53,13,Train/13/00013_00052_00024.png
4,35378,36,36,6,6,31,31,35,Train/35/00035_00039_00009.png
4,31596,44,41,6,6,39,36,29,Train/29/00029_00008_00006.png
4,38079,92,95,8,9,84,87,39,Train/39/00039_00000_00010.png
4,32999,109,111,9,10,100,102,32,Train/32/00032_00004_00029.png
4,2973,27,28,5,6,22,23,2,Train/2/00002_00006_00003.png
4,28899,44,39,6,5,39,34,25,Train/25/00025_00014_00009.png
4,8231,37,35,5,5,32,30,4,Train/4/00004_00059_00011.png
4,4939,35,34,5,5,29,29,2,Train/2/00002_00071_00019.png
4,7716,31,31,6,5,26,26,4,Train/4/00004_00042_00006.png
4,35532,38,40,5,5,33,35,36,Train/36/00036_00004_00013.png
4,28452,43,47,5,5,38,42,24,Train/24/00024_00008_00012.png
4,11965,56,56,5,5,51,51,7,Train/7/00007_00041_00025.png
4,755,44,51,5,5,39,46,1,Train/1/00001_00006_00005.png
4,330,28,25,5,5,23,20,20,Train/20/00020_00011_00000.png
4,25068,44,42,5,6,39,37,17,Train/17/00017_00020_00018.png
4,27504,64,60,6,6,59,55,22,Train/22/00022_00006_00024.png
4,16854,48,45,5,6,43,40,10,Train/10/00010_00060_00024.png
4,20368,65,73,6,6,60,67,12,Train/12/00012_00066_00028.png
4,32354,50,46,6,5,45,41,31,Train/31/00031_00009_00014.png
4,9379,39,41,5,6,34,36,5,Train/5/00005_00031_00019.png
4,3625,55,52,6,5,50,47,2,Train/2/00002_00027_00025.png
4,10894,37,38,5,6,32,33,7,Train/7/00007_00006_00004.png
4,4684,29,30,5,5,24,25,2,Train/2/00002_00063_00004.png
4,23083,46,45,6,5,41,40,14,Train/14/00014_00015_00013.png
4,11549,70,71,6,6,64,65,7,Train/7/00007_00027_00029.png
4,15811,27,27,6,6,22,22,10,Train/10/00010_00026_00001.png
4,27211,47,46,5,5,42,41,21,Train/21/00021_00008_00001.png
4,15453,31,31,5,5,26,26,10,Train/10/00010_00014_00003.png
4,2772,51,51,6,5,46,46,1,Train/1/00001_00073_00012.png
4,35518,104,114,9,10,94,104,36,Train/36/00036_00003_00029.png
4,15069,34,33,5,6,29,28,10,Train/10/00010_00001_00009.png
4,7175,35,35,5,5,30,30,4,Train/4/00004_00024_00005.png
4,20999,110,98,10,9,101,90,13,Train/13/00013_00017_00029.png
4,16515,38,38,5,5,33,33,10,Train/10/00010_00049_00015.png
4,22587,154,135,13,11,141,124,13,Train/13/00013_00070_00027.png
4,11820,26,27,5,6,21,22,7,Train/7/00007_00037_00000.png
4,22523,121,96,10,9,111,88,13,Train/13/00013_00068_00023.png
4,20645,32,30,6,5,26,24,13,Train/13/00013_00006_00005.png
4,20953,50,45,5,5,45,40,13,Train/13/00013_00016_00013.png
4,1231,30,35,5,6,25,29,1,Train/1/00001_00022_00001.png
4,25414,28,29,5,5,23,24,17,Train/17/00017_00032_00004.png
4,33886,71,74,7,6,64,68,34,Train/34/00034_00003_00017.png
4,29137,46,45,5,6,41,40,25,Train/25/00025_00022_00007.png
4,2432,32,33,5,6,27,28,1,Train/1/00001_00062_00002.png
4,30987,96,88,9,8,88,81,28,Train/28/00028_00005_00027.png
4,34609,49,49,6,6,44,44,35,Train/35/00035_00013_00020.png
4,26812,70,61,7,6,64,55,19,Train/19/00019_00001_00022.png
4,7762,54,54,5,5,49,49,4,Train/4/00004_00043_00022.png
4,179,74,67,7,6,68,61,20,Train/20/00020_00005_00029.png
4,11387,51,52,5,6,46,47,7,Train/7/00007_00022_00017.png
4,6835,73,70,7,6,67,64,4,Train/4/00004_00012_00025.png
4,16461,44,41,6,5,39,36,10,Train/10/00010_00047_00021.png
4,37620,29,28,6,5,24,23,38,Train/38/00038_00054_00001.png
4,17835,94,82,9,7,86,75,11,Train/11/00011_00026_00015.png
4,30395,55,49,6,5,50,44,26,Train/26/00026_00014_00005.png
4,613,39,41,5,6,34,35,1,Train/1/00001_00001_00013.png
4,29448,39,37,6,5,34,32,25,Train/25/00025_00032_00018.png
4,7330,35,35,6,6,30,30,4,Train/4/00004_00029_00010.png
4,22953,42,42,5,5,37,37,14,Train/14/00014_00011_00003.png
4,15637,31,30,6,6,26,24,10,Train/10/00010_00020_00007.png
4,13172,33,32,6,5,27,27,8,Train/8/00008_00034_00002.png
4,18650,52,52,5,6,47,47,12,Train/12/00012_00009_00020.png
4,3273,27,30,5,6,22,24,2,Train/2/00002_00016_00003.png
4,4945,42,42,6,6,37,37,2,Train/2/00002_00071_00025.png
4,35944,41,43,5,5,36,38,37,Train/37/00037_00005_00005.png
4,7392,32,34,5,5,27,29,4,Train/4/00004_00031_00012.png
4,13901,40,40,5,5,34,35,9,Train/9/00009_00011_00011.png
4,17740,39,37,5,6,34,32,11,Train/11/00011_00023_00010.png
4,22117,43,40,5,5,38,35,13,Train/13/00013_00055_00007.png
4,7147,32,32,6,6,27,27,4,Train/4/00004_00023_00007.png
4,14449,56,56,6,6,50,50,9,Train/9/00009_00029_00019.png
4,1182,55,58,5,6,49,52,1,Train/1/00001_00020_00012.png
4,38498,49,47,6,5,44,42,40,Train/40/00040_00004_00009.png
4,15052,50,52,5,6,45,47,10,Train/10/00010_00000_00022.png
4,22640,88,89,7,8,81,82,14,Train/14/00014_00000_00020.png
4,24067,43,45,5,5,38,40,16,Train/16/00016_00001_00007.png
4,29901,128,112,12,9,117,103,25,Train/25/00025_00047_00021.png
4,23361,48,47,6,5,43,42,14,Train/14/00014_00024_00021.png
4,20154,59,61,5,6,54,56,12,Train/12/00012_00059_00024.png
4,8258,33,34,5,6,28,29,4,Train/4/00004_00060_00008.png
4,18084,98,94,8,9,90,86,11,Train/11/00011_00034_00024.png
4,10936,49,49,5,5,44,44,7,Train/7/00007_00007_00016.png
4,22485,40,38,5,6,35,33,13,Train/13/00013_00067_00015.png
4,17185,111,108,9,10,101,99,11,Train/11/00011_00004_00025.png
4,20985,62,58,5,6,57,53,13,Train/13/00013_00017_00015.png
4,13009,39,36,5,6,34,31,8,Train/8/00008_00028_00019.png
4,16198,62,65,6,6,57,60,10,Train/10/00010_00038_00028.png
4,9829,52,52,6,6,47,47,5,Train/5/00005_00046_00019.png
4,17594,59,54,5,5,54,49,11,Train/11/00011_00018_00014.png
4,35792,37,36,6,5,32,31,37,Train/37/00037_00000_00003.png
4,31115,47,41,6,5,42,36,28,Train/28/00028_00010_00005.png
4,5829,30,31,6,6,25,26,3,Train/3/00003_00026_00009.png
4,7975,54,57,6,5,49,52,4,Train/4/00004_00050_00025.png
4,22802,32,33,6,5,27,28,14,Train/14/00014_00006_00002.png
4,14521,32,32,5,5,27,27,9,Train/9/00009_00032_00001.png
4,4433,50,50,6,6,45,44,2,Train/2/00002_00054_00023.png
4,24119,68,68,6,7,62,62,16,Train/16/00016_00002_00029.png
4,22813,41,43,5,5,35,37,14,Train/14/00014_00006_00013.png
4,33218,34,35,6,6,29,30,33,Train/33/00033_00004_00008.png
4,11088,39,40,6,6,34,35,7,Train/7/00007_00012_00018.png
4,17363,94,84,9,7,86,77,11,Train/11/00011_00010_00023.png
4,22514,76,58,7,5,70,53,13,Train/13/00013_00068_00014.png
4,8742,35,37,5,6,30,32,5,Train/5/00005_00010_00012.png
4,446,83,85,7,8,76,78,0,Train/0/00000_00002_00026.png
4,25602,54,51,5,5,49,46,18,Train/18/00018_00001_00012.png
4,10782,47,52,5,6,42,47,7,Train/7/00007_00002_00012.png
4,10925,34,33,6,5,29,28,7,Train/7/00007_00007_00005.png
4,15865,69,70,6,7,63,64,10,Train/10/00010_00027_00025.png
4,8078,42,42,5,5,37,37,4,Train/4/00004_00054_00008.png
4,13417,38,38,6,6,33,33,8,Train/8/00008_00042_00007.png
4,18496,32,28,6,6,27,23,12,Train/12/00012_00004_00016.png
4,35581,29,30,5,6,24,25,36,Train/36/00036_00006_00002.png
4,1451,40,42,5,6,35,37,1,Train/1/00001_00029_00011.png
4,9326,55,53,5,6,50,48,5,Train/5/00005_00029_00026.png
4,25758,64,60,5,6,59,55,18,Train/18/00018_00006_00018.png
4,590,81,81,8,8,74,74,1,Train/1/00001_00000_00020.png
4,5106,33,32,6,5,28,27,3,Train/3/00003_00002_00006.png
4,19934,113,111,10,10,104,102,12,Train/12/00012_00052_00014.png
4,4782,38,40,5,5,32,35,2,Train/2/00002_00066_00012.png
4,12013,35,36,5,5,30,31,7,Train/7/00007_00043_00013.png
4,8981,30,31,5,5,25,25,5,Train/5/00005_00018_00011.png
4,1651,31,31,5,5,26,26,1,Train/1/00001_00036_00001.png
4,584,68,69,7,7,62,63,1,Train/1/00001_00000_00014.png
4,14313,30,30,6,6,25,25,9,Train/9/00009_00025_00003.png
4,1673,57,56,6,6,52,51,1,Train/1/00001_00036_00023.png
4,731,38,38,6,6,32,32,1,Train/1/00001_00005_00011.png
4,11174,44,46,6,5,39,41,7,Train/7/00007_00015_00014.png
4,2916,31,33,5,6,26,28,2,Train/2/00002_00004_00006.png
4,1171,45,50,6,6,40,45,1,Train/1/00001_00020_00001.png
4,28632,40,38,5,5,34,32,25,Train/25/00025_00005_00012.png
4,10106,51,54,6,6,46,49,5,Train/5/00005_00055_00026.png
4,23766,38,42,6,6,33,37,15,Train/15/00015_00012_00006.png
4,10118,32,32,5,5,27,27,5,Train/5/00005_00056_00008.png
4,21147,76,87,7,8,70,80,13,Train/13/00013_00022_00027.png
4,38646,29,28,5,5,24,23,40,Train/40/00040_00009_00007.png
4,7380,26,29,5,6,21,24,4,Train/4/00004_00031_00000.png
4,31912,91,81,8,7,83,74,30,Train/30/00030_00009_00022.png
4,20454,81,84,8,8,74,77,12,Train/12/00012_00069_00024.png
4,3485,31,31,6,6,26,26,2,Train/2/00002_00023_00005.png
4,26698,93,93,8,8,85,85,18,Train/18/00018_00037_00028.png
4,7153,35,35,6,6,29,29,4,Train/4/00004_00023_00013.png
4,4863,27,28,6,6,22,23,2,Train/2/00002_00069_00003.png
4,18522,56,55,6,5,51,50,12,Train/12/00012_00005_00012.png
4,32395,61,58,6,6,56,53,31,Train/31/00031_00010_00025.png
4,9266,83,74,8,7,76,67,5,Train/5/00005_00027_00026.png
4,4633,50,51,5,6,45,46,2,Train/2/00002_00061_00013.png
4,534,63,62,5,6,58,57,0,Train/0/00000_00005_00024.png
4,17853,48,45,5,5,43,40,11,Train/11/00011_00027_00003.png
4,33664,32,31,6,5,26,26,33,Train/33/00033_00019_00004.png
4,12767,60,60,5,5,55,55,8,Train/8/00008_00020_00017.png
4,28179,46,45,5,6,41,40,23,Train/23/00023_00016_00009.png
4,36268,40,42,5,6,35,37,38,Train/38/00038_00008_00029.png
4,23496,31,32,6,5,25,27,15,Train/15/00015_00003_00006.png
4,29860,46,46,5,6,41,41,25,Train/25/00025_00046_00010.png
4,14374,30,29,6,5,25,24,9,Train/9/00009_00027_00004.png
4,8587,31,30,6,6,26,25,5,Train/5/00005_00005_00007.png
4,6596,115,111,10,10,105,102,4,Train/4/00004_00004_00026.png
4,17033,40,39,6,6,34,34,10,Train/10/00010_00066_00023.png
4,10751,30,31,5,6,25,26,7,Train/7/00007_00001_00011.png
4,22290,43,39,6,6,38,34,13,Train/13/00013_00061_00000.png
4,8386,36,36,5,5,31,30,4,Train/4/00004_00064_00016.png
4,22865,35,38,6,6,30,33,14,Train/14/00014_00008_00005.png
4,17547,127,118,11,10,116,107,11,Train/11/00011_00016_00027.png
4,19533,37,38,5,6,32,33,12,Train/12/00012_00039_00003.png
4,1111,39,40,6,6,33,34,1,Train/1/00001_00018_00001.png
4,36895,70,69,7,6,64,63,38,Train/38/00038_00029_00026.png
4,9976,43,44,5,6,38,39,5,Train/5/00005_00051_00016.png
4,16905,35,37,5,6,30,32,10,Train/10/00010_00062_00015.png
4,18664,37,34,6,6,32,28,12,Train/12/00012_00010_00004.png
4,11121,52,49,6,5,47,44,7,Train/7/00007_00013_00021.png
4,10405,59,61,6,6,54,56,6,Train/6/00006_00003_00025.png
4,14354,65,62,6,5,60,57,9,Train/9/00009_00026_00014.png
4,15201,44,45,5,6,39,40,10,Train/10/00010_00005_00021.png
4,7398,36,35,6,5,31,30,4,Train/4/00004_00031_00018.png
4,8940,31,31,5,5,26,26,5,Train/5/00005_00017_00000.png
4,21802,68,61,6,6,62,56,13,Train/13/00013_00044_00022.png
4,20748,50,49,5,6,45,44,13,Train/13/00013_00009_00018.png
4,24936,29,29,6,5,24,24,17,Train/17/00017_00016_00006.png
4,18624,80,82,7,8,73,75,12,Train/12/00012_00008_00024.png
4,21105,41,36,6,5,36,31,13,Train/13/00013_00021_00015.png
4,23756,71,80,7,7,65,73,15,Train/15/00015_00011_00026.png
4,32416,43,44,6,6,38,39,31,Train/31/00031_00011_00016.png
4,20291,35,40,5,6,30,35,12,Train/12/00012_00064_00011.png
4,29410,38,38,5,5,33,33,25,Train/25/00025_00031_00010.png
4,6700,32,34,5,5,26,28,4,Train/4/00004_00008_00010.png
4,7725,39,37,6,5,33,31,4,Train/4/00004_00042_00015.png
4,24233,118,119,10,11,108,109,16,Train/16/00016_00006_00023.png
4,10519,35,35,6,6,29,30,6,Train/6/00006_00007_00019.png
4,7964,36,36,5,5,30,30,4,Train/4/00004_00050_00014.png
4,21865,84,80,8,7,77,73,13,Train/13/00013_00046_00025.png
4,32488,92,87,8,7,84,80,31,Train/31/00031_00013_00028.png
4,4029,29,30,6,6,24,25,2,Train/2/00002_00041_00009.png
4,27459,38,34,6,5,33,29,22,Train/22/00022_00005_00009.png
4,12402,38,37,6,5,33,32,8,Train/8/00008_00008_00012.png
4,17684,44,38,6,6,39,33,11,Train/11/00011_00021_00014.png
4,16062,35,32,6,5,30,27,10,Train/10/00010_00034_00012.png
4,17114,104,95,10,9,95,87,11,Train/11/00011_00002_00014.png
4,4439,72,70,6,6,66,64,2,Train/2/00002_00054_00029.png
4,30202,46,43,5,6,41,38,26,Train/26/00026_00007_00022.png
4,34769,26,27,5,5,21,22,35,Train/35/00035_00019_00000.png
4,11584,28,28,6,6,23,23,7,Train/7/00007_00029_00004.png
4,39119,26,25,5,5,20,20,42,Train/42/00042_00005_00000.png
4,5363,63,65,6,6,58,60,3,Train/3/00003_00010_00023.png
4,16411,28,28,6,6,23,23,10,Train/10/00010_00046_00001.png
4,19422,41,43,5,6,36,38,12,Train/12/00012_00035_00012.png
4,24313,34,35,5,5,29,30,16,Train/16/00016_00009_00013.png
4,21471,75,65,6,5,69,59,13,Train/13/00013_00033_00021.png
4,28265,58,56,6,6,53,50,24,Train/24/00024_00002_00005.png
4,35158,60,64,5,6,54,58,35,Train/35/00035_00031_00029.png
4,5134,33,33,5,5,27,27,3,Train/3/00003_00003_00004.png
4,36108,49,51,5,5,43,46,38,Train/38/00038_00003_00019.png
4,3806,41,43,6,6,36,38,2,Train/2/00002_00033_00026.png
4,22413,35,31,6,6,30,26,13,Train/13/00013_00065_00003.png
4,16590,31,32,5,6,26,27,10,Train/10/00010_00052_00000.png
4,9513,28,28,5,6,22,23,5,Train/5/00005_00036_00003.png
4,33991,29,29,6,6,24,24,34,Train/34/00034_00007_00002.png
4,13680,27,26,6,6,21,21,9,Train/9/00009_00004_00000.png
4,16244,39,37,6,5,34,32,10,Train/10/00010_00040_00014.png
4,15589,51,50,6,5,46,45,10,Train/10/00010_00018_00019.png
4,33860,52,49,5,5,47,44,34,Train/34/00034_00002_00021.png
4,2928,41,43,5,6,36,38,2,Train/2/00002_00004_00018.png
4,35136,29,29,6,6,24,24,35,Train/35/00035_00031_00007.png
4,24156,29,30,5,6,24,25,16,Train/16/00016_00004_00006.png
4,26328,61,56,6,5,56,51,18,Train/18/00018_00025_00018.png
4,11894,38,38,6,6,33,33,7,Train/7/00007_00039_00014.png
4,22255,97,89,9,8,89,82,13,Train/13/00013_00059_00025.png
4,2035,76,76,7,7,70,70,1,Train/1/00001_00048_00025.png
4,9386,54,55,6,5,49,50,5,Train/5/00005_00031_00026.png
4,37219,64,75,6,7,59,69,38,Train/38/00038_00040_00020.png
4,27584,47,42,5,6,42,37,22,Train/22/00022_00009_00014.png
4,28589,243,225,20,20,223,205,25,Train/25/00025_00003_00029.png
4,23355,38,39,5,6,32,33,14,Train/14/00014_00024_00015.png
4,4788,38,43,5,6,33,38,2,Train/2/00002_00066_00018.png
4,24317,37,37,5,5,32,32,16,Train/16/00016_00009_00017.png
4,28822,106,118,10,11,97,107,25,Train/25/00025_00011_00022.png
4,26204,38,38,5,6,32,33,18,Train/18/00018_00021_00014.png
4,30553,39,34,6,5,34,29,26,Train/26/00026_00019_00013.png
4,16928,31,30,6,5,25,25,10,Train/10/00010_00063_00008.png
4,4541,29,30,5,6,24,25,2,Train/2/00002_00058_00011.png
4,14759,41,41,5,5,36,36,9,Train/9/00009_00039_00029.png
4,164,40,37,6,6,34,31,20,Train/20/00020_00005_00014.png
4,37027,32,32,6,6,27,27,38,Train/38/00038_00034_00008.png
4,15440,58,59,5,6,53,54,10,Train/10/00010_00013_00020.png
4,4037,35,36,6,6,30,31,2,Train/2/00002_00041_00017.png
4,25048,84,85,8,8,77,78,17,Train/17/00017_00019_00028.png
4,19867,35,36,6,5,30,31,12,Train/12/00012_00050_00007.png
4,21539,170,166,15,15,156,152,13,Train/13/00013_00035_00029.png
4,18528,71,70,6,7,65,64,12,Train/12/00012_00005_00018.png
4,6432,35,33,5,5,30,28,3,Train/3/00003_00046_00012.png
4,12837,72,70,7,6,66,64,8,Train/8/00008_00022_00027.png
4,5584,34,33,6,5,29,28,3,Train/3/00003_00018_00004.png
4,31188,47,45,5,6,42,39,28,Train/28/00028_00012_00018.png
4,26999,152,134,14,11,139,123,21,Train/21/00021_00000_00029.png
4,11153,76,76,6,6,70,70,7,Train/7/00007_00014_00023.png
4,8755,53,53,5,5,48,48,5,Train/5/00005_00010_00025.png
4,38061,57,58,6,6,52,53,38,Train/38/00038_00068_00022.png
4,6117,71,71,7,7,65,65,3,Train/3/00003_00035_00027.png
4,35228,35,38,6,5,30,32,35,Train/35/00035_00034_00009.png
4,22223,43,45,6,5,38,40,13,Train/13/00013_00058_00023.png
4,10398,44,45,6,5,39,40,6,Train/6/00006_00003_00018.png
4,32879,135,133,11,12,124,122,32,Train/32/00032_00000_00029.png
4,945,41,42,5,6,35,37,1,Train/1/00001_00012_00015.png
4,3304,30,29,6,5,24,24,2,Train/2/00002_00017_00004.png
4,26443,44,43,5,6,39,38,18,Train/18/00018_00029_00013.png
4,16397,47,50,6,6,42,45,10,Train/10/00010_00045_00017.png
4,8838,44,43,6,5,39,38,5,Train/5/00005_00013_00018.png
4,25187,41,43,6,6,36,38,17,Train/17/00017_00024_00017.png
4,2912,30,31,6,6,25,26,2,Train/2/00002_00004_00002.png
4,38722,56,59,6,6,50,53,40,Train/40/00040_00011_00023.png
4,17359,81,72,7,6,74,66,11,Train/11/00011_00010_00019.png
4,6198,44,44,6,5,39,39,3,Train/3/00003_00038_00018.png
4,5530,37,38,5,6,31,33,3,Train/3/00003_00016_00010.png
4,33867,80,85,7,8,72,78,34,Train/34/00034_00002_00028.png
4,30463,40,37,6,6,34,32,26,Train/26/00026_00016_00013.png
4,31374,56,106,5,10,51,97,29,Train/29/00029_00000_00024.png
4,23568,38,38,6,5,33,32,15,Train/15/00015_00005_00018.png
4,16800,30,30,5,5,25,25,10,Train/10/00010_00059_00000.png
4,28722,96,87,8,8,88,80,25,Train/25/00025_00008_00012.png
4,30981,64,67,5,6,59,61,28,Train/28/00028_00005_00021.png
4,22272,49,45,5,6,44,40,13,Train/13/00013_00060_00012.png
4,37561,40,55,5,6,35,49,38,Train/38/00038_00052_00002.png
4,38060,54,54,6,6,49,49,38,Train/38/00038_00068_00021.png
4,14840,63,64,5,6,58,59,9,Train/9/00009_00042_00020.png
4,7263,31,31,6,6,26,26,4,Train/4/00004_00027_00003.png
4,21373,47,45,6,6,42,40,13,Train/13/00013_00030_00013.png
4,28627,37,37,5,6,32,32,25,Train/25/00025_00005_00007.png
4,8864,38,38,5,5,33,33,5,Train/5/00005_00014_00014.png
4,3327,86,88,7,8,79,80,2,Train/2/00002_00017_00027.png
4,18850,32,32,5,5,27,27,12,Train/12/00012_00016_00010.png
4,3486,30,30,5,5,25,25,2,Train/2/00002_00023_00006.png
4,35932,49,51,5,6,43,45,37,Train/37/00037_00004_00023.png
4,8170,34,34,6,6,29,29,4,Train/4/00004_00057_00010.png
4,18070,47,45,6,5,42,40,11,Train/11/00011_00034_00010.png
4,36796,30,30,6,5,25,25,38,Train/38/00038_00026_00017.png
4,14131,26,29,5,6,21,24,9,Train/9/00009_00019_00001.png
4,15150,27,27,5,5,22,22,10,Train/10/00010_00004_00000.png
4,26800,39,36,6,5,34,30,19,Train/19/00019_00001_00010.png
4,34044,58,60,5,5,53,55,34,Train/34/00034_00008_00025.png
4,30431,106,94,9,8,97,86,26,Train/26/00026_00015_00011.png
4,17865,70,62,6,6,64,57,11,Train/11/00011_00027_00015.png
4,2550,34,37,5,6,29,32,1,Train/1/00001_00066_00000.png
4,1998,53,53,6,6,48,48,1,Train/1/00001_00047_00018.png
4,27451,34,32,5,6,29,27,22,Train/22/00022_00005_00001.png
4,9397,29,29,5,5,23,24,5,Train/5/00005_00032_00007.png
4,23134,29,30,5,6,23,24,14,Train/14/00014_00017_00004.png
4,19974,78,64,7,6,71,58,12,Train/12/00012_00053_00024.png
4,1129,74,75,7,7,68,68,1,Train/1/00001_00018_00019.png
4,28139,116,104,11,9,111,95,23,Train/23/00023_00014_00029.png
4,33514,37,37,6,5,31,31,33,Train/33/00033_00014_00004.png
4,4042,40,41,6,5,35,36,2,Train/2/00002_00041_00022.png
4,38034,68,72,6,6,62,66,38,Train/38/00038_00067_00025.png
4,24010,33,34,6,6,28,29,15,Train/15/00015_00020_00010.png
4,1519,50,50,5,5,45,45,1,Train/1/00001_00031_00019.png
4,31119,53,47,6,6,48,42,28,Train/28/00028_00010_00009.png
4,8321,38,37,6,5,33,32,4,Train/4/00004_00062_00011.png
4,38402,30,32,5,6,25,26,40,Train/40/00040_00001_00003.png
4,32790,31,28,6,5,26,23,31,Train/31/00031_00024_00000.png
4,35448,47,47,5,6,41,42,36,Train/36/00036_00001_00019.png
4,36842,27,30,5,6,22,25,38,Train/38/00038_00028_00003.png
4,20849,105,93,10,9,96,85,13,Train/13/00013_00012_00029.png
4,3939,51,53,5,5,46,48,2,Train/2/00002_00038_00009.png
4,19576,52,52,5,5,47,47,12,Train/12/00012_00040_00016.png
4,7355,32,32,5,5,27,27,4,Train/4/00004_00030_00005.png
4,13769,77,75,6,6,70,69,9,Train/9/00009_00006_00029.png
4,25231,28,29,5,6,23,24,17,Train/17/00017_00026_00001.png
4,2008,97,97,8,8,89,89,1,Train/1/00001_00047_00028.png
4,15563,46,46,5,5,41,41,10,Train/10/00010_00017_00023.png
4,14604,60,59,5,6,55,54,9,Train/9/00009_00034_00024.png
4,7473,29,30,5,6,24,25,4,Train/4/00004_00034_00003.png
4,14619,36,37,5,6,31,32,9,Train/9/00009_00035_00009.png
4,5080,34,34,6,6,29,29,3,Train/3/00003_00001_00010.png
4,27576,36,33,6,6,31,28,22,Train/22/00022_00009_00006.png
4,14528,38,38,5,5,33,33,9,Train/9/00009_00032_00008.png
4,38322,39,38,6,6,34,33,39,Train/39/00039_00008_00013.png
4,23928,45,44,5,5,40,39,15,Train/15/00015_00017_00018.png
4,33609,33,42,5,6,28,37,33,Train/33/00033_00017_00009.png
4,32107,43,40,6,6,38,35,31,Train/31/00031_00001_00007.png
4,18692,37,40,6,6,32,34,12,Train/12/00012_00011_00002.png
4,33499,60,59,5,5,55,54,33,Train/33/00033_00013_00019.png
4,25134,71,71,6,7,65,65,17,Train/17/00017_00022_00024.png
4,37939,49,52,6,6,44,47,38,Train/38/00038_00064_00020.png
4,29793,36,34,6,6,31,29,25,Train/25/00025_00044_00003.png
4,12086,77,82,6,8,70,75,7,Train/7/00007_00045_00026.png
4,27090,31,27,6,5,26,22,21,Train/21/00021_00004_00000.png
4,1192,69,69,6,6,63,63,1,Train/1/00001_00020_00022.png
4,31739,168,148,15,13,154,136,30,Train/30/00030_00003_00029.png
4,9156,33,32,6,5,28,27,5,Train/5/00005_00024_00006.png
4,34052,32,31,6,5,27,26,34,Train/34/00034_00009_00003.png
4,33012,31,33,6,5,26,27,32,Train/32/00032_00005_00012.png
4,5411,36,36,6,5,31,31,3,Train/3/00003_00012_00011.png
4,14389,44,43,6,6,39,38,9,Train/9/00009_00027_00019.png
4,30112,74,68,6,7,68,62,26,Train/26/00026_00004_00022.png
4,30705,51,48,6,5,46,43,27,Train/27/00027_00004_00015.png
4,23003,54,55,5,6,49,50,14,Train/14/00014_00012_00023.png
4,18853,35,36,5,6,30,30,12,Train/12/00012_00016_00013.png
4,39104,41,41,5,5,36,36,42,Train/42/00042_00004_00015.png
4,3882,39,37,6,6,34,32,2,Train/2/00002_00036_00012.png
4,26344,42,35,6,5,36,30,18,Train/18/00018_00026_00004.png
4,7935,36,37,5,5,31,32,4,Train/4/00004_00049_00015.png
4,18443,81,82,7,7,73,75,12,Train/12/00012_00002_00023.png
4,18603,32,31,6,5,27,26,12,Train/12/00012_00008_00003.png
4,32264,43,41,6,6,38,36,31,Train/31/00031_00006_00014.png
4,19535,40,41,5,6,35,36,12,Train/12/00012_00039_00005.png
4,7006,50,52,6,5,45,47,4,Train/4/00004_00018_00016.png
4,2778,58,58,5,5,52,52,1,Train/1/00001_00073_00018.png
4,25045,69,68,7,7,63,62,17,Train/17/00017_00019_00025.png
4,28510,76,71,7,7,70,65,25,Train/25/00025_00001_00010.png
4,34209,46,46,6,6,40,41,35,Train/35/00035_00000_00010.png
4,1076,74,77,6,7,68,70,1,Train/1/00001_00016_00026.png
4,13560,34,33,6,5,29,28,9,Train/9/00009_00000_00000.png
4,11659,39,38,6,5,33,33,7,Train/7/00007_00031_00019.png
4,21555,42,42,5,5,37,37,13,Train/13/00013_00036_00015.png
4,2513,62,63,6,6,57,58,1,Train/1/00001_00064_00023.png
4,4243,35,34,5,6,29,28,2,Train/2/00002_00048_00013.png
4,29359,76,76,6,7,70,70,25,Train/25/00025_00029_00019.png
4,34291,26,27,5,6,21,22,35,Train/35/00035_00003_00002.png
4,9568,52,49,5,6,47,44,5,Train/5/00005_00037_00028.png
4,18021,77,75,7,6,71,68,11,Train/11/00011_00032_00021.png
4,30684,55,56,6,6,50,51,27,Train/27/00027_00003_00024.png
4,27979,57,51,6,5,52,46,23,Train/23/00023_00009_00019.png
4,12736,50,50,6,6,45,45,8,Train/8/00008_00019_00016.png
4,26266,51,47,6,6,46,42,18,Train/18/00018_00023_00016.png
4,22926,62,71,5,6,57,65,14,Train/14/00014_00010_00006.png
4,32750,43,43,6,6,38,38,31,Train/31/00031_00022_00020.png
4,5728,60,61,5,6,55,56,3,Train/3/00003_00022_00028.png
4,38889,30,32,5,6,25,27,41,Train/41/00041_00005_00010.png
4,2010,35,35,5,5,30,30,1,Train/1/00001_00048_00000.png
4,31123,63,53,6,5,58,48,28,Train/28/00028_00010_00013.png
4,14794,29,29,5,5,24,24,9,Train/9/00009_00041_00004.png
4,9335,31,30,6,5,26,25,5,Train/5/00005_00030_00005.png
4,25524,35,35,6,5,30,30,17,Train/17/00017_00035_00024.png
4,30640,42,38,5,5,36,32,27,Train/27/00027_00002_00010.png
4,37820,46,52,5,6,41,47,38,Train/38/00038_00060_00021.png
4,14019,43,43,5,5,38,38,9,Train/9/00009_00015_00009.png
4,28402,79,71,7,6,72,65,24,Train/24/00024_00006_00022.png
4,9232,45,40,6,6,40,34,5,Train/5/00005_00026_00022.png
4,36469,51,54,6,6,46,49,38,Train/38/00038_00015_00020.png
4,13625,40,40,5,6,35,35,9,Train/9/00009_00002_00005.png
4,33418,68,67,7,6,62,61,33,Train/33/00033_00010_00028.png
4,17618,34,30,5,6,29,25,11,Train/11/00011_00019_00008.png
4,31831,37,37,6,6,32,32,30,Train/30/00030_00007_00001.png
4,6881,34,33,6,5,29,28,4,Train/4/00004_00014_00011.png
4,6753,28,29,5,6,23,24,4,Train/4/00004_00010_00003.png
4,17756,80,71,8,7,73,65,11,Train/11/00011_00023_00026.png
4,3255,70,73,6,7,63,67,2,Train/2/00002_00015_00015.png
4,25556,30,38,5,5,25,33,17,Train/17/00017_00036_00026.png
4,24281,68,69,6,7,62,63,16,Train/16/00016_00008_00011.png
4,20236,48,48,6,6,43,43,12,Train/12/00012_00062_00016.png
4,5604,70,71,6,7,64,65,3,Train/3/00003_00018_00024.png
4,2651,39,39,6,6,34,34,1,Train/1/00001_00069_00011.png
4,32958,39,40,6,5,34,35,32,Train/32/00032_00003_00018.png
4,27086,108,96,9,8,99,88,21,Train/21/00021_00003_00026.png
4,22853,105,100,9,9,96,92,14,Train/14/00014_00007_00023.png
4,28687,63,56,6,6,57,51,25,Train/25/00025_00007_00007.png
4,27634,36,35,6,5,31,29,22,Train/22/00022_00011_00004.png
4,15866,84,85,8,7,77,78,10,Train/10/00010_00027_00026.png
4,4334,45,43,6,5,39,37,2,Train/2/00002_00051_00014.png
4,33019,32,35,5,6,27,30,32,Train/32/00032_00005_00019.png
4,36470,53,57,6,6,48,52,38,Train/38/00038_00015_00021.png
4,31431,60,56,6,6,55,51,29,Train/29/00029_00002_00021.png
4,14901,52,52,5,6,47,46,9,Train/9/00009_00044_00021.png
4,24779,50,53,5,6,45,48,17,Train/17/00017_00010_00029.png
4,8307,61,61,5,5,56,56,4,Train/4/00004_00061_00027.png
4,8958,52,52,5,5,47,47,5,Train/5/00005_00017_00018.png
4,454,28,30,5,6,23,25,0,Train/0/00000_00003_00004.png
4,32179,53,52,5,6,48,47,31,Train/31/00031_00003_00019.png
4,2762,47,47,5,6,42,42,1,Train/1/00001_00073_00002.png
4,39060,26,27,5,6,21,22,42,Train/42/00042_00003_00001.png
4,38850,27,27,6,6,22,22,41,Train/41/00041_00004_00001.png
4,22738,159,153,14,14,145,140,14,Train/14/00014_00003_00028.png
4,6045,37,38,5,5,31,32,3,Train/3/00003_00033_00015.png
4,37736,91,97,8,8,83,89,38,Train/38/00038_00057_00027.png
4,9687,62,68,5,6,57,62,5,Train/5/00005_00041_00027.png
4,3136,41,36,6,6,35,31,2,Train/2/00002_00011_00016.png
4,8706,34,34,6,6,29,29,5,Train/5/00005_00009_00006.png
4,15316,40,41,5,6,35,36,10,Train/10/00010_00009_00016.png
4,30241,31,27,6,5,26,22,26,Train/26/00026_00009_00001.png
4,17401,38,36,6,5,33,31,11,Train/11/00011_00012_00001.png
4,488,63,69,6,6,58,63,0,Train/0/00000_00004_00008.png
4,36478,82,97,8,8,75,89,38,Train/38/00038_00015_00029.png
4,2467,31,30,6,5,26,25,1,Train/1/00001_00063_00007.png
4,33687,36,39,5,6,30,33,33,Train/33/00033_00019_00027.png
4,7229,123,117,10,10,113,107,4,Train/4/00004_00025_00029.png
4,2526,30,32,5,5,24,26,1,Train/1/00001_00065_00006.png
4,15528,41,41,6,6,36,36,10,Train/10/00010_00016_00018.png
4,34744,32,30,6,5,26,25,35,Train/35/00035_00018_00005.png
4,33906,56,54,6,5,50,49,34,Train/34/00034_00004_00007.png
4,10409,83,86,8,7,76,79,6,Train/6/00006_00003_00029.png
4,20675,39,38,5,5,34,32,13,Train/13/00013_00007_00005.png
4,25840,36,33,6,6,31,28,18,Train/18/00018_00009_00010.png
4,18960,29,27,6,5,24,22,12,Train/12/00012_00020_00000.png
4,23479,50,60,6,6,44,54,15,Train/15/00015_00002_00019.png
4,7135,43,45,5,6,38,40,4,Train/4/00004_00022_00025.png
4,8560,33,35,5,6,28,30,5,Train/5/00005_00004_00010.png
4,14288,34,37,6,6,28,31,9,Train/9/00009_00024_00008.png
4,32727,80,81,7,8,73,74,31,Train/31/00031_00021_00027.png
4,29585,34,31,5,6,29,26,25,Train/25/00025_00037_00005.png
4,25393,37,38,5,5,32,33,17,Train/17/00017_00031_00013.png
4,14532,42,43,6,6,37,38,9,Train/9/00009_00032_00012.png
4,34324,28,28,5,5,23,23,35,Train/35/00035_00004_00005.png
4,932,28,29,5,5,23,24,1,Train/1/00001_00012_00002.png
4,37791,57,56,6,5,52,51,38,Train/38/00038_00059_00022.png
4,24697,27,30,5,6,22,25,17,Train/17/00017_00008_00007.png
4,12475,56,57,5,6,51,52,8,Train/8/00008_00010_00025.png
4,34519,61,61,6,6,56,56,35,Train/35/00035_00010_00020.png
4,18407,42,43,5,5,37,38,12,Train/12/00012_00001_00017.png
4,25381,25,28,5,5,20,23,17,Train/17/00017_00031_00001.png
4,15608,36,36,5,5,31,31,10,Train/10/00010_00019_00008.png
4,35499,32,33,5,6,27,28,36,Train/36/00036_00003_00010.png
4,5355,39,41,5,5,34,36,3,Train/3/00003_00010_00015.png
4,1842,45,47,5,6,40,42,1,Train/1/00001_00042_00012.png
4,21793,50,45,6,6,45,40,13,Train/13/00013_00044_00013.png
4,16594,35,36,5,6,30,31,10,Train/10/00010_00052_00004.png
4,16898,32,33,6,6,27,28,10,Train/10/00010_00062_00008.png
4,34389,36,36,6,5,31,31,35,Train/35/00035_00006_00010.png
4,6805,58,62,5,5,53,57,4,Train/4/00004_00011_00025.png
4,3847,36,37,5,6,31,32,2,Train/2/00002_00035_00007.png
4,18878,38,37,6,5,33,32,12,Train/12/00012_00017_00008.png
4,24611,35,35,6,6,30,30,17,Train/17/00017_00005_00011.png
4,30947,49,46,5,6,43,40,28,Train/28/00028_00004_00017.png
4,32779,49,47,6,5,44,42,31,Train/31/00031_00023_00019.png
4,28870,37,36,6,6,32,30,25,Train/25/00025_00013_00010.png
4,4389,35,34,5,5,30,28,2,Train/2/00002_00053_00009.png
4,23838,41,45,6,5,36,40,15,Train/15/00015_00014_00018.png
4,2970,25,27,5,6,20,21,2,Train/2/00002_00006_00000.png
4,11490,25,27,5,6,20,21,7,Train/7/00007_00026_00000.png
4,23450,47,99,6,8,42,91,15,Train/15/00015_00001_00020.png
4,10749,29,31,5,6,23,25,7,Train/7/00007_00001_00009.png
4,28860,27,26,5,5,22,20,25,Train/25/00025_00013_00000.png
4,17520,37,37,5,6,32,32,11,Train/11/00011_00016_00000.png
4,23483,62,74,6,6,57,68,15,Train/15/00015_00002_00023.png
4,35140,32,33,5,6,26,27,35,Train/35/00035_00031_00011.png
4,22707,70,69,7,7,64,63,14,Train/14/00014_00002_00027.png
4,20168,44,45,5,6,39,40,12,Train/12/00012_00060_00008.png
4,16719,35,35,6,6,30,30,10,Train/10/00010_00056_00009.png
4,32883,27,27,5,5,22,22,32,Train/32/00032_00001_00003.png
4,12970,31,29,6,6,25,24,8,Train/8/00008_00027_00010.png
4,27837,74,69,7,7,68,63,23,Train/23/00023_00004_00027.png
4,15368,37,38,5,6,32,33,10,Train/10/00010_00011_00008.png
4,37955,32,32,5,5,27,27,38,Train/38/00038_00065_00006.png
4,20312,42,44,6,5,37,38,12,Train/12/00012_00065_00002.png
4,25610,70,62,6,6,64,57,18,Train/18/00018_00001_00020.png
4,14487,62,64,5,6,57,59,9,Train/9/00009_00030_00027.png
4,26409,42,43,6,5,37,38,18,Train/18/00018_00028_00009.png
4,9218,31,29,5,5,26,24,5,Train/5/00005_00026_00008.png
4,20906,130,121,11,11,119,111,13,Train/13/00013_00014_00026.png
4,23881,28,29,6,6,22,23,15,Train/15/00015_00016_00001.png
4,29373,53,48,5,6,48,43,25,Train/25/00025_00030_00003.png
4,27903,37,33,6,6,32,28,23,Train/23/00023_00007_00003.png
4,16643,77,81,7,8,71,74,10,Train/10/00010_00053_00023.png
4,38136,49,55,5,6,44,50,39,Train/39/00039_00002_00007.png
4,16697,41,42,5,6,36,37,10,Train/10/00010_00055_00017.png
4,37187,42,42,6,5,37,37,38,Train/38/00038_00039_00018.png
4,32628,60,56,6,6,55,51,31,Train/31/00031_00018_00018.png
4,5287,32,33,5,6,27,28,3,Train/3/00003_00008_00007.png
4,31705,101,88,9,7,93,81,30,Train/30/00030_00002_00025.png
4,15323,51,51,6,6,46,46,10,Train/10/00010_00009_00023.png
4,25062,34,31,5,5,29,26,17,Train/17/00017_00020_00012.png
4,36451,30,32,5,6,25,27,38,Train/38/00038_00015_00002.png
4,24650,47,50,5,6,42,44,17,Train/17/00017_00006_00020.png
4,1143,30,30,5,5,25,25,1,Train/1/00001_00019_00003.png
4,37171,31,31,6,6,26,26,38,Train/38/00038_00039_00002.png
4,15257,48,48,5,5,43,43,10,Train/10/00010_00007_00017.png
4,14685,45,45,5,5,40,40,9,Train/9/00009_00037_00015.png
4,24420,51,49,6,5,45,44,16,Train/16/00016_00013_00000.png
4,14983,38,39,6,6,33,34,9,Train/9/00009_00047_00013.png
4,24049,91,91,8,8,83,83,16,Train/16/00016_00000_00019.png
4,1196,79,80,7,7,72,73,1,Train/1/00001_00020_00026.png
4,32504,53,49,5,5,48,44,31,Train/31/00031_00014_00014.png
4,7687,34,34,6,6,29,29,4,Train/4/00004_00041_00007.png
4,33435,48,48,5,6,43,43,33,Train/33/00033_00011_00015.png
4,14787,59,62,6,5,54,57,9,Train/9/00009_00040_00027.png
4,25529,38,39,5,5,33,34,17,Train/17/00017_00035_00029.png
4,25517,31,32,6,6,26,27,17,Train/17/00017_00035_00017.png
4,29020,39,37,5,5,34,31,25,Train/25/00025_00018_00010.png
4,23287,40,42,6,5,35,36,14,Train/14/00014_00022_00007.png
4,38209,52,55,5,6,47,50,39,Train/39/00039_00004_00020.png
4,25138,101,99,9,8,93,91,17,Train/17/00017_00022_00028.png
4,24249,30,30,5,6,24,25,16,Train/16/00016_00007_00009.png
4,4911,45,44,6,6,40,39,2,Train/2/00002_00070_00021.png
4,23939,74,73,7,7,68,66,15,Train/15/00015_00017_00029.png
4,32971,27,28,5,6,22,23,32,Train/32/00032_00004_00001.png
4,17720,94,86,8,7,86,79,11,Train/11/00011_00022_00020.png
4,2671,48,49,6,6,43,44,1,Train/1/00001_00070_00001.png
4,12479,75,75,7,7,69,69,8,Train/8/00008_00010_00029.png
4,30482,31,27,5,5,25,21,26,Train/26/00026_00017_00002.png
4,30748,92,83,9,7,84,75,27,Train/27/00027_00005_00028.png
4,6689,54,54,6,5,49,49,4,Train/4/00004_00007_00029.png
4,16990,31,30,6,6,26,25,10,Train/10/00010_00065_00010.png
4,34925,34,36,5,6,29,31,35,Train/35/00035_00024_00006.png
4,5844,49,50,6,6,44,45,3,Train/3/00003_00026_00024.png
4,20404,33,35,5,6,28,30,12,Train/12/00012_00068_00004.png
4,11742,34,39,5,6,29,34,7,Train/7/00007_00034_00012.png
4,35102,28,28,5,5,22,22,35,Train/35/00035_00030_00003.png
4,25151,33,33,5,5,27,28,17,Train/17/00017_00023_00011.png
4,20630,56,51,5,6,51,46,13,Train/13/00013_00005_00020.png
4,23395,60,61,6,5,55,56,14,Train/14/00014_00025_00025.png
4,35647,31,32,6,5,26,27,36,Train/36/00036_00008_00008.png
4,10674,44,45,6,5,39,40,6,Train/6/00006_00012_00024.png
4,29482,64,59,5,5,59,53,25,Train/25/00025_00033_00022.png
4,26614,31,28,6,5,26,22,18,Train/18/00018_00035_00004.png
4,4349,132,124,12,10,121,114,2,Train/2/00002_00051_00029.png
4,18422,33,34,6,6,28,29,12,Train/12/00012_00002_00002.png
4,914,40,40,5,5,35,35,1,Train/1/00001_00011_00014.png
4,18681,68,56,7,5,62,51,12,Train/12/00012_00010_00021.png
4,35716,39,39,6,5,34,34,36,Train/36/00036_00010_00017.png
4,31626,33,29,6,5,28,24,30,Train/30/00030_00000_00006.png
4,21324,50,47,6,6,45,42,13,Train/13/00013_00028_00024.png
4,12570,31,31,5,5,26,26,8,Train/8/00008_00014_00000.png
4,16955,28,28,6,5,23,23,10,Train/10/00010_00064_00005.png
4,21006,38,36,6,5,33,31,13,Train/13/00013_00018_00006.png
4,23833,36,40,6,5,31,35,15,Train/15/00015_00014_00013.png
4,22007,49,45,6,5,44,40,13,Train/13/00013_00051_00017.png
4,3822,36,37,5,6,31,32,2,Train/2/00002_00034_00012.png
4,18934,30,31,5,5,25,26,12,Train/12/00012_00019_00004.png
4,10495,64,67,5,6,59,61,6,Train/6/00006_00006_00025.png
4,3978,39,40,6,5,34,34,2,Train/2/00002_00039_00018.png
4,10076,48,46,6,5,43,41,5,Train/5/00005_00054_00026.png
4,5058,41,42,5,5,36,37,3,Train/3/00003_00000_00018.png
4,3419,71,75,7,6,65,69,2,Train/2/00002_00020_00029.png
4,34915,79,76,7,7,72,70,35,Train/35/00035_00023_00026.png
4,17862,59,53,6,6,54,48,11,Train/11/00011_00027_00012.png
4,10454,34,36,6,5,28,30,6,Train/6/00006_00005_00014.png
4,37349,26,28,5,6,21,23,38,Train/38/00038_00045_00000.png
4,32388,42,38,6,5,37,33,31,Train/31/00031_00010_00018.png
4,23665,57,57,5,5,52,52,15,Train/15/00015_00008_00025.png
4,35197,32,33,6,5,27,27,35,Train/35/00035_00033_00008.png
4,36371,30,30,5,6,25,25,38,Train/38/00038_00012_00012.png
4,4135,74,74,7,7,68,68,2,Train/2/00002_00044_00025.png
4,36992,26,30,5,5,21,25,38,Train/38/00038_00033_00003.png
4,13619,119,117,11,10,109,106,9,Train/9/00009_00001_00029.png
4,4950,27,26,6,5,21,21,2,Train/2/00002_00072_00000.png
4,38560,47,46,5,5,41,41,40,Train/40/00040_00006_00011.png
4,29605,85,79,8,7,77,72,25,Train/25/00025_00037_00025.png
4,23822,28,33,5,5,23,27,15,Train/15/00015_00014_00002.png
4,9417,55,56,6,6,50,51,5,Train/5/00005_00032_00027.png
4,36975,47,46,6,5,42,41,38,Train/38/00038_00032_00016.png
4,19374,58,63,5,5,53,58,12,Train/12/00012_00033_00024.png
4,33243,67,65,6,5,61,59,33,Train/33/00033_00005_00003.png
4,11186,62,72,5,7,57,66,7,Train/7/00007_00015_00026.png
4,7864,40,41,6,6,35,35,4,Train/4/00004_00047_00004.png
4,11012,32,32,5,5,27,27,7,Train/7/00007_00010_00002.png
4,7590,30,30,6,6,25,25,4,Train/4/00004_00038_00000.png
4,7868,44,43,5,5,38,38,4,Train/4/00004_00047_00008.png
4,2632,57,58,5,6,51,52,1,Train/1/00001_00068_00022.png
4,26147,60,60,5,5,55,55,18,Train/18/00018_00019_00017.png
4,13848,49,48,6,6,43,43,9,Train/9/00009_00009_00018.png
4,37706,108,116,9,10,98,106,38,Train/38/00038_00056_00027.png
4,17981,54,49,6,5,49,44,11,Train/11/00011_00031_00011.png
4,6396,32,32,6,6,27,27,3,Train/3/00003_00045_00006.png
4,16852,46,42,5,5,40,37,10,Train/10/00010_00060_00022.png
4,16133,46,40,5,5,41,35,10,Train/10/00010_00036_00023.png
4,4886,33,34,6,6,28,29,2,Train/2/00002_00069_00026.png
4,38993,53,54,5,5,48,49,42,Train/42/00042_00000_00024.png
4,13706,58,58,5,5,53,53,9,Train/9/00009_00004_00026.png
4,12249,33,33,5,5,27,27,8,Train/8/00008_00003_00009.png
4,10445,28,29,6,5,23,24,6,Train/6/00006_00005_00005.png
4,30479,69,60,7,5,63,55,26,Train/26/00026_00016_00029.png
4,36917,36,40,5,6,31,35,38,Train/38/00038_00030_00018.png
4,28150,50,47,6,6,45,42,23,Train/23/00023_00015_00010.png
4,35034,43,45,5,5,38,39,35,Train/35/00035_00027_00025.png
4,30382,49,49,5,5,44,43,26,Train/26/00026_00013_00022.png
4,6797,41,41,5,5,35,36,4,Train/4/00004_00011_00017.png
4,28721,94,87,9,8,85,80,25,Train/25/00025_00008_00011.png
4,5960,50,52,6,6,45,47,3,Train/3/00003_00030_00020.png
4,10085,31,32,5,6,26,27,5,Train/5/00005_00055_00005.png
4,32347,40,38,6,5,35,33,31,Train/31/00031_00009_00007.png
4,17785,85,75,8,7,78,69,11,Train/11/00011_00024_00025.png
4,22506,59,51,6,6,54,46,13,Train/13/00013_00068_00006.png
4,36535,59,58,6,5,54,53,38,Train/38/00038_00017_00026.png
4,38332,55,58,5,6,50,53,39,Train/39/00039_00008_00023.png
4,17375,45,43,5,6,40,38,11,Train/11/00011_00011_00005.png
4,35290,32,33,5,5,27,28,35,Train/35/00035_00036_00011.png
4,30934,36,32,6,6,31,27,28,Train/28/00028_00004_00004.png
4,19283,42,42,5,5,37,37,12,Train/12/00012_00030_00023.png
4,38967,63,65,6,6,58,60,41,Train/41/00041_00007_00028.png
4,31877,47,42,5,5,42,37,30,Train/30/00030_00008_00017.png
4,3359,120,117,11,10,110,107,2,Train/2/00002_00018_00029.png
4,1039,47,48,5,5,42,42,1,Train/1/00001_00015_00019.png
4,3087,133,124,12,10,122,114,2,Train/2/00002_00009_00027.png
4,39138,37,36,5,5,32,31,42,Train/42/00042_00005_00019.png
4,28658,32,30,6,5,27,25,25,Train/25/00025_00006_00008.png
4,37578,68,103,7,9,62,94,38,Train/38/00038_00052_00019.png
4,16180,31,32,5,5,26,26,10,Train/10/00010_00038_00010.png
4,35687,40,40,6,5,35,35,36,Train/36/00036_00009_00018.png
4,19779,45,48,6,6,40,43,12,Train/12/00012_00047_00009.png
4,8921,38,38,5,5,33,33,5,Train/5/00005_00016_00011.png
4,33830,40,39,6,5,35,34,34,Train/34/00034_00001_00021.png
4,29655,45,42,5,6,40,37,25,Train/25/00025_00039_00015.png
4,39032,29,29,6,6,24,24,42,Train/42/00042_00002_00003.png
4,12115,40,42,5,5,35,37,7,Train/7/00007_00046_00025.png
4,12483,33,33,6,6,28,28,8,Train/8/00008_00011_00003.png
4,7202,36,32,6,5,31,27,4,Train/4/00004_00025_00002.png
4,16628,43,42,6,5,38,37,10,Train/10/00010_00053_00008.png
4,36143,51,54,6,5,46,49,38,Train/38/00038_00004_00024.png
4,382,63,61,6,5,57,56,0,Train/0/00000_00000_00022.png
4,33979,36,39,6,6,31,34,34,Train/34/00034_00006_00020.png
4,17976,42,42,5,6,37,36,11,Train/11/00011_00031_00006.png
4,11868,43,43,6,6,38,38,7,Train/7/00007_00038_00018.png
4,31048,107,94,9,9,98,86,28,Train/28/00028_00007_00028.png
4,27384,83,82,8,7,76,75,22,Train/22/00022_00002_00024.png
4,26297,48,47,5,6,42,42,18,Train/18/00018_00024_00017.png
4,24093,27,27,5,5,22,22,16,Train/16/00016_00002_00003.png
4,19495,106,107,9,10,97,98,12,Train/12/00012_00037_00025.png
4,36770,46,45,6,5,41,40,38,Train/38/00038_00025_00021.png
4,7167,42,43,5,5,37,38,4,Train/4/00004_00023_00027.png
4,36525,42,43,5,6,37,38,38,Train/38/00038_00017_00016.png
4,16692,36,37,5,6,31,32,10,Train/10/00010_00055_00012.png
4,19607,38,39,5,6,33,34,12,Train/12/00012_00041_00017.png
4,36537,64,68,5,7,59,62,38,Train/38/00038_00017_00028.png
4,24702,27,31,5,6,22,26,17,Train/17/00017_00008_00012.png
4,14947,47,45,5,5,42,39,9,Train/9/00009_00046_00007.png
4,15942,32,32,5,5,27,27,10,Train/10/00010_00030_00012.png
4,31317,93,89,9,8,85,82,28,Train/28/00028_00016_00027.png
4,15975,39,40,6,6,34,34,10,Train/10/00010_00031_00015.png
4,33778,59,58,5,5,54,53,33,Train/33/00033_00022_00029.png
4,23840,45,50,6,6,40,45,15,Train/15/00015_00014_00020.png
4,23029,94,95,8,8,86,87,14,Train/14/00014_00013_00019.png
4,18433,45,50,6,6,40,45,12,Train/12/00012_00002_00013.png
4,32431,31,31,5,5,26,25,31,Train/31/00031_00012_00001.png
4,7375,75,75,6,7,69,69,4,Train/4/00004_00030_00025.png
4,22346,108,97,10,9,99,89,13,Train/13/00013_00062_00026.png
4,34734,95,94,8,9,86,85,35,Train/35/00035_00017_00025.png
4,6981,41,44,5,6,35,38,4,Train/4/00004_00017_00021.png
4,4446,31,32,5,6,26,27,2,Train/2/00002_00055_00006.png
4,13106,84,89,7,8,76,81,8,Train/8/00008_00031_00026.png
4,21730,46,40,6,6,41,35,13,Train/13/00013_00042_00010.png
4,15433,44,45,5,6,39,40,10,Train/10/00010_00013_00013.png
4,7416,31,31,6,5,26,26,4,Train/4/00004_00032_00006.png
4,37341,64,64,6,5,59,59,38,Train/38/00038_00044_00022.png
4,22100,118,110,11,10,107,101,13,Train/13/00013_00054_00020.png
4,32700,33,33,6,6,28,28,31,Train/31/00031_00021_00000.png
4,17456,104,94,10,9,95,86,11,Train/11/00011_00013_00026.png
4,37556,85,87,8,8,78,80,38,Train/38/00038_00051_00027.png
4,14899,50,46,6,5,44,41,9,Train/9/00009_00044_00019.png
4,22400,35,34,6,5,30,29,13,Train/13/00013_00064_00020.png
4,14338,87,88,7,8,80,81,9,Train/9/00009_00025_00028.png
4,14959,71,69,7,6,65,63,9,Train/9/00009_00046_00019.png
4,5460,29,30,5,6,24,25,3,Train/3/00003_00014_00000.png
4,7890,29,30,5,6,24,25,4,Train/4/00004_00048_00000.png
4,18757,31,29,6,5,25,24,12,Train/12/00012_00013_00007.png
4,10128,48,48,5,6,43,43,5,Train/5/00005_00056_00018.png
4,29322,60,58,5,5,55,53,25,Train/25/00025_00028_00012.png
4,150,28,26,5,6,22,21,20,Train/20/00020_00005_00000.png
4,12197,41,43,6,6,36,37,8,Train/8/00008_00001_00017.png
4,36583,37,37,6,6,32,32,38,Train/38/00038_00019_00014.png
4,10828,107,111,9,9,98,102,7,Train/7/00007_00003_00028.png
4,32426,61,59,5,5,56,54,31,Train/31/00031_00011_00026.png
4,10238,27,31,5,6,22,25,5,Train/5/00005_00060_00008.png
4,20067,77,81,7,8,70,73,12,Train/12/00012_00056_00027.png
4,24367,28,30,5,6,23,25,16,Train/16/00016_00011_00007.png
4,23797,36,38,6,5,31,33,15,Train/15/00015_00013_00007.png
4,1381,31,32,6,6,26,26,1,Train/1/00001_00027_00001.png
4,19976,85,70,8,7,78,64,12,Train/12/00012_00053_00026.png
4,34888,54,54,6,6,49,49,35,Train/35/00035_00022_00029.png
4,33226,43,43,6,5,38,38,33,Train/33/00033_00004_00016.png
4,3453,29,30,6,5,24,24,2,Train/2/00002_00022_00003.png
4,5377,33,33,5,5,28,28,3,Train/3/00003_00011_00007.png
4,72,44,41,6,6,39,36,20,Train/20/00020_00002_00012.png
4,830,53,59,5,5,48,54,1,Train/1/00001_00008_00020.png
4,3250,60,63,6,6,55,57,2,Train/2/00002_00015_00010.png
4,21010,39,39,6,6,34,34,13,Train/13/00013_00018_00010.png
4,8037,59,59,5,5,54,54,4,Train/4/00004_00052_00027.png
4,2549,144,144,13,12,131,132,1,Train/1/00001_00065_00029.png
4,11297,41,44,6,6,36,39,7,Train/7/00007_00019_00017.png
4,28868,32,33,5,6,27,28,25,Train/25/00025_00013_00008.png
4,28626,36,35,5,6,30,30,25,Train/25/00025_00005_00006.png
4,26924,45,41,6,6,40,36,19,Train/19/00019_00005_00014.png
4,16,45,39,6,5,40,34,20,Train/20/00020_00000_00016.png
4,5868,38,39,6,5,33,34,3,Train/3/00003_00027_00018.png
4,20242,69,69,7,7,63,63,12,Train/12/00012_00062_00022.png
4,30554,39,35,5,5,34,30,26,Train/26/00026_00019_00014.png
4,17007,43,43,5,5,38,38,10,Train/10/00010_00065_00027.png
4,31425,50,46,5,6,45,41,29,Train/29/00029_00002_00015.png
4,15205,53,52,6,5,48,47,10,Train/10/00010_00005_00025.png
4,17977,45,44,5,6,39,38,11,Train/11/00011_00031_00007.png
4,26996,111,101,10,8,101,92,21,Train/21/00021_00000_00026.png
4,32617,41,39,6,6,36,34,31,Train/31/00031_00018_00007.png
4,38206,45,48,5,6,40,43,39,Train/39/00039_00004_00017.png
4,14082,34,38,5,5,29,33,9,Train/9/00009_00017_00012.png
4,4061,33,32,6,5,28,27,2,Train/2/00002_00042_00011.png
4,38574,96,96,8,9,88,88,40,Train/40/00040_00006_00025.png
4,31002,51,46,6,6,45,40,28,Train/28/00028_00006_00012.png
4,13938,48,50,5,5,43,45,9,Train/9/00009_00012_00018.png
4,12646,38,40,5,6,33,35,8,Train/8/00008_00016_00016.png
4,19008,52,53,6,5,47,48,12,Train/12/00012_00021_00018.png
4,27541,28,26,6,5,23,21,22,Train/22/00022_00008_00001.png
4,36146,62,69,5,7,57,63,38,Train/38/00038_00004_00027.png
4,30276,35,31,6,5,29,26,26,Train/26/00026_00010_00006.png
4,14183,30,31,5,6,25,26,9,Train/9/00009_00020_00023.png
4,1281,44,41,6,6,39,36,1,Train/1/00001_00023_00021.png
4,28214,41,36,6,5,36,31,24,Train/24/00024_00000_00014.png
4,19517,48,48,5,5,43,43,12,Train/12/00012_00038_00017.png
4,18781,35,33,6,5,30,28,12,Train/12/00012_00014_00001.png
4,18086,123,111,10,10,113,101,11,Train/11/00011_00034_00026.png
4,24037,59,60,5,5,54,55,16,Train/16/00016_00000_00007.png
4,23977,28,28,5,5,23,23,15,Train/15/00015_00019_00007.png
4,38576,113,110,10,9,103,101,40,Train/40/00040_00006_00027.png
4,17345,54,50,6,6,49,45,11,Train/11/00011_00010_00005.png
4,16645,94,96,8,8,86,88,10,Train/10/00010_00053_00025.png
4,5061,48,49,5,5,42,43,3,Train/3/00003_00000_00021.png
4,12613,37,35,5,5,32,30,8,Train/8/00008_00015_00013.png
4,26404,38,39,6,6,33,34,18,Train/18/00018_00028_00004.png
4,10853,61,60,6,5,56,55,7,Train/7/00007_00004_00023.png
4,21740,58,50,6,5,53,45,13,Train/13/00013_00042_00020.png
4,24715,30,34,5,5,25,29,17,Train/17/00017_00008_00025.png
4,18471,58,57,6,5,53,52,12,Train/12/00012_00003_00021.png
4,550,42,45,5,5,37,39,0,Train/0/00000_00006_00010.png
4,19318,86,86,8,8,79,79,12,Train/12/00012_00031_00028.png
4,15714,53,55,5,6,48,50,10,Train/10/00010_00022_00024.png
4,29331,88,83,7,7,81,76,25,Train/25/00025_00028_00021.png
4,14114,37,36,6,6,32,31,9,Train/9/00009_00018_00014.png
4,17284,49,45,5,5,44,40,11,Train/11/00011_00008_00004.png
4,17762,32,32,5,5,27,27,11,Train/11/00011_00024_00002.png
4,384,76,76,7,7,70,70,0,Train/0/00000_00000_00024.png
4,23464,31,36,6,6,26,31,15,Train/15/00015_00002_00004.png
4,1981,35,36,5,6,30,31,1,Train/1/00001_00047_00001.png
4,34104,54,65,6,6,48,59,34,Train/34/00034_00010_00025.png
4,32557,37,36,6,6,32,31,31,Train/31/00031_00016_00007.png
4,33775,56,55,6,5,50,49,33,Train/33/00033_00022_00026.png
4,14296,42,44,6,5,37,39,9,Train/9/00009_00024_00016.png
4,2545,79,80,7,7,72,73,1,Train/1/00001_00065_00025.png
4,3188,32,33,5,5,27,28,2,Train/2/00002_00013_00008.png
4,38484,88,86,7,8,81,79,40,Train/40/00040_00003_00025.png
4,38204,42,44,5,5,37,39,39,Train/39/00039_00004_00015.png
4,11756,53,54,6,5,48,49,7,Train/7/00007_00034_00026.png
4,9388,59,61,5,5,54,56,5,Train/5/00005_00031_00028.png
4,6971,34,35,6,5,29,29,4,Train/4/00004_00017_00011.png
4,35441,38,38,6,5,33,33,36,Train/36/00036_00001_00012.png
4,24227,100,101,8,9,92,93,16,Train/16/00016_00006_00017.png
4,7430,48,49,5,5,43,44,4,Train/4/00004_00032_00020.png
4,6946,39,41,6,5,34,36,4,Train/4/00004_00016_00016.png
4,29145,61,56,6,6,56,51,25,Train/25/00025_00022_00015.png
4,5529,37,37,5,5,31,32,3,Train/3/00003_00016_00009.png
4,10947,103,103,9,9,94,94,7,Train/7/00007_00007_00027.png
4,28140,39,36,5,5,34,31,23,Train/23/00023_00015_00000.png
4,30618,59,55,5,5,54,50,27,Train/27/00027_00001_00018.png
4,20064,63,65,6,6,58,60,12,Train/12/00012_00056_00024.png
4,34229,29,29,6,6,24,24,35,Train/35/00035_00001_00000.png
4,61,33,33,5,6,28,28,20,Train/20/00020_00002_00001.png
4,18207,108,95,10,8,99,87,11,Train/11/00011_00038_00027.png
4,20900,87,79,7,7,80,72,13,Train/13/00013_00014_00020.png
4,9740,44,44,6,6,39,39,5,Train/5/00005_00043_00020.png
4,10792,72,77,6,7,66,71,7,Train/7/00007_00002_00022.png
4,20898,76,71,6,7,70,65,13,Train/13/00013_00014_00018.png
4,16749,38,36,6,6,33,31,10,Train/10/00010_00057_00009.png
4,11045,36,36,5,5,31,31,7,Train/7/00007_00011_00005.png
4,33048,40,41,5,6,35,36,32,Train/32/00032_00006_00018.png
4,36708,49,50,5,5,44,45,38,Train/38/00038_00023_00019.png
4,26371,28,27,5,5,22,22,18,Train/18/00018_00027_00001.png
4,35812,50,47,6,5,44,42,37,Train/37/00037_00000_00023.png
4,10297,34,35,5,5,29,30,6,Train/6/00006_00000_00007.png
4,11670,30,32,5,5,25,27,7,Train/7/00007_00032_00000.png
4,7022,34,34,5,5,29,29,4,Train/4/00004_00019_00002.png
4,22006,48,44,6,5,43,39,13,Train/13/00013_00051_00016.png
4,29993,77,71,7,7,71,65,26,Train/26/00026_00000_00023.png
4,17450,71,68,7,6,64,61,11,Train/11/00011_00013_00020.png
4,24162,34,35,5,6,29,30,16,Train/16/00016_00004_00012.png
4,28335,48,45,5,5,42,39,24,Train/24/00024_00004_00015.png
4,2059,52,52,6,6,47,47,1,Train/1/00001_00049_00019.png
4,37043,54,57,5,5,49,52,38,Train/38/00038_00034_00024.png
4,9869,95,100,8,9,87,92,5,Train/5/00005_00047_00029.png
4,20319,49,51,5,6,44,46,12,Train/12/00012_00065_00009.png
4,23183,99,104,8,10,91,95,14,Train/14/00014_00018_00023.png
4,28885,75,73,7,7,69,67,25,Train/25/00025_00013_00025.png
4,23303,75,87,7,8,69,80,14,Train/14/00014_00022_00023.png
4,15120,31,31,6,6,26,26,10,Train/10/00010_00003_00000.png
4,25678,134,124,11,11,123,114,18,Train/18/00018_00003_00028.png
4,38241,58,59,5,6,53,54,39,Train/39/00039_00005_00022.png
4,7341,53,53,5,5,48,48,4,Train/4/00004_00029_00021.png
4,1647,76,73,6,6,70,66,1,Train/1/00001_00035_00027.png
4,17925,70,63,6,5,64,58,11,Train/11/00011_00029_00015.png
4,9366,27,28,5,5,22,23,5,Train/5/00005_00031_00006.png
4,22390,31,30,6,5,26,25,13,Train/13/00013_00064_00010.png
4,27877,38,34,5,5,33,29,23,Train/23/00023_00006_00007.png
4,36040,36,44,5,5,31,39,38,Train/38/00038_00001_00011.png
4,30384,54,53,5,5,49,48,26,Train/26/00026_00013_00024.png
4,8902,65,69,6,7,60,63,5,Train/5/00005_00015_00022.png
4,9707,44,45,5,5,39,40,5,Train/5/00005_00042_00017.png
4,16983,29,27,6,5,23,22,10,Train/10/00010_00065_00003.png
4,36119,29,28,6,5,24,23,38,Train/38/00038_00004_00000.png
4,18921,65,65,6,6,60,60,12,Train/12/00012_00018_00021.png
4,27359,85,81,8,8,78,74,22,Train/22/00022_00001_00029.png
4,22833,36,35,6,5,31,30,14,Train/14/00014_00007_00003.png
4,22992,47,46,6,5,41,40,14,Train/14/00014_00012_00012.png
4,38036,86,89,8,8,79,82,38,Train/38/00038_00067_00027.png
4,15557,40,41,5,6,35,36,10,Train/10/00010_00017_00017.png
4,3037,30,30,6,6,24,25,2,Train/2/00002_00008_00007.png
4,9497,47,46,6,6,41,41,5,Train/5/00005_00035_00017.png
4,14244,58,60,6,6,53,55,9,Train/9/00009_00022_00024.png
4,10273,33,33,6,6,28,28,5,Train/5/00005_00061_00013.png
4,9126,35,35,6,6,30,30,5,Train/5/00005_00023_00006.png
4,8847,65,64,6,5,60,59,5,Train/5/00005_00013_00027.png
4,8939,120,119,11,10,110,109,5,Train/5/00005_00016_00029.png
4,15868,108,110,9,10,99,101,10,Train/10/00010_00027_00028.png
4,15492,37,37,6,6,32,32,10,Train/10/00010_00015_00012.png
4,34261,32,32,6,6,26,26,35,Train/35/00035_00002_00002.png
4,20545,62,63,5,5,57,58,13,Train/13/00013_00002_00025.png
4,15477,64,65,5,6,59,60,10,Train/10/00010_00014_00027.png
4,571,55,57,5,6,50,52,1,Train/1/00001_00000_00001.png
4,9699,35,36,6,6,30,31,5,Train/5/00005_00042_00009.png
4,1428,45,53,6,6,40,48,1,Train/1/00001_00028_00018.png
4,4583,86,83,8,7,79,76,2,Train/2/00002_00059_00023.png
4,18753,27,28,5,6,22,23,12,Train/12/00012_00013_00003.png
4,10732,56,54,6,6,51,49,7,Train/7/00007_00000_00022.png
4,18580,37,39,6,6,32,34,12,Train/12/00012_00007_00010.png
4,21901,48,45,6,5,43,40,13,Train/13/00013_00048_00001.png
4,13787,43,42,6,5,38,36,9,Train/9/00009_00007_00017.png
4,23477,45,53,6,6,39,48,15,Train/15/00015_00002_00017.png
4,19045,64,61,6,5,59,56,12,Train/12/00012_00022_00025.png
4,18880,40,40,6,5,35,34,12,Train/12/00012_00017_00010.png
4,8756,55,57,5,6,50,51,5,Train/5/00005_00010_00026.png
4,19520,52,53,5,6,47,48,12,Train/12/00012_00038_00020.png
4,32240,47,46,5,6,42,41,31,Train/31/00031_00005_00020.png
4,8469,30,30,6,5,24,24,5,Train/5/00005_00001_00009.png
4,18185,51,46,5,5,46,40,11,Train/11/00011_00038_00005.png
4,34590,26,26,5,5,21,21,35,Train/35/00035_00013_00001.png
4,39154,30,31,5,6,25,26,42,Train/42/00042_00006_00005.png
4,25674,97,92,8,8,88,84,18,Train/18/00018_00003_00024.png
4,9933,31,31,6,6,26,26,5,Train/5/00005_00050_00003.png
4,10246,33,36,5,5,27,30,5,Train/5/00005_00060_00016.png
4,31685,39,37,5,5,34,32,30,Train/30/00030_00002_00005.png
4,37845,40,42,5,6,35,37,38,Train/38/00038_00061_00016.png
4,182,28,28,5,6,22,22,20,Train/20/00020_00006_00002.png
4,4844,38,38,6,6,33,33,2,Train/2/00002_00068_00014.png
4,17972,38,39,5,6,33,34,11,Train/11/00011_00031_00002.png
4,18419,95,96,8,8,87,88,12,Train/12/00012_00001_00029.png
4,20949,45,40,6,5,40,35,13,Train/13/00013_00016_00009.png
4,26421,61,64,6,6,56,59,18,Train/18/00018_00028_00021.png
4,5176,40,41,5,6,35,36,3,Train/3/00003_00004_00016.png
4,35173,38,38,5,5,32,32,35,Train/35/00035_00032_00014.png
4,13149,29,30,5,5,24,25,8,Train/8/00008_00033_00009.png
4,29814,80,74,7,7,73,68,25,Train/25/00025_00044_00024.png
4,30774,58,57,5,5,53,52,27,Train/27/00027_00006_00024.png
4,19028,39,38,6,6,34,33,12,Train/12/00012_00022_00008.png
4,39145,53,51,6,5,47,46,42,Train/42/00042_00005_00026.png
4,20283,29,30,6,6,24,25,12,Train/12/00012_00064_00003.png
4,17396,106,93,10,8,96,85,11,Train/11/00011_00011_00026.png
4,25751,53,47,6,6,47,42,18,Train/18/00018_00006_00011.png
4,33438,55,54,6,5,50,49,33,Train/33/00033_00011_00018.png
4,11041,33,33,5,6,27,28,7,Train/7/00007_00011_00001.png
4,25218,44,45,5,5,39,40,17,Train/17/00017_00025_00018.png
4,3816,32,34,5,6,27,29,2,Train/2/00002_00034_00006.png
4,644,54,56,6,6,49,51,1,Train/1/00001_00002_00014.png
4,3770,45,42,5,5,40,37,2,Train/2/00002_00032_00020.png
4,19651,27,27,5,5,22,22,12,Train/12/00012_00043_00001.png
4,18549,44,44,5,5,39,39,12,Train/12/00012_00006_00009.png
4,562,72,76,6,6,66,69,0,Train/0/00000_00006_00022.png
4,6871,27,27,5,5,22,22,4,Train/4/00004_00014_00001.png
4,5100,30,29,6,5,25,24,3,Train/3/00003_00002_00000.png
4,31632,46,37,6,5,41,32,30,Train/30/00030_00000_00012.png
4,6519,36,36,6,5,31,31,4,Train/4/00004_00002_00009.png
4,6607,49,48,5,5,43,43,4,Train/4/00004_00005_00007.png
4,28865,31,31,6,6,26,26,25,Train/25/00025_00013_00005.png
4,26208,44,42,6,6,39,37,18,Train/18/00018_00021_00018.png
4,21640,35,32,5,6,30,27,13,Train/13/00013_00039_00010.png
4,9891,51,52,5,5,46,47,5,Train/5/00005_00048_00021.png
4,12259,44,44,6,5,39,39,8,Train/8/00008_00003_00019.png
4,31660,39,36,6,6,34,31,30,Train/30/00030_00001_00010.png
4,4724,36,35,6,6,30,29,2,Train/2/00002_00064_00014.png
4,24152,27,27,5,5,22,22,16,Train/16/00016_00004_00002.png
4,16686,33,32,6,5,28,27,10,Train/10/00010_00055_00006.png
4,3962,27,27,5,5,22,22,2,Train/2/00002_00039_00002.png
4,27105,40,36,6,5,35,31,21,Train/21/00021_00004_00015.png
4,6621,83,84,7,8,75,76,4,Train/4/00004_00005_00021.png
4,8682,40,41,5,6,35,36,5,Train/5/00005_00008_00012.png
4,3333,30,30,6,6,25,25,2,Train/2/00002_00018_00003.png
4,10005,38,38,5,5,33,33,5,Train/5/00005_00052_00015.png
4,16394,45,47,5,6,40,42,10,Train/10/00010_00045_00014.png
4,24071,50,53,5,6,45,48,16,Train/16/00016_00001_00011.png
4,17034,42,41,6,5,37,36,10,Train/10/00010_00066_00024.png
4,20375,34,34,6,5,29,29,12,Train/12/00012_00067_00005.png
4,37839,41,41,6,5,36,36,38,Train/38/00038_00061_00010.png
4,37434,32,33,6,6,27,27,38,Train/38/00038_00047_00025.png
4,2707,41,40,6,5,36,35,1,Train/1/00001_00071_00007.png
4,12725,35,36,5,6,30,31,8,Train/8/00008_00019_00005.png
4,4864,29,30,6,6,24,25,2,Train/2/00002_00069_00004.png
4,4838,32,32,6,5,27,27,2,Train/2/00002_00068_00008.png
4,17074,59,53,6,5,54,48,11,Train/11/00011_00001_00004.png
4,26655,62,61,5,6,57,56,18,Train/18/00018_00036_00015.png
4,851,36,36,5,6,30,30,1,Train/1/00001_00009_00011.png
4,20749,53,52,6,6,48,46,13,Train/13/00013_00009_00019.png
4,36051,54,72,5,6,49,66,38,Train/38/00038_00001_00022.png
4,36460,37,40,5,6,31,34,38,Train/38/00038_00015_00011.png
4,31058,68,61,7,6,62,55,28,Train/28/00028_00008_00008.png
4,22333,43,42,6,6,38,37,13,Train/13/00013_00062_00013.png
4,5575,80,85,7,7,73,78,3,Train/3/00003_00017_00025.png
4,38092,137,140,12,12,126,127,39,Train/39/00039_00000_00023.png
4,2285,31,31,6,6,25,26,1,Train/1/00001_00057_00005.png
4,30526,45,40,5,5,39,35,26,Train/26/00026_00018_00016.png
4,510,27,27,5,6,22,22,0,Train/0/00000_00005_00000.png
4,18378,40,46,5,6,34,40,12,Train/12/00012_00000_00018.png
4,35363,48,52,5,6,43,47,35,Train/35/00035_00038_00024.png
4,2150,52,54,5,6,46,49,1,Train/1/00001_00052_00020.png
4,16881,52,43,6,6,47,38,10,Train/10/00010_00061_00021.png
4,2732,37,36,6,5,32,31,1,Train/1/00001_00072_00002.png
4,20001,55,56,5,6,50,51,12,Train/12/00012_00054_00021.png
4,19703,68,68,6,6,62,62,12,Train/12/00012_00044_00023.png
4,17871,85,74,8,7,78,68,11,Train/11/00011_00027_00021.png
4,22025,31,29,5,5,26,24,13,Train/13/00013_00052_00005.png
4,18582,39,40,6,5,34,35,12,Train/12/00012_00007_00012.png
4,21742,62,54,5,6,57,49,13,Train/13/00013_00042_00022.png
4,13695,37,38,5,6,32,33,9,Train/9/00009_00004_00015.png
4,31075,132,117,12,10,120,106,28,Train/28/00028_00008_00025.png
4,28634,46,42,6,5,40,36,25,Train/25/00025_00005_00014.png
4,31364,39,56,6,6,34,51,29,Train/29/00029_00000_00014.png
4,2028,47,48,5,6,42,43,1,Train/1/00001_00048_00018.png
4,20884,48,43,6,5,42,38,13,Train/13/00013_00014_00004.png
4,13573,43,42,5,5,38,37,9,Train/9/00009_00000_00013.png
4,9278,37,37,5,5,32,32,5,Train/5/00005_00028_00008.png
4,16748,37,35,6,6,32,30,10,Train/10/00010_00057_00008.png
4,13916,99,101,9,9,90,92,9,Train/9/00009_00011_00026.png
4,4292,26,26,5,5,21,21,2,Train/2/00002_00050_00002.png
4,34439,39,40,5,6,34,35,35,Train/35/00035_00008_00000.png
4,1988,39,39,6,6,34,34,1,Train/1/00001_00047_00008.png
4,30408,88,80,8,8,81,73,26,Train/26/00026_00014_00018.png
4,25038,48,52,5,6,43,47,17,Train/17/00017_00019_00018.png
4,15417,52,51,6,5,47,46,10,Train/10/00010_00012_00027.png
4,33373,85,84,8,7,78,77,33,Train/33/00033_00009_00013.png
4,31548,48,45,6,5,43,40,29,Train/29/00029_00006_00018.png
4,19742,31,32,5,5,26,27,12,Train/12/00012_00046_00002.png
4,35282,28,28,6,5,23,23,35,Train/35/00035_00036_00003.png
4,6225,38,39,5,6,33,34,3,Train/3/00003_00039_00015.png
4,5875,48,51,6,5,43,46,3,Train/3/00003_00027_00025.png
4,3305,31,30,6,5,25,25,2,Train/2/00002_00017_00005.png
4,4324,34,33,6,6,29,28,2,Train/2/00002_00051_00004.png
4,19334,44,44,6,5,39,39,12,Train/12/00012_00032_00014.png
4,21052,76,70,7,7,70,64,13,Train/13/00013_00019_00022.png
4,18729,38,38,5,5,33,33,12,Train/12/00012_00012_00009.png
4,5813,52,51,6,5,47,46,3,Train/3/00003_00025_00023.png
4,13568,35,37,5,6,30,32,9,Train/9/00009_00000_00008.png
4,817,46,49,6,5,41,44,1,Train/1/00001_00008_00007.png
4,35435,34,33,5,6,28,28,36,Train/36/00036_00001_00006.png
4,24686,44,46,5,5,39,41,17,Train/17/00017_00007_00026.png
4,22775,54,54,6,6,49,49,14,Train/14/00014_00005_00005.png
4,33828,40,39,6,5,35,34,34,Train/34/00034_00001_00019.png
4,24,76,69,6,6,70,63,20,Train/20/00020_00000_00024.png
4,28761,54,52,5,6,49,47,25,Train/25/00025_00009_00021.png
4,28594,41,36,6,5,35,31,25,Train/25/00025_00004_00004.png
4,37851,43,43,5,5,38,38,38,Train/38/00038_00061_00022.png
4,3055,57,60,5,6,52,55,2,Train/2/00002_00008_00025.png
4,23706,30,30,6,6,25,25,15,Train/15/00015_00010_00006.png
4,19130,55,61,5,6,50,56,12,Train/12/00012_00025_00020.png
4,37975,59,61,5,5,54,56,38,Train/38/00038_00065_00026.png
4,29118,52,50,5,6,47,45,25,Train/25/00025_00021_00018.png
4,30272,31,29,6,5,26,23,26,Train/26/00026_00010_00002.png
4,27045,41,41,5,6,36,36,21,Train/21/00021_00002_00015.png
4,12752,36,36,6,6,31,31,8,Train/8/00008_00020_00002.png
4,22196,141,124,12,11,128,114,13,Train/13/00013_00057_00026.png
4,33686,37,37,6,5,31,32,33,Train/33/00033_00019_00026.png
4,28062,35,35,6,6,29,30,23,Train/23/00023_00012_00012.png
4,710,37,38,5,6,32,33,1,Train/1/00001_00004_00020.png
4,8387,37,36,5,5,32,31,4,Train/4/00004_00064_00017.png
4,38018,34,36,5,6,29,31,38,Train/38/00038_00067_00009.png
4,30458,36,33,5,5,31,28,26,Train/26/00026_00016_00008.png
4,3183,31,33,5,6,25,27,2,Train/2/00002_00013_00003.png
4,2423,52,54,6,6,47,49,1,Train/1/00001_00061_00023.png
4,355,62,59,5,6,57,54,20,Train/20/00020_00011_00025.png
4,39150,30,31,5,6,25,26,42,Train/42/00042_00006_00001.png
4,18035,37,38,5,6,31,32,11,Train/11/00011_00033_00005.png
4,16267,29,29,6,6,24,24,10,Train/10/00010_00041_00007.png
4,3970,31,31,5,5,26,26,2,Train/2/00002_00039_00010.png
4,16059,33,31,6,6,28,26,10,Train/10/00010_00034_00009.png
4,16850,43,40,5,5,38,35,10,Train/10/00010_00060_00020.png
4,23667,69,68,7,6,63,62,15,Train/15/00015_00008_00027.png
4,5807,42,42,5,5,37,37,3,Train/3/00003_00025_00017.png
4,21722,38,33,6,6,33,28,13,Train/13/00013_00042_00002.png
4,10650,25,27,5,5,20,21,6,Train/6/00006_00012_00000.png
4,17389,69,62,6,6,63,56,11,Train/11/00011_00011_00019.png
4,32110,46,43,6,6,41,37,31,Train/31/00031_00001_00010.png
4,14897,46,44,6,5,40,38,9,Train/9/00009_00044_00017.png
4,24328,49,54,5,6,43,49,16,Train/16/00016_00009_00028.png
4,21390,29,26,5,5,24,21,13,Train/13/00013_00031_00000.png
4,16116,30,26,5,5,25,21,10,Train/10/00010_00036_00006.png
4,33761,29,29,6,6,24,24,33,Train/33/00033_00022_00012.png
4,21950,60,55,5,6,55,50,13,Train/13/00013_00049_00020.png
4,19823,70,73,6,6,64,67,12,Train/12/00012_00048_00023.png
4,13363,35,35,5,5,30,30,8,Train/8/00008_00040_00013.png
4,4888,35,34,6,5,30,29,2,Train/2/00002_00069_00028.png
4,8583,29,28,6,6,24,23,5,Train/5/00005_00005_00003.png
4,19196,64,64,5,5,59,59,12,Train/12/00012_00027_00026.png
4,35653,38,38,6,6,32,33,36,Train/36/00036_00008_00014.png
4,8611,32,32,6,5,27,27,5,Train/5/00005_00006_00001.png
4,33600,30,36,6,6,25,31,33,Train/33/00033_00017_00000.png
4,19663,33,33,6,6,28,28,12,Train/12/00012_00043_00013.png
4,4138,108,104,10,9,99,95,2,Train/2/00002_00044_00028.png
4,2064,67,68,6,7,61,62,1,Train/1/00001_00049_00024.png
4,17670,29,27,5,6,24,22,11,Train/11/00011_00021_00000.png
4,9864,60,61,6,5,55,56,5,Train/5/00005_00047_00024.png
4,26161,63,59,6,5,58,54,18,Train/18/00018_00020_00001.png
4,14574,68,61,7,5,62,55,9,Train/9/00009_00033_00024.png
4,33232,57,59,6,5,52,54,33,Train/33/00033_00004_00022.png
4,11361,46,46,5,5,41,41,7,Train/7/00007_00021_00021.png
4,29916,34,40,6,6,29,35,25,Train/25/00025_00048_00006.png
4,38891,32,33,5,5,26,28,41,Train/41/00041_00005_00012.png
4,4237,31,30,5,5,26,25,2,Train/2/00002_00048_00007.png
4,30436,123,108,11,9,112,99,26,Train/26/00026_00015_00016.png
4,5173,37,37,5,6,31,32,3,Train/3/00003_00004_00013.png
4,30230,57,52,5,6,52,47,26,Train/26/00026_00008_00020.png
4,28061,33,34,5,6,28,29,23,Train/23/00023_00012_00011.png
4,27037,35,33,5,5,30,28,21,Train/21/00021_00002_00007.png
4,30908,40,37,6,5,35,32,28,Train/28/00028_00003_00008.png
4,15886,39,40,5,6,34,35,10,Train/10/00010_00028_00016.png
4,34024,31,32,5,5,26,27,34,Train/34/00034_00008_00005.png
4,7458,46,46,6,6,41,41,4,Train/4/00004_00033_00018.png
4,2466,29,30,5,5,23,24,1,Train/1/00001_00063_00006.png
4,16160,42,39,6,5,37,33,10,Train/10/00010_00037_00020.png
4,3879,36,35,6,6,31,30,2,Train/2/00002_00036_00009.png
4,33236,74,80,6,8,68,73,33,Train/33/00033_00004_00026.png
4,36331,36,39,5,5,31,34,38,Train/38/00038_00011_00002.png
4,17560,36,36,5,6,31,31,11,Train/11/00011_00017_00010.png
4,961,43,43,5,5,38,38,1,Train/1/00001_00013_00001.png
4,31608,68,61,6,6,62,56,29,Train/29/00029_00008_00018.png
4,28793,82,72,8,7,75,66,25,Train/25/00025_00010_00023.png
4,11496,28,29,5,5,23,24,7,Train/7/00007_00026_00006.png
4,14976,32,33,5,6,27,28,9,Train/9/00009_00047_00006.png
4,17886,28,43,6,5,23,38,11,Train/11/00011_00028_00006.png
4,38393,59,58,6,6,53,53,40,Train/40/00040_00000_00024.png
4,16404,57,60,5,5,52,55,10,Train/10/00010_00045_00024.png
4,6270,52,52,6,6,46,46,3,Train/3/00003_00041_00000.png
4,18149,114,110,10,10,104,100,11,Train/11/00011_00036_00029.png
4,20939,147,133,13,12,135,122,13,Train/13/00013_00015_00029.png
4,34545,38,38,5,5,33,33,35,Train/35/00035_00011_00016.png
4,35790,38,39,5,6,33,34,37,Train/37/00037_00000_00001.png
4,29833,45,39,6,6,40,34,25,Train/25/00025_00045_00013.png
4,34836,32,33,6,6,27,28,35,Train/35/00035_00021_00007.png
4,943,38,40,5,6,32,34,1,Train/1/00001_00012_00013.png
4,11021,38,38,5,6,33,33,7,Train/7/00007_00010_00011.png
4,23092,80,80,8,8,73,73,14,Train/14/00014_00015_00022.png
4,32058,44,40,6,6,39,35,30,Train/30/00030_00014_00018.png
4,9835,75,76,7,7,69,70,5,Train/5/00005_00046_00025.png
4,708,34,36,5,6,29,31,1,Train/1/00001_00004_00018.png
4,24850,29,38,5,6,24,33,17,Train/17/00017_00013_00010.png
4,9199,38,39,5,6,33,34,5,Train/5/00005_00025_00019.png
4,18018,61,61,5,6,56,55,11,Train/11/00011_00032_00018.png
4,24955,50,54,6,6,45,49,17,Train/17/00017_00016_00025.png
4,37406,62,59,6,5,57,54,38,Train/38/00038_00046_00027.png
4,19820,63,64,6,5,58,59,12,Train/12/00012_00048_00020.png
4,8023,32,32,5,5,27,27,4,Train/4/00004_00052_00013.png
4,8028,38,39,5,6,32,33,4,Train/4/00004_00052_00018.png
4,3150,43,41,6,5,38,36,2,Train/2/00002_00012_00000.png
4,2134,29,31,6,6,24,26,1,Train/1/00001_00052_00004.png
4,12246,32,32,6,6,27,27,8,Train/8/00008_00003_00006.png
4,21038,55,50,5,6,49,45,13,Train/13/00013_00019_00008.png
4,33743,47,52,6,6,42,47,33,Train/33/00033_00021_00024.png
4,34411,26,28,5,5,21,22,35,Train/35/00035_00007_00002.png
4,3566,67,69,6,6,61,63,2,Train/2/00002_00025_00026.png
4,3199,37,38,5,5,32,33,2,Train/2/00002_00013_00019.png
4,8867,43,42,6,5,38,37,5,Train/5/00005_00014_00017.png
4,38174,38,40,5,6,33,34,39,Train/39/00039_00003_00015.png
4,34844,36,38,5,6,31,33,35,Train/35/00035_00021_00015.png
4,20256,29,30,6,6,24,25,12,Train/12/00012_00063_00006.png
4,22378,100,92,8,8,92,84,13,Train/13/00013_00063_00028.png
4,6207,100,100,9,8,92,92,3,Train/3/00003_00038_00027.png
4,4855,70,71,7,7,64,65,2,Train/2/00002_00068_00025.png
4,20994,84,80,8,8,77,73,13,Train/13/00013_00017_00024.png
4,11063,58,58,6,5,53,53,7,Train/7/00007_00011_00023.png
4,28491,71,71,6,7,65,65,25,Train/25/00025_00000_00021.png
4,335,31,27,5,5,25,22,20,Train/20/00020_00011_00005.png
4,38030,53,55,6,6,48,50,38,Train/38/00038_00067_00021.png
4,24810,27,26,6,5,22,21,17,Train/17/00017_00012_00000.png
4,36447,77,83,6,7,70,76,38,Train/38/00038_00014_00028.png
4,37002,34,40,6,5,29,35,38,Train/38/00038_00033_00013.png
4,32666,80,72,7,6,73,66,31,Train/31/00031_00019_00026.png
4,3422,28,28,5,5,23,23,2,Train/2/00002_00021_00002.png
4,13393,40,41,5,6,35,36,8,Train/8/00008_00041_00013.png
4,9000,30,30,6,6,25,25,5,Train/5/00005_00019_00000.png
4,35190,27,28,6,5,22,22,35,Train/35/00035_00033_00001.png
4,24088,148,145,13,12,136,133,16,Train/16/00016_00001_00028.png
4,25628,39,38,5,5,34,33,18,Train/18/00018_00002_00008.png
4,24541,27,28,5,5,22,23,17,Train/17/00017_00003_00001.png
4,9385,49,52,5,6,44,47,5,Train/5/00005_00031_00025.png
4,29185,106,106,10,10,97,97,25,Train/25/00025_00023_00025.png
4,29305,98,88,9,8,90,81,25,Train/25/00025_00027_00025.png
4,38146,60,64,6,5,55,58,39,Train/39/00039_00002_00017.png
4,19150,36,37,5,6,31,32,12,Train/12/00012_00026_00010.png
4,16273,34,35,5,6,29,30,10,Train/10/00010_00041_00013.png
4,12765,54,54,5,5,49,49,8,Train/8/00008_00020_00015.png
4,34542,35,38,5,6,30,33,35,Train/35/00035_00011_00013.png
4,32849,156,134,14,11,143,123,31,Train/31/00031_00025_00029.png
4,36330,35,39,5,6,30,34,38,Train/38/00038_00011_00001.png
4,13167,52,55,5,6,47,50,8,Train/8/00008_00033_00027.png
4,9106,43,43,6,6,38,38,5,Train/5/00005_00022_00016.png
4,17824,51,48,5,5,46,43,11,Train/11/00011_00026_00004.png
4,21888,81,73,7,7,74,67,13,Train/13/00013_00047_00018.png
4,1506,30,32,5,6,25,27,1,Train/1/00001_00031_00006.png
4,34855,83,82,8,8,76,75,35,Train/35/00035_00021_00026.png
4,37312,54,63,6,5,49,58,38,Train/38/00038_00043_00023.png
4,9991,29,28,6,5,24,23,5,Train/5/00005_00052_00001.png
4,36657,64,65,6,6,59,60,38,Train/38/00038_00021_00028.png
4,37979,33,33,6,5,28,28,38,Train/38/00038_00066_00000.png
4,11579,50,56,5,6,45,51,7,Train/7/00007_00028_00029.png
4,19761,48,48,5,5,43,43,12,Train/12/00012_00046_00021.png
4,7943,48,48,5,6,43,43,4,Train/4/00004_00049_00023.png
4,15706,46,47,5,5,41,42,10,Train/10/00010_00022_00016.png
4,8138,31,33,6,5,26,28,4,Train/4/00004_00056_00008.png
4,2050,38,37,6,5,33,32,1,Train/1/00001_00049_00010.png
4,9641,30,32,5,6,25,26,5,Train/5/00005_00040_00011.png
4,33339,54,56,6,6,49,50,33,Train/33/00033_00008_00009.png
4,17951,30,30,6,5,25,25,11,Train/11/00011_00030_00011.png
4,19352,37,42,5,5,32,37,12,Train/12/00012_00033_00002.png
4,28183,51,49,6,5,46,44,23,Train/23/00023_00016_00013.png
4,25632,43,42,5,6,38,37,18,Train/18/00018_00002_00012.png
4,34325,30,30,6,6,25,25,35,Train/35/00035_00004_00006.png
4,28742,27,28,5,6,22,23,25,Train/25/00025_00009_00002.png
4,11298,42,44,6,5,37,39,7,Train/7/00007_00019_00018.png
4,17080,64,62,5,5,59,57,11,Train/11/00011_00001_00010.png
4,37455,40,40,5,5,34,34,38,Train/38/00038_00048_00016.png
4,13265,32,32,5,5,27,27,8,Train/8/00008_00037_00005.png
4,37910,50,49,5,5,45,44,38,Train/38/00038_00063_00021.png
4,7881,64,62,5,6,59,57,4,Train/4/00004_00047_00021.png
4,9216,32,30,6,6,26,24,5,Train/5/00005_00026_00006.png
4,14406,48,49,5,5,43,44,9,Train/9/00009_00028_00006.png
4,18005,40,40,6,5,34,34,11,Train/11/00011_00032_00005.png
4,15359,62,63,5,6,57,58,10,Train/10/00010_00010_00029.png
4,7757,41,41,5,5,36,36,4,Train/4/00004_00043_00017.png
4,28947,136,123,11,11,124,113,25,Train/25/00025_00015_00027.png
4,883,37,38,5,6,32,33,1,Train/1/00001_00010_00013.png
4,20822,38,34,6,5,33,29,13,Train/13/00013_00012_00002.png
4,38887,29,29,5,5,24,24,41,Train/41/00041_00005_00008.png
4,29684,50,46,6,6,45,41,25,Train/25/00025_00040_00014.png
4,23819,80,83,7,7,72,75,15,Train/15/00015_00013_00029.png
4,6507,62,67,5,6,57,61,4,Train/4/00004_00001_00027.png
4,13215,40,40,6,6,35,35,8,Train/8/00008_00035_00015.png
4,8011,26,27,5,5,20,22,4,Train/4/00004_00052_00001.png
4,38263,33,34,5,6,28,29,39,Train/39/00039_00006_00014.png
4,13654,29,29,6,6,24,24,9,Train/9/00009_00003_00004.png
4,38069,81,82,7,8,74,75,39,Train/39/00039_00000_00000.png
4,247,32,33,5,6,27,28,20,Train/20/00020_00008_00007.png
4,11457,54,53,5,6,49,48,7,Train/7/00007_00024_00027.png
4,7277,40,40,6,6,35,35,4,Train/4/00004_00027_00017.png
4,27084,83,74,7,6,76,68,21,Train/21/00021_00003_00024.png
4,37823,54,59,6,6,49,54,38,Train/38/00038_00060_00024.png
4,12839,95,93,8,9,87,85,8,Train/8/00008_00022_00029.png
4,27498,48,43,6,5,43,37,22,Train/22/00022_00006_00018.png
4,37838,39,40,6,6,34,35,38,Train/38/00038_00061_00009.png
4,1967,57,58,5,6,52,53,1,Train/1/00001_00046_00017.png
4,38143,55,60,5,6,50,55,39,Train/39/00039_00002_00014.png
4,30734,39,37,6,6,34,32,27,Train/27/00027_00005_00014.png
4,30914,47,43,5,5,42,38,28,Train/28/00028_00003_00014.png
4,418,57,59,5,6,51,54,0,Train/0/00000_00001_00028.png
4,6915,38,37,6,6,33,32,4,Train/4/00004_00015_00015.png
4,26435,37,33,6,5,31,28,18,Train/18/00018_00029_00005.png
4,33449,104,98,9,8,95,90,33,Train/33/00033_00011_00029.png
4,20093,48,49,5,5,42,44,12,Train/12/00012_00057_00023.png
4,5078,32,33,6,6,27,27,3,Train/3/00003_00001_00008.png
4,11816,62,62,5,6,57,57,7,Train/7/00007_00036_00026.png
4,23338,97,96,9,8,89,88,14,Train/14/00014_00023_00028.png
4,20928,96,93,9,9,88,84,13,Train/13/00013_00015_00018.png
4,10604,39,40,6,5,34,35,6,Train/6/00006_00010_00014.png
4,31236,39,38,5,5,34,33,28,Train/28/00028_00014_00006.png
4,8149,40,43,6,6,35,38,4,Train/4/00004_00056_00019.png
4,14999,70,73,7,7,64,67,9,Train/9/00009_00047_00029.png
4,21170,47,63,5,5,42,57,13,Train/13/00013_00023_00020.png
4,15285,40,41,5,6,35,36,10,Train/10/00010_00008_00015.png
4,15862,55,55,6,5,50,50,10,Train/10/00010_00027_00022.png
4,14074,29,32,6,6,24,27,9,Train/9/00009_00017_00004.png
4,8273,48,49,6,5,43,44,4,Train/4/00004_00060_00023.png
4,14505,32,33,5,6,26,28,9,Train/9/00009_00031_00015.png
4,9615,33,35,5,6,27,29,5,Train/5/00005_00039_00015.png
4,27517,42,38,6,5,37,32,22,Train/22/00022_00007_00007.png
4,33397,30,31,5,6,25,26,33,Train/33/00033_00010_00007.png
4,17990,82,75,7,7,75,69,11,Train/11/00011_00031_00020.png
4,825,48,55,5,6,43,50,1,Train/1/00001_00008_00015.png
4,33646,36,50,5,5,31,44,33,Train/33/00033_00018_00016.png
4,8360,40,41,5,6,35,36,4,Train/4/00004_00063_00020.png
4,11811,49,46,6,5,44,41,7,Train/7/00007_00036_00021.png
4,5779,37,41,5,6,32,36,3,Train/3/00003_00024_00019.png
4,37777,40,41,5,6,35,36,38,Train/38/00038_00059_00008.png
4,30617,57,54,6,6,52,48,27,Train/27/00027_00001_00017.png
4,18576,35,36,5,5,30,31,12,Train/12/00012_00007_00006.png
4,6632,29,30,5,6,24,25,4,Train/4/00004_00006_00002.png
4,16031,34,33,6,6,28,28,10,Train/10/00010_00033_00011.png
4,20330,71,71,7,6,65,65,12,Train/12/00012_00065_00020.png
4,13181,39,42,5,6,34,37,8,Train/8/00008_00034_00011.png
4,22110,43,41,5,5,38,36,13,Train/13/00013_00055_00000.png
4,28056,30,30,6,6,24,24,23,Train/23/00023_00012_00006.png
4,2452,49,49,6,6,44,44,1,Train/1/00001_00062_00022.png
4,19928,100,100,8,9,92,91,12,Train/12/00012_00052_00008.png
4,2968,72,74,6,6,65,68,2,Train/2/00002_00005_00028.png
4,12991,28,26,6,5,23,20,8,Train/8/00008_00028_00001.png
4,33258,70,70,6,7,64,64,33,Train/33/00033_00005_00018.png
4,34897,34,34,6,6,29,29,35,Train/35/00035_00023_00008.png
4,7985,32,32,5,6,27,27,4,Train/4/00004_00051_00005.png
4,34850,51,50,6,5,46,45,35,Train/35/00035_00021_00021.png
4,21360,34,33,6,5,29,28,13,Train/13/00013_00030_00000.png
4,20693,61,56,6,6,56,51,13,Train/13/00013_00007_00023.png
4,24113,49,48,6,5,44,43,16,Train/16/00016_00002_00023.png
4,34112,29,29,6,5,24,24,34,Train/34/00034_00011_00003.png
4,318,49,44,6,5,44,38,20,Train/20/00020_00010_00018.png
4,38355,38,41,5,5,33,35,39,Train/39/00039_00009_00016.png
4,17243,53,47,6,5,48,41,11,Train/11/00011_00006_00023.png
4,18789,37,34,5,5,32,29,12,Train/12/00012_00014_00009.png
4,17766,36,33,6,6,31,28,11,Train/11/00011_00024_00006.png
4,29752,71,62,7,5,65,57,25,Train/25/00025_00042_00022.png
4,25472,26,26,5,5,21,21,17,Train/17/00017_00034_00002.png
4,21540,36,36,5,6,31,31,13,Train/13/00013_00036_00000.png
4,22263,38,34,6,5,32,29,13,Train/13/00013_00060_00003.png
4,440,52,52,5,5,47,47,0,Train/0/00000_00002_00020.png
4,31441,44,37,6,5,39,31,29,Train/29/00029_00003_00001.png
4,16762,65,61,6,5,60,56,10,Train/10/00010_00057_00022.png
4,11394,74,73,6,6,68,67,7,Train/7/00007_00022_00024.png
4,36676,39,40,5,5,33,34,38,Train/38/00038_00022_00017.png
4,33776,56,56,5,5,51,50,33,Train/33/00033_00022_00027.png
4,9804,56,54,5,5,51,49,5,Train/5/00005_00045_00024.png
4,25397,41,43,6,5,36,38,17,Train/17/00017_00031_00017.png
4,14917,35,38,5,5,30,33,9,Train/9/00009_00045_00007.png
4,5190,30,29,6,5,25,24,3,Train/3/00003_00005_00000.png
4,26613,30,28,5,6,25,23,18,Train/18/00018_00035_00003.png
4,36712,64,64,6,5,58,58,38,Train/38/00038_00023_00023.png
4,25280,47,49,6,5,42,44,17,Train/17/00017_00027_00020.png
4,18105,69,70,7,7,63,64,11,Train/11/00011_00035_00015.png
4,9556,36,33,5,5,30,28,5,Train/5/00005_00037_00016.png
4,1680,26,25,5,5,21,20,1,Train/1/00001_00037_00000.png
4,24424,50,49,5,5,44,44,16,Train/16/00016_00013_00004.png
4,27962,39,39,6,6,34,34,23,Train/23/00023_00009_00002.png
4,23534,39,38,6,5,34,33,15,Train/15/00015_00004_00014.png
4,1493,60,75,5,6,55,69,1,Train/1/00001_00030_00023.png
4,31110,43,39,5,5,38,34,28,Train/28/00028_00010_00000.png
4,22622,49,46,5,6,44,41,14,Train/14/00014_00000_00002.png
4,19239,47,44,6,5,41,38,12,Train/12/00012_00029_00009.png
4,26309,124,127,10,11,114,116,18,Train/18/00018_00024_00029.png
4,7155,35,35,5,5,29,29,4,Train/4/00004_00023_00015.png
4,27620,44,42,6,5,39,37,22,Train/22/00022_00010_00020.png
4,35171,37,37,6,6,32,32,35,Train/35/00035_00032_00012.png
4,271,37,36,6,5,32,31,20,Train/20/00020_00009_00001.png
4,33532,42,44,5,5,37,39,33,Train/33/00033_00014_00022.png
4,38003,55,55,6,5,50,50,38,Train/38/00038_00066_00024.png
4,39167,38,38,5,5,33,33,42,Train/42/00042_00006_00018.png
4,13918,124,133,10,12,114,122,9,Train/9/00009_00011_00028.png
4,487,63,68,6,6,57,62,0,Train/0/00000_00004_00007.png
4,29492,46,45,5,5,41,40,25,Train/25/00025_00034_00002.png
4,10983,30,30,6,6,25,25,7,Train/7/00007_00009_00003.png
4,4421,35,35,6,6,30,30,2,Train/2/00002_00054_00011.png
4,30746,75,70,6,7,68,63,27,Train/27/00027_00005_00026.png
4,5003,55,56,5,6,49,50,2,Train/2/00002_00073_00023.png
4,22706,64,64,5,5,59,59,14,Train/14/00014_00002_00026.png
4,37172,30,31,5,6,25,26,38,Train/38/00038_00039_00003.png
4,36194,65,81,6,7,60,74,38,Train/38/00038_00006_00015.png
4,21992,32,30,5,5,27,25,13,Train/13/00013_00051_00002.png
4,24675,35,37,6,6,30,32,17,Train/17/00017_00007_00015.png
4,11728,122,123,11,11,112,113,7,Train/7/00007_00033_00028.png
4,4290,26,26,5,6,20,21,2,Train/2/00002_00050_00000.png
4,35745,43,43,6,6,38,38,36,Train/36/00036_00011_00016.png
4,38306,94,101,8,9,86,93,39,Train/39/00039_00007_00027.png
4,25274,38,39,5,6,32,33,17,Train/17/00017_00027_00014.png
4,38713,47,50,5,6,42,45,40,Train/40/00040_00011_00014.png
4,17821,49,45,5,5,44,40,11,Train/11/00011_00026_00001.png
4,8508,37,37,6,5,32,32,5,Train/5/00005_00002_00018.png
4,1029,33,34,6,6,27,28,1,Train/1/00001_00015_00009.png
4,31095,50,45,6,5,45,40,28,Train/28/00028_00009_00015.png
4,26109,55,53,5,5,50,48,18,Train/18/00018_00018_00009.png
4,21259,51,65,6,6,45,60,13,Train/13/00013_00026_00019.png
4,9521,35,34,6,6,29,29,5,Train/5/00005_00036_00011.png
4,31797,93,81,9,7,85,74,30,Train/30/00030_00005_00027.png
4,18110,73,74,6,7,67,68,11,Train/11/00011_00035_00020.png
4,6494,47,48,5,5,42,43,4,Train/4/00004_00001_00014.png
4,30177,87,81,8,7,80,74,26,Train/26/00026_00006_00027.png
4,27796,76,68,7,7,70,62,23,Train/23/00023_00003_00016.png
4,585,69,70,7,7,63,64,1,Train/1/00001_00000_00015.png
4,35207,48,50,6,6,43,45,35,Train/35/00035_00033_00018.png
4,18111,75,75,7,6,69,69,11,Train/11/00011_00035_00021.png
4,38625,64,65,5,6,59,60,40,Train/40/00040_00008_00016.png
4,27006,35,34,5,6,30,29,21,Train/21/00021_00001_00006.png
4,30242,31,29,6,6,26,24,26,Train/26/00026_00009_00002.png
4,26500,43,38,6,5,38,33,18,Train/18/00018_00031_00010.png
4,38594,36,39,5,5,31,33,40,Train/40/00040_00007_00015.png
4,5615,34,36,5,6,29,31,3,Train/3/00003_00019_00005.png
4,3701,39,36,6,6,34,30,2,Train/2/00002_00030_00011.png
4,10245,33,36,6,6,28,31,5,Train/5/00005_00060_00015.png
4,12254,38,39,6,6,32,33,8,Train/8/00008_00003_00014.png
4,12847,36,37,5,6,31,32,8,Train/8/00008_00023_00007.png
4,28046,119,106,10,9,109,97,23,Train/23/00023_00011_00026.png
4,26345,41,35,5,5,36,30,18,Train/18/00018_00026_00005.png
4,37249,42,44,5,5,37,39,38,Train/38/00038_00041_00020.png
4,33791,40,47,5,6,34,42,34,Train/34/00034_00000_00012.png
4,29577,70,61,6,6,64,55,25,Train/25/00025_00036_00027.png
4,8253,31,30,6,5,26,25,4,Train/4/00004_00060_00003.png
4,18292,68,60,6,6,62,55,11,Train/11/00011_00041_00022.png
4,37274,45,49,5,5,40,44,38,Train/38/00038_00042_00015.png
4,23508,38,41,6,6,33,36,15,Train/15/00015_00003_00018.png
4,34638,48,47,5,5,42,42,35,Train/35/00035_00014_00019.png
4,25631,43,41,5,6,38,35,18,Train/18/00018_00002_00011.png
4,25172,29,28,5,5,24,23,17,Train/17/00017_00024_00002.png
4,38545,111,108,9,10,102,99,40,Train/40/00040_00005_00026.png
4,24362,26,28,6,6,21,22,16,Train/16/00016_00011_00002.png
4,18722,33,33,5,5,28,28,12,Train/12/00012_00012_00002.png
4,15109,41,39,6,6,36,34,10,Train/10/00010_00002_00019.png
4,2318,36,36,5,5,30,31,1,Train/1/00001_00058_00008.png
4,31387,43,41,5,6,37,35,29,Train/29/00029_00001_00007.png
4,34665,45,45,6,6,39,40,35,Train/35/00035_00015_00016.png
4,30608,43,41,6,6,38,35,27,Train/27/00027_00001_00008.png
4,22026,32,31,5,6,27,26,13,Train/13/00013_00052_00006.png
4,5739,33,34,6,6,28,29,3,Train/3/00003_00023_00009.png
4,22488,48,46,5,6,43,41,13,Train/13/00013_00067_00018.png
4,35314,38,42,6,5,33,36,35,Train/35/00035_00037_00005.png
4,27108,44,39,6,5,39,34,21,Train/21/00021_00004_00018.png
4,23140,33,33,5,6,27,28,14,Train/14/00014_00017_00010.png
4,32535,57,52,6,5,52,47,31,Train/31/00031_00015_00015.png
4,29724,99,94,8,9,91,86,25,Train/25/00025_00041_00024.png
4,35955,61,62,5,6,56,57,37,Train/37/00037_00005_00016.png
4,35913,28,27,6,6,22,22,37,Train/37/00037_00004_00004.png
4,36308,30,32,5,6,25,26,38,Train/38/00038_00010_00009.png
4,6268,46,49,6,6,41,44,3,Train/3/00003_00040_00028.png
4,20010,30,31,5,6,25,26,12,Train/12/00012_00055_00000.png
4,25314,60,60,6,5,55,55,17,Train/17/00017_00028_00024.png
4,33758,27,28,5,5,22,22,33,Train/33/00033_00022_00009.png
4,23978,29,30,5,6,24,25,15,Train/15/00015_00019_00008.png
4,1785,48,49,5,6,43,44,1,Train/1/00001_00040_00015.png
4,3686,92,87,8,7,83,80,2,Train/2/00002_00029_00026.png
4,24365,26,29,5,6,21,23,16,Train/16/00016_00011_00005.png
4,3212,27,27,5,5,22,22,2,Train/2/00002_00014_00002.png
4,14739,41,41,5,5,36,36,9,Train/9/00009_00039_00009.png
4,33446,82,83,7,8,75,76,33,Train/33/00033_00011_00026.png
4,17934,107,94,10,8,97,86,11,Train/11/00011_00029_00024.png
4,29770,43,41,6,6,38,36,25,Train/25/00025_00043_00010.png
4,15039,40,41,5,6,35,36,10,Train/10/00010_00000_00009.png
4,18460,42,42,5,5,37,37,12,Train/12/00012_00003_00010.png
4,36998,30,35,5,6,25,30,38,Train/38/00038_00033_00009.png
4,4293,27,26,6,5,22,21,2,Train/2/00002_00050_00003.png
4,30377,43,42,6,6,38,37,26,Train/26/00026_00013_00017.png
4,20120,68,61,6,6,62,56,12,Train/12/00012_00058_00020.png
4,18337,38,40,5,5,32,34,11,Train/11/00011_00043_00007.png
4,38848,68,68,6,6,62,62,41,Train/41/00041_00003_00029.png
4,13452,36,32,6,5,31,27,8,Train/8/00008_00043_00012.png
4,24400,33,33,5,5,28,28,16,Train/16/00016_00012_00010.png
4,15965,31,31,6,5,25,25,10,Train/10/00010_00031_00005.png
4,26151,75,75,7,7,69,69,18,Train/18/00018_00019_00021.png
4,35605,73,74,6,6,67,68,36,Train/36/00036_00006_00026.png
4,38930,54,52,6,5,48,47,41,Train/41/00041_00006_00021.png
4,29652,37,37,5,6,32,32,25,Train/25/00025_00039_00012.png
4,29868,58,57,5,5,53,52,25,Train/25/00025_00046_00018.png
4,35997,80,85,7,7,73,77,37,Train/37/00037_00006_00028.png
4,15838,51,50,6,5,46,45,10,Train/10/00010_00026_00028.png
4,27040,39,36,6,5,34,31,21,Train/21/00021_00002_00010.png
4,15094,33,32,5,5,27,26,10,Train/10/00010_00002_00004.png
4,24338,35,36,5,6,30,31,16,Train/16/00016_00010_00008.png
4,24146,52,53,5,6,47,48,16,Train/16/00016_00003_00026.png
4,3094,28,27,5,5,23,22,2,Train/2/00002_00010_00004.png
4,6230,47,48,6,5,42,43,3,Train/3/00003_00039_00020.png
4,19794,104,105,10,9,95,96,12,Train/12/00012_00047_00024.png
4,38162,29,29,5,6,23,24,39,Train/39/00039_00003_00003.png
4,29621,40,35,6,5,35,30,25,Train/25/00025_00038_00011.png
4,2688,79,80,7,7,72,73,1,Train/1/00001_00070_00018.png
4,28521,122,106,11,9,111,96,25,Train/25/00025_00001_00021.png
4,26104,47,44,6,5,42,39,18,Train/18/00018_00018_00004.png
4,1374,96,95,9,8,88,87,1,Train/1/00001_00026_00024.png
4,38304,87,94,7,8,79,86,39,Train/39/00039_00007_00025.png
4,6963,30,31,6,6,25,26,4,Train/4/00004_00017_00003.png
4,21984,77,82,7,7,71,75,13,Train/13/00013_00050_00024.png
4,5257,29,30,5,5,24,25,3,Train/3/00003_00007_00007.png
4,12352,46,46,6,6,41,41,8,Train/8/00008_00006_00022.png
4,14457,100,98,8,8,92,90,9,Train/9/00009_00029_00027.png
4,31603,54,50,5,6,49,45,29,Train/29/00029_00008_00013.png
4,1224,50,51,5,5,44,46,1,Train/1/00001_00021_00024.png
4,20668,76,69,6,6,70,63,13,Train/13/00013_00006_00028.png
4,35063,52,53,5,6,47,48,35,Train/35/00035_00028_00024.png
4,423,30,29,6,5,25,24,0,Train/0/00000_00002_00003.png
4,26199,32,32,5,5,27,26,18,Train/18/00018_00021_00009.png
4,28419,46,40,6,5,41,35,24,Train/24/00024_00007_00009.png
4,19171,34,35,5,6,29,30,12,Train/12/00012_00027_00001.png
4,8204,35,35,6,5,30,30,4,Train/4/00004_00058_00014.png
4,23405,42,44,6,5,37,39,15,Train/15/00015_00000_00005.png
4,23428,61,63,6,6,55,57,15,Train/15/00015_00000_00028.png
4,23139,33,34,5,6,28,29,14,Train/14/00014_00017_00009.png
4,4049,57,61,5,6,51,56,2,Train/2/00002_00041_00029.png
4,21234,81,70,8,6,74,64,13,Train/13/00013_00025_00024.png
4,37850,41,41,5,5,36,36,38,Train/38/00038_00061_00021.png
4,39203,51,53,6,5,46,48,42,Train/42/00042_00007_00024.png
4,20094,50,51,6,6,45,46,12,Train/12/00012_00057_00024.png
4,18886,47,47,6,5,42,42,12,Train/12/00012_00017_00016.png
4,23441,33,70,6,6,28,64,15,Train/15/00015_00001_00011.png
4,1642,52,50,6,5,46,44,1,Train/1/00001_00035_00022.png
4,38125,52,54,5,6,47,49,39,Train/39/00039_00001_00026.png
4,35689,44,46,5,6,38,40,36,Train/36/00036_00009_00020.png
4,32352,46,44,5,6,40,38,31,Train/31/00031_00009_00012.png
4,32461,26,26,5,5,21,21,31,Train/31/00031_00013_00001.png
4,8639,124,135,11,12,114,124,5,Train/5/00005_00006_00029.png
4,5360,50,54,5,6,45,49,3,Train/3/00003_00010_00020.png
4,22848,70,69,7,7,64,63,14,Train/14/00014_00007_00018.png
4,6222,35,35,6,6,30,30,3,Train/3/00003_00039_00012.png
4,13514,42,43,5,5,37,37,8,Train/8/00008_00045_00014.png
4,20586,33,29,5,6,28,24,13,Train/13/00013_00004_00006.png
4,34132,80,80,8,8,73,73,34,Train/34/00034_00011_00023.png
4,22729,76,80,6,8,69,73,14,Train/14/00014_00003_00019.png
4,35821,30,29,6,5,25,24,37,Train/37/00037_00001_00002.png
4,25352,41,44,5,6,36,39,17,Train/17/00017_00030_00002.png
4,12438,42,42,6,6,37,37,8,Train/8/00008_00009_00018.png
4,14954,59,55,5,5,54,50,9,Train/9/00009_00046_00014.png
4,21850,42,43,6,6,37,38,13,Train/13/00013_00046_00010.png
4,16166,62,55,6,5,57,50,10,Train/10/00010_00037_00026.png
4,29183,88,88,7,7,81,81,25,Train/25/00025_00023_00023.png
4,29016,34,31,6,6,29,26,25,Train/25/00025_00018_00006.png
4,5891,29,31,6,6,24,26,3,Train/3/00003_00028_00011.png
4,33501,67,64,6,5,61,59,33,Train/33/00033_00013_00021.png
4,22627,54,54,5,5,49,49,14,Train/14/00014_00000_00007.png
4,13554,50,50,6,6,45,45,8,Train/8/00008_00046_00024.png
4,36377,32,33,5,6,27,28,38,Train/38/00038_00012_00018.png
4,5870,40,42,6,5,35,37,3,Train/3/00003_00027_00020.png
4,20814,62,76,6,7,57,70,13,Train/13/00013_00011_00024.png
4,34693,51,52,5,5,46,47,35,Train/35/00035_00016_00014.png
4,28592,39,37,6,6,34,32,25,Train/25/00025_00004_00002.png
4,28880,52,50,5,5,47,45,25,Train/25/00025_00013_00020.png
4,21136,56,57,6,6,50,51,13,Train/13/00013_00022_00016.png
4,3709,47,41,6,6,41,35,2,Train/2/00002_00030_00019.png
4,18047,57,57,5,6,51,52,11,Train/11/00011_00033_00017.png
4,35562,40,40,6,6,35,35,36,Train/36/00036_00005_00013.png
4,1346,60,58,6,5,55,53,1,Train/1/00001_00025_00026.png
4,2517,92,93,8,9,83,85,1,Train/1/00001_00064_00027.png
4,21190,46,43,6,5,41,37,13,Train/13/00013_00024_00010.png
4,23100,58,58,6,6,53,53,14,Train/14/00014_00016_00000.png
4,20683,48,44,6,6,43,39,13,Train/13/00013_00007_00013.png
4,13046,94,93,9,8,86,85,8,Train/8/00008_00029_00026.png
4,7787,38,39,5,6,33,34,4,Train/4/00004_00044_00017.png
4,20140,35,35,5,5,29,29,12,Train/12/00012_00059_00010.png
4,15586,46,46,5,5,41,41,10,Train/10/00010_00018_00016.png
4,33036,32,32,6,6,26,26,32,Train/32/00032_00006_00006.png
4,7651,27,27,5,5,22,22,4,Train/4/00004_00040_00001.png
4,9342,36,36,6,6,31,31,5,Train/5/00005_00030_00012.png
4,24457,25,32,5,5,20,27,17,Train/17/00017_00000_00007.png
4,8073,38,39,5,6,33,34,4,Train/4/00004_00054_00003.png
4,10957,34,34,6,5,29,29,7,Train/7/00007_00008_00007.png
4,20888,51,48,5,6,46,43,13,Train/13/00013_00014_00008.png
4,9522,36,35,6,6,31,30,5,Train/5/00005_00036_00012.png
4,23927,44,44,5,6,39,39,15,Train/15/00015_00017_00017.png
4,1960,48,48,6,6,43,43,1,Train/1/00001_00046_00010.png
4,11830,31,33,5,6,26,28,7,Train/7/00007_00037_00010.png
4,23399,83,85,8,7,75,78,14,Train/14/00014_00025_00029.png
4,22108,164,154,14,14,149,141,13,Train/13/00013_00054_00028.png
4,5817,64,64,5,6,59,59,3,Train/3/00003_00025_00027.png
4,32842,74,67,6,6,68,61,31,Train/31/00031_00025_00022.png
4,8400,26,26,6,5,21,21,4,Train/4/00004_00065_00000.png
4,28487,62,62,5,6,57,57,25,Train/25/00025_00000_00017.png
4,35656,42,42,6,6,36,37,36,Train/36/00036_00008_00017.png
4,19690,38,38,5,5,33,33,12,Train/12/00012_00044_00010.png
4,34017,67,68,6,7,61,62,34,Train/34/00034_00007_00028.png
4,15116,46,44,5,6,41,39,10,Train/10/00010_00002_00026.png
4,38430,34,32,6,5,28,27,40,Train/40/00040_00002_00001.png
4,1116,45,46,6,5,40,41,1,Train/1/00001_00018_00006.png
4,30742,53,51,5,6,48,46,27,Train/27/00027_00005_00022.png
4,27347,46,41,5,5,41,36,22,Train/22/00022_00001_00017.png
4,13275,40,40,6,6,35,35,8,Train/8/00008_00037_00015.png
4,3296,89,89,8,8,82,82,2,Train/2/00002_00016_00026.png
4,11383,43,44,5,5,38,39,7,Train/7/00007_00022_00013.png
4,14595,38,38,6,6,33,32,9,Train/9/00009_00034_00015.png
4,4223,37,38,6,6,32,33,2,Train/2/00002_00047_00023.png
4,23439,32,65,6,6,27,60,15,Train/15/00015_00001_00009.png
4,2275,83,84,8,7,76,77,1,Train/1/00001_00056_00025.png
4,14800,32,32,6,5,27,27,9,Train/9/00009_00041_00010.png
4,11209,58,58,6,6,53,53,7,Train/7/00007_00016_00019.png
4,16477,33,32,6,5,27,26,10,Train/10/00010_00048_00007.png
4,37582,71,112,6,10,65,103,38,Train/38/00038_00052_00023.png
4,25247,32,35,5,6,27,30,17,Train/17/00017_00026_00017.png
4,19798,164,164,15,15,150,150,12,Train/12/00012_00047_00028.png
4,6002,46,48,5,6,41,43,3,Train/3/00003_00032_00002.png
4,27610,35,35,6,6,29,29,22,Train/22/00022_00010_00010.png
4,37957,30,32,5,6,25,27,38,Train/38/00038_00065_00008.png
4,6570,44,43,6,5,39,38,4,Train/4/00004_00004_00000.png
4,9810,30,29,6,5,25,24,5,Train/5/00005_00046_00000.png
4,21138,62,72,6,7,59,66,13,Train/13/00013_00022_00018.png
4,22201,27,27,5,5,22,21,13,Train/13/00013_00058_00001.png
4,20378,39,35,6,5,34,30,12,Train/12/00012_00067_00008.png
4,23198,42,46,5,6,37,41,14,Train/14/00014_00019_00008.png
4,35566,45,45,5,5,40,40,36,Train/36/00036_00005_00017.png
4,11919,30,31,5,6,25,26,7,Train/7/00007_00040_00009.png
4,29083,41,38,5,5,36,33,25,Train/25/00025_00020_00013.png
4,17553,29,28,6,6,24,23,11,Train/11/00011_00017_00003.png
4,31096,50,46,5,5,45,41,28,Train/28/00028_00009_00016.png
4,17241,47,43,5,5,42,38,11,Train/11/00011_00006_00021.png
4,34238,32,32,6,6,27,27,35,Train/35/00035_00001_00009.png
4,20806,44,49,5,5,39,44,13,Train/13/00013_00011_00016.png
4,36692,30,30,5,5,25,25,38,Train/38/00038_00023_00003.png
4,31736,117,105,10,10,107,96,30,Train/30/00030_00003_00026.png
4,29026,48,46,5,5,42,40,25,Train/25/00025_00018_00016.png
4,28472,49,46,5,6,44,41,25,Train/25/00025_00000_00002.png
4,7886,89,86,8,7,82,79,4,Train/4/00004_00047_00026.png
4,23172,59,60,6,6,53,54,14,Train/14/00014_00018_00012.png
4,11988,46,47,5,6,41,42,7,Train/7/00007_00042_00018.png
4,5740,34,35,5,5,29,30,3,Train/3/00003_00023_00010.png
4,4161,47,45,6,5,42,40,2,Train/2/00002_00045_00021.png
4,14805,35,37,5,6,30,32,9,Train/9/00009_00041_00015.png
4,38890,31,33,5,6,26,28,41,Train/41/00041_00005_00011.png
4,30587,76,72,6,6,70,66,27,Train/27/00027_00000_00017.png
4,15473,54,54,5,5,49,49,10,Train/10/00010_00014_00023.png
4,25133,64,64,5,5,59,59,17,Train/17/00017_00022_00023.png
4,12644,36,39,6,5,31,34,8,Train/8/00008_00016_00014.png
4,11007,44,45,6,5,39,40,7,Train/7/00007_00009_00027.png
4,34852,58,59,5,6,53,54,35,Train/35/00035_00021_00023.png
4,31416,40,38,5,5,35,33,29,Train/29/00029_00002_00006.png
4,6556,38,38,5,6,32,33,4,Train/4/00004_00003_00016.png
4,50,50,43,5,5,45,38,20,Train/20/00020_00001_00020.png
4,1424,37,45,5,6,32,40,1,Train/1/00001_00028_00014.png
4,27477,64,63,5,6,59,58,22,Train/22/00022_00005_00027.png
4,14361,87,85,8,8,80,78,9,Train/9/00009_00026_00021.png
4,16206,29,30,5,6,24,25,10,Train/10/00010_00039_00006.png
4,12704,40,42,5,6,35,37,8,Train/8/00008_00018_00014.png
4,27759,44,40,6,6,39,35,23,Train/23/00023_00002_00009.png
4,25710,72,71,6,7,66,65,18,Train/18/00018_00005_00000.png
4,19360,44,49,6,5,39,44,12,Train/12/00012_00033_00010.png
4,11789,68,70,7,7,62,64,7,Train/7/00007_00035_00029.png
4,2483,61,61,5,6,56,56,1,Train/1/00001_00063_00023.png
4,13481,34,36,5,5,29,31,8,Train/8/00008_00044_00011.png
4,18670,41,38,5,6,36,33,12,Train/12/00012_00010_00010.png
4,34866,40,40,5,5,35,35,35,Train/35/00035_00022_00007.png
4,24804,28,30,5,5,23,25,17,Train/17/00017_00011_00024.png
4,391,30,30,6,5,25,25,0,Train/0/00000_00001_00001.png
4,38989,47,49,6,6,42,43,42,Train/42/00042_00000_00020.png
4,10030,33,30,6,5,28,25,5,Train/5/00005_00053_00010.png
4,29151,86,81,8,8,79,74,25,Train/25/00025_00022_00021.png
4,32973,27,29,5,6,22,24,32,Train/32/00032_00004_00003.png
4,5369,148,155,13,13,136,142,3,Train/3/00003_00010_00029.png
4,3115,74,71,7,7,67,64,2,Train/2/00002_00010_00025.png
4,24901,26,31,5,6,21,26,17,Train/17/00017_00015_00001.png
4,28572,94,84,9,8,86,77,25,Train/25/00025_00003_00012.png
4,35968,115,111,10,9,105,102,37,Train/37/00037_00005_00029.png
4,1781,43,45,5,5,38,40,1,Train/1/00001_00040_00011.png
4,19929,104,100,10,8,95,91,12,Train/12/00012_00052_00009.png
4,8472,32,32,6,5,26,26,5,Train/5/00005_00001_00012.png
4,9451,27,27,5,5,21,22,5,Train/5/00005_00034_00001.png
4,13063,32,31,6,5,26,25,8,Train/8/00008_00030_00013.png
4,13347,80,84,7,8,73,77,8,Train/8/00008_00039_00027.png
4,18486,31,26,5,5,25,20,12,Train/12/00012_00004_00006.png
4,24942,32,32,6,5,27,27,17,Train/17/00017_00016_00012.png
4,18609,38,38,6,6,33,33,12,Train/12/00012_00008_00009.png
4,12559,55,56,5,6,50,51,8,Train/8/00008_00013_00019.png
4,31784,47,45,6,6,42,40,30,Train/30/00030_00005_00014.png
4,22795,73,73,7,7,67,67,14,Train/14/00014_00005_00025.png
4,21163,36,44,6,5,31,39,13,Train/13/00013_00023_00013.png
4,35411,46,45,6,5,41,40,36,Train/36/00036_00000_00012.png
4,17425,122,111,11,9,112,102,11,Train/11/00011_00012_00025.png
4,9679,43,44,5,5,38,39,5,Train/5/00005_00041_00019.png
4,31238,42,40,6,6,37,35,28,Train/28/00028_00014_00008.png
4,38481,74,70,6,6,67,64,40,Train/40/00040_00003_00022.png
4,22812,42,43,6,6,37,37,14,Train/14/00014_00006_00012.png
4,22129,58,53,6,5,53,48,13,Train/13/00013_00055_00019.png
4,16369,36,37,5,5,31,32,10,Train/10/00010_00044_00019.png
4,9331,28,28,5,5,23,23,5,Train/5/00005_00030_00001.png
4,14784,53,56,5,5,47,50,9,Train/9/00009_00040_00024.png
4,5997,74,82,7,7,68,74,3,Train/3/00003_00031_00027.png
4,2810,58,53,5,5,53,48,2,Train/2/00002_00000_00020.png
4,10644,55,54,6,5,50,49,6,Train/6/00006_00011_00024.png
4,28992,43,41,5,5,37,35,25,Train/25/00025_00017_00012.png
4,2112,41,43,5,6,35,38,1,Train/1/00001_00051_00012.png
4,6935,30,34,5,6,24,28,4,Train/4/00004_00016_00005.png
4,9026,64,62,5,5,59,57,5,Train/5/00005_00019_00026.png
4,10715,29,28,6,5,24,23,7,Train/7/00007_00000_00005.png
4,28192,62,61,6,6,57,56,23,Train/23/00023_00016_00022.png
4,32874,64,62,6,5,59,57,32,Train/32/00032_00000_00024.png
4,36878,36,36,6,6,31,31,38,Train/38/00038_00029_00009.png
4,8275,52,55,6,6,47,50,4,Train/4/00004_00060_00025.png
4,15654,47,46,6,5,42,41,10,Train/10/00010_00020_00024.png
4,18768,41,40,6,5,36,35,12,Train/12/00012_00013_00018.png
4,30964,41,42,6,6,35,37,28,Train/28/00028_00005_00004.png
4,34809,35,36,5,6,30,31,35,Train/35/00035_00020_00010.png
4,12394,33,33,6,6,28,28,8,Train/8/00008_00008_00004.png
4,15015,35,35,5,5,30,30,9,Train/9/00009_00048_00015.png
4,16188,40,41,6,6,35,36,10,Train/10/00010_00038_00018.png
4,20792,38,39,6,5,33,34,13,Train/13/00013_00011_00002.png
4,17258,53,49,6,6,47,43,11,Train/11/00011_00007_00008.png
4,26271,61,59,5,6,56,54,18,Train/18/00018_00023_00021.png
4,30897,132,116,12,11,121,106,28,Train/28/00028_00002_00027.png
4,11982,39,38,6,5,34,33,7,Train/7/00007_00042_00012.png
4,14573,61,57,6,6,55,52,9,Train/9/00009_00033_00023.png
4,36883,42,41,6,5,37,36,38,Train/38/00038_00029_00014.png
4,38448,53,53,6,6,48,48,40,Train/40/00040_00002_00019.png
4,9839,123,131,10,12,113,120,5,Train/5/00005_00046_00029.png
4,22247,96,87,9,7,88,80,13,Train/13/00013_00059_00017.png
4,837,62,70,6,7,57,64,1,Train/1/00001_00008_00027.png
4,37473,32,31,6,5,27,26,38,Train/38/00038_00049_00004.png
4,20226,38,39,5,6,33,34,12,Train/12/00012_00062_00006.png
4,7740,26,27,5,6,21,22,4,Train/4/00004_00043_00000.png
4,3320,53,53,5,5,48,48,2,Train/2/00002_00017_00020.png
4,12870,33,32,6,5,28,27,8,Train/8/00008_00024_00000.png
4,20895,67,60,6,5,61,54,13,Train/13/00013_00014_00015.png
4,33716,93,87,9,7,85,80,33,Train/33/00033_00020_00027.png
4,31157,48,46,6,6,43,41,28,Train/28/00028_00011_00017.png
4,27049,49,45,6,6,44,40,21,Train/21/00021_00002_00019.png
4,28024,55,49,6,6,50,44,23,Train/23/00023_00011_00004.png
4,8954,45,44,6,5,40,39,5,Train/5/00005_00017_00014.png
4,28431,75,68,6,7,69,62,24,Train/24/00024_00007_00021.png
4,15211,29,29,5,5,24,24,10,Train/10/00010_00006_00001.png
4,29556,43,39,6,5,38,34,25,Train/25/00025_00036_00006.png
4,29622,41,37,6,5,36,32,25,Train/25/00025_00038_00012.png
4,7013,60,64,5,5,55,59,4,Train/4/00004_00018_00023.png
4,24608,33,33,6,6,27,27,17,Train/17/00017_00005_00008.png
4,25917,106,98,9,9,97,90,18,Train/18/00018_00011_00027.png
4,17004,40,41,5,6,35,36,10,Train/10/00010_00065_00024.png
4,29461,35,34,5,5,29,28,25,Train/25/00025_00033_00001.png
4,6489,44,43,6,5,39,38,4,Train/4/00004_00001_00009.png
4,38409,38,38,5,5,33,33,40,Train/40/00040_00001_00010.png
4,36247,29,31,5,6,24,25,38,Train/38/00038_00008_00008.png
4,3538,69,69,7,6,63,63,2,Train/2/00002_00024_00028.png
4,7414,29,31,5,6,24,26,4,Train/4/00004_00032_00004.png
4,10678,52,54,5,6,47,49,6,Train/6/00006_00012_00028.png
4,33639,32,40,5,5,26,35,33,Train/33/00033_00018_00009.png
4,1793,71,73,6,6,65,67,1,Train/1/00001_00040_00023.png
4,19244,52,49,6,6,46,44,12,Train/12/00012_00029_00014.png
4,36353,71,70,7,6,64,63,38,Train/38/00038_00011_00024.png
4,19406,117,117,11,11,107,107,12,Train/12/00012_00034_00026.png
4,5965,72,73,7,6,66,67,3,Train/3/00003_00030_00025.png
4,36562,55,57,6,5,50,52,38,Train/38/00038_00018_00023.png
4,2789,84,87,8,7,77,79,1,Train/1/00001_00073_00029.png
4,32936,72,67,7,6,66,61,32,Train/32/00032_00002_00026.png
4,30925,84,75,7,7,77,69,28,Train/28/00028_00003_00025.png
4,2227,57,63,6,6,52,58,1,Train/1/00001_00055_00007.png
4,35095,57,60,6,6,52,54,35,Train/35/00035_00029_00026.png
4,8411,31,31,5,5,26,26,4,Train/4/00004_00065_00011.png
4,25150,32,34,5,6,26,28,17,Train/17/00017_00023_00010.png
4,18602,30,31,5,6,25,26,12,Train/12/00012_00008_00002.png
4,4351,52,54,5,6,47,48,2,Train/2/00002_00052_00001.png
4,6392,29,29,5,6,23,24,3,Train/3/00003_00045_00002.png
4,35957,68,70,6,7,62,64,37,Train/37/00037_00005_00018.png
4,7251,52,52,6,5,47,47,4,Train/4/00004_00026_00021.png
4,37860,28,28,6,6,23,23,38,Train/38/00038_00062_00001.png
4,24302,28,29,5,6,23,24,16,Train/16/00016_00009_00002.png
4,31162,52,48,6,6,47,43,28,Train/28/00028_00011_00022.png
4,23547,70,69,7,6,64,63,15,Train/15/00015_00004_00027.png
4,23778,41,47,5,6,36,42,15,Train/15/00015_00012_00018.png
4,25844,37,34,5,5,32,29,18,Train/18/00018_00009_00014.png
4,14808,36,38,5,5,31,33,9,Train/9/00009_00041_00018.png
4,30485,34,30,5,6,28,25,26,Train/26/00026_00017_00005.png
4,18168,42,45,5,5,37,40,11,Train/11/00011_00037_00018.png
4,17867,71,62,7,6,65,57,11,Train/11/00011_00027_00017.png
4,27494,40,40,5,6,35,35,22,Train/22/00022_00006_00014.png
4,34687,44,44,5,5,39,39,35,Train/35/00035_00016_00008.png
4,3506,52,52,6,6,47,47,2,Train/2/00002_00023_00026.png
4,24115,52,51,6,5,47,46,16,Train/16/00016_00002_00025.png
4,35787,80,82,7,8,73,75,36,Train/36/00036_00012_00028.png
4,30320,79,72,7,6,72,66,26,Train/26/00026_00011_00020.png
4,23107,57,57,5,5,52,52,14,Train/14/00014_00016_00007.png
4,6851,33,34,6,6,28,29,4,Train/4/00004_00013_00011.png
4,27036,35,33,5,5,30,28,21,Train/21/00021_00002_00006.png
4,2300,45,46,5,6,39,41,1,Train/1/00001_00057_00020.png
4,19627,61,62,5,6,56,57,12,Train/12/00012_00042_00007.png
4,2594,46,46,6,6,40,40,1,Train/1/00001_00067_00014.png
4,11526,29,29,6,5,24,24,7,Train/7/00007_00027_00006.png
4,33079,41,40,6,5,36,35,32,Train/32/00032_00007_00019.png
4,12152,36,36,5,5,31,31,8,Train/8/00008_00000_00002.png
4,23204,68,74,6,7,62,67,14,Train/14/00014_00019_00014.png
4,8606,45,48,5,5,39,42,5,Train/5/00005_00005_00026.png
4,22368,46,45,5,6,41,40,13,Train/13/00013_00063_00018.png
4,10895,37,38,5,6,32,33,7,Train/7/00007_00006_00005.png
4,18852,34,34,5,5,29,29,12,Train/12/00012_00016_00012.png
4,34285,52,51,6,5,46,46,35,Train/35/00035_00002_00026.png
4,24430,54,53,6,6,48,48,16,Train/16/00016_00013_00010.png
4,3302,28,28,6,6,22,22,2,Train/2/00002_00017_00002.png
4,15634,32,28,6,6,27,23,10,Train/10/00010_00020_00004.png
4,14817,44,47,5,6,39,42,9,Train/9/00009_00041_00027.png
4,38432,34,34,5,5,29,29,40,Train/40/00040_00002_00003.png
4,35575,66,64,6,5,60,58,36,Train/36/00036_00005_00026.png
4,12702,39,41,6,5,34,36,8,Train/8/00008_00018_00012.png
4,16636,54,56,5,6,49,51,10,Train/10/00010_00053_00016.png
4,2571,71,69,7,6,64,62,1,Train/1/00001_00066_00021.png
4,17246,63,55,6,5,58,50,11,Train/11/00011_00006_00026.png
4,35330,55,60,5,6,50,55,35,Train/35/00035_00037_00021.png
4,9594,50,52,6,5,45,47,5,Train/5/00005_00038_00024.png
4,23478,47,57,5,6,41,52,15,Train/15/00015_00002_00018.png
4,37903,36,36,6,6,31,31,38,Train/38/00038_00063_00014.png
4,5950,32,34,5,6,26,28,3,Train/3/00003_00030_00010.png
4,21155,28,36,5,6,23,30,13,Train/13/00013_00023_00005.png
4,37503,31,34,5,6,26,29,38,Train/38/00038_00050_00004.png
4,25485,36,39,5,6,31,34,17,Train/17/00017_00034_00015.png
4,16656,34,34,5,5,29,29,10,Train/10/00010_00054_00006.png
4,38394,60,61,5,6,55,56,40,Train/40/00040_00000_00025.png
4,25041,55,57,6,5,50,52,17,Train/17/00017_00019_00021.png
4,31562,34,34,6,5,29,28,29,Train/29/00029_00007_00002.png
4,34909,50,49,5,5,45,44,35,Train/35/00035_00023_00020.png
4,10114,28,31,5,6,23,26,5,Train/5/00005_00056_00004.png
4,8645,32,31,6,5,27,26,5,Train/5/00005_00007_00005.png
4,11785,54,53,6,5,49,48,7,Train/7/00007_00035_00025.png
4,23504,34,38,5,6,29,33,15,Train/15/00015_00003_00014.png
4,25450,29,31,5,6,24,26,17,Train/17/00017_00033_00010.png
4,17077,59,56,5,5,53,51,11,Train/11/00011_00001_00007.png
4,30915,49,45,6,5,44,40,28,Train/28/00028_00003_00015.png
4,3894,56,56,6,6,51,51,2,Train/2/00002_00036_00024.png
4,38876,64,64,6,6,59,59,41,Train/41/00041_00004_00027.png
4,35939,35,36,6,5,30,31,37,Train/37/00037_00005_00000.png
4,36550,30,31,5,6,25,26,38,Train/38/00038_00018_00011.png
4,1460,57,57,6,5,52,52,1,Train/1/00001_00029_00020.png
4,7887,96,93,8,8,87,85,4,Train/4/00004_00047_00027.png
4,17245,58,52,5,5,53,47,11,Train/11/00011_00006_00025.png
4,33522,38,40,5,6,33,35,33,Train/33/00033_00014_00012.png
4,16920,26,26,5,5,20,21,10,Train/10/00010_00063_00000.png
4,18762,35,34,6,5,30,29,12,Train/12/00012_00013_00012.png
4,29283,39,39,6,6,34,34,25,Train/25/00025_00027_00003.png
4,9837,100,104,9,10,92,95,5,Train/5/00005_00046_00027.png
4,31246,53,49,6,6,48,44,28,Train/28/00028_00014_00016.png
4,860,46,45,5,5,41,40,1,Train/1/00001_00009_00020.png
4,18919,58,58,5,5,53,53,12,Train/12/00012_00018_00019.png
4,2959,45,47,5,6,40,42,2,Train/2/00002_00005_00019.png
4,34636,44,45,5,6,39,40,35,Train/35/00035_00014_00017.png
4,10478,32,31,6,5,26,26,6,Train/6/00006_00006_00008.png
4,9420,25,26,5,5,20,21,5,Train/5/00005_00033_00000.png
4,35670,26,28,6,5,21,22,36,Train/36/00036_00009_00001.png
4,33631,28,34,5,5,23,29,33,Train/33/00033_00018_00001.png
4,9149,88,88,7,7,81,81,5,Train/5/00005_00023_00029.png
4,87,87,81,8,7,80,74,20,Train/20/00020_00002_00027.png
4,30574,50,46,6,5,45,40,27,Train/27/00027_00000_00004.png
4,16768,111,106,9,9,102,97,10,Train/10/00010_00057_00028.png
4,8953,45,45,5,5,40,40,5,Train/5/00005_00017_00013.png
4,38211,60,62,6,6,55,57,39,Train/39/00039_00004_00022.png
4,11338,64,69,5,6,59,63,7,Train/7/00007_00020_00028.png
4,11331,44,45,5,5,39,40,7,Train/7/00007_00020_00021.png
4,32455,84,75,8,7,77,69,31,Train/31/00031_00012_00025.png
4,32241,50,47,6,5,45,42,31,Train/31/00031_00005_00021.png
4,6203,61,58,6,5,56,53,3,Train/3/00003_00038_00023.png
4,4320,31,29,6,5,26,24,2,Train/2/00002_00051_00000.png
4,32310,35,34,5,5,30,29,31,Train/31/00031_00008_00000.png
4,10156,41,41,6,6,36,36,5,Train/5/00005_00057_00016.png
4,26531,56,55,6,5,51,50,18,Train/18/00018_00032_00011.png
4,20856,42,39,6,6,37,34,13,Train/13/00013_00013_00006.png
4,37668,66,68,6,6,60,62,38,Train/38/00038_00055_00019.png
4,2424,52,55,5,6,47,50,1,Train/1/00001_00061_00024.png
4,25285,69,70,6,6,62,63,17,Train/17/00017_00027_00025.png
4,13893,34,35,6,6,29,30,9,Train/9/00009_00011_00003.png
4,32013,34,29,6,5,29,24,30,Train/30/00030_00013_00003.png
4,17793,31,30,6,5,26,25,11,Train/11/00011_00025_00003.png
4,7241,45,43,6,5,40,38,4,Train/4/00004_00026_00011.png
4,25951,40,39,6,5,35,34,18,Train/18/00018_00013_00001.png
4,28584,164,152,14,13,150,139,25,Train/25/00025_00003_00024.png
4,31439,87,81,8,7,80,74,29,Train/29/00029_00002_00029.png
4,3020,51,49,6,5,45,44,2,Train/2/00002_00007_00020.png
4,5031,45,45,6,6,40,40,2,Train/2/00002_00074_00021.png
4,31720,49,43,5,5,44,38,30,Train/30/00030_00003_00010.png
4,7017,73,76,7,6,67,70,4,Train/4/00004_00018_00027.png
4,30985,83,77,8,7,76,71,28,Train/28/00028_00005_00025.png
4,7298,34,35,5,6,29,30,4,Train/4/00004_00028_00008.png
4,2067,85,85,8,8,78,78,1,Train/1/00001_00049_00027.png
4,27018,49,45,5,6,44,40,21,Train/21/00021_00001_00018.png
4,4917,55,50,6,5,50,45,2,Train/2/00002_00070_00027.png
4,6056,59,54,6,5,54,49,3,Train/3/00003_00033_00026.png
4,36907,32,35,6,6,27,30,38,Train/38/00038_00030_00008.png
4,4051,27,26,6,5,21,21,2,Train/2/00002_00042_00001.png
4,28018,133,121,11,11,122,111,23,Train/23/00023_00010_00028.png
4,23849,54,57,6,5,49,52,15,Train/15/00015_00014_00029.png
4,9544,29,28,5,6,23,22,5,Train/5/00005_00037_00004.png
4,22285,96,83,9,7,88,76,13,Train/13/00013_00060_00025.png
4,24644,40,40,6,5,34,34,17,Train/17/00017_00006_00014.png
4,10333,38,39,5,5,33,34,6,Train/6/00006_00001_00013.png
4,33974,31,34,5,5,26,29,34,Train/34/00034_00006_00015.png
4,33183,33,34,6,6,28,29,33,Train/33/00033_00003_00003.png
4,38346,30,32,5,6,24,26,39,Train/39/00039_00009_00007.png
4,27999,49,46,6,6,43,40,23,Train/23/00023_00010_00009.png
4,13668,38,39,5,6,33,34,9,Train/9/00009_00003_00018.png
4,9023,53,53,5,5,48,48,5,Train/5/00005_00019_00023.png
4,2661,58,57,6,5,53,52,1,Train/1/00001_00069_00021.png
4,1775,37,37,5,5,32,32,1,Train/1/00001_00040_00005.png
4,14424,83,81,8,7,76,74,9,Train/9/00009_00028_00024.png
4,408,40,41,5,6,35,36,0,Train/0/00000_00001_00018.png
4,9715,68,71,7,7,62,65,5,Train/5/00005_00042_00025.png
4,26273,72,68,7,7,66,62,18,Train/18/00018_00023_00023.png
4,35740,38,37,6,5,33,32,36,Train/36/00036_00011_00011.png
4,217,27,28,5,6,22,23,20,Train/20/00020_00007_00007.png
4,17486,96,83,8,8,88,76,11,Train/11/00011_00014_00026.png
4,26607,92,80,9,8,84,73,18,Train/18/00018_00034_00027.png
4,974,51,54,6,6,45,48,1,Train/1/00001_00013_00014.png
4,26022,51,52,5,6,46,47,18,Train/18/00018_00015_00012.png
4,25567,30,28,6,6,25,23,18,Train/18/00018_00000_00007.png
4,22406,39,38,6,5,34,33,13,Train/13/00013_00064_00026.png
4,10887,117,116,11,10,107,106,7,Train/7/00007_00005_00027.png
4,37611,42,43,6,5,37,37,38,Train/38/00038_00053_00022.png
4,13732,48,48,5,5,43,43,9,Train/9/00009_00005_00022.png
4,28515,98,86,8,7,90,79,25,Train/25/00025_00001_00015.png
4,25649,97,91,8,8,89,83,18,Train/18/00018_00002_00029.png
4,33269,72,69,6,6,66,63,33,Train/33/00033_00005_00029.png
4,11332,46,47,5,5,41,42,7,Train/7/00007_00020_00022.png
4,27212,48,46,6,5,43,41,21,Train/21/00021_00008_00002.png
4,551,45,47,6,6,40,42,0,Train/0/00000_00006_00011.png
4,29566,51,46,5,6,46,41,25,Train/25/00025_00036_00016.png
4,36207,75,98,6,9,69,90,38,Train/38/00038_00006_00028.png
4,18299,122,110,11,10,112,101,11,Train/11/00011_00041_00029.png
4,7312,47,47,6,6,42,42,4,Train/4/00004_00028_00022.png
4,9809,92,85,9,8,84,77,5,Train/5/00005_00045_00029.png
4,26822,44,40,5,5,38,34,19,Train/19/00019_00002_00002.png
4,16030,33,32,6,5,28,27,10,Train/10/00010_00033_00010.png
4,3100,33,32,5,6,27,27,2,Train/2/00002_00010_00010.png
4,32784,68,63,6,6,62,58,31,Train/31/00031_00023_00024.png
4,1508,34,35,5,6,29,30,1,Train/1/00001_00031_00008.png
4,19199,82,83,7,8,75,76,12,Train/12/00012_00027_00029.png
4,8855,31,31,5,5,26,26,5,Train/5/00005_00014_00005.png
4,23940,87,101,8,9,80,93,15,Train/15/00015_00018_00000.png
4,6586,64,65,5,6,59,60,4,Train/4/00004_00004_00016.png
4,19842,38,37,6,5,33,32,12,Train/12/00012_00049_00012.png
4,32996,72,74,6,7,66,68,32,Train/32/00032_00004_00026.png
4,8086,55,56,6,5,50,51,4,Train/4/00004_00054_00016.png
4,2933,50,52,5,6,45,47,2,Train/2/00002_00004_00023.png
4,6969,33,35,6,6,28,29,4,Train/4/00004_00017_00009.png
4,13408,59,59,6,6,54,54,8,Train/8/00008_00041_00028.png
4,7209,38,39,5,6,33,34,4,Train/4/00004_00025_00009.png
4,11388,53,54,5,6,48,49,7,Train/7/00007_00022_00018.png
4,32602,105,95,10,9,96,87,31,Train/31/00031_00017_00022.png
4,16323,27,26,5,5,22,21,10,Train/10/00010_00043_00003.png
4,31016,94,83,9,7,86,76,28,Train/28/00028_00006_00026.png
4,33146,77,81,7,8,71,74,33,Train/33/00033_00001_00026.png
4,11592,34,34,5,6,29,29,7,Train/7/00007_00029_00012.png
4,9324,51,47,6,6,46,42,5,Train/5/00005_00029_00024.png
4,28577,110,100,10,9,101,91,25,Train/25/00025_00003_00017.png
4,3626,55,55,5,6,50,50,2,Train/2/00002_00027_00026.png
4,1928,48,49,5,6,43,44,1,Train/1/00001_00045_00008.png
4,22943,106,118,9,11,96,108,14,Train/14/00014_00010_00023.png
4,23564,35,34,6,5,30,29,15,Train/15/00015_00005_00014.png
4,20635,82,75,7,7,75,69,13,Train/13/00013_00005_00025.png
4,33792,40,47,5,5,35,42,34,Train/34/00034_00000_00013.png
4,38527,60,61,5,6,55,56,40,Train/40/00040_00005_00008.png
4,24696,27,29,5,5,22,24,17,Train/17/00017_00008_00006.png
4,29263,46,45,5,6,41,40,25,Train/25/00025_00026_00013.png
4,3902,29,30,6,6,24,25,2,Train/2/00002_00037_00002.png
4,13874,50,51,5,6,45,46,9,Train/9/00009_00010_00014.png
4,15207,58,57,6,5,53,52,10,Train/10/00010_00005_00027.png
4,33909,58,59,5,6,53,54,34,Train/34/00034_00004_00010.png
4,31410,38,35,6,6,33,30,29,Train/29/00029_00002_00000.png
4,1866,43,42,6,5,38,37,1,Train/1/00001_00043_00006.png
4,13671,43,43,5,5,38,38,9,Train/9/00009_00003_00021.png
4,20376,35,35,5,5,30,30,12,Train/12/00012_00067_00006.png
4,28135,108,94,10,9,99,86,23,Train/23/00023_00014_00025.png
4,20660,53,46,5,5,48,41,13,Train/13/00013_00006_00020.png
4,8963,63,63,5,5,58,58,5,Train/5/00005_00017_00023.png
4,28698,87,76,8,7,79,70,25,Train/25/00025_00007_00018.png
4,15963,30,30,5,5,24,25,10,Train/10/00010_00031_00003.png
4,32248,69,63,6,5,63,58,31,Train/31/00031_00005_00028.png
4,6320,45,45,6,5,40,40,3,Train/3/00003_00042_00020.png
4,16562,34,34,5,6,29,29,10,Train/10/00010_00051_00002.png
4,396,33,34,5,6,28,29,0,Train/0/00000_00001_00006.png
4,10696,38,38,6,6,33,33,6,Train/6/00006_00013_00016.png
4,12593,59,59,6,6,54,54,8,Train/8/00008_00014_00023.png
4,11350,34,33,6,5,29,28,7,Train/7/00007_00021_00010.png
4,2829,32,31,6,5,26,26,2,Train/2/00002_00001_00009.png
4,35202,39,40,5,6,33,35,35,Train/35/00035_00033_00013.png
4,16314,54,55,6,5,48,50,10,Train/10/00010_00042_00024.png
4,30579,57,53,6,5,52,48,27,Train/27/00027_00000_00009.png
4,5655,40,40,6,6,35,35,3,Train/3/00003_00020_00015.png
4,5007,72,72,6,6,66,66,2,Train/2/00002_00073_00027.png
4,37601,34,35,5,6,29,30,38,Train/38/00038_00053_00012.png
4,30578,54,51,5,5,49,46,27,Train/27/00027_00000_00008.png
4,12378,44,45,5,6,39,40,8,Train/8/00008_00007_00018.png
4,10736,83,83,7,8,76,76,7,Train/7/00007_00000_00026.png
4,34065,41,41,5,5,36,36,34,Train/34/00034_00009_00016.png
4,11285,29,28,5,6,24,23,7,Train/7/00007_00019_00005.png
4,20948,43,41,5,6,38,36,13,Train/13/00013_00016_00008.png
4,36390,27,27,6,5,22,22,38,Train/38/00038_00013_00001.png
4,7452,36,37,6,6,31,32,4,Train/4/00004_00033_00012.png
4,31569,40,42,5,6,35,37,29,Train/29/00029_00007_00009.png
4,661,27,27,6,6,21,22,1,Train/1/00001_00003_00001.png
4,33718,95,94,8,8,87,86,33,Train/33/00033_00020_00029.png
4,37230,28,31,5,6,23,26,38,Train/38/00038_00041_00001.png
4,22070,82,74,7,6,75,68,13,Train/13/00013_00053_00020.png
4,4969,38,39,6,6,33,34,2,Train/2/00002_00072_00019.png
4,8792,28,29,5,6,23,24,5,Train/5/00005_00012_00002.png
4,31847,62,57,6,5,57,52,30,Train/30/00030_00007_00017.png
4,29841,52,49,5,6,47,44,25,Train/25/00025_00045_00021.png
4,10595,32,32,5,5,27,27,6,Train/6/00006_00010_00005.png
4,37565,44,56,6,5,38,50,38,Train/38/00038_00052_00006.png
4,10422,38,39,6,6,33,34,6,Train/6/00006_00004_00012.png
4,32949,31,30,6,6,26,25,32,Train/32/00032_00003_00009.png
4,19881,58,58,5,5,52,53,12,Train/12/00012_00050_00021.png
4,24533,34,48,5,6,28,43,17,Train/17/00017_00002_00023.png
4,21090,26,25,5,5,20,20,13,Train/13/00013_00021_00000.png
4,15404,39,39,6,6,34,34,10,Train/10/00010_00012_00014.png
4,31785,48,46,6,6,43,41,30,Train/30/00030_00005_00015.png
4,11499,30,31,6,6,25,26,7,Train/7/00007_00026_00009.png
4,36632,30,30,6,5,25,24,38,Train/38/00038_00021_00003.png
4,29132,41,36,6,5,36,31,25,Train/25/00025_00022_00002.png
4,9322,46,43,6,6,41,38,5,Train/5/00005_00029_00022.png
4,32728,95,95,9,9,87,87,31,Train/31/00031_00021_00028.png
4,17117,117,105,10,9,106,96,11,Train/11/00011_00002_00017.png
4,33053,50,52,6,6,45,47,32,Train/32/00032_00006_00023.png
4,4322,29,29,5,6,24,24,2,Train/2/00002_00051_00002.png
4,20469,33,31,6,5,28,26,13,Train/13/00013_00000_00009.png
4,31228,147,142,13,12,135,129,28,Train/28/00028_00013_00028.png
4,21667,38,36,6,6,33,31,13,Train/13/00013_00040_00007.png
4,25248,33,35,5,5,28,30,17,Train/17/00017_00026_00018.png
4,23936,62,60,6,5,57,55,15,Train/15/00015_00017_00026.png
4,8646,32,32,5,5,26,26,5,Train/5/00005_00007_00006.png
4,6584,59,58,6,5,54,52,4,Train/4/00004_00004_00014.png
4,36929,36,35,6,5,31,30,38,Train/38/00038_00031_00000.png
4,1856,82,82,7,7,75,75,1,Train/1/00001_00042_00026.png
4,22293,48,44,5,6,42,39,13,Train/13/00013_00061_00003.png
4,23244,123,122,11,11,113,111,14,Train/14/00014_00020_00024.png
4,36201,73,91,7,8,66,83,38,Train/38/00038_00006_00022.png
4,33723,34,38,5,6,29,33,33,Train/33/00033_00021_00004.png
4,1888,105,106,9,10,96,97,1,Train/1/00001_00043_00028.png
4,25566,28,26,5,5,23,21,18,Train/18/00018_00000_00006.png
4,5945,30,29,6,5,24,24,3,Train/3/00003_00030_00005.png
4,34765,54,55,6,6,49,50,35,Train/35/00035_00018_00026.png
4,22060,50,46,5,5,44,41,13,Train/13/00013_00053_00010.png
4,37226,88,111,7,9,81,102,38,Train/38/00038_00040_00027.png
4,30931,30,29,5,5,25,24,28,Train/28/00028_00004_00001.png
4,5675,31,32,5,5,26,27,3,Train/3/00003_00021_00005.png
4,3888,46,46,6,6,41,41,2,Train/2/00002_00036_00018.png
4,5619,36,36,6,5,31,31,3,Train/3/00003_00019_00009.png
4,34179,41,41,5,5,36,36,34,Train/34/00034_00013_00010.png
4,35845,83,84,7,8,76,77,37,Train/37/00037_00001_00026.png
4,10643,51,51,5,5,46,46,6,Train/6/00006_00011_00023.png
4,3982,46,46,6,5,41,41,2,Train/2/00002_00039_00022.png
4,22257,97,89,9,8,89,82,13,Train/13/00013_00059_00027.png
4,8743,37,38,6,6,32,33,5,Train/5/00005_00010_00013.png
4,1379,119,118,11,10,109,108,1,Train/1/00001_00026_00029.png
4,19816,53,55,5,5,48,50,12,Train/12/00012_00048_00016.png
4,12797,37,35,5,5,32,30,8,Train/8/00008_00021_00017.png
4,12918,38,38,6,6,33,33,8,Train/8/00008_00025_00018.png
4,13050,26,26,5,5,20,20,8,Train/8/00008_00030_00000.png
4,30770,53,51,5,6,48,46,27,Train/27/00027_00006_00020.png
4,14451,62,62,6,6,57,56,9,Train/9/00009_00029_00021.png
4,6440,43,42,6,6,38,37,3,Train/3/00003_00046_00020.png
4,29425,75,71,7,6,69,65,25,Train/25/00025_00031_00025.png
4,7023,34,35,5,6,29,30,4,Train/4/00004_00019_00003.png
4,16946,53,55,5,6,48,49,10,Train/10/00010_00063_00026.png
4,9213,31,27,6,5,25,22,5,Train/5/00005_00026_00003.png
4,16087,33,31,6,6,28,26,10,Train/10/00010_00035_00007.png
4,11484,55,53,6,5,50,48,7,Train/7/00007_00025_00024.png
4,39074,36,36,5,5,30,31,42,Train/42/00042_00003_00015.png
4,9431,33,34,6,5,28,29,5,Train/5/00005_00033_00011.png
4,26792,30,29,5,5,25,24,19,Train/19/00019_00001_00002.png
4,26959,60,55,5,5,55,50,19,Train/19/00019_00006_00019.png
4,20973,44,42,5,6,39,37,13,Train/13/00013_00017_00003.png
4,37616,49,48,6,5,44,43,38,Train/38/00038_00053_00027.png
4,17970,37,38,5,6,32,33,11,Train/11/00011_00031_00000.png
4,26468,34,30,6,5,29,25,18,Train/18/00018_00030_00008.png
4,17106,80,72,7,7,73,66,11,Train/11/00011_00002_00006.png
4,28596,42,39,6,6,37,34,25,Train/25/00025_00004_00006.png
4,3967,30,30,6,6,25,25,2,Train/2/00002_00039_00007.png
4,12245,32,32,6,6,26,26,8,Train/8/00008_00003_00005.png
4,12737,50,50,6,6,45,45,8,Train/8/00008_00019_00017.png
4,528,45,44,5,6,40,39,0,Train/0/00000_00005_00018.png
4,27339,37,33,5,5,32,28,22,Train/22/00022_00001_00009.png
4,36561,55,57,6,6,50,52,38,Train/38/00038_00018_00022.png
4,12202,51,51,5,6,45,45,8,Train/8/00008_00001_00022.png
4,30831,46,45,5,6,41,39,28,Train/28/00028_00000_00021.png
4,20489,95,89,8,8,86,81,13,Train/13/00013_00000_00029.png
4,11634,40,41,5,5,35,36,7,Train/7/00007_00030_00024.png
4,7028,38,37,6,5,33,32,4,Train/4/00004_00019_00008.png
4,34637,45,46,5,6,40,41,35,Train/35/00035_00014_00018.png
4,31482,42,41,5,5,36,36,29,Train/29/00029_00004_00012.png
4,32253,31,31,5,6,26,26,31,Train/31/00031_00006_00003.png
4,9617,35,35,6,5,30,30,5,Train/5/00005_00039_00017.png
4,37131,59,61,6,5,54,56,38,Train/38/00038_00037_00022.png
4,6646,43,46,5,6,38,41,4,Train/4/00004_00006_00016.png
4,9004,33,32,6,5,28,27,5,Train/5/00005_00019_00004.png
4,12697,37,37,5,5,32,32,8,Train/8/00008_00018_00007.png
4,34379,26,27,5,5,21,22,35,Train/35/00035_00006_00000.png
4,2171,60,64,5,6,55,59,1,Train/1/00001_00053_00011.png
4,8322,40,39,6,5,35,34,4,Train/4/00004_00062_00012.png
4,2137,33,34,6,6,27,29,1,Train/1/00001_00052_00007.png
4,13912,65,68,6,7,60,62,9,Train/9/00009_00011_00022.png
4,23012,36,39,5,5,31,34,14,Train/14/00014_00013_00002.png
4,6282,68,68,7,7,62,62,3,Train/3/00003_00041_00012.png
4,35816,54,51,6,5,48,46,37,Train/37/00037_00000_00027.png
4,10659,30,31,6,5,25,25,6,Train/6/00006_00012_00009.png
4,9626,44,45,5,6,39,40,5,Train/5/00005_00039_00026.png
4,1983,36,35,6,5,31,30,1,Train/1/00001_00047_00003.png
4,17525,41,40,5,5,36,35,11,Train/11/00011_00016_00005.png
4,29503,71,61,7,6,65,56,25,Train/25/00025_00034_00013.png
4,12108,35,34,6,5,30,29,7,Train/7/00007_00046_00018.png
4,2313,31,31,6,6,26,26,1,Train/1/00001_00058_00003.png
4,16618,82,80,8,7,75,73,10,Train/10/00010_00052_00028.png
4,11422,43,44,5,5,38,38,7,Train/7/00007_00023_00022.png
4,35246,41,48,5,5,36,43,35,Train/35/00035_00034_00027.png
4,27122,33,30,6,5,28,25,21,Train/21/00021_00005_00002.png
4,11372,32,34,5,6,27,28,7,Train/7/00007_00022_00002.png
4,13530,27,28,6,5,22,23,8,Train/8/00008_00046_00000.png
4,25895,32,30,5,5,27,24,18,Train/18/00018_00011_00005.png
4,33641,32,44,5,6,27,38,33,Train/33/00033_00018_00011.png
4,3430,34,33,6,6,29,28,2,Train/2/00002_00021_00010.png
4,13006,35,33,5,6,30,28,8,Train/8/00008_00028_00016.png
4,29365,106,104,9,10,97,95,25,Train/25/00025_00029_00025.png
4,22667,62,63,5,5,57,58,14,Train/14/00014_00001_00017.png
4,13926,32,33,5,6,26,28,9,Train/9/00009_00012_00006.png
4,20384,45,41,6,6,40,36,12,Train/12/00012_00067_00014.png
4,21382,68,62,7,5,62,57,13,Train/13/00013_00030_00022.png
4,30900,34,33,5,6,29,28,28,Train/28/00028_00003_00000.png
4,34487,47,46,6,5,42,41,35,Train/35/00035_00009_00018.png
4,3473,55,58,5,5,50,53,2,Train/2/00002_00022_00023.png
4,31021,59,50,6,5,53,45,28,Train/28/00028_00007_00001.png
4,38533,71,71,7,6,65,65,40,Train/40/00040_00005_00014.png
4,35309,34,37,6,5,29,32,35,Train/35/00035_00037_00000.png
4,3523,37,35,6,5,32,30,2,Train/2/00002_00024_00013.png
4,32851,28,28,6,6,23,23,32,Train/32/00032_00000_00001.png
4,32485,69,64,6,5,63,59,31,Train/31/00031_00013_00025.png
4,6801,47,48,5,5,42,43,4,Train/4/00004_00011_00021.png
4,38161,29,28,6,6,24,23,39,Train/39/00039_00003_00002.png
4,6746,55,56,5,6,50,51,4,Train/4/00004_00009_00026.png
4,33350,73,72,7,7,66,66,33,Train/33/00033_00008_00020.png
4,10770,37,40,5,5,32,35,7,Train/7/00007_00002_00000.png
4,17572,63,58,6,6,58,53,11,Train/11/00011_00017_00022.png
4,28283,70,63,7,5,64,57,24,Train/24/00024_00002_00023.png
4,21117,95,91,8,8,86,83,13,Train/13/00013_00021_00027.png
4,1132,85,87,8,7,78,80,1,Train/1/00001_00018_00022.png
4,25027,37,40,5,6,32,35,17,Train/17/00017_00019_00007.png
4,30610,46,42,6,5,40,37,27,Train/27/00027_00001_00010.png
4,10625,29,32,5,6,24,27,6,Train/6/00006_00011_00005.png
4,37462,57,58,5,5,52,53,38,Train/38/00038_00048_00023.png
4,5508,36,36,5,6,30,31,3,Train/3/00003_00015_00018.png
4,11327,39,40,5,5,34,35,7,Train/7/00007_00020_00017.png
4,2643,33,32,6,5,28,27,1,Train/1/00001_00069_00003.png
4,33074,35,37,5,5,29,31,32,Train/32/00032_00007_00014.png
4,36431,31,34,6,6,26,28,38,Train/38/00038_00014_00012.png
4,22636,73,73,7,7,67,67,14,Train/14/00014_00000_00016.png
4,14300,49,52,6,5,43,46,9,Train/9/00009_00024_00020.png
4,29792,36,34,6,6,31,29,25,Train/25/00025_00044_00002.png
4,33465,39,39,5,6,33,33,33,Train/33/00033_00012_00015.png
4,15374,44,44,6,6,39,39,10,Train/10/00010_00011_00014.png
4,23870,49,56,6,5,44,51,15,Train/15/00015_00015_00020.png
4,2880,49,49,6,6,44,44,2,Train/2/00002_00003_00000.png
4,25072,47,44,6,6,42,39,17,Train/17/00017_00020_00022.png
4,24257,36,37,5,5,31,32,16,Train/16/00016_00007_00017.png
4,17304,101,92,9,8,93,84,11,Train/11/00011_00008_00024.png
4,12614,37,36,5,6,32,31,8,Train/8/00008_00015_00014.png
4,15252,41,41,6,6,36,36,10,Train/10/00010_00007_00012.png
4,8337,58,58,5,5,53,53,4,Train/4/00004_00062_00027.png
4,27816,32,30,6,5,27,25,23,Train/23/00023_00004_00006.png
4,15799,43,45,6,6,38,40,10,Train/10/00010_00025_00019.png
4,16290,33,34,6,6,28,29,10,Train/10/00010_00042_00000.png
4,24476,31,34,6,5,26,29,17,Train/17/00017_00000_00026.png
4,12364,33,31,6,5,27,26,8,Train/8/00008_00007_00004.png
4,35730,30,32,5,6,25,26,36,Train/36/00036_00011_00001.png
4,11627,34,34,5,5,29,29,7,Train/7/00007_00030_00017.png
4,20109,46,44,5,6,40,38,12,Train/12/00012_00058_00009.png
4,12903,28,28,6,6,22,22,8,Train/8/00008_00025_00003.png
4,26915,36,31,6,5,31,26,19,Train/19/00019_00005_00005.png
4,5430,29,29,6,6,24,24,3,Train/3/00003_00013_00000.png
4,18782,34,35,5,6,29,30,12,Train/12/00012_00014_00002.png
4,11531,32,33,5,6,27,28,7,Train/7/00007_00027_00011.png
4,2845,73,73,7,7,67,67,2,Train/2/00002_00001_00025.png
4,13523,63,63,5,5,58,58,8,Train/8/00008_00045_00023.png
4,24389,56,58,5,5,51,53,16,Train/16/00016_00011_00029.png
4,36236,86,94,7,8,79,86,38,Train/38/00038_00007_00027.png
4,24267,52,51,6,5,47,46,16,Train/16/00016_00007_00027.png
4,3957,99,97,8,9,91,89,2,Train/2/00002_00038_00027.png
4,3223,36,35,6,5,31,30,2,Train/2/00002_00014_00013.png
4,11035,51,50,6,6,46,45,7,Train/7/00007_00010_00025.png
4,3367,35,35,5,5,29,30,2,Train/2/00002_00019_00007.png
4,20736,32,31,5,5,26,26,13,Train/13/00013_00009_00006.png
4,7498,62,62,6,5,57,57,4,Train/4/00004_00034_00028.png
4,13817,36,35,5,5,30,30,9,Train/9/00009_00008_00017.png
4,12370,36,36,5,5,31,31,8,Train/8/00008_00007_00010.png
4,21476,113,105,10,10,104,96,13,Train/13/00013_00033_00026.png
4,2846,84,85,7,8,77,78,2,Train/2/00002_00001_00026.png
4,34152,36,35,6,5,31,30,34,Train/34/00034_00012_00013.png
4,21755,41,39,6,6,36,34,13,Train/13/00013_00043_00005.png
4,16635,52,54,5,6,47,49,10,Train/10/00010_00053_00015.png
4,1586,63,60,6,5,57,54,1,Train/1/00001_00033_00026.png
4,29508,80,70,7,6,73,64,25,Train/25/00025_00034_00018.png
4,26166,70,63,7,6,64,58,18,Train/18/00018_00020_00006.png
4,4140,27,26,6,6,22,21,2,Train/2/00002_00045_00000.png
4,22723,58,59,5,5,52,54,14,Train/14/00014_00003_00013.png
4,38696,85,85,8,8,78,78,40,Train/40/00040_00010_00027.png
4,3303,27,28,5,6,22,23,2,Train/2/00002_00017_00003.png
4,11933,38,38,5,5,33,33,7,Train/7/00007_00040_00023.png
4,12781,27,26,5,6,22,21,8,Train/8/00008_00021_00001.png
4,36552,32,31,6,5,27,26,38,Train/38/00038_00018_00013.png
4,20491,26,30,5,6,21,25,13,Train/13/00013_00001_00001.png
4,38554,40,39,6,5,35,34,40,Train/40/00040_00006_00005.png
4,11872,49,49,5,5,44,44,7,Train/7/00007_00038_00022.png
4,19024,35,35,6,6,30,30,12,Train/12/00012_00022_00004.png
4,9052,38,38,5,6,33,33,5,Train/5/00005_00020_00022.png
4,20765,35,35,5,5,30,30,13,Train/13/00013_00010_00005.png
4,19732,72,73,6,6,66,67,12,Train/12/00012_00045_00022.png
4,20615,30,30,5,5,24,25,13,Train/13/00013_00005_00005.png
4,30869,108,97,9,9,99,89,28,Train/28/00028_00001_00029.png
4,19530,35,34,6,5,30,29,12,Train/12/00012_00039_00000.png
4,33211,28,28,6,5,23,23,33,Train/33/00033_00004_00001.png
4,38117,40,41,5,5,35,36,39,Train/39/00039_00001_00018.png
4,33583,41,43,5,5,36,38,33,Train/33/00033_00016_00013.png
4,5881,26,28,5,6,20,23,3,Train/3/00003_00028_00001.png
4,9668,32,32,6,6,26,27,5,Train/5/00005_00041_00008.png
4,37213,50,58,5,6,45,53,38,Train/38/00038_00040_00014.png
4,33888,75,83,6,8,69,76,34,Train/34/00034_00003_00019.png
4,9283,39,38,5,5,34,33,5,Train/5/00005_00028_00013.png
4,8485,40,41,5,5,35,35,5,Train/5/00005_00001_00025.png
4,36668,32,33,5,5,27,27,38,Train/38/00038_00022_00009.png
4,18320,62,60,5,5,57,55,11,Train/11/00011_00042_00020.png
4,36936,39,39,5,5,34,34,38,Train/38/00038_00031_00007.png
4,3594,59,59,6,6,54,54,2,Train/2/00002_00026_00024.png
4,24458,26,33,6,6,21,28,17,Train/17/00017_00000_00008.png
4,3225,36,35,6,5,31,30,2,Train/2/00002_00014_00015.png
4,14320,35,36,5,6,30,31,9,Train/9/00009_00025_00010.png
4,21924,86,81,7,7,78,74,13,Train/13/00013_00048_00024.png
4,15183,32,33,6,6,27,27,10,Train/10/00010_00005_00003.png
4,9445,50,52,6,5,45,47,5,Train/5/00005_00033_00025.png
4,22709,77,76,7,6,71,70,14,Train/14/00014_00002_00029.png
4,3715,54,48,6,6,49,43,2,Train/2/00002_00030_00025.png
4,31423,47,42,5,5,42,37,29,Train/29/00029_00002_00013.png
4,30110,63,59,5,5,58,54,26,Train/26/00026_00004_00020.png
4,31201,41,43,5,5,36,38,28,Train/28/00028_00013_00001.png
4,4149,30,31,5,6,25,26,2,Train/2/00002_00045_00009.png
4,32055,40,37,6,6,35,32,30,Train/30/00030_00014_00015.png
4,8938,100,100,8,8,92,92,5,Train/5/00005_00016_00028.png
4,8220,29,30,5,6,24,25,4,Train/4/00004_00059_00000.png
4,6613,58,57,6,5,53,51,4,Train/4/00004_00005_00013.png
4,12062,27,29,5,6,21,23,7,Train/7/00007_00045_00002.png
4,18077,61,58,5,6,56,53,11,Train/11/00011_00034_00017.png
4,22489,48,46,5,6,43,41,13,Train/13/00013_00067_00019.png
4,26493,36,34,5,5,31,28,18,Train/18/00018_00031_00003.png
4,10417,35,36,6,6,30,31,6,Train/6/00006_00004_00007.png
4,12868,63,63,6,6,58,58,8,Train/8/00008_00023_00028.png
4,26519,65,60,6,6,60,55,18,Train/18/00018_00031_00029.png
4,38750,50,52,5,5,45,47,41,Train/41/00041_00000_00021.png
4,27834,59,58,5,5,54,53,23,Train/23/00023_00004_00024.png
4,24223,91,92,8,9,83,84,16,Train/16/00016_00006_00013.png
4,5534,39,40,5,5,34,35,3,Train/3/00003_00016_00014.png
4,36866,33,33,5,5,28,28,38,Train/38/00038_00028_00027.png
4,19159,49,50,5,6,44,45,12,Train/12/00012_00026_00019.png
4,13983,34,34,5,5,29,29,9,Train/9/00009_00014_00003.png
4,17335,85,75,7,6,78,69,11,Train/11/00011_00009_00025.png
4,37658,53,53,6,5,48,48,38,Train/38/00038_00055_00009.png
4,11613,28,27,6,5,23,21,7,Train/7/00007_00030_00003.png
4,7729,44,43,5,5,38,37,4,Train/4/00004_00042_00019.png
4,38133,49,54,5,5,44,49,39,Train/39/00039_00002_00004.png
4,6330,28,29,5,5,23,24,3,Train/3/00003_00043_00000.png
4,8849,75,74,6,6,69,68,5,Train/5/00005_00013_00029.png
4,7346,76,76,7,6,70,70,4,Train/4/00004_00029_00026.png
4,28884,65,63,6,6,60,58,25,Train/25/00025_00013_00024.png
4,9850,34,36,5,6,29,30,5,Train/5/00005_00047_00010.png
4,20112,49,47,5,6,44,42,12,Train/12/00012_00058_00012.png
4,9484,29,30,5,6,23,24,5,Train/5/00005_00035_00004.png
4,22186,107,93,10,8,97,85,13,Train/13/00013_00057_00016.png
4,11669,64,67,5,6,58,61,7,Train/7/00007_00031_00029.png
4,10969,45,45,6,5,40,40,7,Train/7/00007_00008_00019.png
4,11230,35,35,6,6,30,30,7,Train/7/00007_00017_00010.png
4,15879,36,37,5,6,31,32,10,Train/10/00010_00028_00009.png
4,4409,74,71,6,6,68,65,2,Train/2/00002_00053_00029.png
4,7857,88,89,7,8,81,82,4,Train/4/00004_00046_00027.png
4,33672,33,35,6,6,28,29,33,Train/33/00033_00019_00012.png
4,3801,35,38,5,6,30,33,2,Train/2/00002_00033_00021.png
4,19259,94,89,8,8,86,82,12,Train/12/00012_00029_00029.png
4,20181,58,58,5,5,53,53,12,Train/12/00012_00060_00021.png
4,26823,46,41,5,6,41,36,19,Train/19/00019_00002_00003.png
4,18696,40,42,5,6,35,37,12,Train/12/00012_00011_00006.png
4,30780,32,30,5,5,27,25,27,Train/27/00027_00007_00000.png
4,128,34,33,6,5,29,28,20,Train/20/00020_00004_00008.png
4,25918,129,117,11,11,117,106,18,Train/18/00018_00011_00028.png
4,10675,46,47,6,5,40,41,6,Train/6/00006_00012_00025.png
4,22411,37,32,6,5,32,27,13,Train/13/00013_00065_00001.png
4,19832,30,31,5,6,25,26,12,Train/12/00012_00049_00002.png
4,37722,41,43,6,5,36,38,38,Train/38/00038_00057_00013.png
4,8336,55,55,5,5,50,50,4,Train/4/00004_00062_00026.png
4,30188,33,32,5,6,28,27,26,Train/26/00026_00007_00008.png
4,5732,29,29,6,6,24,24,3,Train/3/00003_00023_00002.png
4,13565,36,36,6,6,31,31,9,Train/9/00009_00000_00005.png
4,31020,58,50,6,5,53,45,28,Train/28/00028_00007_00000.png
4,1948,110,110,9,9,101,101,1,Train/1/00001_00045_00028.png
4,12801,45,42,6,5,40,37,8,Train/8/00008_00021_00021.png
4,20161,40,40,5,5,35,35,12,Train/12/00012_00060_00001.png
4,27646,48,45,6,5,43,40,22,Train/22/00022_00011_00016.png
4,13435,51,51,6,6,46,46,8,Train/8/00008_00042_00025.png
4,23230,54,56,6,5,49,51,14,Train/14/00014_00020_00010.png
4,16781,37,36,6,5,32,31,10,Train/10/00010_00058_00011.png
4,32041,29,28,6,5,24,23,30,Train/30/00030_00014_00001.png
4,21684,81,70,8,6,74,64,13,Train/13/00013_00040_00024.png
4,11646,29,30,5,6,24,25,7,Train/7/00007_00031_00006.png
4,37832,37,37,6,5,32,32,38,Train/38/00038_00061_00003.png
4,3175,104,96,10,9,95,88,2,Train/2/00002_00012_00025.png
4,22261,36,33,6,5,31,28,13,Train/13/00013_00060_00001.png
4,13630,47,46,6,6,41,40,9,Train/9/00009_00002_00010.png
4,7628,33,33,5,5,28,28,4,Train/4/00004_00039_00008.png
4,23292,46,50,6,6,41,45,14,Train/14/00014_00022_00012.png
4,522,37,35,5,6,32,30,0,Train/0/00000_00005_00012.png
4,14848,145,144,12,12,132,131,9,Train/9/00009_00042_00028.png
4,26671,37,36,6,5,32,31,18,Train/18/00018_00037_00001.png
4,2175,65,71,6,6,60,65,1,Train/1/00001_00053_00015.png
4,9728,33,33,5,5,27,27,5,Train/5/00005_00043_00008.png
4,37707,118,127,10,11,108,116,38,Train/38/00038_00056_00028.png
4,28202,26,27,5,5,20,21,24,Train/24/00024_00000_00002.png
4,33154,42,39,6,5,37,34,33,Train/33/00033_00002_00004.png
4,3705,44,38,6,6,38,33,2,Train/2/00002_00030_00015.png
4,27670,40,40,6,6,35,35,22,Train/22/00022_00012_00010.png
4,35068,58,59,5,6,53,54,35,Train/35/00035_00028_00029.png
4,33945,36,41,5,6,31,35,34,Train/34/00034_00005_00016.png
4,35026,41,41,6,5,36,36,35,Train/35/00035_00027_00017.png
4,17481,62,57,5,6,57,52,11,Train/11/00011_00014_00021.png
4,29064,118,109,11,10,108,100,25,Train/25/00025_00019_00024.png
4,32939,98,89,9,8,90,82,32,Train/32/00032_00002_00029.png
4,9873,31,32,6,6,26,27,5,Train/5/00005_00048_00003.png
4,6337,30,30,6,5,25,25,3,Train/3/00003_00043_00007.png
4,31256,81,72,8,6,74,66,28,Train/28/00028_00014_00026.png
4,8551,26,28,5,6,21,23,5,Train/5/00005_00004_00001.png
4,4921,26,27,5,6,21,22,2,Train/2/00002_00071_00001.png
4,7400,39,39,6,5,34,34,4,Train/4/00004_00031_00020.png
4,6376,39,39,5,6,34,34,3,Train/3/00003_00044_00016.png
4,10068,38,37,5,5,33,32,5,Train/5/00005_00054_00018.png
4,30217,39,34,6,5,33,29,26,Train/26/00026_00008_00007.png
4,22116,43,40,5,5,38,35,13,Train/13/00013_00055_00006.png
4,31973,75,76,6,7,68,70,30,Train/30/00030_00011_00023.png
4,28573,96,86,8,8,87,78,25,Train/25/00025_00003_00013.png
4,18489,33,27,6,5,28,22,12,Train/12/00012_00004_00009.png
4,11057,49,50,5,6,44,45,7,Train/7/00007_00011_00017.png
4,32735,31,31,6,6,26,26,31,Train/31/00031_00022_00005.png
4,32627,60,56,6,6,55,51,31,Train/31/00031_00018_00017.png
4,11122,51,50,5,6,46,45,7,Train/7/00007_00013_00022.png
4,5652,35,34,6,5,30,29,3,Train/3/00003_00020_00012.png
4,21719,77,64,7,5,71,59,13,Train/13/00013_00041_00029.png
4,22552,50,50,6,6,45,45,13,Train/13/00013_00069_00022.png
4,32873,58,56,6,6,53,51,32,Train/32/00032_00000_00023.png
4,3042,33,36,5,6,28,30,2,Train/2/00002_00008_00012.png
4,4881,31,31,6,5,26,26,2,Train/2/00002_00069_00021.png
4,16924,29,30,6,6,24,25,10,Train/10/00010_00063_00004.png
4,25723,100,94,9,8,92,86,18,Train/18/00018_00005_00013.png
4,3966,30,29,6,6,24,24,2,Train/2/00002_00039_00006.png
4,4901,35,35,6,5,30,30,2,Train/2/00002_00070_00011.png
4,29720,77,72,7,6,70,65,25,Train/25/00025_00041_00020.png
4,19470,40,40,5,5,35,35,12,Train/12/00012_00037_00000.png
4,9924,46,48,6,6,41,43,5,Train/5/00005_00049_00024.png
4,16967,37,37,6,5,32,32,10,Train/10/00010_00064_00017.png
4,29220,35,33,5,5,30,28,25,Train/25/00025_00025_00000.png
4,15105,39,36,6,5,33,30,10,Train/10/00010_00002_00015.png
4,27100,39,34,5,5,34,29,21,Train/21/00021_00004_00010.png
4,8760,31,32,5,5,26,27,5,Train/5/00005_00011_00000.png
4,24048,86,87,7,7,79,80,16,Train/16/00016_00000_00018.png
4,12223,34,34,6,5,29,28,8,Train/8/00008_00002_00013.png
4,7213,46,45,5,6,41,40,4,Train/4/00004_00025_00013.png
4,36270,33,33,6,6,28,28,38,Train/38/00038_00009_00001.png
4,35292,36,36,6,6,31,31,35,Train/35/00035_00036_00013.png
4,18612,41,41,6,6,36,36,12,Train/12/00012_00008_00012.png
4,13556,58,58,6,5,53,53,8,Train/8/00008_00046_00026.png
4,14293,37,40,5,5,32,35,9,Train/9/00009_00024_00013.png
4,11265,37,38,6,6,32,33,7,Train/7/00007_00018_00015.png
4,19540,45,44,6,5,40,39,12,Train/12/00012_00039_00010.png
4,37106,116,117,10,11,106,107,38,Train/38/00038_00036_00027.png
4,25093,36,34,6,5,31,29,17,Train/17/00017_00021_00013.png
4,21900,45,43,5,5,40,38,13,Train/13/00013_00048_00000.png
4,16607,46,46,6,6,41,41,10,Train/10/00010_00052_00017.png
4,24935,28,30,5,6,23,25,17,Train/17/00017_00016_00005.png
4,26427,84,95,8,8,77,87,18,Train/18/00018_00028_00027.png
4,39168,40,40,6,6,35,35,42,Train/42/00042_00006_00019.png
4,16930,30,32,5,5,25,26,10,Train/10/00010_00063_00010.png
4,23842,45,51,5,6,40,46,15,Train/15/00015_00014_00022.png
4,30237,88,83,7,7,81,76,26,Train/26/00026_00008_00027.png
4,1183,56,58,5,5,51,53,1,Train/1/00001_00020_00013.png
4,9078,45,45,6,6,40,40,5,Train/5/00005_00021_00018.png
4,29847,70,63,7,5,64,58,25,Train/25/00025_00045_00027.png
4,35485,69,70,6,6,63,64,36,Train/36/00036_00002_00026.png
4,3776,59,55,5,5,54,50,2,Train/2/00002_00032_00026.png
4,32953,35,38,6,6,30,32,32,Train/32/00032_00003_00013.png
4,26583,35,32,6,5,29,26,18,Train/18/00018_00034_00003.png
4,7926,30,31,6,5,25,25,4,Train/4/00004_00049_00006.png
4,6992,38,40,6,6,33,35,4,Train/4/00004_00018_00002.png
4,23921,40,39,6,5,35,34,15,Train/15/00015_00017_00011.png
4,21765,52,47,6,6,47,42,13,Train/13/00013_00043_00015.png
4,7840,36,35,6,5,31,30,4,Train/4/00004_00046_00010.png
4,23296,54,57,6,5,48,52,14,Train/14/00014_00022_00016.png
4,34896,32,32,6,5,27,27,35,Train/35/00035_00023_00007.png
4,14324,40,39,6,5,35,34,9,Train/9/00009_00025_00014.png
4,32591,70,64,6,6,64,58,31,Train/31/00031_00017_00011.png
4,1157,41,40,6,5,36,35,1,Train/1/00001_00019_00017.png
4,9717,75,81,6,8,69,74,5,Train/5/00005_00042_00027.png
4,15923,44,43,6,6,39,38,10,Train/10/00010_00029_00023.png
4,23752,59,62,6,5,54,57,15,Train/15/00015_00011_00022.png
4,37655,49,50,5,5,44,45,38,Train/38/00038_00055_00006.png
4,7087,31,32,5,5,26,27,4,Train/4/00004_00021_00007.png
4,35700,30,30,5,5,25,25,36,Train/36/00036_00010_00001.png
4,6885,37,38,6,5,32,33,4,Train/4/00004_00014_00015.png
4,4119,35,35,5,5,30,30,2,Train/2/00002_00044_00009.png
4,2848,115,116,10,10,105,106,2,Train/2/00002_00001_00028.png
4,13176,35,37,6,6,30,32,8,Train/8/00008_00034_00006.png
4,3384,53,57,5,6,48,52,2,Train/2/00002_00019_00024.png
4,27767,59,53,6,6,53,48,23,Train/23/00023_00002_00017.png
4,27298,145,128,13,11,132,116,21,Train/21/00021_00010_00028.png
4,32956,37,38,6,5,32,33,32,Train/32/00032_00003_00016.png
4,30520,34,32,5,5,29,27,26,Train/26/00026_00018_00010.png
4,23079,40,40,6,6,35,35,14,Train/14/00014_00015_00009.png
4,33612,36,45,6,6,31,40,33,Train/33/00033_00017_00012.png
4,32555,35,34,5,5,30,29,31,Train/31/00031_00016_00005.png
4,13677,62,60,5,5,57,55,9,Train/9/00009_00003_00027.png
4,14556,33,31,5,5,27,25,9,Train/9/00009_00033_00006.png
4,21383,70,63,6,5,64,58,13,Train/13/00013_00030_00023.png
4,22167,68,60,6,5,61,55,13,Train/13/00013_00056_00027.png
4,14968,113,111,9,9,103,102,9,Train/9/00009_00046_00028.png
4,14914,33,36,5,5,27,30,9,Train/9/00009_00045_00004.png
4,1458,53,55,5,6,47,49,1,Train/1/00001_00029_00018.png
4,6901,30,29,6,5,24,23,4,Train/4/00004_00015_00001.png
4,29339,144,142,12,13,132,130,25,Train/25/00025_00028_00029.png
4,10531,26,28,5,6,20,23,6,Train/6/00006_00008_00001.png
4,11525,29,29,6,5,24,24,7,Train/7/00007_00027_00005.png
4,14581,27,26,6,5,22,21,9,Train/9/00009_00034_00001.png
4,31925,36,36,5,6,31,31,30,Train/30/00030_00010_00005.png
4,17900,29,45,5,6,24,40,11,Train/11/00011_00028_00020.png
4,8319,34,35,5,6,29,30,4,Train/4/00004_00062_00009.png
4,12416,54,54,5,5,49,49,8,Train/8/00008_00008_00026.png
4,9843,30,31,5,6,24,25,5,Train/5/00005_00047_00003.png
4,25677,121,111,10,10,110,102,18,Train/18/00018_00003_00027.png
4,10546,34,37,6,6,29,32,6,Train/6/00006_00008_00016.png
4,8234,42,42,6,6,37,37,4,Train/4/00004_00059_00014.png
4,26883,41,39,5,6,36,34,19,Train/19/00019_00004_00003.png
4,28897,44,39,6,5,38,33,25,Train/25/00025_00014_00007.png
4,30881,52,48,5,6,47,43,28,Train/28/00028_00002_00011.png
4,7471,29,29,5,5,24,24,4,Train/4/00004_00034_00001.png
4,14778,46,49,5,6,41,43,9,Train/9/00009_00040_00018.png
4,18911,43,42,6,5,38,37,12,Train/12/00012_00018_00011.png
4,28656,30,29,5,5,25,24,25,Train/25/00025_00006_00006.png
4,27859,56,52,6,5,51,46,23,Train/23/00023_00005_00019.png
4,32894,35,34,6,5,30,28,32,Train/32/00032_00001_00014.png
4,38457,109,111,9,9,100,102,40,Train/40/00040_00002_00028.png
4,26998,141,127,12,11,129,116,21,Train/21/00021_00000_00028.png
4,1239,38,39,6,5,33,33,1,Train/1/00001_00022_00009.png
4,20637,97,98,8,8,89,90,13,Train/13/00013_00005_00027.png
4,35067,56,57,5,6,51,52,35,Train/35/00035_00028_00028.png
4,3578,36,37,6,6,31,32,2,Train/2/00002_00026_00008.png
4,27434,38,37,6,5,33,31,22,Train/22/00022_00004_00014.png
4,8924,42,41,6,5,37,36,5,Train/5/00005_00016_00014.png
4,10532,27,28,6,5,22,23,6,Train/6/00006_00008_00002.png
4,14743,41,41,5,5,36,36,9,Train/9/00009_00039_00013.png
4,2722,63,64,5,6,58,59,1,Train/1/00001_00071_00022.png
4,4190,46,48,6,5,41,43,2,Train/2/00002_00046_00020.png
4,3500,41,41,6,6,36,36,2,Train/2/00002_00023_00020.png
4,563,75,81,6,7,69,74,0,Train/0/00000_00006_00023.png
4,8484,41,40,6,5,36,35,5,Train/5/00005_00001_00024.png
4,21658,88,76,7,6,81,70,13,Train/13/00013_00039_00028.png
4,21098,34,31,5,5,29,26,13,Train/13/00013_00021_00008.png
4,4663,44,45,5,5,39,40,2,Train/2/00002_00062_00013.png
4,2974,27,27,5,5,22,22,2,Train/2/00002_00006_00004.png
4,39141,42,40,5,6,37,35,42,Train/42/00042_00005_00022.png
4,19945,149,150,13,13,136,137,12,Train/12/00012_00052_00025.png
4,19954,43,39,5,5,38,33,12,Train/12/00012_00053_00004.png
4,13882,70,68,6,6,63,62,9,Train/9/00009_00010_00022.png
4,17721,99,92,9,8,91,84,11,Train/11/00011_00022_00021.png
4,13701,45,46,5,6,40,41,9,Train/9/00009_00004_00021.png
4,4639,62,61,6,5,57,56,2,Train/2/00002_00061_00019.png
4,520,34,33,5,5,29,28,0,Train/0/00000_00005_00010.png
4,18376,37,41,6,6,32,36,12,Train/12/00012_00000_00016.png
4,22730,83,83,8,7,75,75,14,Train/14/00014_00003_00020.png
4,37711,29,31,6,5,24,25,38,Train/38/00038_00057_00002.png
4,20267,40,43,5,6,35,38,12,Train/12/00012_00063_00017.png
4,19631,70,71,6,7,64,65,12,Train/12/00012_00042_00011.png
4,3986,54,55,5,5,48,49,2,Train/2/00002_00039_00026.png
4,2972,27,27,5,5,22,22,2,Train/2/00002_00006_00002.png
4,11299,43,45,6,5,38,40,7,Train/7/00007_00019_00019.png
4,15509,118,121,11,11,108,111,10,Train/10/00010_00015_00029.png
4,13501,32,31,5,6,26,26,8,Train/8/00008_00045_00001.png
4,32157,120,116,10,11,110,106,31,Train/31/00031_00002_00027.png
4,34122,31,32,5,6,26,27,34,Train/34/00034_00011_00013.png
4,35579,29,30,5,6,24,25,36,Train/36/00036_00006_00000.png
4,22668,68,70,6,6,62,63,14,Train/14/00014_00001_00018.png
4,26342,39,34,5,6,34,29,18,Train/18/00018_00026_00002.png
4,1500,27,29,5,5,22,24,1,Train/1/00001_00031_00000.png
4,31300,41,42,5,5,36,37,28,Train/28/00028_00016_00010.png
4,31627,34,32,5,5,29,27,30,Train/30/00030_00000_00007.png
4,11137,40,40,6,6,35,35,7,Train/7/00007_00014_00007.png
4,189,35,31,6,5,29,25,20,Train/20/00020_00006_00009.png
4,31771,32,32,5,5,27,27,30,Train/30/00030_00005_00001.png
4,39049,38,38,5,5,33,33,42,Train/42/00042_00002_00020.png
4,27291,57,53,6,6,52,48,21,Train/21/00021_00010_00021.png
4,18534,85,82,8,8,78,75,12,Train/12/00012_00005_00024.png
4,17685,43,39,5,6,38,34,11,Train/11/00011_00021_00015.png
4,34795,53,53,6,5,48,48,35,Train/35/00035_00019_00026.png
4,6615,62,61,6,6,57,56,4,Train/4/00004_00005_00015.png
4,37263,27,27,6,5,22,22,38,Train/38/00038_00042_00004.png
4,37931,37,37,6,5,32,32,38,Train/38/00038_00064_00012.png
4,20743,43,40,6,5,38,35,13,Train/13/00013_00009_00013.png
4,30552,37,33,5,5,32,28,26,Train/26/00026_00019_00012.png
4,28763,62,57,6,5,57,52,25,Train/25/00025_00009_00023.png
4,880,36,34,6,6,30,29,1,Train/1/00001_00010_00010.png
4,11256,30,31,6,5,25,26,7,Train/7/00007_00018_00006.png
4,12458,34,34,5,5,29,29,8,Train/8/00008_00010_00008.png
4,28302,69,59,7,5,63,54,24,Train/24/00024_00003_00012.png
4,34207,43,43,5,5,37,37,35,Train/35/00035_00000_00008.png
4,31135,104,88,9,8,95,81,28,Train/28/00028_00010_00025.png
4,16278,39,40,5,6,34,35,10,Train/10/00010_00041_00018.png
4,15882,33,33,5,5,28,28,10,Train/10/00010_00028_00012.png
4,6652,60,62,5,5,55,57,4,Train/4/00004_00006_00022.png
4,29091,51,46,5,5,46,41,25,Train/25/00025_00020_00021.png
4,20930,106,98,10,9,97,89,13,Train/13/00013_00015_00020.png
4,28126,92,81,9,8,84,74,23,Train/23/00023_00014_00016.png
4,23121,75,75,6,7,69,69,14,Train/14/00014_00016_00021.png
4,12705,43,42,6,6,38,37,8,Train/8/00008_00018_00015.png
4,5919,30,29,5,5,25,24,3,Train/3/00003_00029_00009.png
4,37705,99,106,9,9,91,96,38,Train/38/00038_00056_00026.png
4,30800,53,49,6,6,48,44,27,Train/27/00027_00007_00020.png
4,5301,54,54,5,5,49,49,3,Train/3/00003_00008_00021.png
4,29138,49,44,6,5,44,39,25,Train/25/00025_00022_00008.png
4,26919,36,33,6,5,31,28,19,Train/19/00019_00005_00009.png
4,23545,60,60,5,5,55,55,15,Train/15/00015_00004_00025.png
4,3755,32,30,6,5,27,25,2,Train/2/00002_00032_00005.png
4,19804,40,41,6,5,34,36,12,Train/12/00012_00048_00004.png
4,31024,58,54,6,5,53,49,28,Train/28/00028_00007_00004.png
4,17257,51,48,5,6,45,42,11,Train/11/00011_00007_00007.png
4,26758,107,100,10,9,98,92,18,Train/18/00018_00039_00028.png
4,13059,29,29,6,5,24,23,8,Train/8/00008_00030_00009.png
4,21241,34,37,6,5,28,31,13,Train/13/00013_00026_00001.png
4,16370,37,39,5,6,32,34,10,Train/10/00010_00044_00020.png
4,14227,35,36,5,5,30,31,9,Train/9/00009_00022_00007.png
4,10755,33,35,5,6,28,29,7,Train/7/00007_00001_00015.png
4,19991,37,40,5,6,32,35,12,Train/12/00012_00054_00011.png
4,13868,43,43,6,6,38,38,9,Train/9/00009_00010_00008.png
4,28396,52,49,5,6,47,44,24,Train/24/00024_00006_00016.png
4,15411,43,44,5,6,38,39,10,Train/10/00010_00012_00021.png
4,30047,40,36,6,5,35,31,26,Train/26/00026_00002_00017.png
4,23390,48,49,5,5,42,43,14,Train/14/00014_00025_00020.png
4,33785,32,37,6,5,27,31,34,Train/34/00034_00000_00006.png
4,20358,47,54,5,6,42,49,12,Train/12/00012_00066_00018.png
4,10096,39,39,6,5,34,34,5,Train/5/00005_00055_00016.png
4,23406,42,44,5,5,37,39,15,Train/15/00015_00000_00006.png
4,17491,28,27,5,5,22,22,11,Train/11/00011_00015_00001.png
4,6655,82,84,8,8,75,77,4,Train/4/00004_00006_00025.png
4,31575,48,49,5,5,42,44,29,Train/29/00029_00007_00015.png
4,17073,55,54,5,6,50,48,11,Train/11/00011_00001_00003.png
4,24924,47,49,6,6,42,44,17,Train/17/00017_00015_00024.png
4,2119,51,53,5,6,45,48,1,Train/1/00001_00051_00019.png
4,37431,31,31,5,6,25,26,38,Train/38/00038_00047_00022.png
4,13178,38,39,6,5,33,34,8,Train/8/00008_00034_00008.png
4,958,97,97,8,9,88,89,1,Train/1/00001_00012_00028.png
4,6736,40,39,5,5,34,34,4,Train/4/00004_00009_00016.png
4,38681,42,43,6,5,36,38,40,Train/40/00040_00010_00012.png
4,6472,68,68,6,6,62,62,4,Train/4/00004_00000_00022.png
4,21851,42,43,6,6,37,38,13,Train/13/00013_00046_00011.png
4,33671,32,33,5,5,27,28,33,Train/33/00033_00019_00011.png
4,12305,31,33,5,5,26,28,8,Train/8/00008_00005_00005.png
4,5444,38,36,6,5,33,31,3,Train/3/00003_00013_00014.png
4,34012,55,55,6,6,50,50,34,Train/34/00034_00007_00023.png
4,32171,47,42,5,5,42,37,31,Train/31/00031_00003_00011.png
4,38083,103,106,9,10,94,97,39,Train/39/00039_00000_00014.png
4,1102,61,61,6,6,55,56,1,Train/1/00001_00017_00022.png
4,22024,32,30,6,6,26,25,13,Train/13/00013_00052_00004.png
4,4642,72,71,7,6,66,65,2,Train/2/00002_00061_00022.png
4,37317,59,80,5,8,54,73,38,Train/38/00038_00043_00028.png
4,26414,48,51,5,6,43,46,18,Train/18/00018_00028_00014.png
4,35588,35,35,6,6,30,30,36,Train/36/00036_00006_00009.png
4,25308,48,49,6,5,43,44,17,Train/17/00017_00028_00018.png
4,24759,34,34,6,6,28,28,17,Train/17/00017_00010_00009.png
4,4716,30,30,5,5,24,24,2,Train/2/00002_00064_00006.png
4,32671,30,31,5,6,25,26,31,Train/31/00031_00020_00001.png
4,31981,32,32,6,6,27,27,30,Train/30/00030_00012_00001.png
4,27675,47,45,5,5,42,39,22,Train/22/00022_00012_00015.png
4,32404,34,34,6,6,29,29,31,Train/31/00031_00011_00004.png
4,21869,117,106,11,10,107,97,13,Train/13/00013_00046_00029.png
4,9334,30,31,5,6,25,26,5,Train/5/00005_00030_00004.png
4,4759,76,80,6,8,70,73,2,Train/2/00002_00065_00019.png
4,28950,30,31,6,6,25,26,25,Train/25/00025_00016_00000.png
4,35831,42,42,6,6,37,37,37,Train/37/00037_00001_00012.png
4,30547,32,31,5,6,27,25,26,Train/26/00026_00019_00007.png
4,2309,71,72,7,7,64,65,1,Train/1/00001_00057_00029.png
4,16587,97,96,9,8,89,88,10,Train/10/00010_00051_00027.png
4,13521,55,55,5,5,50,50,8,Train/8/00008_00045_00021.png
4,8014,27,28,6,5,22,22,4,Train/4/00004_00052_00004.png
4,23156,93,94,8,8,84,86,14,Train/14/00014_00017_00026.png
4,29437,30,30,5,6,25,25,25,Train/25/00025_00032_00007.png
4,28309,87,81,8,8,80,74,24,Train/24/00024_00003_00019.png
4,31988,36,36,5,5,31,31,30,Train/30/00030_00012_00008.png
4,10908,48,48,6,6,43,43,7,Train/7/00007_00006_00018.png
4,14488,69,69,7,6,63,63,9,Train/9/00009_00030_00028.png
4,30055,48,43,6,6,43,38,26,Train/26/00026_00002_00025.png
4,35667,107,105,10,10,98,96,36,Train/36/00036_00008_00028.png
4,4756,68,68,7,6,62,62,2,Train/2/00002_00065_00016.png
4,29473,44,42,6,5,39,37,25,Train/25/00025_00033_00013.png
4,25643,64,60,5,6,59,55,18,Train/18/00018_00002_00023.png
4,22433,73,63,7,5,67,58,13,Train/13/00013_00065_00023.png
4,31211,54,54,5,5,48,49,28,Train/28/00028_00013_00011.png
4,10356,32,32,6,5,27,27,6,Train/6/00006_00002_00006.png
4,8751,46,46,6,6,41,41,5,Train/5/00005_00010_00021.png
4,38964,57,58,5,5,52,53,41,Train/41/00041_00007_00025.png
4,16432,46,46,5,6,41,41,10,Train/10/00010_00046_00022.png
4,35732,31,31,5,5,26,26,36,Train/36/00036_00011_00003.png
4,3349,45,46,5,6,39,40,2,Train/2/00002_00018_00019.png
4,16024,26,26,5,6,20,21,10,Train/10/00010_00033_00004.png
4,30698,43,43,5,6,38,38,27,Train/27/00027_00004_00008.png
4,31611,80,71,7,7,72,65,29,Train/29/00029_00008_00021.png
4,17438,45,43,6,5,40,37,11,Train/11/00011_00013_00008.png
4,37351,29,29,6,5,24,24,38,Train/38/00038_00045_00002.png
4,25780,69,60,6,5,62,55,18,Train/18/00018_00007_00010.png
4,39051,39,39,5,5,34,34,42,Train/42/00042_00002_00022.png
4,14026,43,43,5,5,38,38,9,Train/9/00009_00015_00016.png
4,12220,32,32,6,6,26,26,8,Train/8/00008_00002_00010.png
4,26173,79,72,7,7,72,66,18,Train/18/00018_00020_00013.png
4,5838,38,39,5,5,33,33,3,Train/3/00003_00026_00018.png
4,38048,30,32,5,6,25,27,38,Train/38/00038_00068_00009.png
4,36017,48,47,6,5,42,41,38,Train/38/00038_00000_00018.png
4,14900,51,49,5,6,45,44,9,Train/9/00009_00044_00020.png
4,36216,35,37,5,6,29,32,38,Train/38/00038_00007_00007.png
4,906,30,32,5,5,25,27,1,Train/1/00001_00011_00006.png
4,30801,56,51,6,5,51,46,27,Train/27/00027_00007_00021.png
4,28529,189,171,16,14,172,157,25,Train/25/00025_00001_00029.png
4,10842,40,39,6,5,35,34,7,Train/7/00007_00004_00012.png
4,20029,53,52,6,5,48,47,12,Train/12/00012_00055_00019.png
4,37685,43,47,5,6,38,42,38,Train/38/00038_00056_00006.png
4,13908,52,53,5,5,47,48,9,Train/9/00009_00011_00018.png
4,5904,47,48,6,5,42,43,3,Train/3/00003_00028_00024.png
4,36713,68,69,6,6,61,63,38,Train/38/00038_00023_00024.png
4,38914,28,28,5,5,23,23,41,Train/41/00041_00006_00005.png
4,32988,42,42,5,5,36,37,32,Train/32/00032_00004_00018.png
4,31796,86,75,8,6,79,69,30,Train/30/00030_00005_00026.png
4,10835,33,33,5,5,28,28,7,Train/7/00007_00004_00005.png
4,27594,83,72,7,6,76,66,22,Train/22/00022_00009_00024.png
4,776,106,117,10,10,97,107,1,Train/1/00001_00006_00026.png
4,12275,31,31,5,5,26,26,8,Train/8/00008_00004_00005.png
4,8262,36,35,6,5,31,30,4,Train/4/00004_00060_00012.png
4,4615,104,100,9,8,95,92,2,Train/2/00002_00060_00025.png
4,4787,39,42,6,5,34,36,2,Train/2/00002_00066_00017.png
4,23637,44,48,6,6,39,43,15,Train/15/00015_00007_00027.png
4,17849,172,153,15,13,158,140,11,Train/11/00011_00026_00029.png
4,27933,44,41,5,5,39,36,23,Train/23/00023_00008_00003.png
4,27392,39,36,5,5,34,31,22,Train/22/00022_00003_00002.png
4,2728,95,95,8,8,87,87,1,Train/1/00001_00071_00028.png
4,26559,54,50,5,5,49,45,18,Train/18/00018_00033_00009.png
4,37323,37,36,6,5,32,31,38,Train/38/00038_00044_00004.png
4,30936,34,31,5,5,29,26,28,Train/28/00028_00004_00006.png
4,1959,46,45,6,5,41,40,1,Train/1/00001_00046_00009.png
4,23265,50,50,5,5,44,44,14,Train/14/00014_00021_00015.png
4,13210,35,36,5,6,30,31,8,Train/8/00008_00035_00010.png
4,28143,42,37,6,6,37,32,23,Train/23/00023_00015_00003.png
4,26422,63,67,5,6,58,61,18,Train/18/00018_00028_00022.png
4,38919,33,34,5,6,28,29,41,Train/41/00041_00006_00010.png
4,30050,41,39,6,6,36,34,26,Train/26/00026_00002_00020.png
4,1188,62,64,5,6,57,59,1,Train/1/00001_00020_00018.png
4,24526,31,45,6,5,26,39,17,Train/17/00017_00002_00016.png
4,30061,33,28,6,5,28,23,26,Train/26/00026_00003_00001.png
4,13923,30,32,6,6,25,26,9,Train/9/00009_00012_00003.png
4,38013,31,34,5,5,26,29,38,Train/38/00038_00067_00004.png
4,2793,37,33,6,6,32,28,2,Train/2/00002_00000_00003.png
4,31278,48,44,6,5,43,38,28,Train/28/00028_00015_00018.png
4,22028,35,30,6,5,30,25,13,Train/13/00013_00052_00008.png
4,12470,46,46,5,5,41,41,8,Train/8/00008_00010_00020.png
4,16668,47,46,6,5,42,41,10,Train/10/00010_00054_00018.png
4,26490,36,32,6,5,30,26,18,Train/18/00018_00031_00000.png
4,10008,42,43,5,6,37,38,5,Train/5/00005_00052_00018.png
4,11901,46,46,5,5,41,41,7,Train/7/00007_00039_00021.png
4,11046,38,37,6,5,33,32,7,Train/7/00007_00011_00006.png
4,34089,33,39,5,5,28,34,34,Train/34/00034_00010_00010.png
4,27021,56,51,6,6,51,46,21,Train/21/00021_00001_00021.png
4,29404,36,32,6,5,31,27,25,Train/25/00025_00031_00004.png
4,4356,56,57,5,6,51,52,2,Train/2/00002_00052_00006.png
4,716,50,51,6,6,45,46,1,Train/1/00001_00004_00026.png
4,27491,39,36,6,6,34,31,22,Train/22/00022_00006_00011.png
4,15559,41,41,6,6,36,36,10,Train/10/00010_00017_00019.png
4,14542,58,58,5,5,53,53,9,Train/9/00009_00032_00022.png
4,13294,30,34,5,6,25,29,8,Train/8/00008_00038_00004.png
4,35652,35,35,5,6,29,30,36,Train/36/00036_00008_00013.png
4,18190,58,52,6,6,53,46,11,Train/11/00011_00038_00010.png
4,24345,42,41,6,5,37,36,16,Train/16/00016_00010_00015.png
4,16298,36,38,5,5,31,32,10,Train/10/00010_00042_00008.png
4,4677,94,99,8,8,86,91,2,Train/2/00002_00062_00027.png
4,14180,31,31,6,6,26,26,9,Train/9/00009_00020_00020.png
4,32972,27,28,5,6,22,23,32,Train/32/00032_00004_00002.png
4,4751,55,56,6,6,50,51,2,Train/2/00002_00065_00011.png
4,19675,63,63,5,5,58,58,12,Train/12/00012_00043_00025.png
4,32594,76,69,7,7,70,63,31,Train/31/00031_00017_00014.png
4,7194,62,61,6,5,57,56,4,Train/4/00004_00024_00024.png
4,31585,81,80,8,8,74,73,29,Train/29/00029_00007_00025.png
4,33848,33,31,5,5,27,26,34,Train/34/00034_00002_00009.png
4,22342,80,72,7,7,73,66,13,Train/13/00013_00062_00022.png
4,21651,55,49,6,6,50,44,13,Train/13/00013_00039_00021.png
4,37871,33,33,6,6,28,28,38,Train/38/00038_00062_00012.png
4,11662,42,43,6,5,37,37,7,Train/7/00007_00031_00022.png
4,26023,53,53,5,5,48,48,18,Train/18/00018_00015_00013.png
4,31209,51,51,6,6,45,45,28,Train/28/00028_00013_00009.png
4,36140,45,47,6,5,40,42,38,Train/38/00038_00004_00021.png
4,19195,62,62,5,5,57,57,12,Train/12/00012_00027_00025.png
4,36757,33,34,5,6,28,29,38,Train/38/00038_00025_00008.png
4,29399,124,128,10,12,114,117,25,Train/25/00025_00030_00029.png
4,30419,180,155,15,13,165,142,26,Train/26/00026_00014_00029.png
4,7571,37,36,6,5,32,31,4,Train/4/00004_00037_00011.png
4,38817,117,128,10,11,107,117,41,Train/41/00041_00002_00028.png
4,20876,71,64,6,5,65,59,13,Train/13/00013_00013_00026.png
4,7594,34,33,6,5,29,28,4,Train/4/00004_00038_00004.png
4,9780,26,25,5,5,21,20,5,Train/5/00005_00045_00000.png
4,21495,40,38,6,5,35,32,13,Train/13/00013_00034_00015.png
4,23586,31,31,5,5,25,26,15,Train/15/00015_00006_00006.png
4,10056,31,31,5,6,26,26,5,Train/5/00005_00054_00006.png
4,30506,75,64,6,5,69,58,26,Train/26/00026_00017_00026.png
4,111,64,61,5,6,58,56,20,Train/20/00020_00003_00021.png
4,30340,32,29,5,5,27,24,26,Train/26/00026_00012_00010.png
4,10569,31,33,5,6,26,28,6,Train/6/00006_00009_00009.png
4,25444,28,30,6,6,23,25,17,Train/17/00017_00033_00004.png
4,29030,56,53,5,5,51,48,25,Train/25/00025_00018_00020.png
4,21682,69,59,7,6,63,54,13,Train/13/00013_00040_00022.png
4,15578,35,35,6,6,30,30,10,Train/10/00010_00018_00008.png
4,17543,93,83,9,8,84,76,11,Train/11/00011_00016_00023.png
4,13120,34,34,6,5,29,29,8,Train/8/00008_00032_00010.png
4,12729,38,38,5,5,33,33,8,Train/8/00008_00019_00009.png
4,38562,50,50,5,5,45,45,40,Train/40/00040_00006_00013.png
4,3177,124,117,10,10,114,107,2,Train/2/00002_00012_00027.png
4,15159,30,30,5,5,25,25,10,Train/10/00010_00004_00009.png
4,31918,148,131,13,12,136,120,30,Train/30/00030_00009_00028.png
4,7741,26,26,5,5,21,21,4,Train/4/00004_00043_00001.png
4,38697,92,92,9,9,84,84,40,Train/40/00040_00010_00028.png
4,29038,111,100,10,9,102,92,25,Train/25/00025_00018_00028.png
4,30265,73,65,6,6,67,60,26,Train/26/00026_00009_00025.png
4,26245,112,110,10,9,102,100,18,Train/18/00018_00022_00025.png
4,12990,27,25,5,5,22,20,8,Train/8/00008_00028_00000.png
4,20569,84,75,7,6,77,69,13,Train/13/00013_00003_00019.png
4,24966,37,37,6,5,32,32,17,Train/17/00017_00017_00006.png
4,26185,130,118,11,11,119,108,18,Train/18/00018_00020_00025.png
4,23531,36,37,6,6,31,32,15,Train/15/00015_00004_00011.png
4,36994,27,33,6,6,22,28,38,Train/38/00038_00033_00005.png
4,25983,38,38,6,6,33,33,18,Train/18/00018_00014_00003.png
4,16360,32,33,6,6,27,28,10,Train/10/00010_00044_00010.png
4,2988,38,39,5,5,33,34,2,Train/2/00002_00006_00018.png
4,9831,58,59,5,6,53,54,5,Train/5/00005_00046_00021.png
4,29221,35,33,5,5,30,28,25,Train/25/00025_00025_00001.png
4,35796,40,39,6,5,35,34,37,Train/37/00037_00000_00007.png
4,5923,35,35,5,6,30,30,3,Train/3/00003_00029_00013.png
4,8210,42,42,6,6,37,37,4,Train/4/00004_00058_00020.png
4,19459,64,64,5,5,59,59,12,Train/12/00012_00036_00019.png
4,30535,74,64,6,5,67,59,26,Train/26/00026_00018_00025.png
4,16772,31,31,5,5,26,26,10,Train/10/00010_00058_00002.png
4,24446,86,85,7,7,78,78,16,Train/16/00016_00013_00026.png
4,11464,30,30,5,5,25,25,7,Train/7/00007_00025_00004.png
4,16081,29,28,5,6,24,23,10,Train/10/00010_00035_00001.png
4,36352,67,68,6,6,61,61,38,Train/38/00038_00011_00023.png
4,34881,49,48,5,6,44,43,35,Train/35/00035_00022_00022.png
4,2614,27,28,5,5,22,23,1,Train/1/00001_00068_00004.png
4,1436,84,99,8,9,76,91,1,Train/1/00001_00028_00026.png
4,29208,70,62,7,5,64,57,25,Train/25/00025_00024_00018.png
4,27139,54,51,5,5,49,46,21,Train/21/00021_00005_00019.png
4,32380,34,32,5,6,29,27,31,Train/31/00031_00010_00010.png
4,17608,128,112,12,10,117,103,11,Train/11/00011_00018_00028.png
4,5581,30,31,5,6,25,26,3,Train/3/00003_00018_00001.png
4,27963,40,40,6,6,35,35,23,Train/23/00023_00009_00003.png
4,35449,50,48,6,5,44,43,36,Train/36/00036_00001_00020.png
4,25579,32,28,5,5,26,23,18,Train/18/00018_00000_00019.png
4,20787,81,80,7,8,74,73,13,Train/13/00013_00010_00027.png
4,32634,88,82,7,8,81,75,31,Train/31/00031_00018_00024.png
4,30636,38,34,6,5,33,29,27,Train/27/00027_00002_00006.png
4,28858,122,112,11,9,112,103,25,Train/25/00025_00012_00028.png
4,1156,40,39,6,5,35,34,1,Train/1/00001_00019_00016.png
4,36026,84,87,7,8,77,80,38,Train/38/00038_00000_00027.png
4,34390,37,38,6,5,32,32,35,Train/35/00035_00006_00011.png
4,30267,88,82,7,8,81,75,26,Train/26/00026_00009_00027.png
4,18980,43,48,5,6,38,43,12,Train/12/00012_00020_00020.png
4,11313,30,31,6,5,25,25,7,Train/7/00007_00020_00003.png
4,13683,27,27,5,5,21,21,9,Train/9/00009_00004_00003.png
4,2509,49,48,6,5,43,43,1,Train/1/00001_00064_00019.png
4,8227,34,35,6,6,29,30,4,Train/4/00004_00059_00007.png
4,10633,36,37,5,6,31,32,6,Train/6/00006_00011_00013.png
4,3644,40,40,6,6,35,35,2,Train/2/00002_00028_00014.png
4,9403,35,34,6,5,29,29,5,Train/5/00005_00032_00013.png
4,25800,49,43,5,5,44,38,18,Train/18/00018_00008_00000.png
4,5317,32,33,6,5,27,28,3,Train/3/00003_00009_00007.png
4,3981,44,46,6,6,39,40,2,Train/2/00002_00039_00021.png
4,17664,93,83,8,8,84,76,11,Train/11/00011_00020_00024.png
4,35169,32,33,5,5,27,27,35,Train/35/00035_00032_00010.png
4,37150,37,36,6,5,32,31,38,Train/38/00038_00038_00011.png
4,26759,116,109,10,9,106,100,18,Train/18/00018_00039_00029.png
4,25848,41,38,5,5,36,33,18,Train/18/00018_00009_00018.png
4,26821,44,39,6,5,39,34,19,Train/19/00019_00002_00001.png
4,7831,28,29,5,6,22,23,4,Train/4/00004_00046_00001.png
4,32393,55,51,6,5,50,46,31,Train/31/00031_00010_00023.png
4,12899,65,65,6,6,60,60,8,Train/8/00008_00024_00029.png
4,33369,82,81,8,7,75,74,33,Train/33/00033_00009_00009.png
4,31989,33,37,5,6,28,32,30,Train/30/00030_00012_00009.png
4,24746,54,59,5,6,48,53,17,Train/17/00017_00009_00026.png
4,17503,35,34,5,5,29,29,11,Train/11/00011_00015_00013.png
4,19956,46,42,5,6,41,36,12,Train/12/00012_00053_00006.png
4,37970,45,47,5,5,40,42,38,Train/38/00038_00065_00021.png
4,30381,48,47,5,5,43,42,26,Train/26/00026_00013_00021.png
4,14836,54,53,5,5,48,48,9,Train/9/00009_00042_00016.png
4,35909,26,26,6,5,21,20,37,Train/37/00037_00004_00000.png
4,6760,33,34,5,6,27,29,4,Train/4/00004_00010_00010.png
4,27568,124,123,11,11,113,113,22,Train/22/00022_00008_00028.png
4,7433,56,57,5,6,51,52,4,Train/4/00004_00032_00023.png
4,3614,35,35,5,5,30,30,2,Train/2/00002_00027_00014.png
4,19039,50,49,5,5,45,44,12,Train/12/00012_00022_00019.png
4,24534,35,47,6,5,29,42,17,Train/17/00017_00002_00024.png
4,51,51,44,5,5,46,39,20,Train/20/00020_00001_00021.png
4,25189,46,47,5,5,40,42,17,Train/17/00017_00024_00019.png
4,8626,48,48,5,5,43,43,5,Train/5/00005_00006_00016.png
4,7856,82,82,8,8,75,75,4,Train/4/00004_00046_00026.png
4,8691,59,58,6,5,54,53,5,Train/5/00005_00008_00021.png
4,7899,35,35,5,5,30,30,4,Train/4/00004_00048_00009.png
4,24053,118,116,11,10,108,106,16,Train/16/00016_00000_00023.png
4,7966,38,40,5,6,33,35,4,Train/4/00004_00050_00016.png
4,3834,64,63,6,5,59,58,2,Train/2/00002_00034_00024.png
4,26406,39,40,5,6,34,35,18,Train/18/00018_00028_00006.png
4,31375,58,111,5,9,53,101,29,Train/29/00029_00000_00025.png
4,18695,41,42,6,6,35,37,12,Train/12/00012_00011_00005.png
4,4869,31,32,6,6,26,27,2,Train/2/00002_00069_00009.png
4,28785,54,52,5,6,49,47,25,Train/25/00025_00010_00015.png
4,21524,61,69,5,6,56,63,13,Train/13/00013_00035_00014.png
4,14481,45,45,6,5,40,40,9,Train/9/00009_00030_00021.png
4,37881,53,52,6,5,48,47,38,Train/38/00038_00062_00022.png
4,22722,56,57,5,5,51,52,14,Train/14/00014_00003_00012.png
4,8593,33,33,6,5,28,28,5,Train/5/00005_00005_00013.png
4,8280,31,30,6,5,26,25,4,Train/4/00004_00061_00000.png
4,16368,35,36,6,5,30,31,10,Train/10/00010_00044_00018.png
4,29415,47,45,6,6,42,40,25,Train/25/00025_00031_00015.png
4,32451,63,59,5,6,58,54,31,Train/31/00031_00012_00021.png
4,3395,30,30,6,6,25,25,2,Train/2/00002_00020_00005.png
4,26789,154,132,13,11,141,121,19,Train/19/00019_00000_00029.png
4,891,48,49,5,6,43,44,1,Train/1/00001_00010_00021.png
4,12344,35,36,5,6,30,31,8,Train/8/00008_00006_00014.png
4,9241,27,26,5,6,22,21,5,Train/5/00005_00027_00001.png
4,13439,60,61,5,6,55,56,8,Train/8/00008_00042_00029.png
4,7828,60,60,5,6,55,55,4,Train/4/00004_00045_00028.png
4,5448,43,43,6,6,37,38,3,Train/3/00003_00013_00018.png
4,1273,38,36,5,5,33,31,1,Train/1/00001_00023_00013.png
4,20701,41,45,6,6,36,40,13,Train/13/00013_00008_00001.png
4,9493,40,40,5,6,35,35,5,Train/5/00005_00035_00013.png
4,33518,38,38,6,5,32,32,33,Train/33/00033_00014_00008.png
4,24894,33,38,6,6,28,33,17,Train/17/00017_00014_00024.png
4,1397,47,47,6,5,41,41,1,Train/1/00001_00027_00017.png
4,9696,33,35,6,6,28,30,5,Train/5/00005_00042_00006.png
4,3641,37,38,5,6,32,33,2,Train/2/00002_00028_00011.png
4,1831,34,34,5,5,29,29,1,Train/1/00001_00042_00001.png
4,16472,29,31,5,6,24,25,10,Train/10/00010_00048_00002.png
4,37393,35,35,5,5,29,30,38,Train/38/00038_00046_00014.png
4,27362,35,32,5,5,30,27,22,Train/22/00022_00002_00002.png
4,12068,31,31,6,5,25,25,7,Train/7/00007_00045_00008.png
4,30744,62,56,6,5,57,51,27,Train/27/00027_00005_00024.png
4,17917,56,51,5,5,51,46,11,Train/11/00011_00029_00007.png
4,13424,41,41,6,6,36,36,8,Train/8/00008_00042_00014.png
4,32281,32,31,6,6,27,26,31,Train/31/00031_00007_00001.png
4,583,68,68,7,7,62,62,1,Train/1/00001_00000_00013.png
4,23892,32,33,5,5,27,28,15,Train/15/00015_00016_00012.png
4,34522,64,67,5,6,58,61,35,Train/35/00035_00010_00023.png
4,16280,44,43,5,5,39,38,10,Train/10/00010_00041_00020.png
4,20020,38,37,6,5,33,32,12,Train/12/00012_00055_00010.png
4,10463,43,46,5,5,38,41,6,Train/6/00006_00005_00023.png
4,1626,29,29,6,5,24,24,1,Train/1/00001_00035_00006.png
4,3249,58,60,5,5,53,55,2,Train/2/00002_00015_00009.png
4,18519,50,52,5,5,45,47,12,Train/12/00012_00005_00009.png
4,650,57,57,6,6,52,52,1,Train/1/00001_00002_00020.png
4,13854,69,69,6,6,63,63,9,Train/9/00009_00009_00024.png
4,19880,55,57,6,6,49,51,12,Train/12/00012_00050_00020.png
4,1897,34,35,5,6,29,30,1,Train/1/00001_00044_00007.png
4,26958,59,54,6,6,54,49,19,Train/19/00019_00006_00018.png
4,27853,46,43,6,6,40,37,23,Train/23/00023_00005_00013.png
4,20115,54,50,5,5,49,45,12,Train/12/00012_00058_00015.png
4,19598,32,31,6,5,27,26,12,Train/12/00012_00041_00008.png
4,37661,56,59,5,6,51,53,38,Train/38/00038_00055_00012.png
4,27119,71,58,6,5,65,53,21,Train/21/00021_00004_00029.png
4,34579,46,48,5,6,41,42,35,Train/35/00035_00012_00020.png
4,14356,72,70,6,6,65,63,9,Train/9/00009_00026_00016.png
4,18475,72,73,6,6,66,67,12,Train/12/00012_00003_00025.png
4,23025,80,80,7,8,73,73,14,Train/14/00014_00013_00015.png
4,1318,33,34,5,6,27,29,1,Train/1/00001_00024_00028.png
4,18312,43,42,6,5,38,37,11,Train/11/00011_00042_00012.png
4,17320,52,46,6,5,47,41,11,Train/11/00011_00009_00010.png
4,23989,33,33,5,5,28,28,15,Train/15/00015_00019_00019.png
4,31723,54,48,5,5,49,43,30,Train/30/00030_00003_00013.png
4,20225,39,39,6,6,34,34,12,Train/12/00012_00062_00005.png
4,27862,68,60,7,5,62,55,23,Train/23/00023_00005_00022.png
4,25924,38,39,6,6,32,33,18,Train/18/00018_00012_00004.png
4,33342,58,58,6,5,53,53,33,Train/33/00033_00008_00012.png
4,30439,133,119,12,11,122,109,26,Train/26/00026_00015_00019.png
4,24841,29,37,5,6,24,32,17,Train/17/00017_00013_00001.png
4,32017,34,29,6,5,29,24,30,Train/30/00030_00013_00007.png
4,38751,53,56,5,6,48,51,41,Train/41/00041_00000_00022.png
4,17544,97,87,8,8,88,80,11,Train/11/00011_00016_00024.png
4,21490,39,37,6,6,33,31,13,Train/13/00013_00034_00010.png
4,7976,55,59,5,5,50,54,4,Train/4/00004_00050_00026.png
4,35593,41,42,5,6,36,37,36,Train/36/00036_00006_00014.png
4,30680,52,51,5,5,46,46,27,Train/27/00027_00003_00020.png
4,6778,95,95,9,9,87,86,4,Train/4/00004_00010_00028.png
4,18349,45,44,5,5,40,39,11,Train/11/00011_00043_00019.png
4,7258,59,59,6,5,54,54,4,Train/4/00004_00026_00028.png
4,32243,53,51,6,6,48,46,31,Train/31/00031_00005_00023.png
4,18545,35,34,5,6,30,29,12,Train/12/00012_00006_00005.png
4,339,33,31,6,5,27,25,20,Train/20/00020_00011_00009.png
4,16592,34,34,6,6,29,29,10,Train/10/00010_00052_00002.png
4,28312,99,92,8,8,91,84,24,Train/24/00024_00003_00022.png
4,16380,37,37,6,6,32,32,10,Train/10/00010_00045_00000.png
4,21585,45,45,5,5,40,40,13,Train/13/00013_00037_00015.png
4,35642,26,29,5,6,21,24,36,Train/36/00036_00008_00003.png
4,20772,50,45,6,5,45,40,13,Train/13/00013_00010_00012.png
4,21420,33,31,6,6,28,26,13,Train/13/00013_00032_00000.png
4,7720,34,34,6,6,29,29,4,Train/4/00004_00042_00010.png
4,38380,45,42,5,6,40,37,40,Train/40/00040_00000_00011.png
4,23811,53,54,6,5,48,49,15,Train/15/00015_00013_00021.png
4,29392,91,85,8,8,83,77,25,Train/25/00025_00030_00022.png
4,38431,34,33,6,5,29,28,40,Train/40/00040_00002_00002.png
4,18792,41,40,6,5,36,35,12,Train/12/00012_00014_00012.png
4,22839,44,42,6,6,39,37,14,Train/14/00014_00007_00009.png
4,4647,98,105,9,10,90,96,2,Train/2/00002_00061_00027.png
4,18843,29,28,6,5,24,23,12,Train/12/00012_00016_00003.png
4,32592,72,64,6,5,66,59,31,Train/31/00031_00017_00012.png
4,6953,48,51,6,5,43,46,4,Train/4/00004_00016_00023.png
4,28468,57,57,6,5,52,52,24,Train/24/00024_00008_00028.png
4,5969,117,121,11,11,107,111,3,Train/3/00003_00030_00029.png
4,15645,32,32,6,6,27,27,10,Train/10/00010_00020_00015.png
4,13072,40,38,6,5,35,33,8,Train/8/00008_00030_00022.png
4,7265,31,32,5,6,26,27,4,Train/4/00004_00027_00005.png
4,3610,32,33,5,6,27,28,2,Train/2/00002_00027_00010.png
4,34423,38,38,5,5,33,33,35,Train/35/00035_00007_00014.png
4,26399,170,157,15,13,156,143,18,Train/18/00018_00027_00029.png
4,2138,32,35,5,6,27,30,1,Train/1/00001_00052_00008.png
4,5821,26,27,5,6,21,22,3,Train/3/00003_00026_00001.png
4,12935,29,29,6,5,24,24,8,Train/8/00008_00026_00005.png
4,25530,26,30,5,5,21,25,17,Train/17/00017_00036_00000.png
4,8703,33,32,6,5,28,27,5,Train/5/00005_00009_00003.png
4,4645,86,87,7,7,79,80,2,Train/2/00002_00061_00025.png
4,19591,28,29,5,6,23,24,12,Train/12/00012_00041_00001.png
4,26070,27,26,5,6,21,21,18,Train/18/00018_00017_00000.png
4,8637,99,105,8,10,91,96,5,Train/5/00005_00006_00027.png
4,23956,104,123,9,11,95,113,15,Train/15/00015_00018_00016.png
4,17858,56,49,6,6,51,44,11,Train/11/00011_00027_00008.png
4,141,40,41,5,6,35,36,20,Train/20/00020_00004_00021.png
4,36594,49,50,5,6,44,45,38,Train/38/00038_00019_00025.png
4,21758,41,40,5,6,36,35,13,Train/13/00013_00043_00008.png
4,18442,73,77,6,7,67,70,12,Train/12/00012_00002_00022.png
4,24981,57,59,6,6,52,54,17,Train/17/00017_00017_00021.png
4,3477,84,85,7,8,77,78,2,Train/2/00002_00022_00027.png
4,27013,43,39,6,5,38,34,21,Train/21/00021_00001_00013.png
4,24500,37,38,5,6,32,33,17,Train/17/00017_00001_00020.png
4,29598,49,44,6,5,44,39,25,Train/25/00025_00037_00018.png
4,38345,30,31,6,5,25,25,39,Train/39/00039_00009_00006.png
4,3406,38,39,6,5,33,34,2,Train/2/00002_00020_00016.png
4,28923,36,34,6,6,31,29,25,Train/25/00025_00015_00003.png
4,31584,71,73,7,6,65,66,29,Train/29/00029_00007_00024.png
4,31368,43,68,5,7,38,62,29,Train/29/00029_00000_00018.png
4,29997,132,121,11,10,121,111,26,Train/26/00026_00000_00027.png
4,3529,45,45,6,6,40,40,2,Train/2/00002_00024_00019.png
4,7137,45,48,6,6,40,43,4,Train/4/00004_00022_00027.png
4,12442,45,46,5,6,40,41,8,Train/8/00008_00009_00022.png
4,33403,35,34,6,5,30,29,33,Train/33/00033_00010_00013.png
4,29148,72,69,7,7,66,63,25,Train/25/00025_00022_00018.png
4,34627,34,34,5,5,29,29,35,Train/35/00035_00014_00008.png
4,30628,131,117,11,11,120,107,27,Train/27/00027_00001_00028.png
4,10591,28,30,5,6,23,25,6,Train/6/00006_00010_00001.png
4,26772,84,70,8,7,77,64,19,Train/19/00019_00000_00012.png
4,4893,30,31,5,6,25,26,2,Train/2/00002_00070_00003.png
4,34445,44,46,5,6,39,40,35,Train/35/00035_00008_00006.png
4,1246,47,46,6,6,41,41,1,Train/1/00001_00022_00016.png
4,326,75,69,6,7,69,62,20,Train/20/00020_00010_00026.png
4,32495,41,40,5,6,36,35,31,Train/31/00031_00014_00005.png
4,34156,37,39,6,6,32,34,34,Train/34/00034_00012_00017.png
4,35507,42,43,6,6,37,37,36,Train/36/00036_00003_00018.png
4,4853,59,59,6,6,54,54,2,Train/2/00002_00068_00023.png
4,6360,28,29,6,6,23,24,3,Train/3/00003_00044_00000.png
4,31667,44,39,6,5,39,34,30,Train/30/00030_00001_00017.png
4,33142,54,54,6,5,49,49,33,Train/33/00033_00001_00022.png
4,35554,33,33,6,6,28,28,36,Train/36/00036_00005_00005.png
4,15530,42,43,5,6,37,38,10,Train/10/00010_00016_00020.png
4,21685,81,73,7,6,74,67,13,Train/13/00013_00040_00025.png
4,18107,71,71,6,7,65,65,11,Train/11/00011_00035_00017.png
4,21303,47,46,5,6,42,41,13,Train/13/00013_00028_00003.png
4,36725,35,35,6,6,29,29,38,Train/38/00038_00024_00006.png
4,5115,39,40,5,5,33,34,3,Train/3/00003_00002_00015.png
4,35858,37,37,5,6,32,32,37,Train/37/00037_00002_00009.png
4,25021,32,34,5,5,27,29,17,Train/17/00017_00019_00001.png
4,4087,29,29,5,5,23,24,2,Train/2/00002_00043_00007.png
4,11103,32,32,5,6,26,27,7,Train/7/00007_00013_00003.png
4,11552,30,31,6,5,25,26,7,Train/7/00007_00028_00002.png
4,13821,47,42,6,6,42,37,9,Train/9/00009_00008_00021.png
4,38284,56,59,5,6,51,54,39,Train/39/00039_00007_00005.png
4,12626,57,52,6,5,52,47,8,Train/8/00008_00015_00026.png
4,16452,32,32,6,6,27,27,10,Train/10/00010_00047_00012.png
4,15113,43,41,5,6,38,36,10,Train/10/00010_00002_00023.png
4,15730,38,37,6,5,33,32,10,Train/10/00010_00023_00010.png
4,13547,39,40,6,6,34,35,8,Train/8/00008_00046_00017.png
4,21518,48,55,5,5,43,50,13,Train/13/00013_00035_00008.png
4,23350,32,33,5,6,26,28,14,Train/14/00014_00024_00010.png
4,9711,51,52,5,5,46,47,5,Train/5/00005_00042_00021.png
4,23066,130,142,11,13,118,130,14,Train/14/00014_00014_00026.png
4,30329,188,168,17,14,172,154,26,Train/26/00026_00011_00029.png
4,25508,28,28,6,6,23,23,17,Train/17/00017_00035_00008.png
4,6497,50,50,5,5,45,45,4,Train/4/00004_00001_00017.png
4,9032,28,27,6,5,23,22,5,Train/5/00005_00020_00002.png
4,27567,99,100,8,9,91,92,22,Train/22/00022_00008_00027.png
4,26355,53,51,5,6,48,46,18,Train/18/00018_00026_00015.png
4,31852,80,73,7,6,73,67,30,Train/30/00030_00007_00022.png
4,35215,84,83,8,8,77,76,35,Train/35/00035_00033_00026.png
4,4361,63,63,6,6,58,58,2,Train/2/00002_00052_00011.png
4,30895,112,97,10,8,103,89,28,Train/28/00028_00002_00025.png
4,25910,56,53,5,6,51,48,18,Train/18/00018_00011_00020.png
4,14377,31,31,5,6,25,26,9,Train/9/00009_00027_00007.png
4,3990,27,26,6,6,21,21,2,Train/2/00002_00040_00000.png
4,27163,42,41,6,6,37,36,21,Train/21/00021_00006_00013.png
4,25683,63,57,5,5,58,52,18,Train/18/00018_00004_00003.png
4,5839,40,39,6,5,35,34,3,Train/3/00003_00026_00019.png
4,19273,35,35,5,5,30,30,12,Train/12/00012_00030_00013.png
4,28642,68,63,6,6,62,58,25,Train/25/00025_00005_00022.png
4,28170,41,37,6,6,36,32,23,Train/23/00023_00016_00000.png
4,31109,108,94,10,9,99,86,28,Train/28/00028_00009_00029.png
4,17157,140,123,13,10,128,113,11,Train/11/00011_00003_00027.png
4,26988,62,58,6,6,56,52,21,Train/21/00021_00000_00018.png
4,26190,27,27,5,6,22,22,18,Train/18/00018_00021_00000.png
4,18507,34,31,5,6,28,25,12,Train/12/00012_00004_00027.png
4,17916,56,50,5,5,50,45,11,Train/11/00011_00029_00006.png
4,7915,72,72,7,6,66,66,4,Train/4/00004_00048_00025.png
4,1220,42,43,6,5,37,38,1,Train/1/00001_00021_00020.png
4,30505,72,60,7,5,65,54,26,Train/26/00026_00017_00025.png
4,4776,36,39,6,5,31,34,2,Train/2/00002_00066_00006.png
4,30752,42,38,6,5,37,33,27,Train/27/00027_00006_00002.png
4,27762,47,43,5,5,42,38,23,Train/23/00023_00002_00012.png
4,8237,45,45,5,5,40,40,4,Train/4/00004_00059_00017.png
4,27654,62,61,6,6,57,56,22,Train/22/00022_00011_00024.png
4,29664,79,71,7,6,72,65,25,Train/25/00025_00039_00024.png
4,33458,38,36,6,5,33,31,33,Train/33/00033_00012_00008.png
4,9576,30,29,6,5,24,24,5,Train/5/00005_00038_00006.png
4,2462,27,27,6,6,22,22,1,Train/1/00001_00063_00002.png
4,38359,42,46,5,6,37,41,39,Train/39/00039_00009_00020.png
4,34508,46,48,5,6,41,43,35,Train/35/00035_00010_00009.png
4,20558,35,38,5,5,30,32,13,Train/13/00013_00003_00008.png
4,31850,69,65,6,6,63,60,30,Train/30/00030_00007_00020.png
4,6907,31,31,5,5,26,26,4,Train/4/00004_00015_00007.png
4,10233,28,28,6,6,22,23,5,Train/5/00005_00060_00003.png
4,22917,104,105,9,10,95,96,14,Train/14/00014_00009_00027.png
4,6840,26,28,5,6,21,23,4,Train/4/00004_00013_00000.png
4,22373,61,57,6,6,56,52,13,Train/13/00013_00063_00023.png
4,37302,43,49,6,6,38,44,38,Train/38/00038_00043_00013.png
4,14032,43,43,5,5,38,38,9,Train/9/00009_00015_00022.png
4,2557,42,43,6,6,37,38,1,Train/1/00001_00066_00007.png
4,19666,33,34,5,6,28,29,12,Train/12/00012_00043_00016.png
4,35461,25,26,5,5,20,21,36,Train/36/00036_00002_00002.png
4,26944,40,38,6,6,35,33,19,Train/19/00019_00006_00004.png
4,38452,68,68,7,7,62,62,40,Train/40/00040_00002_00023.png
4,22343,84,76,8,7,77,70,13,Train/13/00013_00062_00023.png
4,9872,32,32,6,6,27,27,5,Train/5/00005_00048_00002.png
4,21652,56,51,5,6,51,46,13,Train/13/00013_00039_00022.png
4,17897,29,44,5,5,24,39,11,Train/11/00011_00028_00017.png
4,2258,43,45,5,6,38,39,1,Train/1/00001_00056_00008.png
4,21650,52,45,6,5,47,40,13,Train/13/00013_00039_00020.png
4,27782,55,52,5,6,50,47,23,Train/23/00023_00003_00002.png
4,24800,29,29,6,5,24,24,17,Train/17/00017_00011_00020.png
4,39207,63,69,5,7,58,63,42,Train/42/00042_00007_00028.png
4,14124,42,41,5,6,36,36,9,Train/9/00009_00018_00024.png
4,35801,41,40,6,5,36,35,37,Train/37/00037_00000_00012.png
4,34187,46,47,5,6,41,42,34,Train/34/00034_00013_00018.png
4,34195,63,64,5,6,58,59,34,Train/34/00034_00013_00026.png
4,10325,33,34,5,5,28,29,6,Train/6/00006_00001_00005.png
4,17532,55,53,5,6,50,48,11,Train/11/00011_00016_00012.png
4,35755,82,83,8,8,74,75,36,Train/36/00036_00011_00026.png
4,11042,35,35,6,6,30,30,7,Train/7/00007_00011_00002.png
4,5127,64,70,6,7,59,64,3,Train/3/00003_00002_00027.png
4,6272,54,54,6,6,48,48,3,Train/3/00003_00041_00002.png
4,29150,86,81,8,8,79,74,25,Train/25/00025_00022_00020.png
4,17294,65,60,6,6,60,54,11,Train/11/00011_00008_00014.png
4,8134,30,31,5,6,25,26,4,Train/4/00004_00056_00004.png
4,27252,45,43,6,5,40,38,21,Train/21/00021_00009_00012.png
4,27886,47,43,6,6,42,38,23,Train/23/00023_00006_00016.png
4,12718,64,68,6,6,59,62,8,Train/8/00008_00018_00028.png
4,25830,30,27,5,5,25,22,18,Train/18/00018_00009_00000.png
4,25817,74,64,7,5,68,59,18,Train/18/00018_00008_00017.png
4,19568,42,43,5,6,37,38,12,Train/12/00012_00040_00008.png
4,19741,28,30,5,5,23,25,12,Train/12/00012_00046_00001.png
4,795,69,67,6,6,63,61,1,Train/1/00001_00007_00015.png
4,16794,54,55,5,6,49,50,10,Train/10/00010_00058_00024.png
4,17464,34,35,5,6,28,29,11,Train/11/00011_00014_00004.png
4,21810,71,71,7,7,65,65,13,Train/13/00013_00045_00000.png
4,7307,41,41,5,5,36,36,4,Train/4/00004_00028_00017.png
4,3436,37,39,6,6,32,34,2,Train/2/00002_00021_00016.png
4,27496,44,40,5,5,39,35,22,Train/22/00022_00006_00016.png
4,11681,41,40,6,6,35,35,7,Train/7/00007_00032_00011.png
4,24539,36,52,5,5,31,47,17,Train/17/00017_00002_00029.png
4,11714,40,39,5,5,35,34,7,Train/7/00007_00033_00014.png
4,27336,33,31,5,5,28,26,22,Train/22/00022_00001_00006.png
4,3024,59,58,5,5,53,52,2,Train/2/00002_00007_00024.png
4,38539,85,85,7,8,78,78,40,Train/40/00040_00005_00020.png
4,31399,70,61,7,5,64,56,29,Train/29/00029_00001_00019.png
4,2366,89,93,8,9,82,85,1,Train/1/00001_00059_00026.png
4,27297,121,106,11,9,110,97,21,Train/21/00021_00010_00027.png
4,728,33,35,5,6,28,29,1,Train/1/00001_00005_00008.png
4,20918,71,68,6,6,65,62,13,Train/13/00013_00015_00008.png
4,33315,68,70,6,6,62,64,33,Train/33/00033_00007_00015.png
4,14690,58,58,5,5,53,53,9,Train/9/00009_00037_00020.png
4,26741,47,45,5,6,42,40,18,Train/18/00018_00039_00011.png
4,4426,38,39,5,6,33,34,2,Train/2/00002_00054_00016.png
4,19345,62,76,5,7,57,70,12,Train/12/00012_00032_00025.png
4,5753,60,60,6,5,55,55,3,Train/3/00003_00023_00023.png
4,7094,37,40,5,6,32,35,4,Train/4/00004_00021_00014.png
4,30622,75,68,6,6,69,62,27,Train/27/00027_00001_00022.png
4,2274,76,81,6,8,70,74,1,Train/1/00001_00056_00024.png
4,18230,48,44,5,5,43,39,11,Train/11/00011_00039_00020.png
4,23619,31,33,6,5,26,28,15,Train/15/00015_00007_00009.png
4,28629,38,37,6,6,33,32,25,Train/25/00025_00005_00009.png
4,33385,100,101,8,9,92,93,33,Train/33/00033_00009_00025.png
4,12179,57,59,6,5,52,54,8,Train/8/00008_00000_00029.png
4,9989,75,75,6,6,69,69,5,Train/5/00005_00051_00029.png
4,21889,87,75,7,6,80,69,13,Train/13/00013_00047_00019.png
4,1360,63,63,6,5,58,57,1,Train/1/00001_00026_00010.png
4,1705,62,61,6,6,57,56,1,Train/1/00001_00037_00025.png
4,16479,34,34,6,6,29,29,10,Train/10/00010_00048_00009.png
4,6025,94,104,9,9,85,94,3,Train/3/00003_00032_00025.png
4,27685,80,75,7,7,73,69,22,Train/22/00022_00012_00025.png
4,21659,101,87,9,8,93,80,13,Train/13/00013_00039_00029.png
4,19446,41,41,6,6,36,36,12,Train/12/00012_00036_00006.png
4,38225,35,36,5,6,30,31,39,Train/39/00039_00005_00006.png
4,28846,71,69,6,7,65,63,25,Train/25/00025_00012_00016.png
4,34028,34,36,5,5,29,31,34,Train/34/00034_00008_00009.png
4,29106,35,32,5,5,30,27,25,Train/25/00025_00021_00006.png
4,18300,32,31,6,5,27,26,11,Train/11/00011_00042_00000.png
4,16128,41,37,6,6,36,32,10,Train/10/00010_00036_00018.png
4,20539,51,52,5,6,46,47,13,Train/13/00013_00002_00019.png
4,21588,54,54,6,6,49,49,13,Train/13/00013_00037_00018.png
4,16987,30,28,6,5,25,23,10,Train/10/00010_00065_00007.png
4,7337,46,46,5,5,41,41,4,Train/4/00004_00029_00017.png
4,21815,76,76,7,7,70,70,13,Train/13/00013_00045_00005.png
4,17789,143,125,12,11,131,115,11,Train/11/00011_00024_00029.png
4,33925,86,85,8,7,79,78,34,Train/34/00034_00004_00026.png
4,29638,97,87,8,8,89,80,25,Train/25/00025_00038_00028.png
4,32060,45,42,5,5,40,37,30,Train/30/00030_00014_00020.png
4,19584,82,82,7,7,75,75,12,Train/12/00012_00040_00024.png
4,5265,36,37,5,5,31,32,3,Train/3/00003_00007_00015.png
4,13018,59,49,6,5,54,44,8,Train/8/00008_00028_00028.png
4,638,50,51,6,6,45,46,1,Train/1/00001_00002_00008.png
4,7743,29,29,6,6,24,24,4,Train/4/00004_00043_00003.png
4,19212,33,34,5,6,28,29,12,Train/12/00012_00028_00012.png
4,21565,71,68,7,7,65,62,13,Train/13/00013_00036_00025.png
4,33097,28,29,6,6,23,24,33,Train/33/00033_00000_00007.png
4,25765,91,81,8,7,83,74,18,Train/18/00018_00006_00025.png
4,24958,62,70,5,6,57,64,17,Train/17/00017_00016_00028.png
4,7953,28,30,6,6,23,24,4,Train/4/00004_00050_00003.png
4,19781,49,50,6,5,43,45,12,Train/12/00012_00047_00011.png
4,26071,27,27,5,6,22,22,18,Train/18/00018_00017_00001.png
4,1250,55,54,6,5,50,49,1,Train/1/00001_00022_00020.png
4,1411,29,32,6,5,23,27,1,Train/1/00001_00028_00001.png
4,28778,47,45,5,5,42,40,25,Train/25/00025_00010_00008.png
4,25404,43,49,5,6,38,43,17,Train/17/00017_00031_00024.png
4,22152,55,52,6,6,50,47,13,Train/13/00013_00056_00012.png
4,12618,43,40,6,5,38,35,8,Train/8/00008_00015_00018.png
4,25822,86,75,8,7,79,69,18,Train/18/00018_00008_00022.png
4,35523,31,31,6,5,26,26,36,Train/36/00036_00004_00004.png
4,22818,52,53,6,5,46,47,14,Train/14/00014_00006_00018.png
4,10610,48,49,6,6,43,44,6,Train/6/00006_00010_00020.png
4,27183,34,35,5,6,29,29,21,Train/21/00021_00007_00003.png
4,15303,32,33,5,6,27,28,10,Train/10/00010_00009_00003.png
4,38281,54,57,5,6,49,52,39,Train/39/00039_00007_00002.png
4,5097,50,51,5,6,45,46,3,Train/3/00003_00001_00027.png
4,26489,205,191,18,17,188,175,18,Train/18/00018_00030_00029.png
4,22224,43,48,5,5,38,42,13,Train/13/00013_00058_00024.png
4,7502,29,29,6,6,24,24,4,Train/4/00004_00035_00002.png
4,13867,41,41,6,6,36,36,9,Train/9/00009_00010_00007.png
4,24429,53,52,5,5,47,47,16,Train/16/00016_00013_00009.png
4,29863,51,48,5,5,46,43,25,Train/25/00025_00046_00013.png
4,8446,41,42,5,5,36,37,5,Train/5/00005_00000_00016.png
4,12390,31,31,5,5,26,26,8,Train/8/00008_00008_00000.png
4,20947,41,38,5,5,36,33,13,Train/13/00013_00016_00007.png
4,8324,42,42,6,6,37,37,4,Train/4/00004_00062_00014.png
4,37026,30,29,6,5,25,24,38,Train/38/00038_00034_00007.png
4,14590,32,32,5,6,27,27,9,Train/9/00009_00034_00010.png
4,10671,40,41,6,5,34,35,6,Train/6/00006_00012_00021.png
4,14877,86,87,8,8,79,80,9,Train/9/00009_00043_00027.png
4,2600,56,55,6,5,51,50,1,Train/1/00001_00067_00020.png
4,7537,34,35,5,6,29,30,4,Train/4/00004_00036_00007.png
4,14042,44,44,6,5,39,39,9,Train/9/00009_00016_00002.png
4,1358,58,59,5,5,53,54,1,Train/1/00001_00026_00008.png
4,1867,43,42,6,5,38,37,1,Train/1/00001_00043_00007.png
4,28407,134,118,12,11,123,108,24,Train/24/00024_00006_00027.png
4,4007,36,36,6,6,31,31,2,Train/2/00002_00040_00017.png
4,2911,30,30,6,6,24,25,2,Train/2/00002_00004_00001.png
4,34839,31,32,5,5,26,27,35,Train/35/00035_00021_00010.png
4,18841,28,28,6,5,23,22,12,Train/12/00012_00016_00001.png
4,32048,35,30,6,5,30,25,30,Train/30/00030_00014_00008.png
4,16715,31,31,6,6,26,26,10,Train/10/00010_00056_00005.png
4,7,31,28,6,6,26,23,20,Train/20/00020_00000_00007.png
4,38033,63,68,6,6,58,62,38,Train/38/00038_00067_00024.png
4,21315,49,45,6,5,44,40,13,Train/13/00013_00028_00015.png
4,9791,35,35,5,6,29,29,5,Train/5/00005_00045_00011.png
4,947,44,45,5,5,39,40,1,Train/1/00001_00012_00017.png
4,36349,58,62,6,6,52,56,38,Train/38/00038_00011_00020.png
4,11213,73,72,7,6,67,66,7,Train/7/00007_00016_00023.png
4,34208,44,44,6,5,39,38,35,Train/35/00035_00000_00009.png
4,13321,31,30,5,5,26,25,8,Train/8/00008_00039_00001.png
4,6989,51,54,5,5,46,49,4,Train/4/00004_00017_00029.png
4,31062,75,70,6,7,69,64,28,Train/28/00028_00008_00012.png
4,3364,33,33,5,5,28,28,2,Train/2/00002_00019_00004.png
4,12059,59,61,5,5,53,56,7,Train/7/00007_00044_00029.png
4,8770,40,42,5,6,35,37,5,Train/5/00005_00011_00010.png
4,16132,46,40,6,6,40,35,10,Train/10/00010_00036_00022.png
4,10940,57,57,5,5,52,52,7,Train/7/00007_00007_00020.png
4,10802,32,33,5,6,27,28,7,Train/7/00007_00003_00002.png
4,13371,41,41,5,5,36,36,8,Train/8/00008_00040_00021.png
4,10623,27,30,5,5,22,24,6,Train/6/00006_00011_00003.png
4,34334,36,38,5,6,31,33,35,Train/35/00035_00004_00015.png
4,13463,49,49,5,6,44,44,8,Train/8/00008_00043_00023.png
4,15585,44,45,5,6,39,40,10,Train/10/00010_00018_00015.png
4,6478,85,83,7,8,78,76,4,Train/4/00004_00000_00028.png
4,3649,42,42,5,5,37,37,2,Train/2/00002_00028_00019.png
4,23313,39,38,6,5,34,33,14,Train/14/00014_00023_00003.png
4,30235,75,67,6,6,69,61,26,Train/26/00026_00008_00025.png
4,22125,49,46,5,5,44,41,13,Train/13/00013_00055_00015.png
4,14716,42,43,6,6,37,38,9,Train/9/00009_00038_00016.png
4,31855,105,93,9,8,96,85,30,Train/30/00030_00007_00025.png
4,16529,68,67,7,6,62,61,10,Train/10/00010_00049_00029.png
4,31972,70,72,6,7,63,65,30,Train/30/00030_00011_00022.png
4,27076,49,47,5,6,44,42,21,Train/21/00021_00003_00016.png
4,19853,51,51,6,6,45,46,12,Train/12/00012_00049_00023.png
4,22652,33,34,5,6,28,29,14,Train/14/00014_00001_00002.png
4,25213,42,42,6,5,37,37,17,Train/17/00017_00025_00013.png
4,9940,36,37,6,6,31,31,5,Train/5/00005_00050_00010.png
4,5249,92,100,9,8,84,92,3,Train/3/00003_00006_00029.png
4,33191,38,42,5,6,33,37,33,Train/33/00033_00003_00011.png
4,8267,41,42,5,6,36,37,4,Train/4/00004_00060_00017.png
4,24061,37,40,5,5,32,35,16,Train/16/00016_00001_00001.png
4,27096,34,31,6,5,29,26,21,Train/21/00021_00004_00006.png
4,9589,40,40,6,5,35,35,5,Train/5/00005_00038_00019.png
4,12916,36,37,5,6,30,32,8,Train/8/00008_00025_00016.png
4,25256,36,37,6,6,30,31,17,Train/17/00017_00026_00026.png
4,6678,39,38,6,5,34,33,4,Train/4/00004_00007_00018.png
4,24426,52,51,6,6,46,46,16,Train/16/00016_00013_00006.png
4,18964,30,32,5,6,25,27,12,Train/12/00012_00020_00004.png
4,17057,50,44,6,6,45,39,11,Train/11/00011_00000_00017.png
4,4515,44,42,6,5,39,37,2,Train/2/00002_00057_00015.png
4,1968,59,60,5,6,54,55,1,Train/1/00001_00046_00018.png
4,15978,42,40,6,5,37,35,10,Train/10/00010_00031_00018.png
4,22161,60,56,6,5,55,50,13,Train/13/00013_00056_00021.png
4,38912,28,29,6,6,23,24,41,Train/41/00041_00006_00003.png
4,18208,113,101,10,9,104,93,11,Train/11/00011_00038_00028.png
4,22416,38,34,5,5,33,29,13,Train/13/00013_00065_00006.png
4,33148,99,104,9,10,91,95,33,Train/33/00033_00001_00028.png
4,4422,35,36,5,6,29,30,2,Train/2/00002_00054_00012.png
4,19979,99,85,9,8,91,78,12,Train/12/00012_00053_00029.png
4,7142,29,29,5,5,24,24,4,Train/4/00004_00023_00002.png
4,11013,34,34,6,6,29,29,7,Train/7/00007_00010_00003.png
4,25701,128,111,11,9,117,102,18,Train/18/00018_00004_00021.png
4,15242,32,34,5,6,27,29,10,Train/10/00010_00007_00002.png
4,21960,26,28,6,6,21,23,13,Train/13/00013_00050_00000.png
4,26488,152,141,14,13,139,129,18,Train/18/00018_00030_00028.png
4,175,53,50,6,6,48,45,20,Train/20/00020_00005_00025.png
4,27817,31,31,5,6,26,26,23,Train/23/00023_00004_00007.png
4,12258,42,43,6,6,37,38,8,Train/8/00008_00003_00018.png
4,14480,43,44,6,6,38,39,9,Train/9/00009_00030_00020.png
4,9559,39,35,6,5,34,30,5,Train/5/00005_00037_00019.png
4,37683,42,46,6,6,37,40,38,Train/38/00038_00056_00004.png
4,32389,45,42,6,6,40,37,31,Train/31/00031_00010_00019.png
4,17905,30,46,5,5,25,41,11,Train/11/00011_00028_00025.png
4,5214,49,47,5,5,44,42,3,Train/3/00003_00005_00024.png
4,7909,48,50,5,6,43,45,4,Train/4/00004_00048_00019.png
4,17816,93,81,8,8,85,74,11,Train/11/00011_00025_00026.png
4,13973,69,69,6,7,62,63,9,Train/9/00009_00013_00023.png
4,8826,32,32,6,6,27,27,5,Train/5/00005_00013_00006.png
4,25144,30,31,6,6,25,26,17,Train/17/00017_00023_00004.png
4,15363,33,31,6,5,28,26,10,Train/10/00010_00011_00003.png
4,2624,38,37,6,5,32,31,1,Train/1/00001_00068_00014.png
4,20387,48,47,6,6,43,42,12,Train/12/00012_00067_00017.png
4,25398,42,45,6,6,37,40,17,Train/17/00017_00031_00018.png
4,6559,41,41,5,6,36,36,4,Train/4/00004_00003_00019.png
4,9825,43,45,5,6,38,40,5,Train/5/00005_00046_00015.png
4,7381,26,29,5,6,21,24,4,Train/4/00004_00031_00001.png
4,6500,53,54,6,5,48,49,4,Train/4/00004_00001_00020.png
4,19890,31,30,6,5,26,25,12,Train/12/00012_00051_00000.png
4,25825,96,84,8,7,87,76,18,Train/18/00018_00008_00025.png
4,18059,171,157,15,14,156,143,11,Train/11/00011_00033_00029.png
4,36328,55,53,6,5,50,48,38,Train/38/00038_00010_00029.png
4,35666,91,88,8,7,83,81,36,Train/36/00036_00008_00027.png
4,29313,46,44,5,5,41,39,25,Train/25/00025_00028_00003.png
4,29851,38,39,5,5,33,34,25,Train/25/00025_00046_00001.png
4,19753,37,38,6,5,32,33,12,Train/12/00012_00046_00013.png
4,34192,53,54,5,6,48,49,34,Train/34/00034_00013_00023.png
4,9092,35,35,6,6,30,30,5,Train/5/00005_00022_00002.png
4,21273,32,32,6,6,27,27,13,Train/13/00013_00027_00003.png
4,21759,43,42,5,6,38,37,13,Train/13/00013_00043_00009.png
4,1740,34,34,5,6,29,29,1,Train/1/00001_00039_00000.png
4,26442,44,41,6,5,38,35,18,Train/18/00018_00029_00012.png
4,2058,49,50,5,6,44,45,1,Train/1/00001_00049_00018.png
4,19262,32,34,5,5,27,29,12,Train/12/00012_00030_00002.png
4,8660,44,47,5,6,39,42,5,Train/5/00005_00007_00020.png
4,38720,53,56,5,6,47,51,40,Train/40/00040_00011_00021.png
4,34199,37,37,6,6,32,32,35,Train/35/00035_00000_00000.png
4,17965,111,98,10,8,101,90,11,Train/11/00011_00030_00025.png
4,28074,48,48,5,5,43,43,23,Train/23/00023_00012_00024.png
4,1719,31,33,5,6,26,28,1,Train/1/00001_00038_00009.png
4,19813,47,51,5,6,41,46,12,Train/12/00012_00048_00013.png
4,12127,28,27,6,5,23,22,7,Train/7/00007_00047_00007.png
4,5228,50,52,6,6,45,47,3,Train/3/00003_00006_00008.png
4,5505,34,35,5,5,29,29,3,Train/3/00003_00015_00015.png
4,10092,36,36,5,5,31,31,5,Train/5/00005_00055_00012.png
4,874,30,29,6,5,25,24,1,Train/1/00001_00010_00004.png
4,14576,76,72,6,7,70,66,9,Train/9/00009_00033_00026.png
4,11184,60,63,6,5,55,58,7,Train/7/00007_00015_00024.png
4,25419,29,31,5,5,24,26,17,Train/17/00017_00032_00009.png
4,29897,96,85,8,7,88,78,25,Train/25/00025_00047_00017.png
4,25107,62,58,6,5,57,53,17,Train/17/00017_00021_00027.png
4,22246,95,87,8,7,87,80,13,Train/13/00013_00059_00016.png
4,357,73,73,6,7,67,67,20,Train/20/00020_00011_00027.png
4,36008,33,36,5,6,28,31,38,Train/38/00038_00000_00009.png
4,4963,33,34,5,5,27,29,2,Train/2/00002_00072_00013.png
4,36046,43,57,5,6,38,52,38,Train/38/00038_00001_00017.png
4,18531,79,76,7,7,72,70,12,Train/12/00012_00005_00021.png
4,26745,54,50,5,6,49,45,18,Train/18/00018_00039_00015.png
4,7912,57,59,5,6,52,54,4,Train/4/00004_00048_00022.png
4,8354,35,34,6,5,30,29,4,Train/4/00004_00063_00014.png
4,11522,27,29,5,6,22,24,7,Train/7/00007_00027_00002.png
4,2356,52,50,6,6,47,45,1,Train/1/00001_00059_00016.png
4,12125,28,28,6,6,22,23,7,Train/7/00007_00047_00005.png
4,15885,38,38,6,6,33,33,10,Train/10/00010_00028_00015.png
4,19354,37,41,5,5,32,36,12,Train/12/00012_00033_00004.png
4,19718,47,46,6,5,42,41,12,Train/12/00012_00045_00008.png
4,25176,32,33,5,5,27,28,17,Train/17/00017_00024_00006.png
4,22260,35,33,5,5,30,28,13,Train/13/00013_00060_00000.png
4,6403,40,40,6,6,34,35,3,Train/3/00003_00045_00013.png
4,416,53,54,6,5,48,49,0,Train/0/00000_00001_00026.png
4,10090,34,35,5,6,29,30,5,Train/5/00005_00055_00010.png
4,1841,42,44,5,6,37,39,1,Train/1/00001_00042_00011.png
4,28842,63,62,5,6,58,57,25,Train/25/00025_00012_00012.png
4,36682,50,52,6,5,44,46,38,Train/38/00038_00022_00023.png
4,19916,54,55,5,6,48,50,12,Train/12/00012_00051_00026.png
4,19402,105,97,10,9,96,89,12,Train/12/00012_00034_00022.png
4,28774,45,43,6,6,40,38,25,Train/25/00025_00010_00004.png
4,34360,33,31,6,5,27,26,35,Train/35/00035_00005_00011.png
4,26360,62,60,5,6,57,54,18,Train/18/00018_00026_00020.png
4,13335,41,43,6,6,36,38,8,Train/8/00008_00039_00015.png
4,26496,39,36,5,6,34,31,18,Train/18/00018_00031_00006.png
4,6937,31,35,5,6,25,29,4,Train/4/00004_00016_00007.png
4,18481,30,26,6,6,25,21,12,Train/12/00012_00004_00001.png
4,25002,34,35,6,5,29,30,17,Train/17/00017_00018_00012.png
4,18690,35,37,6,6,30,32,12,Train/12/00012_00011_00000.png
4,30853,48,43,5,5,42,38,28,Train/28/00028_00001_00013.png
4,16675,59,58,6,5,54,53,10,Train/10/00010_00054_00025.png
4,6370,31,32,5,5,26,27,3,Train/3/00003_00044_00010.png
4,14722,47,50,6,6,42,45,9,Train/9/00009_00038_00022.png
4,389,144,148,12,13,132,136,0,Train/0/00000_00000_00029.png
4,22945,122,133,11,12,112,122,14,Train/14/00014_00010_00025.png
4,12686,65,59,6,6,60,54,8,Train/8/00008_00017_00026.png
4,13778,31,32,5,6,26,27,9,Train/9/00009_00007_00008.png
4,29412,41,39,6,6,36,34,25,Train/25/00025_00031_00012.png
4,21040,57,52,6,6,52,46,13,Train/13/00013_00019_00010.png
4,1347,63,60,6,5,58,55,1,Train/1/00001_00025_00027.png
4,15710,49,50,5,5,44,45,10,Train/10/00010_00022_00020.png
4,24141,46,47,5,6,41,42,16,Train/16/00016_00003_00021.png
4,22169,70,63,6,5,64,58,13,Train/13/00013_00056_00029.png
4,628,68,61,7,5,62,56,1,Train/1/00001_00001_00028.png
4,29276,72,71,6,6,66,65,25,Train/25/00025_00026_00026.png
4,30906,39,35,6,5,34,30,28,Train/28/00028_00003_00006.png
4,34617,109,110,10,10,100,101,35,Train/35/00035_00013_00028.png
4,7640,55,56,5,6,50,51,4,Train/4/00004_00039_00020.png
4,37073,58,59,6,6,53,54,38,Train/38/00038_00035_00024.png
4,26503,44,39,6,5,39,34,18,Train/18/00018_00031_00013.png
4,1497,93,108,9,10,85,99,1,Train/1/00001_00030_00027.png
4,20158,93,91,8,8,85,83,12,Train/12/00012_00059_00028.png
4,14055,50,49,5,5,44,44,9,Train/9/00009_00016_00015.png
4,190,35,32,5,6,29,27,20,Train/20/00020_00006_00010.png
4,3827,43,43,6,5,38,38,2,Train/2/00002_00034_00017.png
4,26177,87,81,7,7,80,74,18,Train/18/00018_00020_00017.png
4,11826,30,30,6,5,25,25,7,Train/7/00007_00037_00006.png
4,35824,31,32,5,6,26,27,37,Train/37/00037_00001_00005.png
4,27865,87,81,7,8,80,74,23,Train/23/00023_00005_00025.png
4,37269,41,45,5,5,36,40,38,Train/38/00038_00042_00010.png
4,14411,51,52,5,6,46,47,9,Train/9/00009_00028_00011.png
4,19774,41,44,6,5,36,38,12,Train/12/00012_00047_00004.png
4,14746,41,41,5,5,36,36,9,Train/9/00009_00039_00016.png
4,1142,28,29,6,6,23,24,1,Train/1/00001_00019_00002.png
4,14249,84,85,8,8,77,78,9,Train/9/00009_00022_00029.png
4,32865,36,37,5,6,31,32,32,Train/32/00032_00000_00015.png
4,12229,43,41,6,6,38,36,8,Train/8/00008_00002_00019.png
4,32349,42,40,5,6,37,35,31,Train/31/00031_00009_00009.png
4,9162,37,36,6,5,32,31,5,Train/5/00005_00024_00012.png
4,4262,29,30,5,5,24,24,2,Train/2/00002_00049_00002.png
4,14725,51,53,6,5,46,48,9,Train/9/00009_00038_00025.png
4,20993,83,74,8,6,76,68,13,Train/13/00013_00017_00023.png
4,34252,48,49,6,6,43,44,35,Train/35/00035_00001_00023.png
4,26350,44,40,6,5,39,35,18,Train/18/00018_00026_00010.png
4,3274,30,30,6,6,25,25,2,Train/2/00002_00016_00004.png
4,21021,61,58,5,5,56,53,13,Train/13/00013_00018_00021.png
4,36740,53,54,5,5,47,49,38,Train/38/00038_00024_00021.png
4,18045,51,52,5,6,45,46,11,Train/11/00011_00033_00015.png
4,25885,122,111,11,9,112,102,18,Train/18/00018_00010_00025.png
4,3479,120,117,11,10,110,107,2,Train/2/00002_00022_00029.png
4,7928,30,31,5,5,25,26,4,Train/4/00004_00049_00008.png
4,3958,105,100,9,9,95,92,2,Train/2/00002_00038_00028.png
4,28824,120,134,11,11,110,123,25,Train/25/00025_00011_00024.png
4,10410,29,29,5,5,24,24,6,Train/6/00006_00004_00000.png
4,26914,35,32,6,6,30,27,19,Train/19/00019_00005_00004.png
4,27492,38,35,6,5,33,30,22,Train/22/00022_00006_00012.png
4,19687,35,36,5,6,30,31,12,Train/12/00012_00044_00007.png
4,23241,94,100,8,9,86,92,14,Train/14/00014_00020_00021.png
4,28080,42,39,5,5,37,34,23,Train/23/00023_00013_00000.png
4,28296,54,53,5,6,49,48,24,Train/24/00024_00003_00006.png
4,17577,107,94,10,9,97,86,11,Train/11/00011_00017_00027.png
4,3669,41,41,5,5,35,35,2,Train/2/00002_00029_00009.png
4,15032,36,36,6,5,31,31,10,Train/10/00010_00000_00002.png
4,36072,44,46,5,6,39,41,38,Train/38/00038_00002_00013.png
4,12987,47,41,5,6,42,36,8,Train/8/00008_00027_00027.png
4,7096,41,41,5,5,36,36,4,Train/4/00004_00021_00016.png
4,24918,40,41,6,5,35,36,17,Train/17/00017_00015_00018.png
4,15398,35,34,6,5,30,29,10,Train/10/00010_00012_00008.png
4,31207,47,48,5,6,42,43,28,Train/28/00028_00013_00007.png
4,25990,43,44,5,6,38,39,18,Train/18/00018_00014_00010.png
4,20508,53,52,5,5,47,46,13,Train/13/00013_00001_00018.png
4,1894,37,38,5,6,32,33,1,Train/1/00001_00044_00004.png
4,21325,50,47,5,6,44,42,13,Train/13/00013_00028_00025.png
4,14016,43,43,5,5,38,38,9,Train/9/00009_00015_00006.png
4,25430,34,38,5,5,29,33,17,Train/17/00017_00032_00020.png
4,18325,100,92,9,8,92,84,11,Train/11/00011_00042_00025.png
4,3061,38,38,5,6,33,33,2,Train/2/00002_00009_00001.png
4,3722,32,34,5,6,26,28,2,Train/2/00002_00031_00002.png
4,36359,27,26,6,6,21,21,38,Train/38/00038_00012_00000.png
4,16737,53,54,6,5,48,49,10,Train/10/00010_00056_00027.png
4,14819,47,48,6,5,42,43,9,Train/9/00009_00041_00029.png
4,36521,39,39,6,6,34,34,38,Train/38/00038_00017_00012.png
4,5667,56,56,5,5,51,51,3,Train/3/00003_00020_00027.png
4,12446,49,50,5,6,44,45,8,Train/8/00008_00009_00026.png
4,9910,34,36,5,6,29,31,5,Train/5/00005_00049_00010.png
4,11178,48,51,5,6,43,46,7,Train/7/00007_00015_00018.png
4,24283,70,69,7,6,64,63,16,Train/16/00016_00008_00013.png
4,31894,47,42,6,5,42,37,30,Train/30/00030_00009_00004.png
4,24178,94,94,8,8,86,86,16,Train/16/00016_00004_00028.png
4,20175,52,52,5,5,47,47,12,Train/12/00012_00060_00015.png
4,3004,37,35,6,5,31,29,2,Train/2/00002_00007_00004.png
4,15096,33,32,5,5,28,26,10,Train/10/00010_00002_00006.png
4,13317,43,47,5,6,38,42,8,Train/8/00008_00038_00027.png
4,11359,45,43,6,5,40,38,7,Train/7/00007_00021_00019.png
4,5321,35,34,6,5,30,29,3,Train/3/00003_00009_00011.png
4,4452,35,36,5,5,30,30,2,Train/2/00002_00055_00012.png
4,22837,38,40,5,6,33,35,14,Train/14/00014_00007_00007.png
4,11795,31,30,6,5,26,25,7,Train/7/00007_00036_00005.png
4,12313,37,38,6,5,32,33,8,Train/8/00008_00005_00013.png
4,31537,34,32,6,6,28,27,29,Train/29/00029_00006_00007.png
4,33535,43,45,5,5,37,39,33,Train/33/00033_00014_00025.png
4,29100,30,31,5,6,25,26,25,Train/25/00025_00021_00000.png
4,20788,73,74,6,7,67,68,13,Train/13/00013_00010_00028.png
4,23571,43,43,5,5,38,38,15,Train/15/00015_00005_00021.png
4,27410,63,57,6,6,58,52,22,Train/22/00022_00003_00020.png
4,12627,59,56,6,6,54,50,8,Train/8/00008_00015_00027.png
4,28819,93,100,8,8,85,92,25,Train/25/00025_00011_00019.png
4,8868,45,45,6,6,40,40,5,Train/5/00005_00014_00018.png
4,36701,38,38,6,6,33,33,38,Train/38/00038_00023_00012.png
4,1065,47,46,6,5,41,40,1,Train/1/00001_00016_00015.png
4,27652,56,57,6,6,51,52,22,Train/22/00022_00011_00022.png
4,24344,39,38,6,5,34,33,16,Train/16/00016_00010_00014.png
4,28848,76,73,7,7,70,67,25,Train/25/00025_00012_00018.png
4,29581,28,28,5,5,23,22,25,Train/25/00025_00037_00001.png
4,3357,83,83,8,8,76,76,2,Train/2/00002_00018_00027.png
4,25157,37,38,5,5,32,33,17,Train/17/00017_00023_00017.png
4,23581,27,28,6,6,22,23,15,Train/15/00015_00006_00001.png
4,37689,47,50,6,5,42,45,38,Train/38/00038_00056_00010.png
4,18437,52,57,5,6,47,52,12,Train/12/00012_00002_00017.png
4,28823,113,128,10,12,103,117,25,Train/25/00025_00011_00023.png
4,37811,36,40,5,6,31,35,38,Train/38/00038_00060_00012.png
4,32867,39,39,5,5,34,34,32,Train/32/00032_00000_00017.png
4,34614,74,74,7,7,67,68,35,Train/35/00035_00013_00025.png
4,16219,43,43,6,6,38,38,10,Train/10/00010_00039_00019.png
4,16970,39,41,5,6,34,36,10,Train/10/00010_00064_00020.png
4,9913,37,37,6,5,32,32,5,Train/5/00005_00049_00013.png
4,2428,60,61,6,5,55,56,1,Train/1/00001_00061_00028.png
4,10,36,33,5,6,31,28,20,Train/20/00020_00000_00010.png
4,29511,86,74,8,6,79,68,25,Train/25/00025_00034_00021.png
4,843,30,31,5,6,25,26,1,Train/1/00001_00009_00003.png
4,12519,38,38,5,5,33,33,8,Train/8/00008_00012_00009.png
4,12582,40,43,5,6,35,38,8,Train/8/00008_00014_00012.png
4,3025,63,62,6,6,57,56,2,Train/2/00002_00007_00025.png
4,32042,30,29,6,5,25,24,30,Train/30/00030_00014_00002.png
4,15661,33,34,5,6,28,29,10,Train/10/00010_00021_00001.png
4,23202,64,72,5,6,59,66,14,Train/14/00014_00019_00012.png
4,5208,41,41,5,5,35,35,3,Train/3/00003_00005_00018.png
4,30909,42,37,6,5,36,32,28,Train/28/00028_00003_00009.png
4,27449,99,91,8,8,91,83,22,Train/22/00022_00004_00029.png
4,36264,39,39,6,6,34,34,38,Train/38/00038_00008_00025.png
4,20955,55,50,6,6,50,45,13,Train/13/00013_00016_00015.png
4,22955,42,44,5,6,37,39,14,Train/14/00014_00011_00005.png
4,21056,88,78,7,7,81,71,13,Train/13/00013_00019_00026.png
4,1709,105,104,9,9,96,95,1,Train/1/00001_00037_00029.png
4,27092,31,29,5,5,26,24,21,Train/21/00021_00004_00002.png
4,5506,35,35,6,5,30,29,3,Train/3/00003_00015_00016.png
4,13079,51,50,6,6,46,45,8,Train/8/00008_00030_00029.png
4,5417,41,42,5,6,36,37,3,Train/3/00003_00012_00017.png
4,28967,44,43,6,5,39,38,25,Train/25/00025_00016_00017.png
4,18470,54,55,5,6,49,50,12,Train/12/00012_00003_00020.png
4,26370,28,28,6,6,23,23,18,Train/18/00018_00027_00000.png
4,15295,63,63,5,5,58,58,10,Train/10/00010_00008_00025.png
4,16739,59,61,6,6,54,56,10,Train/10/00010_00056_00029.png
4,6291,95,96,8,8,87,88,3,Train/3/00003_00041_00021.png
4,7501,27,28,5,6,22,23,4,Train/4/00004_00035_00001.png
4,37101,82,83,7,7,75,76,38,Train/38/00038_00036_00022.png
4,9098,37,36,6,5,32,31,5,Train/5/00005_00022_00008.png
4,4971,40,42,6,6,35,37,2,Train/2/00002_00072_00021.png
4,35662,58,59,6,6,53,54,36,Train/36/00036_00008_00023.png
4,10807,35,36,5,6,30,31,7,Train/7/00007_00003_00007.png
4,36211,31,33,5,6,26,28,38,Train/38/00038_00007_00002.png
4,2363,71,72,6,7,65,66,1,Train/1/00001_00059_00023.png
4,16510,34,35,5,6,29,30,10,Train/10/00010_00049_00010.png
4,16555,52,52,5,6,47,47,10,Train/10/00010_00050_00025.png
4,18742,70,70,6,6,64,64,12,Train/12/00012_00012_00022.png
4,11941,29,28,6,5,24,23,7,Train/7/00007_00041_00001.png
4,28639,57,53,5,5,52,48,25,Train/25/00025_00005_00019.png
4,2794,37,33,6,6,32,28,2,Train/2/00002_00000_00004.png
4,36383,40,39,6,5,35,34,38,Train/38/00038_00012_00024.png
4,21447,146,108,13,9,134,99,13,Train/13/00013_00032_00027.png
4,32064,53,48,6,5,48,43,30,Train/30/00030_00014_00024.png
4,22617,62,61,5,6,57,55,13,Train/13/00013_00071_00027.png
4,30172,61,55,6,5,56,50,26,Train/26/00026_00006_00022.png
4,14575,71,64,7,5,65,58,9,Train/9/00009_00033_00025.png
4,10095,39,39,6,5,34,34,5,Train/5/00005_00055_00015.png
4,13512,41,40,6,5,36,35,8,Train/8/00008_00045_00012.png
4,18584,42,45,5,6,37,40,12,Train/12/00012_00007_00014.png
4,28896,41,38,6,6,36,33,25,Train/25/00025_00014_00006.png
4,34559,33,31,6,5,28,26,35,Train/35/00035_00012_00000.png
4,35369,28,29,5,6,23,24,35,Train/35/00035_00039_00000.png
4,2280,28,28,5,5,23,23,1,Train/1/00001_00057_00000.png
4,2808,54,48,6,6,49,43,2,Train/2/00002_00000_00018.png
4,34780,31,32,5,6,26,27,35,Train/35/00035_00019_00011.png
4,38785,59,62,5,6,54,57,41,Train/41/00041_00001_00026.png
4,11196,35,37,5,6,30,32,7,Train/7/00007_00016_00006.png
4,33803,64,74,6,6,59,67,34,Train/34/00034_00000_00024.png
4,10494,62,63,5,6,56,58,6,Train/6/00006_00006_00024.png
4,23932,55,53,6,5,50,48,15,Train/15/00015_00017_00022.png
4,12751,36,35,6,5,31,30,8,Train/8/00008_00020_00001.png
4,9046,34,34,5,6,29,29,5,Train/5/00005_00020_00016.png
4,34206,43,43,6,6,37,37,35,Train/35/00035_00000_00007.png
4,6675,36,37,5,6,30,31,4,Train/4/00004_00007_00015.png
4,32712,36,36,5,5,31,31,31,Train/31/00031_00021_00012.png
4,7576,43,42,6,5,38,37,4,Train/4/00004_00037_00016.png
4,17144,51,45,6,6,45,40,11,Train/11/00011_00003_00014.png
4,21150,26,32,5,6,20,26,13,Train/13/00013_00023_00000.png
4,18370,33,37,6,6,27,31,12,Train/12/00012_00000_00010.png
4,6105,39,41,6,6,33,35,3,Train/3/00003_00035_00015.png
4,17496,30,30,6,5,25,24,11,Train/11/00011_00015_00006.png
4,23357,42,43,5,6,37,38,14,Train/14/00014_00024_00017.png
4,12791,33,32,5,5,28,27,8,Train/8/00008_00021_00011.png
4,5155,49,51,5,6,44,45,3,Train/3/00003_00003_00025.png
4,37730,58,63,5,5,53,58,38,Train/38/00038_00057_00021.png
4,34321,28,29,5,6,23,24,35,Train/35/00035_00004_00002.png
4,32466,31,30,6,5,26,25,31,Train/31/00031_00013_00006.png
4,15071,38,35,6,5,32,29,10,Train/10/00010_00001_00011.png
4,2539,48,51,5,6,43,46,1,Train/1/00001_00065_00019.png
4,18406,45,42,6,5,40,37,12,Train/12/00012_00001_00016.png
4,5785,47,51,5,6,42,46,3,Train/3/00003_00024_00025.png
4,21262,55,76,6,6,50,70,13,Train/13/00013_00026_00022.png
4,22792,68,68,7,7,62,62,14,Train/14/00014_00005_00022.png
4,2969,74,80,6,7,68,73,2,Train/2/00002_00005_00029.png
4,26910,30,31,5,6,25,26,19,Train/19/00019_00005_00000.png
4,3522,37,35,5,5,32,30,2,Train/2/00002_00024_00012.png
4,17391,75,69,7,7,69,62,11,Train/11/00011_00011_00021.png
4,19511,39,39,6,6,34,34,12,Train/12/00012_00038_00011.png
4,20119,64,57,5,5,59,52,12,Train/12/00012_00058_00019.png
4,1355,53,55,5,6,48,50,1,Train/1/00001_00026_00005.png
4,27209,148,136,12,12,136,125,21,Train/21/00021_00007_00029.png
4,29224,38,36,6,6,33,31,25,Train/25/00025_00025_00004.png
4,17432,39,38,5,5,34,33,11,Train/11/00011_00013_00002.png
4,7391,30,31,5,5,25,26,4,Train/4/00004_00031_00011.png
4,31217,68,65,6,6,61,60,28,Train/28/00028_00013_00017.png
4,24481,30,30,6,6,25,25,17,Train/17/00017_00001_00001.png
4,29136,44,42,6,5,39,37,25,Train/25/00025_00022_00006.png
4,29197,44,44,5,6,39,39,25,Train/25/00025_00024_00007.png
4,20703,40,47,5,6,35,41,13,Train/13/00013_00008_00003.png
4,9347,40,39,6,5,35,34,5,Train/5/00005_00030_00017.png
4,24409,41,42,5,6,36,37,16,Train/16/00016_00012_00019.png
4,23326,54,55,5,6,49,50,14,Train/14/00014_00023_00016.png
4,13943,72,72,7,6,66,66,9,Train/9/00009_00012_00023.png
4,37629,35,35,6,6,30,30,38,Train/38/00038_00054_00010.png
4,16181,32,33,5,6,27,28,10,Train/10/00010_00038_00011.png
4,5193,32,32,6,6,27,27,3,Train/3/00003_00005_00003.png
4,8680,36,36,5,5,31,31,5,Train/5/00005_00008_00010.png
4,10814,43,43,6,6,38,38,7,Train/7/00007_00003_00014.png
4,1066,47,47,5,5,42,42,1,Train/1/00001_00016_00016.png
4,752,44,50,6,5,39,45,1,Train/1/00001_00006_00002.png
4,35271,47,44,6,5,41,39,35,Train/35/00035_00035_00022.png
4,7054,30,30,6,6,25,25,4,Train/4/00004_00020_00004.png
4,2851,26,27,5,5,21,22,2,Train/2/00002_00002_00001.png
4,20476,42,40,5,5,37,35,13,Train/13/00013_00000_00016.png
4,32752,49,49,6,6,44,44,31,Train/31/00031_00022_00022.png
4,11925,32,32,6,6,27,27,7,Train/7/00007_00040_00015.png
4,32093,88,80,7,7,81,73,31,Train/31/00031_00000_00023.png
4,20816,63,84,5,7,58,77,13,Train/13/00013_00011_00026.png
4,5043,28,29,6,6,23,24,3,Train/3/00003_00000_00003.png
4,5403,31,30,6,5,26,25,3,Train/3/00003_00012_00003.png
4,4695,34,35,5,6,29,30,2,Train/2/00002_00063_00015.png
4,34091,37,40,6,5,31,35,34,Train/34/00034_00010_00012.png
4,2505,39,38,6,5,34,33,1,Train/1/00001_00064_00015.png
4,687,114,117,10,10,104,106,1,Train/1/00001_00003_00027.png
4,11324,37,38,5,5,32,33,7,Train/7/00007_00020_00014.png
4,10134,68,67,6,6,62,61,5,Train/5/00005_00056_00024.png
4,17186,124,122,11,11,114,111,11,Train/11/00011_00004_00026.png
4,10452,32,35,6,6,26,29,6,Train/6/00006_00005_00012.png
4,33133,37,36,6,6,32,31,33,Train/33/00033_00001_00013.png
4,1617,98,98,9,8,90,89,1,Train/1/00001_00034_00027.png
4,33643,34,47,5,6,29,42,33,Train/33/00033_00018_00013.png
4,23200,46,45,6,5,40,40,14,Train/14/00014_00019_00010.png
4,8304,54,54,5,5,49,49,4,Train/4/00004_00061_00024.png
4,37750,46,46,6,6,41,41,38,Train/38/00038_00058_00011.png
4,1944,84,85,7,8,77,78,1,Train/1/00001_00045_00024.png
4,38455,93,95,9,9,85,86,40,Train/40/00040_00002_00026.png
4,31427,52,49,5,6,47,44,29,Train/29/00029_00002_00017.png
4,34707,112,112,9,9,103,103,35,Train/35/00035_00016_00028.png
4,29493,50,50,5,6,45,45,25,Train/25/00025_00034_00003.png
4,6197,44,42,6,5,39,37,3,Train/3/00003_00038_00017.png
4,14754,41,41,5,5,36,36,9,Train/9/00009_00039_00024.png
4,7586,59,59,5,5,54,54,4,Train/4/00004_00037_00026.png
4,24183,27,28,5,6,22,23,16,Train/16/00016_00005_00003.png
4,17199,54,50,5,6,49,45,11,Train/11/00011_00005_00009.png
4,16862,30,26,6,5,25,21,10,Train/10/00010_00061_00002.png
4,6466,56,56,6,6,51,51,4,Train/4/00004_00000_00016.png
4,36892,54,54,5,5,49,49,38,Train/38/00038_00029_00023.png
4,32209,55,48,6,5,50,43,31,Train/31/00031_00004_00019.png
4,6130,33,34,5,5,28,29,3,Train/3/00003_00036_00010.png
4,2342,36,35,6,5,30,29,1,Train/1/00001_00059_00002.png
4,28459,50,52,6,5,45,47,24,Train/24/00024_00008_00019.png
4,30625,98,87,8,8,89,80,27,Train/27/00027_00001_00025.png
4,24700,27,29,5,5,22,24,17,Train/17/00017_00008_00010.png
4,34069,49,49,6,5,44,44,34,Train/34/00034_00009_00020.png
4,9088,63,65,5,6,58,60,5,Train/5/00005_00021_00028.png
4,16761,61,59,5,6,56,54,10,Train/10/00010_00057_00021.png
4,27357,72,64,7,6,66,59,22,Train/22/00022_00001_00027.png
4,38832,47,47,6,5,42,42,41,Train/41/00041_00003_00013.png
4,9530,46,46,5,6,40,40,5,Train/5/00005_00036_00020.png
4,27866,99,89,8,8,91,82,23,Train/23/00023_00005_00026.png
4,13267,33,32,6,5,28,27,8,Train/8/00008_00037_00007.png
4,13362,35,35,5,5,30,30,8,Train/8/00008_00040_00012.png
4,34244,34,35,5,6,29,30,35,Train/35/00035_00001_00015.png
4,251,35,35,6,6,30,30,20,Train/20/00020_00008_00011.png
4,31255,75,69,6,6,68,62,28,Train/28/00028_00014_00025.png
4,37494,37,39,5,5,32,34,38,Train/38/00038_00049_00025.png
4,16709,64,64,5,6,59,59,10,Train/10/00010_00055_00029.png
4,9532,49,49,5,6,43,43,5,Train/5/00005_00036_00022.png
4,10162,47,48,5,5,42,43,5,Train/5/00005_00057_00022.png
4,11771,35,35,5,5,30,30,7,Train/7/00007_00035_00011.png
4,35139,32,31,6,6,26,26,35,Train/35/00035_00031_00010.png
4,1749,40,43,5,6,35,38,1,Train/1/00001_00039_00009.png
4,27292,61,57,5,5,56,52,21,Train/21/00021_00010_00022.png
4,10381,29,31,5,6,24,26,6,Train/6/00006_00003_00001.png
4,11903,50,49,6,5,45,44,7,Train/7/00007_00039_00023.png
4,3788,30,31,6,5,25,26,2,Train/2/00002_00033_00008.png
4,7927,30,32,5,6,25,27,4,Train/4/00004_00049_00007.png
4,19772,36,38,5,5,31,33,12,Train/12/00012_00047_00002.png
4,32566,49,47,6,6,43,41,31,Train/31/00031_00016_00016.png
4,17041,31,28,6,6,26,23,11,Train/11/00011_00000_00001.png
4,26054,40,35,6,5,34,30,18,Train/18/00018_00016_00014.png
4,9639,30,31,5,6,25,26,5,Train/5/00005_00040_00009.png
4,5842,46,45,6,6,40,40,3,Train/3/00003_00026_00022.png
4,23574,48,48,5,5,43,43,15,Train/15/00015_00005_00024.png
4,19174,36,36,5,5,31,31,12,Train/12/00012_00027_00004.png
4,6084,58,60,5,6,53,55,3,Train/3/00003_00034_00024.png
4,13647,82,84,8,8,74,76,9,Train/9/00009_00002_00027.png
4,35643,28,28,6,5,23,23,36,Train/36/00036_00008_00004.png
4,3998,29,29,6,6,24,24,2,Train/2/00002_00040_00008.png
4,31146,39,38,5,6,34,33,28,Train/28/00028_00011_00006.png
4,9384,48,50,6,6,43,45,5,Train/5/00005_00031_00024.png
4,12575,35,35,6,6,30,30,8,Train/8/00008_00014_00005.png
4,12361,30,30,5,5,25,25,8,Train/8/00008_00007_00001.png
4,12964,28,27,5,5,23,22,8,Train/8/00008_00027_00004.png
4,19788,64,68,5,6,59,62,12,Train/12/00012_00047_00018.png
4,17616,33,28,5,5,28,23,11,Train/11/00011_00019_00006.png
4,4437,61,61,6,6,55,55,2,Train/2/00002_00054_00027.png
4,17366,107,96,10,8,98,88,11,Train/11/00011_00010_00026.png
4,4585,98,96,9,9,90,88,2,Train/2/00002_00059_00025.png
4,12584,43,45,5,6,38,40,8,Train/8/00008_00014_00014.png
4,8936,82,81,8,7,75,74,5,Train/5/00005_00016_00026.png
4,8542,42,41,6,5,37,36,5,Train/5/00005_00003_00022.png
4,7981,29,30,5,6,24,25,4,Train/4/00004_00051_00001.png
4,3283,37,39,5,5,32,34,2,Train/2/00002_00016_00013.png
4,3275,30,32,5,6,25,27,2,Train/2/00002_00016_00005.png
4,28278,65,61,6,6,59,55,24,Train/24/00024_00002_00018.png
4,27467,43,45,5,6,38,40,22,Train/22/00022_00005_00017.png
4,8552,27,27,6,6,22,22,5,Train/5/00005_00004_00002.png
4,20559,39,39,6,6,34,34,13,Train/13/00013_00003_00009.png
4,1312,28,29,5,5,23,23,1,Train/1/00001_00024_00022.png
4,30889,71,65,6,6,65,60,28,Train/28/00028_00002_00019.png
4,9496,44,43,5,5,39,38,5,Train/5/00005_00035_00016.png
4,20220,39,39,6,6,34,34,12,Train/12/00012_00062_00000.png
4,35758,119,119,10,11,109,109,36,Train/36/00036_00011_00029.png
4,32665,76,69,7,6,69,63,31,Train/31/00031_00019_00025.png
4,23075,37,37,6,6,32,32,14,Train/14/00014_00015_00005.png
4,29251,36,35,5,6,31,30,25,Train/25/00025_00026_00001.png
4,11445,39,39,6,6,34,34,7,Train/7/00007_00024_00015.png
4,36338,43,45,5,6,37,40,38,Train/38/00038_00011_00009.png
4,4018,59,58,6,5,53,52,2,Train/2/00002_00040_00028.png
4,11599,43,43,6,5,38,38,7,Train/7/00007_00029_00019.png
4,17541,76,72,6,7,70,66,11,Train/11/00011_00016_00021.png
4,20614,31,31,6,5,26,26,13,Train/13/00013_00005_00004.png
4,33551,32,39,5,6,27,33,33,Train/33/00033_00015_00011.png
4,9009,35,35,5,6,29,30,5,Train/5/00005_00019_00009.png
4,7989,37,34,6,5,32,29,4,Train/4/00004_00051_00009.png
4,4311,40,40,6,5,35,35,2,Train/2/00002_00050_00021.png
4,32663,69,63,6,5,63,57,31,Train/31/00031_00019_00023.png
4,33496,57,55,6,6,51,50,33,Train/33/00033_00013_00016.png
4,25165,47,50,5,6,42,45,17,Train/17/00017_00023_00025.png
4,12824,39,38,6,6,34,33,8,Train/8/00008_00022_00014.png
4,31571,44,45,6,6,39,40,29,Train/29/00029_00007_00011.png
4,31323,35,34,5,5,30,29,28,Train/28/00028_00017_00003.png
4,9519,32,33,5,6,27,28,5,Train/5/00005_00036_00009.png
4,28440,34,37,5,5,29,32,24,Train/24/00024_00008_00000.png
4,14762,41,42,6,6,36,37,9,Train/9/00009_00040_00002.png
4,35203,41,42,6,5,35,36,35,Train/35/00035_00033_00014.png
4,10166,53,54,5,5,48,49,5,Train/5/00005_00057_00026.png
4,9960,29,30,5,6,24,25,5,Train/5/00005_00051_00000.png
4,5307,92,95,9,9,84,87,3,Train/3/00003_00008_00027.png
4,34646,75,76,7,7,69,70,35,Train/35/00035_00014_00027.png
4,3632,31,33,5,5,26,28,2,Train/2/00002_00028_00002.png
4,28533,31,29,6,5,26,24,25,Train/25/00025_00002_00003.png
4,24741,46,49,6,6,40,44,17,Train/17/00017_00009_00021.png
4,31288,105,92,10,9,95,84,28,Train/28/00028_00015_00028.png
4,3814,32,31,6,5,27,26,2,Train/2/00002_00034_00004.png
4,33982,37,39,6,5,32,34,34,Train/34/00034_00006_00023.png
4,22892,28,30,5,5,23,25,14,Train/14/00014_00009_00002.png
4,24856,32,38,6,6,27,33,17,Train/17/00017_00013_00016.png
4,5613,33,34,5,5,28,29,3,Train/3/00003_00019_00003.png
4,32736,31,30,6,5,26,25,31,Train/31/00031_00022_00006.png
4,4212,30,29,6,5,25,24,2,Train/2/00002_00047_00012.png
4,17196,50,44,6,6,44,39,11,Train/11/00011_00005_00006.png
4,23375,31,32,6,6,25,26,14,Train/14/00014_00025_00005.png
4,10525,37,40,5,5,32,35,6,Train/6/00006_00007_00025.png
4,1863,41,40,6,5,36,35,1,Train/1/00001_00043_00003.png
4,32558,38,36,6,5,33,31,31,Train/31/00031_00016_00008.png
4,30238,100,94,9,9,92,86,26,Train/26/00026_00008_00028.png
4,38011,29,31,5,5,24,26,38,Train/38/00038_00067_00002.png
4,28282,69,62,6,5,62,57,24,Train/24/00024_00002_00022.png
4,38833,48,48,6,5,43,43,41,Train/41/00041_00003_00014.png
4,1691,31,32,5,6,26,27,1,Train/1/00001_00037_00011.png
4,26756,89,85,7,8,81,78,18,Train/18/00018_00039_00026.png
4,21058,96,83,8,7,88,76,13,Train/13/00013_00019_00028.png
4,3401,34,36,6,6,29,31,2,Train/2/00002_00020_00011.png
4,33808,71,85,7,7,65,78,34,Train/34/00034_00000_00029.png
4,36472,55,62,5,6,50,57,38,Train/38/00038_00015_00023.png
4,23878,92,97,9,9,84,89,15,Train/15/00015_00015_00028.png
4,17136,40,38,6,5,35,33,11,Train/11/00011_00003_00006.png
4,18252,46,43,5,5,41,38,11,Train/11/00011_00040_00012.png
4,14123,41,40,5,5,36,35,9,Train/9/00009_00018_00023.png
4,24475,30,35,5,6,25,30,17,Train/17/00017_00000_00025.png
4,16141,28,27,6,6,22,21,10,Train/10/00010_00037_00001.png
4,18024,98,96,8,9,89,87,11,Train/11/00011_00032_00024.png
4,8754,52,51,6,5,47,46,5,Train/5/00005_00010_00024.png
4,32418,43,43,6,5,38,38,31,Train/31/00031_00011_00018.png
4,11856,33,34,5,6,27,28,7,Train/7/00007_00038_00006.png
4,31524,83,72,8,6,76,66,29,Train/29/00029_00005_00024.png
4,24577,45,49,6,5,40,43,17,Train/17/00017_00004_00007.png
4,29569,54,49,5,5,49,44,25,Train/25/00025_00036_00019.png
4,8801,38,38,6,6,33,33,5,Train/5/00005_00012_00011.png
4,26815,91,80,8,7,83,73,19,Train/19/00019_00001_00025.png
4,5794,31,31,6,5,26,26,3,Train/3/00003_00025_00004.png
4,8500,30,31,5,6,25,26,5,Train/5/00005_00002_00010.png
4,17494,29,30,5,6,24,25,11,Train/11/00011_00015_00004.png
4,25378,61,70,5,6,56,64,17,Train/17/00017_00030_00028.png
4,10848,49,49,6,6,44,44,7,Train/7/00007_00004_00018.png
4,30372,36,35,5,5,31,30,26,Train/26/00026_00013_00012.png
4,25492,44,48,5,6,39,43,17,Train/17/00017_00034_00022.png
4,3059,76,84,6,8,70,76,2,Train/2/00002_00008_00029.png
4,13348,88,93,8,8,81,85,8,Train/8/00008_00039_00028.png
4,21292,36,34,5,5,31,29,13,Train/13/00013_00027_00022.png
4,2453,51,50,6,6,45,45,1,Train/1/00001_00062_00023.png
4,6581,56,55,6,6,50,50,4,Train/4/00004_00004_00011.png
4,33893,99,108,8,10,90,99,34,Train/34/00034_00003_00024.png
4,26567,80,68,8,6,73,62,18,Train/18/00018_00033_00017.png
4,13543,34,35,6,6,29,30,8,Train/8/00008_00046_00013.png
4,1133,87,93,7,9,80,85,1,Train/1/00001_00018_00023.png
4,9901,30,30,5,5,25,25,5,Train/5/00005_00049_00001.png
4,22796,74,74,6,6,68,68,14,Train/14/00014_00005_00026.png
4,15421,35,35,5,5,30,30,10,Train/10/00010_00013_00001.png
4,469,50,50,5,5,45,45,0,Train/0/00000_00003_00019.png
4,35364,49,54,5,6,44,49,35,Train/35/00035_00038_00025.png
4,33301,41,41,5,5,36,36,33,Train/33/00033_00007_00001.png
4,30546,32,29,5,5,26,24,26,Train/26/00026_00019_00006.png
4,15679,54,54,5,5,49,49,10,Train/10/00010_00021_00019.png
4,26874,77,69,7,6,71,63,19,Train/19/00019_00003_00024.png
4,36664,31,31,5,6,25,26,38,Train/38/00038_00022_00005.png
4,23540,46,48,5,5,41,43,15,Train/15/00015_00004_00020.png
4,6917,39,38,6,6,33,32,4,Train/4/00004_00015_00017.png
4,37830,38,38,6,5,33,33,38,Train/38/00038_00061_00001.png
4,35660,50,49,6,5,45,44,36,Train/36/00036_00008_00021.png
4,37960,34,34,6,5,29,29,38,Train/38/00038_00065_00011.png
4,28794,86,76,8,6,79,70,25,Train/25/00025_00010_00024.png
4,36761,37,37,6,6,32,32,38,Train/38/00038_00025_00012.png
4,2859,28,28,5,5,22,22,2,Train/2/00002_00002_00009.png
4,34405,81,82,7,7,74,75,35,Train/35/00035_00006_00026.png
4,14012,43,43,5,5,38,38,9,Train/9/00009_00015_00002.png
4,25211,40,42,5,6,35,37,17,Train/17/00017_00025_00011.png
4,34092,38,41,6,5,32,36,34,Train/34/00034_00010_00013.png
4,20700,40,44,6,6,35,39,13,Train/13/00013_00008_00000.png
4,7694,36,37,5,6,31,32,4,Train/4/00004_00041_00014.png
4,1514,42,42,6,5,37,36,1,Train/1/00001_00031_00014.png
4,25920,36,38,5,6,31,33,18,Train/18/00018_00012_00000.png
4,19752,37,38,6,5,32,33,12,Train/12/00012_00046_00012.png
4,4624,42,43,5,6,36,37,2,Train/2/00002_00061_00004.png
4,11020,39,36,6,5,33,31,7,Train/7/00007_00010_00010.png
4,25805,57,49,6,6,51,44,18,Train/18/00018_00008_00005.png
4,3725,34,35,6,6,29,30,2,Train/2/00002_00031_00005.png
4,19977,91,76,8,7,83,70,12,Train/12/00012_00053_00027.png
4,24195,34,34,5,5,29,29,16,Train/16/00016_00005_00015.png
4,26777,97,83,9,7,89,76,19,Train/19/00019_00000_00017.png
4,31041,85,73,8,7,78,67,28,Train/28/00028_00007_00021.png
4,33938,33,35,6,6,28,30,34,Train/34/00034_00005_00009.png
4,6942,35,37,6,5,30,32,4,Train/4/00004_00016_00012.png
4,39143,49,46,6,6,43,40,42,Train/42/00042_00005_00024.png
4,32441,45,40,6,6,39,35,31,Train/31/00031_00012_00011.png
4,11248,64,69,5,7,59,63,7,Train/7/00007_00017_00028.png
4,9472,40,43,5,5,35,38,5,Train/5/00005_00034_00022.png
4,24897,35,40,6,6,30,35,17,Train/17/00017_00014_00027.png
4,32763,30,29,5,5,25,24,31,Train/31/00031_00023_00003.png
4,16016,62,50,6,5,57,45,10,Train/10/00010_00032_00026.png
4,28859,135,125,12,11,123,114,25,Train/25/00025_00012_00029.png
4,14169,30,30,6,5,25,25,9,Train/9/00009_00020_00009.png
4,20492,26,30,5,6,21,25,13,Train/13/00013_00001_00002.png
4,13426,40,41,5,6,35,36,8,Train/8/00008_00042_00016.png
4,17983,58,53,6,6,52,48,11,Train/11/00011_00031_00013.png
4,15830,39,39,5,5,34,34,10,Train/10/00010_00026_00020.png
4,4021,27,26,6,5,22,20,2,Train/2/00002_00041_00001.png
4,10406,63,69,5,7,58,63,6,Train/6/00006_00003_00026.png
4,32178,52,50,6,6,47,45,31,Train/31/00031_00003_00018.png
4,20148,44,43,6,5,39,38,12,Train/12/00012_00059_00018.png
4,30446,171,155,14,13,157,142,26,Train/26/00026_00015_00026.png
4,2701,37,37,6,6,32,32,1,Train/1/00001_00071_00001.png
4,19436,57,57,6,5,52,52,12,Train/12/00012_00035_00026.png
4,28986,35,36,5,6,29,31,25,Train/25/00025_00017_00006.png
4,27078,55,51,6,6,50,46,21,Train/21/00021_00003_00018.png
4,26681,50,50,5,5,45,45,18,Train/18/00018_00037_00011.png
4,14892,37,37,6,6,32,31,9,Train/9/00009_00044_00012.png
4,38127,55,57,5,5,50,51,39,Train/39/00039_00001_00028.png
4,17744,44,41,5,6,39,36,11,Train/11/00011_00023_00014.png
4,2387,49,50,6,5,44,44,1,Train/1/00001_00060_00017.png
4,17227,32,29,6,5,27,23,11,Train/11/00011_00006_00007.png
4,25846,40,35,6,5,34,30,18,Train/18/00018_00009_00016.png
4,5938,70,72,6,7,64,65,3,Train/3/00003_00029_00028.png
4,19257,81,80,8,8,74,73,12,Train/12/00012_00029_00027.png
4,29154,112,104,9,9,103,95,25,Train/25/00025_00022_00024.png
4,3140,46,43,6,6,41,37,2,Train/2/00002_00011_00020.png
4,16671,51,50,6,5,46,45,10,Train/10/00010_00054_00021.png
4,27228,74,62,6,6,68,57,21,Train/21/00021_00008_00018.png
4,31649,221,192,19,17,203,176,30,Train/30/00030_00000_00029.png
4,8992,38,37,6,5,33,32,5,Train/5/00005_00018_00022.png
4,1371,85,84,8,7,78,77,1,Train/1/00001_00026_00021.png
4,38945,36,35,5,5,30,30,41,Train/41/00041_00007_00006.png
4,709,36,37,6,6,31,32,1,Train/1/00001_00004_00019.png
4,19549,60,60,6,6,55,55,12,Train/12/00012_00039_00019.png
4,39144,49,49,6,6,44,44,42,Train/42/00042_00005_00025.png
4,20579,224,201,19,18,205,184,13,Train/13/00013_00003_00029.png
4,14596,41,39,6,5,36,34,9,Train/9/00009_00034_00016.png
4,24985,70,73,7,6,64,67,17,Train/17/00017_00017_00025.png
4,36951,69,70,6,7,63,64,38,Train/38/00038_00031_00022.png
4,31291,36,35,6,5,31,30,28,Train/28/00028_00016_00001.png
4,26691,57,56,6,5,52,51,18,Train/18/00018_00037_00021.png
4,23386,42,43,6,5,37,37,14,Train/14/00014_00025_00016.png
4,37774,39,40,5,6,34,35,38,Train/38/00038_00059_00005.png
4,243,30,31,5,6,25,26,20,Train/20/00020_00008_00003.png
4,14904,67,66,6,6,61,60,9,Train/9/00009_00044_00024.png
4,2148,47,50,5,6,41,44,1,Train/1/00001_00052_00018.png
4,18319,56,55,6,5,51,50,11,Train/11/00011_00042_00019.png
4,34861,39,39,5,5,34,34,35,Train/35/00035_00022_00002.png
4,11730,32,33,6,6,27,28,7,Train/7/00007_00034_00000.png
4,18199,76,69,6,6,69,63,11,Train/11/00011_00038_00019.png
4,34155,35,36,5,5,30,31,34,Train/34/00034_00012_00016.png
4,2500,32,33,5,6,26,27,1,Train/1/00001_00064_00010.png
4,24892,32,37,6,6,27,32,17,Train/17/00017_00014_00022.png
4,33593,49,55,6,6,44,50,33,Train/33/00033_00016_00023.png
4,34507,45,46,5,5,40,41,35,Train/35/00035_00010_00008.png
4,15340,35,34,6,5,30,29,10,Train/10/00010_00010_00010.png
4,38411,42,41,6,5,36,35,40,Train/40/00040_00001_00012.png
4,8295,39,39,6,6,34,34,4,Train/4/00004_00061_00015.png
4,8899,56,56,6,6,51,51,5,Train/5/00005_00015_00019.png
4,33674,34,34,6,5,29,29,33,Train/33/00033_00019_00014.png
4,14988,42,42,6,5,37,37,9,Train/9/00009_00047_00018.png
4,24618,41,42,5,5,36,36,17,Train/17/00017_00005_00018.png
4,36047,46,58,6,5,41,53,38,Train/38/00038_00001_00018.png
4,27338,37,31,6,5,31,26,22,Train/22/00022_00001_00008.png
4,16096,42,40,5,6,37,35,10,Train/10/00010_00035_00016.png
4,20482,56,53,6,6,51,48,13,Train/13/00013_00000_00022.png
4,26012,41,42,5,6,36,37,18,Train/18/00018_00015_00002.png
4,32192,34,32,5,6,29,27,31,Train/31/00031_00004_00002.png
4,26084,41,36,6,5,36,31,18,Train/18/00018_00017_00014.png
4,31939,51,47,5,5,46,42,30,Train/30/00030_00010_00019.png
4,15752,30,30,5,5,25,25,10,Train/10/00010_00024_00002.png
4,10281,42,43,5,5,37,38,5,Train/5/00005_00061_00021.png
4,15115,46,43,6,6,41,38,10,Train/10/00010_00002_00025.png
4,2404,33,35,5,5,28,30,1,Train/1/00001_00061_00004.png
4,16400,52,53,6,5,47,48,10,Train/10/00010_00045_00020.png
4,19524,72,72,7,7,66,66,12,Train/12/00012_00038_00024.png
4,1861,39,38,6,5,34,33,1,Train/1/00001_00043_00001.png
4,30890,76,71,7,6,70,65,28,Train/28/00028_00002_00020.png
4,8388,40,40,6,6,35,35,4,Train/4/00004_00064_00018.png
