client_id,source_row_index,Width,Height,Roi.X1,Roi.Y1,Roi.X2,Roi.Y2,ClassId,Path
client_0,8083,49,49,6,5,44,44,4,Train/4/00004_00054_00013.png
client_0,37193,51,52,5,5,46,47,38,Train/38/00038_00039_00024.png
client_0,6560,43,43,5,6,38,38,4,Train/4/00004_00003_00020.png
client_0,32846,104,92,10,9,95,84,31,Train/31/00031_00025_00026.png
client_0,32076,45,41,5,6,40,36,31,Train/31/00031_00000_00006.png
client_0,9142,51,51,6,6,46,46,5,Train/5/00005_00023_00022.png
client_0,11236,40,40,6,6,35,35,7,Train/7/00007_00017_00016.png
client_0,137,41,41,6,6,36,36,20,Train/20/00020_00004_00017.png
client_0,32124,64,60,6,6,59,55,31,Train/31/00031_00001_00024.png
client_0,20391,57,58,5,5,52,53,12,Train/12/00012_00067_00021.png
client_0,8935,73,74,6,7,67,68,5,Train/5/00005_00016_00025.png
client_0,10439,75,73,7,7,69,67,6,Train/6/00006_00004_00029.png
client_0,17055,42,39,6,5,37,34,11,Train/11/00011_00000_00015.png
client_0,27220,58,46,6,5,53,41,21,Train/21/00021_00008_00010.png
client_0,10429,48,48,5,6,43,43,6,Train/6/00006_00004_00019.png
client_0,11807,42,39,5,5,37,34,7,Train/7/00007_00036_00017.png
client_0,9892,52,54,5,6,47,49,5,Train/5/00005_00048_00022.png
client_0,11477,43,41,5,5,38,36,7,Train/7/00007_00025_00017.png
client_0,23085,51,51,6,6,46,46,14,Train/14/00014_00015_00015.png
client_0,33012,31,33,6,5,26,27,32,Train/32/00032_00005_00012.png
client_0,22634,69,68,7,6,63,62,14,Train/14/00014_00000_00014.png
client_0,6800,45,46,6,6,40,41,4,Train/4/00004_00011_00020.png
client_0,8355,35,35,6,6,30,30,4,Train/4/00004_00063_00015.png
client_0,7671,45,45,6,6,40,40,4,Train/4/00004_00040_00021.png
client_0,19140,30,30,5,5,25,25,12,Train/12/00012_00026_00000.png
client_0,9597,62,65,6,6,56,60,5,Train/5/00005_00038_00027.png
client_0,11526,29,29,6,5,24,24,7,Train/7/00007_00027_00006.png
client_0,24875,30,34,5,6,25,29,17,Train/17/00017_00014_00005.png
client_0,6772,52,51,5,5,47,46,4,Train/4/00004_00010_00022.png
client_0,11997,77,75,7,6,71,69,7,Train/7/00007_00042_00027.png
client_0,31505,36,33,6,6,31,28,29,Train/29/00029_00005_00005.png
client_0,26149,68,67,7,6,62,61,18,Train/18/00018_00019_00019.png
client_0,30920,60,55,5,5,55,50,28,Train/28/00028_00003_00020.png
client_0,9326,55,53,5,6,50,48,5,Train/5/00005_00029_00026.png
client_0,38881,28,26,6,5,23,21,41,Train/41/00041_00005_00002.png
client_0,28293,53,50,6,5,48,45,24,Train/24/00024_00003_00003.png
client_0,33265,72,71,6,7,65,64,33,Train/33/00033_00005_00025.png
client_0,33687,36,39,5,6,30,33,33,Train/33/00033_00019_00027.png
client_0,32604,118,107,10,10,108,98,31,Train/31/00031_00017_00024.png
client_0,10837,35,35,5,5,30,30,7,Train/7/00007_00004_00007.png
client_0,555,53,55,6,6,48,50,0,Train/0/00000_00006_00015.png
client_0,23303,75,87,7,8,69,80,14,Train/14/00014_00022_00023.png
client_0,28826,137,154,12,14,126,141,25,Train/25/00025_00011_00026.png
client_0,11687,47,48,5,6,42,43,7,Train/7/00007_00032_00017.png
client_0,11105,33,32,6,5,28,27,7,Train/7/00007_00013_00005.png
client_0,10138,108,103,10,9,99,94,5,Train/5/00005_00056_00028.png
client_0,9249,32,30,6,5,27,25,5,Train/5/00005_00027_00009.png
client_0,402,36,36,6,6,31,31,0,Train/0/00000_00001_00012.png
client_0,11174,44,46,6,5,39,41,7,Train/7/00007_00015_00014.png
client_0,1931,50,50,6,6,45,45,1,Train/1/00001_00045_00011.png
client_0,6968,32,34,5,6,26,28,4,Train/4/00004_00017_00008.png
client_0,20870,70,59,7,5,64,53,13,Train/13/00013_00013_00020.png
client_0,8825,31,31,5,5,26,26,5,Train/5/00005_00013_00005.png
client_0,9194,32,32,5,5,27,27,5,Train/5/00005_00025_00014.png
client_0,21526,68,74,6,6,62,68,13,Train/13/00013_00035_00016.png
client_0,23323,49,51,5,6,44,46,14,Train/14/00014_00023_00013.png
client_0,9524,38,36,6,5,33,31,5,Train/5/00005_00036_00014.png
client_0,8905,93,93,9,8,85,85,5,Train/5/00005_00015_00025.png
client_0,10842,40,39,6,5,35,34,7,Train/7/00007_00004_00012.png
client_0,28753,36,36,5,6,31,31,25,Train/25/00025_00009_00013.png
client_0,26545,91,92,8,9,83,84,18,Train/18/00018_00032_00025.png
client_0,35602,58,59,5,6,53,54,36,Train/36/00036_00006_00023.png
client_0,1938,61,60,6,5,56,55,1,Train/1/00001_00045_00018.png
client_0,7358,33,34,5,5,28,29,4,Train/4/00004_00030_00008.png
client_0,11555,31,32,6,5,26,27,7,Train/7/00007_00028_00005.png
client_0,237,88,84,8,7,81,77,20,Train/20/00020_00007_00027.png
client_0,20164,43,42,6,5,38,37,12,Train/12/00012_00060_00004.png
client_0,10988,31,34,5,6,26,29,7,Train/7/00007_00009_00008.png
client_0,11037,53,52,5,5,48,47,7,Train/7/00007_00010_00027.png
client_0,32245,58,56,5,6,53,51,31,Train/31/00031_00005_00025.png
client_0,16190,41,42,5,5,36,37,10,Train/10/00010_00038_00020.png
client_0,6929,46,47,5,6,41,41,4,Train/4/00004_00015_00029.png
client_0,12,38,34,5,6,32,29,20,Train/20/00020_00000_00012.png
client_0,18816,38,40,6,6,33,35,12,Train/12/00012_00015_00006.png
client_0,10762,38,39,6,6,33,34,7,Train/7/00007_00001_00022.png
client_0,5835,37,37,6,6,31,31,3,Train/3/00003_00026_00015.png
client_0,36887,48,47,6,5,43,42,38,Train/38/00038_00029_00018.png
client_0,3602,28,27,6,5,23,22,2,Train/2/00002_00027_00002.png
client_0,10980,27,28,6,6,22,23,7,Train/7/00007_00009_00000.png
client_0,35516,76,85,6,8,70,78,36,Train/36/00036_00003_00027.png
client_0,23712,34,34,6,6,29,29,15,Train/15/00015_00010_00012.png
client_0,7637,48,49,5,6,43,44,4,Train/4/00004_00039_00017.png
client_0,9533,50,50,5,6,45,45,5,Train/5/00005_00036_00023.png
client_0,32591,70,64,6,6,64,58,31,Train/31/00031_00017_00011.png
client_0,36509,31,32,5,6,26,27,38,Train/38/00038_00017_00000.png
client_0,7867,43,43,6,6,37,37,4,Train/4/00004_00047_00007.png
client_0,9649,41,42,6,6,36,37,5,Train/5/00005_00040_00019.png
client_0,32629,61,58,5,6,56,53,31,Train/31/00031_00018_00019.png
client_0,20673,40,36,6,5,34,31,13,Train/13/00013_00007_00003.png
client_0,274,38,38,6,6,33,33,20,Train/20/00020_00009_00004.png
client_0,33686,37,37,6,5,31,32,33,Train/33/00033_00019_00026.png
client_0,32966,60,64,6,5,54,59,32,Train/32/00032_00003_00026.png
client_0,33535,43,45,5,5,37,39,33,Train/33/00033_00014_00025.png
client_0,9380,41,42,6,5,36,36,5,Train/5/00005_00031_00020.png
client_0,8804,40,41,5,5,35,35,5,Train/5/00005_00012_00014.png
client_0,37220,68,82,7,8,62,75,38,Train/38/00038_00040_00021.png
client_0,35767,55,55,5,5,50,50,36,Train/36/00036_00012_00008.png
client_0,10359,34,36,6,6,29,31,6,Train/6/00006_00002_00009.png
client_0,10751,30,31,5,6,25,26,7,Train/7/00007_00001_00011.png
client_0,35478,59,58,6,5,54,53,36,Train/36/00036_00002_00019.png
client_0,23371,29,29,6,5,23,23,14,Train/14/00014_00025_00001.png
client_0,7047,108,108,9,10,99,99,4,Train/4/00004_00019_00027.png
client_0,8236,44,45,5,6,39,40,4,Train/4/00004_00059_00016.png
client_0,32559,38,37,5,5,33,32,31,Train/31/00031_00016_00009.png
client_0,34691,49,48,6,5,44,43,35,Train/35/00035_00016_00012.png
client_0,6009,53,55,6,6,48,50,3,Train/3/00003_00032_00009.png
client_0,32473,38,38,6,5,32,33,31,Train/31/00031_00013_00013.png
client_0,8827,31,32,5,5,26,26,5,Train/5/00005_00013_00007.png
client_0,11860,36,37,5,6,31,32,7,Train/7/00007_00038_00010.png
client_0,7378,118,111,10,10,108,102,4,Train/4/00004_00030_00028.png
client_0,21790,47,42,5,6,42,37,13,Train/13/00013_00044_00010.png
client_0,27212,48,46,6,5,43,41,21,Train/21/00021_00008_00002.png
client_0,9241,27,26,5,6,22,21,5,Train/5/00005_00027_00001.png
client_0,8904,81,83,7,7,74,76,5,Train/5/00005_00015_00024.png
client_0,28389,40,36,6,6,35,31,24,Train/24/00024_00006_00009.png
client_0,32369,125,108,11,9,115,99,31,Train/31/00031_00009_00029.png
client_0,34752,39,38,6,5,33,32,35,Train/35/00035_00018_00013.png
client_0,12137,34,35,5,5,29,30,7,Train/7/00007_00047_00017.png
client_0,8036,56,57,5,6,50,51,4,Train/4/00004_00052_00026.png
client_0,25823,89,80,7,8,81,73,18,Train/18/00018_00008_00023.png
client_0,6328,58,56,6,5,53,51,3,Train/3/00003_00042_00028.png
client_0,25439,46,49,5,6,41,44,17,Train/17/00017_00032_00029.png
client_0,26502,43,40,6,6,38,34,18,Train/18/00018_00031_00012.png
client_0,30786,36,32,6,5,31,27,27,Train/27/00027_00007_00006.png
client_0,11466,31,31,5,5,26,26,7,Train/7/00007_00025_00006.png
client_0,908,33,35,5,5,28,30,1,Train/1/00001_00011_00008.png
client_0,21610,44,42,6,6,39,37,13,Train/13/00013_00038_00010.png
client_0,23950,97,116,8,10,89,106,15,Train/15/00015_00018_00010.png
client_0,36551,31,30,6,5,26,25,38,Train/38/00038_00018_00012.png
client_0,23488,109,123,9,10,100,113,15,Train/15/00015_00002_00028.png
client_0,20906,130,121,11,11,119,111,13,Train/13/00013_00014_00026.png
client_0,38895,37,37,6,5,31,31,41,Train/41/00041_00005_00016.png
client_0,19059,37,37,5,5,32,32,12,Train/12/00012_00023_00009.png
client_0,10549,36,40,5,5,31,35,6,Train/6/00006_00008_00019.png
client_0,1915,73,72,7,6,67,66,1,Train/1/00001_00044_00025.png
client_0,25214,43,43,6,5,37,37,17,Train/17/00017_00025_00014.png
client_0,7591,30,30,5,5,25,25,4,Train/4/00004_00038_00001.png
client_0,11618,30,30,6,6,25,25,7,Train/7/00007_00030_00008.png
client_0,11248,64,69,5,7,59,63,7,Train/7/00007_00017_00028.png
client_0,11511,46,47,6,5,40,41,7,Train/7/00007_00026_00021.png
client_0,10125,40,41,5,6,35,36,5,Train/5/00005_00056_00015.png
client_0,5369,148,155,13,13,136,142,3,Train/3/00003_00010_00029.png
client_0,35039,25,27,5,6,20,21,35,Train/35/00035_00028_00000.png
client_0,22507,63,53,6,5,58,48,13,Train/13/00013_00068_00007.png
client_0,8888,35,35,5,5,30,30,5,Train/5/00005_00015_00008.png
client_0,32685,42,40,5,6,37,35,31,Train/31/00031_00020_00015.png
client_0,34894,32,32,6,5,27,27,35,Train/35/00035_00023_00005.png
client_0,322,58,52,5,5,53,47,20,Train/20/00020_00010_00022.png
client_0,7754,38,39,5,6,33,34,4,Train/4/00004_00043_00014.png
client_0,11461,29,29,6,6,24,24,7,Train/7/00007_00025_00001.png
client_0,31229,172,161,14,13,158,147,28,Train/28/00028_00013_00029.png
client_0,21498,42,39,5,5,36,34,13,Train/13/00013_00034_00018.png
client_0,33199,50,53,6,6,45,48,33,Train/33/00033_00003_00019.png
client_0,22842,48,48,5,6,43,43,14,Train/14/00014_00007_00012.png
client_0,25718,87,82,7,8,80,75,18,Train/18/00018_00005_00008.png
client_0,11317,32,32,6,5,27,27,7,Train/7/00007_00020_00007.png
client_0,6777,85,84,7,7,78,77,4,Train/4/00004_00010_00027.png
client_0,2083,45,43,5,5,39,38,1,Train/1/00001_00050_00013.png
client_0,34411,26,28,5,5,21,22,35,Train/35/00035_00007_00002.png
client_0,6725,32,33,5,6,27,28,4,Train/4/00004_00009_00005.png
client_0,11232,36,37,5,6,31,32,7,Train/7/00007_00017_00012.png
client_0,9413,45,45,6,5,40,40,5,Train/5/00005_00032_00023.png
client_0,28247,65,69,6,7,60,63,24,Train/24/00024_00001_00017.png
client_0,37658,53,53,6,5,48,48,38,Train/38/00038_00055_00009.png
client_0,23203,66,73,6,7,60,67,14,Train/14/00014_00019_00013.png
client_0,9230,43,37,6,5,38,32,5,Train/5/00005_00026_00020.png
client_0,37103,91,93,8,8,83,85,38,Train/38/00038_00036_00024.png
client_0,7156,35,36,5,6,30,31,4,Train/4/00004_00023_00016.png
client_0,32402,34,33,6,6,28,28,31,Train/31/00031_00011_00002.png
client_0,9027,70,67,7,6,64,61,5,Train/5/00005_00019_00027.png
client_0,21415,52,46,5,5,47,41,13,Train/13/00013_00031_00025.png
client_0,19775,41,43,6,5,36,38,12,Train/12/00012_00047_00005.png
client_0,236,74,71,7,7,68,65,20,Train/20/00020_00007_00026.png
client_0,37583,72,116,6,11,66,106,38,Train/38/00038_00052_00024.png
client_0,12046,33,34,6,6,28,29,7,Train/7/00007_00044_00016.png
client_0,34456,61,59,5,5,56,54,35,Train/35/00035_00008_00017.png
client_0,7387,29,30,5,6,24,25,4,Train/4/00004_00031_00007.png
client_0,38551,38,37,6,5,33,32,40,Train/40/00040_00006_00002.png
client_0,32452,68,60,6,5,62,55,31,Train/31/00031_00012_00022.png
client_0,30753,41,37,5,5,36,32,27,Train/27/00027_00006_00003.png
client_0,7144,30,30,5,5,24,24,4,Train/4/00004_00023_00004.png
client_0,38092,137,140,12,12,126,127,39,Train/39/00039_00000_00023.png
client_0,10738,112,104,10,9,103,95,7,Train/7/00007_00000_00028.png
client_0,6699,31,34,5,6,26,29,4,Train/4/00004_00008_00009.png
client_0,8467,29,29,6,5,24,24,5,Train/5/00005_00001_00007.png
client_0,36714,75,75,7,7,69,69,38,Train/38/00038_00023_00025.png
client_0,22082,65,61,6,6,60,56,13,Train/13/00013_00054_00002.png
client_0,26628,50,45,5,5,45,40,18,Train/18/00018_00035_00018.png
client_0,8568,40,43,5,6,35,38,5,Train/5/00005_00004_00018.png
client_0,23316,40,43,5,6,35,38,14,Train/14/00014_00023_00006.png
client_0,22767,147,147,13,13,135,135,14,Train/14/00014_00004_00027.png
client_0,8768,39,40,6,6,34,35,5,Train/5/00005_00011_00008.png
client_0,10728,44,43,6,5,39,38,7,Train/7/00007_00000_00018.png
client_0,6566,64,63,6,5,59,58,4,Train/4/00004_00003_00026.png
client_0,12040,29,29,5,5,24,24,7,Train/7/00007_00044_00010.png
client_0,11464,30,30,5,5,25,25,7,Train/7/00007_00025_00004.png
client_0,31446,46,41,5,6,41,36,29,Train/29/00029_00003_00006.png
client_0,26027,60,59,6,5,55,54,18,Train/18/00018_00015_00017.png
client_0,6736,40,39,5,5,34,34,4,Train/4/00004_00009_00016.png
client_0,7379,131,123,11,11,120,113,4,Train/4/00004_00030_00029.png
client_0,36262,37,37,5,5,32,32,38,Train/38/00038_00008_00023.png
client_0,8214,51,50,6,5,46,45,4,Train/4/00004_00058_00024.png
client_0,11938,44,45,5,6,39,40,7,Train/7/00007_00040_00028.png
client_0,23116,64,63,5,5,59,58,14,Train/14/00014_00016_00016.png
client_0,21975,42,46,6,6,37,41,13,Train/13/00013_00050_00015.png
client_0,18001,35,37,5,6,30,32,11,Train/11/00011_00032_00001.png
client_0,6700,32,34,5,5,26,28,4,Train/4/00004_00008_00010.png
client_0,23897,38,39,5,5,33,34,15,Train/15/00015_00016_00017.png
client_0,21555,42,42,5,5,37,37,13,Train/13/00013_00036_00015.png
client_0,29992,73,64,7,5,67,59,26,Train/26/00026_00000_00022.png
client_0,23031,97,96,9,9,89,88,14,Train/14/00014_00013_00021.png
client_0,38298,75,80,6,7,69,73,39,Train/39/00039_00007_00019.png
client_0,5559,43,43,6,6,38,38,3,Train/3/00003_00017_00009.png
client_0,8412,32,31,6,5,27,26,4,Train/4/00004_00065_00012.png
client_0,11861,38,38,6,6,33,33,7,Train/7/00007_00038_00011.png
client_0,6690,27,26,6,5,22,21,4,Train/4/00004_00008_00000.png
client_0,6944,37,39,6,5,32,34,4,Train/4/00004_00016_00014.png
client_0,10449,29,31,5,5,23,26,6,Train/6/00006_00005_00009.png
client_0,23728,101,96,9,8,93,88,15,Train/15/00015_00010_00028.png
client_0,28180,45,45,5,6,40,40,23,Train/23/00023_00016_00010.png
client_0,8169,32,33,6,6,27,28,4,Train/4/00004_00057_00009.png
client_0,9299,69,63,7,6,63,58,5,Train/5/00005_00028_00029.png
client_0,30008,47,44,6,5,41,38,26,Train/26/00026_00001_00008.png
client_0,10196,69,74,6,6,63,67,5,Train/5/00005_00058_00026.png
client_0,10890,36,36,6,6,31,31,7,Train/7/00007_00006_00000.png
client_0,11451,46,45,6,5,41,40,7,Train/7/00007_00024_00021.png
client_0,2189,94,122,8,11,91,112,1,Train/1/00001_00053_00029.png
client_0,6656,94,95,9,8,85,86,4,Train/4/00004_00006_00026.png
client_0,2074,39,37,6,5,34,31,1,Train/1/00001_00050_00004.png
client_0,23239,85,94,7,8,78,85,14,Train/14/00014_00020_00019.png
client_0,592,85,86,7,7,78,78,1,Train/1/00001_00000_00022.png
client_0,8404,27,29,5,6,21,23,4,Train/4/00004_00065_00004.png
client_0,11803,38,37,6,6,33,32,7,Train/7/00007_00036_00013.png
client_0,34828,81,81,8,8,74,74,35,Train/35/00035_00020_00029.png
client_0,25614,82,72,8,6,74,65,18,Train/18/00018_00001_00024.png
client_0,19362,43,48,6,6,38,43,12,Train/12/00012_00033_00012.png
client_0,31458,67,61,6,5,61,55,29,Train/29/00029_00003_00018.png
client_0,37027,32,32,6,6,27,27,38,Train/38/00038_00034_00008.png
client_0,32789,107,98,10,8,98,90,31,Train/31/00031_00023_00029.png
client_0,23163,41,42,5,5,36,37,14,Train/14/00014_00018_00003.png
client_0,10174,29,29,6,6,23,23,5,Train/5/00005_00058_00004.png
client_0,32415,43,43,6,5,38,38,31,Train/31/00031_00011_00015.png
client_0,8707,35,34,6,5,30,29,5,Train/5/00005_00009_00007.png
client_0,12783,29,28,5,6,23,23,8,Train/8/00008_00021_00003.png
client_0,7629,34,34,6,6,29,29,4,Train/4/00004_00039_00009.png
client_0,35183,52,54,5,6,47,49,35,Train/35/00035_00032_00024.png
client_0,7309,42,42,5,5,37,37,4,Train/4/00004_00028_00019.png
client_0,9694,32,33,6,5,27,28,5,Train/5/00005_00042_00004.png
client_0,15850,34,35,6,5,29,30,10,Train/10/00010_00027_00010.png
client_0,9962,31,32,6,6,26,26,5,Train/5/00005_00051_00002.png
client_0,20845,87,79,7,7,80,72,13,Train/13/00013_00012_00025.png
client_0,7243,46,45,6,5,41,40,4,Train/4/00004_00026_00013.png
client_0,8991,38,38,6,6,33,33,5,Train/5/00005_00018_00021.png
client_0,25177,32,34,5,6,27,29,17,Train/17/00017_00024_00007.png
client_0,23222,42,45,5,5,36,40,14,Train/14/00014_00020_00002.png
client_0,8420,42,42,5,5,37,37,4,Train/4/00004_00065_00020.png
client_0,28492,74,72,6,6,68,66,25,Train/25/00025_00000_00022.png
client_0,22732,93,94,8,8,85,85,14,Train/14/00014_00003_00022.png
client_0,7585,54,55,5,5,49,50,4,Train/4/00004_00037_00025.png
client_0,2837,43,43,6,6,37,37,2,Train/2/00002_00001_00017.png
client_0,6651,57,58,6,5,52,53,4,Train/4/00004_00006_00021.png
client_0,8374,28,29,5,6,23,23,4,Train/4/00004_00064_00004.png
client_0,23764,38,42,6,5,33,37,15,Train/15/00015_00012_00004.png
client_0,9938,34,34,5,5,29,29,5,Train/5/00005_00050_00008.png
client_0,22799,85,86,7,8,78,79,14,Train/14/00014_00005_00029.png
client_0,22718,49,51,5,6,44,46,14,Train/14/00014_00003_00008.png
client_0,8577,71,76,6,6,65,69,5,Train/5/00005_00004_00027.png
client_0,34266,35,35,6,5,30,30,35,Train/35/00035_00002_00007.png
client_0,23825,30,35,6,5,25,29,15,Train/15/00015_00014_00005.png
client_0,35324,43,49,5,5,38,44,35,Train/35/00035_00037_00015.png
client_0,34837,32,33,6,6,27,28,35,Train/35/00035_00021_00008.png
client_0,1389,34,35,5,5,29,29,1,Train/1/00001_00027_00009.png
client_0,32563,44,41,6,5,39,36,31,Train/31/00031_00016_00013.png
client_0,37449,34,32,5,5,28,27,38,Train/38/00038_00048_00010.png
client_0,35224,33,36,6,6,28,31,35,Train/35/00035_00034_00005.png
client_0,10924,37,36,6,5,32,31,7,Train/7/00007_00007_00004.png
client_0,11195,36,36,6,5,31,31,7,Train/7/00007_00016_00005.png
client_0,692,43,42,6,5,38,37,1,Train/1/00001_00004_00002.png
client_0,33443,72,71,7,6,66,65,33,Train/33/00033_00011_00023.png
client_0,9109,48,48,5,5,43,43,5,Train/5/00005_00022_00019.png
client_0,75,47,46,5,6,42,41,20,Train/20/00020_00002_00015.png
client_0,10712,28,28,6,6,22,22,7,Train/7/00007_00000_00002.png
client_0,9784,29,29,5,6,23,23,5,Train/5/00005_00045_00004.png
client_0,9803,53,51,5,5,47,46,5,Train/5/00005_00045_00023.png
client_0,26976,40,39,6,6,35,34,21,Train/21/00021_00000_00006.png
client_0,9899,81,80,8,8,74,73,5,Train/5/00005_00048_00029.png
client_0,27896,70,63,7,6,64,58,23,Train/23/00023_00006_00026.png
client_0,28335,48,45,5,5,42,39,24,Train/24/00024_00004_00015.png
client_0,30058,50,44,6,6,45,39,26,Train/26/00026_00002_00028.png
client_0,11710,35,36,6,6,29,30,7,Train/7/00007_00033_00010.png
client_0,34332,36,36,6,5,31,31,35,Train/35/00035_00004_00013.png
client_0,36716,96,98,8,8,88,90,38,Train/38/00038_00023_00027.png
client_0,24918,40,41,6,5,35,36,17,Train/17/00017_00015_00018.png
client_0,34500,40,40,6,6,34,35,35,Train/35/00035_00010_00001.png
client_0,0,27,26,5,5,22,20,20,Train/20/00020_00000_00000.png
client_0,6662,30,29,6,5,25,24,4,Train/4/00004_00007_00002.png
client_0,2031,54,54,6,6,49,49,1,Train/1/00001_00048_00021.png
client_0,135,37,37,6,6,32,32,20,Train/20/00020_00004_00015.png
client_0,7918,99,104,9,9,91,95,4,Train/4/00004_00048_00028.png
client_0,9208,48,48,5,5,43,43,5,Train/5/00005_00025_00028.png
client_0,25158,38,39,5,5,33,34,17,Train/17/00017_00023_00018.png
client_0,7920,27,28,5,6,22,23,4,Train/4/00004_00049_00000.png
client_0,2305,57,57,6,6,52,52,1,Train/1/00001_00057_00025.png
client_0,6908,33,33,6,6,28,28,4,Train/4/00004_00015_00008.png
client_0,5774,33,28,5,5,28,23,3,Train/3/00003_00024_00014.png
client_0,12146,44,48,5,6,39,43,7,Train/7/00007_00047_00026.png
client_0,11520,26,27,5,5,21,22,7,Train/7/00007_00027_00000.png
client_0,8694,70,70,7,7,64,64,5,Train/5/00005_00008_00024.png
client_0,10452,32,35,6,6,26,29,6,Train/6/00006_00005_00012.png
client_0,32430,31,31,5,6,26,26,31,Train/31/00031_00012_00000.png
client_0,10194,56,59,5,6,51,54,5,Train/5/00005_00058_00024.png
client_0,23352,35,35,5,5,29,29,14,Train/14/00014_00024_00012.png
client_0,22915,84,83,8,7,77,76,14,Train/14/00014_00009_00025.png
client_0,22831,34,33,6,5,29,28,14,Train/14/00014_00007_00001.png
client_0,23979,30,29,6,5,25,24,15,Train/15/00015_00019_00009.png
client_0,6554,35,36,5,6,30,31,4,Train/4/00004_00003_00014.png
client_0,30682,54,54,6,6,49,48,27,Train/27/00027_00003_00022.png
client_0,10100,41,42,5,5,36,37,5,Train/5/00005_00055_00020.png
client_0,7851,54,53,5,5,48,47,4,Train/4/00004_00046_00021.png
client_0,33600,30,36,6,6,25,31,33,Train/33/00033_00017_00000.png
client_0,30324,107,97,10,9,98,89,26,Train/26/00026_00011_00024.png
client_0,31606,61,57,5,6,56,52,29,Train/29/00029_00008_00016.png
client_0,30729,34,33,6,6,29,27,27,Train/27/00027_00005_00009.png
client_0,7175,35,35,5,5,30,30,4,Train/4/00004_00024_00005.png
client_0,26347,41,37,5,6,36,32,18,Train/18/00018_00026_00007.png
client_0,6653,64,68,5,6,59,62,4,Train/4/00004_00006_00023.png
client_0,26466,32,31,5,6,27,26,18,Train/18/00018_00030_00006.png
client_0,1817,55,56,5,6,50,51,1,Train/1/00001_00041_00017.png
client_0,10910,57,57,5,5,52,52,7,Train/7/00007_00006_00020.png
client_0,10307,46,47,6,6,41,42,6,Train/6/00006_00000_00017.png
client_0,19405,110,111,9,10,101,102,12,Train/12/00012_00034_00025.png
client_0,25090,33,32,5,5,28,27,17,Train/17/00017_00021_00010.png
client_0,9330,28,29,5,6,23,24,5,Train/5/00005_00030_00000.png
client_0,18814,36,37,6,5,31,32,12,Train/12/00012_00015_00004.png
client_0,11820,26,27,5,6,21,22,7,Train/7/00007_00037_00000.png
client_0,9308,31,32,5,5,26,27,5,Train/5/00005_00029_00008.png
client_0,25762,76,71,6,7,70,65,18,Train/18/00018_00006_00022.png
client_0,27240,32,33,5,6,27,28,21,Train/21/00021_00009_00000.png
client_0,7178,39,38,6,5,34,33,4,Train/4/00004_00024_00008.png
client_0,20048,41,41,5,5,36,36,12,Train/12/00012_00056_00008.png
client_0,22856,128,123,11,11,117,113,14,Train/14/00014_00007_00026.png
client_0,19201,28,28,6,6,23,23,12,Train/12/00012_00028_00001.png
client_0,9119,86,87,7,8,79,80,5,Train/5/00005_00022_00029.png
client_0,6065,31,31,6,6,26,26,3,Train/3/00003_00034_00005.png
client_0,32610,34,32,5,5,29,27,31,Train/31/00031_00018_00000.png
client_0,7159,38,39,6,6,33,33,4,Train/4/00004_00023_00019.png
client_0,533,59,58,6,6,54,53,0,Train/0/00000_00005_00023.png
client_0,12026,56,56,6,5,51,51,7,Train/7/00007_00043_00026.png
client_0,11213,73,72,7,6,67,66,7,Train/7/00007_00016_00023.png
client_0,36497,52,61,5,5,47,56,38,Train/38/00038_00016_00018.png
client_0,37759,54,55,6,6,49,50,38,Train/38/00038_00058_00020.png
client_0,7941,44,45,5,6,38,40,4,Train/4/00004_00049_00021.png
client_0,5981,32,33,6,6,26,28,3,Train/3/00003_00031_00011.png
client_0,8188,101,100,9,8,93,92,4,Train/4/00004_00057_00028.png
client_0,8941,32,32,6,6,27,27,5,Train/5/00005_00017_00001.png
client_0,24603,29,30,5,6,24,25,17,Train/17/00017_00005_00003.png
client_0,8549,52,54,5,6,47,49,5,Train/5/00005_00003_00029.png
client_0,38392,55,56,5,6,50,51,40,Train/40/00040_00000_00023.png
client_0,33459,38,38,5,6,32,32,33,Train/33/00033_00012_00009.png
client_0,35359,39,42,5,6,34,37,35,Train/35/00035_00038_00020.png
client_0,34515,55,54,5,5,50,49,35,Train/35/00035_00010_00016.png
client_0,5339,82,86,7,7,75,79,3,Train/3/00003_00009_00029.png
client_0,36037,34,42,5,5,29,37,38,Train/38/00038_00001_00008.png
client_0,30640,42,38,5,5,36,32,27,Train/27/00027_00002_00010.png
client_0,37329,43,44,5,5,38,39,38,Train/38/00038_00044_00010.png
client_0,7420,33,35,5,6,28,30,4,Train/4/00004_00032_00010.png
client_0,1953,42,41,6,5,37,36,1,Train/1/00001_00046_00003.png
client_0,28254,73,73,6,7,67,67,24,Train/24/00024_00001_00024.png
client_0,8415,35,36,6,6,30,31,4,Train/4/00004_00065_00015.png
client_0,20515,86,84,7,8,79,77,13,Train/13/00013_00001_00025.png
client_0,1434,64,80,5,8,59,73,1,Train/1/00001_00028_00024.png
client_0,24824,28,26,6,5,23,21,17,Train/17/00017_00012_00014.png
client_0,9911,35,37,5,6,30,32,5,Train/5/00005_00049_00011.png
client_0,33217,33,33,5,5,28,28,33,Train/33/00033_00004_00007.png
client_0,401,35,36,5,6,30,31,0,Train/0/00000_00001_00011.png
client_0,30745,67,60,6,6,61,55,27,Train/27/00027_00005_00025.png
client_0,33556,35,42,5,5,30,36,33,Train/33/00033_00015_00016.png
client_0,9602,26,29,5,6,21,24,5,Train/5/00005_00039_00002.png
client_0,25392,34,38,5,5,29,33,17,Train/17/00017_00031_00012.png
client_0,36631,29,29,5,5,23,23,38,Train/38/00038_00021_00002.png
client_0,34760,43,45,6,6,38,40,35,Train/35/00035_00018_00021.png
client_0,32908,59,57,6,6,54,52,32,Train/32/00032_00001_00028.png
client_0,28395,51,46,5,5,46,41,24,Train/24/00024_00006_00015.png
client_0,12057,53,54,6,5,48,49,7,Train/7/00007_00044_00027.png
client_0,28452,43,47,5,5,38,42,24,Train/24/00024_00008_00012.png
client_0,25917,106,98,9,9,97,90,18,Train/18/00018_00011_00027.png
client_0,12116,41,42,5,5,36,37,7,Train/7/00007_00046_00026.png
client_0,7307,41,41,5,5,36,36,4,Train/4/00004_00028_00017.png
client_0,299,61,60,6,5,56,55,20,Train/20/00020_00009_00029.png
client_0,26444,46,44,5,5,41,39,18,Train/18/00018_00029_00014.png
client_0,1428,45,53,6,6,40,48,1,Train/1/00001_00028_00018.png
client_0,32097,125,116,11,10,115,106,31,Train/31/00031_00000_00027.png
client_0,481,56,60,5,5,50,54,0,Train/0/00000_00004_00001.png
client_0,11551,29,31,5,5,24,26,7,Train/7/00007_00028_00001.png
client_0,6837,91,88,8,8,83,81,4,Train/4/00004_00012_00027.png
client_0,10401,48,50,6,6,43,45,6,Train/6/00006_00003_00021.png
client_0,32783,61,60,5,6,56,55,31,Train/31/00031_00023_00023.png
client_0,35134,27,29,5,6,22,24,35,Train/35/00035_00031_00005.png
client_0,31865,34,30,6,5,29,25,30,Train/30/00030_00008_00005.png
client_0,35103,28,29,5,6,23,24,35,Train/35/00035_00030_00004.png
client_0,5744,39,40,6,6,34,35,3,Train/3/00003_00023_00014.png
client_0,25428,34,39,5,6,29,34,17,Train/17/00017_00032_00018.png
client_0,11958,43,44,5,5,38,39,7,Train/7/00007_00041_00018.png
client_0,38862,35,35,5,6,29,30,41,Train/41/00041_00004_00013.png
client_0,13446,30,29,6,6,25,24,8,Train/8/00008_00043_00006.png
client_0,11217,113,113,10,10,104,104,7,Train/7/00007_00016_00027.png
client_0,23557,29,29,5,5,24,24,15,Train/15/00015_00005_00007.png
client_0,9896,61,61,5,5,56,56,5,Train/5/00005_00048_00026.png
client_0,38346,30,32,5,6,24,26,39,Train/39/00039_00009_00007.png
client_0,8107,37,34,5,6,32,29,4,Train/4/00004_00055_00007.png
client_0,10078,50,48,6,5,45,43,5,Train/5/00005_00054_00028.png
client_0,23228,48,50,6,5,43,45,14,Train/14/00014_00020_00008.png
client_0,29445,36,35,6,6,31,30,25,Train/25/00025_00032_00015.png
client_0,32915,32,31,6,5,27,26,32,Train/32/00032_00002_00005.png
client_0,35277,75,73,7,7,69,67,35,Train/35/00035_00035_00028.png
client_0,8088,59,61,6,6,54,56,4,Train/4/00004_00054_00018.png
client_0,5217,55,55,6,6,50,49,3,Train/3/00003_00005_00027.png
client_0,32745,37,37,6,6,32,32,31,Train/31/00031_00022_00015.png
client_0,19518,50,49,6,5,45,44,12,Train/12/00012_00038_00018.png
client_0,32518,141,118,13,10,129,108,31,Train/31/00031_00014_00028.png
client_0,7195,64,65,5,6,59,60,4,Train/4/00004_00024_00025.png
client_0,10641,48,49,5,6,43,44,6,Train/6/00006_00011_00021.png
client_0,9638,29,29,5,5,24,24,5,Train/5/00005_00040_00008.png
client_0,32754,55,54,6,5,50,49,31,Train/31/00031_00022_00024.png
client_0,10599,34,34,6,5,29,29,6,Train/6/00006_00010_00009.png
client_0,10966,41,42,6,6,36,37,7,Train/7/00007_00008_00016.png
client_0,471,53,54,5,5,48,49,0,Train/0/00000_00003_00021.png
client_0,10808,37,38,5,6,32,33,7,Train/7/00007_00003_00008.png
client_0,37879,43,44,5,6,38,39,38,Train/38/00038_00062_00020.png
client_0,7566,34,33,6,5,29,28,4,Train/4/00004_00037_00006.png
client_0,278,39,39,5,5,34,34,20,Train/20/00020_00009_00008.png
client_0,10324,32,33,5,5,27,28,6,Train/6/00006_00001_00004.png
client_0,28360,31,30,6,6,25,24,24,Train/24/00024_00005_00010.png
client_0,204,62,55,5,6,57,50,20,Train/20/00020_00006_00024.png
client_0,8328,43,43,5,5,38,38,4,Train/4/00004_00062_00018.png
client_0,37585,75,119,7,11,69,109,38,Train/38/00038_00052_00026.png
client_0,35915,29,28,6,5,24,23,37,Train/37/00037_00004_00006.png
client_0,6791,34,35,5,5,29,30,4,Train/4/00004_00011_00011.png
client_0,35235,37,40,5,6,32,35,35,Train/35/00035_00034_00016.png
client_0,9367,29,29,5,5,23,24,5,Train/5/00005_00031_00007.png
client_0,19083,45,44,6,5,40,39,12,Train/12/00012_00024_00003.png
client_0,11677,34,35,5,5,29,29,7,Train/7/00007_00032_00007.png
client_0,33364,75,77,6,7,69,71,33,Train/33/00033_00009_00004.png
client_0,11419,40,40,6,6,35,35,7,Train/7/00007_00023_00019.png
client_0,28862,28,28,5,5,23,23,25,Train/25/00025_00013_00002.png
client_0,10255,39,44,5,5,34,39,5,Train/5/00005_00060_00025.png
client_0,5907,50,53,5,5,45,48,3,Train/3/00003_00028_00027.png
client_0,11196,35,37,5,6,30,32,7,Train/7/00007_00016_00006.png
client_0,11018,38,35,6,5,32,30,7,Train/7/00007_00010_00008.png
client_0,7633,42,42,6,6,37,37,4,Train/4/00004_00039_00013.png
client_0,32317,40,38,6,5,35,33,31,Train/31/00031_00008_00007.png
client_0,37777,40,41,5,6,35,36,38,Train/38/00038_00059_00008.png
client_0,32481,52,51,6,5,47,46,31,Train/31/00031_00013_00021.png
client_0,32790,31,28,6,5,26,23,31,Train/31/00031_00024_00000.png
client_0,36635,32,32,5,5,26,26,38,Train/38/00038_00021_00006.png
client_0,26165,69,62,6,6,63,57,18,Train/18/00018_00020_00005.png
client_0,7875,52,51,5,5,47,46,4,Train/4/00004_00047_00015.png
client_0,11408,31,32,5,6,26,27,7,Train/7/00007_00023_00008.png
client_0,20,56,51,6,6,51,46,20,Train/20/00020_00000_00020.png
client_0,9858,44,46,5,6,39,41,5,Train/5/00005_00047_00018.png
client_0,22698,48,48,6,6,43,43,14,Train/14/00014_00002_00018.png
client_0,11193,34,33,6,5,29,28,7,Train/7/00007_00016_00003.png
client_0,32822,38,35,6,6,33,30,31,Train/31/00031_00025_00002.png
client_0,38734,30,31,5,5,25,26,41,Train/41/00041_00000_00005.png
client_0,10593,28,29,5,5,23,24,6,Train/6/00006_00010_00003.png
client_0,5492,30,31,6,6,24,25,3,Train/3/00003_00015_00002.png
client_0,8461,27,28,6,6,22,23,5,Train/5/00005_00001_00001.png
client_0,9719,93,99,8,9,85,91,5,Train/5/00005_00042_00029.png
client_0,38762,27,29,5,6,22,24,41,Train/41/00041_00001_00003.png
client_0,6287,82,82,7,7,74,75,3,Train/3/00003_00041_00017.png
client_0,16676,60,60,6,6,55,55,10,Train/10/00010_00054_00026.png
client_0,18471,58,57,6,5,53,52,12,Train/12/00012_00003_00021.png
client_0,10740,27,26,6,5,21,21,7,Train/7/00007_00001_00000.png
client_0,32223,34,33,6,6,29,28,31,Train/31/00031_00005_00003.png
client_0,11273,49,48,6,5,44,43,7,Train/7/00007_00018_00023.png
client_0,16542,36,36,6,6,31,31,10,Train/10/00010_00050_00012.png
client_0,36859,30,33,5,6,25,28,38,Train/38/00038_00028_00020.png
client_0,5364,68,71,6,7,62,65,3,Train/3/00003_00010_00024.png
client_0,44,44,39,5,5,39,34,20,Train/20/00020_00001_00014.png
client_0,22398,35,35,6,6,30,30,13,Train/13/00013_00064_00018.png
client_0,688,134,141,11,13,122,128,1,Train/1/00001_00003_00028.png
client_0,30756,44,39,6,5,39,34,27,Train/27/00027_00006_00006.png
client_0,9271,32,29,6,5,27,24,5,Train/5/00005_00028_00001.png
client_0,29467,39,38,5,5,33,32,25,Train/25/00025_00033_00007.png
client_0,8601,40,43,6,6,35,38,5,Train/5/00005_00005_00021.png
client_0,9846,32,33,6,6,27,27,5,Train/5/00005_00047_00006.png
client_0,9252,34,34,6,6,29,28,5,Train/5/00005_00027_00012.png
client_0,22667,62,63,5,5,57,58,14,Train/14/00014_00001_00017.png
client_0,11991,54,54,5,5,49,49,7,Train/7/00007_00042_00021.png
client_0,2627,41,43,5,6,36,38,1,Train/1/00001_00068_00017.png
client_0,37253,58,58,6,6,53,53,38,Train/38/00038_00041_00024.png
client_0,10115,28,30,5,5,23,25,5,Train/5/00005_00056_00005.png
client_0,275,39,38,6,5,34,33,20,Train/20/00020_00009_00005.png
client_0,9261,52,48,6,5,47,43,5,Train/5/00005_00027_00021.png
client_0,11826,30,30,6,5,25,25,7,Train/7/00007_00037_00006.png
client_0,1619,130,135,11,11,119,124,1,Train/1/00001_00034_00029.png
client_0,6429,33,31,6,5,27,26,3,Train/3/00003_00046_00009.png
client_0,8954,45,44,6,5,40,39,5,Train/5/00005_00017_00014.png
client_0,38825,41,43,5,6,36,38,41,Train/41/00041_00003_00006.png
client_0,9564,45,40,6,5,40,35,5,Train/5/00005_00037_00024.png
client_0,8278,62,63,6,6,57,58,4,Train/4/00004_00060_00028.png
client_0,7917,94,97,9,9,86,89,4,Train/4/00004_00048_00027.png
client_0,10864,35,36,5,6,30,31,7,Train/7/00007_00005_00004.png
client_0,26145,57,56,6,5,52,51,18,Train/18/00018_00019_00015.png
client_0,36918,38,40,6,5,33,35,38,Train/38/00038_00030_00019.png
client_0,17379,51,48,5,6,46,43,11,Train/11/00011_00011_00009.png
client_0,24693,27,29,6,6,22,24,17,Train/17/00017_00008_00003.png
client_0,12556,47,47,5,5,42,42,8,Train/8/00008_00013_00016.png
client_0,7873,51,49,6,5,46,44,4,Train/4/00004_00047_00013.png
client_0,12077,40,41,5,5,35,35,7,Train/7/00007_00045_00017.png
client_0,34710,34,34,6,5,29,29,35,Train/35/00035_00017_00001.png
client_0,21694,63,58,5,6,58,53,13,Train/13/00013_00041_00004.png
client_0,6648,49,51,6,6,44,46,4,Train/4/00004_00006_00018.png
client_0,8339,65,65,6,6,60,60,4,Train/4/00004_00062_00029.png
client_0,28278,65,61,6,6,59,55,24,Train/24/00024_00002_00018.png
client_0,20773,50,46,6,5,45,41,13,Train/13/00013_00010_00013.png
client_0,28400,67,61,6,6,61,55,24,Train/24/00024_00006_00020.png
client_0,7573,38,39,5,6,33,34,4,Train/4/00004_00037_00013.png
client_0,25216,43,45,5,6,38,40,17,Train/17/00017_00025_00016.png
client_0,6722,32,31,6,5,26,25,4,Train/4/00004_00009_00002.png
client_0,9736,38,39,5,6,32,33,5,Train/5/00005_00043_00016.png
client_0,11254,29,31,5,6,24,26,7,Train/7/00007_00018_00004.png
client_0,1706,71,71,6,7,65,65,1,Train/1/00001_00037_00026.png
client_0,22710,41,43,5,6,36,38,14,Train/14/00014_00003_00000.png
client_0,33117,93,100,8,8,84,91,33,Train/33/00033_00000_00027.png
client_0,25509,28,28,5,5,23,23,17,Train/17/00017_00035_00009.png
client_0,22301,61,58,5,6,55,53,13,Train/13/00013_00061_00011.png
client_0,9671,33,34,5,5,27,28,5,Train/5/00005_00041_00011.png
client_0,21784,43,39,6,5,38,34,13,Train/13/00013_00044_00004.png
client_0,475,70,69,6,7,64,62,0,Train/0/00000_00003_00025.png
client_0,9309,32,34,5,6,27,29,5,Train/5/00005_00029_00009.png
client_0,35390,62,62,6,5,57,57,35,Train/35/00035_00039_00021.png
client_0,34722,45,47,5,6,40,42,35,Train/35/00035_00017_00013.png
client_0,5770,34,34,6,6,29,29,3,Train/3/00003_00024_00010.png
client_0,9929,58,59,5,5,53,54,5,Train/5/00005_00049_00029.png
client_0,10552,41,45,5,6,35,40,6,Train/6/00006_00008_00022.png
client_0,11398,112,110,9,9,103,101,7,Train/7/00007_00022_00028.png
client_0,7347,84,86,7,8,77,79,4,Train/4/00004_00029_00027.png
client_0,9070,35,36,5,6,30,31,5,Train/5/00005_00021_00010.png
client_0,9403,35,34,6,5,29,29,5,Train/5/00005_00032_00013.png
client_0,6695,31,31,6,6,25,26,4,Train/4/00004_00008_00005.png
client_0,8699,120,130,4,11,109,119,5,Train/5/00005_00008_00029.png
client_0,9946,41,41,6,6,36,36,5,Train/5/00005_00050_00016.png
client_0,198,45,42,5,6,40,36,20,Train/20/00020_00006_00018.png
client_0,32184,70,64,6,5,63,59,31,Train/31/00031_00003_00024.png
client_0,22885,69,83,7,7,63,75,14,Train/14/00014_00008_00025.png
client_0,1,28,27,5,6,23,22,20,Train/20/00020_00000_00001.png
client_0,23068,147,160,13,14,135,146,14,Train/14/00014_00014_00028.png
client_0,37166,84,86,7,7,77,79,38,Train/38/00038_00038_00027.png
client_0,22680,31,32,5,6,26,27,14,Train/14/00014_00002_00000.png
client_0,11779,44,44,6,6,39,39,7,Train/7/00007_00035_00019.png
client_0,20334,87,86,8,8,80,79,12,Train/12/00012_00065_00024.png
client_0,26257,38,34,6,5,33,29,18,Train/18/00018_00023_00007.png
client_0,10365,40,42,5,5,35,37,6,Train/6/00006_00002_00015.png
client_0,23732,41,49,6,6,36,44,15,Train/15/00015_00011_00002.png
client_0,23156,93,94,8,8,84,86,14,Train/14/00014_00017_00026.png
client_0,9563,43,39,5,5,37,34,5,Train/5/00005_00037_00023.png
client_0,28366,35,32,6,5,30,27,24,Train/24/00024_00005_00016.png
client_0,5846,54,56,6,6,48,50,3,Train/3/00003_00026_00026.png
client_0,9231,43,39,5,6,38,34,5,Train/5/00005_00026_00021.png
client_0,27298,145,128,13,11,132,116,21,Train/21/00021_00010_00028.png
client_0,8479,38,38,6,6,32,32,5,Train/5/00005_00001_00019.png
client_0,21791,48,44,5,6,43,39,13,Train/13/00013_00044_00011.png
client_0,32686,44,43,5,6,39,38,31,Train/31/00031_00020_00016.png
client_0,6134,37,38,5,6,32,33,3,Train/3/00003_00036_00014.png
client_0,9917,39,40,6,5,34,35,5,Train/5/00005_00049_00017.png
client_0,18829,52,55,6,6,47,50,12,Train/12/00012_00015_00019.png
client_0,9550,31,30,5,6,26,25,5,Train/5/00005_00037_00010.png
client_0,7223,69,68,6,6,63,62,4,Train/4/00004_00025_00023.png
client_0,37285,64,67,6,6,59,61,38,Train/38/00038_00042_00026.png
client_0,38782,50,52,6,5,45,47,41,Train/41/00041_00001_00023.png
client_0,9496,44,43,5,5,39,38,5,Train/5/00005_00035_00016.png
client_0,20676,41,40,6,6,36,35,13,Train/13/00013_00007_00006.png
client_0,8942,32,32,5,5,27,27,5,Train/5/00005_00017_00002.png
client_0,23858,34,39,6,6,28,34,15,Train/15/00015_00015_00008.png
client_0,30014,52,49,6,5,47,44,26,Train/26/00026_00001_00014.png
client_0,29656,45,41,5,5,40,36,25,Train/25/00025_00039_00016.png
client_0,8913,33,32,6,5,28,27,5,Train/5/00005_00016_00003.png
client_0,9000,30,30,6,6,25,25,5,Train/5/00005_00019_00000.png
client_0,22997,49,49,6,6,44,44,14,Train/14/00014_00012_00017.png
client_0,11869,45,44,6,5,40,39,7,Train/7/00007_00038_00019.png
client_0,5108,34,35,6,6,29,29,3,Train/3/00003_00002_00008.png
client_0,24992,33,35,6,6,28,30,17,Train/17/00017_00018_00002.png
client_0,10832,32,31,6,5,26,25,7,Train/7/00007_00004_00002.png
client_0,25956,43,43,5,5,38,38,18,Train/18/00018_00013_00006.png
client_0,10861,33,34,5,6,27,28,7,Train/7/00007_00005_00001.png
client_0,22202,29,27,6,5,24,22,13,Train/13/00013_00058_00002.png
client_0,32759,101,101,9,9,93,93,31,Train/31/00031_00022_00029.png
client_0,8148,40,43,6,6,35,38,4,Train/4/00004_00056_00018.png
client_0,11640,26,27,5,6,21,22,7,Train/7/00007_00031_00000.png
client_0,10218,43,42,5,5,38,37,5,Train/5/00005_00059_00018.png
client_0,30404,74,68,7,7,68,62,26,Train/26/00026_00014_00014.png
client_0,1576,41,41,6,6,36,36,1,Train/1/00001_00033_00016.png
client_0,11842,50,47,6,5,44,42,7,Train/7/00007_00037_00022.png
client_0,9301,28,30,5,6,23,25,5,Train/5/00005_00029_00001.png
client_0,9149,88,88,7,7,81,81,5,Train/5/00005_00023_00029.png
client_0,6932,29,32,5,5,24,27,4,Train/4/00004_00016_00002.png
client_0,27188,41,38,5,5,36,33,21,Train/21/00021_00007_00008.png
client_0,23640,35,35,5,5,30,30,15,Train/15/00015_00008_00000.png
client_0,33559,39,44,6,5,33,39,33,Train/33/00033_00015_00019.png
client_0,6049,42,40,6,5,37,35,3,Train/3/00003_00033_00019.png
client_0,9,34,32,6,6,29,26,20,Train/20/00020_00000_00009.png
client_0,9132,39,39,6,6,34,34,5,Train/5/00005_00023_00012.png
client_0,7525,74,76,7,6,68,70,4,Train/4/00004_00035_00025.png
client_0,1835,37,37,6,5,32,32,1,Train/1/00001_00042_00005.png
client_0,31999,50,50,5,5,45,45,30,Train/30/00030_00012_00019.png
client_0,12028,60,62,6,6,55,57,7,Train/7/00007_00043_00028.png
client_0,10780,44,49,5,6,39,44,7,Train/7/00007_00002_00010.png
client_0,35091,52,54,5,5,47,49,35,Train/35/00035_00029_00022.png
client_0,34922,31,32,6,5,26,27,35,Train/35/00035_00024_00003.png
client_0,11877,65,65,6,6,60,60,7,Train/7/00007_00038_00027.png
client_0,25524,35,35,6,5,30,30,17,Train/17/00017_00035_00024.png
client_0,37019,27,26,6,5,22,21,38,Train/38/00038_00034_00000.png
client_0,29286,43,42,6,5,38,37,25,Train/25/00025_00027_00006.png
client_0,23076,37,36,6,5,32,31,14,Train/14/00014_00015_00006.png
client_0,7058,30,29,5,5,24,24,4,Train/4/00004_00020_00008.png
client_0,26230,63,63,5,5,58,58,18,Train/18/00018_00022_00010.png
client_0,36454,33,34,6,5,28,29,38,Train/38/00038_00015_00005.png
client_0,11664,46,47,5,5,41,42,7,Train/7/00007_00031_00024.png
client_0,21138,62,72,6,7,59,66,13,Train/13/00013_00022_00018.png
client_0,167,43,40,6,6,38,35,20,Train/20/00020_00005_00017.png
client_0,30396,58,52,6,6,52,47,26,Train/26/00026_00014_00006.png
client_0,32420,45,45,6,5,40,40,31,Train/31/00031_00011_00020.png
client_0,37629,35,35,6,6,30,30,38,Train/38/00038_00054_00010.png
client_0,8889,36,36,5,5,31,31,5,Train/5/00005_00015_00009.png
client_0,5925,37,36,5,6,31,31,3,Train/3/00003_00029_00015.png
client_0,30268,98,92,8,9,90,84,26,Train/26/00026_00009_00028.png
client_0,22987,44,45,5,6,39,40,14,Train/14/00014_00012_00007.png
client_0,1364,72,68,6,6,65,62,1,Train/1/00001_00026_00014.png
client_0,6868,95,104,9,10,87,95,4,Train/4/00004_00013_00028.png
client_0,7410,27,27,5,5,22,22,4,Train/4/00004_00032_00000.png
client_0,34556,52,53,5,5,47,48,35,Train/35/00035_00011_00027.png
client_0,27283,40,37,6,5,35,32,21,Train/21/00021_00010_00013.png
client_0,8049,45,42,6,6,40,37,4,Train/4/00004_00053_00009.png
client_0,11621,32,33,6,6,27,27,7,Train/7/00007_00030_00011.png
client_0,11051,42,41,6,5,37,36,7,Train/7/00007_00011_00011.png
client_0,18977,39,42,5,6,34,37,12,Train/12/00012_00020_00017.png
client_0,623,55,54,6,6,49,49,1,Train/1/00001_00001_00023.png
client_0,8418,40,40,6,6,35,35,4,Train/4/00004_00065_00018.png
client_0,11068,74,76,6,6,68,70,7,Train/7/00007_00011_00028.png
client_0,26318,42,39,5,5,37,34,18,Train/18/00018_00025_00008.png
client_0,11444,37,38,5,6,32,33,7,Train/7/00007_00024_00014.png
client_0,12016,39,40,6,6,34,35,7,Train/7/00007_00043_00016.png
client_0,10969,45,45,6,5,40,40,7,Train/7/00007_00008_00019.png
client_0,33569,57,79,6,7,52,72,33,Train/33/00033_00015_00029.png
client_0,9809,92,85,9,8,84,77,5,Train/5/00005_00045_00029.png
client_0,37261,26,27,5,5,21,22,38,Train/38/00038_00042_00002.png
client_0,22695,45,46,6,6,40,41,14,Train/14/00014_00002_00015.png
client_0,8037,59,59,5,5,54,54,4,Train/4/00004_00052_00027.png
client_0,28953,32,32,5,5,26,27,25,Train/25/00025_00016_00003.png
client_0,21616,59,53,6,6,54,48,13,Train/13/00013_00038_00016.png
client_0,27699,33,32,6,6,28,27,23,Train/23/00023_00000_00009.png
client_0,10065,37,35,6,5,32,30,5,Train/5/00005_00054_00015.png
client_0,1761,65,70,6,7,60,64,1,Train/1/00001_00039_00021.png
client_0,6517,35,36,6,6,30,30,4,Train/4/00004_00002_00007.png
client_0,7900,37,36,5,5,31,31,4,Train/4/00004_00048_00010.png
client_0,7155,35,35,5,5,29,29,4,Train/4/00004_00023_00015.png
client_0,7758,46,45,6,5,41,40,4,Train/4/00004_00043_00018.png
client_0,509,107,110,9,10,97,101,0,Train/0/00000_00004_00029.png
client_0,29,166,152,15,14,152,139,20,Train/20/00020_00000_00029.png
client_0,29561,46,43,6,6,41,38,25,Train/25/00025_00036_00011.png
client_0,10991,34,36,6,6,29,31,7,Train/7/00007_00009_00011.png
client_0,23537,42,42,6,5,36,37,15,Train/15/00015_00004_00017.png
client_0,32138,42,41,5,6,37,36,31,Train/31/00031_00002_00008.png
client_0,7305,39,38,6,5,34,33,4,Train/4/00004_00028_00015.png
client_0,7766,80,80,8,8,73,73,4,Train/4/00004_00043_00026.png
client_0,12029,64,70,6,6,59,64,7,Train/7/00007_00043_00029.png
client_0,11503,33,34,5,6,27,29,7,Train/7/00007_00026_00013.png
client_0,37951,28,30,5,6,23,25,38,Train/38/00038_00065_00002.png
client_0,5239,62,67,5,6,56,61,3,Train/3/00003_00006_00019.png
client_0,7682,30,30,5,5,24,24,4,Train/4/00004_00041_00002.png
client_0,9990,29,29,6,6,24,24,5,Train/5/00005_00052_00000.png
client_0,22917,104,105,9,10,95,96,14,Train/14/00014_00009_00027.png
client_0,8005,70,69,6,6,64,63,4,Train/4/00004_00051_00025.png
client_0,11765,32,33,6,6,27,28,7,Train/7/00007_00035_00005.png
client_0,9619,37,37,6,5,32,32,5,Train/5/00005_00039_00019.png
client_0,35651,35,34,6,6,30,29,36,Train/36/00036_00008_00012.png
client_0,28502,64,62,5,6,59,57,25,Train/25/00025_00001_00002.png
client_0,30615,52,48,6,5,47,43,27,Train/27/00027_00001_00015.png
client_0,5072,29,28,6,5,24,23,3,Train/3/00003_00001_00002.png
client_0,7856,82,82,8,8,75,75,4,Train/4/00004_00046_00026.png
client_0,8406,29,29,6,5,24,24,4,Train/4/00004_00065_00006.png
client_0,19080,40,41,5,6,35,36,12,Train/12/00012_00024_00000.png
client_0,301,31,29,6,6,26,23,20,Train/20/00020_00010_00001.png
client_0,32266,45,45,5,6,40,40,31,Train/31/00031_00006_00016.png
client_0,8219,67,69,6,7,61,63,4,Train/4/00004_00058_00029.png
client_0,11235,40,40,6,6,35,35,7,Train/7/00007_00017_00015.png
client_0,9390,26,26,6,6,21,21,5,Train/5/00005_00032_00000.png
client_0,270,36,36,5,5,31,31,20,Train/20/00020_00009_00000.png
client_0,18240,32,31,6,6,27,26,11,Train/11/00011_00040_00000.png
client_0,38176,43,43,6,6,38,38,39,Train/39/00039_00003_00017.png
client_0,10187,39,38,6,5,33,32,5,Train/5/00005_00058_00017.png
client_0,8250,29,29,6,6,24,24,4,Train/4/00004_00060_00000.png
client_0,8665,54,56,5,5,49,51,5,Train/5/00005_00007_00025.png
client_0,8711,40,40,6,6,35,35,5,Train/5/00005_00009_00011.png
client_0,10421,37,37,6,5,32,32,6,Train/6/00006_00004_00011.png
client_0,24793,28,30,6,6,23,25,17,Train/17/00017_00011_00013.png
client_0,9074,38,38,5,5,33,33,5,Train/5/00005_00021_00014.png
client_0,30609,42,41,5,6,37,36,27,Train/27/00027_00001_00009.png
client_0,9626,44,45,5,6,39,40,5,Train/5/00005_00039_00026.png
client_0,7157,36,37,5,6,30,31,4,Train/4/00004_00023_00017.png
client_0,22992,47,46,6,5,41,40,14,Train/14/00014_00012_00012.png
client_0,33158,40,40,5,6,35,35,33,Train/33/00033_00002_00008.png
client_0,60,33,32,5,5,28,27,20,Train/20/00020_00002_00000.png
client_0,38011,29,31,5,5,24,26,38,Train/38/00038_00067_00002.png
client_0,8654,38,39,5,6,33,34,5,Train/5/00005_00007_00014.png
client_0,32477,43,43,5,5,38,38,31,Train/31/00031_00013_00017.png
client_0,21384,77,70,7,6,71,64,13,Train/13/00013_00030_00024.png
client_0,9173,47,46,6,5,42,41,5,Train/5/00005_00024_00023.png
client_0,11699,129,131,11,12,117,119,7,Train/7/00007_00032_00029.png
client_0,9636,29,27,6,5,23,22,5,Train/5/00005_00040_00006.png
client_0,4753,57,58,5,5,52,53,2,Train/2/00002_00065_00013.png
client_0,30721,29,26,6,5,24,21,27,Train/27/00027_00005_00001.png
client_0,29828,36,35,5,6,31,30,25,Train/25/00025_00045_00008.png
client_0,32645,42,43,5,6,37,38,31,Train/31/00031_00019_00005.png
client_0,31538,35,32,6,6,29,27,29,Train/29/00029_00006_00008.png
client_0,8314,32,30,6,5,27,25,4,Train/4/00004_00062_00004.png
client_0,9927,51,53,5,6,46,48,5,Train/5/00005_00049_00027.png
client_0,9762,39,41,6,6,33,36,5,Train/5/00005_00044_00012.png
client_0,7832,30,30,6,6,24,24,4,Train/4/00004_00046_00002.png
client_0,28373,51,49,5,6,46,44,24,Train/24/00024_00005_00023.png
client_0,38314,34,35,5,6,29,30,39,Train/39/00039_00008_00005.png
client_0,23146,42,41,6,5,37,36,14,Train/14/00014_00017_00016.png
client_0,10213,38,36,6,5,32,30,5,Train/5/00005_00059_00013.png
client_0,34864,40,41,5,6,35,36,35,Train/35/00035_00022_00005.png
client_0,36561,55,57,6,6,50,52,38,Train/38/00038_00018_00022.png
client_0,37450,35,34,5,5,30,29,38,Train/38/00038_00048_00011.png
client_0,8062,73,69,7,7,67,63,4,Train/4/00004_00053_00022.png
client_0,35820,28,27,6,5,23,22,37,Train/37/00037_00001_00001.png
client_0,32497,45,41,6,5,39,35,31,Train/31/00031_00014_00007.png
client_0,2253,40,43,5,6,35,38,1,Train/1/00001_00056_00003.png
client_0,8254,32,32,5,5,27,27,4,Train/4/00004_00060_00004.png
client_0,34317,48,54,6,6,42,48,35,Train/35/00035_00003_00028.png
client_0,11065,64,67,6,6,59,61,7,Train/7/00007_00011_00025.png
client_0,11031,46,46,5,6,41,41,7,Train/7/00007_00010_00021.png
client_0,36973,44,43,6,6,39,38,38,Train/38/00038_00032_00014.png
client_0,28409,191,168,17,14,175,154,24,Train/24/00024_00006_00029.png
client_0,7501,27,28,5,6,22,23,4,Train/4/00004_00035_00001.png
client_0,7356,32,33,5,6,27,28,4,Train/4/00004_00030_00006.png
client_0,32672,32,31,6,5,27,26,31,Train/31/00031_00020_00002.png
client_0,563,75,81,6,7,69,74,0,Train/0/00000_00006_00023.png
client_0,7956,31,31,6,5,25,25,4,Train/4/00004_00050_00006.png
client_0,8562,35,38,5,6,29,32,5,Train/5/00005_00004_00012.png
client_0,30793,41,40,5,6,36,34,27,Train/27/00027_00007_00013.png
client_0,36232,64,68,6,6,58,61,38,Train/38/00038_00007_00023.png
client_0,30000,41,38,6,5,36,33,26,Train/26/00026_00001_00000.png
client_0,16932,32,34,5,6,27,29,10,Train/10/00010_00063_00012.png
client_0,11629,35,35,5,5,30,30,7,Train/7/00007_00030_00019.png
client_0,21964,27,28,6,6,21,23,13,Train/13/00013_00050_00004.png
client_0,5,31,27,6,5,26,22,20,Train/20/00020_00000_00005.png
client_0,36839,27,29,6,6,22,24,38,Train/38/00038_00028_00000.png
client_0,12034,26,28,5,6,21,23,7,Train/7/00007_00044_00004.png
client_0,24742,47,50,5,6,41,45,17,Train/17/00017_00009_00022.png
client_0,21695,64,57,6,5,59,52,13,Train/13/00013_00041_00005.png
client_0,9821,38,38,6,5,33,33,5,Train/5/00005_00046_00011.png
client_0,7333,39,39,5,5,34,34,4,Train/4/00004_00029_00013.png
client_0,8704,32,32,5,5,27,27,5,Train/5/00005_00009_00004.png
client_0,36226,47,48,5,6,42,43,38,Train/38/00038_00007_00017.png
client_0,10380,29,28,6,6,24,23,6,Train/6/00006_00003_00000.png
client_0,20127,110,92,9,8,101,84,12,Train/12/00012_00058_00027.png
client_0,7543,42,41,6,5,37,36,4,Train/4/00004_00036_00013.png
client_0,33226,43,43,6,5,38,38,33,Train/33/00033_00004_00016.png
client_0,32658,59,55,5,6,53,50,31,Train/31/00031_00019_00018.png
client_0,32722,56,56,5,5,51,51,31,Train/31/00031_00021_00022.png
client_0,20502,40,41,5,5,35,36,13,Train/13/00013_00001_00012.png
client_0,17433,41,39,6,5,35,33,11,Train/11/00011_00013_00003.png
client_0,9717,75,81,6,8,69,74,5,Train/5/00005_00042_00027.png
client_0,9276,35,33,5,5,30,28,5,Train/5/00005_00028_00006.png
client_0,35040,27,26,5,5,21,21,35,Train/35/00035_00028_00001.png
client_0,2766,48,49,5,5,43,44,1,Train/1/00001_00073_00006.png
client_0,8414,34,36,5,6,28,30,4,Train/4/00004_00065_00014.png
client_0,9954,52,52,6,6,47,47,5,Train/5/00005_00050_00024.png
client_0,21163,36,44,6,5,31,39,13,Train/13/00013_00023_00013.png
client_0,32333,68,59,7,5,62,54,31,Train/31/00031_00008_00023.png
client_0,23217,112,115,9,10,103,105,14,Train/14/00014_00019_00027.png
client_0,28962,38,39,5,6,33,34,25,Train/25/00025_00016_00012.png
client_0,8427,59,58,6,5,54,53,4,Train/4/00004_00065_00027.png
client_0,18698,44,43,6,5,39,38,12,Train/12/00012_00011_00008.png
client_0,33521,38,40,5,6,32,35,33,Train/33/00033_00014_00011.png
client_0,10204,28,28,5,5,23,23,5,Train/5/00005_00059_00004.png
client_0,10753,33,33,6,6,28,28,7,Train/7/00007_00001_00013.png
client_0,20982,56,51,6,6,51,46,13,Train/13/00013_00017_00012.png
client_0,7617,61,61,6,6,56,56,4,Train/4/00004_00038_00027.png
client_0,6813,32,30,6,5,26,25,4,Train/4/00004_00012_00003.png
client_0,7313,49,49,6,6,44,44,4,Train/4/00004_00028_00023.png
client_0,551,45,47,6,6,40,42,0,Train/0/00000_00006_00011.png
client_0,23672,35,35,5,5,30,30,15,Train/15/00015_00009_00002.png
client_0,29009,137,124,12,11,125,114,25,Train/25/00025_00017_00029.png
client_0,10281,42,43,5,5,37,38,5,Train/5/00005_00061_00021.png
client_0,32596,83,73,7,6,75,67,31,Train/31/00031_00017_00016.png
client_0,9556,36,33,5,5,30,28,5,Train/5/00005_00037_00016.png
client_0,6958,61,64,6,5,55,59,4,Train/4/00004_00016_00028.png
client_0,36972,45,44,6,6,40,39,38,Train/38/00038_00032_00013.png
client_0,10943,71,71,7,7,65,65,7,Train/7/00007_00007_00023.png
client_0,6698,31,32,5,5,25,27,4,Train/4/00004_00008_00008.png
client_0,6876,31,32,6,6,26,27,4,Train/4/00004_00014_00006.png
client_0,1003,38,39,5,6,33,34,1,Train/1/00001_00014_00013.png
client_0,417,55,56,6,5,50,51,0,Train/0/00000_00001_00027.png
client_0,38302,84,90,7,8,77,82,39,Train/39/00039_00007_00023.png
client_0,30846,40,36,5,5,34,31,28,Train/28/00028_00001_00006.png
client_0,34908,47,48,5,6,42,43,35,Train/35/00035_00023_00019.png
client_0,35298,45,44,5,5,40,39,35,Train/35/00035_00036_00019.png
client_0,10953,29,30,5,6,24,25,7,Train/7/00007_00008_00003.png
client_0,7614,53,52,6,5,48,47,4,Train/4/00004_00038_00024.png
client_0,7164,41,41,5,5,36,36,4,Train/4/00004_00023_00024.png
client_0,7931,34,35,6,6,29,30,4,Train/4/00004_00049_00011.png
client_0,2737,42,42,5,5,37,37,1,Train/1/00001_00072_00007.png
client_0,12088,108,112,10,10,99,103,7,Train/7/00007_00045_00028.png
client_0,25592,46,41,5,5,41,36,18,Train/18/00018_00001_00002.png
client_0,26578,172,160,14,14,158,147,18,Train/18/00018_00033_00028.png
client_0,23620,32,34,6,6,27,29,15,Train/15/00015_00007_00010.png
client_0,11287,29,28,6,6,24,23,7,Train/7/00007_00019_00007.png
client_0,30604,38,38,5,6,33,33,27,Train/27/00027_00001_00004.png
client_0,32389,45,42,6,6,40,37,31,Train/31/00031_00010_00019.png
client_0,9426,29,30,6,5,24,25,5,Train/5/00005_00033_00006.png
client_0,20098,50,52,5,5,45,47,12,Train/12/00012_00057_00028.png
client_0,35897,44,44,6,6,39,39,37,Train/37/00037_00003_00018.png
client_0,33272,27,29,5,5,22,23,33,Train/33/00033_00006_00002.png
client_0,9460,31,32,5,5,26,27,5,Train/5/00005_00034_00010.png
client_0,6590,81,79,7,7,74,72,4,Train/4/00004_00004_00020.png
client_0,36264,39,39,6,6,34,34,38,Train/38/00038_00008_00025.png
client_0,9212,29,26,6,5,24,21,5,Train/5/00005_00026_00002.png
client_0,32698,97,87,8,7,89,80,31,Train/31/00031_00020_00028.png
client_0,34661,40,40,6,6,35,35,35,Train/35/00035_00015_00012.png
client_0,22944,112,125,9,11,103,115,14,Train/14/00014_00010_00024.png
client_0,20497,33,35,5,6,28,30,13,Train/13/00013_00001_00007.png
client_0,8248,110,110,10,10,101,101,4,Train/4/00004_00059_00028.png
client_0,23980,31,31,6,6,26,26,15,Train/15/00015_00019_00010.png
client_0,34369,39,40,6,6,34,34,35,Train/35/00035_00005_00020.png
client_0,7460,49,47,6,6,44,42,4,Train/4/00004_00033_00020.png
client_0,33274,28,30,5,6,23,25,33,Train/33/00033_00006_00004.png
client_0,9532,49,49,5,6,43,43,5,Train/5/00005_00036_00022.png
client_0,38309,32,33,5,5,27,28,39,Train/39/00039_00008_00000.png
client_0,5063,52,52,6,6,47,47,3,Train/3/00003_00000_00023.png
client_0,7361,37,38,6,6,32,33,4,Train/4/00004_00030_00011.png
client_0,84,68,65,6,6,62,60,20,Train/20/00020_00002_00024.png
client_0,38075,87,86,8,7,80,79,39,Train/39/00039_00000_00006.png
client_0,23092,80,80,8,8,73,73,14,Train/14/00014_00015_00022.png
client_0,32948,30,29,6,6,25,24,32,Train/32/00032_00003_00008.png
client_0,32445,51,46,6,6,46,41,31,Train/31/00031_00012_00015.png
client_0,8478,37,36,6,5,32,31,5,Train/5/00005_00001_00018.png
client_0,22725,63,64,6,5,58,59,14,Train/14/00014_00003_00015.png
client_0,32633,81,73,7,6,74,67,31,Train/31/00031_00018_00023.png
client_0,1904,42,43,5,6,37,38,1,Train/1/00001_00044_00014.png
client_0,11123,55,54,5,6,50,49,7,Train/7/00007_00013_00023.png
client_0,9982,53,52,6,5,48,47,5,Train/5/00005_00051_00022.png
client_0,10192,50,51,6,6,45,46,5,Train/5/00005_00058_00022.png
client_0,22681,31,32,5,5,26,27,14,Train/14/00014_00002_00001.png
client_0,36217,35,38,5,6,30,33,38,Train/38/00038_00007_00008.png
client_0,8372,29,28,6,6,24,23,4,Train/4/00004_00064_00002.png
client_0,29962,68,65,7,6,62,59,25,Train/25/00025_00049_00022.png
client_0,18299,122,110,11,10,112,101,11,Train/11/00011_00041_00029.png
client_0,9360,26,27,6,5,21,22,5,Train/5/00005_00031_00000.png
client_0,5261,33,33,6,5,28,28,3,Train/3/00003_00007_00011.png
client_0,11690,56,58,6,6,50,53,7,Train/7/00007_00032_00020.png
client_0,165,40,37,5,6,34,32,20,Train/20/00020_00005_00015.png
client_0,6807,69,72,7,6,63,66,4,Train/4/00004_00011_00027.png
client_0,36324,49,47,6,5,44,41,38,Train/38/00038_00010_00025.png
client_0,8458,81,85,8,8,74,78,5,Train/5/00005_00000_00028.png
client_0,9104,41,40,6,5,36,35,5,Train/5/00005_00022_00014.png
client_0,11370,31,32,5,6,26,27,7,Train/7/00007_00022_00000.png
client_0,17779,53,49,5,5,48,44,11,Train/11/00011_00024_00019.png
client_0,2662,61,61,6,6,56,56,1,Train/1/00001_00069_00022.png
client_0,5139,37,37,6,5,31,31,3,Train/3/00003_00003_00009.png
client_0,7191,56,56,6,6,51,51,4,Train/4/00004_00024_00021.png
client_0,9327,57,56,5,6,52,51,5,Train/5/00005_00029_00027.png
client_0,9341,35,34,6,5,30,29,5,Train/5/00005_00030_00011.png
client_0,17114,104,95,10,9,95,87,11,Train/11/00011_00002_00014.png
client_0,2689,84,84,8,7,77,77,1,Train/1/00001_00070_00019.png
client_0,8208,40,41,6,6,35,36,4,Train/4/00004_00058_00018.png
client_0,1065,47,46,6,5,41,40,1,Train/1/00001_00016_00015.png
client_0,20844,86,76,7,6,79,70,13,Train/13/00013_00012_00024.png
client_0,32090,74,69,6,7,68,63,31,Train/31/00031_00000_00020.png
client_0,10184,35,33,6,5,29,28,5,Train/5/00005_00058_00014.png
client_0,33636,30,37,5,6,25,32,33,Train/33/00033_00018_00006.png
client_0,539,109,108,9,10,100,99,0,Train/0/00000_00005_00029.png
client_0,159,33,31,5,5,27,25,20,Train/20/00020_00005_00009.png
client_0,332,31,28,6,6,26,23,20,Train/20/00020_00011_00002.png
client_0,9493,40,40,5,6,35,35,5,Train/5/00005_00035_00013.png
client_0,6957,58,61,6,5,52,56,4,Train/4/00004_00016_00027.png
client_0,10526,38,41,5,5,33,36,6,Train/6/00006_00007_00026.png
client_0,6071,36,35,6,6,30,29,3,Train/3/00003_00034_00011.png
client_0,34245,35,37,5,5,30,31,35,Train/35/00035_00001_00016.png
client_0,23440,31,68,5,6,26,62,15,Train/15/00015_00001_00010.png
client_0,26485,88,82,7,7,81,75,18,Train/18/00018_00030_00025.png
client_0,34768,68,72,6,6,62,66,35,Train/35/00035_00018_00029.png
client_0,33092,27,27,5,5,22,21,33,Train/33/00033_00000_00002.png
client_0,1564,31,30,6,5,26,25,1,Train/1/00001_00033_00004.png
client_0,31563,34,36,5,6,29,30,29,Train/29/00029_00007_00003.png
client_0,38843,59,62,6,6,54,57,41,Train/41/00041_00003_00024.png
client_0,28243,62,64,5,5,57,59,24,Train/24/00024_00001_00013.png
client_0,36544,30,30,5,5,25,25,38,Train/38/00038_00018_00005.png
client_0,9518,32,32,6,6,27,27,5,Train/5/00005_00036_00008.png
client_0,31455,58,54,5,5,53,49,29,Train/29/00029_00003_00015.png
client_0,344,39,36,6,6,33,31,20,Train/20/00020_00011_00014.png
client_0,28282,69,62,6,5,62,57,24,Train/24/00024_00002_00022.png
client_0,7788,40,40,5,5,35,35,4,Train/4/00004_00044_00018.png
client_0,9941,37,36,6,5,31,30,5,Train/5/00005_00050_00011.png
client_0,23752,59,62,6,5,54,57,15,Train/15/00015_00011_00022.png
client_0,11364,53,53,6,5,48,48,7,Train/7/00007_00021_00024.png
client_0,10026,29,30,5,6,24,25,5,Train/5/00005_00053_00006.png
client_0,23362,51,49,6,5,46,44,14,Train/14/00014_00024_00022.png
client_0,13076,45,43,6,5,40,38,8,Train/8/00008_00030_00026.png
client_0,9317,38,40,5,6,33,35,5,Train/5/00005_00029_00017.png
client_0,37713,30,33,5,6,25,28,38,Train/38/00038_00057_00004.png
client_0,23111,60,61,5,6,55,56,14,Train/14/00014_00016_00011.png
client_0,8737,32,33,5,5,27,28,5,Train/5/00005_00010_00007.png
client_0,8237,45,45,5,5,40,40,4,Train/4/00004_00059_00017.png
client_0,25,86,75,8,6,79,69,20,Train/20/00020_00000_00025.png
client_0,32338,88,82,7,7,81,75,31,Train/31/00031_00008_00028.png
client_0,23860,33,39,6,5,28,34,15,Train/15/00015_00015_00010.png
client_0,11281,27,25,6,5,22,20,7,Train/7/00007_00019_00001.png
client_0,18984,54,55,5,5,49,50,12,Train/12/00012_00020_00024.png
client_0,7169,47,45,6,5,42,40,4,Train/4/00004_00023_00029.png
client_0,6494,47,48,5,5,42,43,4,Train/4/00004_00001_00014.png
client_0,312,42,37,6,5,36,31,20,Train/20/00020_00010_00012.png
client_0,8885,34,34,6,6,29,29,5,Train/5/00005_00015_00005.png
client_0,10253,37,43,6,6,32,37,5,Train/5/00005_00060_00023.png
client_0,342,37,34,6,5,31,28,20,Train/20/00020_00011_00012.png
client_0,11514,52,55,5,5,47,50,7,Train/7/00007_00026_00024.png
client_0,35074,40,39,5,5,35,34,35,Train/35/00035_00029_00005.png
client_0,10399,44,45,6,5,39,40,6,Train/6/00006_00003_00019.png
client_0,22616,62,59,5,6,57,54,13,Train/13/00013_00071_00026.png
client_0,10571,33,34,6,6,28,29,6,Train/6/00006_00009_00011.png
client_0,7444,30,31,5,6,25,26,4,Train/4/00004_00033_00004.png
client_0,30565,65,58,6,5,59,52,26,Train/26/00026_00019_00025.png
client_0,9022,52,52,6,6,47,47,5,Train/5/00005_00019_00022.png
client_0,26330,69,63,6,6,62,58,18,Train/18/00018_00025_00020.png
client_0,9097,34,35,5,6,29,30,5,Train/5/00005_00022_00007.png
client_0,23182,96,96,9,8,88,88,14,Train/14/00014_00018_00022.png
client_0,6853,35,37,6,6,30,32,4,Train/4/00004_00013_00013.png
client_0,22923,60,69,6,7,55,63,14,Train/14/00014_00010_00003.png
client_0,8936,82,81,8,7,75,74,5,Train/5/00005_00016_00026.png
client_0,25632,43,42,5,6,38,37,18,Train/18/00018_00002_00012.png
client_0,33707,51,50,6,5,46,45,33,Train/33/00033_00020_00018.png
client_0,6986,47,49,6,5,42,44,4,Train/4/00004_00017_00026.png
client_0,11336,57,58,6,5,52,53,7,Train/7/00007_00020_00026.png
client_0,34958,35,36,6,6,30,31,35,Train/35/00035_00025_00009.png
client_0,28204,28,27,6,5,23,22,24,Train/24/00024_00000_00004.png
client_0,8725,81,81,8,8,74,74,5,Train/5/00005_00009_00025.png
client_0,22036,47,41,6,5,42,36,13,Train/13/00013_00052_00016.png
client_0,32796,33,31,5,5,28,26,31,Train/31/00031_00024_00006.png
client_0,36738,48,50,5,5,43,45,38,Train/38/00038_00024_00019.png
client_0,34009,50,50,5,5,45,45,34,Train/34/00034_00007_00020.png
client_0,7789,42,44,5,6,37,39,4,Train/4/00004_00044_00019.png
client_0,10310,49,51,5,6,44,46,6,Train/6/00006_00000_00020.png
client_0,25017,39,39,6,5,34,34,17,Train/17/00017_00018_00027.png
client_0,16,45,39,6,5,40,34,20,Train/20/00020_00000_00016.png
client_0,28807,68,72,7,7,62,66,25,Train/25/00025_00011_00007.png
client_0,6823,37,38,5,6,32,33,4,Train/4/00004_00012_00013.png
client_0,32253,31,31,5,6,26,26,31,Train/31/00031_00006_00003.png
client_0,5394,61,63,6,6,56,58,3,Train/3/00003_00011_00024.png
client_0,7213,46,45,5,6,41,40,4,Train/4/00004_00025_00013.png
client_0,8176,41,40,6,5,36,35,4,Train/4/00004_00057_00016.png
client_0,23000,51,52,5,6,46,47,14,Train/14/00014_00012_00020.png
client_0,20159,100,105,9,10,92,96,12,Train/12/00012_00059_00029.png
client_0,20496,32,33,5,5,27,28,13,Train/13/00013_00001_00006.png
client_0,26224,61,62,6,6,56,57,18,Train/18/00018_00022_00004.png
client_0,21516,45,51,6,5,40,46,13,Train/13/00013_00035_00006.png
client_0,38177,43,44,5,5,38,39,39,Train/39/00039_00003_00018.png
client_0,7512,39,39,6,6,34,34,4,Train/4/00004_00035_00012.png
client_0,7364,41,41,6,6,36,36,4,Train/4/00004_00030_00014.png
client_0,35102,28,28,5,5,22,22,35,Train/35/00035_00030_00003.png
client_0,9431,33,34,6,5,28,29,5,Train/5/00005_00033_00011.png
client_0,37,37,34,5,5,31,28,20,Train/20/00020_00001_00007.png
client_0,37227,97,120,9,11,89,110,38,Train/38/00038_00040_00028.png
client_0,6421,27,27,5,5,22,21,3,Train/3/00003_00046_00001.png
client_0,1314,31,31,5,5,25,26,1,Train/1/00001_00024_00024.png
client_0,10260,27,27,6,6,21,21,5,Train/5/00005_00061_00000.png
client_0,10201,28,27,6,5,23,22,5,Train/5/00005_00059_00001.png
client_0,7999,49,46,5,5,43,41,4,Train/4/00004_00051_00019.png
client_0,10710,26,26,5,6,20,21,7,Train/7/00007_00000_00000.png
client_0,8922,40,40,6,6,35,35,5,Train/5/00005_00016_00012.png
client_0,35293,36,37,5,6,31,32,35,Train/35/00035_00036_00014.png
client_0,11314,30,31,5,5,24,25,7,Train/7/00007_00020_00004.png
client_0,11988,46,47,5,6,41,42,7,Train/7/00007_00042_00018.png
client_0,34875,44,44,5,6,39,39,35,Train/35/00035_00022_00016.png
client_0,22802,32,33,6,5,27,28,14,Train/14/00014_00006_00002.png
client_0,11764,31,32,6,6,26,27,7,Train/7/00007_00035_00004.png
client_0,35174,39,38,6,5,33,32,35,Train/35/00035_00032_00015.png
client_0,33270,28,29,6,6,23,24,33,Train/33/00033_00006_00000.png
client_0,1998,53,53,6,6,48,48,1,Train/1/00001_00047_00018.png
client_0,29914,32,37,6,5,27,32,25,Train/25/00025_00048_00004.png
client_0,9525,38,37,5,5,33,32,5,Train/5/00005_00036_00015.png
client_0,10207,32,30,6,5,27,25,5,Train/5/00005_00059_00007.png
client_0,20835,54,49,6,5,49,44,13,Train/13/00013_00012_00015.png
client_0,8629,53,54,5,6,48,49,5,Train/5/00005_00006_00019.png
client_0,9828,50,49,6,5,45,44,5,Train/5/00005_00046_00018.png
client_0,8238,48,49,5,5,43,44,4,Train/4/00004_00059_00018.png
client_0,9134,39,39,6,6,34,34,5,Train/5/00005_00023_00014.png
client_0,28386,36,33,5,6,30,28,24,Train/24/00024_00006_00006.png
client_0,7435,69,69,7,6,63,63,4,Train/4/00004_00032_00025.png
client_0,23211,87,95,8,9,79,86,14,Train/14/00014_00019_00021.png
client_0,20824,39,35,6,6,34,30,13,Train/13/00013_00012_00004.png
client_0,5171,37,37,6,6,32,32,3,Train/3/00003_00004_00011.png
client_0,9978,45,46,5,6,40,41,5,Train/5/00005_00051_00018.png
client_0,9810,30,29,6,5,25,24,5,Train/5/00005_00046_00000.png
client_0,27703,38,35,6,5,33,30,23,Train/23/00023_00000_00013.png
client_0,7190,55,55,6,6,50,50,4,Train/4/00004_00024_00020.png
client_0,23654,45,46,5,6,40,41,15,Train/15/00015_00008_00014.png
client_0,33330,47,48,6,6,42,43,33,Train/33/00033_00008_00000.png
client_0,10725,37,38,5,6,32,33,7,Train/7/00007_00000_00015.png
client_0,11733,30,30,6,5,25,25,7,Train/7/00007_00034_00003.png
client_0,8915,34,34,6,6,29,29,5,Train/5/00005_00016_00005.png
client_0,32844,87,80,7,8,80,73,31,Train/31/00031_00025_00024.png
client_0,21621,70,65,6,6,64,60,13,Train/13/00013_00038_00021.png
client_0,38921,36,37,5,6,31,32,41,Train/41/00041_00006_00012.png
client_0,11199,39,39,5,5,34,34,7,Train/7/00007_00016_00009.png
client_0,10434,56,54,5,5,51,49,6,Train/6/00006_00004_00024.png
client_0,12143,39,41,5,5,34,36,7,Train/7/00007_00047_00023.png
client_0,29389,86,76,8,6,79,70,25,Train/25/00025_00030_00019.png
client_0,11035,51,50,6,6,46,45,7,Train/7/00007_00010_00025.png
client_0,6532,57,58,5,5,51,53,4,Train/4/00004_00002_00022.png
client_0,28250,68,69,6,6,62,63,24,Train/24/00024_00001_00020.png
client_0,8914,33,32,6,5,28,27,5,Train/5/00005_00016_00004.png
client_0,12085,73,75,6,6,67,69,7,Train/7/00007_00045_00025.png
client_0,5391,52,52,6,5,47,47,3,Train/3/00003_00011_00021.png
client_0,23472,37,44,6,5,32,39,15,Train/15/00015_00002_00012.png
client_0,9508,112,120,10,10,103,110,5,Train/5/00005_00035_00028.png
client_0,20961,71,64,6,5,65,59,13,Train/13/00013_00016_00021.png
client_0,817,46,49,6,5,41,44,1,Train/1/00001_00008_00007.png
client_0,26673,38,38,5,5,33,33,18,Train/18/00018_00037_00003.png
client_0,8317,33,33,5,6,28,28,4,Train/4/00004_00062_00007.png
client_0,9707,44,45,5,5,39,40,5,Train/5/00005_00042_00017.png
client_0,10139,116,110,10,9,106,101,5,Train/5/00005_00056_00029.png
client_0,33284,42,43,6,6,37,38,33,Train/33/00033_00006_00014.png
client_0,10094,38,39,6,6,33,34,5,Train/5/00005_00055_00014.png
client_0,9144,57,57,6,6,52,52,5,Train/5/00005_00023_00024.png
client_0,23291,45,47,6,5,40,42,14,Train/14/00014_00022_00011.png
client_0,28246,65,69,6,7,60,63,24,Train/24/00024_00001_00016.png
client_0,17048,34,29,5,6,29,24,11,Train/11/00011_00000_00008.png
client_0,20775,56,50,6,5,51,45,13,Train/13/00013_00010_00015.png
client_0,962,44,43,6,5,39,38,1,Train/1/00001_00013_00002.png
client_0,11611,27,27,5,6,22,22,7,Train/7/00007_00030_00001.png
client_0,32710,36,36,5,5,31,31,31,Train/31/00031_00021_00010.png
client_0,12115,40,42,5,5,35,37,7,Train/7/00007_00046_00025.png
client_0,11851,29,30,5,6,24,25,7,Train/7/00007_00038_00001.png
client_0,27341,39,36,5,5,34,30,22,Train/22/00022_00001_00011.png
client_0,149,58,58,5,5,53,53,20,Train/20/00020_00004_00029.png
client_0,842,30,30,6,5,25,24,1,Train/1/00001_00009_00002.png
client_0,10771,38,41,5,5,32,35,7,Train/7/00007_00002_00001.png
client_0,23302,70,82,6,8,64,75,14,Train/14/00014_00022_00022.png
client_0,10225,67,64,6,5,61,59,5,Train/5/00005_00059_00025.png
client_0,2661,58,57,6,5,53,52,1,Train/1/00001_00069_00021.png
client_0,11812,52,49,6,5,47,44,7,Train/7/00007_00036_00022.png
client_0,32098,140,129,13,11,128,118,31,Train/31/00031_00000_00028.png
client_0,21890,93,80,8,7,85,73,13,Train/13/00013_00047_00020.png
client_0,26307,94,94,8,9,86,86,18,Train/18/00018_00024_00027.png
client_0,33514,37,37,6,5,31,31,33,Train/33/00033_00014_00004.png
client_0,23152,61,63,5,6,55,57,14,Train/14/00014_00017_00022.png
client_0,23795,32,35,5,5,27,29,15,Train/15/00015_00013_00005.png
client_0,1906,45,45,5,5,40,40,1,Train/1/00001_00044_00016.png
client_0,9531,47,47,5,6,41,41,5,Train/5/00005_00036_00021.png
client_0,2266,53,55,5,6,48,50,1,Train/1/00001_00056_00016.png
client_0,28462,50,51,6,5,45,46,24,Train/24/00024_00008_00022.png
client_0,7540,37,37,5,5,32,32,4,Train/4/00004_00036_00010.png
client_0,23179,80,81,7,7,73,74,14,Train/14/00014_00018_00019.png
client_0,11751,43,46,5,5,38,41,7,Train/7/00007_00034_00021.png
client_0,35799,41,41,6,6,36,36,37,Train/37/00037_00000_00010.png
client_0,6625,106,106,10,9,97,97,4,Train/4/00004_00005_00025.png
client_0,5696,74,74,7,6,68,68,3,Train/3/00003_00021_00026.png
client_0,36229,53,54,5,5,48,49,38,Train/38/00038_00007_00020.png
client_0,7454,39,40,5,6,34,35,4,Train/4/00004_00033_00014.png
client_0,27953,96,88,9,7,88,81,23,Train/23/00023_00008_00023.png
client_0,11781,47,47,6,6,41,42,7,Train/7/00007_00035_00021.png
client_0,36565,60,62,5,5,55,57,38,Train/38/00038_00018_00026.png
client_0,7016,70,74,7,7,64,68,4,Train/4/00004_00018_00026.png
client_0,9381,43,44,6,6,38,39,5,Train/5/00005_00031_00021.png
client_0,35079,45,43,6,5,40,38,35,Train/35/00035_00029_00010.png
client_0,2413,41,42,6,6,36,37,1,Train/1/00001_00061_00013.png
client_0,7827,58,56,6,5,53,51,4,Train/4/00004_00045_00027.png
client_0,6611,54,53,6,5,49,48,4,Train/4/00004_00005_00011.png
client_0,9658,58,61,6,5,53,56,5,Train/5/00005_00040_00028.png
client_0,18436,50,53,6,6,44,48,12,Train/12/00012_00002_00016.png
client_0,1090,41,40,6,5,35,34,1,Train/1/00001_00017_00010.png
client_0,9908,34,35,6,6,29,30,5,Train/5/00005_00049_00008.png
client_0,36848,29,31,5,6,23,25,38,Train/38/00038_00028_00009.png
client_0,7446,32,32,6,5,27,27,4,Train/4/00004_00033_00006.png
client_0,26345,41,35,5,5,36,30,18,Train/18/00018_00026_00005.png
client_0,23597,44,42,6,6,38,37,15,Train/15/00015_00006_00017.png
client_0,10760,37,39,6,6,31,33,7,Train/7/00007_00001_00020.png
client_0,1542,42,42,6,6,37,37,1,Train/1/00001_00032_00012.png
client_0,30094,39,34,5,5,34,29,26,Train/26/00026_00004_00004.png
client_0,25462,35,36,5,6,30,31,17,Train/17/00017_00033_00022.png
client_0,7675,52,52,6,6,47,47,4,Train/4/00004_00040_00025.png
client_0,11448,40,41,5,6,35,36,7,Train/7/00007_00024_00018.png
client_0,9098,37,36,6,5,32,31,5,Train/5/00005_00022_00008.png
client_0,8807,45,45,5,5,40,40,5,Train/5/00005_00012_00017.png
client_0,33065,30,29,6,5,25,24,32,Train/32/00032_00007_00005.png
client_0,26,97,87,8,7,89,80,20,Train/20/00020_00000_00026.png
client_0,28646,96,88,8,8,88,81,25,Train/25/00025_00005_00026.png
client_0,29395,106,97,9,8,96,89,25,Train/25/00025_00030_00025.png
client_0,37990,38,40,5,6,33,35,38,Train/38/00038_00066_00011.png
client_0,11046,38,37,6,5,33,32,7,Train/7/00007_00011_00006.png
client_0,47,44,42,5,6,39,37,20,Train/20/00020_00001_00017.png
client_0,8446,41,42,5,5,36,37,5,Train/5/00005_00000_00016.png
client_0,11609,80,84,8,8,73,77,7,Train/7/00007_00029_00029.png
client_0,9128,34,35,5,6,29,30,5,Train/5/00005_00023_00008.png
client_0,11291,34,37,5,6,29,32,7,Train/7/00007_00019_00011.png
client_0,8369,106,107,9,10,97,98,4,Train/4/00004_00063_00029.png
client_0,28454,47,50,6,6,42,45,24,Train/24/00024_00008_00014.png
client_0,812,43,46,5,5,38,41,1,Train/1/00001_00008_00002.png
client_0,2278,108,110,9,10,99,101,1,Train/1/00001_00056_00028.png
client_0,32392,52,48,6,5,47,43,31,Train/31/00031_00010_00022.png
client_0,31553,62,58,5,6,57,53,29,Train/29/00029_00006_00023.png
client_0,23205,71,74,6,7,64,68,14,Train/14/00014_00019_00015.png
client_0,25856,49,47,5,5,44,42,18,Train/18/00018_00009_00026.png
client_0,9457,31,33,6,6,25,27,5,Train/5/00005_00034_00007.png
client_0,7978,63,68,5,6,57,62,4,Train/4/00004_00050_00028.png
client_0,37520,37,39,6,6,32,34,38,Train/38/00038_00050_00021.png
client_0,26046,33,29,6,5,28,24,18,Train/18/00018_00016_00006.png
client_0,11605,55,56,6,5,50,51,7,Train/7/00007_00029_00025.png
client_0,8584,30,28,6,5,24,22,5,Train/5/00005_00005_00004.png
client_0,22961,46,46,5,5,41,41,14,Train/14/00014_00011_00011.png
client_0,21031,50,44,6,5,44,38,13,Train/13/00013_00019_00001.png
client_0,37318,64,84,6,7,59,77,38,Train/38/00038_00043_00029.png
client_0,8519,49,52,5,6,44,46,5,Train/5/00005_00002_00029.png
client_0,6515,33,33,5,5,28,28,4,Train/4/00004_00002_00005.png
client_0,33086,59,57,5,5,54,52,32,Train/32/00032_00007_00026.png
client_0,20394,67,62,6,5,61,57,12,Train/12/00012_00067_00024.png
client_0,407,39,41,5,6,34,35,0,Train/0/00000_00001_00017.png
client_0,7696,40,40,6,6,35,35,4,Train/4/00004_00041_00016.png
client_0,28649,151,136,13,12,138,125,25,Train/25/00025_00005_00029.png
client_0,8058,57,56,6,6,52,51,4,Train/4/00004_00053_00018.png
client_0,2665,79,79,7,7,72,72,1,Train/1/00001_00069_00025.png
client_0,12036,28,28,6,5,23,23,7,Train/7/00007_00044_00006.png
client_0,22994,47,47,5,5,42,42,14,Train/14/00014_00012_00014.png
client_0,32180,57,53,6,5,52,48,31,Train/31/00031_00003_00020.png
client_0,38134,49,54,6,6,44,49,39,Train/39/00039_00002_00005.png
client_0,36379,33,35,5,6,28,29,38,Train/38/00038_00012_00020.png
client_0,8556,30,30,6,5,25,25,5,Train/5/00005_00004_00006.png
client_0,23657,48,49,5,6,43,44,15,Train/15/00015_00008_00017.png
client_0,8253,31,30,6,5,26,25,4,Train/4/00004_00060_00003.png
client_0,23250,29,30,5,6,24,25,14,Train/14/00014_00021_00000.png
client_0,8529,30,31,5,6,25,25,5,Train/5/00005_00003_00009.png
client_0,17437,44,42,6,5,39,36,11,Train/11/00011_00013_00007.png
client_0,10558,53,58,6,5,48,53,6,Train/6/00006_00008_00028.png
client_0,32642,41,41,5,5,36,36,31,Train/31/00031_00019_00002.png
client_0,30007,44,41,5,5,39,36,26,Train/26/00026_00001_00007.png
client_0,7207,38,37,6,6,33,32,4,Train/4/00004_00025_00007.png
client_0,2675,53,56,5,5,48,51,1,Train/1/00001_00070_00005.png
client_0,9465,37,36,6,5,31,31,5,Train/5/00005_00034_00015.png
client_0,22077,123,113,10,10,112,103,13,Train/13/00013_00053_00027.png
client_0,10177,30,29,5,5,25,24,5,Train/5/00005_00058_00007.png
client_0,7399,37,36,6,5,32,31,4,Train/4/00004_00031_00019.png
client_0,5268,39,41,5,6,34,36,3,Train/3/00003_00007_00018.png
client_0,11138,42,43,5,6,37,38,7,Train/7/00007_00014_00008.png
client_0,5506,35,35,6,5,30,29,3,Train/3/00003_00015_00016.png
client_0,36501,56,70,6,7,51,64,38,Train/38/00038_00016_00022.png
client_0,12139,37,37,6,5,32,32,7,Train/7/00007_00047_00019.png
client_0,430,34,34,5,5,29,29,0,Train/0/00000_00002_00010.png
client_0,25766,98,88,9,7,90,81,18,Train/18/00018_00006_00026.png
client_0,6676,37,37,5,6,31,32,4,Train/4/00004_00007_00016.png
client_0,30349,46,44,5,6,41,39,26,Train/26/00026_00012_00019.png
client_0,22975,87,86,7,7,80,79,14,Train/14/00014_00011_00025.png
client_0,7621,31,32,5,6,26,27,4,Train/4/00004_00039_00001.png
client_0,609,38,37,6,5,33,31,1,Train/1/00001_00001_00009.png
client_0,11251,27,29,5,6,22,24,7,Train/7/00007_00018_00001.png
client_0,25850,43,39,5,5,38,34,18,Train/18/00018_00009_00020.png
client_0,10693,36,36,6,5,31,31,6,Train/6/00006_00013_00013.png
client_0,8835,39,39,5,5,33,33,5,Train/5/00005_00013_00015.png
client_0,10781,46,51,5,6,40,45,7,Train/7/00007_00002_00011.png
client_0,23353,35,35,5,5,30,30,14,Train/14/00014_00024_00013.png
client_0,26008,108,108,10,10,99,99,18,Train/18/00018_00014_00028.png
client_0,686,98,98,9,9,89,90,1,Train/1/00001_00003_00026.png
client_0,11205,47,47,6,6,42,42,7,Train/7/00007_00016_00015.png
client_0,23066,130,142,11,13,118,130,14,Train/14/00014_00014_00026.png
client_0,32995,63,64,6,6,58,59,32,Train/32/00032_00004_00025.png
client_0,8561,34,37,5,6,29,32,5,Train/5/00005_00004_00011.png
client_0,21486,36,35,6,6,31,29,13,Train/13/00013_00034_00006.png
client_0,6967,31,33,5,5,26,27,4,Train/4/00004_00017_00007.png
client_0,196,41,39,5,6,36,33,20,Train/20/00020_00006_00016.png
client_0,6366,31,30,6,5,26,25,3,Train/3/00003_00044_00006.png
client_0,7450,33,34,5,5,28,29,4,Train/4/00004_00033_00010.png
client_0,11936,40,41,5,6,35,36,7,Train/7/00007_00040_00026.png
client_0,21094,30,28,6,5,25,22,13,Train/13/00013_00021_00004.png
client_0,7360,37,37,6,5,32,32,4,Train/4/00004_00030_00010.png
client_0,30237,88,83,7,7,81,76,26,Train/26/00026_00008_00027.png
client_0,32384,39,35,6,6,34,30,31,Train/31/00031_00010_00014.png
client_0,7599,35,35,5,5,30,30,4,Train/4/00004_00038_00009.png
client_0,7239,42,43,5,6,37,38,4,Train/4/00004_00026_00009.png
client_0,12043,31,31,5,5,26,26,7,Train/7/00007_00044_00013.png
client_0,9861,52,53,6,6,46,48,5,Train/5/00005_00047_00021.png
client_0,19631,70,71,6,7,64,65,12,Train/12/00012_00042_00011.png
client_0,15158,30,31,6,6,25,25,10,Train/10/00010_00004_00008.png
client_0,38024,41,45,5,6,36,40,38,Train/38/00038_00067_00015.png
client_0,11592,34,34,5,6,29,29,7,Train/7/00007_00029_00012.png
client_0,9154,33,33,6,6,28,28,5,Train/5/00005_00024_00004.png
client_0,30733,38,35,5,5,32,30,27,Train/27/00027_00005_00013.png
client_0,34446,46,47,5,6,41,41,35,Train/35/00035_00008_00007.png
client_0,9883,39,40,5,6,34,35,5,Train/5/00005_00048_00013.png
client_0,7787,38,39,5,6,33,34,4,Train/4/00004_00044_00017.png
client_0,36554,47,47,6,6,42,42,38,Train/38/00038_00018_00015.png
client_0,28122,83,75,8,7,76,69,23,Train/23/00023_00014_00012.png
client_0,30455,33,32,5,6,28,26,26,Train/26/00026_00016_00005.png
client_0,31313,67,69,6,6,61,63,28,Train/28/00028_00016_00023.png
client_0,8457,72,75,7,6,66,69,5,Train/5/00005_00000_00027.png
client_0,937,33,34,6,5,28,29,1,Train/1/00001_00012_00007.png
client_0,21710,71,63,7,6,65,58,13,Train/13/00013_00041_00020.png
client_0,11238,41,42,5,6,36,37,7,Train/7/00007_00017_00018.png
client_0,31423,47,42,5,5,42,37,29,Train/29/00029_00002_00013.png
client_0,11420,40,40,5,5,35,35,7,Train/7/00007_00023_00020.png
client_0,32087,62,58,5,6,57,53,31,Train/31/00031_00000_00017.png
client_0,36260,35,35,5,5,30,30,38,Train/38/00038_00008_00021.png
client_0,8760,31,32,5,5,26,27,5,Train/5/00005_00011_00000.png
client_0,36695,33,35,5,6,28,30,38,Train/38/00038_00023_00006.png
client_0,9930,30,29,6,5,25,24,5,Train/5/00005_00050_00000.png
client_0,33383,99,98,9,9,91,90,33,Train/33/00033_00009_00023.png
client_0,7075,40,39,6,5,35,34,4,Train/4/00004_00020_00025.png
client_0,7551,60,59,6,5,55,54,4,Train/4/00004_00036_00021.png
client_0,23204,68,74,6,7,62,67,14,Train/14/00014_00019_00014.png
client_0,10679,55,55,6,5,50,50,6,Train/6/00006_00012_00029.png
client_0,2223,52,59,5,6,47,54,1,Train/1/00001_00055_00003.png
client_0,11945,31,31,5,5,25,26,7,Train/7/00007_00041_00005.png
client_0,12068,31,31,6,5,25,25,7,Train/7/00007_00045_00008.png
client_0,7581,49,49,6,6,44,44,4,Train/4/00004_00037_00021.png
client_0,38022,38,40,5,5,33,35,38,Train/38/00038_00067_00013.png
client_0,7517,44,47,5,6,39,42,4,Train/4/00004_00035_00017.png
client_0,6689,54,54,6,5,49,49,4,Train/4/00004_00007_00029.png
client_0,17700,50,50,6,6,45,45,11,Train/11/00011_00022_00000.png
client_0,128,34,33,6,5,29,28,20,Train/20/00020_00004_00008.png
client_0,235,63,60,5,5,58,55,20,Train/20/00020_00007_00025.png
client_0,9646,35,37,5,6,30,32,5,Train/5/00005_00040_00016.png
client_0,33430,40,39,6,5,35,34,33,Train/33/00033_00011_00010.png
client_0,12087,94,91,9,8,85,83,7,Train/7/00007_00045_00027.png
client_0,35474,49,49,6,6,44,43,36,Train/36/00036_00002_00015.png
client_0,37589,28,30,5,6,23,25,38,Train/38/00038_00053_00000.png
client_0,9926,49,51,5,6,44,46,5,Train/5/00005_00049_00026.png
client_0,9893,53,55,5,6,48,50,5,Train/5/00005_00048_00023.png
client_0,35423,54,54,5,5,49,49,36,Train/36/00036_00000_00024.png
client_0,23365,56,55,6,6,50,50,14,Train/14/00014_00024_00025.png
client_0,9291,48,43,6,5,43,38,5,Train/5/00005_00028_00021.png
client_0,20896,70,61,6,5,63,56,13,Train/13/00013_00014_00016.png
client_0,38034,68,72,6,6,62,66,38,Train/38/00038_00067_00025.png
client_0,32358,57,54,6,6,52,48,31,Train/31/00031_00009_00018.png
client_0,10660,29,31,5,5,23,25,6,Train/6/00006_00012_00010.png
client_0,37042,52,55,5,5,47,50,38,Train/38/00038_00034_00023.png
client_0,6719,122,122,11,10,111,112,4,Train/4/00004_00008_00029.png
client_0,9378,38,39,5,6,32,34,5,Train/5/00005_00031_00018.png
client_0,11164,35,37,6,6,30,32,7,Train/7/00007_00015_00004.png
client_0,32431,31,31,5,5,26,25,31,Train/31/00031_00012_00001.png
client_0,7945,56,55,6,6,51,50,4,Train/4/00004_00049_00025.png
client_0,36566,63,67,5,6,58,61,38,Train/38/00038_00018_00027.png
client_0,11484,55,53,6,5,50,48,7,Train/7/00007_00025_00024.png
client_0,32704,32,32,5,5,27,27,31,Train/31/00031_00021_00004.png
client_0,29582,31,29,6,6,25,24,25,Train/25/00025_00037_00002.png
client_0,1689,31,32,5,6,25,27,1,Train/1/00001_00037_00009.png
client_0,23358,41,42,5,6,36,37,14,Train/14/00014_00024_00018.png
client_0,30192,38,34,6,5,32,29,26,Train/26/00026_00007_00012.png
client_0,7281,44,45,5,6,39,40,4,Train/4/00004_00027_00021.png
client_0,32289,37,33,6,5,32,28,31,Train/31/00031_00007_00009.png
client_0,11118,44,43,5,6,39,38,7,Train/7/00007_00013_00018.png
client_0,21405,37,34,6,6,32,29,13,Train/13/00013_00031_00015.png
client_0,11158,130,130,11,12,119,119,7,Train/7/00007_00014_00028.png
client_0,5937,63,65,6,6,58,59,3,Train/3/00003_00029_00027.png
client_0,36138,42,46,5,6,37,41,38,Train/38/00038_00004_00019.png
client_0,11976,34,34,6,6,28,28,7,Train/7/00007_00042_00006.png
client_0,20183,65,65,6,6,60,60,12,Train/12/00012_00060_00023.png
client_0,8600,40,41,6,6,35,36,5,Train/5/00005_00005_00020.png
client_0,3723,33,35,5,6,27,29,2,Train/2/00002_00031_00003.png
client_0,22819,54,57,5,6,49,52,14,Train/14/00014_00006_00019.png
client_0,34387,33,32,6,5,28,27,35,Train/35/00035_00006_00008.png
client_0,6911,36,35,5,5,30,29,4,Train/4/00004_00015_00011.png
client_0,33469,41,40,5,6,35,35,33,Train/33/00033_00012_00019.png
client_0,33354,81,81,8,7,73,73,33,Train/33/00033_00008_00024.png
client_0,512,29,28,5,5,24,23,0,Train/0/00000_00005_00002.png
client_0,6869,113,129,10,12,104,118,4,Train/4/00004_00013_00029.png
client_0,30799,52,48,6,6,46,42,27,Train/27/00027_00007_00019.png
client_0,37761,56,55,6,5,51,50,38,Train/38/00038_00058_00022.png
client_0,30766,53,48,5,6,48,43,27,Train/27/00027_00006_00016.png
client_0,33240,64,65,5,6,59,60,33,Train/33/00033_00005_00000.png
client_0,25341,39,42,6,5,34,36,17,Train/17/00017_00029_00021.png
client_0,37322,36,36,6,6,31,31,38,Train/38/00038_00044_00003.png
client_0,11497,28,29,5,5,23,24,7,Train/7/00007_00026_00007.png
client_0,9704,40,41,6,5,35,36,5,Train/5/00005_00042_00014.png
client_0,898,76,76,7,7,70,70,1,Train/1/00001_00010_00028.png
client_0,7488,40,40,5,5,35,35,4,Train/4/00004_00034_00018.png
client_0,7575,42,41,6,5,37,36,4,Train/4/00004_00037_00015.png
client_0,25380,25,29,5,6,20,24,17,Train/17/00017_00031_00000.png
client_0,10040,42,42,5,6,37,37,5,Train/5/00005_00053_00020.png
client_0,33411,44,45,5,6,39,40,33,Train/33/00033_00010_00021.png
client_0,28884,65,63,6,6,60,58,25,Train/25/00025_00013_00024.png
client_0,6718,103,104,9,9,94,95,4,Train/4/00004_00008_00028.png
client_0,8506,35,35,5,5,30,30,5,Train/5/00005_00002_00016.png
client_0,7767,87,87,7,7,80,80,4,Train/4/00004_00043_00027.png
client_0,11077,31,32,5,6,26,27,7,Train/7/00007_00012_00007.png
client_0,7457,45,44,6,5,40,39,4,Train/4/00004_00033_00017.png
client_0,22279,63,60,5,6,57,55,13,Train/13/00013_00060_00019.png
client_0,1772,34,38,5,6,29,33,1,Train/1/00001_00040_00002.png
client_0,11930,35,35,5,5,30,30,7,Train/7/00007_00040_00020.png
client_0,10358,32,34,5,5,27,29,6,Train/6/00006_00002_00008.png
client_0,30770,53,51,5,6,48,46,27,Train/27/00027_00006_00020.png
client_0,11646,29,30,5,6,24,25,7,Train/7/00007_00031_00006.png
client_0,1253,71,71,7,7,65,65,1,Train/1/00001_00022_00023.png
client_0,36228,51,52,5,5,46,47,38,Train/38/00038_00007_00019.png
client_0,28379,125,119,11,11,115,109,24,Train/24/00024_00005_00029.png
client_0,12055,47,49,6,6,42,44,7,Train/7/00007_00044_00025.png
client_0,10973,54,55,6,5,49,50,7,Train/7/00007_00008_00023.png
client_0,11026,41,41,5,6,36,36,7,Train/7/00007_00010_00016.png
client_0,6739,44,45,5,6,39,40,4,Train/4/00004_00009_00019.png
client_0,3809,45,47,6,6,40,42,2,Train/2/00002_00033_00029.png
client_0,23573,48,48,6,6,43,43,15,Train/15/00015_00005_00023.png
client_0,86,81,77,8,7,74,71,20,Train/20/00020_00002_00026.png
client_0,9076,43,42,6,5,37,36,5,Train/5/00005_00021_00016.png
client_0,30106,53,49,5,6,48,44,26,Train/26/00026_00004_00016.png
client_0,23736,44,52,5,5,39,47,15,Train/15/00015_00011_00006.png
client_0,32241,50,47,6,5,45,42,31,Train/31/00031_00005_00021.png
client_0,35595,40,41,5,6,35,36,36,Train/36/00036_00006_00016.png
client_0,32959,41,43,5,6,35,37,32,Train/32/00032_00003_00019.png
client_0,6675,36,37,5,6,30,31,4,Train/4/00004_00007_00015.png
client_0,30236,84,76,7,7,77,70,26,Train/26/00026_00008_00026.png
client_0,37958,30,31,5,6,25,26,38,Train/38/00038_00065_00009.png
client_0,10287,58,60,5,6,53,55,5,Train/5/00005_00061_00027.png
client_0,9673,35,36,5,6,29,31,5,Train/5/00005_00041_00013.png
client_0,11210,61,62,5,6,56,57,7,Train/7/00007_00016_00020.png
client_0,26547,108,107,10,9,99,98,18,Train/18/00018_00032_00027.png
client_0,8586,31,30,6,6,25,24,5,Train/5/00005_00005_00006.png
client_0,37539,37,39,5,6,32,34,38,Train/38/00038_00051_00010.png
client_0,8621,41,41,6,6,36,36,5,Train/5/00005_00006_00011.png
client_0,6859,44,46,5,6,38,40,4,Train/4/00004_00013_00019.png
client_0,31441,44,37,6,5,39,31,29,Train/29/00029_00003_00001.png
client_0,23480,53,61,6,5,47,56,15,Train/15/00015_00002_00020.png
client_0,7523,61,64,5,6,56,59,4,Train/4/00004_00035_00023.png
client_0,106,53,51,6,6,48,45,20,Train/20/00020_00003_00016.png
client_0,18136,69,64,7,5,63,59,11,Train/11/00011_00036_00016.png
client_0,32919,35,35,6,6,29,29,32,Train/32/00032_00002_00009.png
client_0,8305,54,54,5,5,49,49,4,Train/4/00004_00061_00025.png
client_0,36707,48,49,6,6,43,44,38,Train/38/00038_00023_00018.png
client_0,8144,36,40,6,6,31,35,4,Train/4/00004_00056_00014.png
client_0,9751,35,35,6,5,29,29,5,Train/5/00005_00044_00001.png
client_0,7693,36,36,5,5,31,31,4,Train/4/00004_00041_00013.png
client_0,32354,50,46,6,5,45,41,31,Train/31/00031_00009_00014.png
client_0,17794,31,31,6,6,26,26,11,Train/11/00011_00025_00004.png
client_0,8979,31,32,5,6,26,27,5,Train/5/00005_00018_00009.png
client_0,9260,48,46,5,6,43,41,5,Train/5/00005_00027_00020.png
client_0,35020,36,38,5,6,30,32,35,Train/35/00035_00027_00011.png
client_0,29721,82,76,7,6,75,70,25,Train/25/00025_00041_00021.png
client_0,21032,50,45,5,5,45,40,13,Train/13/00013_00019_00002.png
client_0,11574,44,47,6,5,39,42,7,Train/7/00007_00028_00024.png
client_0,28453,45,48,5,5,40,43,24,Train/24/00024_00008_00013.png
client_0,2430,32,31,6,5,27,26,1,Train/1/00001_00062_00000.png
client_0,23809,49,51,6,5,44,46,15,Train/15/00015_00013_00019.png
client_0,7418,31,33,5,5,26,28,4,Train/4/00004_00032_00008.png
client_0,37300,42,47,6,6,37,42,38,Train/38/00038_00043_00011.png
client_0,10224,61,59,6,5,56,54,5,Train/5/00005_00059_00024.png
client_0,7745,29,30,5,6,24,25,4,Train/4/00004_00043_00005.png
client_0,9292,50,44,6,5,45,39,5,Train/5/00005_00028_00022.png
client_0,29757,110,99,10,8,101,91,25,Train/25/00025_00042_00027.png
client_0,37909,49,47,6,5,44,42,38,Train/38/00038_00063_00020.png
client_0,37930,35,37,5,6,30,32,38,Train/38/00038_00064_00011.png
client_0,2775,54,54,6,5,49,48,1,Train/1/00001_00073_00015.png
client_0,36991,28,32,6,6,23,27,38,Train/38/00038_00033_00002.png
client_0,35304,60,58,5,5,55,53,35,Train/35/00035_00036_00025.png
client_0,9741,45,45,6,6,40,40,5,Train/5/00005_00043_00021.png
client_0,22628,56,56,6,6,51,51,14,Train/14/00014_00000_00008.png
client_0,19831,31,30,6,5,26,25,12,Train/12/00012_00049_00001.png
client_0,6539,100,101,8,9,92,93,4,Train/4/00004_00002_00029.png
client_0,10087,33,34,5,6,28,29,5,Train/5/00005_00055_00007.png
client_0,6619,74,73,6,6,67,66,4,Train/4/00004_00005_00019.png
client_0,10828,107,111,9,9,98,102,7,Train/7/00007_00003_00028.png
client_0,6434,37,35,5,6,31,30,3,Train/3/00003_00046_00014.png
client_0,25050,26,27,5,5,21,22,17,Train/17/00017_00020_00000.png
client_0,5676,31,31,5,5,26,26,3,Train/3/00003_00021_00006.png
client_0,33728,38,41,6,5,33,35,33,Train/33/00033_00021_00009.png
client_0,7398,36,35,6,5,31,30,4,Train/4/00004_00031_00018.png
client_0,5863,32,35,5,6,27,30,3,Train/3/00003_00027_00013.png
client_0,32222,34,32,6,5,29,27,31,Train/31/00031_00005_00002.png
client_0,18763,36,37,5,6,31,32,12,Train/12/00012_00013_00013.png
client_0,6084,58,60,5,6,53,55,3,Train/3/00003_00034_00024.png
client_0,26739,45,41,5,5,39,36,18,Train/18/00018_00039_00009.png
client_0,10179,30,29,5,5,25,24,5,Train/5/00005_00058_00009.png
client_0,36939,44,43,6,5,39,38,38,Train/38/00038_00031_00010.png
client_0,33082,45,45,5,5,40,40,32,Train/32/00032_00007_00022.png
client_0,8667,59,61,6,5,54,56,5,Train/5/00005_00007_00027.png
client_0,36908,33,36,6,6,28,31,38,Train/38/00038_00030_00009.png
client_0,23777,41,47,5,6,35,42,15,Train/15/00015_00012_00017.png
client_0,37774,39,40,5,6,34,35,38,Train/38/00038_00059_00005.png
client_0,30720,28,25,6,5,23,20,27,Train/27/00027_00005_00000.png
client_0,8800,35,36,5,6,30,31,5,Train/5/00005_00012_00010.png
client_0,9448,56,61,5,6,50,56,5,Train/5/00005_00033_00028.png
client_0,32605,123,112,10,10,113,103,31,Train/31/00031_00017_00025.png
client_0,7193,58,58,5,5,53,53,4,Train/4/00004_00024_00023.png
client_0,28906,53,48,6,5,48,43,25,Train/25/00025_00014_00016.png
client_0,8771,41,41,6,5,36,36,5,Train/5/00005_00011_00011.png
client_0,34618,132,133,12,12,121,122,35,Train/35/00035_00013_00029.png
client_0,9551,32,29,5,5,26,24,5,Train/5/00005_00037_00011.png
client_0,12066,28,29,5,5,23,24,7,Train/7/00007_00045_00006.png
client_0,7074,39,39,5,5,34,34,4,Train/4/00004_00020_00024.png
client_0,11734,32,34,6,6,27,29,7,Train/7/00007_00034_00004.png
client_0,10208,32,32,5,6,26,26,5,Train/5/00005_00059_00008.png
client_0,5163,32,32,5,5,27,27,3,Train/3/00003_00004_00003.png
client_0,30437,124,110,10,10,113,101,26,Train/26/00026_00015_00017.png
client_0,8067,103,97,9,8,94,89,4,Train/4/00004_00053_00027.png
client_0,6887,38,41,5,6,33,36,4,Train/4/00004_00014_00017.png
client_0,11198,38,39,5,6,33,34,7,Train/7/00007_00016_00008.png
client_0,6696,31,31,6,6,25,26,4,Train/4/00004_00008_00006.png
client_0,38168,33,34,5,6,28,29,39,Train/39/00039_00003_00009.png
client_0,36476,71,84,7,8,65,77,38,Train/38/00038_00015_00027.png
client_0,10921,33,33,5,5,28,28,7,Train/7/00007_00007_00001.png
client_0,9414,48,49,6,6,43,44,5,Train/5/00005_00032_00024.png
client_0,11106,34,33,5,5,29,28,7,Train/7/00007_00013_00006.png
client_0,34771,27,29,5,6,21,23,35,Train/35/00035_00019_00002.png
client_0,6408,47,48,5,5,42,42,3,Train/3/00003_00045_00018.png
client_0,11277,61,60,6,6,56,55,7,Train/7/00007_00018_00027.png
client_0,9234,47,41,5,6,41,35,5,Train/5/00005_00026_00024.png
client_0,8120,45,43,6,5,40,38,4,Train/4/00004_00055_00020.png
client_0,585,69,70,7,7,63,64,1,Train/1/00001_00000_00015.png
client_0,11361,46,46,5,5,41,41,7,Train/7/00007_00021_00021.png
client_0,6588,72,72,6,6,66,65,4,Train/4/00004_00004_00018.png
client_0,12117,43,45,5,6,38,40,7,Train/7/00007_00046_00027.png
client_0,23864,37,44,5,6,32,39,15,Train/15/00015_00015_00014.png
client_0,26613,30,28,5,6,25,23,18,Train/18/00018_00035_00003.png
client_0,35880,28,28,5,5,23,23,37,Train/37/00037_00003_00001.png
client_0,8324,42,42,6,6,37,37,4,Train/4/00004_00062_00014.png
client_0,6035,29,31,6,6,24,25,3,Train/3/00003_00033_00005.png
client_0,33700,37,36,6,6,31,31,33,Train/33/00033_00020_00011.png
client_0,23093,84,84,7,7,77,77,14,Train/14/00014_00015_00023.png
client_0,38637,154,153,13,14,140,140,40,Train/40/00040_00008_00028.png
client_0,10628,32,32,5,5,27,27,6,Train/6/00006_00011_00008.png
client_0,36944,49,50,5,6,44,45,38,Train/38/00038_00031_00015.png
client_0,33598,58,67,6,6,53,61,33,Train/33/00033_00016_00028.png
client_0,30797,48,45,5,5,43,39,27,Train/27/00027_00007_00017.png
client_0,22886,72,93,6,8,65,84,14,Train/14/00014_00008_00026.png
client_0,33288,49,49,5,5,43,44,33,Train/33/00033_00006_00018.png
client_0,20953,50,45,5,5,45,40,13,Train/13/00013_00016_00013.png
client_0,24467,28,32,5,6,23,27,17,Train/17/00017_00000_00017.png
client_0,7095,39,40,5,5,34,35,4,Train/4/00004_00021_00015.png
client_0,11127,73,67,7,6,67,61,7,Train/7/00007_00013_00027.png
client_0,218,27,28,5,6,22,23,20,Train/20/00020_00007_00008.png
client_0,32248,69,63,6,5,63,58,31,Train/31/00031_00005_00028.png
client_0,1867,43,42,6,5,38,37,1,Train/1/00001_00043_00007.png
client_0,7279,41,42,5,6,36,37,4,Train/4/00004_00027_00019.png
client_0,30567,76,69,7,7,70,62,26,Train/26/00026_00019_00027.png
client_0,23930,50,50,5,6,45,45,15,Train/15/00015_00017_00020.png
client_0,37944,68,69,7,6,62,63,38,Train/38/00038_00064_00025.png
client_0,25319,76,83,7,8,70,76,17,Train/17/00017_00028_00029.png
client_0,27033,31,28,6,5,26,23,21,Train/21/00021_00002_00003.png
client_0,9703,38,39,6,5,33,34,5,Train/5/00005_00042_00013.png
client_0,32526,45,42,5,6,40,37,31,Train/31/00031_00015_00006.png
client_0,2759,122,122,10,10,112,112,1,Train/1/00001_00072_00029.png
client_0,36102,42,44,5,6,37,39,38,Train/38/00038_00003_00013.png
client_0,7533,31,32,5,6,26,27,4,Train/4/00004_00036_00003.png
client_0,37051,27,28,5,5,22,23,38,Train/38/00038_00035_00002.png
client_0,23357,42,43,5,6,37,38,14,Train/14/00014_00024_00017.png
client_0,30643,48,41,6,5,42,36,27,Train/27/00027_00002_00013.png
client_0,7071,38,38,6,6,33,33,4,Train/4/00004_00020_00021.png
client_0,33545,28,32,5,6,23,27,33,Train/33/00033_00015_00005.png
client_0,3,28,27,5,6,23,22,20,Train/20/00020_00000_00003.png
client_0,11056,47,47,6,6,42,42,7,Train/7/00007_00011_00016.png
client_0,11153,76,76,6,6,70,70,7,Train/7/00007_00014_00023.png
client_0,9617,35,35,6,5,30,30,5,Train/5/00005_00039_00017.png
client_0,36886,46,45,6,5,41,40,38,Train/38/00038_00029_00017.png
client_0,4841,33,33,5,5,28,28,2,Train/2/00002_00068_00011.png
client_0,6598,133,129,11,11,122,118,4,Train/4/00004_00004_00028.png
client_0,468,47,46,6,5,42,41,0,Train/0/00000_00003_00018.png
client_0,35458,92,95,9,8,84,86,36,Train/36/00036_00001_00029.png
client_0,33513,35,36,5,5,30,31,33,Train/33/00033_00014_00003.png
client_0,22909,53,56,6,6,47,50,14,Train/14/00014_00009_00019.png
client_0,1034,39,39,5,5,33,33,1,Train/1/00001_00015_00014.png
client_0,17894,28,43,5,6,23,38,11,Train/11/00011_00028_00014.png
client_0,9793,36,36,5,6,31,30,5,Train/5/00005_00045_00013.png
client_0,35442,39,40,6,6,33,34,36,Train/36/00036_00001_00013.png
client_0,9105,42,43,5,6,37,38,5,Train/5/00005_00022_00015.png
client_0,12133,31,33,5,6,26,28,7,Train/7/00007_00047_00013.png
client_0,20044,41,41,6,6,36,35,12,Train/12/00012_00056_00004.png
client_0,29886,63,59,6,6,58,54,25,Train/25/00025_00047_00006.png
client_0,8505,36,36,6,6,30,30,5,Train/5/00005_00002_00015.png
client_0,9571,27,27,6,5,22,22,5,Train/5/00005_00038_00001.png
client_0,23243,113,110,10,9,104,101,14,Train/14/00014_00020_00023.png
client_0,611,38,39,5,5,33,33,1,Train/1/00001_00001_00011.png
client_0,6481,39,40,5,6,34,35,4,Train/4/00004_00001_00001.png
client_0,2193,40,39,6,6,35,34,1,Train/1/00001_00054_00003.png
client_0,36517,36,35,6,5,31,30,38,Train/38/00038_00017_00008.png
client_0,26232,68,69,6,7,62,63,18,Train/18/00018_00022_00012.png
client_0,10104,47,48,6,5,42,43,5,Train/5/00005_00055_00024.png
client_0,21307,48,46,5,5,43,41,13,Train/13/00013_00028_00007.png
client_0,10819,53,53,6,6,48,48,7,Train/7/00007_00003_00019.png
client_0,231,44,42,5,5,38,36,20,Train/20/00020_00007_00021.png
client_0,7010,55,59,6,6,50,54,4,Train/4/00004_00018_00020.png
client_0,352,52,48,6,6,47,43,20,Train/20/00020_00011_00022.png
client_0,37441,29,28,5,6,24,23,38,Train/38/00038_00048_00002.png
client_0,5934,53,52,6,5,48,47,3,Train/3/00003_00029_00024.png
client_0,30784,35,31,6,5,30,26,27,Train/27/00027_00007_00004.png
client_0,1534,34,34,6,5,29,28,1,Train/1/00001_00032_00004.png
client_0,38870,43,46,5,6,38,40,41,Train/41/00041_00004_00021.png
client_0,9891,51,52,5,5,46,47,5,Train/5/00005_00048_00021.png
client_0,27113,54,47,5,5,49,42,21,Train/21/00021_00004_00023.png
client_0,38887,29,29,5,5,24,24,41,Train/41/00041_00005_00008.png
client_0,5564,48,51,5,6,43,46,3,Train/3/00003_00017_00014.png
client_0,336,31,30,5,6,26,24,20,Train/20/00020_00011_00006.png
client_0,37348,123,118,11,11,113,108,38,Train/38/00038_00044_00029.png
client_0,7817,40,41,5,6,34,35,4,Train/4/00004_00045_00017.png
client_0,37288,77,77,7,7,71,71,38,Train/38/00038_00042_00029.png
client_0,9247,31,30,6,5,26,25,5,Train/5/00005_00027_00007.png
client_0,1598,34,33,5,5,28,28,1,Train/1/00001_00034_00008.png
client_0,25028,40,41,5,5,35,36,17,Train/17/00017_00019_00008.png
client_0,8944,33,33,5,5,28,28,5,Train/5/00005_00017_00004.png
client_0,10244,32,36,5,6,26,30,5,Train/5/00005_00060_00014.png
client_0,37437,34,33,6,6,28,28,38,Train/38/00038_00047_00028.png
client_0,18760,32,32,5,5,27,27,12,Train/12/00012_00013_00010.png
client_0,28325,36,31,6,6,31,26,24,Train/24/00024_00004_00005.png
client_0,17083,71,70,7,7,65,63,11,Train/11/00011_00001_00013.png
client_0,34234,29,28,6,5,24,23,35,Train/35/00035_00001_00005.png
client_0,32714,38,39,5,6,33,34,31,Train/31/00031_00021_00014.png
client_0,29977,34,34,6,6,29,29,26,Train/26/00026_00000_00007.png
client_0,23734,45,55,6,6,40,50,15,Train/15/00015_00011_00004.png
client_0,9624,41,42,5,5,36,37,5,Train/5/00005_00039_00024.png
client_0,23507,37,40,5,5,32,35,15,Train/15/00015_00003_00017.png
client_0,9773,56,60,5,5,51,55,5,Train/5/00005_00044_00023.png
client_0,30138,50,45,5,6,45,40,26,Train/26/00026_00005_00018.png
client_0,8681,38,38,5,5,33,33,5,Train/5/00005_00008_00011.png
client_0,9555,35,32,6,5,30,27,5,Train/5/00005_00037_00015.png
client_0,9996,32,33,5,6,27,28,5,Train/5/00005_00052_00006.png
client_0,23158,120,124,10,11,110,114,14,Train/14/00014_00017_00028.png
client_0,8523,28,28,5,6,23,23,5,Train/5/00005_00003_00003.png
client_0,38260,32,33,6,6,27,28,39,Train/39/00039_00006_00011.png
client_0,35579,29,30,5,6,24,25,36,Train/36/00036_00006_00000.png
client_0,11102,32,32,6,6,27,26,7,Train/7/00007_00013_00002.png
client_0,20635,82,75,7,7,75,69,13,Train/13/00013_00005_00025.png
client_0,37979,33,33,6,5,28,28,38,Train/38/00038_00066_00000.png
client_0,8752,48,48,6,6,43,43,5,Train/5/00005_00010_00022.png
client_0,2020,40,40,5,5,35,35,1,Train/1/00001_00048_00010.png
client_0,9615,33,35,5,6,27,29,5,Train/5/00005_00039_00015.png
client_0,8541,41,41,6,6,36,36,5,Train/5/00005_00003_00021.png
client_0,6922,40,40,5,6,35,35,4,Train/4/00004_00015_00022.png
client_0,23791,29,32,5,6,24,27,15,Train/15/00015_00013_00001.png
client_0,11070,29,28,6,5,24,23,7,Train/7/00007_00012_00000.png
client_0,18290,56,53,6,6,51,48,11,Train/11/00011_00041_00020.png
client_0,10240,28,31,5,6,22,26,5,Train/5/00005_00060_00010.png
client_0,32284,35,31,6,5,30,26,31,Train/31/00031_00007_00004.png
client_0,28609,52,48,5,5,47,43,25,Train/25/00025_00004_00019.png
client_0,38096,164,168,14,14,150,154,39,Train/39/00039_00000_00027.png
client_0,10214,39,37,6,5,34,32,5,Train/5/00005_00059_00014.png
client_0,587,72,74,6,6,66,67,1,Train/1/00001_00000_00017.png
client_0,2107,37,37,6,6,32,32,1,Train/1/00001_00051_00007.png
client_0,36413,51,50,6,5,45,45,38,Train/38/00038_00013_00024.png
client_0,32302,52,50,5,6,47,45,31,Train/31/00031_00007_00022.png
client_0,11245,54,56,6,6,49,51,7,Train/7/00007_00017_00025.png
client_0,9987,68,69,7,6,62,63,5,Train/5/00005_00051_00027.png
client_0,12102,33,33,6,6,28,28,7,Train/7/00007_00046_00012.png
client_0,8859,35,35,6,6,30,30,5,Train/5/00005_00014_00009.png
client_0,2338,102,99,9,9,93,90,1,Train/1/00001_00058_00028.png
client_0,8614,32,33,5,6,27,28,5,Train/5/00005_00006_00004.png
client_0,32825,39,37,5,5,34,32,31,Train/31/00031_00025_00005.png
client_0,23200,46,45,6,5,40,40,14,Train/14/00014_00019_00010.png
client_0,24734,37,41,5,5,32,36,17,Train/17/00017_00009_00014.png
client_0,37307,45,54,5,5,40,49,38,Train/38/00038_00043_00018.png
client_0,7548,51,50,6,5,46,45,4,Train/4/00004_00036_00018.png
client_0,3999,30,29,6,5,25,24,2,Train/2/00002_00040_00009.png
client_0,9664,28,29,6,6,23,24,5,Train/5/00005_00041_00004.png
client_0,7743,29,29,6,6,24,24,4,Train/4/00004_00043_00003.png
client_0,36571,30,30,5,5,25,25,38,Train/38/00038_00019_00002.png
client_0,30383,53,51,6,5,47,45,26,Train/26/00026_00013_00023.png
client_0,11808,43,40,5,5,38,35,7,Train/7/00007_00036_00018.png
client_0,34988,38,39,5,6,33,34,35,Train/35/00035_00026_00009.png
client_0,8097,108,117,10,11,99,107,4,Train/4/00004_00054_00027.png
client_0,23354,36,36,5,5,31,31,14,Train/14/00014_00024_00014.png
client_0,32070,38,35,5,5,33,30,31,Train/31/00031_00000_00000.png
client_0,10374,62,71,5,7,57,65,6,Train/6/00006_00002_00024.png
client_0,5997,74,82,7,7,68,74,3,Train/3/00003_00031_00027.png
client_0,10317,63,68,6,6,58,62,6,Train/6/00006_00000_00027.png
client_0,18999,42,45,5,6,37,40,12,Train/12/00012_00021_00009.png
client_0,38054,40,41,6,5,35,36,38,Train/38/00038_00068_00015.png
client_0,34202,39,38,6,5,34,33,35,Train/35/00035_00000_00003.png
client_0,8794,30,30,6,5,25,24,5,Train/5/00005_00012_00004.png
client_0,891,48,49,5,6,43,44,1,Train/1/00001_00010_00021.png
client_0,1813,52,52,6,6,47,47,1,Train/1/00001_00041_00013.png
client_0,10745,27,29,5,6,22,24,7,Train/7/00007_00001_00005.png
client_0,1525,74,73,7,7,68,66,1,Train/1/00001_00031_00025.png
client_0,7586,59,59,5,5,54,54,4,Train/4/00004_00037_00026.png
client_0,162,38,35,6,6,33,30,20,Train/20/00020_00005_00012.png
client_0,5059,43,45,5,6,38,39,3,Train/3/00003_00000_00019.png
client_0,9446,52,54,6,5,46,49,5,Train/5/00005_00033_00026.png
client_0,209,89,75,8,6,81,69,20,Train/20/00020_00006_00029.png
client_0,9685,58,60,5,5,52,54,5,Train/5/00005_00041_00025.png
client_0,37003,34,42,5,6,29,37,38,Train/38/00038_00033_00014.png
client_0,20702,42,46,6,6,37,41,13,Train/13/00013_00008_00002.png
client_0,8640,31,31,6,6,26,26,5,Train/5/00005_00007_00000.png
client_0,37904,37,39,5,6,32,34,38,Train/38/00038_00063_00015.png
client_0,192,37,35,5,6,31,29,20,Train/20/00020_00006_00012.png
client_0,2693,103,100,9,8,94,92,1,Train/1/00001_00070_00023.png
client_0,11568,38,40,6,6,33,35,7,Train/7/00007_00028_00018.png
client_0,9967,34,34,6,6,29,29,5,Train/5/00005_00051_00007.png
client_0,11539,41,42,5,5,35,36,7,Train/7/00007_00027_00019.png
client_0,11247,57,59,5,5,52,54,7,Train/7/00007_00017_00027.png
client_0,11706,32,32,6,6,27,27,7,Train/7/00007_00033_00006.png
client_0,7948,68,70,6,7,62,63,4,Train/4/00004_00049_00028.png
client_0,7744,29,29,5,5,23,23,4,Train/4/00004_00043_00004.png
client_0,38042,29,31,5,6,24,26,38,Train/38/00038_00068_00003.png
client_0,11914,28,29,6,6,23,24,7,Train/7/00007_00040_00004.png
client_0,23840,45,50,6,6,40,45,15,Train/15/00015_00014_00020.png
client_0,6458,47,46,6,5,42,41,4,Train/4/00004_00000_00008.png
client_0,18691,36,39,5,6,30,33,12,Train/12/00012_00011_00001.png
client_0,10105,47,51,6,6,42,46,5,Train/5/00005_00055_00025.png
client_0,34340,47,47,6,5,42,42,35,Train/35/00035_00004_00021.png
client_0,9409,40,40,6,5,35,35,5,Train/5/00005_00032_00019.png
client_0,11882,30,29,6,5,25,24,7,Train/7/00007_00039_00002.png
client_0,10283,47,48,6,6,42,43,5,Train/5/00005_00061_00023.png
client_0,9589,40,40,6,5,35,35,5,Train/5/00005_00038_00019.png
client_0,9593,44,46,5,5,39,41,5,Train/5/00005_00038_00023.png
client_0,34844,36,38,5,6,31,33,35,Train/35/00035_00021_00015.png
client_0,7797,61,63,5,5,56,58,4,Train/4/00004_00044_00027.png
client_0,9214,30,29,5,6,25,24,5,Train/5/00005_00026_00004.png
client_0,8876,61,61,5,5,56,56,5,Train/5/00005_00014_00026.png
client_0,30076,50,47,6,5,45,42,26,Train/26/00026_00003_00016.png
client_0,38829,44,45,6,5,39,40,41,Train/41/00041_00003_00010.png
client_0,30620,68,61,6,6,62,56,27,Train/27/00027_00001_00020.png
client_0,33420,29,29,6,6,24,24,33,Train/33/00033_00011_00000.png
client_0,7653,27,27,5,5,22,22,4,Train/4/00004_00040_00003.png
client_0,30698,43,43,5,6,38,38,27,Train/27/00027_00004_00008.png
client_0,11080,32,32,6,6,27,27,7,Train/7/00007_00012_00010.png
client_0,6523,43,43,6,6,37,38,4,Train/4/00004_00002_00013.png
client_0,32544,73,67,6,6,67,61,31,Train/31/00031_00015_00024.png
client_0,28273,61,58,6,6,56,53,24,Train/24/00024_00002_00013.png
client_0,2380,41,40,5,6,35,34,1,Train/1/00001_00060_00010.png
client_0,9992,28,28,5,5,23,23,5,Train/5/00005_00052_00002.png
client_0,21627,111,105,9,9,102,96,13,Train/13/00013_00038_00027.png
client_0,29066,145,136,13,11,133,125,25,Train/25/00025_00019_00026.png
client_0,10068,38,37,5,5,33,32,5,Train/5/00005_00054_00018.png
client_0,10752,32,31,6,5,27,26,7,Train/7/00007_00001_00012.png
client_0,12971,31,29,6,5,26,24,8,Train/8/00008_00027_00011.png
client_0,9545,29,28,5,5,24,22,5,Train/5/00005_00037_00005.png
client_0,2330,61,58,6,6,56,53,1,Train/1/00001_00058_00020.png
client_0,36240,26,28,5,6,20,23,38,Train/38/00038_00008_00001.png
client_0,8287,33,33,5,5,28,28,4,Train/4/00004_00061_00007.png
client_0,2402,33,36,6,6,28,30,1,Train/1/00001_00061_00002.png
client_0,33074,35,37,5,5,29,31,32,Train/32/00032_00007_00014.png
client_0,32673,31,31,5,5,26,26,31,Train/31/00031_00020_00003.png
client_0,35151,41,44,5,6,36,39,35,Train/35/00035_00031_00022.png
client_0,8579,86,93,7,8,79,85,5,Train/5/00005_00004_00029.png
client_0,8617,38,37,6,5,33,32,5,Train/5/00005_00006_00007.png
client_0,32520,41,37,6,5,36,32,31,Train/31/00031_00015_00000.png
client_0,37009,42,50,5,6,37,45,38,Train/38/00038_00033_00020.png
client_0,11266,38,38,6,5,33,33,7,Train/7/00007_00018_00016.png
client_0,28560,54,59,5,6,49,54,25,Train/25/00025_00003_00000.png
client_0,23264,48,49,5,6,43,44,14,Train/14/00014_00021_00014.png
client_0,25887,135,120,12,10,123,109,18,Train/18/00018_00010_00027.png
client_0,7484,38,38,6,6,33,33,4,Train/4/00004_00034_00014.png
client_0,30648,58,53,6,6,53,48,27,Train/27/00027_00002_00018.png
client_0,32259,37,36,6,5,32,31,31,Train/31/00031_00006_00009.png
client_0,12003,29,30,5,6,24,25,7,Train/7/00007_00043_00003.png
client_0,11647,29,29,5,5,24,24,7,Train/7/00007_00031_00007.png
client_0,8697,98,100,8,9,90,92,5,Train/5/00005_00008_00027.png
client_0,7112,31,30,6,6,26,25,4,Train/4/00004_00022_00002.png
client_0,9639,30,31,5,6,25,26,5,Train/5/00005_00040_00009.png
client_0,25694,98,88,8,8,90,81,18,Train/18/00018_00004_00014.png
client_0,30213,35,31,5,5,30,26,26,Train/26/00026_00008_00003.png
client_0,22661,46,44,6,5,40,39,14,Train/14/00014_00001_00011.png
client_0,28383,34,31,6,5,29,25,24,Train/24/00024_00006_00003.png
client_0,3571,31,33,5,6,26,28,2,Train/2/00002_00026_00001.png
client_0,30480,30,26,6,6,24,21,26,Train/26/00026_00017_00000.png
client_0,36281,40,41,6,5,35,36,38,Train/38/00038_00009_00012.png
client_0,6972,35,36,6,5,30,31,4,Train/4/00004_00017_00012.png
client_0,7595,34,33,6,5,29,28,4,Train/4/00004_00038_00005.png
client_0,37637,44,47,6,6,39,42,38,Train/38/00038_00054_00018.png
client_0,37793,61,62,5,6,56,57,38,Train/38/00038_00059_00024.png
client_0,9245,31,30,6,5,26,25,5,Train/5/00005_00027_00005.png
client_0,8550,26,28,5,6,20,22,5,Train/5/00005_00004_00000.png
client_0,11388,53,54,5,6,48,49,7,Train/7/00007_00022_00018.png
client_0,8762,33,34,5,5,28,29,5,Train/5/00005_00011_00002.png
client_0,36584,37,37,6,6,32,32,38,Train/38/00038_00019_00015.png
client_0,7376,84,83,8,7,77,76,4,Train/4/00004_00030_00026.png
client_0,26040,30,27,5,6,25,22,18,Train/18/00018_00016_00000.png
client_0,33829,39,40,5,6,34,35,34,Train/34/00034_00001_00020.png
client_0,9354,49,49,5,6,44,44,5,Train/5/00005_00030_00024.png
client_0,28436,108,93,10,9,99,85,24,Train/24/00024_00007_00026.png
client_0,34966,46,46,6,6,41,41,35,Train/35/00035_00025_00017.png
client_0,11454,49,47,5,5,44,42,7,Train/7/00007_00024_00024.png
client_0,34259,29,30,5,6,24,25,35,Train/35/00035_00002_00000.png
client_0,22817,49,52,5,6,43,46,14,Train/14/00014_00006_00017.png
client_0,9921,42,44,6,6,37,39,5,Train/5/00005_00049_00021.png
client_0,21589,54,54,6,6,49,49,13,Train/13/00013_00037_00019.png
client_0,7796,57,58,6,5,52,53,4,Train/4/00004_00044_00026.png
client_0,22685,37,36,6,6,31,31,14,Train/14/00014_00002_00005.png
client_0,30376,41,40,6,5,36,34,26,Train/26/00026_00013_00016.png
client_0,11737,32,35,5,5,27,30,7,Train/7/00007_00034_00007.png
client_0,30299,71,62,7,6,65,57,26,Train/26/00026_00010_00029.png
client_0,30389,74,74,6,7,68,68,26,Train/26/00026_00013_00029.png
client_0,22699,51,50,6,6,46,45,14,Train/14/00014_00002_00019.png
client_0,28260,54,52,6,6,49,47,24,Train/24/00024_00002_00000.png
client_0,34847,42,43,5,6,37,38,35,Train/35/00035_00021_00018.png
client_0,32468,33,34,6,6,28,29,31,Train/31/00031_00013_00008.png
client_0,1243,40,41,5,5,35,36,1,Train/1/00001_00022_00013.png
client_0,9017,44,45,5,6,39,40,5,Train/5/00005_00019_00017.png
client_0,37035,37,39,6,6,32,34,38,Train/38/00038_00034_00016.png
client_0,5376,31,31,5,5,26,26,3,Train/3/00003_00011_00006.png
client_0,10707,55,59,5,6,50,54,6,Train/6/00006_00013_00027.png
client_0,7847,44,43,6,6,39,38,4,Train/4/00004_00046_00017.png
client_0,9468,36,38,5,5,31,33,5,Train/5/00005_00034_00018.png
client_0,37754,48,49,6,6,43,44,38,Train/38/00038_00058_00015.png
client_0,30062,33,29,5,5,27,24,26,Train/26/00026_00003_00002.png
client_0,11359,45,43,6,5,40,38,7,Train/7/00007_00021_00019.png
client_0,10774,41,42,6,5,35,37,7,Train/7/00007_00002_00004.png
client_0,10402,50,52,5,5,45,47,6,Train/6/00006_00003_00022.png
client_0,23278,145,155,13,14,133,141,14,Train/14/00014_00021_00028.png
client_0,6818,34,33,6,5,29,28,4,Train/4/00004_00012_00008.png
client_0,9428,31,32,6,5,25,26,5,Train/5/00005_00033_00008.png
client_0,32717,42,43,5,6,37,38,31,Train/31/00031_00021_00017.png
client_0,17722,105,97,10,9,96,89,11,Train/11/00011_00022_00022.png
client_0,20450,71,72,7,7,65,66,12,Train/12/00012_00069_00020.png
client_0,7502,29,29,6,6,24,24,4,Train/4/00004_00035_00002.png
client_0,9369,31,32,6,6,26,27,5,Train/5/00005_00031_00009.png
client_0,37417,29,28,6,6,23,22,38,Train/38/00038_00047_00008.png
client_0,38041,29,30,5,6,24,25,38,Train/38/00038_00068_00002.png
client_0,32367,98,87,8,7,90,80,31,Train/31/00031_00009_00027.png
client_0,25918,129,117,11,11,117,106,18,Train/18/00018_00011_00028.png
client_0,10799,131,145,11,12,120,133,7,Train/7/00007_00002_00029.png
client_0,9935,32,33,5,6,27,28,5,Train/5/00005_00050_00005.png
client_0,34237,31,32,5,6,26,27,35,Train/35/00035_00001_00008.png
client_0,32303,54,52,5,6,48,46,31,Train/31/00031_00007_00023.png
client_0,37455,40,40,5,5,34,34,38,Train/38/00038_00048_00016.png
client_0,32110,46,43,6,6,41,37,31,Train/31/00031_00001_00010.png
client_0,10361,36,38,6,6,31,33,6,Train/6/00006_00002_00011.png
client_0,25816,71,63,6,5,65,57,18,Train/18/00018_00008_00016.png
client_0,7111,29,30,6,6,24,25,4,Train/4/00004_00022_00001.png
client_0,10075,46,45,5,5,41,40,5,Train/5/00005_00054_00025.png
client_0,33034,29,30,5,6,24,25,32,Train/32/00032_00006_00004.png
client_0,30314,59,55,6,5,54,49,26,Train/26/00026_00011_00014.png
client_0,11769,34,34,5,5,28,29,7,Train/7/00007_00035_00009.png
client_0,9592,48,53,6,6,43,48,5,Train/5/00005_00038_00022.png
client_0,9141,48,48,5,5,43,43,5,Train/5/00005_00023_00021.png
client_0,28264,56,55,5,6,51,49,24,Train/24/00024_00002_00004.png
client_0,35801,41,40,6,5,36,35,37,Train/37/00037_00000_00012.png
client_0,7526,81,84,7,7,74,77,4,Train/4/00004_00035_00026.png
client_0,10073,45,43,6,5,40,38,5,Train/5/00005_00054_00023.png
client_0,25263,27,29,5,6,22,24,17,Train/17/00017_00027_00003.png
client_0,38246,81,84,7,8,74,77,39,Train/39/00039_00005_00027.png
client_0,21162,35,43,6,5,30,38,13,Train/13/00013_00023_00012.png
client_0,32451,63,59,5,6,58,54,31,Train/31/00031_00012_00021.png
client_0,32707,34,35,5,6,29,30,31,Train/31/00031_00021_00007.png
client_0,23270,63,65,6,5,58,59,14,Train/14/00014_00021_00020.png
client_0,8553,27,26,6,5,22,21,5,Train/5/00005_00004_00003.png
client_0,8818,111,111,9,9,102,102,5,Train/5/00005_00012_00028.png
client_0,2282,29,30,5,6,24,25,1,Train/1/00001_00057_00002.png
client_0,11596,37,38,5,5,32,33,7,Train/7/00007_00029_00016.png
client_0,9607,29,30,5,5,24,25,5,Train/5/00005_00039_00007.png
client_0,9582,33,34,5,5,28,29,5,Train/5/00005_00038_00012.png
client_0,25448,29,29,6,5,24,24,17,Train/17/00017_00033_00008.png
client_0,22308,82,75,7,6,75,69,13,Train/13/00013_00061_00018.png
client_0,32529,47,45,5,6,42,40,31,Train/31/00031_00015_00009.png
client_0,5706,30,31,5,5,25,26,3,Train/3/00003_00022_00006.png
client_0,10989,33,34,6,5,28,29,7,Train/7/00007_00009_00009.png
client_0,32171,47,42,5,5,42,37,31,Train/31/00031_00003_00011.png
client_0,9502,59,61,5,5,54,56,5,Train/5/00005_00035_00022.png
client_0,23136,31,32,6,6,26,26,14,Train/14/00014_00017_00006.png
client_0,32285,36,33,6,6,31,28,31,Train/31/00031_00007_00005.png
client_0,247,32,33,5,6,27,28,20,Train/20/00020_00008_00007.png
client_0,6636,32,32,5,5,26,26,4,Train/4/00004_00006_00006.png
client_0,9690,29,30,6,6,24,25,5,Train/5/00005_00042_00000.png
client_0,22312,100,95,8,9,92,86,13,Train/13/00013_00061_00022.png
client_0,12839,95,93,8,9,87,85,8,Train/8/00008_00022_00029.png
client_0,331,30,27,5,5,25,22,20,Train/20/00020_00011_00001.png
client_0,33028,39,43,5,5,33,38,32,Train/32/00032_00005_00028.png
client_0,15072,40,36,6,5,34,31,10,Train/10/00010_00001_00012.png
client_0,37582,71,112,6,10,65,103,38,Train/38/00038_00052_00023.png
client_0,23632,40,43,5,5,35,38,15,Train/15/00015_00007_00022.png
client_0,38308,103,110,9,10,94,101,39,Train/39/00039_00007_00029.png
client_0,36027,106,101,10,9,97,92,38,Train/38/00038_00000_00028.png
client_0,11716,44,43,6,6,39,38,7,Train/7/00007_00033_00016.png
client_0,72,44,41,6,6,39,36,20,Train/20/00020_00002_00012.png
client_0,21843,33,40,6,5,28,35,13,Train/13/00013_00046_00003.png
client_0,34391,38,38,6,5,33,33,35,Train/35/00035_00006_00012.png
client_0,32457,105,93,10,8,96,85,31,Train/31/00031_00012_00027.png
client_0,20396,75,72,7,7,69,66,12,Train/12/00012_00067_00026.png
client_0,36233,69,70,7,7,63,64,38,Train/38/00038_00007_00024.png
client_0,8494,30,26,6,5,24,21,5,Train/5/00005_00002_00004.png
client_0,18557,64,67,5,6,59,61,12,Train/12/00012_00006_00017.png
client_0,8343,28,27,6,5,23,22,4,Train/4/00004_00063_00003.png
client_0,36127,33,35,6,6,27,30,38,Train/38/00038_00004_00008.png
client_0,33268,72,69,6,6,66,63,33,Train/33/00033_00005_00028.png
client_0,12067,31,32,6,6,25,26,7,Train/7/00007_00045_00007.png
client_0,32845,94,84,9,8,86,77,31,Train/31/00031_00025_00025.png
client_0,33523,38,41,5,6,33,36,33,Train/33/00033_00014_00013.png
client_0,1877,55,55,6,6,50,50,1,Train/1/00001_00043_00017.png
client_0,9111,51,50,6,5,46,45,5,Train/5/00005_00022_00021.png
client_0,28074,48,48,5,5,43,43,23,Train/23/00023_00012_00024.png
client_0,6710,49,49,6,6,43,43,4,Train/4/00004_00008_00020.png
client_0,35148,37,38,5,5,32,33,35,Train/35/00035_00031_00019.png
client_0,6959,62,70,5,7,57,64,4,Train/4/00004_00016_00029.png
client_0,9538,73,71,7,6,67,65,5,Train/5/00005_00036_00028.png
client_0,23300,62,71,5,6,57,65,14,Train/14/00014_00022_00020.png
client_0,7166,43,45,5,6,38,40,4,Train/4/00004_00023_00026.png
client_0,1956,44,43,6,5,39,38,1,Train/1/00001_00046_00006.png
client_0,10846,45,46,5,6,40,41,7,Train/7/00007_00004_00016.png
client_0,11669,64,67,5,6,58,61,7,Train/7/00007_00031_00029.png
client_0,37356,30,33,5,6,25,28,38,Train/38/00038_00045_00007.png
client_0,32549,93,85,8,8,85,78,31,Train/31/00031_00015_00029.png
client_0,30161,38,36,5,6,33,31,26,Train/26/00026_00006_00011.png
client_0,8778,48,50,5,5,43,45,5,Train/5/00005_00011_00018.png
client_0,20220,39,39,6,6,34,34,12,Train/12/00012_00062_00000.png
client_0,36619,56,59,6,6,51,54,38,Train/38/00038_00020_00020.png
client_0,36479,41,49,6,6,36,44,38,Train/38/00038_00016_00000.png
client_0,35273,51,49,5,5,45,44,35,Train/35/00035_00035_00024.png
client_0,11008,44,46,5,5,39,41,7,Train/7/00007_00009_00028.png
client_0,8842,50,49,6,5,45,44,5,Train/5/00005_00013_00022.png
client_0,68,38,37,5,5,33,32,20,Train/20/00020_00002_00008.png
client_0,28265,58,56,6,6,53,50,24,Train/24/00024_00002_00005.png
client_0,33666,31,32,5,5,26,27,33,Train/33/00033_00019_00006.png
client_0,267,61,61,6,6,56,56,20,Train/20/00020_00008_00027.png
client_0,22777,53,53,5,5,48,48,14,Train/14/00014_00005_00007.png
client_0,11265,37,38,6,6,32,33,7,Train/7/00007_00018_00015.png
client_0,32122,59,56,5,6,54,51,31,Train/31/00031_00001_00022.png
client_0,23098,140,140,12,12,128,128,14,Train/14/00014_00015_00028.png
client_0,8691,59,58,6,5,54,53,5,Train/5/00005_00008_00021.png
client_0,21902,49,45,6,5,44,40,13,Train/13/00013_00048_00002.png
client_0,32528,47,44,6,6,42,39,31,Train/31/00031_00015_00008.png
client_0,32941,27,28,6,5,22,22,32,Train/32/00032_00003_00001.png
client_0,10004,39,38,6,5,34,33,5,Train/5/00005_00052_00014.png
client_0,37565,44,56,6,5,38,50,38,Train/38/00038_00052_00006.png
client_0,35270,44,43,6,5,39,37,35,Train/35/00035_00035_00021.png
client_0,8816,86,86,8,8,79,79,5,Train/5/00005_00012_00026.png
client_0,7434,61,61,6,6,56,56,4,Train/4/00004_00032_00024.png
client_0,10721,33,34,6,6,28,29,7,Train/7/00007_00000_00011.png
client_0,22818,52,53,6,5,46,47,14,Train/14/00014_00006_00018.png
client_0,9365,28,28,6,5,23,23,5,Train/5/00005_00031_00005.png
client_0,22896,29,31,5,6,24,26,14,Train/14/00014_00009_00006.png
client_0,258,40,40,5,5,35,35,20,Train/20/00020_00008_00018.png
client_0,33307,50,51,5,5,45,45,33,Train/33/00033_00007_00007.png
client_0,11013,34,34,6,6,29,29,7,Train/7/00007_00010_00003.png
client_0,6930,30,32,6,5,25,27,4,Train/4/00004_00016_00000.png
client_0,9254,37,37,5,6,32,32,5,Train/5/00005_00027_00014.png
client_0,11295,38,42,5,6,33,37,7,Train/7/00007_00019_00015.png
client_0,8592,34,33,6,5,29,28,5,Train/5/00005_00005_00012.png
client_0,7868,44,43,5,5,38,38,4,Train/4/00004_00047_00008.png
client_0,38319,35,37,5,6,29,31,39,Train/39/00039_00008_00010.png
client_0,11953,39,39,5,5,33,33,7,Train/7/00007_00041_00013.png
client_0,23154,75,76,6,6,68,69,14,Train/14/00014_00017_00024.png
client_0,21110,55,51,6,6,49,45,13,Train/13/00013_00021_00020.png
client_0,8315,34,33,6,6,29,28,4,Train/4/00004_00062_00005.png
client_0,38760,27,28,6,5,22,23,41,Train/41/00041_00001_00001.png
client_0,548,41,43,6,6,35,37,0,Train/0/00000_00006_00008.png
client_0,11441,36,35,5,5,31,30,7,Train/7/00007_00024_00011.png
client_0,20647,32,31,5,5,27,26,13,Train/13/00013_00006_00007.png
client_0,23021,63,63,6,5,58,58,14,Train/14/00014_00013_00011.png
client_0,22182,93,82,9,7,85,75,13,Train/13/00013_00057_00012.png
client_0,23389,46,48,5,6,41,43,14,Train/14/00014_00025_00019.png
client_0,695,52,51,6,5,47,46,1,Train/1/00001_00004_00005.png
client_0,38740,35,36,6,6,30,31,41,Train/41/00041_00000_00011.png
client_0,8362,49,48,6,5,44,43,4,Train/4/00004_00063_00022.png
client_0,10785,51,54,6,5,46,49,7,Train/7/00007_00002_00015.png
client_0,12114,39,40,6,6,34,35,7,Train/7/00007_00046_00024.png
client_0,10510,30,29,6,5,24,24,6,Train/6/00006_00007_00010.png
client_0,2697,128,129,12,12,117,118,1,Train/1/00001_00070_00027.png
client_0,32101,39,35,6,5,34,30,31,Train/31/00031_00001_00001.png
client_0,21112,61,56,6,6,56,51,13,Train/13/00013_00021_00022.png
client_0,16445,29,30,5,6,23,24,10,Train/10/00010_00047_00005.png
client_0,32350,43,40,5,5,38,35,31,Train/31/00031_00009_00010.png
client_0,35257,33,32,5,5,27,26,35,Train/35/00035_00035_00008.png
client_0,2048,36,36,6,6,31,31,1,Train/1/00001_00049_00008.png
client_0,2608,88,88,8,7,81,80,1,Train/1/00001_00067_00028.png
client_0,27843,32,32,6,6,27,26,23,Train/23/00023_00005_00003.png
client_0,9590,42,43,6,6,37,38,5,Train/5/00005_00038_00020.png
client_0,37833,38,39,6,6,33,34,38,Train/38/00038_00061_00004.png
client_0,8059,58,58,5,6,53,53,4,Train/4/00004_00053_00019.png
client_0,8906,105,108,10,10,96,99,5,Train/5/00005_00015_00026.png
client_0,7916,81,84,7,8,74,77,4,Train/4/00004_00048_00026.png
client_0,5634,44,43,5,6,39,38,3,Train/3/00003_00019_00024.png
client_0,8084,48,51,5,6,43,46,4,Train/4/00004_00054_00014.png
client_0,32183,65,61,6,5,60,56,31,Train/31/00031_00003_00023.png
client_0,10249,35,38,5,5,29,33,5,Train/5/00005_00060_00019.png
client_0,32107,43,40,6,6,38,35,31,Train/31/00031_00001_00007.png
client_0,8221,30,31,5,6,25,26,4,Train/4/00004_00059_00001.png
client_0,32512,81,73,8,7,74,67,31,Train/31/00031_00014_00022.png
client_0,260,42,43,5,6,37,38,20,Train/20/00020_00008_00020.png
client_0,11209,58,58,6,6,53,53,7,Train/7/00007_00016_00019.png
client_0,9072,38,37,6,5,33,32,5,Train/5/00005_00021_00012.png
client_0,11062,56,56,5,5,51,51,7,Train/7/00007_00011_00022.png
client_0,10718,32,32,6,5,27,27,7,Train/7/00007_00000_00008.png
client_0,34562,34,35,6,6,29,30,35,Train/35/00035_00012_00003.png
client_0,17066,96,85,9,8,88,78,11,Train/11/00011_00000_00026.png
client_0,2222,53,59,6,5,48,54,1,Train/1/00001_00055_00002.png
client_0,6140,46,45,6,5,41,40,3,Train/3/00003_00036_00020.png
client_0,33067,31,31,6,6,26,26,32,Train/32/00032_00007_00007.png
client_0,6064,30,29,6,5,25,24,3,Train/3/00003_00034_00004.png
client_0,12042,30,31,5,6,25,26,7,Train/7/00007_00044_00012.png
client_0,9790,35,33,6,6,30,28,5,Train/5/00005_00045_00010.png
client_0,38245,76,80,6,7,70,73,39,Train/39/00039_00005_00026.png
client_0,6331,29,29,6,5,24,24,3,Train/3/00003_00043_00001.png
client_0,13019,63,52,5,5,57,47,8,Train/8/00008_00028_00029.png
client_0,32149,63,57,6,5,58,52,31,Train/31/00031_00002_00019.png
client_0,9206,42,42,5,5,37,37,5,Train/5/00005_00025_00026.png
client_0,925,73,71,7,7,66,65,1,Train/1/00001_00011_00025.png
client_0,7979,70,74,7,7,64,67,4,Train/4/00004_00050_00029.png
client_0,6953,48,51,6,5,43,46,4,Train/4/00004_00016_00023.png
client_0,38146,60,64,6,5,55,58,39,Train/39/00039_00002_00017.png
client_0,28308,84,76,7,6,77,70,24,Train/24/00024_00003_00018.png
client_0,2647,35,35,6,6,30,30,1,Train/1/00001_00069_00007.png
client_0,310,40,35,6,5,35,30,20,Train/20/00020_00010_00010.png
client_0,32322,46,44,5,6,41,39,31,Train/31/00031_00008_00012.png
client_0,5415,40,40,6,5,35,34,3,Train/3/00003_00012_00015.png
client_0,26446,51,49,6,6,46,44,18,Train/18/00018_00029_00016.png
client_0,33335,51,52,6,6,46,47,33,Train/33/00033_00008_00005.png
client_0,6478,85,83,7,8,78,76,4,Train/4/00004_00000_00028.png
client_0,36320,44,43,6,5,38,37,38,Train/38/00038_00010_00021.png
client_0,496,74,79,7,7,68,72,0,Train/0/00000_00004_00016.png
client_0,8797,33,34,5,6,27,28,5,Train/5/00005_00012_00007.png
client_0,33247,70,69,7,7,63,62,33,Train/33/00033_00005_00007.png
client_0,10676,48,49,6,5,43,44,6,Train/6/00006_00012_00026.png
client_0,9224,36,34,6,6,31,29,5,Train/5/00005_00026_00014.png
client_0,7565,32,33,5,6,27,28,4,Train/4/00004_00037_00005.png
client_0,9521,35,34,6,6,29,29,5,Train/5/00005_00036_00011.png
client_0,34572,40,39,6,6,34,34,35,Train/35/00035_00012_00013.png
client_0,26634,72,67,6,6,66,61,18,Train/18/00018_00035_00024.png
client_0,32257,33,33,6,6,28,28,31,Train/31/00031_00006_00007.png
client_0,8724,72,71,7,6,66,65,5,Train/5/00005_00009_00024.png
client_0,11449,42,42,5,5,37,37,7,Train/7/00007_00024_00019.png
client_0,22066,68,60,7,6,62,55,13,Train/13/00013_00053_00016.png
client_0,9421,25,27,5,6,20,22,5,Train/5/00005_00033_00001.png
client_0,23010,39,40,6,6,34,35,14,Train/14/00014_00013_00000.png
client_0,32105,42,39,6,6,37,34,31,Train/31/00031_00001_00005.png
client_0,11169,39,40,6,5,34,35,7,Train/7/00007_00015_00009.png
client_0,8639,124,135,11,12,114,124,5,Train/5/00005_00006_00029.png
client_0,33366,76,76,6,6,70,70,33,Train/33/00033_00009_00006.png
client_0,24765,37,36,6,5,32,31,17,Train/17/00017_00010_00015.png
client_0,22679,193,191,16,17,177,174,14,Train/14/00014_00001_00029.png
client_0,33107,31,33,6,6,26,27,33,Train/33/00033_00000_00017.png
client_0,10045,53,52,5,5,48,47,5,Train/5/00005_00053_00025.png
client_0,23327,56,57,5,5,51,52,14,Train/14/00014_00023_00017.png
client_0,9507,99,105,9,10,91,96,5,Train/5/00005_00035_00027.png
client_0,11891,34,34,5,5,29,29,7,Train/7/00007_00039_00011.png
client_0,7034,45,46,5,6,40,41,4,Train/4/00004_00019_00014.png
client_0,15194,35,35,5,5,30,30,10,Train/10/00010_00005_00014.png
client_0,9542,27,26,5,6,22,21,5,Train/5/00005_00037_00002.png
client_0,31002,51,46,6,6,45,40,28,Train/28/00028_00006_00012.png
client_0,22675,132,131,12,11,121,119,14,Train/14/00014_00001_00025.png
client_0,9670,34,35,6,6,28,29,5,Train/5/00005_00041_00010.png
client_0,21892,95,83,8,8,87,76,13,Train/13/00013_00047_00022.png
client_0,23823,29,32,6,5,24,27,15,Train/15/00015_00014_00003.png
client_0,8468,28,29,5,5,23,24,5,Train/5/00005_00001_00008.png
client_0,17597,64,61,5,6,59,56,11,Train/11/00011_00018_00017.png
client_0,25809,62,55,6,6,56,50,18,Train/18/00018_00008_00009.png
client_0,11024,39,39,5,5,34,33,7,Train/7/00007_00010_00014.png
client_0,30402,71,63,7,6,64,57,26,Train/26/00026_00014_00012.png
client_0,33290,56,57,6,6,50,51,33,Train/33/00033_00006_00020.png
client_0,22336,49,49,5,6,44,44,13,Train/13/00013_00062_00016.png
client_0,32085,56,50,5,6,51,45,31,Train/31/00031_00000_00015.png
client_0,9220,32,30,6,5,27,24,5,Train/5/00005_00026_00010.png
client_0,11756,53,54,6,5,48,49,7,Train/7/00007_00034_00026.png
client_0,30534,70,60,6,5,63,55,26,Train/26/00026_00018_00024.png
client_0,8789,111,129,9,11,102,118,5,Train/5/00005_00011_00029.png
client_0,33103,28,31,5,6,23,26,33,Train/33/00033_00000_00013.png
client_0,23007,59,60,5,6,54,55,14,Train/14/00014_00012_00027.png
client_0,30794,44,41,6,6,39,35,27,Train/27/00027_00007_00014.png
client_0,25098,45,41,6,5,40,36,17,Train/17/00017_00021_00018.png
client_0,8001,53,52,5,5,48,46,4,Train/4/00004_00051_00021.png
client_0,33006,28,30,5,6,23,25,32,Train/32/00032_00005_00006.png
client_0,718,59,59,6,6,54,54,1,Train/1/00001_00004_00028.png
client_0,38701,39,42,5,6,34,37,40,Train/40/00040_00011_00002.png
client_0,134,37,37,6,6,32,32,20,Train/20/00020_00004_00014.png
client_0,354,58,54,6,6,53,49,20,Train/20/00020_00011_00024.png
client_0,8666,57,59,6,6,52,54,5,Train/5/00005_00007_00026.png
client_0,1907,47,47,6,6,42,42,1,Train/1/00001_00044_00017.png
client_0,7049,148,146,13,12,136,134,4,Train/4/00004_00019_00029.png
client_0,38103,28,29,6,5,23,23,39,Train/39/00039_00001_00004.png
client_0,9539,84,82,8,7,77,75,5,Train/5/00005_00036_00029.png
client_0,9152,30,30,5,5,25,25,5,Train/5/00005_00024_00002.png
client_0,7102,52,54,5,6,47,49,4,Train/4/00004_00021_00022.png
client_0,7096,41,41,5,5,36,36,4,Train/4/00004_00021_00016.png
client_0,22949,178,184,16,16,162,169,14,Train/14/00014_00010_00029.png
client_0,36629,28,28,5,5,23,23,38,Train/38/00038_00021_00000.png
client_0,7984,31,31,5,6,26,26,4,Train/4/00004_00051_00004.png
client_0,6406,44,44,6,6,39,39,3,Train/3/00003_00045_00016.png
client_0,18352,48,48,5,6,42,43,11,Train/11/00011_00043_00022.png
client_0,8100,32,30,6,5,27,25,4,Train/4/00004_00055_00000.png
client_0,10604,39,40,6,5,34,35,6,Train/6/00006_00010_00014.png
client_0,9161,37,37,6,6,32,32,5,Train/5/00005_00024_00011.png
client_0,11545,55,54,6,5,50,49,7,Train/7/00007_00027_00025.png
client_0,30633,35,32,6,6,30,27,27,Train/27/00027_00002_00003.png
client_0,12128,28,28,5,5,22,22,7,Train/7/00007_00047_00008.png
client_0,32530,48,45,5,5,43,40,31,Train/31/00031_00015_00010.png
client_0,35006,104,106,10,10,95,97,35,Train/35/00035_00026_00027.png
client_0,32767,33,33,5,5,28,28,31,Train/31/00031_00023_00007.png
client_0,30715,70,65,6,6,64,60,27,Train/27/00027_00004_00025.png
client_0,7362,39,38,6,5,34,33,4,Train/4/00004_00030_00012.png
client_0,9133,39,39,6,6,34,34,5,Train/5/00005_00023_00013.png
client_0,26131,39,40,5,6,34,35,18,Train/18/00018_00019_00001.png
client_0,30623,84,73,8,6,77,67,27,Train/27/00027_00001_00023.png
client_0,28211,36,34,6,6,31,28,24,Train/24/00024_00000_00011.png
client_0,37135,73,75,6,7,67,69,38,Train/38/00038_00037_00026.png
client_0,9462,34,36,6,6,29,31,5,Train/5/00005_00034_00012.png
client_0,5203,39,38,6,5,33,32,3,Train/3/00003_00005_00013.png
client_0,8239,51,51,6,5,46,46,4,Train/4/00004_00059_00019.png
client_0,746,61,59,6,6,55,54,1,Train/1/00001_00005_00026.png
client_0,17528,47,47,5,6,42,42,11,Train/11/00011_00016_00008.png
client_0,39,38,35,5,5,33,30,20,Train/20/00020_00001_00009.png
client_0,30255,43,39,6,5,37,33,26,Train/26/00026_00009_00015.png
client_0,37757,51,53,6,6,46,48,38,Train/38/00038_00058_00018.png
client_0,5779,37,41,5,6,32,36,3,Train/3/00003_00024_00019.png
client_0,2101,28,32,5,5,23,27,1,Train/1/00001_00051_00001.png
client_0,28106,81,72,7,7,74,66,23,Train/23/00023_00013_00026.png
client_0,276,39,40,5,6,34,35,20,Train/20/00020_00009_00006.png
client_0,11177,46,49,6,6,41,44,7,Train/7/00007_00015_00017.png
client_0,30408,88,80,8,8,81,73,26,Train/26/00026_00014_00018.png
client_0,37339,59,59,5,6,54,54,38,Train/38/00038_00044_00020.png
client_0,21770,61,53,6,5,56,48,13,Train/13/00013_00043_00020.png
client_0,12118,43,45,5,6,38,40,7,Train/7/00007_00046_00028.png
client_0,30627,122,110,10,10,111,101,27,Train/27/00027_00001_00027.png
client_0,8547,48,49,5,5,43,44,5,Train/5/00005_00003_00027.png
client_0,32091,80,71,8,6,73,65,31,Train/31/00031_00000_00021.png
client_0,21134,54,55,6,6,49,49,13,Train/13/00013_00022_00014.png
client_0,23212,93,98,9,9,85,90,14,Train/14/00014_00019_00022.png
client_0,1579,44,44,5,5,39,39,1,Train/1/00001_00033_00019.png
client_0,10495,64,67,5,6,59,61,6,Train/6/00006_00006_00025.png
client_0,23375,31,32,6,6,25,26,14,Train/14/00014_00025_00005.png
client_0,7,31,28,6,6,26,23,20,Train/20/00020_00000_00007.png
client_0,11986,43,44,5,6,38,39,7,Train/7/00007_00042_00016.png
client_0,10668,35,37,5,5,30,32,6,Train/6/00006_00012_00018.png
client_0,37002,34,40,6,5,29,35,38,Train/38/00038_00033_00013.png
client_0,22216,39,38,6,5,34,33,13,Train/13/00013_00058_00016.png
client_0,24511,27,41,6,6,21,35,17,Train/17/00017_00002_00001.png
client_0,9315,37,38,6,6,32,33,5,Train/5/00005_00029_00015.png
client_0,32495,41,40,5,6,36,35,31,Train/31/00031_00014_00005.png
client_0,326,75,69,6,7,69,62,20,Train/20/00020_00010_00026.png
client_0,9193,30,31,5,6,25,26,5,Train/5/00005_00025_00013.png
client_0,23667,69,68,7,6,63,62,15,Train/15/00015_00008_00027.png
client_0,10523,36,39,5,5,30,33,6,Train/6/00006_00007_00023.png
client_0,9063,30,30,5,5,25,25,5,Train/5/00005_00021_00003.png
client_0,15959,70,70,6,6,64,64,10,Train/10/00010_00030_00029.png
client_0,11540,42,44,5,6,37,39,7,Train/7/00007_00027_00020.png
client_0,32781,54,52,6,6,48,47,31,Train/31/00031_00023_00021.png
client_0,24000,26,25,6,5,21,20,15,Train/15/00015_00020_00000.png
client_0,32125,70,63,7,5,64,58,31,Train/31/00031_00001_00025.png
client_0,23109,59,59,6,6,54,54,14,Train/14/00014_00016_00009.png
client_0,62,35,35,6,6,30,29,20,Train/20/00020_00002_00002.png
client_0,23058,81,91,8,8,73,83,14,Train/14/00014_00014_00018.png
client_0,22851,88,85,8,8,81,78,14,Train/14/00014_00007_00021.png
client_0,10617,71,75,7,7,65,69,6,Train/6/00006_00010_00027.png
client_0,10746,29,29,6,5,23,23,7,Train/7/00007_00001_00006.png
client_0,37651,48,49,5,6,42,43,38,Train/38/00038_00055_00002.png
client_0,11798,32,32,5,5,27,27,7,Train/7/00007_00036_00008.png
client_0,22797,78,77,7,7,71,71,14,Train/14/00014_00005_00027.png
client_0,32279,76,73,7,7,70,67,31,Train/31/00031_00006_00029.png
client_0,32650,48,47,6,6,43,42,31,Train/31/00031_00019_00010.png
client_0,22846,58,58,5,6,53,53,14,Train/14/00014_00007_00016.png
client_0,9014,39,40,5,6,34,35,5,Train/5/00005_00019_00014.png
client_0,23018,51,52,6,6,46,47,14,Train/14/00014_00013_00008.png
client_0,6473,72,71,7,6,66,65,4,Train/4/00004_00000_00023.png
client_0,863,55,53,6,5,50,48,1,Train/1/00001_00009_00023.png
client_0,10151,35,33,6,5,30,28,5,Train/5/00005_00057_00011.png
client_0,9879,37,37,6,5,32,32,5,Train/5/00005_00048_00009.png
client_0,8497,30,29,6,6,25,23,5,Train/5/00005_00002_00007.png
client_0,6933,29,32,5,5,24,27,4,Train/4/00004_00016_00003.png
client_0,9870,30,31,5,6,25,26,5,Train/5/00005_00048_00000.png
client_0,20828,44,40,6,6,39,35,13,Train/13/00013_00012_00008.png
client_0,6652,60,62,5,5,55,57,4,Train/4/00004_00006_00022.png
client_0,25648,92,84,9,8,84,77,18,Train/18/00018_00002_00028.png
client_0,28412,41,37,6,6,36,32,24,Train/24/00024_00007_00002.png
client_0,28456,47,49,6,5,42,44,24,Train/24/00024_00008_00016.png
client_0,21299,41,39,5,6,36,34,13,Train/13/00013_00027_00029.png
client_0,5218,56,55,5,5,51,50,3,Train/3/00003_00005_00028.png
client_0,27767,59,53,6,6,53,48,23,Train/23/00023_00002_00017.png
client_0,10329,35,36,5,5,30,31,6,Train/6/00006_00001_00009.png
client_0,22350,29,28,6,6,24,23,13,Train/13/00013_00063_00000.png
client_0,7040,58,57,6,5,53,52,4,Train/4/00004_00019_00020.png
client_0,30464,40,37,6,6,35,32,26,Train/26/00026_00016_00014.png
client_0,26056,41,38,6,6,36,33,18,Train/18/00018_00016_00016.png
client_0,10499,98,108,9,10,89,98,6,Train/6/00006_00006_00029.png
client_0,12022,46,46,6,5,41,41,7,Train/7/00007_00043_00022.png
client_0,9310,32,34,5,6,27,29,5,Train/5/00005_00029_00010.png
client_0,1973,76,76,6,6,70,70,1,Train/1/00001_00046_00023.png
client_0,9847,33,32,6,5,28,27,5,Train/5/00005_00047_00007.png
client_0,37091,58,56,6,5,53,51,38,Train/38/00038_00036_00012.png
client_0,32942,27,28,6,5,22,23,32,Train/32/00032_00003_00002.png
client_0,2274,76,81,6,8,70,74,1,Train/1/00001_00056_00024.png
client_0,5914,30,29,6,6,25,24,3,Train/3/00003_00029_00004.png
client_0,22904,39,41,5,5,34,36,14,Train/14/00014_00009_00014.png
client_0,35385,46,46,6,6,41,41,35,Train/35/00035_00039_00016.png
client_0,1201,27,28,6,5,21,22,1,Train/1/00001_00021_00001.png
client_0,293,50,50,6,6,45,45,20,Train/20/00020_00009_00023.png
client_0,19817,55,59,5,6,50,53,12,Train/12/00012_00048_00017.png
client_0,10404,56,58,5,5,51,53,6,Train/6/00006_00003_00024.png
client_0,181,27,27,6,6,22,21,20,Train/20/00020_00006_00001.png
client_0,9740,44,44,6,6,39,39,5,Train/5/00005_00043_00020.png
client_0,1435,75,89,7,8,68,81,1,Train/1/00001_00028_00025.png
client_0,25713,80,72,7,7,73,66,18,Train/18/00018_00005_00003.png
client_0,9147,74,74,6,6,68,68,5,Train/5/00005_00023_00027.png
client_0,10851,55,56,5,6,50,51,7,Train/7/00007_00004_00021.png
client_0,12122,27,27,6,6,22,22,7,Train/7/00007_00047_00002.png
client_0,28820,96,106,8,10,87,97,25,Train/25/00025_00011_00020.png
client_0,8669,63,69,5,6,58,63,5,Train/5/00005_00007_00029.png
client_0,28569,80,71,7,6,72,64,25,Train/25/00025_00003_00009.png
client_0,9813,30,31,5,5,25,26,5,Train/5/00005_00046_00003.png
client_0,9489,34,34,5,5,29,29,5,Train/5/00005_00035_00009.png
client_0,10200,28,27,6,5,23,22,5,Train/5/00005_00059_00000.png
client_0,34684,41,42,5,5,36,37,35,Train/35/00035_00016_00005.png
client_0,36646,41,40,5,5,35,35,38,Train/38/00038_00021_00017.png
client_0,9750,33,34,5,5,28,29,5,Train/5/00005_00044_00000.png
client_0,9712,55,56,6,6,50,51,5,Train/5/00005_00042_00022.png
client_0,21356,50,46,6,6,45,41,13,Train/13/00013_00029_00026.png
client_0,11445,39,39,6,6,34,34,7,Train/7/00007_00024_00015.png
client_0,7791,45,46,5,6,39,41,4,Train/4/00004_00044_00021.png
client_0,9349,43,42,6,5,38,37,5,Train/5/00005_00030_00019.png
client_0,20129,131,106,12,9,120,97,12,Train/12/00012_00058_00029.png
client_0,34931,36,38,5,5,31,33,35,Train/35/00035_00024_00012.png
client_0,303,35,33,6,6,30,27,20,Train/20/00020_00010_00003.png
client_0,31514,47,41,6,5,42,36,29,Train/29/00029_00005_00014.png
client_0,6635,31,32,5,6,26,27,4,Train/4/00004_00006_00005.png
client_0,33143,58,58,5,5,52,53,33,Train/33/00033_00001_00023.png
client_0,9269,136,106,12,10,124,96,5,Train/5/00005_00027_00029.png
client_0,35428,72,74,6,7,66,68,36,Train/36/00036_00000_00029.png
client_0,25374,58,62,5,5,53,57,17,Train/17/00017_00030_00024.png
client_0,8138,31,33,6,5,26,28,4,Train/4/00004_00056_00008.png
client_0,8986,35,35,6,6,30,30,5,Train/5/00005_00018_00016.png
client_0,8587,31,30,6,6,26,25,5,Train/5/00005_00005_00007.png
client_0,23660,51,51,6,6,46,46,15,Train/15/00015_00008_00020.png
client_0,9980,48,48,5,5,43,43,5,Train/5/00005_00051_00020.png
client_0,8331,47,47,5,5,42,42,4,Train/4/00004_00062_00021.png
client_0,965,45,45,5,5,40,40,1,Train/1/00001_00013_00005.png
client_0,8983,32,33,5,6,26,27,5,Train/5/00005_00018_00013.png
client_0,32980,33,33,6,5,28,28,32,Train/32/00032_00004_00010.png
client_0,37213,50,58,5,6,45,53,38,Train/38/00038_00040_00014.png
client_0,23178,76,78,6,7,69,71,14,Train/14/00014_00018_00018.png
client_0,32768,33,34,5,6,28,29,31,Train/31/00031_00023_00008.png
client_0,9994,33,32,6,5,28,27,5,Train/5/00005_00052_00004.png
client_0,57,63,54,6,5,58,48,20,Train/20/00020_00001_00027.png
client_0,9780,26,25,5,5,21,20,5,Train/5/00005_00045_00000.png
client_0,27064,33,32,5,6,28,27,21,Train/21/00021_00003_00004.png
client_0,1961,48,49,5,6,43,44,1,Train/1/00001_00046_00011.png
client_0,24563,43,45,5,5,38,39,17,Train/17/00017_00003_00023.png
client_0,6589,76,76,6,7,69,69,4,Train/4/00004_00004_00019.png
client_0,33207,86,94,7,9,79,86,33,Train/33/00033_00003_00027.png
client_0,22928,64,74,6,6,59,68,14,Train/14/00014_00010_00008.png
client_0,10297,34,35,5,5,29,30,6,Train/6/00006_00000_00007.png
client_0,37337,53,53,5,5,48,48,38,Train/38/00038_00044_00018.png
client_0,9028,72,70,6,6,66,64,5,Train/5/00005_00019_00028.png
client_0,8612,31,32,5,5,26,27,5,Train/5/00005_00006_00002.png
client_0,20915,65,61,6,5,60,56,13,Train/13/00013_00015_00005.png
client_0,33343,60,60,6,6,54,55,33,Train/33/00033_00008_00013.png
client_0,6603,44,44,5,5,39,39,4,Train/4/00004_00005_00003.png
client_0,35309,34,37,6,5,29,32,35,Train/35/00035_00037_00000.png
client_0,5434,29,30,5,6,24,25,3,Train/3/00003_00013_00004.png
client_0,26555,50,46,5,5,45,41,18,Train/18/00018_00033_00005.png
client_0,10393,37,39,6,6,32,34,6,Train/6/00006_00003_00013.png
client_0,12045,30,31,5,5,25,26,7,Train/7/00007_00044_00015.png
client_0,7124,34,35,5,5,29,30,4,Train/4/00004_00022_00014.png
client_0,9001,31,30,6,5,25,24,5,Train/5/00005_00019_00001.png
client_0,7235,40,42,5,6,35,37,4,Train/4/00004_00026_00005.png
client_0,8231,37,35,5,5,32,30,4,Train/4/00004_00059_00011.png
client_0,30641,43,38,5,5,37,33,27,Train/27/00027_00002_00011.png
client_0,9117,74,75,6,7,68,69,5,Train/5/00005_00022_00027.png
client_0,26434,35,34,6,6,30,29,18,Train/18/00018_00029_00004.png
client_0,9055,42,40,5,5,37,35,5,Train/5/00005_00020_00025.png
client_0,35866,60,56,6,5,55,51,37,Train/37/00037_00002_00017.png
client_0,8758,57,58,6,5,52,52,5,Train/5/00005_00010_00028.png
client_0,8647,32,33,5,6,27,28,5,Train/5/00005_00007_00007.png
client_0,9695,32,34,6,6,27,29,5,Train/5/00005_00042_00005.png
client_0,26127,111,98,9,8,102,90,18,Train/18/00018_00018_00027.png
client_0,11537,40,39,6,5,34,34,7,Train/7/00007_00027_00017.png
client_0,9402,33,34,6,6,28,29,5,Train/5/00005_00032_00012.png
client_0,23616,29,31,6,5,24,26,15,Train/15/00015_00007_00006.png
client_0,6880,33,34,5,6,28,29,4,Train/4/00004_00014_00010.png
client_0,5067,73,75,6,6,67,69,3,Train/3/00003_00000_00027.png
client_0,11650,30,31,5,6,25,26,7,Train/7/00007_00031_00010.png
client_0,21191,47,43,6,5,42,38,13,Train/13/00013_00024_00011.png
client_0,353,57,53,5,5,52,48,20,Train/20/00020_00011_00023.png
client_0,24629,73,75,6,7,67,68,17,Train/17/00017_00005_00029.png
client_0,32177,52,49,6,6,47,44,31,Train/31/00031_00003_00017.png
client_0,9085,55,57,5,6,50,52,5,Train/5/00005_00021_00025.png
client_0,35941,37,38,5,5,32,33,37,Train/37/00037_00005_00002.png
client_0,7316,53,53,5,5,48,48,4,Train/4/00004_00028_00026.png
client_0,10251,35,41,5,6,30,35,5,Train/5/00005_00060_00021.png
client_0,23445,38,84,6,8,32,77,15,Train/15/00015_00001_00015.png
client_0,10304,41,42,6,6,36,37,6,Train/6/00006_00000_00014.png
client_0,10662,30,33,5,6,24,27,6,Train/6/00006_00012_00012.png
client_0,647,54,56,6,6,48,50,1,Train/1/00001_00002_00017.png
client_0,32766,33,34,5,6,28,29,31,Train/31/00031_00023_00006.png
client_0,11546,57,56,6,5,52,51,7,Train/7/00007_00027_00026.png
client_0,35655,39,40,6,6,34,35,36,Train/36/00036_00008_00016.png
client_0,25012,39,41,5,5,34,36,17,Train/17/00017_00018_00022.png
client_0,33146,77,81,7,8,71,74,33,Train/33/00033_00001_00026.png
client_0,30697,43,42,5,6,38,37,27,Train/27/00027_00004_00007.png
client_0,22940,92,101,9,9,84,93,14,Train/14/00014_00010_00020.png
client_0,30401,68,60,7,6,62,55,26,Train/26/00026_00014_00011.png
client_0,543,36,39,5,6,31,34,0,Train/0/00000_00006_00003.png
client_0,9335,31,30,6,5,26,25,5,Train/5/00005_00030_00005.png
client_0,16623,37,37,6,6,32,32,10,Train/10/00010_00053_00003.png
client_0,23202,64,72,5,6,59,66,14,Train/14/00014_00019_00012.png
client_0,18663,35,32,5,6,30,27,12,Train/12/00012_00010_00003.png
client_0,8300,46,47,5,6,41,42,4,Train/4/00004_00061_00020.png
client_0,26538,69,69,6,6,63,63,18,Train/18/00018_00032_00018.png
client_0,32348,40,38,5,5,35,33,31,Train/31/00031_00009_00008.png
client_0,30141,55,49,6,6,50,44,26,Train/26/00026_00005_00021.png
client_0,23260,39,43,5,6,34,38,14,Train/14/00014_00021_00010.png
client_0,8109,37,32,6,5,32,27,4,Train/4/00004_00055_00009.png
client_0,35464,30,30,5,5,25,25,36,Train/36/00036_00002_00005.png
client_0,34783,35,34,6,5,29,28,35,Train/35/00035_00019_00014.png
client_0,334,30,28,5,6,25,23,20,Train/20/00020_00011_00004.png
client_0,38131,48,52,6,5,43,47,39,Train/39/00039_00002_00002.png
client_0,11950,34,36,5,6,29,31,7,Train/7/00007_00041_00010.png
client_0,11902,47,47,5,5,42,42,7,Train/7/00007_00039_00022.png
client_0,7283,48,48,5,5,43,43,4,Train/4/00004_00027_00023.png
client_0,11146,52,52,6,6,47,47,7,Train/7/00007_00014_00016.png
client_0,1104,67,69,6,6,61,63,1,Train/1/00001_00017_00024.png
client_0,289,45,44,6,5,40,39,20,Train/20/00020_00009_00019.png
client_0,9604,28,28,5,5,22,23,5,Train/5/00005_00039_00004.png
client_0,38238,51,51,5,5,46,46,39,Train/39/00039_00005_00019.png
client_0,11965,56,56,5,5,51,51,7,Train/7/00007_00041_00025.png
client_0,511,29,27,6,5,24,22,0,Train/0/00000_00005_00001.png
client_0,32647,44,43,6,5,39,38,31,Train/31/00031_00019_00007.png
client_0,10804,32,32,5,5,27,27,7,Train/7/00007_00003_00004.png
client_0,26992,77,73,7,7,71,67,21,Train/21/00021_00000_00022.png
client_0,8730,31,32,5,6,25,27,5,Train/5/00005_00010_00000.png
client_0,23997,40,39,6,5,35,34,15,Train/15/00015_00019_00027.png
client_0,8609,50,53,5,5,45,48,5,Train/5/00005_00005_00029.png
client_0,12075,37,38,5,6,32,33,7,Train/7/00007_00045_00015.png
client_0,1688,30,31,6,6,25,26,1,Train/1/00001_00037_00008.png
client_0,32592,72,64,6,5,66,59,31,Train/31/00031_00017_00012.png
client_0,9096,35,35,6,6,30,30,5,Train/5/00005_00022_00006.png
client_0,23320,45,44,6,5,40,39,14,Train/14/00014_00023_00010.png
client_0,37466,85,87,8,8,78,79,38,Train/38/00038_00048_00027.png
client_0,329,95,84,8,8,87,77,20,Train/20/00020_00010_00029.png
client_0,36442,49,52,5,5,43,46,38,Train/38/00038_00014_00023.png
client_0,30046,37,37,5,6,32,32,26,Train/26/00026_00002_00016.png
client_0,7634,45,45,6,6,40,40,4,Train/4/00004_00039_00014.png
client_0,927,91,88,8,7,83,81,1,Train/1/00001_00011_00027.png
client_0,7406,44,45,5,5,39,40,4,Train/4/00004_00031_00026.png
client_0,20825,40,35,6,5,35,30,13,Train/13/00013_00012_00005.png
client_0,10228,88,87,7,7,81,80,5,Train/5/00005_00059_00028.png
client_0,11768,34,34,6,5,29,29,7,Train/7/00007_00035_00008.png
client_0,9469,39,40,6,5,34,35,5,Train/5/00005_00034_00019.png
client_0,33397,30,31,5,6,25,26,33,Train/33/00033_00010_00007.png
client_0,8682,40,41,5,6,35,36,5,Train/5/00005_00008_00012.png
client_0,6703,34,38,5,6,29,32,4,Train/4/00004_00008_00013.png
client_0,9837,100,104,9,10,92,95,5,Train/5/00005_00046_00027.png
client_0,32086,58,51,5,5,53,46,31,Train/31/00031_00000_00016.png
client_0,35813,50,49,5,5,44,43,37,Train/37/00037_00000_00024.png
client_0,30690,40,36,6,5,35,31,27,Train/27/00027_00004_00000.png
client_0,36611,38,39,6,6,33,34,38,Train/38/00038_00020_00012.png
client_0,32263,40,41,5,6,35,36,31,Train/31/00031_00006_00013.png
client_0,8481,39,38,5,5,33,33,5,Train/5/00005_00001_00021.png
client_0,18390,30,26,5,5,25,21,12,Train/12/00012_00001_00000.png
client_0,27542,29,25,6,5,23,20,22,Train/22/00022_00008_00002.png
client_0,8133,28,29,5,5,23,24,4,Train/4/00004_00056_00003.png
client_0,32288,37,33,6,5,32,28,31,Train/31/00031_00007_00008.png
client_0,30618,59,55,5,5,54,50,27,Train/27/00027_00001_00018.png
client_0,7531,30,30,6,5,25,24,4,Train/4/00004_00036_00001.png
client_0,20586,33,29,5,6,28,24,13,Train/13/00013_00004_00006.png
client_0,8716,47,47,6,6,42,42,5,Train/5/00005_00009_00016.png
client_0,16345,52,55,6,6,47,50,10,Train/10/00010_00043_00025.png
client_0,9845,32,31,6,5,27,26,5,Train/5/00005_00047_00005.png
client_0,24761,33,35,5,6,28,29,17,Train/17/00017_00010_00011.png
client_0,148,54,55,5,6,49,50,20,Train/20/00020_00004_00028.png
client_0,8869,45,46,5,6,40,41,5,Train/5/00005_00014_00019.png
client_0,10150,33,33,5,5,28,28,5,Train/5/00005_00057_00010.png
client_0,31511,44,39,6,6,39,34,29,Train/29/00029_00005_00011.png
client_0,28663,36,35,6,6,31,30,25,Train/25/00025_00006_00013.png
client_0,37885,80,79,8,7,73,72,38,Train/38/00038_00062_00026.png
client_0,144,44,44,6,6,39,39,20,Train/20/00020_00004_00024.png
client_0,38194,30,30,5,5,25,25,39,Train/39/00039_00004_00005.png
client_0,30119,143,119,13,11,131,109,26,Train/26/00026_00004_00029.png
client_0,11471,35,34,6,5,30,29,7,Train/7/00007_00025_00011.png
client_0,11029,44,42,6,5,39,37,7,Train/7/00007_00010_00019.png
client_0,9905,32,34,5,6,27,29,5,Train/5/00005_00049_00005.png
client_0,5386,41,42,5,5,36,37,3,Train/3/00003_00011_00016.png
client_0,28418,45,42,5,6,40,37,24,Train/24/00024_00007_00008.png
client_0,30047,40,36,6,5,35,31,26,Train/26/00026_00002_00017.png
client_0,28086,45,42,5,5,40,37,23,Train/23/00023_00013_00006.png
client_0,10503,27,29,6,6,22,23,6,Train/6/00006_00007_00003.png
client_0,9356,52,51,5,5,47,46,5,Train/5/00005_00030_00026.png
client_0,32595,81,72,7,6,74,66,31,Train/31/00031_00017_00015.png
client_0,9595,54,56,6,5,49,51,5,Train/5/00005_00038_00025.png
client_0,31930,39,39,5,6,34,34,30,Train/30/00030_00010_00010.png
client_0,32444,49,44,6,6,44,39,31,Train/31/00031_00012_00014.png
client_0,37073,58,59,6,6,53,54,38,Train/38/00038_00035_00024.png
client_0,27753,39,35,5,5,33,30,23,Train/23/00023_00002_00003.png
client_0,18819,40,42,5,5,35,37,12,Train/12/00012_00015_00009.png
client_0,6253,34,36,6,6,29,31,3,Train/3/00003_00040_00013.png
client_0,32203,47,41,6,6,42,36,31,Train/31/00031_00004_00013.png
client_0,23299,59,69,5,7,54,63,14,Train/14/00014_00022_00019.png
client_0,36884,44,44,6,6,39,39,38,Train/38/00038_00029_00015.png
client_0,11474,38,37,6,5,33,32,7,Train/7/00007_00025_00014.png
client_0,9135,38,38,5,5,33,33,5,Train/5/00005_00023_00015.png
client_0,38818,131,144,11,13,120,132,41,Train/41/00041_00002_00029.png
client_0,19355,37,41,5,6,32,36,12,Train/12/00012_00033_00005.png
client_0,27159,38,38,5,6,33,33,21,Train/21/00021_00006_00009.png
client_0,9848,34,34,6,6,28,28,5,Train/5/00005_00047_00008.png
client_0,8384,36,34,5,5,30,29,4,Train/4/00004_00064_00014.png
client_0,10529,38,46,6,6,36,41,6,Train/6/00006_00007_00029.png
client_0,37172,30,31,5,6,25,26,38,Train/38/00038_00039_00003.png
client_0,11428,52,53,5,5,47,48,7,Train/7/00007_00023_00028.png
client_0,32583,57,53,5,6,51,48,31,Train/31/00031_00017_00003.png
client_0,5207,40,40,5,5,35,35,3,Train/3/00003_00005_00017.png
client_0,11854,32,31,6,5,27,26,7,Train/7/00007_00038_00004.png
client_0,11268,39,41,5,6,34,36,7,Train/7/00007_00018_00018.png
client_0,7570,35,35,5,5,30,30,4,Train/4/00004_00037_00010.png
client_0,6301,27,29,5,6,22,24,3,Train/3/00003_00042_00001.png
client_0,9187,31,30,6,5,26,25,5,Train/5/00005_00025_00007.png
client_0,10844,43,43,6,6,38,38,7,Train/7/00007_00004_00014.png
client_0,472,58,57,5,5,52,51,0,Train/0/00000_00003_00022.png
client_0,31496,91,85,8,7,83,77,29,Train/29/00029_00004_00026.png
client_0,35848,112,111,10,9,103,102,37,Train/37/00037_00001_00029.png
client_0,8116,41,40,6,6,36,35,4,Train/4/00004_00055_00016.png
client_0,37550,59,57,6,5,54,52,38,Train/38/00038_00051_00021.png
client_0,10032,35,33,6,6,30,28,5,Train/5/00005_00053_00012.png
client_0,9270,31,29,5,6,26,24,5,Train/5/00005_00028_00000.png
client_0,5980,31,32,6,5,25,26,3,Train/3/00003_00031_00010.png
client_0,23376,30,34,5,6,25,29,14,Train/14/00014_00025_00006.png
client_0,30352,52,49,6,6,47,44,26,Train/26/00026_00012_00022.png
client_0,10730,49,49,5,5,44,43,7,Train/7/00007_00000_00020.png
client_0,38224,35,35,5,6,29,30,39,Train/39/00039_00005_00005.png
client_0,10874,47,47,6,6,42,42,7,Train/7/00007_00005_00014.png
client_0,7558,116,108,10,9,105,99,4,Train/4/00004_00036_00028.png
client_0,11507,39,40,6,6,34,35,7,Train/7/00007_00026_00017.png
client_0,26222,58,60,5,5,53,54,18,Train/18/00018_00022_00002.png
client_0,21685,81,73,7,6,74,67,13,Train/13/00013_00040_00025.png
client_0,7145,30,30,5,5,25,25,4,Train/4/00004_00023_00005.png
client_0,9512,28,27,6,5,23,22,5,Train/5/00005_00036_00002.png
client_0,8234,42,42,6,6,37,37,4,Train/4/00004_00059_00014.png
client_0,12058,56,58,6,5,51,53,7,Train/7/00007_00044_00028.png
client_0,7859,119,121,10,11,109,111,4,Train/4/00004_00046_00029.png
client_0,10709,68,72,6,7,62,66,6,Train/6/00006_00013_00029.png
client_0,6989,51,54,5,5,46,49,4,Train/4/00004_00017_00029.png
client_0,6649,51,52,6,5,46,47,4,Train/4/00004_00006_00019.png
client_0,32115,50,47,5,6,45,42,31,Train/31/00031_00001_00015.png
client_0,32688,49,46,6,6,44,41,31,Train/31/00031_00020_00018.png
client_0,8755,53,53,5,5,48,48,5,Train/5/00005_00010_00025.png
client_0,176,55,51,6,5,50,46,20,Train/20/00020_00005_00026.png
client_0,19339,45,52,6,5,40,47,12,Train/12/00012_00032_00019.png
client_0,10898,40,40,6,6,35,35,7,Train/7/00007_00006_00008.png
client_0,11016,35,34,5,5,30,29,7,Train/7/00007_00010_00006.png
client_0,11455,52,50,6,6,47,45,7,Train/7/00007_00024_00025.png
client_0,29994,87,79,8,7,80,72,26,Train/26/00026_00000_00024.png
client_0,32224,35,34,6,6,30,29,31,Train/31/00031_00005_00004.png
client_0,2172,62,70,5,7,57,64,1,Train/1/00001_00053_00012.png
client_0,29640,29,27,6,6,24,22,25,Train/25/00025_00039_00000.png
client_0,8700,31,30,6,5,26,25,5,Train/5/00005_00009_00000.png
client_0,11357,40,40,5,5,34,34,7,Train/7/00007_00021_00017.png
client_0,140,41,40,6,5,36,35,20,Train/20/00020_00004_00020.png
client_0,780,50,49,5,5,45,44,1,Train/1/00001_00007_00000.png
client_0,27,111,100,9,8,102,92,20,Train/20/00020_00000_00027.png
client_0,21098,34,31,5,5,29,26,13,Train/13/00013_00021_00008.png
client_0,11490,25,27,5,6,20,21,7,Train/7/00007_00026_00000.png
client_0,2959,45,47,5,6,40,42,2,Train/2/00002_00005_00019.png
client_0,10811,40,39,6,5,35,34,7,Train/7/00007_00003_00011.png
client_0,9425,29,30,6,6,23,25,5,Train/5/00005_00033_00005.png
client_0,1742,37,35,6,5,32,30,1,Train/1/00001_00039_00002.png
client_0,8185,72,72,7,7,66,66,4,Train/4/00004_00057_00025.png
client_0,433,39,39,6,6,34,34,0,Train/0/00000_00002_00013.png
client_0,21842,32,41,5,6,27,36,13,Train/13/00013_00046_00002.png
client_0,28284,70,64,6,6,64,59,24,Train/24/00024_00002_00024.png
client_0,9779,76,84,6,7,70,77,5,Train/5/00005_00044_00029.png
client_0,5133,33,33,5,6,27,28,3,Train/3/00003_00003_00003.png
client_0,38770,32,33,6,5,27,28,41,Train/41/00041_00001_00011.png
client_0,35590,36,36,5,5,31,31,36,Train/36/00036_00006_00011.png
client_0,197,43,40,6,6,38,34,20,Train/20/00020_00006_00017.png
client_0,108,57,54,6,6,51,49,20,Train/20/00020_00003_00018.png
client_0,25301,40,41,5,6,35,36,17,Train/17/00017_00028_00011.png
client_0,457,31,33,6,6,26,28,0,Train/0/00000_00003_00007.png
client_0,22788,61,60,6,5,55,54,14,Train/14/00014_00005_00018.png
client_0,22632,63,63,6,6,58,58,14,Train/14/00014_00000_00012.png
client_0,12120,26,26,6,6,21,21,7,Train/7/00007_00047_00000.png
client_0,8638,108,117,9,11,99,107,5,Train/5/00005_00006_00028.png
client_0,23919,39,39,6,6,34,34,15,Train/15/00015_00017_00009.png
client_0,33620,42,61,5,6,37,55,33,Train/33/00033_00017_00020.png
client_0,23605,60,61,5,5,55,56,15,Train/15/00015_00006_00025.png
client_0,8844,54,54,6,6,49,49,5,Train/5/00005_00013_00024.png
client_0,7963,35,35,5,5,29,29,4,Train/4/00004_00050_00013.png
client_0,32792,31,29,6,5,26,23,31,Train/31/00031_00024_00002.png
client_0,30592,101,94,9,8,92,85,27,Train/27/00027_00000_00022.png
client_0,23388,45,46,6,6,40,41,14,Train/14/00014_00025_00018.png
client_0,33541,27,30,6,6,22,25,33,Train/33/00033_00015_00001.png
client_0,38247,87,92,7,8,80,84,39,Train/39/00039_00005_00028.png
client_0,9755,36,38,6,6,30,33,5,Train/5/00005_00044_00005.png
client_0,707,34,35,6,6,29,30,1,Train/1/00001_00004_00017.png
client_0,7069,37,36,6,5,32,31,4,Train/4/00004_00020_00019.png
client_0,36143,51,54,6,5,46,49,38,Train/38/00038_00004_00024.png
client_0,8498,30,28,5,5,25,23,5,Train/5/00005_00002_00008.png
client_0,10498,87,97,7,8,80,89,6,Train/6/00006_00006_00028.png
client_0,7497,57,58,5,5,52,53,4,Train/4/00004_00034_00027.png
client_0,6609,51,52,5,6,46,47,4,Train/4/00004_00005_00009.png
client_0,9177,54,55,5,6,49,50,5,Train/5/00005_00024_00027.png
client_0,8496,29,28,5,5,24,22,5,Train/5/00005_00002_00006.png
client_0,9715,68,71,7,7,62,65,5,Train/5/00005_00042_00025.png
client_0,6509,70,72,7,7,64,66,4,Train/4/00004_00001_00029.png
client_0,35052,38,39,5,5,33,34,35,Train/35/00035_00028_00013.png
client_0,11835,37,38,5,6,32,33,7,Train/7/00007_00037_00015.png
client_0,24601,29,28,6,5,24,23,17,Train/17/00017_00005_00001.png
client_0,12125,28,28,6,6,22,23,7,Train/7/00007_00047_00005.png
client_0,8249,119,122,10,11,109,112,4,Train/4/00004_00059_00029.png
client_0,10413,31,32,6,6,26,27,6,Train/6/00006_00004_00003.png
client_0,28277,64,59,6,5,59,54,24,Train/24/00024_00002_00017.png
client_0,24777,50,51,6,6,45,46,17,Train/17/00017_00010_00027.png
client_0,25202,37,38,5,6,32,33,17,Train/17/00017_00025_00002.png
client_0,11131,36,35,6,5,31,30,7,Train/7/00007_00014_00001.png
client_0,22824,76,80,6,7,69,73,14,Train/14/00014_00006_00024.png
client_0,22717,48,49,5,5,43,44,14,Train/14/00014_00003_00007.png
client_0,27906,38,34,5,5,33,29,23,Train/23/00023_00007_00006.png
client_0,7821,46,46,6,6,41,41,4,Train/4/00004_00045_00021.png
client_0,9771,53,57,5,6,47,51,5,Train/5/00005_00044_00021.png
client_0,8695,74,73,7,6,68,67,5,Train/5/00005_00008_00025.png
client_0,36624,86,92,8,8,78,84,38,Train/38/00038_00020_00025.png
client_0,8341,26,26,5,5,21,21,4,Train/4/00004_00063_00001.png
client_0,24919,41,43,6,6,36,38,17,Train/17/00017_00015_00019.png
client_0,38355,38,41,5,5,33,35,39,Train/39/00039_00009_00016.png
client_0,28683,57,51,6,6,52,46,25,Train/25/00025_00007_00003.png
client_0,8353,35,34,6,5,30,29,4,Train/4/00004_00063_00013.png
client_0,10719,32,32,6,5,27,27,7,Train/7/00007_00000_00009.png
client_0,11562,33,35,5,5,28,30,7,Train/7/00007_00028_00012.png
client_0,32763,30,29,5,5,25,24,31,Train/31/00031_00023_00003.png
client_0,8441,35,38,5,5,30,33,5,Train/5/00005_00000_00011.png
client_0,30278,35,32,5,5,30,27,26,Train/26/00026_00010_00008.png
client_0,36071,42,44,5,6,36,38,38,Train/38/00038_00002_00012.png
client_0,87,87,81,8,7,80,74,20,Train/20/00020_00002_00027.png
client_0,28417,45,40,5,5,40,35,24,Train/24/00024_00007_00007.png
client_0,6565,60,60,6,5,55,54,4,Train/4/00004_00003_00025.png
client_0,9297,60,57,6,6,55,52,5,Train/5/00005_00028_00027.png
client_0,25838,33,32,5,6,28,26,18,Train/18/00018_00009_00008.png
client_0,35909,26,26,6,5,21,20,37,Train/37/00037_00004_00000.png
client_0,18662,36,31,6,5,31,26,12,Train/12/00012_00010_00002.png
client_0,36030,28,36,5,6,23,31,38,Train/38/00038_00001_00001.png
client_0,9375,34,34,5,5,29,29,5,Train/5/00005_00031_00015.png
client_0,139,40,41,5,6,35,36,20,Train/20/00020_00004_00019.png
client_0,35849,26,26,5,5,21,21,37,Train/37/00037_00002_00000.png
client_0,2426,57,58,6,5,52,53,1,Train/1/00001_00061_00026.png
client_0,8578,75,81,7,7,69,74,5,Train/5/00005_00004_00028.png
client_0,5091,43,42,6,5,38,37,3,Train/3/00003_00001_00021.png
client_0,38249,28,27,6,5,23,22,39,Train/39/00039_00006_00000.png
client_0,10982,28,27,6,5,23,22,7,Train/7/00007_00009_00002.png
client_0,5600,54,55,5,6,49,50,3,Train/3/00003_00018_00020.png
client_0,7477,31,31,5,5,26,26,4,Train/4/00004_00034_00007.png
client_0,34667,49,48,6,5,44,43,35,Train/35/00035_00015_00018.png
client_0,6919,39,37,6,5,34,32,4,Train/4/00004_00015_00019.png
client_0,9906,32,34,5,6,27,29,5,Train/5/00005_00049_00006.png
client_0,33123,27,27,5,6,22,22,33,Train/33/00033_00001_00003.png
client_0,8376,31,30,6,6,26,25,4,Train/4/00004_00064_00006.png
client_0,30516,30,29,5,5,25,23,26,Train/26/00026_00018_00006.png
client_0,32393,55,51,6,5,50,46,31,Train/31/00031_00010_00023.png
client_0,19249,56,54,6,5,51,49,12,Train/12/00012_00029_00019.png
client_0,28331,43,36,6,5,38,31,24,Train/24/00024_00004_00011.png
client_0,7949,72,72,7,6,66,65,4,Train/4/00004_00049_00029.png
client_0,10723,37,37,6,6,32,32,7,Train/7/00007_00000_00013.png
client_0,17097,121,116,10,11,110,106,11,Train/11/00011_00001_00027.png
client_0,24544,28,30,5,6,23,25,17,Train/17/00017_00003_00004.png
client_0,5381,36,36,5,5,31,31,3,Train/3/00003_00011_00011.png
client_0,11039,58,57,6,6,53,52,7,Train/7/00007_00010_00029.png
client_0,23088,58,58,5,5,53,53,14,Train/14/00014_00015_00018.png
client_0,8779,53,54,6,6,48,49,5,Train/5/00005_00011_00019.png
client_0,32670,30,28,6,5,25,23,31,Train/31/00031_00020_00000.png
client_0,7568,34,34,5,5,29,29,4,Train/4/00004_00037_00008.png
client_0,27749,226,213,19,18,209,195,23,Train/23/00023_00001_00029.png
client_0,7495,53,54,5,6,48,49,4,Train/4/00004_00034_00025.png
client_0,7987,33,34,5,6,28,28,4,Train/4/00004_00051_00007.png
client_0,23003,54,55,5,6,49,50,14,Train/14/00014_00012_00023.png
client_0,9627,46,47,5,5,41,42,5,Train/5/00005_00039_00027.png
client_0,37603,35,34,6,5,30,29,38,Train/38/00038_00053_00014.png
client_0,32252,32,32,6,5,27,27,31,Train/31/00031_00006_00002.png
client_0,15790,34,35,6,6,29,30,10,Train/10/00010_00025_00010.png
client_0,33594,51,57,6,6,46,52,33,Train/33/00033_00016_00024.png
client_0,31040,82,71,7,7,75,65,28,Train/28/00028_00007_00020.png
client_0,25920,36,38,5,6,31,33,18,Train/18/00018_00012_00000.png
client_0,10478,32,31,6,5,26,26,6,Train/6/00006_00006_00008.png
client_0,125,32,33,5,6,27,28,20,Train/20/00020_00004_00005.png
client_0,10279,38,40,5,6,33,35,5,Train/5/00005_00061_00019.png
client_0,10276,35,35,5,5,29,29,5,Train/5/00005_00061_00016.png
client_0,37236,28,31,6,6,23,26,38,Train/38/00038_00041_00007.png
client_0,32758,82,83,7,8,75,76,31,Train/31/00031_00022_00028.png
client_0,7201,35,32,6,5,30,27,4,Train/4/00004_00025_00001.png
client_0,33331,47,49,5,6,41,43,33,Train/33/00033_00008_00001.png
client_0,12027,58,58,6,5,53,53,7,Train/7/00007_00043_00027.png
client_0,34679,38,38,6,5,33,33,35,Train/35/00035_00016_00000.png
client_0,23926,44,44,6,6,39,38,15,Train/15/00015_00017_00016.png
client_0,9393,27,28,5,6,22,23,5,Train/5/00005_00032_00003.png
client_0,3805,41,42,6,5,36,37,2,Train/2/00002_00033_00025.png
client_0,8544,45,46,6,6,39,40,5,Train/5/00005_00003_00024.png
client_0,6616,64,64,5,6,59,59,4,Train/4/00004_00005_00016.png
client_0,8620,40,40,6,6,35,35,5,Train/5/00005_00006_00010.png
client_0,2878,73,74,7,6,67,67,2,Train/2/00002_00002_00028.png
client_0,37101,82,83,7,7,75,76,38,Train/38/00038_00036_00022.png
client_0,9889,47,47,5,5,42,42,5,Train/5/00005_00048_00019.png
client_0,23036,136,140,11,13,125,128,14,Train/14/00014_00013_00026.png
client_0,8471,30,32,5,6,25,27,5,Train/5/00005_00001_00011.png
client_0,23132,28,28,6,6,22,23,14,Train/14/00014_00017_00002.png
client_0,91,35,34,5,5,29,28,20,Train/20/00020_00003_00001.png
client_0,11467,31,30,6,5,26,25,7,Train/7/00007_00025_00007.png
client_0,37915,73,70,6,6,67,64,38,Train/38/00038_00063_00026.png
client_0,34686,44,43,6,5,39,38,35,Train/35/00035_00016_00007.png
client_0,28068,41,41,6,6,36,36,23,Train/23/00023_00012_00018.png
client_0,10241,29,31,6,5,24,26,5,Train/5/00005_00060_00011.png
client_0,16866,35,29,6,5,30,24,10,Train/10/00010_00061_00006.png
client_0,6729,36,36,6,6,31,31,4,Train/4/00004_00009_00009.png
client_0,2262,48,50,6,6,42,44,1,Train/1/00001_00056_00012.png
client_0,38959,48,48,6,6,43,43,41,Train/41/00041_00007_00020.png
client_0,7967,39,41,5,6,34,36,4,Train/4/00004_00050_00017.png
client_0,33502,71,70,7,7,65,64,33,Train/33/00033_00013_00022.png
client_0,9488,35,34,6,5,29,28,5,Train/5/00005_00035_00008.png
client_0,22633,64,65,5,6,59,60,14,Train/14/00014_00000_00013.png
client_0,7752,36,37,5,6,31,32,4,Train/4/00004_00043_00012.png
client_0,24763,34,36,5,6,29,30,17,Train/17/00017_00010_00013.png
client_0,337,31,29,6,6,26,24,20,Train/20/00020_00011_00007.png
client_0,22102,130,123,12,11,119,112,13,Train/13/00013_00054_00022.png
client_0,35104,26,28,5,6,21,23,35,Train/35/00035_00030_00005.png
client_0,27697,29,30,5,6,24,25,23,Train/23/00023_00000_00007.png
client_0,49,50,42,6,5,45,37,20,Train/20/00020_00001_00019.png
client_0,6450,39,40,5,6,34,35,4,Train/4/00004_00000_00000.png
client_0,10168,60,60,5,6,55,55,5,Train/5/00005_00057_00028.png
client_0,21762,47,44,6,6,42,39,13,Train/13/00013_00043_00012.png
client_0,9961,30,30,5,5,25,25,5,Train/5/00005_00051_00001.png
client_0,32136,40,39,6,6,35,34,31,Train/31/00031_00002_00006.png
client_0,24802,29,29,6,5,24,24,17,Train/17/00017_00011_00022.png
client_0,32132,37,35,6,6,32,30,31,Train/31/00031_00002_00002.png
client_0,30205,50,47,6,5,45,42,26,Train/26/00026_00007_00025.png
client_0,10803,32,33,5,6,27,28,7,Train/7/00007_00003_00003.png
client_0,52,54,46,6,6,48,41,20,Train/20/00020_00001_00022.png
client_0,7718,32,34,6,6,27,28,4,Train/4/00004_00042_00008.png
client_0,22996,49,49,6,6,44,44,14,Train/14/00014_00012_00016.png
client_0,9165,37,36,6,5,32,31,5,Train/5/00005_00024_00015.png
client_0,11720,51,52,5,6,46,47,7,Train/7/00007_00033_00020.png
client_0,32746,37,37,6,6,32,32,31,Train/31/00031_00022_00016.png
client_0,11645,29,28,5,5,23,23,7,Train/7/00007_00031_00005.png
client_0,35831,42,42,6,6,37,37,37,Train/37/00037_00001_00012.png
client_0,356,71,59,6,5,65,54,20,Train/20/00020_00011_00026.png
client_0,13218,42,43,5,6,37,38,8,Train/8/00008_00035_00018.png
client_0,6630,28,28,6,6,23,23,4,Train/4/00004_00006_00000.png
client_0,36258,34,34,6,5,29,28,38,Train/38/00038_00008_00019.png
client_0,8531,31,31,5,6,26,26,5,Train/5/00005_00003_00011.png
client_0,26292,39,39,5,6,34,34,18,Train/18/00018_00024_00012.png
client_0,38668,111,108,10,10,101,98,40,Train/40/00040_00009_00029.png
client_0,29397,118,110,10,10,108,101,25,Train/25/00025_00030_00027.png
client_0,9765,42,44,5,6,37,39,5,Train/5/00005_00044_00015.png
client_0,37783,46,47,5,6,41,42,38,Train/38/00038_00059_00014.png
client_0,33680,34,36,5,5,29,31,33,Train/33/00033_00019_00020.png
client_0,12112,38,38,6,6,33,33,7,Train/7/00007_00046_00022.png
client_0,26043,31,28,5,6,25,23,18,Train/18/00018_00016_00003.png
client_0,23055,69,81,6,8,63,74,14,Train/14/00014_00014_00015.png
client_0,7790,44,44,5,5,38,39,4,Train/4/00004_00044_00020.png
client_0,9163,36,36,5,5,31,31,5,Train/5/00005_00024_00013.png
client_0,16057,32,29,6,5,27,24,10,Train/10/00010_00034_00007.png
client_0,30435,119,107,10,10,108,98,26,Train/26/00026_00015_00015.png
client_0,10012,44,44,5,5,39,39,5,Train/5/00005_00052_00022.png
client_0,38124,50,52,5,6,44,46,39,Train/39/00039_00001_00025.png
client_0,9483,28,28,5,5,23,23,5,Train/5/00005_00035_00003.png
client_0,7530,30,29,6,5,25,24,4,Train/4/00004_00036_00000.png
client_0,11450,44,43,6,5,39,38,7,Train/7/00007_00024_00020.png
client_0,8943,34,34,6,6,29,29,5,Train/5/00005_00017_00003.png
client_0,33304,47,46,6,5,41,40,33,Train/33/00033_00007_00004.png
client_0,38873,50,52,5,6,45,47,41,Train/41/00041_00004_00024.png
client_0,36365,26,26,5,5,21,21,38,Train/38/00038_00012_00006.png
client_0,27148,125,112,11,9,114,103,21,Train/21/00021_00005_00028.png
client_0,6633,30,31,5,6,25,26,4,Train/4/00004_00006_00003.png
client_0,12132,31,31,6,5,26,25,7,Train/7/00007_00047_00012.png
client_0,6077,41,43,5,6,36,38,3,Train/3/00003_00034_00017.png
client_0,32740,32,32,5,5,27,27,31,Train/31/00031_00022_00010.png
client_0,8453,55,57,6,6,50,52,5,Train/5/00005_00000_00023.png
client_0,11641,27,28,5,6,22,23,7,Train/7/00007_00031_00001.png
client_0,36724,32,32,5,5,27,27,38,Train/38/00038_00024_00005.png
client_0,9321,44,40,6,5,39,35,5,Train/5/00005_00029_00021.png
client_0,22906,44,47,5,5,39,42,14,Train/14/00014_00009_00016.png
client_0,10445,28,29,6,5,23,24,6,Train/6/00006_00005_00005.png
client_0,6867,83,87,8,7,76,80,4,Train/4/00004_00013_00027.png
client_0,11147,54,55,5,6,49,50,7,Train/7/00007_00014_00017.png
client_0,9766,46,48,6,6,40,43,5,Train/5/00005_00044_00016.png
client_0,11116,43,40,6,5,38,35,7,Train/7/00007_00013_00016.png
client_0,5754,69,68,7,7,63,62,3,Train/3/00003_00023_00024.png
client_0,7390,33,34,6,6,28,29,4,Train/4/00004_00031_00010.png
client_0,23360,47,47,6,6,41,41,14,Train/14/00014_00024_00020.png
client_0,8546,47,47,5,5,41,42,5,Train/5/00005_00003_00026.png
client_0,1450,40,41,5,5,35,36,1,Train/1/00001_00029_00010.png
client_0,265,53,53,6,6,48,48,20,Train/20/00020_00008_00025.png
client_0,5791,28,31,5,6,23,26,3,Train/3/00003_00025_00001.png
client_0,30861,62,58,6,5,57,53,28,Train/28/00028_00001_00021.png
client_0,25057,33,31,6,5,28,26,17,Train/17/00017_00020_00007.png
client_0,23218,118,121,10,11,108,110,14,Train/14/00014_00019_00028.png
client_0,9642,32,32,5,5,26,26,5,Train/5/00005_00040_00012.png
client_0,1974,81,80,8,7,74,73,1,Train/1/00001_00046_00024.png
client_0,9647,37,38,5,5,32,33,5,Train/5/00005_00040_00017.png
client_0,11552,30,31,6,5,25,26,7,Train/7/00007_00028_00002.png
client_0,34975,83,82,7,7,75,75,35,Train/35/00035_00025_00026.png
client_0,5648,34,33,6,5,29,28,3,Train/3/00003_00020_00008.png
client_0,22905,43,46,5,5,37,41,14,Train/14/00014_00009_00015.png
client_0,21475,105,96,9,9,96,87,13,Train/13/00013_00033_00025.png
client_0,22837,38,40,5,6,33,35,14,Train/14/00014_00007_00007.png
client_0,7782,34,34,6,5,29,29,4,Train/4/00004_00044_00012.png
client_0,32666,80,72,7,6,73,66,31,Train/31/00031_00019_00026.png
client_0,7417,32,33,6,5,27,28,4,Train/4/00004_00032_00007.png
client_0,33277,31,32,5,6,25,27,33,Train/33/00033_00006_00007.png
client_0,55,59,51,6,6,53,46,20,Train/20/00020_00001_00025.png
client_0,7520,52,53,6,5,47,48,4,Train/4/00004_00035_00020.png
client_0,8186,81,81,8,8,74,74,4,Train/4/00004_00057_00026.png
client_0,6816,33,33,6,6,28,28,4,Train/4/00004_00012_00006.png
client_0,28980,32,32,6,6,27,27,25,Train/25/00025_00017_00000.png
client_0,11101,30,30,5,5,25,25,7,Train/7/00007_00013_00001.png
client_0,33568,54,75,5,7,48,68,33,Train/33/00033_00015_00028.png
client_0,10946,94,93,9,8,86,85,7,Train/7/00007_00007_00026.png
client_0,31518,55,50,5,5,50,45,29,Train/29/00029_00005_00018.png
client_0,22993,46,46,5,5,41,41,14,Train/14/00014_00012_00013.png
client_0,23431,26,56,5,6,20,51,15,Train/15/00015_00001_00001.png
client_0,10169,63,62,5,5,58,57,5,Train/5/00005_00057_00029.png
client_0,31833,38,39,6,6,33,34,30,Train/30/00030_00007_00003.png
client_0,7057,29,30,5,6,24,25,4,Train/4/00004_00020_00007.png
client_0,21860,59,60,5,6,54,55,13,Train/13/00013_00046_00020.png
client_0,11606,59,61,6,6,54,56,7,Train/7/00007_00029_00026.png
client_0,30740,50,46,6,6,45,41,27,Train/27/00027_00005_00020.png
client_0,2,29,26,6,5,24,21,20,Train/20/00020_00000_00002.png
client_0,31356,32,43,6,6,27,38,29,Train/29/00029_00000_00006.png
client_0,839,68,74,7,6,62,68,1,Train/1/00001_00008_00029.png
client_0,8630,55,55,5,5,50,50,5,Train/5/00005_00006_00020.png
client_0,8675,33,32,6,5,28,27,5,Train/5/00005_00008_00005.png
client_0,27116,60,52,5,6,55,47,21,Train/21/00021_00004_00026.png
client_0,36592,47,47,6,6,42,42,38,Train/38/00038_00019_00023.png
client_0,8085,53,54,6,5,48,49,4,Train/4/00004_00054_00015.png
client_0,9998,34,34,5,5,29,29,5,Train/5/00005_00052_00008.png
client_0,34697,61,61,6,6,56,56,35,Train/35/00035_00016_00018.png
client_0,33324,113,119,9,10,103,108,33,Train/33/00033_00007_00024.png
client_0,27068,40,39,5,6,35,34,21,Train/21/00021_00003_00008.png
client_0,12076,40,39,6,5,35,34,7,Train/7/00007_00045_00016.png
client_0,8282,30,29,6,5,25,24,4,Train/4/00004_00061_00002.png
client_0,37846,40,42,5,6,35,37,38,Train/38/00038_00061_00017.png
client_0,30683,54,54,5,5,49,48,27,Train/27/00027_00003_00023.png
client_0,38125,52,54,5,6,47,49,39,Train/39/00039_00001_00026.png
client_0,35032,42,44,5,6,37,39,35,Train/35/00035_00027_00023.png
client_0,7225,82,81,7,8,75,74,4,Train/4/00004_00025_00025.png
client_0,7708,68,68,7,6,62,62,4,Train/4/00004_00041_00028.png
client_0,1112,39,40,6,5,34,34,1,Train/1/00001_00018_00002.png
client_0,682,63,64,6,6,58,59,1,Train/1/00001_00003_00022.png
client_0,32614,38,35,6,6,33,30,31,Train/31/00031_00018_00004.png
client_0,11440,36,36,5,6,31,31,7,Train/7/00007_00024_00010.png
client_0,8736,31,34,5,6,26,28,5,Train/5/00005_00010_00006.png
client_0,6982,42,46,5,6,36,40,4,Train/4/00004_00017_00022.png
client_0,9108,46,47,5,6,41,42,5,Train/5/00005_00022_00018.png
client_0,30638,39,35,5,5,33,30,27,Train/27/00027_00002_00008.png
client_0,32586,59,56,5,6,54,51,31,Train/31/00031_00017_00006.png
client_0,11839,43,43,5,6,38,38,7,Train/7/00007_00037_00019.png
client_0,30216,37,34,6,6,32,28,26,Train/26/00026_00008_00006.png
client_0,6679,40,41,6,6,35,35,4,Train/4/00004_00007_00019.png
client_0,30159,36,33,5,5,31,28,26,Train/26/00026_00006_00009.png
client_0,10646,59,59,6,6,54,54,6,Train/6/00006_00011_00026.png
client_0,11425,48,48,6,5,43,43,7,Train/7/00007_00023_00025.png
client_0,30330,30,27,6,6,24,21,26,Train/26/00026_00012_00000.png
client_0,13297,32,37,6,6,27,32,8,Train/8/00008_00038_00007.png
client_0,33382,98,97,9,9,90,88,33,Train/33/00033_00009_00022.png
client_0,35887,34,34,6,6,29,29,37,Train/37/00037_00003_00008.png
client_0,1861,39,38,6,5,34,33,1,Train/1/00001_00043_00001.png
client_0,5502,34,34,5,6,28,29,3,Train/3/00003_00015_00012.png
client_0,333,30,28,5,6,25,23,20,Train/20/00020_00011_00003.png
client_0,38837,51,53,6,6,46,48,41,Train/41/00041_00003_00018.png
client_0,1762,70,73,6,6,64,67,1,Train/1/00001_00039_00022.png
client_0,30629,157,143,14,13,144,130,27,Train/27/00027_00001_00029.png
client_0,33096,27,29,5,6,22,24,33,Train/33/00033_00000_00006.png
client_0,10122,37,38,5,6,32,33,5,Train/5/00005_00056_00012.png
client_0,8053,49,46,5,5,44,41,4,Train/4/00004_00053_00013.png
client_0,22868,39,42,6,5,33,37,14,Train/14/00014_00008_00008.png
client_0,10634,38,37,6,5,33,32,6,Train/6/00006_00011_00014.png
client_0,8456,67,68,6,6,61,62,5,Train/5/00005_00000_00026.png
client_0,22933,72,83,6,8,65,75,14,Train/14/00014_00010_00013.png
client_0,32627,60,56,6,6,55,51,31,Train/31/00031_00018_00017.png
client_0,10697,39,40,5,6,34,35,6,Train/6/00006_00013_00017.png
client_0,36002,27,28,5,5,22,23,38,Train/38/00038_00000_00003.png
client_0,30696,43,40,6,5,38,35,27,Train/27/00027_00004_00006.png
client_0,35854,29,30,5,6,24,25,37,Train/37/00037_00002_00005.png
client_0,26399,170,157,15,13,156,143,18,Train/18/00018_00027_00029.png
client_0,9530,46,46,5,6,40,40,5,Train/5/00005_00036_00020.png
client_0,8717,49,48,6,5,44,43,5,Train/5/00005_00009_00017.png
client_0,31507,37,33,6,5,32,28,29,Train/29/00029_00005_00007.png
client_0,9880,37,39,5,6,32,34,5,Train/5/00005_00048_00010.png
client_0,7252,52,53,6,5,47,48,4,Train/4/00004_00026_00022.png
client_0,35804,43,42,6,5,38,37,37,Train/37/00037_00000_00015.png
client_0,8512,38,40,5,6,33,35,5,Train/5/00005_00002_00022.png
client_0,8740,35,36,6,6,30,31,5,Train/5/00005_00010_00010.png
client_0,8956,48,47,6,5,43,42,5,Train/5/00005_00017_00016.png
client_0,11952,36,37,5,6,31,32,7,Train/7/00007_00041_00012.png
client_0,9964,32,31,5,5,26,26,5,Train/5/00005_00051_00004.png
client_0,9344,37,38,5,5,32,33,5,Train/5/00005_00030_00014.png
client_0,9127,34,34,5,5,29,29,5,Train/5/00005_00023_00007.png
client_0,22520,105,83,10,8,96,76,13,Train/13/00013_00068_00020.png
client_0,23284,37,37,6,5,32,32,14,Train/14/00014_00022_00004.png
client_0,32099,155,143,14,12,142,131,31,Train/31/00031_00000_00029.png
client_0,8492,28,27,5,6,23,22,5,Train/5/00005_00002_00002.png
client_0,22870,38,44,5,5,33,39,14,Train/14/00014_00008_00010.png
client_0,32668,93,84,9,8,84,77,31,Train/31/00031_00019_00028.png
client_0,279,40,40,6,6,35,35,20,Train/20/00020_00009_00009.png
client_0,23368,60,60,6,6,55,55,14,Train/14/00014_00024_00028.png
client_0,23175,68,68,7,6,62,62,14,Train/14/00014_00018_00015.png
client_0,9939,36,36,6,6,31,31,5,Train/5/00005_00050_00009.png
client_0,12144,42,44,6,6,37,39,7,Train/7/00007_00047_00024.png
client_0,1565,31,33,5,6,26,27,1,Train/1/00001_00033_00005.png
client_0,32615,40,37,6,6,35,32,31,Train/31/00031_00018_00005.png
client_0,35035,44,45,5,5,38,39,35,Train/35/00035_00027_00026.png
client_0,26081,36,34,6,5,30,29,18,Train/18/00018_00017_00011.png
client_0,6697,31,32,6,6,26,27,4,Train/4/00004_00008_00007.png
client_0,10539,29,31,6,6,24,26,6,Train/6/00006_00008_00009.png
client_0,32204,47,42,6,6,42,37,31,Train/31/00031_00004_00014.png
client_0,2084,46,45,6,6,41,40,1,Train/1/00001_00050_00014.png
client_0,28351,26,26,5,6,21,21,24,Train/24/00024_00005_00001.png
client_0,8634,71,71,6,6,65,65,5,Train/5/00005_00006_00024.png
client_0,6776,76,77,6,7,69,70,4,Train/4/00004_00010_00026.png
client_0,8408,30,31,5,5,25,25,4,Train/4/00004_00065_00008.png
client_0,9495,44,42,6,5,39,37,5,Train/5/00005_00035_00015.png
client_0,32696,83,75,8,7,76,69,31,Train/31/00031_00020_00026.png
client_0,8987,35,36,5,6,30,31,5,Train/5/00005_00018_00017.png
client_0,34290,27,27,6,6,22,22,35,Train/35/00035_00003_00001.png
client_0,25987,40,39,6,5,35,34,18,Train/18/00018_00014_00007.png
client_0,8683,41,41,5,5,36,36,5,Train/5/00005_00008_00013.png
client_0,19618,96,95,9,8,88,87,12,Train/12/00012_00041_00028.png
client_0,22745,39,39,5,5,34,34,14,Train/14/00014_00004_00005.png
client_0,15227,42,41,6,5,37,36,10,Train/10/00010_00006_00017.png
client_0,33735,42,45,6,5,37,39,33,Train/33/00033_00021_00016.png
client_0,25858,55,49,6,5,50,44,18,Train/18/00018_00009_00028.png
client_0,34249,43,43,6,6,38,38,35,Train/35/00035_00001_00020.png
client_0,20505,45,45,5,6,40,40,13,Train/13/00013_00001_00015.png
client_0,9611,31,33,5,6,26,28,5,Train/5/00005_00039_00011.png
client_0,8581,27,26,6,5,22,20,5,Train/5/00005_00005_00001.png
client_0,5472,34,34,6,6,29,29,3,Train/3/00003_00014_00012.png
client_0,37079,44,44,6,5,39,39,38,Train/38/00038_00036_00000.png
client_0,30070,38,37,5,6,33,32,26,Train/26/00026_00003_00010.png
client_0,29243,61,57,6,6,56,52,25,Train/25/00025_00025_00023.png
client_0,6894,52,55,5,5,47,50,4,Train/4/00004_00014_00024.png
client_0,9146,64,64,5,5,59,59,5,Train/5/00005_00023_00026.png
client_0,33601,30,36,5,6,24,31,33,Train/33/00033_00017_00001.png
client_0,372,37,38,5,6,32,33,0,Train/0/00000_00000_00012.png
client_0,38916,30,32,5,6,25,26,41,Train/41/00041_00006_00007.png
client_0,32828,44,41,6,6,39,36,31,Train/31/00031_00025_00008.png
client_0,10939,55,56,5,6,50,51,7,Train/7/00007_00007_00019.png
client_0,36812,28,27,6,5,23,22,38,Train/38/00038_00027_00003.png
client_0,10092,36,36,5,5,31,31,5,Train/5/00005_00055_00012.png
client_0,4875,28,29,5,5,23,24,2,Train/2/00002_00069_00015.png
client_0,8401,26,28,5,6,21,23,4,Train/4/00004_00065_00001.png
client_0,33451,34,31,5,6,28,26,33,Train/33/00033_00012_00001.png
client_0,22371,55,50,6,5,50,45,13,Train/13/00013_00063_00021.png
client_0,32655,56,53,5,6,50,47,31,Train/31/00031_00019_00015.png
client_0,11619,30,29,6,5,25,24,7,Train/7/00007_00030_00009.png
client_0,29991,65,61,6,6,60,56,26,Train/26/00026_00000_00021.png
client_0,9599,74,80,6,7,68,73,5,Train/5/00005_00038_00029.png
client_0,7604,40,41,5,6,35,36,4,Train/4/00004_00038_00014.png
client_0,11040,32,32,5,5,27,27,7,Train/7/00007_00011_00000.png
client_0,9732,36,36,6,6,31,31,5,Train/5/00005_00043_00012.png
client_0,32486,75,72,7,7,69,66,31,Train/31/00031_00013_00026.png
client_0,10237,28,29,6,5,23,23,5,Train/5/00005_00060_00007.png
client_0,34310,37,40,5,6,32,35,35,Train/35/00035_00003_00021.png
client_0,11923,31,31,5,5,26,26,7,Train/7/00007_00040_00013.png
client_0,8447,42,45,5,6,37,40,5,Train/5/00005_00000_00017.png
client_0,28390,42,39,5,6,36,33,24,Train/24/00024_00006_00010.png
client_0,32320,42,39,5,5,37,34,31,Train/31/00031_00008_00010.png
client_0,11549,70,71,6,6,64,65,7,Train/7/00007_00027_00029.png
client_0,38853,29,29,5,6,23,23,41,Train/41/00041_00004_00004.png
client_0,15654,47,46,6,5,42,41,10,Train/10/00010_00020_00024.png
client_0,25479,31,31,6,5,26,26,17,Train/17/00017_00034_00009.png
client_0,7608,46,45,6,5,41,40,4,Train/4/00004_00038_00018.png
client_0,25184,38,40,5,5,33,35,17,Train/17/00017_00024_00014.png
client_0,25285,69,70,6,6,62,63,17,Train/17/00017_00027_00025.png
client_0,37223,76,93,7,9,70,85,38,Train/38/00038_00040_00024.png
client_0,7179,40,39,6,5,35,34,4,Train/4/00004_00024_00009.png
client_0,33726,36,39,5,5,30,33,33,Train/33/00033_00021_00007.png
client_0,10140,29,31,5,6,24,26,5,Train/5/00005_00057_00000.png
client_0,10079,50,50,5,6,45,45,5,Train/5/00005_00054_00029.png
client_0,7368,48,47,6,5,43,42,4,Train/4/00004_00030_00018.png
client_0,11881,30,29,6,5,25,24,7,Train/7/00007_00039_00001.png
client_0,9514,29,30,5,6,23,24,5,Train/5/00005_00036_00004.png
client_0,22645,124,123,11,11,114,113,14,Train/14/00014_00000_00025.png
client_0,28300,63,55,6,5,58,50,24,Train/24/00024_00003_00010.png
client_0,9287,43,40,6,5,38,35,5,Train/5/00005_00028_00017.png
client_0,38699,38,40,5,5,33,35,40,Train/40/00040_00011_00000.png
client_0,3796,34,36,6,6,29,31,2,Train/2/00002_00033_00016.png
client_0,11870,46,46,6,6,41,41,7,Train/7/00007_00038_00020.png
client_0,21830,112,112,10,10,103,103,13,Train/13/00013_00045_00020.png
client_0,6858,42,43,6,6,37,37,4,Train/4/00004_00013_00018.png
client_0,7906,43,43,6,5,38,38,4,Train/4/00004_00048_00016.png
client_0,32742,34,34,5,5,29,29,31,Train/31/00031_00022_00012.png
client_0,9677,39,39,5,5,34,34,5,Train/5/00005_00041_00017.png
client_0,7353,31,32,5,6,26,27,4,Train/4/00004_00030_00003.png
client_0,11531,32,33,5,6,27,28,7,Train/7/00007_00027_00011.png
client_0,8145,37,39,6,5,32,34,4,Train/4/00004_00056_00015.png
client_0,9841,30,29,6,6,24,24,5,Train/5/00005_00047_00001.png
client_0,36323,46,44,6,5,41,39,38,Train/38/00038_00010_00024.png
client_0,37296,36,38,6,5,31,33,38,Train/38/00038_00043_00007.png
client_0,37643,61,64,5,5,56,59,38,Train/38/00038_00054_00024.png
client_0,11603,50,52,6,6,45,47,7,Train/7/00007_00029_00023.png
client_0,2417,41,45,5,6,36,40,1,Train/1/00001_00061_00017.png
client_0,29985,44,46,6,6,39,41,26,Train/26/00026_00000_00015.png
client_0,10382,29,31,5,6,24,26,6,Train/6/00006_00003_00002.png
client_0,34398,50,50,5,5,45,45,35,Train/35/00035_00006_00019.png
client_0,9835,75,76,7,7,69,70,5,Train/5/00005_00046_00025.png
client_0,11406,30,31,5,6,25,26,7,Train/7/00007_00023_00006.png
client_0,27438,45,43,6,6,39,37,22,Train/22/00022_00004_00018.png
client_0,34321,28,29,5,6,23,24,35,Train/35/00035_00004_00002.png
client_0,6785,31,30,6,5,26,25,4,Train/4/00004_00011_00005.png
client_0,37824,57,63,5,5,52,58,38,Train/38/00038_00060_00025.png
client_0,30511,28,26,6,5,23,20,26,Train/26/00026_00018_00001.png
client_0,8445,41,42,5,6,36,37,5,Train/5/00005_00000_00015.png
client_0,18590,55,54,5,6,50,49,12,Train/12/00012_00007_00020.png
client_0,15412,44,44,5,5,39,39,10,Train/10/00010_00012_00022.png
client_0,28105,80,69,8,6,73,63,23,Train/23/00023_00013_00025.png
client_0,6913,37,36,6,6,32,31,4,Train/4/00004_00015_00013.png
client_0,22716,47,48,5,5,42,42,14,Train/14/00014_00003_00006.png
client_0,8723,69,69,7,7,63,63,5,Train/5/00005_00009_00023.png
client_0,17434,41,40,6,6,36,35,11,Train/11/00011_00013_00004.png
client_0,10280,41,43,5,6,36,38,5,Train/5/00005_00061_00020.png
client_0,1765,82,85,7,7,75,78,1,Train/1/00001_00039_00025.png
client_0,24552,33,33,6,6,28,28,17,Train/17/00017_00003_00012.png
client_0,8823,31,31,6,6,26,26,5,Train/5/00005_00013_00003.png
client_0,34217,58,59,5,6,53,54,35,Train/35/00035_00000_00018.png
client_0,33444,73,74,6,7,67,68,33,Train/33/00033_00011_00024.png
client_0,17535,60,58,6,6,55,53,11,Train/11/00011_00016_00015.png
client_0,22733,99,98,9,8,91,90,14,Train/14/00014_00003_00023.png
client_0,9262,54,51,6,6,49,46,5,Train/5/00005_00027_00022.png
client_0,37472,32,31,5,5,27,26,38,Train/38/00038_00049_00003.png
client_0,35966,106,106,10,10,97,96,37,Train/37/00037_00005_00027.png
client_0,38930,54,52,6,5,48,47,41,Train/41/00041_00006_00021.png
client_0,27829,48,44,6,6,43,39,23,Train/23/00023_00004_00019.png
client_0,10998,37,37,6,5,32,32,7,Train/7/00007_00009_00018.png
client_0,27122,33,30,6,5,28,25,21,Train/21/00021_00005_00002.png
client_0,22743,40,41,6,6,35,36,14,Train/14/00014_00004_00003.png
client_0,2037,92,93,8,9,84,85,1,Train/1/00001_00048_00027.png
client_0,37363,34,37,6,6,29,32,38,Train/38/00038_00045_00014.png
client_0,23027,88,87,7,7,81,80,14,Train/14/00014_00013_00017.png
client_0,12138,36,37,6,6,31,32,7,Train/7/00007_00047_00018.png
client_0,28801,64,59,6,5,59,53,25,Train/25/00025_00011_00001.png
client_0,1413,30,35,5,6,25,30,1,Train/1/00001_00028_00003.png
client_0,33124,28,28,6,6,23,22,33,Train/33/00033_00001_00004.png
client_0,8311,30,29,5,5,25,24,4,Train/4/00004_00062_00001.png
client_0,11447,40,41,5,6,35,36,7,Train/7/00007_00024_00017.png
client_0,2063,61,62,5,6,56,57,1,Train/1/00001_00049_00023.png
client_0,6925,43,43,5,5,38,37,4,Train/4/00004_00015_00025.png
client_0,32623,52,45,6,5,47,40,31,Train/31/00031_00018_00013.png
client_0,8830,34,34,5,5,29,29,5,Train/5/00005_00013_00010.png
client_0,8181,52,53,5,6,47,48,4,Train/4/00004_00057_00021.png
client_0,35249,26,25,5,5,21,20,35,Train/35/00035_00035_00000.png
client_0,1384,35,32,6,5,29,26,1,Train/1/00001_00027_00004.png
client_0,20173,50,50,5,5,45,45,12,Train/12/00012_00060_00013.png
client_0,27800,88,81,7,7,80,74,23,Train/23/00023_00003_00020.png
client_0,175,53,50,6,6,48,45,20,Train/20/00020_00005_00025.png
client_0,11750,41,44,6,6,36,39,7,Train/7/00007_00034_00020.png
client_0,19326,31,36,5,5,26,31,12,Train/12/00012_00032_00006.png
client_0,10508,29,30,6,6,23,24,6,Train/6/00006_00007_00008.png
client_0,6940,31,36,5,6,26,30,4,Train/4/00004_00016_00010.png
client_0,10925,34,33,6,5,29,28,7,Train/7/00007_00007_00005.png
client_0,30606,39,37,5,5,34,32,27,Train/27/00027_00001_00006.png
client_0,28435,104,88,10,8,95,81,24,Train/24/00024_00007_00025.png
client_0,23501,32,36,5,6,27,31,15,Train/15/00015_00003_00011.png
client_0,7780,32,33,5,5,27,28,4,Train/4/00004_00044_00010.png
client_0,5454,59,59,6,6,53,54,3,Train/3/00003_00013_00024.png
client_0,38531,68,69,6,7,62,63,40,Train/40/00040_00005_00012.png
client_0,10388,32,34,5,5,27,29,6,Train/6/00006_00003_00008.png
client_0,12005,28,30,5,6,23,25,7,Train/7/00007_00043_00005.png
client_0,8814,71,72,6,7,65,66,5,Train/5/00005_00012_00024.png
client_0,28216,45,41,6,6,40,36,24,Train/24/00024_00000_00016.png
client_0,23724,60,58,6,6,55,53,15,Train/15/00015_00010_00024.png
client_0,8464,28,29,6,5,23,23,5,Train/5/00005_00001_00004.png
client_0,6202,56,57,5,5,51,52,3,Train/3/00003_00038_00022.png
client_0,25916,96,88,9,8,88,80,18,Train/18/00018_00011_00026.png
client_0,10098,39,41,5,6,34,36,5,Train/5/00005_00055_00018.png
client_0,10606,40,41,5,5,35,36,6,Train/6/00006_00010_00016.png
client_0,11487,70,64,7,5,64,59,7,Train/7/00007_00025_00027.png
client_0,9392,27,26,5,5,21,21,5,Train/5/00005_00032_00002.png
client_0,8705,33,33,6,6,28,28,5,Train/5/00005_00009_00005.png
client_0,37395,38,37,6,5,33,32,38,Train/38/00038_00046_00016.png
client_0,8410,30,30,5,5,25,25,4,Train/4/00004_00065_00010.png
client_0,22964,49,50,5,6,44,45,14,Train/14/00014_00011_00014.png
client_0,38739,33,34,5,5,28,29,41,Train/41/00041_00000_00010.png
client_0,32765,32,32,5,5,27,27,31,Train/31/00031_00023_00005.png
client_0,7125,36,37,6,5,31,32,4,Train/4/00004_00022_00015.png
client_0,34666,47,47,6,6,42,42,35,Train/35/00035_00015_00017.png
client_0,11814,57,56,5,6,52,51,7,Train/7/00007_00036_00024.png
client_0,27745,166,153,15,13,152,140,23,Train/23/00023_00001_00025.png
client_0,30325,113,103,10,9,104,94,26,Train/26/00026_00011_00025.png
client_0,9504,70,73,6,6,64,67,5,Train/5/00005_00035_00024.png
client_0,37139,26,28,5,6,21,23,38,Train/38/00038_00038_00000.png
client_0,34548,41,41,5,5,36,36,35,Train/35/00035_00011_00019.png
client_0,10309,48,50,5,6,43,45,6,Train/6/00006_00000_00019.png
client_0,7039,55,56,5,6,50,51,4,Train/4/00004_00019_00019.png
client_0,38713,47,50,5,6,42,45,40,Train/40/00040_00011_00014.png
client_0,22016,92,83,9,7,84,76,13,Train/13/00013_00051_00026.png
client_0,32216,83,69,7,7,76,63,31,Train/31/00031_00004_00026.png
client_0,29678,39,37,6,6,34,32,25,Train/25/00025_00040_00008.png
client_0,32780,51,49,6,5,46,44,31,Train/31/00031_00023_00020.png
client_0,10405,59,61,6,6,54,56,6,Train/6/00006_00003_00025.png
client_0,9748,54,55,5,6,49,50,5,Train/5/00005_00043_00028.png
client_0,9183,31,30,6,5,26,25,5,Train/5/00005_00025_00003.png
client_0,6742,48,49,6,6,43,44,4,Train/4/00004_00009_00022.png
client_0,5282,29,31,5,6,24,26,3,Train/3/00003_00008_00002.png
client_0,19583,74,75,6,7,68,69,12,Train/12/00012_00040_00023.png
client_0,7263,31,31,6,6,26,26,4,Train/4/00004_00027_00003.png
client_0,28301,64,56,5,5,59,51,24,Train/24/00024_00003_00011.png
client_0,9005,33,34,5,6,28,29,5,Train/5/00005_00019_00005.png
client_0,9605,28,29,5,5,23,24,5,Train/5/00005_00039_00005.png
client_0,1154,36,37,5,6,31,32,1,Train/1/00001_00019_00014.png
client_0,11874,53,53,5,5,48,48,7,Train/7/00007_00038_00024.png
client_0,12097,31,29,5,5,26,24,7,Train/7/00007_00046_00007.png
client_0,8488,44,43,6,5,39,38,5,Train/5/00005_00001_00028.png
client_0,9511,26,26,5,5,21,21,5,Train/5/00005_00036_00001.png
client_0,30700,47,45,6,6,42,40,27,Train/27/00027_00004_00010.png
client_0,29130,40,36,6,5,35,31,25,Train/25/00025_00022_00000.png
client_0,28112,75,68,6,6,69,62,23,Train/23/00023_00014_00002.png
client_0,11885,31,31,5,5,25,25,7,Train/7/00007_00039_00005.png
client_0,266,55,55,6,6,50,50,20,Train/20/00020_00008_00026.png
client_0,36507,69,84,7,8,63,77,38,Train/38/00038_00016_00028.png
client_0,8929,48,47,6,5,43,42,5,Train/5/00005_00016_00019.png
client_0,7202,36,32,6,5,31,27,4,Train/4/00004_00025_00002.png
client_0,2034,69,68,7,6,63,62,1,Train/1/00001_00048_00024.png
client_0,24997,32,34,5,6,27,29,17,Train/17/00017_00018_00007.png
client_0,38636,134,134,11,11,122,123,40,Train/40/00040_00008_00027.png
client_0,32715,41,40,6,5,36,35,31,Train/31/00031_00021_00015.png
client_0,493,70,74,7,7,64,67,0,Train/0/00000_00004_00013.png
client_0,20875,81,69,8,6,73,62,13,Train/13/00013_00013_00025.png
client_0,26591,43,36,6,5,38,31,18,Train/18/00018_00034_00011.png
client_0,11129,83,74,7,7,76,68,7,Train/7/00007_00013_00029.png
client_0,38941,33,34,5,6,28,29,41,Train/41/00041_00007_00002.png
client_0,9517,31,30,5,5,25,25,5,Train/5/00005_00036_00007.png
client_0,32378,35,31,6,5,30,26,31,Train/31/00031_00010_00008.png
client_0,11200,40,41,5,6,35,36,7,Train/7/00007_00016_00010.png
client_0,33434,45,46,5,6,40,41,33,Train/33/00033_00011_00014.png
client_0,10323,31,33,5,6,26,28,6,Train/6/00006_00001_00003.png
client_0,363,31,31,5,5,26,26,0,Train/0/00000_00000_00003.png
client_0,1608,47,46,6,5,42,41,1,Train/1/00001_00034_00018.png
client_0,32630,64,60,5,6,59,55,31,Train/31/00031_00018_00020.png
client_0,10099,41,43,5,6,36,38,5,Train/5/00005_00055_00019.png
client_0,20668,76,69,6,6,70,63,13,Train/13/00013_00006_00028.png
client_0,9003,32,32,6,6,27,27,5,Train/5/00005_00019_00003.png
client_0,32386,40,36,6,6,35,31,31,Train/31/00031_00010_00016.png
client_0,7063,33,32,6,5,28,27,4,Train/4/00004_00020_00013.png
client_0,23469,35,42,6,5,30,37,15,Train/15/00015_00002_00009.png
client_0,9289,47,42,6,6,42,37,5,Train/5/00005_00028_00019.png
client_0,6971,34,35,6,5,29,29,4,Train/4/00004_00017_00011.png
client_0,37240,31,34,5,5,26,29,38,Train/38/00038_00041_00011.png
client_0,325,71,62,7,5,65,56,20,Train/20/00020_00010_00025.png
client_0,10014,48,48,5,5,43,43,5,Train/5/00005_00052_00024.png
client_0,5893,31,34,5,6,26,29,3,Train/3/00003_00028_00013.png
client_0,26557,54,49,6,6,49,44,18,Train/18/00018_00033_00007.png
client_0,9943,38,38,6,6,33,33,5,Train/5/00005_00050_00013.png
client_0,24003,26,27,5,6,21,22,15,Train/15/00015_00020_00003.png
client_0,38265,34,35,5,6,29,30,39,Train/39/00039_00006_00016.png
client_0,12095,30,29,6,5,25,24,7,Train/7/00007_00046_00005.png
client_0,25545,29,36,6,6,24,31,17,Train/17/00017_00036_00015.png
client_0,1289,52,48,6,6,46,43,1,Train/1/00001_00023_00029.png
client_0,28615,64,58,6,6,59,53,25,Train/25/00025_00004_00025.png
client_0,37632,37,37,5,5,32,32,38,Train/38/00038_00054_00013.png
client_0,23286,40,41,6,5,34,36,14,Train/14/00014_00022_00006.png
client_0,32719,46,47,5,6,41,42,31,Train/31/00031_00021_00019.png
client_0,22009,53,50,5,5,47,44,13,Train/13/00013_00051_00019.png
client_0,20904,119,108,11,10,109,99,13,Train/13/00013_00014_00024.png
client_0,9630,26,26,6,5,21,21,5,Train/5/00005_00040_00000.png
client_0,30739,48,44,6,6,42,39,27,Train/27/00027_00005_00019.png
client_0,6577,51,50,6,5,45,44,4,Train/4/00004_00004_00007.png
client_0,7395,34,35,6,6,29,30,4,Train/4/00004_00031_00015.png
client_0,9331,28,28,5,5,23,23,5,Train/5/00005_00030_00001.png
client_0,38268,35,35,5,5,30,29,39,Train/39/00039_00006_00019.png
client_0,30341,33,29,5,5,27,24,26,Train/26/00026_00012_00011.png
client_0,5629,43,43,5,6,38,38,3,Train/3/00003_00019_00019.png
client_0,35063,52,53,5,6,47,48,35,Train/35/00035_00028_00024.png
client_0,8000,51,48,5,5,46,43,4,Train/4/00004_00051_00020.png
client_0,32156,110,105,9,9,101,96,31,Train/31/00031_00002_00026.png
client_0,36876,34,34,5,5,29,29,38,Train/38/00038_00029_00007.png
client_0,21020,59,56,6,6,54,51,13,Train/13/00013_00018_00020.png
client_0,8378,33,31,6,6,27,26,4,Train/4/00004_00064_00008.png
client_0,32725,68,69,6,7,62,63,31,Train/31/00031_00021_00025.png
client_0,10210,33,32,5,5,28,27,5,Train/5/00005_00059_00010.png
client_0,36952,70,71,6,7,64,65,38,Train/38/00038_00031_00023.png
client_0,32356,53,48,6,5,48,43,31,Train/31/00031_00009_00016.png
client_0,30018,58,56,5,6,52,51,26,Train/26/00026_00001_00018.png
client_0,12056,49,51,5,5,44,46,7,Train/7/00007_00044_00026.png
client_0,11099,58,59,6,6,53,54,7,Train/7/00007_00012_00029.png
client_0,30209,61,58,6,6,56,53,26,Train/26/00026_00007_00029.png
client_0,23160,42,42,6,6,37,37,14,Train/14/00014_00018_00000.png
client_0,30741,52,48,5,5,47,42,27,Train/27/00027_00005_00021.png
client_0,32409,38,38,6,6,33,33,31,Train/31/00031_00011_00009.png
client_0,6761,33,35,5,6,28,30,4,Train/4/00004_00010_00011.png
client_0,27107,42,38,6,5,37,33,21,Train/21/00021_00004_00017.png
client_0,207,76,66,6,6,69,60,20,Train/20/00020_00006_00027.png
client_0,6912,36,35,5,5,31,30,4,Train/4/00004_00015_00012.png
client_0,10471,26,27,5,5,21,22,6,Train/6/00006_00006_00001.png
client_0,9038,29,28,6,5,24,23,5,Train/5/00005_00020_00008.png
client_0,7023,34,35,5,6,29,30,4,Train/4/00004_00019_00003.png
client_0,22652,33,34,5,6,28,29,14,Train/14/00014_00001_00002.png
client_0,22205,29,29,5,6,24,24,13,Train/13/00013_00058_00005.png
client_0,8358,37,37,5,5,32,32,4,Train/4/00004_00063_00018.png
client_0,9139,47,46,6,5,42,41,5,Train/5/00005_00023_00019.png
client_0,5172,36,36,5,5,31,30,3,Train/3/00003_00004_00012.png
client_0,11913,28,29,5,6,23,24,7,Train/7/00007_00040_00003.png
client_0,34452,54,52,5,5,48,47,35,Train/35/00035_00008_00013.png
client_0,11658,36,37,5,5,30,31,7,Train/7/00007_00031_00018.png
client_0,7888,103,99,9,9,94,91,4,Train/4/00004_00047_00028.png
client_0,32597,85,75,8,6,78,69,31,Train/31/00031_00017_00017.png
client_0,32470,33,33,6,5,28,28,31,Train/31/00031_00013_00010.png
client_0,21358,51,46,6,5,46,41,13,Train/13/00013_00029_00028.png
client_0,32372,30,29,5,6,25,24,31,Train/31/00031_00010_00002.png
client_0,35154,48,51,6,6,43,46,35,Train/35/00035_00031_00025.png
client_0,20629,54,49,5,6,49,44,13,Train/13/00013_00005_00019.png
client_0,23167,50,50,6,5,45,45,14,Train/14/00014_00018_00007.png
client_0,32163,38,38,5,6,33,33,31,Train/31/00031_00003_00003.png
client_0,10955,32,32,6,6,27,27,7,Train/7/00007_00008_00005.png
client_0,7015,66,72,6,7,60,65,4,Train/4/00004_00018_00025.png
client_0,36525,42,43,5,6,37,38,38,Train/38/00038_00017_00016.png
client_0,34942,45,47,5,5,40,42,35,Train/35/00035_00024_00023.png
client_0,1224,50,51,5,5,44,46,1,Train/1/00001_00021_00024.png
client_0,17313,46,42,6,6,40,36,11,Train/11/00011_00009_00003.png
client_0,23192,38,41,6,5,33,36,14,Train/14/00014_00019_00002.png
client_0,30601,36,36,5,6,31,30,27,Train/27/00027_00001_00001.png
client_0,11025,41,40,6,6,36,35,7,Train/7/00007_00010_00015.png
client_0,9708,46,48,5,6,41,43,5,Train/5/00005_00042_00018.png
client_0,32761,28,28,5,6,23,23,31,Train/31/00031_00023_00001.png
client_0,36342,48,50,5,6,43,45,38,Train/38/00038_00011_00013.png
client_0,28458,50,52,6,5,45,47,24,Train/24/00024_00008_00018.png
client_0,10789,61,67,5,6,56,61,7,Train/7/00007_00002_00019.png
client_0,5455,62,63,6,6,56,57,3,Train/3/00003_00013_00025.png
client_0,28288,75,69,7,6,68,62,24,Train/24/00024_00002_00028.png
client_0,10639,43,43,5,5,38,38,6,Train/6/00006_00011_00019.png
client_0,35375,36,35,6,5,31,30,35,Train/35/00035_00039_00006.png
client_0,5535,39,42,5,6,34,37,3,Train/3/00003_00016_00015.png
client_0,6557,39,37,5,5,34,32,4,Train/4/00004_00003_00017.png
client_0,6570,44,43,6,5,39,38,4,Train/4/00004_00004_00000.png
client_0,23258,37,40,5,6,32,35,14,Train/14/00014_00021_00008.png
client_0,10583,44,45,6,5,39,39,6,Train/6/00006_00009_00023.png
client_0,9062,30,31,5,6,25,26,5,Train/5/00005_00021_00002.png
client_0,32111,47,42,6,5,42,37,31,Train/31/00031_00001_00011.png
client_0,22821,61,62,5,5,56,57,14,Train/14/00014_00006_00021.png
client_0,31858,135,124,11,11,124,114,30,Train/30/00030_00007_00028.png
client_0,11559,33,34,5,5,28,29,7,Train/7/00007_00028_00009.png
client_0,20678,41,39,6,5,36,34,13,Train/13/00013_00007_00008.png
client_0,8431,30,32,5,6,25,27,5,Train/5/00005_00000_00001.png
client_0,37952,29,30,6,6,24,25,38,Train/38/00038_00065_00003.png
client_0,7480,34,34,5,5,29,29,4,Train/4/00004_00034_00010.png
client_0,1066,47,47,5,5,42,42,1,Train/1/00001_00016_00016.png
client_0,31182,38,35,6,5,33,30,28,Train/28/00028_00012_00012.png
client_0,8147,38,42,5,6,33,37,4,Train/4/00004_00056_00017.png
client_0,11829,32,32,6,5,27,27,7,Train/7/00007_00037_00009.png
client_0,36159,35,35,6,5,30,30,38,Train/38/00038_00005_00010.png
client_0,10050,28,27,5,6,23,22,5,Train/5/00005_00054_00000.png
client_0,11681,41,40,6,6,35,35,7,Train/7/00007_00032_00011.png
client_0,2421,48,49,6,5,43,44,1,Train/1/00001_00061_00021.png
client_0,28439,140,119,13,11,128,109,24,Train/24/00024_00007_00029.png
client_0,282,40,40,6,6,35,35,20,Train/20/00020_00009_00012.png
client_0,32191,37,32,6,6,32,27,31,Train/31/00031_00004_00001.png
client_0,6141,49,43,6,5,44,38,3,Train/3/00003_00036_00021.png
client_0,8559,32,33,5,5,27,27,5,Train/5/00005_00004_00009.png
client_0,30780,32,30,5,5,27,25,27,Train/27/00027_00007_00000.png
client_0,17304,101,92,9,8,93,84,11,Train/11/00011_00008_00024.png
client_0,28432,76,69,6,7,70,63,24,Train/24/00024_00007_00022.png
client_0,18251,46,44,5,6,41,39,11,Train/11/00011_00040_00011.png
client_0,24452,28,33,6,6,22,28,17,Train/17/00017_00000_00002.png
client_0,33396,30,29,6,5,25,24,33,Train/33/00033_00010_00006.png
client_0,10983,30,30,6,6,25,25,7,Train/7/00007_00009_00003.png
client_0,12064,28,29,5,6,22,24,7,Train/7/00007_00045_00004.png
client_0,1334,37,35,5,5,31,30,1,Train/1/00001_00025_00014.png
client_0,8484,41,40,6,5,36,35,5,Train/5/00005_00001_00024.png
client_0,8955,47,47,5,5,42,42,5,Train/5/00005_00017_00015.png
client_0,9140,46,47,5,6,41,42,5,Train/5/00005_00023_00020.png
client_0,9338,34,33,6,5,29,28,5,Train/5/00005_00030_00008.png
client_0,21057,94,81,9,7,85,73,13,Train/13/00013_00019_00027.png
client_0,10788,60,62,6,5,55,57,7,Train/7/00007_00002_00018.png
client_0,24604,30,30,6,6,25,25,17,Train/17/00017_00005_00004.png
client_0,8911,30,31,5,6,25,26,5,Train/5/00005_00016_00001.png
client_0,491,68,72,6,7,61,65,0,Train/0/00000_00004_00011.png
client_0,21193,48,47,5,6,43,41,13,Train/13/00013_00024_00013.png
client_0,23277,132,141,11,13,121,129,14,Train/14/00014_00021_00027.png
client_0,6594,104,100,9,8,95,92,4,Train/4/00004_00004_00024.png
client_0,6909,34,33,6,6,28,28,4,Train/4/00004_00015_00009.png
client_0,8184,65,64,6,5,60,59,4,Train/4/00004_00057_00024.png
client_0,10748,30,30,6,5,24,24,7,Train/7/00007_00001_00008.png
client_0,29944,43,41,5,5,38,36,25,Train/25/00025_00049_00004.png
client_0,6678,39,38,6,5,34,33,4,Train/4/00004_00007_00018.png
client_0,28786,57,52,5,6,52,47,25,Train/25/00025_00010_00016.png
client_0,467,43,45,5,5,38,40,0,Train/0/00000_00003_00017.png
client_0,1581,47,48,5,5,42,42,1,Train/1/00001_00033_00021.png
client_0,26499,43,39,6,6,38,34,18,Train/18/00018_00031_00009.png
client_0,8701,30,30,5,5,25,25,5,Train/5/00005_00009_00001.png
client_0,11642,27,29,5,6,22,23,7,Train/7/00007_00031_00002.png
client_0,7529,117,131,11,12,107,120,4,Train/4/00004_00035_00029.png
client_0,20993,83,74,8,6,76,68,13,Train/13/00013_00017_00023.png
client_0,25594,48,43,6,6,43,38,18,Train/18/00018_00001_00004.png
client_0,32747,39,38,6,5,34,33,31,Train/31/00031_00022_00017.png
client_0,6796,38,40,5,6,33,35,4,Train/4/00004_00011_00016.png
client_0,1818,56,56,6,5,51,51,1,Train/1/00001_00041_00018.png
client_0,259,41,40,6,5,36,35,20,Train/20/00020_00008_00019.png
client_0,32287,35,33,5,5,30,27,31,Train/31/00031_00007_00007.png
client_0,9054,40,38,6,5,35,33,5,Train/5/00005_00020_00024.png
client_0,23609,95,94,8,8,87,86,15,Train/15/00015_00006_00029.png
client_0,30164,42,40,6,6,37,35,26,Train/26/00026_00006_00014.png
client_0,13017,56,48,5,6,50,43,8,Train/8/00008_00028_00027.png
client_0,11880,29,30,6,6,24,24,7,Train/7/00007_00039_00000.png
client_0,32785,74,69,7,7,67,63,31,Train/31/00031_00023_00025.png
client_0,32096,112,104,10,10,103,95,31,Train/31/00031_00000_00026.png
client_0,22942,100,111,9,10,92,102,14,Train/14/00014_00010_00022.png
client_0,8273,48,49,6,5,43,44,4,Train/4/00004_00060_00023.png
client_0,15606,34,34,5,5,29,29,10,Train/10/00010_00019_00006.png
client_0,36902,31,33,6,5,26,28,38,Train/38/00038_00030_00003.png
client_0,7101,51,51,6,5,46,46,4,Train/4/00004_00021_00021.png
client_0,9399,31,32,6,6,25,26,5,Train/5/00005_00032_00009.png
client_0,33484,43,42,6,5,38,37,33,Train/33/00033_00013_00004.png
client_0,38223,33,34,5,6,28,29,39,Train/39/00039_00005_00004.png
client_0,180,27,25,6,5,22,20,20,Train/20/00020_00006_00000.png
client_0,30807,74,68,7,6,68,62,27,Train/27/00027_00007_00027.png
client_0,8576,64,69,6,6,59,63,5,Train/5/00005_00004_00026.png
client_0,8071,36,36,5,5,31,31,4,Train/4/00004_00054_00001.png
client_0,18943,38,39,6,6,33,34,12,Train/12/00012_00019_00013.png
client_0,8527,30,30,5,6,25,25,5,Train/5/00005_00003_00007.png
client_0,38347,30,32,5,5,25,26,39,Train/39/00039_00009_00008.png
client_0,10987,30,32,5,5,25,27,7,Train/7/00007_00009_00007.png
client_0,8916,36,36,6,6,31,31,5,Train/5/00005_00016_00006.png
client_0,187,32,30,5,6,26,25,20,Train/20/00020_00006_00007.png
client_0,8293,37,37,5,5,32,32,4,Train/4/00004_00061_00013.png
client_0,8613,32,32,6,5,27,27,5,Train/5/00005_00006_00003.png
client_0,10770,37,40,5,5,32,35,7,Train/7/00007_00002_00000.png
client_0,6101,34,36,5,5,29,31,3,Train/3/00003_00035_00011.png
client_0,23811,53,54,6,5,48,49,15,Train/15/00015_00013_00021.png
client_0,25037,49,52,6,5,44,47,17,Train/17/00017_00019_00017.png
client_0,25266,30,31,5,6,25,26,17,Train/17/00017_00027_00006.png
client_0,33201,55,59,6,6,50,54,33,Train/33/00033_00003_00021.png
client_0,24007,29,29,5,6,23,24,15,Train/15/00015_00020_00007.png
client_0,10197,75,81,6,7,68,74,5,Train/5/00005_00058_00027.png
client_0,5663,48,47,6,5,43,42,3,Train/3/00003_00020_00023.png
client_0,28274,62,57,6,5,57,52,24,Train/24/00024_00002_00014.png
client_0,35439,37,36,5,5,31,31,36,Train/36/00036_00001_00010.png
client_0,1191,70,70,7,7,64,64,1,Train/1/00001_00020_00021.png
client_0,33479,44,42,5,5,38,37,33,Train/33/00033_00012_00029.png
client_0,32787,87,82,8,8,80,74,31,Train/31/00031_00023_00027.png
client_0,9676,39,40,6,6,33,34,5,Train/5/00005_00041_00016.png
client_0,10162,47,48,5,5,42,43,5,Train/5/00005_00057_00022.png
client_0,9641,30,32,5,6,25,26,5,Train/5/00005_00040_00011.png
client_0,25795,122,108,11,10,112,98,18,Train/18/00018_00007_00025.png
client_0,9370,30,32,5,6,25,27,5,Train/5/00005_00031_00010.png
client_0,7904,40,41,5,5,35,36,4,Train/4/00004_00048_00014.png
client_0,26176,84,79,7,7,77,72,18,Train/18/00018_00020_00016.png
client_0,36891,54,53,6,5,49,48,38,Train/38/00038_00029_00022.png
client_0,32211,61,54,6,6,56,49,31,Train/31/00031_00004_00021.png
client_0,30261,55,49,5,5,49,43,26,Train/26/00026_00009_00021.png
client_0,10051,29,26,6,5,24,21,5,Train/5/00005_00054_00001.png
client_0,37451,36,36,5,6,31,31,38,Train/38/00038_00048_00012.png
client_0,7779,31,34,5,6,26,28,4,Train/4/00004_00044_00009.png
client_0,32331,58,54,5,6,53,49,31,Train/31/00031_00008_00021.png
client_0,6744,52,52,6,6,47,47,4,Train/4/00004_00009_00024.png
client_0,11057,49,50,5,6,44,45,7,Train/7/00007_00011_00017.png
client_0,1268,38,35,5,5,32,30,1,Train/1/00001_00023_00008.png
client_0,35825,32,32,5,5,27,27,37,Train/37/00037_00001_00006.png
client_0,1008,42,42,5,5,37,37,1,Train/1/00001_00014_00018.png
client_0,6437,40,38,5,5,34,33,3,Train/3/00003_00046_00017.png
client_0,10275,35,34,6,5,30,29,5,Train/5/00005_00061_00015.png
client_0,5582,32,31,6,5,27,26,3,Train/3/00003_00018_00002.png
client_0,36025,76,79,6,7,70,72,38,Train/38/00038_00000_00026.png
client_0,9129,35,35,6,6,30,30,5,Train/5/00005_00023_00009.png
client_0,938,33,34,6,5,28,29,1,Train/1/00001_00012_00008.png
client_0,28697,84,75,8,7,77,69,25,Train/25/00025_00007_00017.png
client_0,27054,60,53,6,5,55,48,21,Train/21/00021_00002_00024.png
client_0,38,38,36,5,6,33,31,20,Train/20/00020_00001_00008.png
client_0,23952,99,119,9,11,91,109,15,Train/15/00015_00018_00012.png
client_0,21955,93,83,8,8,84,75,13,Train/13/00013_00049_00025.png
client_0,7716,31,31,6,5,26,26,4,Train/4/00004_00042_00006.png
client_0,10564,28,29,6,5,23,24,6,Train/6/00006_00009_00004.png
client_0,6553,35,35,6,6,30,30,4,Train/4/00004_00003_00013.png
client_0,23984,32,32,6,6,27,27,15,Train/15/00015_00019_00014.png
client_0,30276,35,31,6,5,29,26,26,Train/26/00026_00010_00006.png
client_0,36484,43,50,6,5,38,45,38,Train/38/00038_00016_00005.png
client_0,5456,65,68,6,7,60,62,3,Train/3/00003_00013_00026.png
client_0,38318,35,35,6,6,30,30,39,Train/39/00039_00008_00009.png
client_0,7672,46,46,5,5,41,41,4,Train/4/00004_00040_00022.png
client_0,8948,37,37,5,5,32,32,5,Train/5/00005_00017_00008.png
client_0,10318,68,72,6,6,62,66,6,Train/6/00006_00000_00028.png
client_0,9107,44,45,5,6,39,40,5,Train/5/00005_00022_00017.png
client_0,10950,31,31,6,6,26,26,7,Train/7/00007_00008_00000.png
client_0,8281,29,30,5,6,24,25,4,Train/4/00004_00061_00001.png
client_0,10933,39,40,5,6,34,35,7,Train/7/00007_00007_00013.png
client_0,32433,35,33,5,6,30,28,31,Train/31/00031_00012_00003.png
client_0,32153,82,74,8,6,75,68,31,Train/31/00031_00002_00023.png
client_0,36655,51,55,5,6,46,50,38,Train/38/00038_00021_00026.png
client_0,28270,60,56,5,5,54,51,24,Train/24/00024_00002_00010.png
client_0,38948,36,36,5,5,31,31,41,Train/41/00041_00007_00009.png
client_0,38879,27,25,6,5,22,20,41,Train/41/00041_00005_00000.png
client_0,9775,60,68,5,6,55,62,5,Train/5/00005_00044_00025.png
client_0,21992,32,30,5,5,27,25,13,Train/13/00013_00051_00002.png
client_0,28173,40,40,5,6,35,35,23,Train/23/00023_00016_00003.png
client_0,10066,37,37,5,6,32,32,5,Train/5/00005_00054_00016.png
client_0,8294,38,38,5,5,33,33,4,Train/4/00004_00061_00014.png
client_0,32680,39,37,6,6,34,32,31,Train/31/00031_00020_00010.png
client_0,32634,88,82,7,8,81,75,31,Train/31/00031_00018_00024.png
client_0,11656,34,35,5,6,28,30,7,Train/7/00007_00031_00016.png
client_0,8030,42,42,6,6,36,36,4,Train/4/00004_00052_00020.png
client_0,35926,39,40,5,6,33,35,37,Train/37/00037_00004_00017.png
client_0,6793,37,37,6,6,32,32,4,Train/4/00004_00011_00013.png
client_0,9345,38,39,5,6,33,34,5,Train/5/00005_00030_00015.png
client_0,11711,35,37,5,6,30,31,7,Train/7/00007_00033_00011.png
client_0,12008,33,33,6,6,27,28,7,Train/7/00007_00043_00008.png
client_0,6798,43,43,6,5,38,37,4,Train/4/00004_00011_00018.png
client_0,12632,31,29,6,5,26,24,8,Train/8/00008_00016_00002.png
client_0,32340,35,36,5,5,30,31,31,Train/31/00031_00009_00000.png
client_0,17583,44,43,5,5,39,38,11,Train/11/00011_00018_00003.png
client_0,19127,47,52,5,5,42,47,12,Train/12/00012_00025_00017.png
client_0,37933,40,41,6,5,35,36,38,Train/38/00038_00064_00014.png
client_0,36204,74,95,7,9,68,87,38,Train/38/00038_00006_00025.png
client_0,22581,124,109,11,9,114,100,13,Train/13/00013_00070_00021.png
client_0,532,56,54,5,5,50,49,0,Train/0/00000_00005_00022.png
client_0,9505,76,82,6,7,70,74,5,Train/5/00005_00035_00025.png
client_0,30994,42,39,6,6,37,34,28,Train/28/00028_00006_00004.png
client_0,9472,40,43,5,5,35,38,5,Train/5/00005_00034_00022.png
client_0,25736,145,130,13,11,133,119,18,Train/18/00018_00005_00026.png
client_0,26341,39,33,5,5,34,28,18,Train/18/00018_00026_00001.png
client_0,37959,33,35,5,6,28,30,38,Train/38/00038_00065_00010.png
client_0,23168,51,52,5,5,46,47,14,Train/14/00014_00018_00008.png
client_0,273,37,36,6,5,32,31,20,Train/20/00020_00009_00003.png
client_0,9286,43,40,6,5,38,35,5,Train/5/00005_00028_00016.png
client_0,28181,48,45,6,5,43,40,23,Train/23/00023_00016_00011.png
client_0,9797,41,40,5,5,36,35,5,Train/5/00005_00045_00017.png
client_0,30001,40,38,6,5,35,33,26,Train/26/00026_00001_00001.png
client_0,28304,73,68,7,7,67,62,24,Train/24/00024_00003_00014.png
client_0,29849,80,74,8,7,73,68,25,Train/25/00025_00045_00029.png
client_0,9826,45,46,6,6,40,41,5,Train/5/00005_00046_00016.png
client_0,7541,38,38,5,5,33,33,4,Train/4/00004_00036_00011.png
client_0,6031,26,27,5,5,21,22,3,Train/3/00003_00033_00001.png
client_0,35862,46,45,6,6,41,40,37,Train/37/00037_00002_00013.png
client_0,8235,44,43,6,5,39,38,4,Train/4/00004_00059_00015.png
client_0,9799,43,43,5,6,38,38,5,Train/5/00005_00045_00019.png
client_0,29626,46,42,6,6,40,37,25,Train/25/00025_00038_00016.png
client_0,8405,27,29,5,6,22,24,4,Train/4/00004_00065_00005.png
client_0,7870,46,45,5,5,41,40,4,Train/4/00004_00047_00010.png
client_0,19036,46,45,6,6,41,40,12,Train/12/00012_00022_00016.png
client_0,8007,87,87,8,8,80,80,4,Train/4/00004_00051_00027.png
client_0,21090,26,25,5,5,20,20,13,Train/13/00013_00021_00000.png
client_0,6723,32,33,5,6,26,27,4,Train/4/00004_00009_00003.png
client_0,28710,65,63,6,6,60,58,25,Train/25/00025_00008_00000.png
client_0,9634,28,28,6,6,23,23,5,Train/5/00005_00040_00004.png
client_0,36912,33,36,5,5,28,31,38,Train/38/00038_00030_00013.png
client_0,11579,50,56,5,6,45,51,7,Train/7/00007_00028_00029.png
client_0,1131,81,83,7,7,74,76,1,Train/1/00001_00018_00021.png
client_0,25606,60,57,5,6,55,52,18,Train/18/00018_00001_00016.png
client_0,6479,92,88,8,7,85,81,4,Train/4/00004_00000_00029.png
client_0,9491,37,37,5,5,32,32,5,Train/5/00005_00035_00011.png
client_0,5321,35,34,6,5,30,29,3,Train/3/00003_00009_00011.png
client_0,23108,57,58,5,6,52,53,14,Train/14/00014_00016_00008.png
client_0,11096,52,53,6,6,47,48,7,Train/7/00007_00012_00026.png
client_0,33099,27,29,5,6,22,24,33,Train/33/00033_00000_00009.png
client_0,34412,26,29,5,6,21,24,35,Train/35/00035_00007_00003.png
client_0,8960,57,57,6,6,52,52,5,Train/5/00005_00017_00020.png
client_0,37128,55,54,6,5,50,49,38,Train/38/00038_00037_00019.png
client_0,8104,35,32,5,5,30,27,4,Train/4/00004_00055_00004.png
client_0,6451,43,44,5,6,38,39,4,Train/4/00004_00000_00001.png
client_0,6631,28,30,5,6,23,24,4,Train/4/00004_00006_00001.png
client_0,19025,36,36,6,6,31,31,12,Train/12/00012_00022_00005.png
client_0,31475,38,38,5,5,33,33,29,Train/29/00029_00004_00005.png
client_0,8857,34,33,6,5,29,28,5,Train/5/00005_00014_00007.png
client_0,5167,34,34,5,5,29,29,3,Train/3/00003_00004_00007.png
client_0,8679,36,35,6,5,31,30,5,Train/5/00005_00008_00009.png
client_0,7209,38,39,5,6,33,34,4,Train/4/00004_00025_00009.png
client_0,10447,29,30,6,5,24,25,6,Train/6/00006_00005_00007.png
client_0,23784,46,51,6,6,40,45,15,Train/15/00015_00012_00024.png
client_0,30467,44,41,6,6,39,35,26,Train/26/00026_00016_00017.png
client_0,2765,49,50,6,6,44,45,1,Train/1/00001_00073_00005.png
client_0,1668,47,48,5,6,42,43,1,Train/1/00001_00036_00018.png
client_0,8788,96,103,8,9,88,94,5,Train/5/00005_00011_00028.png
client_0,26376,31,31,5,5,26,26,18,Train/18/00018_00027_00006.png
client_0,34219,62,63,5,5,57,58,35,Train/35/00035_00000_00020.png
client_0,6975,36,38,5,5,31,33,4,Train/4/00004_00017_00015.png
client_0,11294,39,40,6,5,33,35,7,Train/7/00007_00019_00014.png
client_0,28087,46,43,5,5,41,38,23,Train/23/00023_00013_00007.png
client_0,35769,56,57,5,6,51,52,36,Train/36/00036_00012_00010.png
client_0,9010,37,36,6,5,32,31,5,Train/5/00005_00019_00010.png
client_0,30497,47,41,5,6,41,36,26,Train/26/00026_00017_00017.png
client_0,20520,38,36,6,5,33,31,13,Train/13/00013_00002_00000.png
client_0,9818,34,36,6,6,29,31,5,Train/5/00005_00046_00008.png
client_0,12038,28,30,5,6,23,25,7,Train/7/00007_00044_00008.png
client_0,11005,42,45,5,6,37,40,7,Train/7/00007_00009_00025.png
client_0,150,28,26,5,6,22,21,20,Train/20/00020_00005_00000.png
client_0,38143,55,60,5,6,50,55,39,Train/39/00039_00002_00014.png
client_0,30045,37,35,6,5,32,30,26,Train/26/00026_00002_00015.png
client_0,37710,29,31,6,5,24,25,38,Train/38/00038_00057_00001.png
client_0,6542,29,28,6,5,24,23,4,Train/4/00004_00003_00002.png
client_0,8590,33,33,6,6,27,28,5,Train/5/00005_00005_00010.png
client_0,19205,31,32,5,6,26,27,12,Train/12/00012_00028_00005.png
client_0,7292,30,30,5,5,25,25,4,Train/4/00004_00028_00002.png
client_0,11100,31,31,6,6,26,26,7,Train/7/00007_00013_00000.png
client_0,29378,56,53,6,5,51,48,25,Train/25/00025_00030_00008.png
client_0,10215,39,38,5,5,33,32,5,Train/5/00005_00059_00015.png
client_0,36420,27,28,6,5,22,23,38,Train/38/00038_00014_00001.png
client_0,10171,27,26,6,5,22,21,5,Train/5/00005_00058_00001.png
client_0,719,63,64,5,6,58,59,1,Train/1/00001_00004_00029.png
client_0,21514,43,49,5,6,38,44,13,Train/13/00013_00035_00004.png
client_0,26480,56,53,6,6,50,48,18,Train/18/00018_00030_00020.png
client_0,32843,80,71,7,6,73,65,31,Train/31/00031_00025_00023.png
client_0,11515,54,58,5,5,49,52,7,Train/7/00007_00026_00025.png
client_0,37822,51,56,5,6,46,51,38,Train/38/00038_00060_00023.png
client_0,15624,71,72,7,7,65,66,10,Train/10/00010_00019_00024.png
client_0,5957,41,43,5,5,36,37,3,Train/3/00003_00030_00017.png
client_0,20094,50,51,6,6,45,46,12,Train/12/00012_00057_00024.png
client_0,7332,37,37,5,5,32,32,4,Train/4/00004_00029_00012.png
client_0,34385,30,32,6,6,25,26,35,Train/35/00035_00006_00006.png
client_0,36996,28,33,6,5,23,28,38,Train/38/00038_00033_00007.png
client_0,21912,60,57,5,5,55,51,13,Train/13/00013_00048_00012.png
client_0,31191,56,53,5,5,51,48,28,Train/28/00028_00012_00021.png
client_0,1438,110,131,9,12,101,120,1,Train/1/00001_00028_00028.png
client_0,22965,51,51,5,5,46,46,14,Train/14/00014_00011_00015.png
client_0,32137,40,40,5,6,35,35,31,Train/31/00031_00002_00007.png
client_0,22194,130,116,11,10,119,106,13,Train/13/00013_00057_00024.png
client_0,5686,41,44,5,6,36,39,3,Train/3/00003_00021_00016.png
client_0,30693,40,38,5,6,35,33,27,Train/27/00027_00004_00003.png
client_0,11221,29,29,5,5,24,24,7,Train/7/00007_00017_00001.png
client_0,11806,39,36,5,5,34,31,7,Train/7/00007_00036_00016.png
client_0,11508,41,42,6,6,35,36,7,Train/7/00007_00026_00018.png
client_0,8886,33,34,5,5,28,28,5,Train/5/00005_00015_00006.png
client_0,20025,46,45,6,5,41,40,12,Train/12/00012_00055_00015.png
client_0,425,31,31,6,6,26,26,0,Train/0/00000_00002_00005.png
client_0,7841,37,37,6,6,32,32,4,Train/4/00004_00046_00011.png
client_0,22790,63,62,6,5,58,57,14,Train/14/00014_00005_00020.png
client_0,8206,39,40,5,5,34,35,4,Train/4/00004_00058_00016.png
client_0,20360,51,58,5,6,46,53,12,Train/12/00012_00066_00020.png
client_0,9288,45,39,5,5,40,34,5,Train/5/00005_00028_00018.png
client_0,33751,26,26,5,5,21,21,33,Train/33/00033_00022_00002.png
client_0,11698,115,115,10,10,105,105,7,Train/7/00007_00032_00028.png
client_0,34959,36,37,6,6,31,32,35,Train/35/00035_00025_00010.png
client_0,34392,39,40,6,6,34,35,35,Train/35/00035_00006_00013.png
client_0,30500,52,46,5,6,47,41,26,Train/26/00026_00017_00020.png
client_0,23197,42,46,5,6,37,41,14,Train/14/00014_00019_00007.png
client_0,37007,39,45,6,5,34,40,38,Train/38/00038_00033_00018.png
client_0,18048,58,58,5,5,53,53,11,Train/11/00011_00033_00018.png
client_0,34441,39,40,5,6,34,35,35,Train/35/00035_00008_00002.png
client_0,32309,72,64,7,5,66,59,31,Train/31/00031_00007_00029.png
client_0,33673,32,34,5,5,27,28,33,Train/33/00033_00019_00013.png
client_0,36473,58,64,6,5,53,59,38,Train/38/00038_00015_00024.png
client_0,9359,62,60,5,5,57,55,5,Train/5/00005_00030_00029.png
client_0,7882,70,65,7,6,63,60,4,Train/4/00004_00047_00022.png
client_0,41,41,37,5,5,36,31,20,Train/20/00020_00001_00011.png
client_0,10219,45,44,5,5,40,39,5,Train/5/00005_00059_00019.png
client_0,20019,36,37,5,6,31,32,12,Train/12/00012_00055_00009.png
client_0,23721,49,49,5,6,44,44,15,Train/15/00015_00010_00021.png
client_0,23528,32,34,5,5,27,29,15,Train/15/00015_00004_00008.png
client_0,19316,76,75,7,6,70,69,12,Train/12/00012_00031_00026.png
client_0,20337,104,98,10,8,95,90,12,Train/12/00012_00065_00027.png
client_0,10000,35,35,6,6,30,30,5,Train/5/00005_00052_00010.png
client_0,7550,56,56,5,5,51,51,4,Train/4/00004_00036_00020.png
client_0,37866,30,30,6,6,25,25,38,Train/38/00038_00062_00007.png
client_0,10909,54,53,6,5,49,48,7,Train/7/00007_00006_00019.png
client_0,8400,26,26,6,5,21,21,4,Train/4/00004_00065_00000.png
client_0,10059,35,35,5,6,30,30,5,Train/5/00005_00054_00009.png
client_0,36089,37,37,6,5,32,32,38,Train/38/00038_00003_00000.png
client_0,19064,40,41,5,6,35,36,12,Train/12/00012_00023_00014.png
client_0,11745,37,40,6,5,32,35,7,Train/7/00007_00034_00015.png
client_0,6819,35,32,6,5,30,27,4,Train/4/00004_00012_00009.png
client_0,32505,55,51,5,5,50,46,31,Train/31/00031_00014_00015.png
client_0,36871,32,32,6,6,27,27,38,Train/38/00038_00029_00002.png
client_0,129,33,34,5,6,28,29,20,Train/20/00020_00004_00009.png
client_0,34648,92,93,8,8,84,85,35,Train/35/00035_00014_00029.png
client_0,32256,34,34,6,6,29,29,31,Train/31/00031_00006_00006.png
client_0,21404,35,34,5,6,30,29,13,Train/13/00013_00031_00014.png
client_0,20252,26,27,5,5,21,22,12,Train/12/00012_00063_00002.png
client_0,11738,30,33,5,5,25,28,7,Train/7/00007_00034_00008.png
client_0,565,85,87,8,7,77,80,0,Train/0/00000_00006_00025.png
client_0,36144,56,60,5,6,51,55,38,Train/38/00038_00004_00025.png
client_0,23050,55,62,6,5,49,57,14,Train/14/00014_00014_00010.png
client_0,7254,53,55,6,5,48,50,4,Train/4/00004_00026_00024.png
client_0,2730,35,36,5,6,30,31,1,Train/1/00001_00072_00000.png
client_0,7445,31,32,6,6,26,27,4,Train/4/00004_00033_00005.png
client_0,34906,44,44,6,6,39,39,35,Train/35/00035_00023_00017.png
client_0,30495,45,39,6,6,40,34,26,Train/26/00026_00017_00015.png
client_0,38295,71,74,7,7,65,68,39,Train/39/00039_00007_00016.png
client_0,26118,75,69,7,6,69,63,18,Train/18/00018_00018_00018.png
client_0,13184,44,45,6,6,39,40,8,Train/8/00008_00034_00014.png
client_0,11825,29,31,5,6,24,26,7,Train/7/00007_00037_00005.png
client_0,17150,72,62,7,5,66,57,11,Train/11/00011_00003_00020.png
client_0,32305,59,55,6,5,54,50,31,Train/31/00031_00007_00025.png
client_0,30465,41,38,5,6,35,33,26,Train/26/00026_00016_00015.png
client_0,33108,31,32,5,6,26,27,33,Train/33/00033_00000_00018.png
client_0,9463,34,37,6,6,29,32,5,Train/5/00005_00034_00013.png
client_0,8230,36,35,5,5,31,30,4,Train/4/00004_00059_00010.png
client_0,7290,30,31,5,6,25,26,4,Train/4/00004_00028_00000.png
client_0,11907,61,62,6,6,56,57,7,Train/7/00007_00039_00027.png
client_0,21114,74,67,7,6,68,61,13,Train/13/00013_00021_00024.png
client_0,7161,39,39,5,6,34,34,4,Train/4/00004_00023_00021.png
client_0,11776,41,40,6,5,36,35,7,Train/7/00007_00035_00016.png
client_0,9577,30,32,6,6,25,26,5,Train/5/00005_00038_00007.png
client_0,26368,106,95,10,8,97,86,18,Train/18/00018_00026_00028.png
client_0,22707,70,69,7,7,64,63,14,Train/14/00014_00002_00027.png
client_0,9004,33,32,6,5,28,27,5,Train/5/00005_00019_00004.png
client_0,23030,94,94,8,9,86,86,14,Train/14/00014_00013_00020.png
client_0,10948,130,132,12,12,119,121,7,Train/7/00007_00007_00028.png
client_0,34205,42,42,6,6,36,36,35,Train/35/00035_00000_00006.png
client_0,9353,47,46,5,5,42,41,5,Train/5/00005_00030_00023.png
client_0,11479,45,44,5,5,40,39,7,Train/7/00007_00025_00019.png
client_0,29352,62,57,5,5,57,52,25,Train/25/00025_00029_00012.png
client_0,7288,60,60,5,6,55,55,4,Train/4/00004_00027_00028.png
client_0,2708,41,40,6,5,36,35,1,Train/1/00001_00071_00008.png
client_0,30960,40,41,6,6,35,36,28,Train/28/00028_00005_00000.png
client_0,7674,49,50,5,6,44,45,4,Train/4/00004_00040_00024.png
client_0,1185,59,61,5,6,54,56,1,Train/1/00001_00020_00015.png
client_0,519,34,33,6,6,29,28,0,Train/0/00000_00005_00009.png
client_0,26107,52,51,5,6,47,46,18,Train/18/00018_00018_00007.png
client_0,11692,61,62,5,6,55,56,7,Train/7/00007_00032_00022.png
client_0,8365,58,57,6,5,53,52,4,Train/4/00004_00063_00025.png
client_0,10077,49,47,6,5,44,42,5,Train/5/00005_00054_00027.png
client_0,26110,56,54,6,6,51,49,18,Train/18/00018_00018_00010.png
client_0,11561,34,36,6,6,29,30,7,Train/7/00007_00028_00011.png
client_0,441,55,55,6,6,50,50,0,Train/0/00000_00002_00021.png
client_0,30560,50,45,6,6,44,39,26,Train/26/00026_00019_00020.png
client_0,32234,41,41,5,6,36,36,31,Train/31/00031_00005_00014.png
client_0,33744,48,53,6,6,43,48,33,Train/33/00033_00021_00025.png
client_0,10904,46,45,6,5,41,40,7,Train/7/00007_00006_00014.png
client_0,7299,35,36,5,6,30,31,4,Train/4/00004_00028_00009.png
client_0,25743,44,40,6,6,39,35,18,Train/18/00018_00006_00003.png
client_0,27921,56,51,5,5,51,46,23,Train/23/00023_00007_00021.png
client_0,30294,55,49,6,6,50,44,26,Train/26/00026_00010_00024.png
client_0,9791,35,35,5,6,29,29,5,Train/5/00005_00045_00011.png
client_0,29033,72,60,7,5,66,55,25,Train/25/00025_00018_00023.png
client_0,37153,36,36,5,5,31,31,38,Train/38/00038_00038_00014.png
client_0,11087,38,39,6,6,33,34,7,Train/7/00007_00012_00017.png
client_0,10899,42,42,6,6,37,37,7,Train/7/00007_00006_00009.png
client_0,32088,64,58,5,5,59,53,31,Train/31/00031_00000_00018.png
client_0,5040,26,28,6,6,21,22,3,Train/3/00003_00000_00000.png
client_0,11299,43,45,6,5,38,40,7,Train/7/00007_00019_00019.png
client_0,32329,56,53,5,6,51,48,31,Train/31/00031_00008_00019.png
client_0,6161,32,34,5,6,27,29,3,Train/3/00003_00037_00011.png
client_0,38702,42,44,5,6,36,39,40,Train/40/00040_00011_00003.png
client_0,194,39,36,5,5,33,30,20,Train/20/00020_00006_00014.png
client_0,9919,39,41,5,5,34,36,5,Train/5/00005_00049_00019.png
client_0,25910,56,53,5,6,51,48,18,Train/18/00018_00011_00020.png
client_0,11813,53,52,5,6,48,47,7,Train/7/00007_00036_00023.png
client_0,27080,59,55,5,5,54,50,21,Train/21/00021_00003_00020.png
client_0,35287,30,30,6,5,25,25,35,Train/35/00035_00036_00008.png
client_0,38108,30,32,5,6,25,27,39,Train/39/00039_00001_00009.png
client_0,1963,50,49,6,5,45,44,1,Train/1/00001_00046_00013.png
client_0,30280,36,34,5,5,31,29,26,Train/26/00026_00010_00010.png
client_0,432,38,37,6,5,33,32,0,Train/0/00000_00002_00012.png
client_0,22834,37,37,6,6,32,32,14,Train/14/00014_00007_00004.png
client_0,397,34,33,6,5,29,28,0,Train/0/00000_00001_00007.png
client_0,25873,89,81,8,8,82,74,18,Train/18/00018_00010_00013.png
client_0,17947,28,30,5,5,23,24,11,Train/11/00011_00030_00007.png
client_0,8945,35,36,5,6,30,31,5,Train/5/00005_00017_00005.png
client_0,30563,57,53,6,6,52,47,26,Train/26/00026_00019_00023.png
client_0,32545,75,69,6,6,69,63,31,Train/31/00031_00015_00025.png
client_0,9318,39,40,6,6,34,35,5,Train/5/00005_00029_00018.png
client_0,32735,31,31,6,6,26,26,31,Train/31/00031_00022_00005.png
client_0,7185,44,45,5,6,39,40,4,Train/4/00004_00024_00015.png
client_0,11250,26,27,5,5,21,22,7,Train/7/00007_00018_00000.png
client_0,12647,41,42,5,5,36,37,8,Train/8/00008_00016_00017.png
client_0,32189,89,86,8,8,82,79,31,Train/31/00031_00003_00029.png
client_0,27936,46,43,6,6,41,38,23,Train/23/00023_00008_00006.png
client_0,22127,53,50,6,6,48,45,13,Train/13/00013_00055_00017.png
client_0,10018,57,56,6,5,52,51,5,Train/5/00005_00052_00028.png
client_0,32186,76,74,6,7,69,67,31,Train/31/00031_00003_00026.png
client_0,7534,32,32,6,6,27,27,4,Train/4/00004_00036_00004.png
client_0,10341,46,50,5,6,41,45,6,Train/6/00006_00001_00021.png
client_0,10011,44,44,5,5,39,39,5,Train/5/00005_00052_00021.png
client_0,28342,71,64,7,5,65,59,24,Train/24/00024_00004_00022.png
client_0,32276,62,58,5,5,57,53,31,Train/31/00031_00006_00026.png
client_0,37402,48,47,5,6,42,42,38,Train/38/00038_00046_00023.png
client_0,8605,43,48,5,6,38,42,5,Train/5/00005_00005_00025.png
client_0,33021,34,35,6,5,29,30,32,Train/32/00032_00005_00021.png
client_0,7233,39,41,5,6,34,36,4,Train/4/00004_00026_00003.png
client_0,22366,44,42,5,6,39,37,13,Train/13/00013_00063_00016.png
client_0,11502,32,34,5,6,27,29,7,Train/7/00007_00026_00012.png
client_0,30717,72,68,6,6,66,62,27,Train/27/00027_00004_00027.png
client_0,9124,32,32,5,5,27,27,5,Train/5/00005_00023_00004.png
client_0,26722,70,71,6,7,64,65,18,Train/18/00018_00038_00022.png
client_0,5942,26,28,5,6,21,23,3,Train/3/00003_00030_00002.png
client_0,9423,26,28,5,6,21,23,5,Train/5/00005_00033_00003.png
client_0,8988,35,36,5,6,30,31,5,Train/5/00005_00018_00018.png
client_0,9290,45,41,5,5,40,36,5,Train/5/00005_00028_00020.png
client_0,32638,137,124,12,11,126,114,31,Train/31/00031_00018_00028.png
client_0,9871,32,32,6,6,27,27,5,Train/5/00005_00048_00001.png
client_0,7943,48,48,5,6,43,43,4,Train/4/00004_00049_00023.png
client_0,34633,41,40,6,6,35,35,35,Train/35/00035_00014_00014.png
client_0,6720,31,30,6,5,26,25,4,Train/4/00004_00009_00000.png
client_0,28252,71,71,7,6,65,64,24,Train/24/00024_00001_00022.png
client_0,37514,34,37,5,6,29,32,38,Train/38/00038_00050_00015.png
client_0,23591,33,34,5,6,28,29,15,Train/15/00015_00006_00011.png
client_0,36676,39,40,5,5,33,34,38,Train/38/00038_00022_00017.png
client_0,8397,54,52,6,6,49,47,4,Train/4/00004_00064_00027.png
client_0,38547,123,117,10,10,113,107,40,Train/40/00040_00005_00028.png
client_0,8212,46,46,5,5,41,41,4,Train/4/00004_00058_00022.png
client_0,10195,62,65,6,6,56,60,5,Train/5/00005_00058_00025.png
client_0,30416,142,123,13,11,130,112,26,Train/26/00026_00014_00026.png
client_0,23317,42,43,6,6,37,38,14,Train/14/00014_00023_00007.png
client_0,11954,40,40,6,6,35,35,7,Train/7/00007_00041_00014.png
client_0,23113,60,61,5,6,55,56,14,Train/14/00014_00016_00013.png
client_0,35292,36,36,6,6,31,31,35,Train/35/00035_00036_00013.png
client_0,9190,30,31,5,6,25,26,5,Train/5/00005_00025_00010.png
client_0,11363,51,52,5,5,45,46,7,Train/7/00007_00021_00023.png
client_0,20084,46,48,6,6,41,43,12,Train/12/00012_00057_00014.png
client_0,103,48,45,6,6,43,40,20,Train/20/00020_00003_00013.png
client_0,27052,54,49,5,6,49,44,21,Train/21/00021_00002_00022.png
client_0,34442,41,42,5,6,36,37,35,Train/35/00035_00008_00003.png
client_0,10574,34,36,5,6,29,31,6,Train/6/00006_00009_00014.png
client_0,36359,27,26,6,6,21,21,38,Train/38/00038_00012_00000.png
client_0,35433,33,33,5,6,28,28,36,Train/36/00036_00001_00004.png
client_0,32573,64,60,5,5,59,55,31,Train/31/00031_00016_00023.png
client_0,32617,41,39,6,6,36,34,31,Train/31/00031_00018_00007.png
client_0,32794,32,30,5,5,26,24,31,Train/31/00031_00024_00004.png
client_0,32166,42,39,5,5,37,34,31,Train/31/00031_00003_00006.png
client_0,31076,140,123,12,11,127,112,28,Train/28/00028_00008_00026.png
client_0,10064,37,37,5,6,32,32,5,Train/5/00005_00054_00014.png
client_0,30691,41,37,6,5,36,32,27,Train/27/00027_00004_00001.png
client_0,7077,43,42,5,5,38,37,4,Train/4/00004_00020_00027.png
client_0,12126,28,27,6,5,23,22,7,Train/7/00007_00047_00006.png
client_0,21108,50,43,6,5,45,38,13,Train/13/00013_00021_00018.png
client_0,11671,31,34,5,6,25,28,7,Train/7/00007_00032_00001.png
client_0,33403,35,34,6,5,30,29,33,Train/33/00033_00010_00013.png
client_0,9313,34,35,6,6,29,30,5,Train/5/00005_00029_00013.png
client_0,11286,30,27,6,5,24,22,7,Train/7/00007_00019_00006.png
client_0,36468,48,52,5,6,43,47,38,Train/38/00038_00015_00019.png
client_0,21,59,54,5,5,54,49,20,Train/20/00020_00000_00021.png
client_0,28221,61,57,6,6,56,52,24,Train/24/00024_00000_00021.png
client_0,23810,51,52,6,5,46,47,15,Train/15/00015_00013_00020.png
client_0,10264,28,28,6,5,23,23,5,Train/5/00005_00061_00004.png
client_0,8727,105,108,10,9,96,99,5,Train/5/00005_00009_00027.png
client_0,34524,70,72,7,7,64,66,35,Train/35/00035_00010_00025.png
client_0,11109,36,36,5,6,31,31,7,Train/7/00007_00013_00009.png
client_0,33625,50,77,6,6,45,70,33,Train/33/00033_00017_00025.png
client_0,37022,27,28,5,6,22,23,38,Train/38/00038_00034_00003.png
client_0,8790,27,27,5,5,22,22,5,Train/5/00005_00012_00000.png
client_0,5298,46,47,5,6,41,42,3,Train/3/00003_00008_00018.png
client_0,20321,54,56,5,6,49,51,12,Train/12/00012_00065_00011.png
client_0,34905,44,44,6,6,39,39,35,Train/35/00035_00023_00016.png
client_0,20850,41,36,6,5,36,31,13,Train/13/00013_00013_00000.png
client_0,38945,36,35,5,5,30,30,41,Train/41/00041_00007_00006.png
client_0,74,45,44,6,6,40,39,20,Train/20/00020_00002_00014.png
client_0,34785,37,36,6,5,31,31,35,Train/35/00035_00019_00016.png
client_0,32479,47,47,6,5,41,41,31,Train/31/00031_00013_00019.png
client_0,11453,48,46,6,5,43,41,7,Train/7/00007_00024_00023.png
client_0,1940,65,65,6,6,60,60,1,Train/1/00001_00045_00020.png
client_0,32353,48,44,6,5,43,39,31,Train/31/00031_00009_00013.png
client_0,32304,57,53,6,5,52,48,31,Train/31/00031_00007_00024.png
client_0,11992,57,56,6,5,52,51,7,Train/7/00007_00042_00022.png
client_0,7991,37,35,5,5,32,30,4,Train/4/00004_00051_00011.png
client_0,11998,85,83,8,8,78,76,7,Train/7/00007_00042_00028.png
client_0,8225,30,31,5,6,25,26,4,Train/4/00004_00059_00005.png
client_0,7076,41,40,5,5,36,35,4,Train/4/00004_00020_00026.png
client_0,11126,62,60,5,6,57,55,7,Train/7/00007_00013_00026.png
client_0,33571,34,37,5,6,29,32,33,Train/33/00033_00016_00001.png
client_0,8337,58,58,5,5,53,53,4,Train/4/00004_00062_00027.png
client_0,11928,33,34,5,6,28,29,7,Train/7/00007_00040_00018.png
client_0,11073,29,30,5,6,24,25,7,Train/7/00007_00012_00003.png
client_0,34652,30,33,5,6,25,27,35,Train/35/00035_00015_00003.png
client_0,36779,27,26,6,5,22,21,38,Train/38/00038_00026_00000.png
client_0,37255,68,70,6,6,62,64,38,Train/38/00038_00041_00026.png
client_0,26220,59,56,6,5,54,51,18,Train/18/00018_00022_00000.png
client_0,23942,88,104,7,9,81,95,15,Train/15/00015_00018_00002.png
client_0,30033,34,30,6,6,29,25,26,Train/26/00026_00002_00003.png
client_0,2272,69,72,6,7,63,66,1,Train/1/00001_00056_00022.png
client_0,11598,41,41,6,5,35,35,7,Train/7/00007_00029_00018.png
client_0,351,50,48,5,5,45,43,20,Train/20/00020_00011_00021.png
client_0,8603,41,45,5,6,35,39,5,Train/5/00005_00005_00023.png
client_0,18460,42,42,5,5,37,37,12,Train/12/00012_00003_00010.png
client_0,26972,36,35,6,5,31,30,21,Train/21/00021_00000_00002.png
client_0,9050,36,36,5,6,31,31,5,Train/5/00005_00020_00020.png
client_0,10327,35,36,5,5,30,31,6,Train/6/00006_00001_00007.png
client_0,7569,36,35,6,5,31,30,4,Train/4/00004_00037_00009.png
client_0,17830,75,69,7,7,69,63,11,Train/11/00011_00026_00010.png
client_0,26271,61,59,5,6,56,54,18,Train/18/00018_00023_00021.png
client_0,25020,31,34,5,6,26,29,17,Train/17/00017_00019_00000.png
client_0,38343,29,30,6,5,23,24,39,Train/39/00039_00009_00004.png
client_0,36018,48,48,6,6,42,42,38,Train/38/00038_00000_00019.png
client_0,12030,25,27,5,6,20,22,7,Train/7/00007_00044_00000.png
client_0,11717,45,45,5,6,40,40,7,Train/7/00007_00033_00017.png
client_0,11763,29,32,5,6,24,26,7,Train/7/00007_00035_00003.png
client_0,7142,29,29,5,5,24,24,4,Train/4/00004_00023_00002.png
client_0,9971,37,38,5,6,32,33,5,Train/5/00005_00051_00011.png
client_0,6942,35,37,6,5,30,32,4,Train/4/00004_00016_00012.png
client_0,27021,56,51,6,6,51,46,21,Train/21/00021_00001_00021.png
client_0,23896,37,36,5,5,32,31,15,Train/15/00015_00016_00016.png
client_0,6999,42,45,5,5,37,40,4,Train/4/00004_00018_00009.png
client_0,8508,37,37,6,5,32,32,5,Train/5/00005_00002_00018.png
client_0,5738,33,33,6,5,28,28,3,Train/3/00003_00023_00008.png
client_0,12061,26,28,5,5,21,22,7,Train/7/00007_00045_00001.png
client_0,11352,35,36,6,6,30,31,7,Train/7/00007_00021_00012.png
client_0,32365,87,80,7,8,80,73,31,Train/31/00031_00009_00025.png
client_0,22540,35,35,5,5,30,30,13,Train/13/00013_00069_00010.png
client_0,28239,60,63,6,6,54,58,24,Train/24/00024_00001_00009.png
client_0,30610,46,42,6,5,40,37,27,Train/27/00027_00001_00010.png
client_0,32651,49,47,5,5,44,42,31,Train/31/00031_00019_00011.png
client_0,32847,117,104,10,10,107,95,31,Train/31/00031_00025_00027.png
client_0,9552,33,31,6,6,28,26,5,Train/5/00005_00037_00012.png
client_0,35920,33,32,6,5,27,27,37,Train/37/00037_00004_00011.png
client_0,8229,34,33,6,5,29,28,4,Train/4/00004_00059_00009.png
client_0,6688,53,53,6,5,47,47,4,Train/4/00004_00007_00028.png
client_0,11394,74,73,6,6,68,67,7,Train/7/00007_00022_00024.png
client_0,33441,63,64,5,6,58,59,33,Train/33/00033_00011_00021.png
client_0,23740,46,53,5,6,41,48,15,Train/15/00015_00011_00010.png
client_0,8567,39,42,5,6,34,37,5,Train/5/00005_00004_00017.png
client_0,7408,48,49,6,6,43,44,4,Train/4/00004_00031_00028.png
client_0,1807,47,48,6,6,42,43,1,Train/1/00001_00041_00007.png
client_0,22755,56,56,6,6,51,51,14,Train/14/00014_00004_00015.png
client_0,11052,42,41,5,5,36,36,7,Train/7/00007_00011_00012.png
client_0,7775,30,32,5,6,25,27,4,Train/4/00004_00044_00005.png
client_0,9303,29,31,5,6,24,26,5,Train/5/00005_00029_00003.png
client_0,38639,27,25,6,5,22,20,40,Train/40/00040_00009_00000.png
client_0,6443,47,47,5,6,42,42,3,Train/3/00003_00046_00023.png
client_0,37782,46,45,6,5,41,40,38,Train/38/00038_00059_00013.png
client_0,9655,51,52,6,6,45,47,5,Train/5/00005_00040_00025.png
client_0,19834,32,31,6,5,27,26,12,Train/12/00012_00049_00004.png
client_0,10848,49,49,6,6,44,44,7,Train/7/00007_00004_00018.png
client_0,18685,93,76,8,6,85,70,12,Train/12/00012_00010_00025.png
client_0,2603,64,64,5,5,59,59,1,Train/1/00001_00067_00023.png
client_0,38666,87,85,7,8,79,78,40,Train/40/00040_00009_00027.png
client_0,22966,52,52,5,5,47,47,14,Train/14/00014_00011_00016.png
client_0,33590,47,50,6,5,42,45,33,Train/33/00033_00016_00020.png
client_0,5714,34,36,5,5,29,31,3,Train/3/00003_00022_00014.png
client_0,27094,33,31,6,6,28,26,21,Train/21/00021_00004_00004.png
client_0,9853,38,38,6,5,33,32,5,Train/5/00005_00047_00013.png
client_0,23125,88,88,8,8,81,81,14,Train/14/00014_00016_00025.png
client_0,30744,62,56,6,5,57,51,27,Train/27/00027_00005_00024.png
client_0,20042,41,41,6,6,36,35,12,Train/12/00012_00056_00002.png
client_0,33769,50,48,6,5,45,43,33,Train/33/00033_00022_00020.png
client_0,9255,38,38,5,6,33,33,5,Train/5/00005_00027_00015.png
client_0,7798,64,67,6,6,59,61,4,Train/4/00004_00044_00028.png
client_0,28344,85,79,8,7,77,72,24,Train/24/00024_00004_00024.png
client_0,7081,28,28,6,6,23,23,4,Train/4/00004_00021_00001.png
client_0,7471,29,29,5,5,24,24,4,Train/4/00004_00034_00001.png
client_0,28651,28,27,6,6,23,22,25,Train/25/00025_00006_00001.png
client_0,9342,36,36,6,6,31,31,5,Train/5/00005_00030_00012.png
client_0,26210,51,48,5,5,46,43,18,Train/18/00018_00021_00020.png
client_0,35207,48,50,6,6,43,45,35,Train/35/00035_00033_00018.png
client_0,9698,34,35,5,5,29,30,5,Train/5/00005_00042_00008.png
client_0,7082,28,29,6,5,23,24,4,Train/4/00004_00021_00002.png
client_0,21312,48,45,5,5,43,40,13,Train/13/00013_00028_00012.png
client_0,28228,128,119,12,11,117,109,24,Train/24/00024_00000_00028.png
client_0,34758,40,42,5,5,35,37,35,Train/35/00035_00018_00019.png
client_0,7799,70,72,7,6,64,66,4,Train/4/00004_00044_00029.png
client_0,9275,34,32,5,5,29,27,5,Train/5/00005_00028_00005.png
client_0,37869,32,32,5,5,27,27,38,Train/38/00038_00062_00010.png
client_0,7426,39,40,5,5,34,35,4,Train/4/00004_00032_00016.png
client_0,30751,40,39,5,6,35,34,27,Train/27/00027_00006_00001.png
client_0,5840,42,41,6,5,37,36,3,Train/3/00003_00026_00020.png
client_0,11060,53,53,6,6,48,48,7,Train/7/00007_00011_00020.png
client_0,35340,27,28,6,5,22,23,35,Train/35/00035_00038_00001.png
client_0,10158,43,43,6,6,38,38,5,Train/5/00005_00057_00018.png
client_0,9701,36,37,5,5,31,32,5,Train/5/00005_00042_00011.png
client_0,6325,55,51,6,5,50,46,3,Train/3/00003_00042_00025.png
client_0,10795,94,105,8,9,86,96,7,Train/7/00007_00002_00025.png
client_0,9566,49,45,5,6,43,40,5,Train/5/00005_00037_00026.png
client_0,35466,34,31,6,5,28,26,36,Train/36/00036_00002_00007.png
client_0,32249,73,65,6,6,67,60,31,Train/31/00031_00005_00029.png
client_0,20300,52,55,5,5,47,50,12,Train/12/00012_00064_00020.png
client_0,1751,45,48,5,6,40,43,1,Train/1/00001_00039_00011.png
client_0,22044,68,59,6,5,61,53,13,Train/13/00013_00052_00024.png
client_0,6734,38,38,5,5,33,33,4,Train/4/00004_00009_00014.png
client_0,9137,43,42,6,5,38,37,5,Train/5/00005_00023_00017.png
client_0,2407,37,37,6,5,31,31,1,Train/1/00001_00061_00007.png
client_0,23987,31,30,6,5,26,25,15,Train/15/00015_00019_00017.png
client_0,2300,45,46,5,6,39,41,1,Train/1/00001_00057_00020.png
client_0,32620,44,42,5,6,39,37,31,Train/31/00031_00018_00010.png
client_0,31848,64,59,6,5,59,54,30,Train/30/00030_00007_00018.png
client_0,18587,49,48,6,5,44,42,12,Train/12/00012_00007_00017.png
client_0,318,49,44,6,5,44,38,20,Train/20/00020_00010_00018.png
client_0,36131,34,37,5,5,29,32,38,Train/38/00038_00004_00012.png
client_0,36491,48,56,6,6,43,51,38,Train/38/00038_00016_00012.png
client_0,7825,52,52,5,5,47,47,4,Train/4/00004_00045_00025.png
client_0,27760,43,40,5,6,38,35,23,Train/23/00023_00002_00010.png
client_0,11241,46,46,6,6,41,41,7,Train/7/00007_00017_00021.png
client_0,11613,28,27,6,5,23,21,7,Train/7/00007_00030_00003.png
client_0,791,61,62,5,6,56,56,1,Train/1/00001_00007_00011.png
client_0,7442,29,31,5,6,24,26,4,Train/4/00004_00033_00002.png
client_0,11351,34,34,6,5,29,28,7,Train/7/00007_00021_00011.png
client_0,32404,34,34,6,6,29,29,31,Train/31/00031_00011_00004.png
client_0,11830,31,33,5,6,26,28,7,Train/7/00007_00037_00010.png
client_0,32482,53,53,5,5,48,48,31,Train/31/00031_00013_00022.png
client_0,22985,44,43,5,5,38,38,14,Train/14/00014_00012_00005.png
client_0,10185,34,34,5,5,29,29,5,Train/5/00005_00058_00015.png
client_0,8709,36,36,5,5,31,31,5,Train/5/00005_00009_00009.png
client_0,22935,76,85,7,7,70,78,14,Train/14/00014_00010_00015.png
client_0,30059,52,46,6,5,47,41,26,Train/26/00026_00002_00029.png
client_0,9484,29,30,5,6,23,24,5,Train/5/00005_00035_00004.png
client_0,30463,40,37,6,6,34,32,26,Train/26/00026_00016_00013.png
client_0,1815,55,55,6,6,50,50,1,Train/1/00001_00041_00015.png
client_0,11288,29,27,6,5,24,22,7,Train/7/00007_00019_00008.png
client_0,9568,52,49,5,6,47,44,5,Train/5/00005_00037_00028.png
client_0,9172,43,42,6,5,38,37,5,Train/5/00005_00024_00022.png
client_0,9180,29,29,6,6,24,24,5,Train/5/00005_00025_00000.png
client_0,38165,31,31,6,6,26,26,39,Train/39/00039_00003_00006.png
client_0,19654,27,27,5,5,22,22,12,Train/12/00012_00043_00004.png
client_0,8570,45,46,6,5,40,41,5,Train/5/00005_00004_00020.png
client_0,23107,57,57,5,5,52,52,14,Train/14/00014_00016_00007.png
client_0,114,77,75,7,7,71,69,20,Train/20/00020_00003_00024.png
client_0,32100,37,35,5,6,32,30,31,Train/31/00031_00001_00000.png
client_0,32168,44,42,5,6,39,36,31,Train/31/00031_00003_00008.png
client_0,2546,92,92,8,8,83,84,1,Train/1/00001_00065_00026.png
client_0,9548,32,29,6,5,26,23,5,Train/5/00005_00037_00008.png
client_0,19063,41,42,5,6,36,37,12,Train/12/00012_00023_00013.png
client_0,2700,36,36,5,5,31,31,1,Train/1/00001_00071_00000.png
client_0,9233,45,39,5,5,40,33,5,Train/5/00005_00026_00023.png
client_0,7795,55,57,6,6,50,52,4,Train/4/00004_00044_00025.png
client_0,9348,43,42,6,5,38,37,5,Train/5/00005_00030_00018.png
client_0,11771,35,35,5,5,30,30,7,Train/7/00007_00035_00011.png
client_0,292,47,47,6,6,42,42,20,Train/20/00020_00009_00022.png
client_0,11034,49,48,5,5,44,43,7,Train/7/00007_00010_00024.png
client_0,28029,58,52,6,5,53,46,23,Train/23/00023_00011_00009.png
client_0,11801,34,34,5,6,29,29,7,Train/7/00007_00036_00011.png
client_0,8972,28,27,5,5,22,22,5,Train/5/00005_00018_00002.png
client_0,7639,53,52,6,5,48,47,4,Train/4/00004_00039_00019.png
client_0,37703,82,87,7,7,75,79,38,Train/38/00038_00056_00024.png
client_0,9578,30,31,5,5,25,26,5,Train/5/00005_00038_00008.png
client_0,2750,74,73,7,6,68,67,1,Train/1/00001_00072_00020.png
client_0,238,106,100,10,8,97,92,20,Train/20/00020_00007_00028.png
client_0,1036,43,41,6,5,38,36,1,Train/1/00001_00015_00016.png
client_0,7759,46,47,5,6,41,42,4,Train/4/00004_00043_00019.png
client_0,11472,35,35,5,5,30,30,7,Train/7/00007_00025_00012.png
client_0,30123,37,35,5,6,32,30,26,Train/26/00026_00005_00003.png
client_0,11076,31,30,6,5,26,25,7,Train/7/00007_00012_00006.png
client_0,21106,45,39,6,6,39,34,13,Train/13/00013_00021_00016.png
client_0,9644,33,34,5,5,28,29,5,Train/5/00005_00040_00014.png
client_0,7228,116,108,11,9,106,99,4,Train/4/00004_00025_00028.png
client_0,25404,43,49,5,6,38,43,17,Train/17/00017_00031_00024.png
client_0,716,50,51,6,6,45,46,1,Train/1/00001_00004_00026.png
client_0,37859,26,27,5,6,21,22,38,Train/38/00038_00062_00000.png
client_0,10315,58,60,6,5,53,55,6,Train/6/00006_00000_00025.png
client_0,9787,33,31,5,5,27,25,5,Train/5/00005_00045_00007.png
client_0,33391,29,28,6,6,23,23,33,Train/33/00033_00010_00001.png
client_0,12020,42,43,5,5,37,38,7,Train/7/00007_00043_00020.png
client_0,111,64,61,5,6,58,56,20,Train/20/00020_00003_00021.png
client_0,7237,41,43,6,6,36,38,4,Train/4/00004_00026_00007.png
client_0,27901,35,30,6,5,30,25,23,Train/23/00023_00007_00001.png
client_0,33406,38,38,6,6,33,33,33,Train/33/00033_00010_00016.png
client_0,32342,37,36,5,5,31,31,31,Train/31/00031_00009_00002.png
client_0,30493,42,37,5,6,36,31,26,Train/26/00026_00017_00013.png
client_0,25131,59,61,5,6,54,56,17,Train/17/00017_00022_00021.png
client_0,33342,58,58,6,5,53,53,33,Train/33/00033_00008_00012.png
client_0,7328,34,34,5,5,29,29,4,Train/4/00004_00029_00008.png
client_0,21128,49,49,6,5,44,44,13,Train/13/00013_00022_00008.png
client_0,32228,35,35,5,5,30,30,31,Train/31/00031_00005_00008.png
client_0,34918,125,120,11,10,115,110,35,Train/35/00035_00023_00029.png
client_0,30384,54,53,5,5,49,48,26,Train/26/00026_00013_00024.png
client_0,571,55,57,5,6,50,52,1,Train/1/00001_00000_00001.png
client_0,30564,59,55,5,6,54,49,26,Train/26/00026_00019_00024.png
client_0,1783,44,47,5,6,39,42,1,Train/1/00001_00040_00013.png
client_0,10512,29,32,5,6,24,26,6,Train/6/00006_00007_00012.png
client_0,9337,32,32,6,5,27,27,5,Train/5/00005_00030_00007.png
client_0,7598,34,34,5,5,29,29,4,Train/4/00004_00038_00008.png
client_0,37174,31,29,6,5,26,24,38,Train/38/00038_00039_00005.png
client_0,30134,45,40,5,5,40,35,26,Train/26/00026_00005_00014.png
client_0,10877,52,52,5,5,47,47,7,Train/7/00007_00005_00017.png
client_0,22688,38,39,5,6,32,33,14,Train/14/00014_00002_00008.png
client_0,8627,50,50,5,5,45,45,5,Train/5/00005_00006_00017.png
client_0,10157,41,41,5,5,36,36,5,Train/5/00005_00057_00017.png
client_0,36548,32,31,6,5,27,26,38,Train/38/00038_00018_00009.png
client_0,7881,64,62,5,6,59,57,4,Train/4/00004_00047_00021.png
client_0,25793,108,94,10,8,98,86,18,Train/18/00018_00007_00023.png
client_0,26090,53,49,6,6,48,44,18,Train/18/00018_00017_00020.png
client_0,6914,38,35,6,5,32,30,4,Train/4/00004_00015_00014.png
client_0,11762,30,30,6,5,25,25,7,Train/7/00007_00035_00002.png
client_0,23091,72,72,6,6,66,66,14,Train/14/00014_00015_00021.png
client_0,5209,41,41,5,5,36,36,3,Train/3/00003_00005_00019.png
client_0,7301,37,37,6,5,32,32,4,Train/4/00004_00028_00011.png
client_0,10575,36,37,6,6,30,31,6,Train/6/00006_00009_00015.png
client_0,23364,53,54,6,6,47,48,14,Train/14/00014_00024_00024.png
client_0,23525,31,33,6,6,26,27,15,Train/15/00015_00004_00005.png
client_0,7997,46,43,6,6,41,38,4,Train/4/00004_00051_00017.png
client_0,1229,71,74,7,7,65,68,1,Train/1/00001_00021_00029.png
client_0,244,31,31,5,5,26,26,20,Train/20/00020_00008_00004.png
client_0,33450,33,30,5,5,28,25,33,Train/33/00033_00012_00000.png
client_0,291,47,47,6,6,42,42,20,Train/20/00020_00009_00021.png
client_0,11296,40,42,6,5,35,37,7,Train/7/00007_00019_00016.png
client_0,35368,62,73,5,7,57,67,35,Train/35/00035_00038_00029.png
client_0,29999,208,191,18,17,191,175,26,Train/26/00026_00000_00029.png
client_0,17115,109,100,9,9,100,91,11,Train/11/00011_00002_00015.png
client_0,38539,85,85,7,8,78,78,40,Train/40/00040_00005_00020.png
client_0,8923,41,40,6,5,36,35,5,Train/5/00005_00016_00013.png
client_0,7514,41,43,5,6,36,38,4,Train/4/00004_00035_00014.png
client_0,10702,45,47,5,5,40,42,6,Train/6/00006_00013_00022.png
client_0,7983,31,31,5,6,26,26,4,Train/4/00004_00051_00003.png
client_0,225,31,32,5,6,25,27,20,Train/20/00020_00007_00015.png
client_0,9523,37,35,6,5,31,30,5,Train/5/00005_00036_00013.png
client_0,9804,56,54,5,5,51,49,5,Train/5/00005_00045_00024.png
client_0,6356,43,48,5,6,38,43,3,Train/3/00003_00043_00026.png
client_0,10744,27,28,6,5,22,22,7,Train/7/00007_00001_00004.png
client_0,8003,60,59,6,6,55,54,4,Train/4/00004_00051_00023.png
client_0,9281,38,37,6,5,33,32,5,Train/5/00005_00028_00011.png
client_0,567,97,100,9,8,89,92,0,Train/0/00000_00006_00027.png
client_0,33436,49,49,5,5,44,44,33,Train/33/00033_00011_00016.png
client_0,8072,36,36,5,5,31,31,4,Train/4/00004_00054_00002.png
client_0,9203,42,43,5,6,37,38,5,Train/5/00005_00025_00023.png
client_0,23869,46,55,6,6,41,50,15,Train/15/00015_00015_00019.png
client_0,36794,31,31,6,6,26,26,38,Train/38/00038_00026_00015.png
client_0,10256,42,47,6,6,37,42,5,Train/5/00005_00060_00026.png
client_0,9513,28,28,5,6,22,23,5,Train/5/00005_00036_00003.png
client_0,8623,42,42,5,5,37,37,5,Train/5/00005_00006_00013.png
client_0,6474,71,72,6,7,65,66,4,Train/4/00004_00000_00024.png
client_0,32625,54,49,5,6,49,44,31,Train/31/00031_00018_00015.png
client_0,36951,69,70,6,7,63,64,38,Train/38/00038_00031_00022.png
client_0,23209,84,87,8,8,76,80,14,Train/14/00014_00019_00019.png
client_0,9706,44,45,6,6,39,40,5,Train/5/00005_00042_00016.png
client_0,11463,29,29,5,5,24,24,7,Train/7/00007_00025_00003.png
client_0,24019,45,45,5,6,40,40,15,Train/15/00015_00020_00019.png
client_0,11795,31,30,6,5,26,25,7,Train/7/00007_00036_00005.png
client_0,9385,49,52,5,6,44,47,5,Train/5/00005_00031_00025.png
client_0,30283,39,36,6,5,34,31,26,Train/26/00026_00010_00013.png
client_0,32109,45,42,6,6,40,36,31,Train/31/00031_00001_00009.png
client_0,7772,28,30,5,6,23,25,4,Train/4/00004_00044_00002.png
client_0,8292,36,36,5,5,31,31,4,Train/4/00004_00061_00012.png
client_0,30346,43,40,5,5,38,35,26,Train/26/00026_00012_00016.png
client_0,23006,58,57,5,5,52,52,14,Train/14/00014_00012_00026.png
client_0,10827,96,99,9,8,88,91,7,Train/7/00007_00003_00027.png
client_0,11257,30,31,6,6,25,26,7,Train/7/00007_00018_00007.png
client_0,37113,39,41,5,6,34,36,38,Train/38/00038_00037_00004.png
client_0,11757,57,62,5,5,52,57,7,Train/7/00007_00034_00027.png
client_0,21101,37,33,6,5,32,28,13,Train/13/00013_00021_00011.png
client_0,8332,47,46,6,5,42,41,4,Train/4/00004_00062_00022.png
client_0,9816,33,34,6,6,28,29,5,Train/5/00005_00046_00006.png
client_0,9112,53,52,6,5,48,47,5,Train/5/00005_00022_00022.png
client_0,24451,28,33,6,6,22,28,17,Train/17/00017_00000_00001.png
client_0,19467,129,129,12,12,118,118,12,Train/12/00012_00036_00027.png
client_0,23259,39,41,6,6,34,36,14,Train/14/00014_00021_00009.png
client_0,7325,32,31,6,5,27,26,4,Train/4/00004_00029_00005.png
client_0,6506,60,63,5,6,55,58,4,Train/4/00004_00001_00026.png
client_0,11979,35,35,6,6,30,30,7,Train/7/00007_00042_00009.png
client_0,9407,36,37,5,5,31,32,5,Train/5/00005_00032_00017.png
client_0,32561,40,39,6,6,35,34,31,Train/31/00031_00016_00011.png
client_0,11575,45,48,6,5,40,43,7,Train/7/00007_00028_00025.png
client_0,8413,34,35,6,6,29,30,4,Train/4/00004_00065_00013.png
client_0,12063,29,29,6,6,23,24,7,Train/7/00007_00045_00003.png
client_0,38956,43,45,5,6,38,40,41,Train/41/00041_00007_00017.png
client_0,9486,32,32,6,6,27,27,5,Train/5/00005_00035_00006.png
client_0,7669,41,41,5,5,36,36,4,Train/4/00004_00040_00019.png
client_0,23042,39,49,5,5,34,43,14,Train/14/00014_00014_00002.png
client_0,29022,42,37,6,5,37,32,25,Train/25/00025_00018_00012.png
client_0,26576,143,132,13,12,131,121,18,Train/18/00018_00033_00026.png
client_0,32194,36,32,5,5,31,27,31,Train/31/00031_00004_00004.png
client_0,7232,39,39,6,6,34,34,4,Train/4/00004_00026_00002.png
client_0,37943,62,65,5,6,57,60,38,Train/38/00038_00064_00024.png
client_0,34506,45,45,5,5,39,40,35,Train/35/00035_00010_00007.png
client_0,23650,42,41,6,5,37,36,15,Train/15/00015_00008_00010.png
client_0,9781,27,27,5,6,22,22,5,Train/5/00005_00045_00001.png
client_0,17305,108,98,9,9,99,90,11,Train/11/00011_00008_00025.png
client_0,11233,37,37,5,5,32,32,7,Train/7/00007_00017_00013.png
client_0,10205,29,29,5,5,23,23,5,Train/5/00005_00059_00005.png
client_0,9121,32,32,5,5,27,27,5,Train/5/00005_00023_00001.png
client_0,9024,55,55,5,5,50,50,5,Train/5/00005_00019_00024.png
client_0,19088,48,49,5,6,43,44,12,Train/12/00012_00024_00008.png
client_0,21664,35,33,6,6,30,28,13,Train/13/00013_00040_00004.png
client_0,28535,32,30,6,5,27,25,25,Train/25/00025_00002_00005.png
client_0,38917,33,33,6,6,27,27,41,Train/41/00041_00006_00008.png
client_0,7903,38,38,5,5,33,33,4,Train/4/00004_00048_00013.png
client_0,6812,31,30,6,5,26,25,4,Train/4/00004_00012_00002.png
client_0,38933,60,61,6,5,55,56,41,Train/41/00041_00006_00024.png
client_0,36787,29,31,6,6,24,26,38,Train/38/00038_00026_00008.png
client_0,36567,67,70,6,7,61,64,38,Train/38/00038_00018_00028.png
client_0,23361,48,47,6,5,43,42,14,Train/14/00014_00024_00021.png
client_0,6507,62,67,5,6,57,61,4,Train/4/00004_00001_00027.png
client_0,23023,70,72,6,7,64,66,14,Train/14/00014_00013_00013.png
client_0,32092,83,75,8,6,76,69,31,Train/31/00031_00000_00022.png
client_0,22687,38,37,6,5,32,31,14,Train/14/00014_00002_00007.png
client_0,33421,29,30,5,6,24,25,33,Train/33/00033_00011_00001.png
client_0,21137,55,58,6,5,50,52,13,Train/13/00013_00022_00017.png
client_0,7350,30,31,5,6,25,26,4,Train/4/00004_00030_00000.png
client_0,9408,38,39,6,6,33,34,5,Train/5/00005_00032_00018.png
client_0,37982,33,35,6,6,28,30,38,Train/38/00038_00066_00003.png
client_0,8205,37,38,6,5,32,33,4,Train/4/00004_00058_00015.png
client_0,25387,32,36,6,6,27,31,17,Train/17/00017_00031_00007.png
client_0,25567,30,28,6,6,25,23,18,Train/18/00018_00000_00007.png
client_0,10486,40,40,6,5,35,35,6,Train/6/00006_00006_00016.png
client_0,33657,48,84,6,8,43,77,33,Train/33/00033_00018_00027.png
client_0,32682,41,36,6,5,36,31,31,Train/31/00031_00020_00012.png
client_0,8530,32,30,6,5,27,25,5,Train/5/00005_00003_00010.png
client_0,36793,29,30,6,6,24,25,38,Train/38/00038_00026_00014.png
client_0,11125,59,58,5,6,54,53,7,Train/7/00007_00013_00025.png
client_0,408,40,41,5,6,35,36,0,Train/0/00000_00001_00018.png
client_0,7677,60,59,6,5,55,54,4,Train/4/00004_00040_00027.png
client_0,32793,32,30,6,6,27,25,31,Train/31/00031_00024_00003.png
client_0,8875,59,60,5,6,54,55,5,Train/5/00005_00014_00025.png
client_0,23398,73,76,6,6,67,69,14,Train/14/00014_00025_00028.png
client_0,6691,27,27,6,6,22,22,4,Train/4/00004_00008_00001.png
client_0,11426,48,50,5,6,43,45,7,Train/7/00007_00023_00026.png
client_0,9346,39,38,6,5,34,33,5,Train/5/00005_00030_00016.png
client_0,9198,36,37,5,6,31,32,5,Train/5/00005_00025_00018.png
client_0,9591,43,44,6,6,38,39,5,Train/5/00005_00038_00021.png
client_0,32485,69,64,6,5,63,59,31,Train/31/00031_00013_00025.png
client_0,11173,42,44,6,5,37,39,7,Train/7/00007_00015_00013.png
client_0,11834,36,37,5,6,31,32,7,Train/7/00007_00037_00014.png
client_0,8495,30,27,6,6,24,22,5,Train/5/00005_00002_00005.png
client_0,28271,59,57,5,5,54,51,24,Train/24/00024_00002_00011.png
client_0,5889,30,32,5,6,25,27,3,Train/3/00003_00028_00009.png
client_0,36267,40,40,6,6,35,35,38,Train/38/00038_00008_00028.png
client_0,7576,43,42,6,5,38,37,4,Train/4/00004_00037_00016.png
client_0,34974,74,73,7,6,68,67,35,Train/35/00035_00025_00025.png
client_0,37222,73,86,7,7,67,79,38,Train/38/00038_00040_00023.png
client_0,22737,144,140,12,12,132,127,14,Train/14/00014_00003_00027.png
client_0,34800,30,29,6,5,25,24,35,Train/35/00035_00020_00001.png
client_0,36513,33,32,6,5,28,27,38,Train/38/00038_00017_00004.png
client_0,11229,33,33,5,5,28,28,7,Train/7/00007_00017_00009.png
client_0,8686,46,46,6,6,41,41,5,Train/5/00005_00008_00016.png
client_0,22922,57,67,5,6,52,61,14,Train/14/00014_00010_00002.png
client_0,36688,64,71,5,6,59,64,38,Train/38/00038_00022_00029.png
client_0,33327,132,140,11,13,120,128,33,Train/33/00033_00007_00027.png
client_0,37057,30,32,5,5,25,27,38,Train/38/00038_00035_00008.png
client_0,10833,32,31,6,5,27,26,7,Train/7/00007_00004_00003.png
client_0,10831,30,31,5,5,25,25,7,Train/7/00007_00004_00001.png
client_0,33659,50,94,6,8,45,86,33,Train/33/00033_00018_00029.png
client_0,7084,29,32,6,6,24,27,4,Train/4/00004_00021_00004.png
client_0,33248,70,68,7,6,64,62,33,Train/33/00033_00005_00008.png
client_0,22863,33,36,6,5,28,31,14,Train/14/00014_00008_00003.png
client_0,10167,58,57,5,5,53,52,5,Train/5/00005_00057_00027.png
client_0,38844,58,61,5,5,53,56,41,Train/41/00041_00003_00025.png
client_0,11243,49,50,5,5,44,45,7,Train/7/00007_00017_00023.png
client_0,1160,43,45,5,6,38,40,1,Train/1/00001_00019_00020.png
client_0,22939,87,96,8,8,79,88,14,Train/14/00014_00010_00019.png
client_0,28311,98,91,9,8,90,83,24,Train/24/00024_00003_00021.png
client_0,10339,43,46,5,6,38,41,6,Train/6/00006_00001_00019.png
client_0,6555,38,36,6,5,32,31,4,Train/4/00004_00003_00015.png
client_0,35873,103,99,9,8,94,91,37,Train/37/00037_00002_00024.png
client_0,6682,43,43,6,5,38,37,4,Train/4/00004_00007_00022.png
client_0,7284,48,48,6,6,43,43,4,Train/4/00004_00027_00024.png
client_0,12136,33,36,5,6,28,30,7,Train/7/00007_00047_00016.png
client_0,36406,38,38,5,5,32,33,38,Train/38/00038_00013_00017.png
client_0,15831,41,40,6,5,36,35,10,Train/10/00010_00026_00021.png
client_0,10741,26,28,5,6,20,22,7,Train/7/00007_00001_00001.png
client_0,36005,28,28,6,5,23,23,38,Train/38/00038_00000_00006.png
client_0,31111,44,40,6,6,39,35,28,Train/28/00028_00010_00001.png
client_0,8909,161,168,14,15,148,154,5,Train/5/00005_00015_00029.png
client_0,11674,33,34,6,6,28,29,7,Train/7/00007_00032_00004.png
client_0,32701,32,32,5,5,27,27,31,Train/31/00031_00021_00001.png
client_0,8402,26,29,5,6,21,24,4,Train/4/00004_00065_00002.png
client_0,1794,81,81,8,7,74,74,1,Train/1/00001_00040_00024.png
client_0,25304,42,42,6,5,37,37,17,Train/17/00017_00028_00014.png
client_0,18625,90,92,8,8,82,83,12,Train/12/00012_00008_00025.png
client_0,9021,50,49,6,5,45,44,5,Train/5/00005_00019_00021.png
client_0,7894,31,31,5,6,25,26,4,Train/4/00004_00048_00004.png
client_0,5807,42,42,5,5,37,37,3,Train/3/00003_00025_00017.png
client_0,30736,40,38,5,6,35,33,27,Train/27/00027_00005_00016.png
client_0,30492,41,36,5,6,35,30,26,Train/26/00026_00017_00012.png
client_0,6014,60,63,5,5,55,58,3,Train/3/00003_00032_00014.png
client_0,6459,47,46,6,5,42,41,4,Train/4/00004_00000_00009.png
client_0,6209,141,145,12,13,129,133,3,Train/3/00003_00038_00029.png
client_0,19765,55,54,6,6,50,49,12,Train/12/00012_00046_00025.png
client_0,8326,41,41,5,5,36,36,4,Train/4/00004_00062_00016.png
client_0,36743,62,68,5,6,57,62,38,Train/38/00038_00024_00024.png
client_0,12135,32,35,5,6,27,30,7,Train/7/00007_00047_00015.png
client_0,8580,26,25,5,5,21,20,5,Train/5/00005_00005_00000.png
client_0,10743,26,29,5,6,21,23,7,Train/7/00007_00001_00003.png
client_0,7713,28,27,6,5,23,22,4,Train/4/00004_00042_00003.png
client_0,9544,29,28,5,6,23,22,5,Train/5/00005_00037_00004.png
client_0,11785,54,53,6,5,49,48,7,Train/7/00007_00035_00025.png
client_0,30699,44,44,6,5,39,39,27,Train/27/00027_00004_00009.png
client_0,11185,63,72,6,7,58,66,7,Train/7/00007_00015_00025.png
client_0,154,30,29,5,6,25,24,20,Train/20/00020_00005_00004.png
client_0,9363,27,29,6,6,22,24,5,Train/5/00005_00031_00003.png
client_0,32849,156,134,14,11,143,123,31,Train/31/00031_00025_00029.png
client_0,32764,30,31,5,6,25,26,31,Train/31/00031_00023_00004.png
client_0,7846,41,43,5,6,36,37,4,Train/4/00004_00046_00016.png
client_0,9361,27,28,6,5,22,23,5,Train/5/00005_00031_00001.png
client_0,28235,56,61,5,5,51,56,24,Train/24/00024_00001_00005.png
client_0,9115,69,69,7,7,63,63,5,Train/5/00005_00022_00025.png
client_0,530,49,47,5,5,44,42,0,Train/0/00000_00005_00020.png
client_0,38273,39,39,5,5,34,34,39,Train/39/00039_00006_00024.png
client_0,11790,29,29,6,6,24,24,7,Train/7/00007_00036_00000.png
client_0,5101,31,30,6,5,26,25,3,Train/3/00003_00002_00001.png
client_0,330,28,25,5,5,23,20,20,Train/20/00020_00011_00000.png
client_0,32399,88,84,7,7,81,77,31,Train/31/00031_00010_00029.png
client_0,319,51,46,6,5,46,40,20,Train/20/00020_00010_00019.png
client_0,7852,57,56,5,5,52,51,4,Train/4/00004_00046_00022.png
client_0,10180,31,31,5,6,26,26,5,Train/5/00005_00058_00010.png
client_0,23226,46,49,6,6,40,43,14,Train/14/00014_00020_00006.png
client_0,10915,70,69,7,6,64,63,7,Train/7/00007_00006_00025.png
client_0,370,35,36,5,5,30,31,0,Train/0/00000_00000_00010.png
client_0,10830,31,31,6,6,26,26,7,Train/7/00007_00004_00000.png
client_0,35879,28,27,6,5,23,22,37,Train/37/00037_00003_00000.png
client_0,4715,29,29,5,5,24,24,2,Train/2/00002_00064_00005.png
client_0,4680,29,30,6,6,24,25,2,Train/2/00002_00063_00000.png
client_0,18995,40,42,5,6,35,37,12,Train/12/00012_00021_00005.png
client_0,30772,58,55,5,5,53,50,27,Train/27/00027_00006_00022.png
client_0,32413,40,41,5,6,34,36,31,Train/31/00031_00011_00013.png
client_0,10193,52,53,5,5,47,48,5,Train/5/00005_00058_00023.png
client_0,6991,37,39,5,5,31,33,4,Train/4/00004_00018_00001.png
client_0,26117,70,63,6,5,64,58,18,Train/18/00018_00018_00017.png
client_0,8902,65,69,6,7,60,63,5,Train/5/00005_00015_00022.png
client_0,37684,43,46,6,5,38,40,38,Train/38/00038_00056_00005.png
client_0,355,62,59,5,6,57,54,20,Train/20/00020_00011_00025.png
client_0,30747,84,75,8,6,76,68,27,Train/27/00027_00005_00027.png
client_0,27061,31,30,6,5,26,25,21,Train/21/00021_00003_00001.png
client_0,9838,108,113,10,10,99,104,5,Train/5/00005_00046_00028.png
client_0,1328,31,30,6,5,26,25,1,Train/1/00001_00025_00008.png
client_0,9887,45,46,5,6,40,41,5,Train/5/00005_00048_00017.png
client_0,11089,40,41,6,6,35,36,7,Train/7/00007_00012_00019.png
client_0,19454,52,52,6,6,47,47,12,Train/12/00012_00036_00014.png
client_0,11906,56,55,6,5,51,50,7,Train/7/00007_00039_00026.png
client_0,8799,35,36,6,6,30,30,5,Train/5/00005_00012_00009.png
client_0,9164,37,37,6,6,32,32,5,Train/5/00005_00024_00014.png
client_0,220,27,27,5,5,22,22,20,Train/20/00020_00007_00010.png
client_0,11973,31,31,6,6,26,26,7,Train/7/00007_00042_00003.png
client_0,10095,39,39,6,5,34,34,5,Train/5/00005_00055_00015.png
client_0,9527,42,40,6,5,37,35,5,Train/5/00005_00036_00017.png
client_0,7884,81,79,7,7,74,72,4,Train/4/00004_00047_00024.png
client_0,37324,40,40,6,6,35,35,38,Train/38/00038_00044_00005.png
client_0,160,35,32,6,5,30,27,20,Train/20/00020_00005_00010.png
client_0,7458,46,46,6,6,41,41,4,Train/4/00004_00033_00018.png
client_0,16054,31,28,6,5,26,23,10,Train/10/00010_00034_00004.png
client_0,23333,74,73,7,6,68,67,14,Train/14/00014_00023_00023.png
client_0,390,29,30,6,6,24,25,0,Train/0/00000_00001_00000.png
client_0,2467,31,30,6,5,26,25,1,Train/1/00001_00063_00007.png
client_0,20050,43,42,6,5,37,36,12,Train/12/00012_00056_00010.png
client_0,36869,30,29,6,5,25,24,38,Train/38/00038_00029_00000.png
client_0,9449,60,66,5,6,54,60,5,Train/5/00005_00033_00029.png
client_0,30089,167,163,14,14,153,149,26,Train/26/00026_00003_00029.png
client_0,10836,34,35,5,6,29,30,7,Train/7/00007_00004_00006.png
client_0,30277,35,32,5,5,29,26,26,Train/26/00026_00010_00007.png
client_0,172,49,47,5,6,44,42,20,Train/20/00020_00005_00022.png
client_0,32394,57,54,5,5,52,49,31,Train/31/00031_00010_00024.png
client_0,22157,56,53,5,5,51,47,13,Train/13/00013_00056_00017.png
client_0,27897,72,65,7,6,66,60,23,Train/23/00023_00006_00027.png
client_0,2301,46,46,5,5,41,41,1,Train/1/00001_00057_00021.png
client_0,6470,64,64,5,5,59,59,4,Train/4/00004_00000_00020.png
client_0,315,44,40,6,6,39,35,20,Train/20/00020_00010_00015.png
client_0,32083,53,46,6,5,48,41,31,Train/31/00031_00000_00013.png
client_0,10451,30,34,5,6,24,28,6,Train/6/00006_00005_00011.png
client_0,6857,39,41,5,6,34,35,4,Train/4/00004_00013_00017.png
client_0,22959,46,46,6,6,41,41,14,Train/14/00014_00011_00009.png
client_0,28337,52,50,5,6,47,45,24,Train/24/00024_00004_00017.png
client_0,33653,44,66,6,6,38,60,33,Train/33/00033_00018_00023.png
client_0,27008,38,36,5,6,33,31,21,Train/21/00021_00001_00008.png
client_0,23852,29,35,5,6,24,30,15,Train/15/00015_00015_00002.png
client_0,32250,29,30,5,5,24,25,31,Train/31/00031_00006_00000.png
client_0,11228,33,33,5,5,28,28,7,Train/7/00007_00017_00008.png
client_0,11626,33,34,5,6,28,29,7,Train/7/00007_00030_00016.png
client_0,34293,27,27,6,6,22,22,35,Train/35/00035_00003_00004.png
client_0,9019,48,48,6,6,43,43,5,Train/5/00005_00019_00019.png
client_0,10922,33,33,5,5,28,28,7,Train/7/00007_00007_00002.png
client_0,10838,37,37,6,6,32,32,7,Train/7/00007_00004_00008.png
client_0,22822,68,67,7,6,62,61,14,Train/14/00014_00006_00022.png
client_0,36195,69,83,7,8,63,76,38,Train/38/00038_00006_00016.png
client_0,34705,96,96,8,8,88,88,35,Train/35/00035_00016_00026.png
client_0,32131,37,34,6,5,32,29,31,Train/31/00031_00002_00001.png
client_0,34616,96,95,8,8,87,87,35,Train/35/00035_00013_00027.png
client_0,11532,34,35,5,6,28,29,7,Train/7/00007_00027_00012.png
client_0,7783,36,37,6,5,31,32,4,Train/4/00004_00044_00013.png
client_0,36223,43,45,5,6,37,40,38,Train/38/00038_00007_00014.png
client_0,9229,41,36,6,6,36,31,5,Train/5/00005_00026_00019.png
client_0,34472,28,28,6,6,23,23,35,Train/35/00035_00009_00003.png
client_0,21369,41,39,5,5,35,33,13,Train/13/00013_00030_00009.png
client_0,12083,58,61,5,6,53,55,7,Train/7/00007_00045_00023.png
client_0,23082,46,46,6,6,41,41,14,Train/14/00014_00015_00012.png
client_0,18641,36,37,5,5,31,31,12,Train/12/00012_00009_00011.png
client_0,2699,146,142,13,12,134,130,1,Train/1/00001_00070_00029.png
client_0,36431,31,34,6,6,26,28,38,Train/38/00038_00014_00012.png
client_0,12024,51,51,6,5,46,46,7,Train/7/00007_00043_00024.png
client_0,9455,29,31,6,6,24,26,5,Train/5/00005_00034_00005.png
client_0,18844,28,29,5,5,23,23,12,Train/12/00012_00016_00004.png
client_0,9094,34,35,5,6,29,30,5,Train/5/00005_00022_00004.png
client_0,9445,50,52,6,5,45,47,5,Train/5/00005_00033_00025.png
client_0,30553,39,34,6,5,34,29,26,Train/26/00026_00019_00013.png
client_0,33047,39,40,5,5,34,34,32,Train/32/00032_00006_00017.png
client_0,11855,33,32,6,5,28,27,7,Train/7/00007_00038_00005.png
client_0,36906,31,35,5,6,26,30,38,Train/38/00038_00030_00007.png
client_0,3988,61,62,6,6,56,57,2,Train/2/00002_00039_00028.png
client_0,36186,62,73,6,6,57,67,38,Train/38/00038_00006_00007.png
client_0,32663,69,63,6,5,63,57,31,Train/31/00031_00019_00023.png
client_0,8903,72,75,6,7,66,69,5,Train/5/00005_00015_00023.png
client_0,23273,86,92,8,9,79,84,14,Train/14/00014_00021_00023.png
client_0,37732,68,74,6,7,62,68,38,Train/38/00038_00057_00023.png
client_0,22913,69,71,6,7,63,65,14,Train/14/00014_00009_00023.png
client_0,11654,33,33,5,6,27,28,7,Train/7/00007_00031_00014.png
client_0,32800,37,35,5,5,32,30,31,Train/31/00031_00024_00010.png
client_0,20274,59,62,6,6,54,57,12,Train/12/00012_00063_00024.png
client_0,21124,46,46,5,5,41,41,13,Train/13/00013_00022_00004.png
client_0,7686,34,34,6,6,28,28,4,Train/4/00004_00041_00006.png
client_0,404,37,36,5,5,31,31,0,Train/0/00000_00001_00014.png
client_0,34627,34,34,5,5,29,29,35,Train/35/00035_00014_00008.png
client_0,9585,36,38,5,6,31,33,5,Train/5/00005_00038_00015.png
client_0,7866,41,42,5,6,35,36,4,Train/4/00004_00047_00006.png
client_0,10863,34,34,5,5,29,29,7,Train/7/00007_00005_00003.png
client_0,23070,31,31,5,5,26,26,14,Train/14/00014_00015_00000.png
client_0,10047,63,63,5,6,58,58,5,Train/5/00005_00053_00027.png
client_0,30344,41,37,5,5,35,31,26,Train/26/00026_00012_00014.png
client_0,20551,27,28,5,5,22,23,13,Train/13/00013_00003_00001.png
client_0,6965,30,32,5,6,25,27,4,Train/4/00004_00017_00005.png
client_0,32345,39,37,5,5,34,32,31,Train/31/00031_00009_00005.png
client_0,25914,80,71,7,6,73,65,18,Train/18/00018_00011_00024.png
client_0,10739,146,130,12,11,133,118,7,Train/7/00007_00000_00029.png
client_0,7114,30,31,5,6,25,26,4,Train/4/00004_00022_00004.png
client_0,8616,34,35,5,6,29,30,5,Train/5/00005_00006_00006.png
client_0,32660,62,59,5,6,57,53,31,Train/31/00031_00019_00020.png
client_0,7706,59,58,6,5,54,53,4,Train/4/00004_00041_00026.png
client_0,10954,31,30,6,5,26,25,7,Train/7/00007_00008_00004.png
client_0,9852,36,38,5,6,31,32,5,Train/5/00005_00047_00012.png
client_0,9157,34,35,5,6,29,30,5,Train/5/00005_00024_00007.png
client_0,6973,35,37,5,5,29,31,4,Train/4/00004_00017_00013.png
client_0,32416,43,44,6,6,38,39,31,Train/31/00031_00011_00016.png
client_0,11607,64,68,5,6,59,62,7,Train/7/00007_00029_00027.png
client_0,21211,34,33,6,6,29,28,13,Train/13/00013_00025_00001.png
client_0,35323,42,48,5,5,37,43,35,Train/35/00035_00037_00014.png
client_0,37965,38,39,5,5,33,34,38,Train/38/00038_00065_00016.png
client_0,10480,32,33,5,6,26,28,6,Train/6/00006_00006_00010.png
client_0,36915,34,38,5,6,29,33,38,Train/38/00038_00030_00016.png
client_0,38906,59,59,6,6,54,54,41,Train/41/00041_00005_00027.png
client_0,18453,37,38,5,5,32,33,12,Train/12/00012_00003_00003.png
client_0,1701,48,48,5,5,43,43,1,Train/1/00001_00037_00021.png
client_0,32170,47,43,6,6,42,38,31,Train/31/00031_00003_00010.png
client_0,20353,45,49,6,5,40,44,12,Train/12/00012_00066_00013.png
client_0,311,40,37,5,6,35,32,20,Train/20/00020_00010_00011.png
client_0,16502,30,30,6,6,25,25,10,Train/10/00010_00049_00002.png
client_0,11616,29,28,6,5,24,23,7,Train/7/00007_00030_00006.png
client_0,12001,28,28,5,5,23,23,7,Train/7/00007_00043_00001.png
client_0,9549,31,29,5,5,25,23,5,Train/5/00005_00037_00009.png
client_0,32760,27,26,5,5,22,21,31,Train/31/00031_00023_00000.png
client_0,7518,46,48,5,6,41,43,4,Train/4/00004_00035_00018.png
client_0,11397,103,100,9,9,94,92,7,Train/7/00007_00022_00027.png
client_0,32458,116,105,10,10,106,96,31,Train/31/00031_00012_00028.png
client_0,11915,28,28,6,5,23,23,7,Train/7/00007_00040_00005.png
client_0,28292,52,50,6,6,47,45,24,Train/24/00024_00003_00002.png
client_0,18710,64,70,5,6,59,64,12,Train/12/00012_00011_00020.png
client_0,11584,28,28,6,6,23,23,7,Train/7/00007_00029_00004.png
client_0,7453,37,36,6,5,32,31,4,Train/4/00004_00033_00013.png
client_0,11643,28,28,5,5,22,22,7,Train/7/00007_00031_00003.png
client_0,1484,40,51,6,6,35,46,1,Train/1/00001_00030_00014.png
client_0,30670,46,47,6,6,41,41,27,Train/27/00027_00003_00010.png
client_0,26642,44,43,6,6,39,38,18,Train/18/00018_00036_00002.png
client_0,7020,33,32,6,5,28,27,4,Train/4/00004_00019_00000.png
client_0,269,76,76,6,6,70,70,20,Train/20/00020_00008_00029.png
client_0,23315,39,38,6,5,34,33,14,Train/14/00014_00023_00005.png
client_0,7652,27,27,5,5,22,22,4,Train/4/00004_00040_00002.png
client_0,30240,29,28,5,6,24,23,26,Train/26/00026_00009_00000.png
client_0,8533,32,33,5,6,27,27,5,Train/5/00005_00003_00013.png
client_0,33264,72,71,6,7,65,64,33,Train/33/00033_00005_00024.png
client_0,33621,43,61,5,6,38,56,33,Train/33/00033_00017_00021.png
client_0,30015,53,50,6,5,48,45,26,Train/26/00026_00001_00015.png
client_0,12099,32,31,6,5,27,26,7,Train/7/00007_00046_00009.png
client_0,33745,48,53,5,5,43,48,33,Train/33/00033_00021_00026.png
client_0,32588,63,58,6,5,58,52,31,Train/31/00031_00017_00008.png
client_0,2412,39,40,5,5,34,35,1,Train/1/00001_00061_00012.png
client_0,141,40,41,5,6,35,36,20,Train/20/00020_00004_00021.png
client_0,5805,38,38,6,6,33,33,3,Train/3/00003_00025_00015.png
client_0,10222,53,52,6,6,48,47,5,Train/5/00005_00059_00022.png
client_0,11682,41,42,5,6,35,37,7,Train/7/00007_00032_00012.png
client_0,6456,44,44,5,5,39,39,4,Train/4/00004_00000_00006.png
client_0,38498,49,47,6,5,44,42,40,Train/40/00040_00004_00009.png
client_0,33039,32,33,5,6,27,28,32,Train/32/00032_00006_00009.png
client_0,18708,60,63,6,6,55,57,12,Train/12/00012_00011_00018.png
client_0,6488,43,46,5,6,38,41,4,Train/4/00004_00001_00008.png
client_0,10149,33,33,5,5,28,28,5,Train/5/00005_00057_00009.png
client_0,6467,55,56,5,6,50,51,4,Train/4/00004_00000_00017.png
client_0,27163,42,41,6,6,37,36,21,Train/21/00021_00006_00013.png
client_0,21004,34,35,5,6,29,30,13,Train/13/00013_00018_00004.png
client_0,9078,45,45,6,6,40,40,5,Train/5/00005_00021_00018.png
client_0,8472,32,32,6,5,26,26,5,Train/5/00005_00001_00012.png
client_0,20284,29,30,6,6,24,25,12,Train/12/00012_00064_00004.png
client_0,2544,72,73,7,7,66,67,1,Train/1/00001_00065_00024.png
client_0,8065,85,81,7,7,78,74,4,Train/4/00004_00053_00025.png
client_0,10082,30,31,5,6,25,26,5,Train/5/00005_00055_00002.png
client_0,10715,29,28,6,5,24,23,7,Train/7/00007_00000_00005.png
client_0,10443,27,28,6,5,22,23,6,Train/6/00006_00005_00003.png
client_0,7338,48,47,6,5,43,42,4,Train/4/00004_00029_00018.png
client_0,33693,29,29,6,6,24,24,33,Train/33/00033_00020_00004.png
client_0,2150,52,54,5,6,46,49,1,Train/1/00001_00052_00020.png
client_0,31155,48,46,6,6,43,41,28,Train/28/00028_00011_00015.png
client_0,8733,31,33,5,6,26,28,5,Train/5/00005_00010_00003.png
client_0,34451,52,51,5,5,47,46,35,Train/35/00035_00008_00012.png
client_0,27761,46,43,5,5,41,38,23,Train/23/00023_00002_00011.png
client_0,9158,37,37,6,6,32,32,5,Train/5/00005_00024_00008.png
client_0,24468,28,34,5,6,23,28,17,Train/17/00017_00000_00018.png
client_0,2077,39,39,5,6,34,34,1,Train/1/00001_00050_00007.png
client_0,32731,26,26,5,5,21,21,31,Train/31/00031_00022_00001.png
client_0,27925,70,59,7,5,64,54,23,Train/23/00023_00007_00025.png
client_0,1705,62,61,6,6,57,56,1,Train/1/00001_00037_00025.png
client_0,33528,40,43,5,5,35,37,33,Train/33/00033_00014_00018.png
client_0,6655,82,84,8,8,75,77,4,Train/4/00004_00006_00025.png
client_0,23065,122,133,11,12,112,122,14,Train/14/00014_00014_00025.png
client_0,6536,76,76,7,6,70,70,4,Train/4/00004_00002_00026.png
client_0,32013,34,29,6,5,29,24,30,Train/30/00030_00013_00003.png
client_0,10888,133,133,12,12,122,122,7,Train/7/00007_00005_00028.png
client_0,31400,71,63,6,5,65,58,29,Train/29/00029_00001_00020.png
client_0,25038,48,52,5,6,43,47,17,Train/17/00017_00019_00018.png
client_0,25333,34,35,6,6,28,30,17,Train/17/00017_00029_00013.png
client_0,723,30,30,5,5,25,25,1,Train/1/00001_00005_00003.png
client_0,25751,53,47,6,6,47,42,18,Train/18/00018_00006_00011.png
client_0,6234,60,63,6,5,55,58,3,Train/3/00003_00039_00024.png
client_0,22888,86,118,7,10,79,108,14,Train/14/00014_00008_00028.png
client_0,32924,38,40,5,6,33,34,32,Train/32/00032_00002_00014.png
client_0,33221,36,37,5,6,31,32,33,Train/33/00033_00004_00011.png
client_0,28223,70,64,6,5,64,58,24,Train/24/00024_00000_00023.png
client_0,7601,36,36,5,5,31,31,4,Train/4/00004_00038_00011.png
client_0,7751,36,35,5,5,30,30,4,Train/4/00004_00043_00011.png
client_0,11718,47,47,5,6,42,42,7,Train/7/00007_00033_00018.png
client_0,32739,33,33,6,6,28,28,31,Train/31/00031_00022_00009.png
client_0,37081,45,46,5,6,40,41,38,Train/38/00038_00036_00002.png
client_0,23164,44,44,6,5,39,39,14,Train/14/00014_00018_00004.png
client_0,8398,54,52,5,5,49,47,4,Train/4/00004_00064_00028.png
client_0,38876,64,64,6,6,59,59,41,Train/41/00041_00004_00027.png
client_0,28387,37,34,6,5,32,29,24,Train/24/00024_00006_00007.png
client_0,10990,33,34,6,5,28,29,7,Train/7/00007_00009_00010.png
client_0,9540,26,26,5,6,21,21,5,Train/5/00005_00037_00000.png
client_0,105,51,49,6,6,46,44,20,Train/20/00020_00003_00015.png
client_0,652,60,59,5,5,54,54,1,Train/1/00001_00002_00022.png
client_0,6990,36,38,5,5,31,33,4,Train/4/00004_00018_00000.png
client_0,12113,38,38,6,6,33,33,7,Train/7/00007_00046_00023.png
client_0,7645,80,80,8,8,73,73,4,Train/4/00004_00039_00025.png
client_0,20570,92,83,8,7,84,76,13,Train/13/00013_00003_00020.png
client_0,22668,68,70,6,6,62,63,14,Train/14/00014_00001_00018.png
client_0,10126,42,43,5,6,37,38,5,Train/5/00005_00056_00016.png
client_0,6870,27,28,5,6,22,23,4,Train/4/00004_00014_00000.png
client_0,16538,33,34,5,6,28,29,10,Train/10/00010_00050_00008.png
client_0,11931,37,37,6,6,32,32,7,Train/7/00007_00040_00021.png
client_0,28036,75,68,6,6,69,62,23,Train/23/00023_00011_00016.png
client_0,9167,37,36,6,5,32,31,5,Train/5/00005_00024_00017.png
client_0,7414,29,31,5,6,24,26,4,Train/4/00004_00032_00004.png
client_0,22853,105,100,9,9,96,92,14,Train/14/00014_00007_00023.png
client_0,32757,72,73,6,7,66,67,31,Train/31/00031_00022_00027.png
client_0,8957,51,51,6,6,46,46,5,Train/5/00005_00017_00017.png
client_0,37497,38,40,5,5,33,35,38,Train/38/00038_00049_00028.png
client_0,32984,36,37,5,5,31,31,32,Train/32/00032_00004_00014.png
client_0,505,86,93,7,8,78,84,0,Train/0/00000_00004_00025.png
client_0,36637,34,33,6,5,29,28,38,Train/38/00038_00021_00008.png
client_0,11527,29,31,5,6,24,26,7,Train/7/00007_00027_00007.png
client_0,6775,65,65,6,5,59,59,4,Train/4/00004_00010_00025.png
client_0,7231,39,39,6,6,34,34,4,Train/4/00004_00026_00001.png
client_0,250,34,34,5,5,29,29,20,Train/20/00020_00008_00010.png
client_0,21681,62,56,5,6,57,51,13,Train/13/00013_00040_00021.png
client_0,7104,68,64,7,5,62,59,4,Train/4/00004_00021_00024.png
client_0,5962,55,57,5,5,49,51,3,Train/3/00003_00030_00022.png
client_0,30656,108,99,9,9,99,91,27,Train/27/00027_00002_00026.png
client_0,9210,27,26,5,6,22,21,5,Train/5/00005_00026_00000.png
client_0,30085,97,94,8,8,89,86,26,Train/26/00026_00003_00025.png
client_0,9087,59,61,5,5,54,56,5,Train/5/00005_00021_00027.png
client_0,32133,36,35,5,5,31,30,31,Train/31/00031_00002_00003.png
client_0,6384,62,61,6,6,57,56,3,Train/3/00003_00044_00024.png
client_0,7596,33,33,5,5,28,28,4,Train/4/00004_00038_00006.png
client_0,8879,75,76,6,7,69,70,5,Train/5/00005_00014_00029.png
client_0,35373,36,36,6,6,31,31,35,Train/35/00035_00039_00004.png
client_0,8515,41,43,6,6,36,38,5,Train/5/00005_00002_00025.png
client_0,7829,63,61,5,5,58,56,4,Train/4/00004_00045_00029.png
client_0,32074,43,37,6,5,38,32,31,Train/31/00031_00000_00004.png
client_0,36935,39,38,6,5,34,33,38,Train/38/00038_00031_00006.png
client_0,38755,82,80,8,7,75,73,41,Train/41/00041_00000_00026.png
client_0,30795,46,42,6,6,41,37,27,Train/27/00027_00007_00015.png
client_0,33480,38,39,5,6,33,34,33,Train/33/00033_00013_00000.png
client_0,9475,47,50,6,5,42,45,5,Train/5/00005_00034_00025.png
client_0,32347,40,38,6,5,35,33,31,Train/31/00031_00009_00007.png
client_0,20086,46,48,6,5,41,42,12,Train/12/00012_00057_00016.png
client_0,15857,44,47,6,6,39,42,10,Train/10/00010_00027_00017.png
client_0,11322,36,37,6,6,31,32,7,Train/7/00007_00020_00012.png
client_0,7692,36,36,6,6,31,31,4,Train/4/00004_00041_00012.png
client_0,665,29,31,5,6,23,25,1,Train/1/00001_00003_00005.png
client_0,8783,61,62,6,5,56,57,5,Train/5/00005_00011_00023.png
client_0,23312,36,38,5,6,31,33,14,Train/14/00014_00023_00002.png
client_0,22042,60,53,6,5,54,48,13,Train/13/00013_00052_00022.png
client_0,9957,59,60,5,6,54,55,5,Train/5/00005_00050_00027.png
client_0,43,44,39,6,6,39,34,20,Train/20/00020_00001_00013.png
client_0,34253,50,52,5,6,44,46,35,Train/35/00035_00001_00024.png
client_0,9476,47,51,6,6,42,46,5,Train/5/00005_00034_00026.png
client_0,11353,36,36,6,5,31,31,7,Train/7/00007_00021_00013.png
client_0,7154,35,36,6,6,30,30,4,Train/4/00004_00023_00014.png
client_0,26032,83,83,7,7,76,76,18,Train/18/00018_00015_00022.png
client_0,27833,56,55,5,5,51,50,23,Train/23/00023_00004_00023.png
client_0,16140,27,27,6,6,22,21,10,Train/10/00010_00037_00000.png
client_0,32374,31,30,5,6,26,25,31,Train/31/00031_00010_00004.png
client_0,10101,41,42,5,5,36,37,5,Train/5/00005_00055_00021.png
client_0,23455,64,129,6,12,59,117,15,Train/15/00015_00001_00025.png
client_0,33485,44,43,6,5,38,37,33,Train/33/00033_00013_00005.png
client_0,36864,34,33,6,5,28,27,38,Train/38/00038_00028_00025.png
client_0,22290,43,39,6,6,38,34,13,Train/13/00013_00061_00000.png
client_0,1301,28,28,6,6,23,23,1,Train/1/00001_00024_00011.png
client_0,9195,32,32,5,5,27,27,5,Train/5/00005_00025_00015.png
client_0,23336,83,84,8,8,76,77,14,Train/14/00014_00023_00026.png
client_0,31235,39,37,6,5,34,32,28,Train/28/00028_00014_00005.png
client_0,31609,72,63,6,6,65,58,29,Train/29/00029_00008_00019.png
client_0,35222,32,36,5,6,27,31,35,Train/35/00035_00034_00003.png
client_0,5854,27,29,5,6,22,24,3,Train/3/00003_00027_00004.png
client_0,23325,54,53,6,5,49,48,14,Train/14/00014_00023_00015.png
client_0,5885,27,30,5,6,22,25,3,Train/3/00003_00028_00005.png
client_0,28001,51,48,5,6,45,43,23,Train/23/00023_00010_00011.png
client_0,27081,64,61,5,6,59,56,21,Train/21/00021_00003_00021.png
client_0,10190,45,46,5,5,39,40,5,Train/5/00005_00058_00020.png
client_0,8940,31,31,5,5,26,26,5,Train/5/00005_00017_00000.png
client_0,7464,60,61,6,6,55,56,4,Train/4/00004_00033_00024.png
client_0,8719,54,53,6,5,49,48,5,Train/5/00005_00009_00019.png
client_0,34688,46,46,6,6,41,41,35,Train/35/00035_00016_00009.png
client_0,36478,82,97,8,8,75,89,38,Train/38/00038_00015_00029.png
client_0,7162,40,41,6,6,35,36,4,Train/4/00004_00023_00022.png
client_0,10675,46,47,6,5,40,41,6,Train/6/00006_00012_00025.png
client_0,34397,48,50,5,6,43,44,35,Train/35/00035_00006_00018.png
client_0,28154,58,52,6,5,53,47,23,Train/23/00023_00015_00014.png
client_0,35796,40,39,6,5,35,34,37,Train/37/00037_00000_00007.png
client_0,23758,77,83,7,8,71,76,15,Train/15/00015_00011_00028.png
client_0,11822,29,30,6,6,24,25,7,Train/7/00007_00037_00002.png
client_0,6915,38,37,6,6,33,32,4,Train/4/00004_00015_00015.png
client_0,33161,43,43,5,6,37,37,33,Train/33/00033_00002_00011.png
client_0,8034,50,50,6,6,45,45,4,Train/4/00004_00052_00024.png
client_0,6228,45,47,6,6,40,42,3,Train/3/00003_00039_00018.png
client_0,23017,48,50,5,6,43,45,14,Train/14/00014_00013_00007.png
client_0,5873,44,49,5,6,39,44,3,Train/3/00003_00027_00023.png
client_0,11815,60,59,6,6,55,54,7,Train/7/00007_00036_00025.png
client_0,32488,92,87,8,7,84,80,31,Train/31/00031_00013_00028.png
client_0,9452,27,28,5,5,22,23,5,Train/5/00005_00034_00002.png
client_0,7845,40,41,5,5,35,36,4,Train/4/00004_00046_00015.png
client_0,33255,69,69,6,6,63,63,33,Train/33/00033_00005_00015.png
client_0,8882,31,32,5,6,26,27,5,Train/5/00005_00015_00002.png
client_0,8892,41,40,6,5,36,35,5,Train/5/00005_00015_00012.png
client_0,8805,42,43,5,5,37,37,5,Train/5/00005_00012_00015.png
client_0,9174,49,49,6,6,44,44,5,Train/5/00005_00024_00024.png
client_0,32464,28,30,5,6,23,24,31,Train/31/00031_00013_00004.png
client_0,8673,30,31,5,6,25,26,5,Train/5/00005_00008_00003.png
client_0,21377,50,50,5,6,45,45,13,Train/13/00013_00030_00017.png
client_0,29177,64,63,6,5,59,58,25,Train/25/00025_00023_00017.png
client_0,2660,54,55,5,6,49,50,1,Train/1/00001_00069_00020.png
client_0,9965,33,33,6,6,28,28,5,Train/5/00005_00051_00005.png
client_0,16439,65,76,6,7,59,69,10,Train/10/00010_00046_00029.png
client_0,9396,29,29,6,5,24,23,5,Train/5/00005_00032_00006.png
client_0,31106,84,76,7,7,77,70,28,Train/28/00028_00009_00026.png
client_0,10905,45,45,5,5,40,40,7,Train/7/00007_00006_00015.png
client_0,11678,37,37,6,6,32,32,7,Train/7/00007_00032_00008.png
client_0,22986,45,44,6,5,40,39,14,Train/14/00014_00012_00006.png
client_0,31224,105,99,10,9,95,91,28,Train/28/00028_00013_00024.png
client_0,8469,30,30,6,5,24,24,5,Train/5/00005_00001_00009.png
client_0,7831,28,29,5,6,22,23,4,Train/4/00004_00046_00001.png
client_0,7731,47,47,6,5,42,41,4,Train/4/00004_00042_00021.png
client_0,8585,29,28,5,5,24,23,5,Train/5/00005_00005_00005.png
client_0,10903,45,45,5,5,40,40,7,Train/7/00007_00006_00013.png
client_0,12109,35,36,5,6,30,31,7,Train/7/00007_00046_00019.png
client_0,8260,34,33,6,5,29,28,4,Train/4/00004_00060_00010.png
client_0,10742,27,28,6,6,22,23,7,Train/7/00007_00001_00002.png
client_0,7689,35,34,6,5,30,29,4,Train/4/00004_00041_00009.png
client_0,9581,33,35,5,6,27,29,5,Train/5/00005_00038_00011.png
client_0,21087,128,113,11,9,117,103,13,Train/13/00013_00020_00027.png
client_0,5987,38,40,5,5,33,35,3,Train/3/00003_00031_00017.png
client_0,7835,31,30,5,5,25,25,4,Train/4/00004_00046_00005.png
client_0,31546,43,42,6,5,38,37,29,Train/29/00029_00006_00016.png
client_0,22629,57,56,6,5,52,51,14,Train/14/00014_00000_00009.png
client_0,486,59,66,5,6,54,60,0,Train/0/00000_00004_00006.png
client_0,37567,46,59,6,6,41,54,38,Train/38/00038_00052_00008.png
client_0,11510,44,45,6,5,39,40,7,Train/7/00007_00026_00020.png
client_0,18130,55,56,5,6,50,51,11,Train/11/00011_00036_00010.png
client_0,26016,43,44,5,6,38,39,18,Train/18/00018_00015_00006.png
client_0,12037,27,28,5,5,22,23,7,Train/7/00007_00044_00007.png
client_0,31,31,30,6,5,25,25,20,Train/20/00020_00001_00001.png
client_0,8360,40,41,5,6,35,36,4,Train/4/00004_00063_00020.png
client_0,36933,38,38,6,6,33,33,38,Train/38/00038_00031_00004.png
client_0,11038,55,55,5,6,50,50,7,Train/7/00007_00010_00028.png
client_0,1161,45,46,6,6,40,41,1,Train/1/00001_00019_00021.png
client_0,25799,158,140,13,12,145,128,18,Train/18/00018_00007_00029.png
client_0,8776,44,46,5,5,39,41,5,Train/5/00005_00011_00016.png
client_0,9329,75,68,7,6,69,62,5,Train/5/00005_00029_00029.png
client_0,32435,38,35,6,6,33,30,31,Train/31/00031_00012_00005.png
client_0,32272,56,53,6,5,51,48,31,Train/31/00031_00006_00022.png
client_0,10243,30,34,5,5,25,28,5,Train/5/00005_00060_00013.png
client_0,7437,83,86,8,8,76,79,4,Train/4/00004_00032_00027.png
client_0,30805,63,60,5,6,58,54,27,Train/27/00027_00007_00025.png
client_0,36888,48,47,6,5,43,42,38,Train/38/00038_00029_00019.png
client_0,36261,38,38,6,6,33,33,38,Train/38/00038_00008_00022.png
client_0,22811,39,40,5,5,34,35,14,Train/14/00014_00006_00011.png
client_0,35311,36,41,5,6,30,35,35,Train/35/00035_00037_00002.png
client_0,24621,46,46,5,6,40,41,17,Train/17/00017_00005_00021.png
client_0,8493,28,27,5,6,23,22,5,Train/5/00005_00002_00003.png
client_0,7506,32,32,5,5,27,27,4,Train/4/00004_00035_00006.png
client_0,10821,58,57,6,5,53,52,7,Train/7/00007_00003_00021.png
client_0,8690,56,55,6,5,51,50,5,Train/5/00005_00008_00020.png
client_0,7547,48,47,6,5,43,42,4,Train/4/00004_00036_00017.png
client_0,11912,27,28,5,6,22,23,7,Train/7/00007_00040_00002.png
client_0,9601,26,28,5,6,20,23,5,Train/5/00005_00039_00001.png
client_0,32268,48,46,5,6,43,41,31,Train/31/00031_00006_00018.png
client_0,11970,28,29,5,6,23,24,7,Train/7/00007_00042_00000.png
client_0,8204,35,35,6,5,30,30,4,Train/4/00004_00058_00014.png
client_0,25810,61,55,5,5,56,50,18,Train/18/00018_00008_00010.png
client_0,71,43,40,6,6,38,35,20,Train/20/00020_00002_00011.png
client_0,23016,45,46,6,6,40,41,14,Train/14/00014_00013_00006.png
client_0,22869,39,43,6,5,34,37,14,Train/14/00014_00008_00009.png
client_0,32534,52,48,5,5,47,43,31,Train/31/00031_00015_00014.png
client_0,25217,44,45,5,5,39,40,17,Train/17/00017_00025_00017.png
client_0,27267,109,103,10,9,100,94,21,Train/21/00021_00009_00027.png
client_0,7352,30,31,5,6,25,26,4,Train/4/00004_00030_00002.png
client_0,32379,35,32,6,6,30,27,31,Train/31/00031_00010_00009.png
client_0,12080,47,48,5,5,42,42,7,Train/7/00007_00045_00020.png
client_0,8565,37,39,5,6,31,34,5,Train/5/00005_00004_00015.png
client_0,30749,107,97,10,8,98,89,27,Train/27/00027_00005_00029.png
client_0,7609,46,46,6,6,41,41,4,Train/4/00004_00038_00019.png
client_0,9155,33,33,6,6,28,28,5,Train/5/00005_00024_00005.png
client_0,6597,131,124,12,10,119,114,4,Train/4/00004_00004_00027.png
client_0,1547,51,50,6,5,45,45,1,Train/1/00001_00032_00017.png
client_0,30350,48,45,5,5,42,39,26,Train/26/00026_00012_00020.png
client_0,9442,44,45,6,5,38,40,5,Train/5/00005_00033_00022.png
client_0,8463,27,29,5,6,22,24,5,Train/5/00005_00001_00003.png
client_0,9191,30,30,5,5,25,25,5,Train/5/00005_00025_00011.png
client_0,9572,27,28,6,6,22,23,5,Train/5/00005_00038_00002.png
client_0,596,100,104,9,9,92,95,1,Train/1/00001_00000_00026.png
client_0,169,46,42,6,5,41,37,20,Train/20/00020_00005_00019.png
client_0,6794,37,37,5,5,31,32,4,Train/4/00004_00011_00014.png
client_0,37052,28,30,5,5,23,25,38,Train/38/00038_00035_00003.png
client_0,9323,49,45,5,5,44,40,5,Train/5/00005_00029_00023.png
client_0,6321,47,47,6,5,42,42,3,Train/3/00003_00042_00021.png
client_0,7391,30,31,5,5,25,26,4,Train/4/00004_00031_00011.png
client_0,32823,37,35,5,6,32,30,31,Train/31/00031_00025_00003.png
client_0,24994,33,35,6,6,28,30,17,Train/17/00017_00018_00004.png
client_0,19598,32,31,6,5,27,26,12,Train/12/00012_00041_00008.png
client_0,10678,52,54,5,6,47,49,6,Train/6/00006_00012_00028.png
client_0,11128,76,69,6,7,70,63,7,Train/7/00007_00013_00028.png
client_0,32579,117,107,11,9,107,98,31,Train/31/00031_00016_00029.png
client_0,36456,35,36,6,6,29,31,38,Train/38/00038_00015_00007.png
client_0,8663,51,53,6,6,46,48,5,Train/5/00005_00007_00023.png
client_0,9433,34,35,6,5,29,30,5,Train/5/00005_00033_00013.png
client_0,38925,39,40,5,5,34,34,41,Train/41/00041_00006_00016.png
client_0,32782,58,57,6,6,52,51,31,Train/31/00031_00023_00022.png
client_0,8322,40,39,6,5,35,34,4,Train/4/00004_00062_00012.png
client_0,5759,135,133,11,12,124,122,3,Train/3/00003_00023_00029.png
client_0,9440,40,42,6,6,35,37,5,Train/5/00005_00033_00020.png
client_0,33710,61,61,5,5,56,56,33,Train/33/00033_00020_00021.png
client_0,20540,52,52,5,5,47,47,13,Train/13/00013_00002_00020.png
client_0,29056,70,61,7,5,64,56,25,Train/25/00025_00019_00016.png
client_0,22637,74,76,6,7,68,70,14,Train/14/00014_00000_00017.png
client_0,30681,52,52,5,5,47,47,27,Train/27/00027_00003_00021.png
client_0,30097,41,37,5,5,36,32,26,Train/26/00026_00004_00007.png
client_0,30469,46,43,5,6,41,38,26,Train/26/00026_00016_00019.png
client_0,35094,56,59,6,6,51,53,35,Train/35/00035_00029_00025.png
client_0,32616,40,37,6,5,35,32,31,Train/31/00031_00018_00006.png
client_0,25122,45,44,6,5,40,39,17,Train/17/00017_00022_00012.png
client_0,32277,67,61,6,6,61,56,31,Train/31/00031_00006_00027.png
client_0,10363,37,38,6,5,32,33,6,Train/6/00006_00002_00013.png
client_0,33512,36,37,6,6,31,32,33,Train/33/00033_00014_00002.png
client_0,12006,31,31,6,6,26,26,7,Train/7/00007_00043_00006.png
client_0,30735,39,37,5,6,33,32,27,Train/27/00027_00005_00015.png
client_0,36843,28,30,5,6,23,25,38,Train/38/00038_00028_00004.png
client_0,7820,45,45,6,6,40,40,4,Train/4/00004_00045_00020.png
client_0,11154,84,82,7,7,77,75,7,Train/7/00007_00014_00024.png
client_0,36560,54,52,6,5,49,47,38,Train/38/00038_00018_00021.png
client_0,10633,36,37,5,6,31,32,6,Train/6/00006_00011_00013.png
client_0,7717,31,32,6,5,26,26,4,Train/4/00004_00042_00007.png
client_0,22976,98,97,8,9,90,89,14,Train/14/00014_00011_00026.png
client_0,10824,72,75,7,7,66,69,7,Train/7/00007_00003_00024.png
client_0,32396,64,60,5,5,59,55,31,Train/31/00031_00010_00026.png
client_0,32837,56,50,6,5,51,45,31,Train/31/00031_00025_00017.png
client_0,1585,58,56,5,5,53,51,1,Train/1/00001_00033_00025.png
client_0,22887,80,104,7,9,73,95,14,Train/14/00014_00008_00027.png
client_0,28365,34,32,5,5,29,27,24,Train/24/00024_00005_00015.png
client_0,37422,30,28,6,5,25,23,38,Train/38/00038_00047_00013.png
client_0,34805,33,34,5,6,28,29,35,Train/35/00035_00020_00006.png
client_0,32429,76,74,6,6,70,68,31,Train/31/00031_00011_00029.png
client_0,36892,54,54,5,5,49,49,38,Train/38/00038_00029_00023.png
client_0,25808,59,52,5,5,54,47,18,Train/18/00018_00008_00008.png
client_0,9240,26,25,5,5,20,20,5,Train/5/00005_00027_00000.png
client_0,32119,56,53,5,5,51,47,31,Train/31/00031_00001_00019.png
client_0,32643,42,42,6,6,37,37,31,Train/31/00031_00019_00003.png
client_0,6050,44,42,6,5,39,36,3,Train/3/00003_00033_00020.png
client_0,32937,75,71,7,7,69,65,32,Train/32/00032_00002_00027.png
client_0,23304,81,95,8,9,74,87,14,Train/14/00014_00022_00024.png
client_0,485,59,63,5,5,54,58,0,Train/0/00000_00004_00005.png
client_0,22902,39,40,6,6,34,35,14,Train/14/00014_00009_00012.png
client_0,7965,38,39,6,6,33,34,4,Train/4/00004_00050_00015.png
client_0,9169,41,41,6,6,36,36,5,Train/5/00005_00024_00019.png
client_0,30434,115,104,10,10,105,95,26,Train/26/00026_00015_00014.png
client_0,8509,37,37,6,5,32,32,5,Train/5/00005_00002_00019.png
client_0,36187,60,75,5,6,55,69,38,Train/38/00038_00006_00008.png
client_0,11921,30,31,5,6,25,26,7,Train/7/00007_00040_00011.png
client_0,14,39,34,5,5,34,29,20,Train/20/00020_00000_00014.png
client_0,10269,29,30,5,6,23,25,5,Train/5/00005_00061_00009.png
client_0,8017,28,29,5,5,23,24,4,Train/4/00004_00052_00007.png
client_0,8503,33,34,5,6,28,29,5,Train/5/00005_00002_00013.png
client_0,37249,42,44,5,5,37,39,38,Train/38/00038_00041_00020.png
client_0,32112,48,43,6,5,43,38,31,Train/31/00031_00001_00012.png
client_0,8742,35,37,5,6,30,32,5,Train/5/00005_00010_00012.png
client_0,11181,52,57,5,6,47,52,7,Train/7/00007_00015_00021.png
client_0,35166,30,31,5,6,25,26,35,Train/35/00035_00032_00007.png
client_0,9640,30,31,5,6,25,26,5,Train/5/00005_00040_00010.png
client_0,22624,50,48,5,5,45,43,14,Train/14/00014_00000_00004.png
client_0,21361,34,35,5,6,29,30,13,Train/13/00013_00030_00001.png
client_0,5838,38,39,5,5,33,33,3,Train/3/00003_00026_00018.png
client_0,36582,35,36,5,6,30,31,38,Train/38/00038_00019_00013.png
client_0,31164,54,50,5,5,49,45,28,Train/28/00028_00011_00024.png
client_0,7694,36,37,5,6,31,32,4,Train/4/00004_00041_00014.png
client_0,31630,38,36,6,5,33,31,30,Train/30/00030_00000_00010.png
client_0,10698,40,40,6,6,35,35,6,Train/6/00006_00013_00018.png
client_0,38427,86,86,7,7,79,79,40,Train/40/00040_00001_00028.png
client_0,17619,36,32,5,6,31,27,11,Train/11/00011_00019_00009.png
client_0,5931,45,44,6,5,40,39,3,Train/3/00003_00029_00021.png
client_0,6067,31,31,5,5,26,26,3,Train/3/00003_00034_00007.png
client_0,9073,39,38,6,6,33,33,5,Train/5/00005_00021_00013.png
client_0,5763,29,31,5,6,24,26,3,Train/3/00003_00024_00003.png
client_0,9953,49,50,5,6,44,45,5,Train/5/00005_00050_00023.png
client_0,38533,71,71,7,6,65,65,40,Train/40/00040_00005_00014.png
client_0,12148,50,53,5,5,44,48,7,Train/7/00007_00047_00028.png
client_0,35615,31,31,6,5,26,26,36,Train/36/00036_00007_00006.png
client_0,34267,35,35,6,5,29,29,35,Train/35/00035_00002_00008.png
client_0,15491,37,36,6,5,32,31,10,Train/10/00010_00015_00011.png
client_0,7874,52,51,6,6,47,46,4,Train/4/00004_00047_00014.png
client_0,30789,39,35,6,5,34,30,27,Train/27/00027_00007_00009.png
client_0,11011,33,33,6,6,28,28,7,Train/7/00007_00010_00001.png
client_0,9692,32,32,6,5,27,27,5,Train/5/00005_00042_00002.png
client_0,11411,34,33,6,5,29,28,7,Train/7/00007_00023_00011.png
client_0,7389,31,32,5,5,26,27,4,Train/4/00004_00031_00009.png
client_0,37865,30,30,6,6,25,25,38,Train/38/00038_00062_00006.png
client_0,9095,35,34,6,5,30,29,5,Train/5/00005_00022_00005.png
client_0,939,34,36,6,6,29,31,1,Train/1/00001_00012_00009.png
client_0,5507,36,35,6,5,31,30,3,Train/3/00003_00015_00017.png
client_0,100,43,41,5,6,38,36,20,Train/20/00020_00003_00010.png
client_0,7306,39,40,5,6,34,35,4,Train/4/00004_00028_00016.png
client_0,31476,38,38,5,5,33,33,29,Train/29/00029_00004_00006.png
client_0,10607,41,42,6,5,36,37,6,Train/6/00006_00010_00017.png
client_0,11919,30,31,5,6,25,26,7,Train/7/00007_00040_00009.png
client_0,11376,37,37,5,5,32,32,7,Train/7/00007_00022_00006.png
client_0,38587,31,31,6,6,26,26,40,Train/40/00040_00007_00008.png
client_0,11742,34,39,5,6,29,34,7,Train/7/00007_00034_00012.png
client_0,7136,44,46,5,5,39,41,4,Train/4/00004_00022_00026.png
client_0,30249,36,35,6,6,30,29,26,Train/26/00026_00009_00009.png
client_0,27175,74,69,6,6,68,63,21,Train/21/00021_00006_00025.png
client_0,36754,33,34,6,6,28,29,38,Train/38/00038_00025_00005.png
client_0,5928,42,40,6,5,36,34,3,Train/3/00003_00029_00018.png
client_0,11429,56,57,5,5,51,52,7,Train/7/00007_00023_00029.png
client_0,26177,87,81,7,7,80,74,18,Train/18/00018_00020_00017.png
client_0,8938,100,100,8,8,92,92,5,Train/5/00005_00016_00028.png
client_0,21206,121,104,11,10,110,95,13,Train/13/00013_00024_00026.png
client_0,1412,28,32,5,5,23,27,1,Train/1/00001_00028_00002.png
client_0,29358,75,73,7,6,69,67,25,Train/25/00025_00029_00018.png
client_0,8040,35,34,6,5,30,29,4,Train/4/00004_00053_00000.png
client_0,8949,39,39,6,6,34,34,5,Train/5/00005_00017_00009.png
client_0,8207,38,39,5,5,33,34,4,Train/4/00004_00058_00017.png
client_0,9806,64,62,5,5,59,57,5,Train/5/00005_00045_00026.png
client_0,35163,29,29,6,6,24,24,35,Train/35/00035_00032_00004.png
client_0,9836,82,83,8,7,75,76,5,Train/5/00005_00046_00026.png
client_0,18332,36,38,6,6,31,33,11,Train/11/00011_00043_00002.png
client_0,11668,59,60,6,6,54,55,7,Train/7/00007_00031_00028.png
client_0,8891,39,40,5,6,34,35,5,Train/5/00005_00015_00011.png
client_0,2025,44,44,6,6,39,39,1,Train/1/00001_00048_00015.png
client_0,35903,54,54,5,5,48,49,37,Train/37/00037_00003_00024.png
client_0,173,51,48,5,5,46,43,20,Train/20/00020_00005_00023.png
client_0,33596,54,60,6,5,49,55,33,Train/33/00033_00016_00026.png
client_0,11845,57,55,6,5,52,50,7,Train/7/00007_00037_00025.png
client_0,33580,40,43,5,6,35,38,33,Train/33/00033_00016_00010.png
client_0,38410,41,41,6,6,35,35,40,Train/40/00040_00001_00011.png
client_0,38232,43,43,6,6,38,38,39,Train/39/00039_00005_00013.png
client_0,5943,27,28,5,5,22,23,3,Train/3/00003_00030_00003.png
client_0,21613,52,48,5,6,47,43,13,Train/13/00013_00038_00013.png
client_0,32969,79,93,7,9,72,85,32,Train/32/00032_00003_00029.png
client_0,6684,45,47,5,5,40,41,4,Train/4/00004_00007_00024.png
client_0,18638,34,35,5,6,29,30,12,Train/12/00012_00009_00008.png
client_0,11498,30,30,6,5,24,24,7,Train/7/00007_00026_00008.png
client_0,10067,37,36,5,5,32,31,5,Train/5/00005_00054_00017.png
client_0,8115,39,39,5,6,34,34,4,Train/4/00004_00055_00015.png
client_0,8557,31,31,6,5,26,26,5,Train/5/00005_00004_00007.png
client_0,9819,33,35,5,5,28,30,5,Train/5/00005_00046_00009.png
client_0,6514,34,33,6,5,29,28,4,Train/4/00004_00002_00004.png
client_0,11385,46,48,5,6,41,43,7,Train/7/00007_00022_00015.png
client_0,8309,69,69,7,7,63,63,4,Train/4/00004_00061_00029.png
client_0,32167,43,40,5,5,38,34,31,Train/31/00031_00003_00007.png
client_0,9352,46,45,5,6,41,40,5,Train/5/00005_00030_00022.png
client_0,32815,58,55,5,5,53,49,31,Train/31/00031_00024_00025.png
client_0,30692,41,38,6,6,36,33,27,Train/27/00027_00004_00002.png
client_0,8726,86,86,8,8,79,79,5,Train/5/00005_00009_00026.png
client_0,10720,33,34,6,6,28,29,7,Train/7/00007_00000_00010.png
client_0,23448,44,95,6,9,38,86,15,Train/15/00015_00001_00018.png
client_0,18794,42,41,5,5,37,36,12,Train/12/00012_00014_00014.png
client_0,9788,33,31,5,5,28,26,5,Train/5/00005_00045_00008.png
client_0,28258,73,73,6,7,67,67,24,Train/24/00024_00001_00028.png
client_0,11375,34,35,5,6,29,30,7,Train/7/00007_00022_00005.png
client_0,34486,44,44,5,5,39,39,35,Train/35/00035_00009_00017.png
client_0,7187,48,48,5,5,43,43,4,Train/4/00004_00024_00017.png
client_0,10967,39,42,5,6,34,37,7,Train/7/00007_00008_00017.png
client_0,8521,28,26,6,5,23,21,5,Train/5/00005_00003_00001.png
client_0,23059,84,95,7,8,77,87,14,Train/14/00014_00014_00019.png
client_0,36069,41,41,6,5,36,36,38,Train/38/00038_00002_00010.png
client_0,32371,30,29,5,6,24,23,31,Train/31/00031_00010_00001.png
client_0,10250,35,38,5,5,29,33,5,Train/5/00005_00060_00020.png
client_0,26606,82,72,7,6,74,66,18,Train/18/00018_00034_00026.png
client_0,11302,46,50,5,6,41,45,7,Train/7/00007_00019_00022.png
client_0,9060,30,30,6,6,25,25,5,Train/5/00005_00021_00000.png
client_0,11219,176,175,15,15,161,160,7,Train/7/00007_00016_00029.png
client_0,38102,26,28,5,5,21,23,39,Train/39/00039_00001_00003.png
client_0,10159,44,43,6,5,39,38,5,Train/5/00005_00057_00019.png
client_0,2499,31,32,6,6,26,26,1,Train/1/00001_00064_00009.png
client_0,33462,38,38,5,6,33,33,33,Train/33/00033_00012_00012.png
client_0,2545,79,80,7,7,72,73,1,Train/1/00001_00065_00025.png
client_0,5536,40,43,5,6,35,38,3,Train/3/00003_00016_00016.png
client_0,32465,30,31,6,6,25,25,31,Train/31/00031_00013_00005.png
client_0,30397,59,52,6,5,54,47,26,Train/26/00026_00014_00007.png
client_0,5459,92,98,9,9,84,90,3,Train/3/00003_00013_00029.png
client_0,6476,83,79,8,7,76,72,4,Train/4/00004_00000_00026.png
client_0,9866,70,74,6,7,64,68,5,Train/5/00005_00047_00026.png
client_0,9410,41,42,6,6,36,37,5,Train/5/00005_00032_00020.png
client_0,1696,38,37,5,5,32,32,1,Train/1/00001_00037_00016.png
client_0,8964,70,70,6,6,64,64,5,Train/5/00005_00017_00024.png
client_0,10979,81,86,7,7,74,79,7,Train/7/00007_00008_00029.png
client_0,8449,47,48,6,6,42,43,5,Train/5/00005_00000_00019.png
client_0,12106,34,34,6,5,29,29,7,Train/7/00007_00046_00016.png
client_0,11002,40,40,6,5,35,35,7,Train/7/00007_00009_00022.png
client_0,8947,37,38,5,6,32,33,5,Train/5/00005_00017_00007.png
client_0,2624,38,37,6,5,32,31,1,Train/1/00001_00068_00014.png
client_0,35245,42,48,6,5,37,42,35,Train/35/00035_00034_00026.png
client_0,10597,32,33,5,6,27,28,6,Train/6/00006_00010_00007.png
client_0,33607,34,39,6,5,29,34,33,Train/33/00033_00017_00007.png
client_0,32525,46,42,6,6,40,36,31,Train/31/00031_00015_00005.png
client_0,8182,57,57,6,6,52,52,4,Train/4/00004_00057_00022.png
client_0,35153,47,49,6,5,41,43,35,Train/35/00035_00031_00024.png
client_0,10096,39,39,6,5,34,34,5,Train/5/00005_00055_00016.png
client_0,8952,42,41,6,5,37,36,5,Train/5/00005_00017_00012.png
client_0,32580,54,50,6,6,49,45,31,Train/31/00031_00017_00000.png
client_0,32564,45,42,6,5,40,37,31,Train/31/00031_00016_00014.png
client_0,11182,56,59,6,5,51,54,7,Train/7/00007_00015_00022.png
client_0,35950,52,53,6,6,46,47,37,Train/37/00037_00005_00011.png
client_0,9126,35,35,6,6,30,30,5,Train/5/00005_00023_00006.png
client_0,32656,57,53,5,5,51,47,31,Train/31/00031_00019_00016.png
client_0,11767,33,35,6,6,28,29,7,Train/7/00007_00035_00007.png
client_0,11378,39,39,6,6,34,34,7,Train/7/00007_00022_00008.png
client_0,22217,39,39,5,5,34,34,13,Train/13/00013_00058_00017.png
client_0,11179,50,53,6,6,45,48,7,Train/7/00007_00015_00019.png
client_0,32376,32,31,5,6,27,26,31,Train/31/00031_00010_00006.png
client_0,33311,56,58,5,6,50,53,33,Train/33/00033_00007_00011.png
client_0,30447,182,165,16,15,166,150,26,Train/26/00026_00015_00027.png
client_0,29713,54,51,6,6,49,46,25,Train/25/00025_00041_00013.png
client_0,10220,48,47,5,5,43,42,5,Train/5/00005_00059_00020.png
client_0,37790,55,55,5,5,50,50,38,Train/38/00038_00059_00021.png
client_0,24515,27,42,6,6,22,37,17,Train/17/00017_00002_00005.png
client_0,36256,34,33,6,6,28,28,38,Train/38/00038_00008_00017.png
client_0,37571,47,61,6,6,42,56,38,Train/38/00038_00052_00012.png
client_0,411,45,45,6,5,40,40,0,Train/0/00000_00001_00021.png
client_0,328,88,77,7,7,80,71,20,Train/20/00020_00010_00028.png
client_0,361,30,30,5,5,25,25,0,Train/0/00000_00000_00001.png
client_0,9069,35,35,6,6,30,30,5,Train/5/00005_00021_00009.png
client_0,22488,48,46,5,6,43,41,13,Train/13/00013_00067_00018.png
client_0,1808,47,48,6,6,42,43,1,Train/1/00001_00041_00008.png
client_0,11107,36,35,6,6,31,30,7,Train/7/00007_00013_00007.png
client_0,15740,43,45,5,5,38,40,10,Train/10/00010_00023_00020.png
client_0,37960,34,34,6,5,29,29,38,Train/38/00038_00065_00011.png
client_0,9453,28,29,6,5,23,23,5,Train/5/00005_00034_00003.png
client_0,32662,68,62,6,6,61,56,31,Train/31/00031_00019_00022.png
client_0,28321,33,28,6,5,27,23,24,Train/24/00024_00004_00001.png
client_0,32492,39,38,5,6,34,33,31,Train/31/00031_00014_00002.png
client_0,10369,47,49,5,5,42,44,6,Train/6/00006_00002_00019.png
client_0,6235,70,74,6,6,64,68,3,Train/3/00003_00039_00025.png
client_0,30160,37,35,5,6,32,30,26,Train/26/00026_00006_00010.png
client_0,8840,47,47,6,6,42,42,5,Train/5/00005_00013_00020.png
client_0,9918,39,42,5,6,34,37,5,Train/5/00005_00049_00018.png
client_0,7643,69,69,6,6,63,63,4,Train/4/00004_00039_00023.png
client_0,7355,32,32,5,5,27,27,4,Train/4/00004_00030_00005.png
client_0,5604,70,71,6,7,64,65,3,Train/3/00003_00018_00024.png
client_0,9100,36,37,5,6,31,32,5,Train/5/00005_00022_00010.png
client_0,16170,28,29,5,6,23,24,10,Train/10/00010_00038_00000.png
client_0,6398,34,33,6,5,29,28,3,Train/3/00003_00045_00008.png
client_0,33121,28,26,6,5,23,21,33,Train/33/00033_00001_00001.png
client_0,6641,36,38,6,6,31,33,4,Train/4/00004_00006_00011.png
client_0,33362,72,74,6,7,66,68,33,Train/33/00033_00009_00002.png
client_0,38239,52,53,5,6,47,48,39,Train/39/00039_00005_00020.png
client_0,29448,39,37,6,5,34,32,25,Train/25/00025_00032_00018.png
client_0,8313,31,31,5,6,26,26,4,Train/4/00004_00062_00003.png
client_0,35500,33,34,5,6,28,29,36,Train/36/00036_00003_00011.png
client_0,30221,42,39,6,6,37,34,26,Train/26/00026_00008_00011.png
client_0,8978,31,31,6,6,26,26,5,Train/5/00005_00018_00008.png
client_0,161,36,33,5,5,30,28,20,Train/20/00020_00005_00011.png
client_0,22739,176,169,15,14,161,155,14,Train/14/00014_00003_00029.png
client_0,6581,56,55,6,6,50,50,4,Train/4/00004_00004_00011.png
client_0,26522,48,48,6,6,43,43,18,Train/18/00018_00032_00002.png
client_0,20539,51,52,5,6,46,47,13,Train/13/00013_00002_00019.png
client_0,11139,43,43,5,5,38,38,7,Train/7/00007_00014_00009.png
client_0,926,79,77,7,7,72,71,1,Train/1/00001_00011_00026.png
client_0,12486,35,35,6,6,30,30,8,Train/8/00008_00011_00006.png
client_0,27171,54,52,6,6,49,47,21,Train/21/00021_00006_00021.png
client_0,11075,30,30,5,5,24,24,7,Train/7/00007_00012_00005.png
client_0,11135,39,39,6,6,34,34,7,Train/7/00007_00014_00005.png
client_0,26003,69,67,6,6,63,61,18,Train/18/00018_00014_00023.png
client_0,37465,75,76,6,6,68,69,38,Train/38/00038_00048_00026.png
client_0,36600,26,27,6,6,21,21,38,Train/38/00038_00020_00001.png
client_0,24887,30,34,5,5,25,29,17,Train/17/00017_00014_00017.png
client_0,11395,89,86,8,7,82,79,7,Train/7/00007_00022_00025.png
client_0,37863,27,28,5,6,22,23,38,Train/38/00038_00062_00004.png
client_0,9316,38,38,6,5,33,33,5,Train/5/00005_00029_00016.png
client_0,23198,42,46,5,6,37,41,14,Train/14/00014_00019_00008.png
client_0,11246,54,56,6,6,49,51,7,Train/7/00007_00017_00026.png
client_0,34709,34,34,6,5,29,29,35,Train/35/00035_00017_00000.png
client_0,37769,36,36,6,6,31,31,38,Train/38/00038_00059_00000.png
client_0,25661,55,52,5,6,50,47,18,Train/18/00018_00003_00011.png
client_0,25874,91,81,8,7,83,74,18,Train/18/00018_00010_00014.png
client_0,8052,46,44,5,5,41,39,4,Train/4/00004_00053_00012.png
client_0,9008,33,33,5,5,28,28,5,Train/5/00005_00019_00008.png
client_0,10027,30,31,5,6,25,26,5,Train/5/00005_00053_00007.png
client_0,22589,170,149,14,13,156,137,13,Train/13/00013_00070_00029.png
client_0,12100,31,31,6,5,26,26,7,Train/7/00007_00046_00010.png
client_0,20282,29,29,6,5,24,24,12,Train/12/00012_00064_00002.png
client_0,11990,52,51,6,5,47,46,7,Train/7/00007_00042_00020.png
client_0,25182,34,36,5,5,29,31,17,Train/17/00017_00024_00012.png
client_0,9716,69,73,6,7,63,67,5,Train/5/00005_00042_00026.png
client_0,36036,35,40,6,5,29,35,38,Train/38/00038_00001_00007.png
client_0,213,27,28,5,6,22,23,20,Train/20/00020_00007_00003.png
client_0,7439,110,112,10,9,101,103,4,Train/4/00004_00032_00029.png
client_0,24607,32,32,6,6,27,27,17,Train/17/00017_00005_00007.png
client_0,34376,61,62,5,5,56,57,35,Train/35/00035_00005_00027.png
client_0,29016,34,31,6,6,29,26,25,Train/25/00025_00018_00006.png
client_0,30628,131,117,11,11,120,107,27,Train/27/00027_00001_00028.png
client_0,7662,35,35,6,6,30,30,4,Train/4/00004_00040_00012.png
client_0,30773,59,55,6,6,54,50,27,Train/27/00027_00006_00023.png
client_0,26593,44,38,6,5,39,33,18,Train/18/00018_00034_00013.png
client_0,762,51,59,5,5,45,54,1,Train/1/00001_00006_00012.png
client_0,21834,129,129,12,12,118,118,13,Train/13/00013_00045_00024.png
client_0,456,33,32,6,5,28,27,0,Train/0/00000_00003_00006.png
client_0,8210,42,42,6,6,37,37,4,Train/4/00004_00058_00020.png
client_0,6829,49,48,6,5,44,43,4,Train/4/00004_00012_00019.png
client_0,7105,72,72,7,6,66,66,4,Train/4/00004_00021_00025.png
client_0,26983,50,47,5,5,45,42,21,Train/21/00021_00000_00013.png
client_0,9973,40,40,6,6,35,35,5,Train/5/00005_00051_00013.png
client_0,10893,38,37,6,5,33,32,7,Train/7/00007_00006_00003.png
client_0,9358,60,59,6,6,55,54,5,Train/5/00005_00030_00028.png
client_0,32531,49,47,5,6,44,42,31,Train/31/00031_00015_00011.png
client_0,24995,33,34,6,5,28,29,17,Train/17/00017_00018_00005.png
client_0,19301,48,47,6,5,43,42,12,Train/12/00012_00031_00011.png
client_0,32364,82,71,8,6,75,65,31,Train/31/00031_00009_00024.png
client_0,24482,29,30,5,6,24,25,17,Train/17/00017_00001_00002.png
client_0,7318,61,60,6,5,56,55,4,Train/4/00004_00028_00028.png
client_0,20690,56,50,6,5,51,45,13,Train/13/00013_00007_00020.png
client_0,32784,68,63,6,6,62,58,31,Train/31/00031_00023_00024.png
client_0,8043,37,38,6,6,32,33,4,Train/4/00004_00053_00003.png
client_0,30169,51,47,6,5,46,42,26,Train/26/00026_00006_00019.png
client_0,36511,32,32,5,5,27,27,38,Train/38/00038_00017_00002.png
client_0,10320,30,31,6,6,25,26,6,Train/6/00006_00001_00000.png
client_0,10356,32,32,6,5,27,27,6,Train/6/00006_00002_00006.png
client_0,32243,53,51,6,6,48,46,31,Train/31/00031_00005_00023.png
client_0,22332,41,40,5,6,36,35,13,Train/13/00013_00062_00012.png
client_0,33061,27,27,6,6,22,22,32,Train/32/00032_00007_00001.png
client_0,23329,61,62,5,6,56,57,14,Train/14/00014_00023_00019.png
client_0,27794,68,63,6,5,62,57,23,Train/23/00023_00003_00014.png
client_0,18940,38,36,6,5,33,31,12,Train/12/00012_00019_00010.png
client_0,23705,29,29,6,6,24,24,15,Train/15/00015_00010_00005.png
client_0,20464,29,29,5,5,23,23,13,Train/13/00013_00000_00004.png
client_0,21643,38,32,5,5,33,27,13,Train/13/00013_00039_00013.png
client_0,30649,60,55,5,6,55,50,27,Train/27/00027_00002_00019.png
client_0,2126,73,74,6,7,67,68,1,Train/1/00001_00051_00026.png
client_0,9752,34,36,5,6,29,31,5,Train/5/00005_00044_00002.png
client_0,33775,56,55,6,5,50,49,33,Train/33/00033_00022_00026.png
client_0,10028,31,31,5,5,26,26,5,Train/5/00005_00053_00008.png
client_0,21509,52,50,6,6,46,44,13,Train/13/00013_00034_00029.png
client_0,10773,40,43,6,6,34,37,7,Train/7/00007_00002_00003.png
client_0,23509,38,41,6,5,33,35,15,Train/15/00015_00003_00019.png
client_0,24852,29,38,5,6,24,33,17,Train/17/00017_00013_00012.png
client_0,959,108,109,9,10,99,100,1,Train/1/00001_00012_00029.png
client_0,23981,31,32,5,6,26,27,15,Train/15/00015_00019_00011.png
client_0,23008,63,62,6,6,58,57,14,Train/14/00014_00012_00028.png
client_0,10708,61,63,6,5,56,58,6,Train/6/00006_00013_00028.png
client_0,25791,100,85,9,7,91,78,18,Train/18/00018_00007_00021.png
client_0,7893,31,30,6,5,26,25,4,Train/4/00004_00048_00003.png
client_0,8121,45,45,5,6,40,40,4,Train/4/00004_00055_00021.png
client_0,8918,37,36,6,5,32,31,5,Train/5/00005_00016_00008.png
client_0,191,35,34,5,6,30,28,20,Train/20/00020_00006_00011.png
client_0,10857,84,83,8,7,77,76,7,Train/7/00007_00004_00027.png
client_0,11349,32,33,5,6,27,28,7,Train/7/00007_00021_00009.png
client_0,8220,29,30,5,6,24,25,4,Train/4/00004_00059_00000.png
client_0,1849,52,53,5,6,47,48,1,Train/1/00001_00042_00019.png
client_0,23231,55,60,5,6,50,54,14,Train/14/00014_00020_00011.png
client_0,23280,35,37,6,6,30,32,14,Train/14/00014_00022_00000.png
client_0,29447,37,36,5,6,32,31,25,Train/25/00025_00032_00017.png
client_0,53,55,47,6,5,50,42,20,Train/20/00020_00001_00023.png
client_0,9628,48,50,5,5,43,45,5,Train/5/00005_00039_00028.png
client_0,6708,44,46,6,6,39,40,4,Train/4/00004_00008_00018.png
client_0,10191,47,48,5,5,42,43,5,Train/5/00005_00058_00021.png
client_0,11875,59,59,6,6,54,54,7,Train/7/00007_00038_00025.png
client_0,8132,27,30,5,6,22,25,4,Train/4/00004_00056_00002.png
client_0,8837,42,41,6,5,37,36,5,Train/5/00005_00013_00017.png
client_0,19990,36,39,5,6,31,33,12,Train/12/00012_00054_00010.png
client_0,34306,33,34,5,6,27,29,35,Train/35/00035_00003_00017.png
client_0,7462,55,56,6,6,50,51,4,Train/4/00004_00033_00022.png
client_0,36990,27,31,6,6,22,26,38,Train/38/00038_00033_00001.png
client_0,11004,41,43,5,6,36,38,7,Train/7/00007_00009_00024.png
client_0,23668,71,71,7,7,65,65,15,Train/15/00015_00008_00028.png
client_0,22251,95,89,8,8,87,81,13,Train/13/00013_00059_00021.png
client_0,32830,44,42,5,6,39,36,31,Train/31/00031_00025_00010.png
client_0,32135,38,37,5,5,33,32,31,Train/31/00031_00002_00005.png
client_0,413,47,48,5,5,41,42,0,Train/0/00000_00001_00023.png
client_0,2351,44,44,6,5,39,39,1,Train/1/00001_00059_00011.png
client_0,6083,54,55,5,5,49,50,3,Train/3/00003_00034_00023.png
client_0,12039,29,30,6,6,24,25,7,Train/7/00007_00044_00009.png
client_0,33162,45,43,6,5,40,38,33,Train/33/00033_00002_00012.png
client_0,9401,31,32,6,6,26,27,5,Train/5/00005_00032_00011.png
client_0,8316,34,32,6,5,29,27,4,Train/4/00004_00062_00006.png
client_0,9384,48,50,6,6,43,45,5,Train/5/00005_00031_00024.png
client_0,35594,40,41,5,6,35,36,36,Train/36/00036_00006_00015.png
client_0,38765,28,29,6,6,23,24,41,Train/41/00041_00001_00006.png
client_0,33102,27,29,5,6,22,24,33,Train/33/00033_00000_00012.png
client_0,11176,46,49,6,6,41,44,7,Train/7/00007_00015_00016.png
client_0,11652,33,31,6,5,27,26,7,Train/7/00007_00031_00012.png
client_0,30987,96,88,9,8,88,81,28,Train/28/00028_00005_00027.png
client_0,17739,39,37,5,6,34,32,11,Train/11/00011_00023_00009.png
client_0,18559,70,67,7,6,64,61,12,Train/12/00012_00006_00019.png
client_0,35964,93,95,8,9,85,87,37,Train/37/00037_00005_00025.png
client_0,32804,38,35,5,6,33,30,31,Train/31/00031_00024_00014.png
client_0,37452,37,36,5,5,32,31,38,Train/38/00038_00048_00013.png
client_0,32809,46,43,5,6,40,38,31,Train/31/00031_00024_00019.png
client_0,7871,48,47,6,6,43,42,4,Train/4/00004_00047_00011.png
client_0,2032,58,57,6,5,53,52,1,Train/1/00001_00048_00022.png
client_0,9333,29,29,5,5,24,24,5,Train/5/00005_00030_00003.png
client_0,10920,32,32,5,5,27,27,7,Train/7/00007_00007_00000.png
client_0,7635,48,48,5,5,43,43,4,Train/4/00004_00039_00015.png
client_0,26377,34,33,5,5,29,28,18,Train/18/00018_00027_00007.png
client_0,21281,33,31,5,6,28,26,13,Train/13/00013_00027_00011.png
client_0,36760,36,37,5,6,31,32,38,Train/38/00038_00025_00011.png
client_0,9043,32,32,6,6,27,26,5,Train/5/00005_00020_00013.png
client_0,22908,49,51,5,5,43,46,14,Train/14/00014_00009_00018.png
client_0,36803,34,35,6,5,29,30,38,Train/38/00038_00026_00024.png
client_0,11,37,34,5,6,32,29,20,Train/20/00020_00000_00011.png
client_0,10778,42,47,5,6,37,42,7,Train/7/00007_00002_00008.png
client_0,25282,53,55,5,6,48,50,17,Train/17/00017_00027_00022.png
client_0,10007,40,41,5,6,35,36,5,Train/5/00005_00052_00017.png
client_0,9743,48,48,6,6,43,43,5,Train/5/00005_00043_00023.png
client_0,34252,48,49,6,6,43,44,35,Train/35/00035_00001_00023.png
client_0,11373,34,33,6,5,29,28,7,Train/7/00007_00022_00003.png
client_0,11045,36,36,5,5,31,31,7,Train/7/00007_00011_00005.png
client_0,34924,32,34,5,5,27,29,35,Train/35/00035_00024_00005.png
client_0,11964,52,53,5,6,47,48,7,Train/7/00007_00041_00024.png
client_0,8251,30,30,6,6,25,25,4,Train/4/00004_00060_00001.png
client_0,9461,32,35,5,6,27,29,5,Train/5/00005_00034_00011.png
client_0,11404,29,30,5,6,24,25,7,Train/7/00007_00023_00004.png
client_0,19901,38,39,5,6,33,34,12,Train/12/00012_00051_00011.png
client_0,11529,32,32,6,6,27,27,7,Train/7/00007_00027_00009.png
client_0,34289,27,25,6,5,21,20,35,Train/35/00035_00003_00000.png
client_0,9427,30,32,6,6,25,27,5,Train/5/00005_00033_00007.png
client_0,33697,32,32,5,5,27,27,33,Train/33/00033_00020_00008.png
client_0,38947,36,37,5,6,31,32,41,Train/41/00041_00007_00008.png
client_0,32962,46,49,6,5,41,44,32,Train/32/00032_00003_00022.png
client_0,9934,31,31,6,6,26,26,5,Train/5/00005_00050_00004.png
client_0,20400,30,30,6,5,25,25,12,Train/12/00012_00068_00000.png
client_0,7642,63,63,5,5,58,58,4,Train/4/00004_00039_00022.png
client_0,11780,44,44,5,5,39,39,7,Train/7/00007_00035_00020.png
client_0,23216,109,111,10,10,100,101,14,Train/14/00014_00019_00026.png
client_0,28420,48,44,5,6,43,39,24,Train/24/00024_00007_00010.png
client_0,8854,32,31,6,5,26,25,5,Train/5/00005_00014_00004.png
client_0,8555,28,29,6,6,23,23,5,Train/5/00005_00004_00005.png
client_0,10142,30,31,6,5,25,26,5,Train/5/00005_00057_00002.png
client_0,34386,31,32,5,6,26,27,35,Train/35/00035_00006_00007.png
client_0,25797,135,121,11,11,124,110,18,Train/18/00018_00007_00027.png
client_0,18736,49,49,6,6,44,44,12,Train/12/00012_00012_00016.png
client_0,11615,28,27,5,5,23,22,7,Train/7/00007_00030_00005.png
client_0,130,33,34,5,6,28,29,20,Train/20/00020_00004_00010.png
client_0,8689,54,53,6,5,49,48,5,Train/5/00005_00008_00019.png
client_0,7950,27,29,5,6,22,24,4,Train/4/00004_00050_00000.png
client_0,32888,32,30,6,5,26,25,32,Train/32/00032_00001_00008.png
client_0,9424,27,28,5,5,22,23,5,Train/5/00005_00033_00004.png
client_0,32548,89,81,8,7,81,73,31,Train/31/00031_00015_00028.png
client_0,30703,47,45,5,5,42,40,27,Train/27/00027_00004_00013.png
client_0,10944,75,76,7,6,69,70,7,Train/7/00007_00007_00024.png
client_0,27594,83,72,7,6,76,66,22,Train/22/00022_00009_00024.png
client_0,23321,46,47,5,5,41,42,14,Train/14/00014_00023_00011.png
client_0,37399,45,41,6,5,39,36,38,Train/38/00038_00046_00020.png
client_0,25249,34,35,6,5,29,30,17,Train/17/00017_00026_00019.png
client_0,8209,41,41,5,5,36,36,4,Train/4/00004_00058_00019.png
client_0,30345,43,39,5,5,37,33,26,Train/26/00026_00012_00015.png
client_0,37578,68,103,7,9,62,94,38,Train/38/00038_00052_00019.png
client_0,23118,68,68,6,7,62,62,14,Train/14/00014_00016_00018.png
client_0,8338,62,62,6,6,57,57,4,Train/4/00004_00062_00028.png
client_0,8618,38,37,6,5,33,32,5,Train/5/00005_00006_00008.png
client_0,34235,30,29,6,5,25,24,35,Train/35/00035_00001_00006.png
client_0,35336,70,75,7,7,64,69,35,Train/35/00035_00037_00027.png
client_0,1736,49,51,6,6,44,46,1,Train/1/00001_00038_00026.png
client_0,7660,32,32,5,5,27,27,4,Train/4/00004_00040_00010.png
client_0,10266,29,29,5,5,24,24,5,Train/5/00005_00061_00006.png
client_0,33524,38,42,5,6,33,36,33,Train/33/00033_00014_00014.png
client_0,2640,30,30,5,5,25,25,1,Train/1/00001_00069_00000.png
client_0,24493,33,34,5,6,28,29,17,Train/17/00017_00001_00013.png
client_0,1814,54,54,6,6,49,49,1,Train/1/00001_00041_00014.png
client_0,23779,43,47,6,5,38,42,15,Train/15/00015_00012_00019.png
client_0,34827,73,72,7,6,67,66,35,Train/35/00035_00020_00028.png
client_0,22692,42,42,5,5,36,36,14,Train/14/00014_00002_00012.png
client_0,20636,90,87,8,8,82,79,13,Train/13/00013_00005_00026.png
client_0,10755,33,35,5,6,28,29,7,Train/7/00007_00001_00015.png
client_0,2340,31,33,5,5,26,28,1,Train/1/00001_00059_00000.png
client_0,69,39,39,5,6,34,34,20,Train/20/00020_00002_00009.png
client_0,36607,31,31,6,5,26,26,38,Train/38/00038_00020_00008.png
client_0,22702,57,57,6,6,51,51,14,Train/14/00014_00002_00022.png
client_0,9742,47,46,6,5,42,41,5,Train/5/00005_00043_00022.png
client_0,295,54,54,5,5,49,49,20,Train/20/00020_00009_00025.png
client_0,33276,32,31,6,5,26,26,33,Train/33/00033_00006_00006.png
client_0,30662,42,44,5,6,37,39,27,Train/27/00027_00003_00002.png
client_0,10226,74,72,7,6,68,66,5,Train/5/00005_00059_00026.png
client_0,32198,38,35,5,5,33,30,31,Train/31/00031_00004_00008.png
client_0,26006,92,92,9,9,84,84,18,Train/18/00018_00014_00026.png
client_0,9430,33,34,6,5,27,28,5,Train/5/00005_00033_00010.png
client_0,36038,35,44,5,6,29,38,38,Train/38/00038_00001_00009.png
client_0,2284,31,32,6,6,26,26,1,Train/1/00001_00057_00004.png
client_0,7280,44,44,6,6,39,39,4,Train/4/00004_00027_00020.png
client_0,6996,41,42,6,5,36,37,4,Train/4/00004_00018_00006.png
client_0,11252,28,29,5,5,23,24,7,Train/7/00007_00018_00002.png
client_0,6286,80,79,7,7,72,72,3,Train/3/00003_00041_00016.png
client_0,28352,27,25,5,5,22,20,24,Train/24/00024_00005_00002.png
client_0,32661,64,59,5,5,59,54,31,Train/31/00031_00019_00021.png
client_0,5542,47,49,5,6,42,44,3,Train/3/00003_00016_00022.png
client_0,9400,31,32,6,6,26,27,5,Train/5/00005_00032_00010.png
client_0,338,32,30,6,6,26,25,20,Train/20/00020_00011_00008.png
client_0,27275,30,30,6,6,25,25,21,Train/21/00021_00010_00005.png
client_0,9066,32,34,5,6,27,28,5,Train/5/00005_00021_00006.png
client_0,32474,38,39,6,5,33,33,31,Train/31/00031_00013_00014.png
client_0,33773,53,53,5,6,47,48,33,Train/33/00033_00022_00024.png
client_0,30593,109,98,9,8,99,90,27,Train/27/00027_00000_00023.png
client_0,11712,36,37,5,5,31,31,7,Train/7/00007_00033_00012.png
client_0,7459,46,47,5,6,41,42,4,Train/4/00004_00033_00019.png
client_0,8177,41,42,5,6,36,37,4,Train/4/00004_00057_00017.png
client_0,26512,51,47,6,6,45,42,18,Train/18/00018_00031_00022.png
client_0,10894,37,38,5,6,32,33,7,Train/7/00007_00006_00004.png
client_0,38821,38,38,6,5,33,33,41,Train/41/00041_00003_00002.png
client_0,28144,43,39,6,5,38,34,23,Train/23/00023_00015_00004.png
client_0,38935,71,72,7,6,65,66,41,Train/41/00041_00006_00026.png
client_0,9279,38,37,6,5,33,32,5,Train/5/00005_00028_00009.png
client_0,5524,35,36,6,6,30,31,3,Train/3/00003_00016_00004.png
client_0,23933,57,55,6,5,51,49,15,Train/15/00015_00017_00023.png
client_0,122,31,31,6,6,26,26,20,Train/20/00020_00004_00002.png
client_0,5055,39,38,6,5,34,33,3,Train/3/00003_00000_00015.png
client_0,11414,36,35,6,5,31,30,7,Train/7/00007_00023_00014.png
client_0,11748,41,43,6,5,36,38,7,Train/7/00007_00034_00018.png
client_0,15316,40,41,5,6,35,36,10,Train/10/00010_00009_00016.png
client_0,32422,48,49,6,6,43,44,31,Train/31/00031_00011_00022.png
client_0,38772,33,35,6,6,28,30,41,Train/41/00041_00001_00013.png
client_0,11982,39,38,6,5,34,33,7,Train/7/00007_00042_00012.png
client_0,10273,33,33,6,6,28,28,5,Train/5/00005_00061_00013.png
client_0,10923,34,35,5,6,29,30,7,Train/7/00007_00007_00003.png
client_0,426,30,30,5,5,25,25,0,Train/0/00000_00002_00006.png
client_0,23347,32,31,6,6,27,26,14,Train/14/00014_00024_00007.png
client_0,10589,54,58,5,6,49,53,6,Train/6/00006_00009_00029.png
client_0,10822,59,59,5,5,54,54,7,Train/7/00007_00003_00022.png
client_0,38820,37,39,5,6,32,34,41,Train/41/00041_00003_00001.png
client_0,253,36,36,6,6,31,31,20,Train/20/00020_00008_00013.png
client_0,8243,63,63,5,5,58,58,4,Train/4/00004_00059_00023.png
client_0,32188,86,82,8,8,78,75,31,Train/31/00031_00003_00028.png
client_0,37176,32,32,6,5,27,27,38,Train/38/00038_00039_00007.png
client_0,35191,28,28,6,5,23,23,35,Train/35/00035_00033_00002.png
client_0,17,47,42,5,5,41,36,20,Train/20/00020_00000_00017.png
client_0,24853,29,38,5,6,24,33,17,Train/17/00017_00013_00013.png
client_0,8974,29,29,5,6,23,24,5,Train/5/00005_00018_00004.png
client_0,37070,50,52,6,6,45,47,38,Train/38/00038_00035_00021.png
client_0,65,36,36,5,6,31,31,20,Train/20/00020_00002_00005.png
client_0,37043,54,57,5,5,49,52,38,Train/38/00038_00034_00024.png
client_0,119,117,118,7,11,107,108,20,Train/20/00020_00003_00029.png
client_0,9800,47,45,6,6,41,40,5,Train/5/00005_00045_00020.png
client_0,22877,47,55,5,6,42,50,14,Train/14/00014_00008_00017.png
client_0,35097,61,61,6,5,56,56,35,Train/35/00035_00029_00028.png
client_0,22809,38,38,5,5,33,32,14,Train/14/00014_00006_00009.png
client_0,38436,35,35,5,5,30,30,40,Train/40/00040_00002_00007.png
client_0,11655,34,33,6,5,29,28,7,Train/7/00007_00031_00015.png
client_0,11480,46,46,5,5,41,41,7,Train/7/00007_00025_00020.png
client_0,38016,33,33,6,5,28,28,38,Train/38/00038_00067_00007.png
client_0,21464,52,45,6,6,47,40,13,Train/13/00013_00033_00014.png
client_0,23246,153,149,14,13,139,136,14,Train/14/00014_00020_00026.png
client_0,9432,33,36,6,6,28,30,5,Train/5/00005_00033_00012.png
client_0,8839,45,46,5,6,40,41,5,Train/5/00005_00013_00019.png
client_0,32355,52,48,6,5,46,42,31,Train/31/00031_00009_00015.png
client_0,32562,41,39,5,5,36,34,31,Train/31/00031_00016_00012.png
client_0,6746,55,56,5,6,50,51,4,Train/4/00004_00009_00026.png
client_0,11186,62,72,5,7,57,66,7,Train/7/00007_00015_00026.png
client_0,15176,52,51,6,5,47,46,10,Train/10/00010_00004_00026.png
client_0,32557,37,36,6,6,32,31,31,Train/31/00031_00016_00007.png
client_0,22848,70,69,7,7,64,63,14,Train/14/00014_00007_00018.png
client_0,23094,93,92,9,8,85,84,14,Train/14/00014_00015_00024.png
client_0,7728,42,42,5,5,37,36,4,Train/4/00004_00042_00018.png
client_0,11684,43,43,6,5,38,38,7,Train/7/00007_00032_00014.png
client_0,11160,34,34,6,5,29,29,7,Train/7/00007_00015_00000.png
client_0,25727,110,100,10,8,101,92,18,Train/18/00018_00005_00017.png
client_0,9047,35,34,5,5,30,29,5,Train/5/00005_00020_00017.png
client_0,34300,30,30,6,5,25,25,35,Train/35/00035_00003_00011.png
client_0,11063,58,58,6,5,53,53,7,Train/7/00007_00011_00023.png
client_0,21551,41,40,5,5,36,35,13,Train/13/00013_00036_00011.png
client_0,25747,46,43,5,6,41,38,18,Train/18/00018_00006_00007.png
client_0,10020,26,26,5,5,21,21,5,Train/5/00005_00053_00000.png
client_0,37813,37,40,5,5,32,35,38,Train/38/00038_00060_00014.png
client_0,5380,36,37,5,6,31,32,3,Train/3/00003_00011_00010.png
client_0,36860,30,33,5,6,25,28,38,Train/38/00038_00028_00021.png
client_0,10286,56,58,5,6,50,53,5,Train/5/00005_00061_00026.png
client_0,9727,34,33,6,6,28,28,5,Train/5/00005_00043_00007.png
client_0,36727,36,37,5,6,31,32,38,Train/38/00038_00024_00008.png
client_0,11612,28,27,6,5,23,21,7,Train/7/00007_00030_00002.png
client_0,11573,42,46,5,6,37,41,7,Train/7/00007_00028_00023.png
client_0,10298,35,36,5,5,30,31,6,Train/6/00006_00000_00008.png
client_0,35208,49,52,6,6,44,46,35,Train/35/00035_00033_00019.png
client_0,30728,33,31,5,5,28,26,27,Train/27/00027_00005_00008.png
client_0,32753,51,50,6,5,46,45,31,Train/31/00031_00022_00023.png
client_0,27177,97,88,9,8,89,80,21,Train/21/00021_00006_00027.png
client_0,34626,34,34,6,6,29,29,35,Train/35/00035_00014_00007.png
client_0,37775,41,41,6,6,36,36,38,Train/38/00038_00059_00006.png
client_0,6769,46,47,6,6,41,42,4,Train/4/00004_00010_00019.png
client_0,11187,69,80,6,8,63,73,7,Train/7/00007_00015_00027.png
client_0,19243,50,48,5,5,44,42,12,Train/12/00012_00029_00013.png
client_0,9843,30,31,5,6,24,25,5,Train/5/00005_00047_00003.png
client_0,8969,116,115,11,10,106,105,5,Train/5/00005_00017_00029.png
client_0,37352,29,31,5,5,24,26,38,Train/38/00038_00045_00003.png
client_0,7498,62,62,6,5,57,57,4,Train/4/00004_00034_00028.png
client_0,8394,48,48,5,6,43,42,4,Train/4/00004_00064_00024.png
client_0,30175,67,58,6,5,61,53,26,Train/26/00026_00006_00025.png
client_0,38336,80,81,7,7,73,74,39,Train/39/00039_00008_00027.png
client_0,38320,36,37,5,6,30,32,39,Train/39/00039_00008_00011.png
client_0,11360,46,45,6,6,41,40,7,Train/7/00007_00021_00020.png
client_0,19112,30,37,5,5,25,32,12,Train/12/00012_00025_00002.png
client_0,7456,42,42,5,5,37,37,4,Train/4/00004_00033_00016.png
client_0,6540,29,27,6,5,24,22,4,Train/4/00004_00003_00000.png
client_0,9040,29,29,5,5,24,24,5,Train/5/00005_00020_00010.png
client_0,5659,42,42,6,6,37,37,3,Train/3/00003_00020_00019.png
client_0,21788,48,42,6,5,43,37,13,Train/13/00013_00044_00008.png
client_0,7897,33,34,6,6,28,29,4,Train/4/00004_00048_00007.png
client_0,23518,50,52,5,5,45,47,15,Train/15/00015_00003_00028.png
client_0,490,66,71,6,7,60,65,0,Train/0/00000_00004_00010.png
client_0,163,39,35,6,5,33,29,20,Train/20/00020_00005_00013.png
client_0,7404,42,44,6,6,37,39,4,Train/4/00004_00031_00024.png
client_0,20684,48,43,6,5,43,38,13,Train/13/00013_00007_00014.png
client_0,7204,37,35,5,6,32,30,4,Train/4/00004_00025_00004.png
client_0,22833,36,35,6,5,31,30,14,Train/14/00014_00007_00003.png
client_0,25852,47,42,6,6,41,37,18,Train/18/00018_00009_00022.png
client_0,19463,82,82,8,8,75,75,12,Train/12/00012_00036_00023.png
client_0,10145,31,33,5,5,26,28,5,Train/5/00005_00057_00005.png
client_0,32337,87,80,8,8,80,73,31,Train/31/00031_00008_00027.png
client_0,12091,27,29,5,6,22,24,7,Train/7/00007_00046_00001.png
client_0,1029,33,34,6,6,27,28,1,Train/1/00001_00015_00009.png
client_0,8371,28,27,5,6,22,22,4,Train/4/00004_00064_00001.png
client_0,34675,85,85,7,8,78,78,35,Train/35/00035_00015_00026.png
client_0,23032,99,99,9,8,91,91,14,Train/14/00014_00013_00022.png
client_0,11553,29,32,5,5,24,27,7,Train/7/00007_00028_00003.png
client_0,1299,28,27,6,5,23,22,1,Train/1/00001_00024_00009.png
client_0,23337,87,88,7,7,80,81,14,Train/14/00014_00023_00027.png
client_0,11977,34,34,6,6,29,29,7,Train/7/00007_00042_00007.png
client_0,30624,89,80,8,8,81,73,27,Train/27/00027_00001_00024.png
client_0,30527,45,42,5,5,40,36,26,Train/26/00026_00018_00017.png
client_0,9594,50,52,6,5,45,47,5,Train/5/00005_00038_00024.png
client_0,20150,49,48,6,5,44,43,12,Train/12/00012_00059_00020.png
client_0,9573,29,29,6,6,23,24,5,Train/5/00005_00038_00003.png
client_0,25825,96,84,8,7,87,76,18,Train/18/00018_00008_00025.png
client_0,10886,105,105,10,10,96,96,7,Train/7/00007_00005_00026.png
client_0,34714,37,38,6,6,32,33,35,Train/35/00035_00017_00005.png
client_0,7552,63,63,6,6,58,58,4,Train/4/00004_00036_00022.png
client_0,7519,50,52,6,6,45,47,4,Train/4/00004_00035_00019.png
client_0,25642,59,55,5,5,54,50,18,Train/18/00018_00002_00022.png
client_0,11313,30,31,6,5,25,25,7,Train/7/00007_00020_00003.png
client_0,11957,42,42,5,5,37,37,7,Train/7/00007_00041_00017.png
client_0,37089,56,53,6,5,51,48,38,Train/38/00038_00036_00010.png
client_0,11434,34,34,6,6,29,29,7,Train/7/00007_00024_00004.png
client_0,6452,43,44,5,6,38,39,4,Train/4/00004_00000_00002.png
client_0,29473,44,42,6,5,39,37,25,Train/25/00025_00033_00013.png
client_0,9467,37,38,6,5,32,33,5,Train/5/00005_00034_00017.png
client_0,17831,76,70,6,7,70,64,11,Train/11/00011_00026_00011.png
client_0,36179,55,71,2,7,50,65,38,Train/38/00038_00006_00000.png
client_0,33184,34,34,6,6,29,29,33,Train/33/00033_00003_00004.png
client_0,9436,35,37,6,5,30,31,5,Train/5/00005_00033_00016.png
client_0,23133,28,28,5,5,23,23,14,Train/14/00014_00017_00003.png
client_0,514,32,30,6,6,27,25,0,Train/0/00000_00005_00004.png
client_0,37546,48,48,6,6,43,43,38,Train/38/00038_00051_00017.png
client_0,7241,45,43,6,5,40,38,4,Train/4/00004_00026_00011.png
client_0,11783,49,51,5,6,44,45,7,Train/7/00007_00035_00023.png
client_0,11225,33,33,6,6,28,28,7,Train/7/00007_00017_00005.png
client_0,37848,41,42,5,6,36,37,38,Train/38/00038_00061_00019.png
client_0,35083,46,48,5,6,41,43,35,Train/35/00035_00029_00014.png
client_0,11823,29,29,6,5,24,24,7,Train/7/00007_00037_00003.png
client_0,7926,30,31,6,5,25,25,4,Train/4/00004_00049_00006.png
client_0,30412,110,104,9,9,101,95,26,Train/26/00026_00014_00022.png
client_0,10949,154,154,14,14,141,141,7,Train/7/00007_00007_00029.png
client_0,37630,36,36,6,6,31,31,38,Train/38/00038_00054_00011.png
client_0,2656,44,44,5,5,39,39,1,Train/1/00001_00069_00016.png
client_0,32442,46,42,6,6,41,37,31,Train/31/00031_00012_00012.png
client_0,10841,38,39,5,6,33,34,7,Train/7/00007_00004_00011.png
client_0,10612,51,53,5,5,46,48,6,Train/6/00006_00010_00022.png
client_0,36819,30,29,6,5,25,24,38,Train/38/00038_00027_00010.png
client_0,7564,32,32,6,6,27,27,4,Train/4/00004_00037_00004.png
client_0,252,35,35,5,5,30,30,20,Train/20/00020_00008_00012.png
client_0,28226,97,88,9,8,89,81,24,Train/24/00024_00000_00026.png
client_0,11993,59,58,6,5,54,53,7,Train/7/00007_00042_00023.png
client_0,32612,37,33,6,5,32,28,31,Train/31/00031_00018_00002.png
client_0,8368,89,88,8,7,82,81,4,Train/4/00004_00063_00028.png
client_0,11161,33,34,5,5,28,29,7,Train/7/00007_00015_00001.png
client_0,11324,37,38,5,5,32,33,7,Train/7/00007_00020_00014.png
client_0,27262,71,64,7,5,65,58,21,Train/21/00021_00009_00022.png
client_0,27207,112,101,10,9,103,93,21,Train/21/00021_00007_00027.png
client_0,21152,27,34,5,6,22,29,13,Train/13/00013_00023_00002.png
client_0,37262,27,27,6,5,22,22,38,Train/38/00038_00042_00003.png
client_0,11097,54,55,6,6,49,50,7,Train/7/00007_00012_00027.png
client_0,32233,39,41,5,6,34,36,31,Train/31/00031_00005_00013.png
client_0,30612,48,46,6,6,43,41,27,Train/27/00027_00001_00012.png
client_0,30600,37,34,6,5,32,29,27,Train/27/00027_00001_00000.png
client_0,30256,43,41,6,6,38,35,26,Train/26/00026_00009_00016.png
client_0,32265,42,41,5,5,37,36,31,Train/31/00031_00006_00015.png
client_0,7441,30,30,6,6,25,25,4,Train/4/00004_00033_00001.png
client_0,6752,28,29,5,6,23,24,4,Train/4/00004_00010_00002.png
client_0,7300,35,36,5,5,30,31,4,Train/4/00004_00028_00010.png
client_0,10209,32,31,5,5,27,26,5,Train/5/00005_00059_00009.png
client_0,32240,47,46,5,6,42,41,31,Train/31/00031_00005_00020.png
client_0,6836,82,80,7,7,75,73,4,Train/4/00004_00012_00026.png
client_0,36536,62,61,6,6,57,56,38,Train/38/00038_00017_00027.png
client_0,21259,51,65,6,6,45,60,13,Train/13/00013_00026_00019.png
client_0,8261,35,36,5,6,30,31,4,Train/4/00004_00060_00011.png
client_0,5710,31,32,5,5,26,27,3,Train/3/00003_00022_00010.png
client_0,32368,108,97,9,8,99,89,31,Train/31/00031_00009_00028.png
client_0,9383,45,47,5,6,40,42,5,Train/5/00005_00031_00023.png
client_0,23051,56,66,6,6,51,60,14,Train/14/00014_00014_00011.png
client_0,9907,31,33,5,6,26,28,5,Train/5/00005_00049_00007.png
client_0,12094,29,29,6,6,24,24,7,Train/7/00007_00046_00004.png
client_0,7422,36,38,5,6,31,33,4,Train/4/00004_00032_00012.png
client_0,11298,42,44,6,5,37,39,7,Train/7/00007_00019_00018.png
client_0,30101,46,41,6,6,41,36,26,Train/26/00026_00004_00011.png
client_0,10569,31,33,5,6,26,28,6,Train/6/00006_00009_00009.png
client_0,8928,46,47,5,6,41,42,5,Train/5/00005_00016_00018.png
client_0,26383,43,38,5,5,38,33,18,Train/18/00018_00027_00013.png
client_0,38261,31,32,5,5,26,27,39,Train/39/00039_00006_00012.png
client_0,16521,44,44,5,5,39,39,10,Train/10/00010_00049_00021.png
client_0,9825,43,45,5,6,38,40,5,Train/5/00005_00046_00015.png
client_0,11886,32,31,6,5,27,26,7,Train/7/00007_00039_00006.png
client_0,10263,27,29,6,6,22,23,5,Train/5/00005_00061_00003.png
client_0,37579,68,105,6,10,62,96,38,Train/38/00038_00052_00020.png
client_0,30413,117,108,10,10,106,99,26,Train/26/00026_00014_00023.png
client_0,7140,29,29,6,6,24,24,4,Train/4/00004_00023_00000.png
client_0,8591,32,33,5,6,26,28,5,Train/5/00005_00005_00011.png
client_0,23666,64,63,6,5,59,58,15,Train/15/00015_00008_00026.png
client_0,9466,34,37,5,6,29,32,5,Train/5/00005_00034_00016.png
client_0,5684,40,43,5,6,35,38,3,Train/3/00003_00021_00014.png
client_0,33753,27,28,5,6,22,23,33,Train/33/00033_00022_00004.png
client_0,11868,43,43,6,6,38,38,7,Train/7/00007_00038_00018.png
client_0,8703,33,32,6,5,28,27,5,Train/5/00005_00009_00003.png
client_0,11253,29,31,5,6,24,26,7,Train/7/00007_00018_00003.png
client_0,9612,33,32,6,5,27,27,5,Train/5/00005_00039_00012.png
client_0,25860,60,58,6,5,58,53,18,Train/18/00018_00010_00000.png
client_0,34525,72,73,7,6,66,67,35,Train/35/00035_00010_00026.png
client_0,10384,31,33,5,5,26,28,6,Train/6/00006_00003_00004.png
client_0,37653,48,49,5,6,43,44,38,Train/38/00038_00055_00004.png
client_0,25521,33,34,5,5,28,29,17,Train/17/00017_00035_00021.png
client_0,23483,62,74,6,6,57,68,15,Train/15/00015_00002_00023.png
client_0,11491,26,27,5,6,21,22,7,Train/7/00007_00026_00001.png
client_0,132,36,36,5,5,31,31,20,Train/20/00020_00004_00012.png
client_0,9089,72,72,6,7,66,66,5,Train/5/00005_00021_00029.png
client_0,2470,32,33,5,6,27,28,1,Train/1/00001_00063_00010.png
client_0,35744,41,41,5,6,35,36,36,Train/36/00036_00011_00015.png
client_0,10853,61,60,6,5,56,55,7,Train/7/00007_00004_00023.png
client_0,37652,49,48,6,5,44,42,38,Train/38/00038_00055_00003.png
client_0,6803,53,54,6,5,48,49,4,Train/4/00004_00011_00023.png
client_0,19007,52,54,5,6,47,49,12,Train/12/00012_00021_00017.png
client_0,38361,47,51,6,6,42,46,39,Train/39/00039_00009_00022.png
client_0,8010,25,27,5,5,20,22,4,Train/4/00004_00052_00000.png
client_0,23614,28,29,6,5,23,24,15,Train/15/00015_00007_00004.png
client_0,314,44,40,6,6,38,34,20,Train/20/00020_00010_00014.png
client_0,6582,57,55,6,5,52,50,4,Train/4/00004_00004_00012.png
client_0,23454,60,121,5,11,55,111,15,Train/15/00015_00001_00024.png
client_0,33094,27,29,5,6,22,24,33,Train/33/00033_00000_00004.png
client_0,11261,34,34,6,5,29,29,7,Train/7/00007_00018_00011.png
client_0,7995,42,40,6,6,37,35,4,Train/4/00004_00051_00015.png
client_0,22812,42,43,6,6,37,37,14,Train/14/00014_00006_00012.png
client_0,7908,46,48,6,6,41,43,4,Train/4/00004_00048_00018.png
client_0,10463,43,46,5,5,38,41,6,Train/6/00006_00005_00023.png
client_0,8501,30,32,5,6,25,26,5,Train/5/00005_00002_00011.png
client_0,37615,47,47,5,5,42,42,38,Train/38/00038_00053_00026.png
client_0,10325,33,34,5,5,28,29,6,Train/6/00006_00001_00005.png
client_0,33373,85,84,8,7,78,77,33,Train/33/00033_00009_00013.png
client_0,9253,35,34,6,6,30,29,5,Train/5/00005_00027_00013.png
client_0,4,28,26,5,5,23,21,20,Train/20/00020_00000_00004.png
client_0,10460,38,41,5,5,33,36,6,Train/6/00006_00005_00020.png
client_0,5383,38,38,6,6,33,33,3,Train/3/00003_00011_00013.png
client_0,34832,30,30,6,6,25,25,35,Train/35/00035_00021_00003.png
client_0,8692,62,62,6,6,57,57,5,Train/5/00005_00008_00022.png
client_0,17625,38,35,5,6,33,30,11,Train/11/00011_00019_00015.png
client_0,33273,29,29,6,5,23,23,33,Train/33/00033_00006_00003.png
client_0,32123,62,58,6,6,57,53,31,Train/31/00031_00001_00023.png
client_0,18563,71,70,7,6,65,64,12,Train/12/00012_00006_00023.png
client_0,30927,97,92,8,9,89,84,28,Train/28/00028_00003_00027.png
client_0,32313,38,35,6,5,33,30,31,Train/31/00031_00008_00003.png
client_0,11407,30,30,5,5,25,25,7,Train/7/00007_00023_00007.png
client_0,11184,60,63,6,5,55,58,7,Train/7/00007_00015_00024.png
client_0,35239,39,43,6,5,34,37,35,Train/35/00035_00034_00020.png
client_0,7052,30,28,6,5,24,23,4,Train/4/00004_00020_00002.png
client_0,12637,34,33,6,6,29,28,8,Train/8/00008_00016_00007.png
client_0,527,43,43,5,6,38,37,0,Train/0/00000_00005_00017.png
client_0,179,74,67,7,6,68,61,20,Train/20/00020_00005_00029.png
client_0,21161,34,41,5,5,28,36,13,Train/13/00013_00023_00011.png
client_0,5267,39,39,6,5,34,34,3,Train/3/00003_00007_00017.png
client_0,10230,26,27,6,6,21,22,5,Train/5/00005_00060_00000.png
client_0,30329,188,168,17,14,172,154,26,Train/26/00026_00011_00029.png
client_0,11325,38,40,6,6,33,34,7,Train/7/00007_00020_00015.png
client_0,29975,32,33,6,6,27,27,26,Train/26/00026_00000_00005.png
client_0,10912,61,62,5,6,56,57,7,Train/7/00007_00006_00022.png
client_0,35914,27,28,5,6,22,23,37,Train/37/00037_00004_00005.png
client_0,22430,63,57,5,6,58,52,13,Train/13/00013_00065_00020.png
client_0,33312,58,61,5,6,52,55,33,Train/33/00033_00007_00012.png
client_0,7905,41,41,5,5,35,36,4,Train/4/00004_00048_00015.png
client_0,30711,61,58,6,6,56,53,27,Train/27/00027_00004_00021.png
client_0,33546,30,34,6,6,24,28,33,Train/33/00033_00015_00006.png
client_0,11344,30,31,5,5,25,25,7,Train/7/00007_00021_00004.png
client_0,17843,123,110,11,10,113,101,11,Train/11/00011_00026_00023.png
client_0,20994,84,80,8,8,77,73,13,Train/13/00013_00017_00024.png
client_0,6865,63,68,6,7,58,62,4,Train/4/00004_00013_00025.png
client_0,9696,33,35,6,6,28,30,5,Train/5/00005_00042_00006.png
client_0,21347,43,40,6,6,38,35,13,Train/13/00013_00029_00017.png
client_0,30559,47,42,5,5,41,36,26,Train/26/00026_00019_00019.png
client_0,7546,46,47,5,6,41,42,4,Train/4/00004_00036_00016.png
client_0,30191,37,33,6,5,32,28,26,Train/26/00026_00007_00011.png
client_0,32602,105,95,10,9,96,87,31,Train/31/00031_00017_00022.png
client_0,10631,36,37,5,6,31,32,6,Train/6/00006_00011_00011.png
client_0,30522,40,36,6,6,34,31,26,Train/26/00026_00018_00012.png
client_0,32913,30,30,5,5,25,25,32,Train/32/00032_00002_00003.png
client_0,10019,60,61,5,6,55,56,5,Train/5/00005_00052_00029.png
client_0,36060,37,36,6,5,32,31,38,Train/38/00038_00002_00001.png
client_0,31515,48,43,5,5,43,38,29,Train/29/00029_00005_00015.png
client_0,11421,42,41,6,5,37,36,7,Train/7/00007_00023_00021.png
client_0,22673,108,110,9,10,98,101,14,Train/14/00014_00001_00023.png
client_0,25588,31,29,6,5,26,23,18,Train/18/00018_00000_00028.png
client_0,798,75,72,6,6,69,66,1,Train/1/00001_00007_00018.png
client_0,9419,62,64,5,6,57,59,5,Train/5/00005_00032_00029.png
client_0,7508,34,34,5,5,29,29,4,Train/4/00004_00035_00008.png
client_0,11303,49,52,6,6,44,47,7,Train/7/00007_00019_00023.png
client_0,22400,35,34,6,5,30,29,13,Train/13/00013_00064_00020.png
client_0,35749,50,51,5,5,45,46,36,Train/36/00036_00011_00020.png
client_0,11476,43,43,5,6,38,38,7,Train/7/00007_00025_00016.png
client_0,20565,60,58,5,6,55,53,13,Train/13/00013_00003_00015.png
client_0,24597,34,35,6,6,29,30,17,Train/17/00017_00004_00027.png
client_0,20082,46,47,6,5,41,42,12,Train/12/00012_00057_00012.png
client_0,11544,51,52,6,6,46,47,7,Train/7/00007_00027_00024.png
client_0,25814,69,62,6,6,63,56,18,Train/18/00018_00008_00014.png
client_0,36526,45,44,6,5,40,39,38,Train/38/00038_00017_00017.png
client_0,33180,30,30,5,5,25,25,33,Train/33/00033_00003_00000.png
client_0,32659,61,56,5,5,55,51,31,Train/31/00031_00019_00019.png
client_0,7119,34,33,6,5,29,28,4,Train/4/00004_00022_00009.png
client_0,1670,51,50,6,6,46,44,1,Train/1/00001_00036_00020.png
client_0,7549,52,53,5,6,47,48,4,Train/4/00004_00036_00019.png
client_0,8637,99,105,8,10,91,96,5,Train/5/00005_00006_00027.png
client_0,32190,35,30,6,5,30,25,31,Train/31/00031_00004_00000.png
client_0,34743,30,30,6,5,25,25,35,Train/35/00035_00018_00004.png
client_0,10137,88,85,7,7,81,78,5,Train/5/00005_00056_00027.png
client_0,5837,38,38,5,5,32,32,3,Train/3/00003_00026_00017.png
client_0,30724,31,29,6,5,26,23,27,Train/27/00027_00005_00004.png
client_0,11023,40,38,6,5,35,33,7,Train/7/00007_00010_00013.png
client_0,10015,48,49,5,6,43,44,5,Train/5/00005_00052_00025.png
client_0,19283,42,42,5,5,37,37,12,Train/12/00012_00030_00023.png
client_0,37600,34,34,5,5,28,28,38,Train/38/00038_00053_00011.png
client_0,10083,31,32,5,6,26,27,5,Train/5/00005_00055_00003.png
client_0,36967,38,38,6,6,33,33,38,Train/38/00038_00032_00008.png
client_0,9482,28,28,6,5,23,22,5,Train/5/00005_00035_00002.png
client_0,34220,67,69,6,6,61,63,35,Train/35/00035_00000_00021.png
client_0,33458,38,36,6,5,33,31,33,Train/33/00033_00012_00008.png
client_0,11093,46,47,6,6,41,42,7,Train/7/00007_00012_00023.png
client_0,8465,28,29,5,5,22,23,5,Train/5/00005_00001_00005.png
client_0,28999,59,58,5,6,53,52,25,Train/25/00025_00017_00019.png
client_0,8439,33,33,5,5,28,28,5,Train/5/00005_00000_00009.png
client_0,5741,36,36,6,5,31,31,3,Train/3/00003_00023_00011.png
client_0,11679,38,38,5,5,32,32,7,Train/7/00007_00032_00009.png
client_0,7291,31,30,6,5,26,25,4,Train/4/00004_00028_00001.png
client_0,11234,39,39,6,6,34,34,7,Train/7/00007_00017_00014.png
client_0,34681,38,40,5,6,33,35,35,Train/35/00035_00016_00002.png
client_0,36336,39,44,5,6,34,39,38,Train/38/00038_00011_00007.png
client_0,171,49,47,5,6,44,42,20,Train/20/00020_00005_00021.png
client_0,7483,35,36,5,6,30,31,4,Train/4/00004_00034_00013.png
client_0,36471,54,60,5,6,49,55,38,Train/38/00038_00015_00022.png
client_0,22977,108,103,9,9,99,94,14,Train/14/00014_00011_00027.png
client_0,10783,48,53,5,6,43,48,7,Train/7/00007_00002_00013.png
client_0,7315,53,54,5,6,48,49,4,Train/4/00004_00028_00025.png
client_0,28391,44,40,6,5,39,35,24,Train/24/00024_00006_00011.png
client_0,22973,75,75,7,7,69,69,14,Train/14/00014_00011_00023.png
client_0,8908,130,136,11,12,119,125,5,Train/5/00005_00015_00028.png
client_0,32214,74,60,7,6,68,55,31,Train/31/00031_00004_00024.png
client_0,8871,50,49,6,5,45,44,5,Train/5/00005_00014_00021.png
client_0,23395,60,61,6,5,55,56,14,Train/14/00014_00025_00025.png
client_0,28245,65,68,6,6,59,61,24,Train/24/00024_00001_00015.png
client_0,11027,42,41,5,5,37,36,7,Train/7/00007_00010_00017.png
client_0,7761,52,51,6,5,47,46,4,Train/4/00004_00043_00021.png
client_0,8907,120,124,11,11,110,114,5,Train/5/00005_00015_00027.png
client_0,10366,43,45,6,6,38,40,6,Train/6/00006_00002_00016.png
client_0,8855,31,31,5,5,26,26,5,Train/5/00005_00014_00005.png
client_0,5117,42,43,6,5,37,38,3,Train/3/00003_00002_00017.png
client_0,6671,34,34,5,6,28,29,4,Train/4/00004_00007_00011.png
client_0,7505,32,33,6,6,27,28,4,Train/4/00004_00035_00005.png
client_0,9244,28,28,5,5,23,23,5,Train/5/00005_00027_00004.png
client_0,19919,61,61,6,5,56,56,12,Train/12/00012_00051_00029.png
client_0,10347,64,70,5,7,59,64,6,Train/6/00006_00001_00027.png
client_0,10932,38,38,5,5,33,33,7,Train/7/00007_00007_00012.png
client_0,36957,107,106,10,9,98,97,38,Train/38/00038_00031_00028.png
client_0,9663,27,29,5,6,21,23,5,Train/5/00005_00041_00003.png
client_0,32174,50,46,6,6,45,41,31,Train/31/00031_00003_00014.png
client_0,5691,50,52,5,6,45,47,3,Train/3/00003_00021_00021.png
client_0,1282,44,41,6,5,39,35,1,Train/1/00001_00023_00022.png
client_0,8863,37,37,5,5,32,32,5,Train/5/00005_00014_00013.png
client_0,2244,81,91,8,8,74,83,1,Train/1/00001_00055_00024.png
client_0,32258,35,34,6,5,30,29,31,Train/31/00031_00006_00008.png
client_0,32546,82,73,8,7,74,67,31,Train/31/00031_00015_00026.png
client_0,379,53,51,5,5,48,46,0,Train/0/00000_00000_00019.png
client_0,35568,49,50,5,6,44,45,36,Train/36/00036_00005_00019.png
client_0,26564,64,62,5,6,59,57,18,Train/18/00018_00033_00014.png
client_0,9958,63,62,6,5,58,57,5,Train/5/00005_00050_00028.png
client_0,11754,48,50,5,5,43,45,7,Train/7/00007_00034_00024.png
client_0,7700,44,45,5,6,39,40,4,Train/4/00004_00041_00020.png
client_0,3749,56,59,6,5,51,53,2,Train/2/00002_00031_00029.png
client_0,8522,28,26,5,5,22,21,5,Train/5/00005_00003_00002.png
client_0,33395,30,29,6,5,25,24,33,Train/33/00033_00010_00005.png
client_0,19551,70,69,7,6,64,63,12,Train/12/00012_00039_00021.png
client_0,11309,68,75,7,7,62,69,7,Train/7/00007_00019_00029.png
client_0,29744,47,41,6,5,42,36,25,Train/25/00025_00042_00014.png
client_0,21102,37,34,5,5,32,29,13,Train/13/00013_00021_00012.png
client_0,33685,36,38,5,5,30,32,33,Train/33/00033_00019_00025.png
client_0,10236,27,29,5,6,22,24,5,Train/5/00005_00060_00006.png
client_0,11136,37,39,5,6,32,34,7,Train/7/00007_00014_00006.png
client_0,32143,51,46,6,5,46,41,31,Train/31/00031_00002_00013.png
client_0,8179,46,46,6,6,41,41,4,Train/4/00004_00057_00019.png
client_0,7937,39,40,6,6,34,35,4,Train/4/00004_00049_00017.png
client_0,1922,43,43,6,6,38,38,1,Train/1/00001_00045_00002.png
client_0,35358,41,42,6,6,35,37,35,Train/35/00035_00038_00019.png
client_0,25811,63,58,5,6,58,53,18,Train/18/00018_00008_00011.png
client_0,12018,41,41,6,5,36,36,7,Train/7/00007_00043_00018.png
client_0,20523,38,36,5,5,33,31,13,Train/13/00013_00002_00003.png
client_0,33510,35,37,5,5,30,32,33,Train/33/00033_00014_00000.png
client_0,23213,98,100,9,8,89,91,14,Train/14/00014_00019_00023.png
client_0,9412,44,45,6,6,39,40,5,Train/5/00005_00032_00022.png
client_0,7118,33,33,6,5,28,28,4,Train/4/00004_00022_00008.png
client_0,18377,37,42,5,5,32,37,12,Train/12/00012_00000_00017.png
client_0,34794,50,51,6,6,45,46,35,Train/35/00035_00019_00025.png
client_0,9877,36,35,6,5,31,30,5,Train/5/00005_00048_00007.png
client_0,30748,92,83,9,7,84,75,27,Train/27/00027_00005_00028.png
client_0,9598,71,74,7,6,65,68,5,Train/5/00005_00038_00028.png
client_0,6546,32,31,6,5,27,25,4,Train/4/00004_00003_00006.png
client_0,8486,42,42,6,6,37,37,5,Train/5/00005_00001_00026.png
client_0,32192,34,32,5,6,29,27,31,Train/31/00031_00004_00002.png
client_0,10530,25,27,5,5,20,22,6,Train/6/00006_00008_00000.png
client_0,10866,37,38,5,6,31,32,7,Train/7/00007_00005_00006.png
client_0,11617,28,29,5,5,23,23,7,Train/7/00007_00030_00007.png
client_0,10756,35,34,6,5,30,29,7,Train/7/00007_00001_00016.png
client_0,19568,42,43,5,6,37,38,12,Train/12/00012_00040_00008.png
client_0,21626,105,96,9,9,96,88,13,Train/13/00013_00038_00026.png
client_0,22711,43,44,6,6,38,39,14,Train/14/00014_00003_00001.png
client_0,36689,30,29,6,5,25,24,38,Train/38/00038_00023_00000.png
client_0,142,40,40,5,5,35,35,20,Train/20/00020_00004_00022.png
client_0,382,63,61,6,5,57,56,0,Train/0/00000_00000_00022.png
client_0,30358,76,70,7,7,69,64,26,Train/26/00026_00012_00028.png
client_0,5581,30,31,5,6,25,26,3,Train/3/00003_00018_00001.png
client_0,7819,43,42,6,5,38,37,4,Train/4/00004_00045_00019.png
client_0,23095,100,101,8,9,92,93,14,Train/14/00014_00015_00025.png
client_0,34367,37,36,5,5,31,31,35,Train/35/00035_00005_00018.png
client_0,6980,40,43,5,6,35,38,4,Train/4/00004_00017_00020.png
client_0,28586,188,169,16,15,172,155,25,Train/25/00025_00003_00026.png
client_0,9103,40,41,5,6,35,36,5,Train/5/00005_00022_00013.png
client_0,186,31,29,6,6,26,24,20,Train/20/00020_00006_00006.png
client_0,10117,31,31,5,5,26,26,5,Train/5/00005_00056_00007.png
client_0,6579,53,52,6,5,48,47,4,Train/4/00004_00004_00009.png
client_0,28796,99,89,8,7,90,81,25,Train/25/00025_00010_00026.png
client_0,32555,35,34,5,5,30,29,31,Train/31/00031_00016_00005.png
client_0,1270,39,36,6,5,34,31,1,Train/1/00001_00023_00010.png
client_0,7879,61,57,6,5,56,52,4,Train/4/00004_00047_00019.png
client_0,10166,53,54,5,5,48,49,5,Train/5/00005_00057_00026.png
client_0,7907,45,45,6,5,39,40,4,Train/4/00004_00048_00017.png
client_0,9815,31,32,5,5,26,27,5,Train/5/00005_00046_00005.png
client_0,22998,50,49,6,5,45,44,14,Train/14/00014_00012_00018.png
client_0,7372,59,58,6,6,54,53,4,Train/4/00004_00030_00022.png
client_0,11134,37,38,5,6,32,33,7,Train/7/00007_00014_00004.png
client_0,30128,40,38,5,6,35,33,26,Train/26/00026_00005_00008.png
client_0,24665,30,32,6,6,25,27,17,Train/17/00017_00007_00005.png
client_0,32274,60,56,5,5,55,51,31,Train/31/00031_00006_00024.png
client_0,21462,45,39,5,5,40,34,13,Train/13/00013_00033_00012.png
client_0,9226,38,34,5,5,33,29,5,Train/5/00005_00026_00016.png
client_0,6844,29,30,6,6,24,25,4,Train/4/00004_00013_00004.png
client_0,30800,53,49,6,6,48,44,27,Train/27/00027_00007_00020.png
client_0,26710,48,49,5,6,43,44,18,Train/18/00018_00038_00010.png
client_0,6606,48,47,6,5,43,42,4,Train/4/00004_00005_00006.png
client_0,32238,45,44,6,6,40,39,31,Train/31/00031_00005_00018.png
client_0,37001,32,40,5,6,27,35,38,Train/38/00038_00033_00012.png
client_0,15245,33,34,5,5,28,29,10,Train/10/00010_00007_00005.png
client_0,482,56,60,5,5,51,55,0,Train/0/00000_00004_00002.png
client_0,23386,42,43,6,5,37,37,14,Train/14/00014_00025_00016.png
client_0,8772,41,43,5,6,36,38,5,Train/5/00005_00011_00012.png
client_0,25490,41,43,6,6,36,38,17,Train/17/00017_00034_00020.png
client_0,6,31,28,6,6,26,23,20,Train/20/00020_00000_00006.png
client_0,38808,54,55,6,5,49,50,41,Train/41/00041_00002_00019.png
client_0,6934,30,33,5,5,24,27,4,Train/4/00004_00016_00004.png
client_0,7401,40,40,6,5,35,35,4,Train/4/00004_00031_00021.png
client_0,6948,40,44,5,6,35,39,4,Train/4/00004_00016_00018.png
client_0,8937,86,87,7,8,79,80,5,Train/5/00005_00016_00027.png
client_0,8288,33,33,5,5,28,28,4,Train/4/00004_00061_00008.png
client_0,37588,78,123,7,10,71,113,38,Train/38/00038_00052_00029.png
client_0,801,84,81,7,8,76,74,1,Train/1/00001_00007_00021.png
client_0,10433,55,54,6,6,50,49,6,Train/6/00006_00004_00023.png
client_0,9659,60,70,6,7,57,64,5,Train/5/00005_00040_00029.png
client_0,5238,61,64,6,6,56,59,3,Train/3/00003_00006_00018.png
client_0,10456,35,37,6,5,30,32,6,Train/6/00006_00005_00016.png
client_0,5512,38,39,5,6,33,34,3,Train/3/00003_00015_00022.png
client_0,10766,42,40,5,5,37,35,7,Train/7/00007_00001_00026.png
client_0,5279,74,80,6,7,68,73,3,Train/3/00003_00007_00029.png
client_0,36275,38,34,6,5,33,29,38,Train/38/00038_00009_00006.png
client_0,22951,43,42,6,5,38,37,14,Train/14/00014_00011_00001.png
client_0,32351,45,42,5,5,40,37,31,Train/31/00031_00009_00011.png
client_0,27026,82,67,8,6,75,61,21,Train/21/00021_00001_00026.png
client_0,854,39,39,6,6,34,34,1,Train/1/00001_00009_00014.png
client_0,27832,53,51,5,5,48,46,23,Train/23/00023_00004_00022.png
client_0,11386,48,48,5,5,43,43,7,Train/7/00007_00022_00016.png
client_0,21165,38,49,5,5,33,44,13,Train/13/00013_00023_00015.png
client_0,2144,39,41,6,6,34,36,1,Train/1/00001_00052_00014.png
client_0,21614,53,49,5,6,48,44,13,Train/13/00013_00038_00014.png
client_0,29559,44,42,5,6,39,37,25,Train/25/00025_00036_00009.png
client_0,38056,41,43,5,5,36,38,38,Train/38/00038_00068_00017.png
client_0,7348,88,91,7,8,81,83,4,Train/4/00004_00029_00028.png
client_0,23594,38,37,6,5,33,32,15,Train/15/00015_00006_00014.png
client_0,31365,39,58,6,6,34,52,29,Train/29/00029_00000_00015.png
client_0,10937,51,51,5,5,46,46,7,Train/7/00007_00007_00017.png
client_0,10379,96,99,8,9,88,91,6,Train/6/00006_00002_00029.png
client_0,9242,28,27,6,6,23,22,5,Train/5/00005_00027_00002.png
client_0,34390,37,38,6,5,32,32,35,Train/35/00035_00006_00011.png
client_0,10726,41,40,6,6,35,35,7,Train/7/00007_00000_00016.png
client_0,35774,56,56,5,5,51,51,36,Train/36/00036_00012_00015.png
client_0,6216,28,30,5,6,23,25,3,Train/3/00003_00039_00006.png
client_0,37190,47,47,6,5,42,42,38,Train/38/00038_00039_00021.png
client_0,35721,47,48,5,6,42,43,36,Train/36/00036_00010_00022.png
client_0,10061,36,36,5,6,31,31,5,Train/5/00005_00054_00011.png
client_0,7208,38,38,5,5,33,33,4,Train/4/00004_00025_00008.png
client_0,8900,58,59,5,5,53,54,5,Train/5/00005_00015_00020.png
client_0,11866,42,42,6,6,37,37,7,Train/7/00007_00038_00016.png
client_0,2140,34,35,6,5,29,30,1,Train/1/00001_00052_00010.png
client_0,26166,70,63,7,6,64,58,18,Train/18/00018_00020_00006.png
client_0,32150,67,62,6,6,61,57,31,Train/31/00031_00002_00020.png
client_0,25897,33,32,5,6,28,27,18,Train/18/00018_00011_00007.png
client_0,36778,57,56,6,6,52,51,38,Train/38/00038_00025_00029.png
client_0,7183,41,42,5,6,36,37,4,Train/4/00004_00024_00013.png
client_0,11167,36,39,5,6,31,34,7,Train/7/00007_00015_00007.png
client_0,35426,60,61,6,5,55,56,36,Train/36/00036_00000_00027.png
client_0,35484,70,69,7,6,64,63,36,Train/36/00036_00002_00025.png
client_0,8290,35,35,6,6,30,30,4,Train/4/00004_00061_00010.png
client_0,8050,44,42,5,5,39,37,4,Train/4/00004_00053_00010.png
client_0,6783,30,29,6,5,25,24,4,Train/4/00004_00011_00003.png
client_0,11410,32,33,5,6,27,28,7,Train/7/00007_00023_00010.png
client_0,10590,26,28,5,6,21,23,6,Train/6/00006_00010_00000.png
client_0,22363,41,38,6,5,36,33,13,Train/13/00013_00063_00013.png
client_0,9792,35,34,5,5,30,29,5,Train/5/00005_00045_00012.png
client_0,35505,38,39,5,5,33,34,36,Train/36/00036_00003_00016.png
client_0,9217,32,29,6,5,27,24,5,Train/5/00005_00026_00007.png
client_0,11736,33,35,6,5,28,30,7,Train/7/00007_00034_00006.png
client_0,35231,37,39,6,5,32,34,35,Train/35/00035_00034_00012.png
client_0,6472,68,68,6,6,62,62,4,Train/4/00004_00000_00022.png
client_0,9854,38,38,5,5,33,33,5,Train/5/00005_00047_00014.png
client_0,25720,93,85,8,8,85,78,18,Train/18/00018_00005_00010.png
client_0,32439,42,37,5,5,36,32,31,Train/31/00031_00012_00009.png
client_0,11572,42,43,6,5,37,38,7,Train/7/00007_00028_00022.png
client_0,32805,39,38,5,6,34,33,31,Train/31/00031_00024_00015.png
client_0,6583,57,57,5,6,52,52,4,Train/4/00004_00004_00013.png
client_0,35043,29,29,5,5,23,24,35,Train/35/00035_00028_00004.png
client_0,26263,45,41,6,6,40,36,18,Train/18/00018_00023_00013.png
client_0,34711,34,36,5,6,29,31,35,Train/35/00035_00017_00002.png
client_0,11978,34,34,6,6,29,29,7,Train/7/00007_00042_00008.png
client_0,339,33,31,6,5,27,25,20,Train/20/00020_00011_00009.png
client_0,641,52,53,6,5,47,47,1,Train/1/00001_00002_00011.png
client_0,2055,43,43,6,6,38,38,1,Train/1/00001_00049_00015.png
client_0,21833,124,125,10,11,114,115,13,Train/13/00013_00045_00023.png
client_0,22067,72,63,7,6,65,58,13,Train/13/00013_00053_00017.png
client_0,11858,34,34,5,5,29,29,7,Train/7/00007_00038_00008.png
client_0,23506,36,40,5,6,31,35,15,Train/15/00015_00003_00016.png
client_0,11304,52,56,6,6,47,51,7,Train/7/00007_00019_00024.png
client_0,36867,34,34,5,5,29,29,38,Train/38/00038_00028_00028.png
client_0,30359,81,73,8,7,74,67,26,Train/26/00026_00012_00029.png
client_0,37858,47,48,5,5,42,43,38,Train/38/00038_00061_00029.png
client_0,22706,64,64,5,5,59,59,14,Train/14/00014_00002_00026.png
client_0,9153,31,31,6,6,26,26,5,Train/5/00005_00024_00003.png
client_0,386,97,97,8,8,89,88,0,Train/0/00000_00000_00026.png
client_0,38794,33,35,5,6,28,30,41,Train/41/00041_00002_00005.png
client_0,23067,137,149,12,12,126,136,14,Train/14/00014_00014_00027.png
client_0,33326,124,127,10,11,114,116,33,Train/33/00033_00007_00026.png
client_0,10375,63,70,6,6,58,64,6,Train/6/00006_00002_00025.png
client_0,17533,57,54,5,5,51,48,11,Train/11/00011_00016_00013.png
client_0,28402,79,71,7,6,72,65,24,Train/24/00024_00006_00022.png
client_0,9631,26,26,6,5,21,21,5,Train/5/00005_00040_00001.png
client_0,201,52,46,5,5,47,40,20,Train/20/00020_00006_00021.png
client_0,11705,31,30,6,5,26,25,7,Train/7/00007_00033_00005.png
client_0,25058,31,30,6,6,26,25,17,Train/17/00017_00020_00008.png
client_0,25014,41,42,5,5,36,37,17,Train/17/00017_00018_00024.png
client_0,30474,54,48,5,5,49,43,26,Train/26/00026_00016_00024.png
client_0,9148,76,76,6,6,70,70,5,Train/5/00005_00023_00028.png
client_0,33400,31,31,6,6,26,26,33,Train/33/00033_00010_00010.png
client_0,34882,49,48,5,6,44,43,35,Train/35/00035_00022_00023.png
client_0,10346,59,62,5,6,54,57,6,Train/6/00006_00001_00026.png
client_0,28867,31,32,5,6,26,27,25,Train/25/00025_00013_00007.png
client_0,9643,33,32,6,5,28,27,5,Train/5/00005_00040_00013.png
client_0,8895,45,44,6,5,40,39,5,Train/5/00005_00015_00015.png
client_0,33346,64,64,6,6,59,59,33,Train/33/00033_00008_00016.png
client_0,25624,37,36,5,6,32,31,18,Train/18/00018_00002_00004.png
client_0,30967,42,45,5,6,37,40,28,Train/28/00028_00005_00007.png
client_0,6500,53,54,6,5,48,49,4,Train/4/00004_00001_00020.png
client_0,371,37,38,6,6,32,33,0,Train/0/00000_00000_00011.png
client_0,26085,41,37,5,5,36,31,18,Train/18/00018_00017_00015.png
client_0,7771,27,30,5,6,22,24,4,Train/4/00004_00044_00001.png
client_0,30675,48,49,5,6,43,44,27,Train/27/00027_00003_00015.png
client_0,8407,31,31,6,5,26,26,4,Train/4/00004_00065_00007.png
client_0,11222,30,30,5,5,25,25,7,Train/7/00007_00017_00002.png
client_0,30110,63,59,5,5,58,54,26,Train/26/00026_00004_00020.png
client_0,9382,45,45,6,5,40,40,5,Train/5/00005_00031_00022.png
client_0,29288,41,42,5,5,36,37,25,Train/25/00025_00027_00008.png
client_0,10768,44,42,5,5,39,37,7,Train/7/00007_00001_00028.png
client_0,7994,41,40,6,6,36,35,4,Train/4/00004_00051_00014.png
client_0,12205,61,60,5,5,56,55,8,Train/8/00008_00001_00025.png
client_0,32522,42,39,5,5,37,34,31,Train/31/00031_00015_00002.png
client_0,32636,107,95,10,8,98,87,31,Train/31/00031_00018_00026.png
client_0,1584,55,53,5,5,50,48,1,Train/1/00001_00033_00024.png
client_0,29413,42,39,5,5,37,34,25,Train/25/00025_00031_00013.png
client_0,9993,31,30,6,5,26,25,5,Train/5/00005_00052_00003.png
client_0,32073,41,39,6,6,36,34,31,Train/31/00031_00000_00003.png
client_0,2382,43,42,5,5,38,37,1,Train/1/00001_00060_00012.png
client_0,27253,46,46,6,6,41,40,21,Train/21/00021_00009_00013.png
client_0,8595,35,36,6,6,30,31,5,Train/5/00005_00005_00015.png
client_0,503,84,88,8,7,76,81,0,Train/0/00000_00004_00023.png
client_0,34513,53,53,6,6,48,48,35,Train/35/00035_00010_00014.png
client_0,8731,32,33,6,6,27,28,5,Train/5/00005_00010_00001.png
client_0,32456,93,84,8,8,85,77,31,Train/31/00031_00012_00026.png
client_0,10913,68,68,7,7,62,62,7,Train/7/00007_00006_00023.png
client_0,5716,36,38,6,5,31,33,3,Train/3/00003_00022_00016.png
client_0,37760,55,56,5,6,50,51,38,Train/38/00038_00058_00021.png
client_0,37289,33,35,6,6,28,30,38,Train/38/00038_00043_00000.png
client_0,32669,95,87,8,8,87,80,31,Train/31/00031_00019_00029.png
client_0,7928,30,31,5,5,25,26,4,Train/4/00004_00049_00008.png
client_0,32102,39,37,5,6,34,32,31,Train/31/00031_00001_00002.png
client_0,10961,36,38,5,6,31,33,7,Train/7/00007_00008_00011.png
client_0,11883,30,30,6,6,25,25,7,Train/7/00007_00039_00003.png
client_0,27118,71,58,7,6,65,53,21,Train/21/00021_00004_00028.png
client_0,1048,121,120,10,11,110,110,1,Train/1/00001_00015_00028.png
client_0,248,34,35,5,6,29,30,20,Train/20/00020_00008_00008.png
client_0,32346,39,39,5,6,34,33,31,Train/31/00031_00009_00006.png
client_0,12023,46,48,5,6,41,43,7,Train/7/00007_00043_00023.png
client_0,11383,43,44,5,5,38,39,7,Train/7/00007_00022_00013.png
client_0,8149,40,43,6,6,35,38,4,Train/4/00004_00056_00019.png
client_0,34704,88,89,7,8,81,82,35,Train/35/00035_00016_00025.png
client_0,12082,56,57,6,6,51,52,7,Train/7/00007_00045_00022.png
client_0,33565,47,61,5,6,42,55,33,Train/33/00033_00015_00025.png
client_0,7522,57,60,5,6,52,55,4,Train/4/00004_00035_00022.png
client_0,33721,35,37,6,6,30,32,33,Train/33/00033_00021_00002.png
client_0,35189,27,27,6,5,22,22,35,Train/35/00035_00033_00000.png
client_0,7922,29,29,6,5,23,23,4,Train/4/00004_00049_00002.png
client_0,33698,34,33,6,5,29,28,33,Train/33/00033_00020_00009.png
client_0,2242,75,86,6,8,69,79,1,Train/1/00001_00055_00022.png
client_0,10229,104,101,10,9,95,93,5,Train/5/00005_00059_00029.png
client_0,10025,28,28,5,5,23,23,5,Train/5/00005_00053_00005.png
client_0,5303,59,60,5,5,54,55,3,Train/3/00003_00008_00023.png
client_0,5198,35,35,6,6,30,30,3,Train/3/00003_00005_00008.png
client_0,7996,44,42,6,6,39,36,4,Train/4/00004_00051_00016.png
client_0,10805,34,34,6,6,29,29,7,Train/7/00007_00003_00005.png
client_0,10036,38,36,5,5,33,31,5,Train/5/00005_00053_00016.png
client_0,19902,38,39,5,6,33,34,12,Train/12/00012_00051_00012.png
client_0,10441,26,28,6,6,21,23,6,Train/6/00006_00005_00001.png
client_0,22169,70,63,6,5,64,58,13,Train/13/00013_00056_00029.png
client_0,22844,52,52,5,5,47,47,14,Train/14/00014_00007_00014.png
client_0,323,63,55,6,5,57,50,20,Train/20/00020_00010_00023.png
client_0,32128,82,76,7,7,74,69,31,Train/31/00031_00001_00028.png
client_0,30798,50,45,6,5,45,40,27,Train/27/00027_00007_00018.png
client_0,10182,32,32,6,5,27,26,5,Train/5/00005_00058_00012.png
client_0,7691,35,35,6,6,30,30,4,Train/4/00004_00041_00011.png
client_0,6706,40,41,6,5,35,36,4,Train/4/00004_00008_00016.png
client_0,9222,35,34,6,6,29,28,5,Train/5/00005_00026_00012.png
client_0,11586,30,29,6,5,25,24,7,Train/7/00007_00029_00006.png
client_0,23149,49,50,5,5,44,44,14,Train/14/00014_00017_00019.png
client_0,33695,29,29,5,5,24,24,33,Train/33/00033_00020_00006.png
client_0,7083,27,30,5,5,22,25,4,Train/4/00004_00021_00003.png
client_0,36761,37,37,6,6,32,32,38,Train/38/00038_00025_00012.png
client_0,11810,46,45,5,6,41,40,7,Train/7/00007_00036_00020.png
client_0,8473,32,33,6,5,27,27,5,Train/5/00005_00001_00013.png
client_0,36556,48,50,5,5,43,45,38,Train/38/00038_00018_00017.png
client_0,30732,36,35,5,6,31,30,27,Train/27/00027_00005_00012.png
client_0,19616,72,71,7,6,66,65,12,Train/12/00012_00041_00026.png
client_0,7840,36,35,6,5,31,30,4,Train/4/00004_00046_00010.png
client_0,9120,30,30,5,5,25,25,5,Train/5/00005_00023_00000.png
client_0,7247,49,51,5,5,44,46,4,Train/4/00004_00026_00017.png
client_0,32082,51,45,6,6,46,40,31,Train/31/00031_00000_00012.png
client_0,27074,46,43,5,5,41,38,21,Train/21/00021_00003_00014.png
client_0,1690,31,31,5,5,26,26,1,Train/1/00001_00037_00010.png
client_0,32152,76,72,6,7,70,66,31,Train/31/00031_00002_00022.png
client_0,11578,49,55,5,6,44,50,7,Train/7/00007_00028_00028.png
client_0,6613,58,57,6,5,53,51,4,Train/4/00004_00005_00013.png
client_0,32869,44,44,6,6,39,39,32,Train/32/00032_00000_00019.png
client_0,9185,31,31,6,6,26,26,5,Train/5/00005_00025_00005.png
client_0,10895,37,38,5,6,32,33,7,Train/7/00007_00006_00005.png
client_0,34537,34,35,5,6,29,30,35,Train/35/00035_00011_00008.png
client_0,7452,36,37,6,6,31,32,4,Train/4/00004_00033_00012.png
client_0,27766,57,51,6,6,52,46,23,Train/23/00023_00002_00016.png
client_0,11850,29,30,5,6,24,25,7,Train/7/00007_00038_00000.png
client_0,32270,51,49,5,5,46,44,31,Train/31/00031_00006_00020.png
client_0,21751,39,37,6,6,34,32,13,Train/13/00013_00043_00001.png
client_0,35345,29,30,6,6,24,25,35,Train/35/00035_00038_00006.png
client_0,27139,54,51,5,5,49,46,21,Train/21/00021_00005_00019.png
client_0,9387,57,59,5,5,52,54,5,Train/5/00005_00031_00027.png
client_0,7612,51,52,5,6,46,47,4,Train/4/00004_00038_00022.png
client_0,11726,85,87,7,8,77,79,7,Train/7/00007_00033_00026.png
client_0,193,38,36,5,6,32,30,20,Train/20/00020_00006_00013.png
client_0,8680,36,36,5,5,31,31,5,Train/5/00005_00008_00010.png
client_0,2311,29,28,6,5,24,23,1,Train/1/00001_00058_00001.png
client_0,6345,34,36,6,6,29,31,3,Train/3/00003_00043_00015.png
client_0,32503,53,48,6,5,47,43,31,Train/31/00031_00014_00013.png
client_0,6469,59,60,5,6,54,55,4,Train/4/00004_00000_00019.png
client_0,6745,53,53,5,5,48,48,4,Train/4/00004_00009_00025.png
client_0,9554,33,32,5,6,28,27,5,Train/5/00005_00037_00014.png
client_0,31371,49,81,5,7,44,74,29,Train/29/00029_00000_00021.png
client_0,1675,64,62,5,5,59,57,1,Train/1/00001_00036_00025.png
client_0,9759,37,38,5,5,31,33,5,Train/5/00005_00044_00009.png
client_0,11475,40,39,6,5,35,34,7,Train/7/00007_00025_00015.png
client_0,40,40,37,5,6,35,32,20,Train/20/00020_00001_00010.png
client_0,32463,27,27,5,5,22,22,31,Train/31/00031_00013_00003.png
client_0,35109,30,32,5,6,25,27,35,Train/35/00035_00030_00010.png
client_0,8323,40,39,6,5,35,34,4,Train/4/00004_00062_00013.png
client_0,31669,44,40,5,6,39,35,30,Train/30/00030_00001_00019.png
client_0,6899,79,86,7,8,72,79,4,Train/4/00004_00014_00029.png
client_0,6743,49,50,5,5,44,45,4,Train/4/00004_00009_00023.png
client_0,10001,35,35,6,6,30,30,5,Train/5/00005_00052_00011.png
client_0,8060,62,60,6,6,57,55,4,Train/4/00004_00053_00020.png
client_0,22829,119,134,10,12,109,122,14,Train/14/00014_00006_00029.png
client_0,20975,45,44,5,6,40,39,13,Train/13/00013_00017_00005.png
client_0,26980,44,44,5,6,39,38,21,Train/21/00021_00000_00010.png
client_0,12081,51,52,6,5,46,46,7,Train/7/00007_00045_00021.png
client_0,34859,37,37,5,5,32,32,35,Train/35/00035_00022_00000.png
client_0,32129,86,80,8,7,79,73,31,Train/31/00031_00001_00029.png
client_0,11422,43,44,5,5,38,38,7,Train/7/00007_00023_00022.png
client_0,9394,27,29,5,6,22,23,5,Train/5/00005_00032_00004.png
client_0,33750,26,27,5,6,21,22,33,Train/33/00033_00022_00001.png
client_0,22881,55,64,5,6,50,59,14,Train/14/00014_00008_00021.png
client_0,32286,36,32,6,5,31,27,31,Train/31/00031_00007_00006.png
client_0,8051,45,42,5,5,40,37,4,Train/4/00004_00053_00011.png
client_0,10054,29,29,5,6,24,24,5,Train/5/00005_00054_00004.png
client_0,6463,53,53,5,5,48,48,4,Train/4/00004_00000_00013.png
client_0,34712,36,36,6,5,31,31,35,Train/35/00035_00017_00003.png
client_0,170,48,44,6,5,43,39,20,Train/20/00020_00005_00020.png
client_0,10952,30,31,5,6,25,26,7,Train/7/00007_00008_00002.png
client_0,28876,43,40,6,6,37,35,25,Train/25/00025_00013_00016.png
client_0,9215,31,28,5,5,25,23,5,Train/5/00005_00026_00005.png
client_0,22277,58,52,5,5,53,47,13,Train/13/00013_00060_00017.png
client_0,35089,51,53,5,5,45,47,35,Train/35/00035_00029_00020.png
client_0,7815,38,37,5,5,33,32,4,Train/4/00004_00045_00015.png
client_0,22690,40,41,5,6,35,36,14,Train/14/00014_00002_00010.png
client_0,598,108,110,10,9,99,101,1,Train/1/00001_00000_00028.png
client_0,36746,83,87,8,8,76,80,38,Train/38/00038_00024_00027.png
client_0,38130,48,52,6,6,43,47,39,Train/39/00039_00002_00001.png
client_0,1035,41,40,6,5,36,34,1,Train/1/00001_00015_00015.png
client_0,25193,59,63,5,6,53,58,17,Train/17/00017_00024_00023.png
client_0,23173,60,60,6,5,55,55,14,Train/14/00014_00018_00013.png
client_0,22804,33,34,5,5,28,29,14,Train/14/00014_00006_00004.png
client_0,11956,41,42,5,6,36,37,7,Train/7/00007_00041_00016.png
client_0,3495,37,37,5,6,31,32,2,Train/2/00002_00023_00015.png
client_0,263,48,48,5,5,43,43,20,Train/20/00020_00008_00023.png
client_0,25059,30,30,5,6,25,25,17,Train/17/00017_00020_00009.png
client_0,30598,167,151,14,13,152,138,27,Train/27/00027_00000_00028.png
client_0,34557,53,55,5,6,48,50,35,Train/35/00035_00011_00028.png
client_0,33723,34,38,5,6,29,33,33,Train/33/00033_00021_00004.png
client_0,38229,39,40,5,6,34,35,39,Train/39/00039_00005_00010.png
client_0,23486,82,97,7,9,75,89,15,Train/15/00015_00002_00026.png
client_0,28837,58,54,5,5,53,49,25,Train/25/00025_00012_00007.png
client_0,6773,54,54,5,5,49,49,4,Train/4/00004_00010_00023.png
client_0,32538,59,56,5,6,54,51,31,Train/31/00031_00015_00018.png
client_0,6094,31,32,6,5,26,27,3,Train/3/00003_00035_00004.png
client_0,30731,35,34,5,6,30,29,27,Train/27/00027_00005_00011.png
client_0,33533,43,45,5,6,37,40,33,Train/33/00033_00014_00023.png
client_0,309,38,35,5,6,33,30,20,Train/20/00020_00010_00009.png
client_0,398,33,33,5,5,28,28,0,Train/0/00000_00001_00008.png
client_0,11788,62,65,5,6,57,60,7,Train/7/00007_00035_00028.png
client_0,10907,46,45,6,5,41,40,7,Train/7/00007_00006_00017.png
client_0,32861,32,33,5,6,27,28,32,Train/32/00032_00000_00011.png
client_0,10246,33,36,5,5,27,30,5,Train/5/00005_00060_00016.png
client_0,30608,43,41,6,6,38,35,27,Train/27/00027_00001_00008.png
client_0,8870,47,46,6,5,42,41,5,Train/5/00005_00014_00020.png
client_0,6822,37,36,6,5,32,31,4,Train/4/00004_00012_00012.png
client_0,7242,45,44,5,5,40,39,4,Train/4/00004_00026_00012.png
client_0,31471,39,38,6,5,34,33,29,Train/29/00029_00004_00001.png
client_0,23143,38,40,5,6,33,34,14,Train/14/00014_00017_00013.png
client_0,30170,54,50,6,6,49,45,26,Train/26/00026_00006_00020.png
client_0,32589,64,60,6,6,59,55,31,Train/31/00031_00017_00009.png
client_0,6693,29,29,5,5,23,24,4,Train/4/00004_00008_00003.png
client_0,21294,37,36,5,5,32,31,13,Train/13/00013_00027_00024.png
client_0,11216,103,103,9,9,94,94,7,Train/7/00007_00016_00026.png
client_0,10695,36,38,6,6,31,32,6,Train/6/00006_00013_00015.png
client_0,8809,50,50,5,5,45,45,5,Train/5/00005_00012_00019.png
client_0,9686,61,63,6,5,55,58,5,Train/5/00005_00041_00026.png
client_0,32537,58,54,5,5,53,49,31,Train/31/00031_00015_00017.png
client_0,8096,100,108,9,10,92,99,4,Train/4/00004_00054_00026.png
client_0,11926,33,33,6,6,28,28,7,Train/7/00007_00040_00016.png
client_0,26507,46,43,5,6,40,37,18,Train/18/00018_00031_00017.png
client_0,9395,29,29,6,6,24,24,5,Train/5/00005_00032_00005.png
client_0,7755,41,40,6,5,36,35,4,Train/4/00004_00043_00015.png
client_0,11390,58,57,6,5,53,52,7,Train/7/00007_00022_00020.png
client_0,38129,48,52,6,6,43,47,39,Train/39/00039_00002_00000.png
client_0,27146,96,86,9,8,88,79,21,Train/21/00021_00005_00026.png
client_0,16314,54,55,6,5,48,50,10,Train/10/00010_00042_00024.png
client_0,35244,41,46,5,5,35,41,35,Train/35/00035_00034_00025.png
client_0,30486,34,31,5,6,29,26,26,Train/26/00026_00017_00006.png
client_0,28356,28,26,6,5,23,21,24,Train/24/00024_00005_00006.png
client_0,11683,42,42,5,5,36,37,7,Train/7/00007_00032_00013.png
client_0,18,50,45,5,5,45,40,20,Train/20/00020_00000_00018.png
client_0,552,46,49,5,6,41,44,0,Train/0/00000_00006_00012.png
client_0,11061,56,55,6,5,51,50,7,Train/7/00007_00011_00021.png
client_0,21241,34,37,6,5,28,31,13,Train/13/00013_00026_00001.png
client_0,10038,41,39,6,6,36,34,5,Train/5/00005_00053_00018.png
client_0,10173,27,29,5,6,22,23,5,Train/5/00005_00058_00003.png
client_0,8155,46,53,6,5,41,48,4,Train/4/00004_00056_00025.png
client_0,12121,26,27,6,6,21,21,7,Train/7/00007_00047_00001.png
client_0,37523,43,48,5,6,38,43,38,Train/38/00038_00050_00024.png
client_0,6755,30,30,6,6,25,25,4,Train/4/00004_00010_00005.png
client_0,7813,37,36,6,5,32,31,4,Train/4/00004_00045_00013.png
client_0,17967,141,120,13,11,129,110,11,Train/11/00011_00030_00027.png
client_0,2964,55,56,6,5,50,51,2,Train/2/00002_00005_00024.png
client_0,7122,33,36,5,6,28,31,4,Train/4/00004_00022_00012.png
client_0,7412,27,28,5,6,22,23,4,Train/4/00004_00032_00002.png
client_0,8961,59,59,6,6,54,54,5,Train/5/00005_00017_00021.png
client_0,23551,28,27,6,5,23,22,15,Train/15/00015_00005_00001.png
client_0,12093,29,29,6,6,24,24,7,Train/7/00007_00046_00003.png
client_0,277,39,40,5,6,34,35,20,Train/20/00020_00009_00007.png
client_0,32802,39,36,6,6,34,31,31,Train/31/00031_00024_00012.png
client_0,22995,47,48,5,6,42,43,14,Train/14/00014_00012_00015.png
client_0,6737,42,39,6,5,36,34,4,Train/4/00004_00009_00017.png
client_0,1408,82,88,7,7,75,81,1,Train/1/00001_00027_00028.png
client_0,30568,84,74,7,6,77,68,26,Train/26/00026_00019_00028.png
client_0,11003,41,41,6,5,36,36,7,Train/7/00007_00009_00023.png
client_0,23342,27,27,6,6,22,22,14,Train/14/00014_00024_00002.png
client_0,9584,36,36,6,6,30,31,5,Train/5/00005_00038_00014.png
client_0,7429,46,47,5,5,41,42,4,Train/4/00004_00032_00019.png
client_0,26588,39,36,5,5,33,30,18,Train/18/00018_00034_00008.png
client_0,95,39,38,5,6,33,32,20,Train/20/00020_00003_00005.png
client_0,158,33,30,6,5,28,25,20,Train/20/00020_00005_00008.png
client_0,10577,37,38,6,6,32,33,6,Train/6/00006_00009_00017.png
client_0,6632,29,30,5,6,24,25,4,Train/4/00004_00006_00002.png
client_0,32835,52,47,6,5,47,42,31,Train/31/00031_00025_00015.png
client_0,8345,28,29,5,6,23,24,4,Train/4/00004_00063_00005.png
client_0,9388,59,61,5,5,54,56,5,Train/5/00005_00031_00028.png
client_0,5649,34,34,6,6,29,29,3,Train/3/00003_00020_00009.png
client_0,11968,64,65,5,6,59,60,7,Train/7/00007_00041_00028.png
client_0,37988,36,37,5,5,31,32,38,Train/38/00038_00066_00009.png
client_0,10127,45,45,5,5,40,40,5,Train/5/00005_00056_00017.png
client_0,38890,31,33,5,6,26,28,41,Train/41/00041_00005_00011.png
client_0,13677,62,60,5,5,57,55,9,Train/9/00009_00003_00027.png
client_0,30322,92,81,9,7,84,74,26,Train/26/00026_00011_00022.png
client_0,36339,45,45,6,6,40,40,38,Train/38/00038_00011_00010.png
client_0,5587,37,36,6,5,32,31,3,Train/3/00003_00018_00007.png
client_0,2598,50,51,5,6,45,46,1,Train/1/00001_00067_00018.png
client_0,9693,31,32,6,5,26,27,5,Train/5/00005_00042_00003.png
client_0,32460,26,25,5,5,20,20,31,Train/31/00031_00013_00000.png
client_0,11517,63,72,5,7,58,66,7,Train/7/00007_00026_00027.png
client_0,6535,70,71,6,7,64,65,4,Train/4/00004_00002_00025.png
client_0,36662,30,30,6,6,24,24,38,Train/38/00038_00022_00003.png
client_0,9088,63,65,5,6,58,60,5,Train/5/00005_00021_00028.png
client_0,10109,60,64,6,6,55,59,5,Train/5/00005_00055_00029.png
client_0,32703,33,33,6,6,28,28,31,Train/31/00031_00021_00003.png
client_0,7066,35,34,6,5,30,29,4,Train/4/00004_00020_00016.png
client_0,9795,39,36,6,5,33,30,5,Train/5/00005_00045_00015.png
client_0,7849,48,47,6,6,43,42,4,Train/4/00004_00046_00019.png
client_0,16975,45,48,5,6,40,43,10,Train/10/00010_00064_00025.png
client_0,8361,45,44,6,5,40,39,4,Train/4/00004_00063_00021.png
client_0,28268,58,56,5,6,53,51,24,Train/24/00024_00002_00008.png
client_0,8304,54,54,5,5,49,49,4,Train/4/00004_00061_00024.png
client_0,32260,37,37,6,6,32,32,31,Train/31/00031_00006_00010.png
client_0,8659,44,45,6,5,39,40,5,Train/5/00005_00007_00019.png
client_0,33739,46,49,6,5,40,43,33,Train/33/00033_00021_00020.png
client_0,35363,48,52,5,6,43,47,35,Train/35/00035_00038_00024.png
client_0,8746,39,38,6,5,34,33,5,Train/5/00005_00010_00016.png
client_0,25618,96,86,9,8,87,78,18,Train/18/00018_00001_00028.png
client_0,9197,36,36,5,5,31,31,5,Train/5/00005_00025_00017.png
client_0,7078,44,42,5,5,39,37,4,Train/4/00004_00020_00028.png
client_0,32176,52,47,6,5,47,42,31,Train/31/00031_00003_00016.png
client_0,30646,53,48,6,6,48,43,27,Train/27/00027_00002_00016.png
client_0,9950,45,45,5,5,40,40,5,Train/5/00005_00050_00020.png
client_0,34330,33,33,5,5,28,28,35,Train/35/00035_00004_00011.png
client_0,11194,33,33,5,5,28,28,7,Train/7/00007_00016_00004.png
client_0,32716,40,40,5,5,35,35,31,Train/31/00031_00021_00016.png
client_0,6888,40,42,5,5,34,37,4,Train/4/00004_00014_00018.png
client_0,34511,50,52,5,6,45,47,35,Train/35/00035_00010_00012.png
client_0,36109,50,52,5,5,44,46,38,Train/38/00038_00003_00020.png
client_0,33179,140,134,13,12,128,122,33,Train/33/00033_00002_00029.png
client_0,9011,38,38,6,6,32,32,5,Train/5/00005_00019_00011.png
client_0,28320,31,30,6,6,26,25,24,Train/24/00024_00004_00000.png
client_0,22778,54,54,6,6,49,49,14,Train/14/00014_00005_00008.png
client_0,15269,115,116,10,11,105,106,10,Train/10/00010_00007_00029.png
client_0,9216,32,30,6,6,26,24,5,Train/5/00005_00026_00006.png
client_0,35203,41,42,6,5,35,36,35,Train/35/00035_00033_00014.png
client_0,17288,53,49,6,5,48,44,11,Train/11/00011_00008_00008.png
client_0,38228,37,37,5,5,32,32,39,Train/39/00039_00005_00009.png
client_0,36627,106,116,9,10,97,106,38,Train/38/00038_00020_00028.png
client_0,27085,99,87,9,8,91,80,21,Train/21/00021_00003_00025.png
client_0,151,28,26,5,5,22,20,20,Train/20/00020_00005_00001.png
client_0,739,51,50,6,6,46,45,1,Train/1/00001_00005_00019.png
client_0,32154,92,85,8,7,84,78,31,Train/31/00031_00002_00024.png
client_0,32139,41,39,6,5,36,34,31,Train/31/00031_00002_00009.png
client_0,36096,40,41,6,5,35,35,38,Train/38/00038_00003_00007.png
client_0,10265,28,29,5,5,23,23,5,Train/5/00005_00061_00005.png
client_0,7060,30,31,5,5,25,25,4,Train/4/00004_00020_00010.png
client_0,33229,52,51,6,5,47,46,33,Train/33/00033_00004_00019.png
client_0,8598,38,39,6,6,33,34,5,Train/5/00005_00005_00018.png
client_0,33416,57,57,5,5,52,52,33,Train/33/00033_00010_00026.png
client_0,21567,85,81,7,8,78,74,13,Train/13/00013_00036_00027.png
client_0,8815,76,77,6,7,70,71,5,Train/5/00005_00012_00025.png
client_0,26631,58,53,6,6,53,48,18,Train/18/00018_00035_00021.png
client_0,10918,97,98,8,9,89,90,7,Train/7/00007_00006_00028.png
client_0,10621,27,30,5,6,21,24,6,Train/6/00006_00011_00001.png
client_0,7960,33,33,6,5,28,28,4,Train/4/00004_00050_00010.png
client_0,38172,36,38,5,6,31,32,39,Train/39/00039_00003_00013.png
client_0,8137,31,32,6,5,26,27,4,Train/4/00004_00056_00007.png
client_0,34878,49,47,6,6,44,42,35,Train/35/00035_00022_00019.png
client_0,30509,106,87,9,8,96,80,26,Train/26/00026_00017_00029.png
client_0,37705,99,106,9,9,91,96,38,Train/38/00038_00056_00026.png
client_0,25312,55,56,6,6,50,51,17,Train/17/00017_00028_00022.png
client_0,22793,68,68,6,6,62,62,14,Train/14/00014_00005_00023.png
client_0,25564,27,27,5,6,22,22,18,Train/18/00018_00000_00004.png
client_0,24945,34,33,6,5,29,28,17,Train/17/00017_00016_00015.png
client_0,23475,40,51,5,6,34,45,15,Train/15/00015_00002_00015.png
client_0,7001,44,48,5,6,39,43,4,Train/4/00004_00018_00011.png
client_0,8685,43,44,5,6,38,39,5,Train/5/00005_00008_00015.png
client_0,22800,31,33,6,6,26,28,14,Train/14/00014_00006_00000.png
client_0,10161,46,46,5,5,41,41,5,Train/5/00005_00057_00021.png
client_0,20978,48,47,5,6,43,42,13,Train/13/00013_00017_00008.png
client_0,22892,28,30,5,5,23,25,14,Train/14/00014_00009_00002.png
client_0,6427,31,29,6,5,26,24,3,Train/3/00003_00046_00007.png
client_0,6483,40,42,5,5,35,37,4,Train/4/00004_00001_00003.png
client_0,38719,53,53,6,5,47,48,40,Train/40/00040_00011_00020.png
client_0,25759,67,62,6,6,61,57,18,Train/18/00018_00006_00019.png
client_0,33481,39,40,5,5,34,34,33,Train/33/00033_00013_00001.png
client_0,11980,36,35,6,5,31,30,7,Train/7/00007_00042_00010.png
client_0,10424,42,42,5,6,37,37,6,Train/6/00006_00004_00014.png
client_0,7115,31,30,6,5,26,25,4,Train/4/00004_00022_00005.png
client_0,11074,29,30,5,5,24,24,7,Train/7/00007_00012_00004.png
client_0,9020,49,48,6,5,44,43,5,Train/5/00005_00019_00020.png
client_0,30002,41,39,6,6,36,34,26,Train/26/00026_00001_00002.png
client_0,32907,56,54,5,5,51,49,32,Train/32/00032_00001_00027.png
client_0,12092,27,29,5,6,22,24,7,Train/7/00007_00046_00002.png
client_0,35147,36,37,6,5,31,31,35,Train/35/00035_00031_00018.png
client_0,542,35,38,5,6,30,33,0,Train/0/00000_00006_00002.png
client_0,23090,67,67,6,6,61,61,14,Train/14/00014_00015_00020.png
client_0,26635,82,72,7,6,75,66,18,Train/18/00018_00035_00025.png
client_0,29505,71,60,7,5,65,55,25,Train/25/00025_00034_00015.png
client_0,7968,40,41,5,5,35,36,4,Train/4/00004_00050_00018.png
client_0,9515,29,29,5,5,24,24,5,Train/5/00005_00036_00005.png
client_0,25895,32,30,5,5,27,24,18,Train/18/00018_00011_00005.png
client_0,31478,39,39,5,5,34,34,29,Train/29/00029_00004_00008.png
client_0,33584,44,47,6,6,39,42,33,Train/33/00033_00016_00014.png
client_0,11583,28,29,5,6,23,24,7,Train/7/00007_00029_00003.png
client_0,25818,75,67,6,6,68,61,18,Train/18/00018_00008_00018.png
client_0,26543,91,92,8,9,83,84,18,Train/18/00018_00032_00023.png
client_0,10491,51,52,6,5,46,46,6,Train/6/00006_00006_00021.png
client_0,8090,69,72,7,7,63,66,4,Train/4/00004_00054_00020.png
client_0,37584,73,116,6,10,67,106,38,Train/38/00038_00052_00025.png
client_0,8122,48,46,6,5,43,41,4,Train/4/00004_00055_00022.png
client_0,37766,70,70,7,7,64,64,38,Train/38/00038_00058_00027.png
client_0,37258,109,111,9,9,100,102,38,Train/38/00038_00041_00029.png
client_0,36099,42,43,6,5,37,38,38,Train/38/00038_00003_00010.png
client_0,5483,39,40,5,6,34,35,3,Train/3/00003_00014_00023.png
client_0,13264,32,32,5,6,26,27,8,Train/8/00008_00037_00004.png
client_0,36230,56,60,5,6,51,55,38,Train/38/00038_00007_00021.png
client_0,32734,29,28,6,5,24,23,31,Train/31/00031_00022_00004.png
client_0,17242,51,46,6,6,46,41,11,Train/11/00011_00006_00022.png
client_0,22990,45,45,5,5,40,40,14,Train/14/00014_00012_00010.png
client_0,32421,45,46,5,5,40,41,31,Train/31/00031_00011_00021.png
client_0,35454,62,64,6,6,57,59,36,Train/36/00036_00001_00025.png
client_0,7196,69,70,6,7,63,64,4,Train/4/00004_00024_00026.png
client_0,21966,29,30,6,6,23,24,13,Train/13/00013_00050_00006.png
client_0,448,107,108,10,9,98,99,0,Train/0/00000_00002_00028.png
client_0,36298,81,85,8,8,74,78,38,Train/38/00038_00009_00029.png
client_0,2221,53,59,6,5,48,54,1,Train/1/00001_00055_00001.png
client_0,6218,30,30,6,5,25,25,3,Train/3/00003_00039_00008.png
client_0,9175,49,48,6,5,44,43,5,Train/5/00005_00024_00025.png
client_0,8745,39,39,6,6,33,33,5,Train/5/00005_00010_00015.png
client_0,38040,29,31,6,6,24,26,38,Train/38/00038_00068_00001.png
client_0,25348,47,50,6,5,42,45,17,Train/17/00017_00029_00028.png
client_0,6660,29,29,6,5,24,24,4,Train/4/00004_00007_00000.png
client_0,9895,60,59,6,6,55,54,5,Train/5/00005_00048_00025.png
client_0,8008,99,97,8,8,91,89,4,Train/4/00004_00051_00028.png
client_0,19426,46,47,6,6,41,42,12,Train/12/00012_00035_00016.png
client_0,429,34,33,6,5,29,28,0,Train/0/00000_00002_00009.png
client_0,5593,44,44,6,6,39,39,3,Train/3/00003_00018_00013.png
client_0,10635,39,39,5,5,34,34,6,Train/6/00006_00011_00015.png
client_0,30041,36,34,5,6,31,29,26,Train/26/00026_00002_00011.png
client_0,28398,58,52,5,5,53,47,24,Train/24/00024_00006_00018.png
client_0,152,30,28,6,6,24,22,20,Train/20/00020_00005_00002.png
client_0,10960,35,37,5,6,30,32,7,Train/7/00007_00008_00010.png
client_0,22151,53,51,5,6,47,46,13,Train/13/00013_00056_00011.png
client_0,32118,55,51,5,5,50,46,31,Train/31/00031_00001_00018.png
client_0,34573,41,39,6,5,36,34,35,Train/35/00035_00012_00014.png
client_0,34680,39,39,6,5,34,34,35,Train/35/00035_00016_00001.png
client_0,20526,41,39,5,5,36,34,13,Train/13/00013_00002_00006.png
client_0,22291,46,41,6,6,40,36,13,Train/13/00013_00061_00001.png
client_0,34865,40,39,6,5,35,34,35,Train/35/00035_00022_00006.png
client_0,9851,35,35,5,5,30,30,5,Train/5/00005_00047_00011.png
client_0,22098,108,104,10,10,99,95,13,Train/13/00013_00054_00018.png
client_0,45,45,41,5,6,40,35,20,Train/20/00020_00001_00015.png
client_0,10364,38,41,5,6,33,36,6,Train/6/00006_00002_00014.png
client_0,10103,46,48,6,6,41,43,5,Train/5/00005_00055_00023.png
client_0,32728,95,95,9,9,87,87,31,Train/31/00031_00021_00028.png
client_0,10181,32,31,6,6,27,26,5,Train/5/00005_00058_00011.png
client_0,127,33,33,6,6,28,28,20,Train/20/00020_00004_00007.png
client_0,11340,29,28,6,5,24,23,7,Train/7/00007_00021_00000.png
client_0,9923,44,45,6,5,39,40,5,Train/5/00005_00049_00023.png
client_0,25587,31,29,6,6,26,24,18,Train/18/00018_00000_00027.png
client_0,26396,109,98,10,9,100,90,18,Train/18/00018_00027_00026.png
client_0,6848,32,33,6,6,27,28,4,Train/4/00004_00013_00008.png
client_0,11601,45,45,5,5,40,40,7,Train/7/00007_00029_00021.png
client_0,11206,51,51,6,6,46,46,7,Train/7/00007_00016_00016.png
client_0,9006,35,34,6,5,29,28,5,Train/5/00005_00019_00006.png
client_0,1451,40,42,5,6,35,37,1,Train/1/00001_00029_00011.png
client_0,27225,63,55,5,6,58,50,21,Train/21/00021_00008_00015.png
client_0,6943,36,38,6,5,31,33,4,Train/4/00004_00016_00013.png
client_0,7126,37,38,6,5,32,33,4,Train/4/00004_00022_00016.png
client_0,33678,34,35,5,5,29,30,33,Train/33/00033_00019_00018.png
client_0,36097,40,43,5,6,35,38,38,Train/38/00038_00003_00008.png
client_0,10136,80,76,8,6,73,70,5,Train/5/00005_00056_00026.png
client_0,22117,43,40,5,5,38,35,13,Train/13/00013_00055_00007.png
client_0,35328,51,57,5,6,46,51,35,Train/35/00035_00037_00019.png
client_0,22250,97,89,9,8,88,81,13,Train/13/00013_00059_00020.png
client_0,7478,33,33,6,6,28,28,4,Train/4/00004_00034_00008.png
client_0,10023,28,28,6,6,23,23,5,Train/5/00005_00053_00003.png
client_0,6779,103,104,9,10,94,95,4,Train/4/00004_00010_00029.png
client_0,8661,46,49,5,6,41,44,5,Train/5/00005_00007_00021.png
client_0,38764,27,29,5,6,22,24,41,Train/41/00041_00001_00005.png
client_0,17961,81,75,7,7,74,68,11,Train/11/00011_00030_00021.png
client_0,10088,35,34,6,6,30,29,5,Train/5/00005_00055_00008.png
client_0,461,37,37,6,6,31,31,0,Train/0/00000_00003_00011.png
client_0,23150,52,53,5,5,47,48,14,Train/14/00014_00017_00020.png
client_0,36905,31,34,6,6,26,29,38,Train/38/00038_00030_00006.png
client_0,7741,26,26,5,5,21,21,4,Train/4/00004_00043_00001.png
client_0,11778,43,42,6,5,38,37,7,Train/7/00007_00035_00018.png
client_0,524,38,37,5,5,33,32,0,Train/0/00000_00005_00014.png
client_0,8215,54,54,6,6,49,49,4,Train/4/00004_00058_00025.png
client_0,23391,49,51,5,6,44,46,14,Train/14/00014_00025_00021.png
client_0,36372,31,29,6,5,26,24,38,Train/38/00038_00012_00013.png
client_0,9705,43,43,6,5,38,38,5,Train/5/00005_00042_00015.png
client_0,7250,51,51,6,6,46,46,4,Train/4/00004_00026_00020.png
client_0,22720,54,54,6,6,48,48,14,Train/14/00014_00003_00010.png
client_0,21709,71,63,7,6,65,58,13,Train/13/00013_00041_00019.png
client_0,25654,43,42,5,5,38,37,18,Train/18/00018_00003_00004.png
client_0,82,61,59,6,6,56,53,20,Train/20/00020_00002_00022.png
client_0,9091,34,35,5,6,29,30,5,Train/5/00005_00022_00001.png
client_0,38746,43,44,5,6,38,39,41,Train/41/00041_00000_00017.png
client_0,31409,164,149,14,13,150,137,29,Train/29/00029_00001_00029.png
client_0,9420,25,26,5,5,20,21,5,Train/5/00005_00033_00000.png
client_0,22280,68,63,6,6,62,58,13,Train/13/00013_00060_00020.png
client_0,6585,63,62,6,5,58,56,4,Train/4/00004_00004_00015.png
client_0,9099,37,36,6,5,32,31,5,Train/5/00005_00022_00009.png
client_0,25700,124,108,10,9,114,99,18,Train/18/00018_00004_00020.png
client_0,34678,122,117,10,11,112,107,35,Train/35/00035_00015_00029.png
client_0,34792,46,46,6,5,41,41,35,Train/35/00035_00019_00023.png
client_0,32727,80,81,7,8,73,74,31,Train/31/00031_00021_00027.png
client_0,8272,46,47,6,6,41,42,4,Train/4/00004_00060_00022.png
client_0,33320,87,92,7,8,80,84,33,Train/33/00033_00007_00020.png
client_0,29386,71,64,6,5,65,59,25,Train/25/00025_00030_00016.png
client_0,7365,41,41,5,5,36,36,4,Train/4/00004_00030_00015.png
client_0,30120,36,35,5,6,31,30,26,Train/26/00026_00005_00000.png
client_0,26654,59,59,6,6,54,54,18,Train/18/00018_00036_00014.png
client_0,11522,27,29,5,6,22,24,7,Train/7/00007_00027_00002.png
client_0,38107,30,30,5,5,24,25,39,Train/39/00039_00001_00008.png
client_0,11744,35,39,5,5,30,34,7,Train/7/00007_00034_00014.png
client_0,20879,86,74,8,7,78,67,13,Train/13/00013_00013_00029.png
client_0,1515,44,43,6,5,39,38,1,Train/1/00001_00031_00015.png
client_0,1096,46,48,5,6,41,43,1,Train/1/00001_00017_00016.png
client_0,28237,58,63,5,6,53,58,24,Train/24/00024_00001_00007.png
client_0,36555,47,46,6,5,42,41,38,Train/38/00038_00018_00016.png
client_0,7180,39,38,6,5,34,33,4,Train/4/00004_00024_00010.png
client_0,19416,37,38,6,6,32,33,12,Train/12/00012_00035_00006.png
client_0,11223,32,32,6,6,27,27,7,Train/7/00007_00017_00003.png
client_0,37787,51,52,5,6,46,47,38,Train/38/00038_00059_00018.png
client_0,20514,82,79,8,7,75,72,13,Train/13/00013_00001_00024.png
client_0,38490,37,39,5,6,32,34,40,Train/40/00040_00004_00001.png
client_0,9576,30,29,6,5,24,24,5,Train/5/00005_00038_00006.png
client_0,31403,87,76,8,6,79,70,29,Train/29/00029_00001_00023.png
client_0,7262,31,31,6,6,26,26,4,Train/4/00004_00027_00002.png
client_0,32540,64,58,6,6,59,53,31,Train/31/00031_00015_00020.png
client_0,6805,58,62,5,5,53,57,4,Train/4/00004_00011_00025.png
client_0,2125,71,72,6,7,65,66,1,Train/1/00001_00051_00025.png
client_0,8712,41,41,6,6,36,36,5,Train/5/00005_00009_00012.png
client_0,109,58,56,5,6,53,51,20,Train/20/00020_00003_00019.png
client_0,1643,54,55,6,6,49,50,1,Train/1/00001_00035_00023.png
client_0,6355,42,46,5,6,37,41,3,Train/3/00003_00043_00025.png
client_0,7650,26,27,5,6,21,22,4,Train/4/00004_00040_00000.png
client_0,33675,33,35,5,6,28,30,33,Train/33/00033_00019_00015.png
client_0,22724,61,63,6,6,56,58,14,Train/14/00014_00003_00014.png
client_0,32120,58,55,6,6,53,49,31,Train/31/00031_00001_00020.png
client_0,9968,34,35,5,6,29,30,5,Train/5/00005_00051_00008.png
client_0,6851,33,34,6,6,28,29,4,Train/4/00004_00013_00011.png
client_0,30791,40,38,6,6,35,32,27,Train/27/00027_00007_00011.png
client_0,93,38,36,6,6,33,31,20,Train/20/00020_00003_00003.png
client_0,22674,120,119,10,10,110,109,14,Train/14/00014_00001_00024.png
client_0,8985,33,33,5,6,27,28,5,Train/5/00005_00018_00015.png
client_0,9026,64,62,5,5,59,57,5,Train/5/00005_00019_00026.png
client_0,7286,52,53,5,6,47,48,4,Train/4/00004_00027_00026.png
client_0,32232,38,39,5,5,33,34,31,Train/31/00031_00005_00012.png
client_0,22991,45,45,5,5,40,40,14,Train/14/00014_00012_00011.png
client_0,38683,45,48,5,6,39,43,40,Train/40/00040_00010_00014.png
client_0,8657,42,41,6,5,37,36,5,Train/5/00005_00007_00017.png
client_0,26151,75,75,7,7,69,69,18,Train/18/00018_00019_00021.png
client_0,30644,48,44,5,6,43,39,27,Train/27/00027_00002_00014.png
client_0,23638,45,50,5,5,40,45,15,Train/15/00015_00007_00028.png
client_0,17492,29,28,6,5,24,23,11,Train/11/00011_00015_00002.png
client_0,9774,58,64,5,6,52,58,5,Train/5/00005_00044_00024.png
client_0,35115,38,38,5,6,33,33,35,Train/35/00035_00030_00016.png
client_0,30068,36,33,6,5,31,28,26,Train/26/00026_00003_00008.png
client_0,32323,46,44,5,5,41,39,31,Train/31/00031_00008_00013.png
client_0,10270,31,31,6,6,25,25,5,Train/5/00005_00061_00010.png
client_0,35574,63,62,5,5,58,56,36,Train/36/00036_00005_00025.png
client_0,23613,27,30,5,6,22,25,15,Train/15/00015_00007_00003.png
client_0,23629,39,42,6,6,34,37,15,Train/15/00015_00007_00019.png
client_0,11332,46,47,5,5,41,42,7,Train/7/00007_00020_00022.png
client_0,37212,49,57,5,6,44,52,38,Train/38/00038_00040_00013.png
client_0,10231,27,28,6,6,21,22,5,Train/5/00005_00060_00001.png
client_0,34747,32,34,5,5,27,29,35,Train/35/00035_00018_00008.png
client_0,37534,35,35,6,6,29,29,38,Train/38/00038_00051_00005.png
client_0,38082,99,103,8,9,91,94,39,Train/39/00039_00000_00013.png
client_0,23571,43,43,5,5,38,38,15,Train/15/00015_00005_00021.png
client_0,9061,30,29,5,5,24,24,5,Train/5/00005_00021_00001.png
client_0,6254,34,36,5,5,29,31,3,Train/3/00003_00040_00014.png
client_0,7769,129,128,11,12,118,117,4,Train/4/00004_00043_00029.png
client_0,11365,56,57,6,6,51,52,7,Train/7/00007_00021_00025.png
client_0,33360,71,75,6,7,65,69,33,Train/33/00033_00009_00000.png
client_0,38788,81,84,7,8,74,77,41,Train/41/00041_00001_00029.png
client_0,6854,37,36,6,5,31,31,4,Train/4/00004_00013_00014.png
client_0,11506,37,38,5,6,31,33,7,Train/7/00007_00026_00016.png
client_0,17799,37,34,5,5,32,29,11,Train/11/00011_00025_00009.png
client_0,1000,34,34,5,5,29,29,1,Train/1/00001_00014_00010.png
client_0,6883,35,36,5,5,30,31,4,Train/4/00004_00014_00013.png
client_0,7794,51,51,6,5,46,46,4,Train/4/00004_00044_00024.png
client_0,18354,51,51,6,6,46,46,11,Train/11/00011_00043_00024.png
client_0,32646,44,43,6,5,38,37,31,Train/31/00031_00019_00006.png
client_0,11069,85,86,8,8,78,79,7,Train/7/00007_00011_00029.png
client_0,366,33,34,6,6,28,28,0,Train/0/00000_00000_00006.png
client_0,8798,34,35,6,6,29,29,5,Train/5/00005_00012_00008.png
client_0,190,35,32,5,6,29,27,20,Train/20/00020_00006_00010.png
client_0,6668,33,32,6,5,28,27,4,Train/4/00004_00007_00008.png
client_0,5956,41,42,6,6,36,37,3,Train/3/00003_00030_00016.png
client_0,9405,35,37,5,6,29,31,5,Train/5/00005_00032_00015.png
client_0,26333,87,81,8,7,80,74,18,Train/18/00018_00025_00023.png
client_0,18899,118,116,10,10,108,106,12,Train/12/00012_00017_00029.png
client_0,19023,34,34,5,5,29,29,12,Train/12/00012_00022_00003.png
client_0,30580,59,55,6,5,53,49,27,Train/27/00027_00000_00010.png
client_0,28846,71,69,6,7,65,63,25,Train/25/00025_00012_00016.png
client_0,34570,38,39,6,6,32,33,35,Train/35/00035_00012_00011.png
client_0,8262,36,35,6,5,31,30,4,Train/4/00004_00060_00012.png
client_0,9236,48,41,5,5,43,36,5,Train/5/00005_00026_00026.png
client_0,11534,37,36,6,5,32,31,7,Train/7/00007_00027_00014.png
client_0,10965,39,40,6,6,34,35,7,Train/7/00007_00008_00015.png
client_0,25650,38,40,6,5,37,35,18,Train/18/00018_00003_00000.png
client_0,26248,134,136,11,12,123,125,18,Train/18/00018_00022_00028.png
client_0,12051,39,41,6,5,34,35,7,Train/7/00007_00044_00021.png
client_0,37695,57,60,6,6,52,55,38,Train/38/00038_00056_00016.png
client_0,28466,51,54,5,6,46,49,24,Train/24/00024_00008_00026.png
client_0,23801,37,40,5,5,31,34,15,Train/15/00015_00013_00011.png
client_0,33380,95,93,8,8,87,85,33,Train/33/00033_00009_00020.png
client_0,9610,32,33,6,6,26,27,5,Train/5/00005_00039_00010.png
client_0,6731,37,36,6,5,32,31,4,Train/4/00004_00009_00011.png
client_0,32291,37,35,5,6,32,30,31,Train/31/00031_00007_00011.png
client_0,9878,37,37,6,5,32,32,5,Train/5/00005_00048_00008.png
client_0,11239,42,43,5,6,37,38,7,Train/7/00007_00017_00019.png
client_0,10916,82,82,8,8,75,75,7,Train/7/00007_00006_00026.png
client_0,38757,99,99,8,8,91,91,41,Train/41/00041_00000_00028.png
client_0,8451,51,51,6,5,46,46,5,Train/5/00005_00000_00021.png
client_0,12071,33,33,6,6,27,28,7,Train/7/00007_00045_00011.png
client_0,11739,33,36,6,6,28,31,7,Train/7/00007_00034_00009.png
client_0,8718,51,51,5,5,46,46,5,Train/5/00005_00009_00018.png
client_0,23363,52,52,6,5,47,47,14,Train/14/00014_00024_00023.png
client_0,7163,39,40,6,6,34,35,4,Train/4/00004_00023_00023.png
client_0,5384,38,39,5,6,33,34,3,Train/3/00003_00011_00014.png
client_0,8999,48,47,5,5,43,42,5,Train/5/00005_00018_00029.png
client_0,11197,38,38,6,6,33,33,7,Train/7/00007_00016_00007.png
client_0,37340,63,61,5,5,58,56,38,Train/38/00038_00044_00021.png
client_0,26748,60,56,6,6,54,50,18,Train/18/00018_00039_00018.png
client_0,183,29,27,5,5,23,22,20,Train/20/00020_00006_00003.png
client_0,11547,60,61,5,5,55,56,7,Train/7/00007_00027_00027.png
client_0,36294,60,62,5,6,55,57,38,Train/38/00038_00009_00025.png
client_0,11350,34,33,6,5,29,28,7,Train/7/00007_00021_00010.png
client_0,9966,33,33,6,6,28,28,5,Train/5/00005_00051_00006.png
client_0,7803,31,33,5,6,26,28,4,Train/4/00004_00045_00003.png
client_0,8880,29,29,6,5,24,24,5,Train/5/00005_00015_00000.png
client_0,25675,105,95,10,8,96,87,18,Train/18/00018_00003_00025.png
client_0,31912,91,81,8,7,83,74,30,Train/30/00030_00009_00022.png
client_0,35871,86,85,7,7,79,78,37,Train/37/00037_00002_00022.png
client_0,36720,30,32,5,6,24,26,38,Train/38/00038_00024_00001.png
client_0,7433,56,57,5,6,51,52,4,Train/4/00004_00032_00023.png
client_0,18204,93,85,8,8,85,78,11,Train/11/00011_00038_00024.png
client_0,7487,40,40,5,5,35,35,4,Train/4/00004_00034_00017.png
client_0,36822,30,32,5,6,25,27,38,Train/38/00038_00027_00013.png
client_0,32788,97,88,9,7,89,81,31,Train/31/00031_00023_00028.png
client_0,9637,29,30,6,6,24,24,5,Train/5/00005_00040_00007.png
client_0,19233,42,40,6,5,37,34,12,Train/12/00012_00029_00003.png
client_0,8500,30,31,5,6,25,26,5,Train/5/00005_00002_00010.png
client_0,9181,28,28,5,5,23,23,5,Train/5/00005_00025_00001.png
client_0,7507,33,33,5,5,28,28,4,Train/4/00004_00035_00007.png
client_0,10889,147,146,13,12,135,134,7,Train/7/00007_00005_00029.png
client_0,23309,116,148,10,13,106,136,14,Train/14/00014_00022_00029.png
client_0,30796,47,43,6,6,42,38,27,Train/27/00027_00007_00016.png
client_0,9633,27,26,6,5,22,21,5,Train/5/00005_00040_00003.png
client_0,37530,32,32,5,5,27,27,38,Train/38/00038_00051_00001.png
client_0,2152,57,59,5,5,52,54,1,Train/1/00001_00052_00022.png
client_0,6694,30,31,6,6,25,26,4,Train/4/00004_00008_00004.png
client_0,32209,55,48,6,5,50,43,31,Train/31/00031_00004_00019.png
client_0,9306,30,30,6,5,25,25,5,Train/5/00005_00029_00006.png
client_0,10338,45,45,6,5,40,40,6,Train/6/00006_00001_00018.png
client_0,6810,29,29,5,5,24,24,4,Train/4/00004_00012_00000.png
client_0,35313,38,41,6,5,32,36,35,Train/35/00035_00037_00004.png
client_0,710,37,38,5,6,32,33,1,Train/1/00001_00004_00020.png
client_0,6938,31,34,5,5,25,28,4,Train/4/00004_00016_00008.png
client_0,32581,55,49,6,5,50,44,31,Train/31/00031_00017_00001.png
client_0,32357,55,50,6,5,50,45,31,Train/31/00031_00009_00017.png
client_0,22866,35,40,5,5,30,35,14,Train/14/00014_00008_00006.png
client_0,10211,34,33,5,5,29,28,5,Train/5/00005_00059_00011.png
client_0,33357,84,87,8,7,76,79,33,Train/33/00033_00008_00027.png
client_0,7992,39,37,5,5,34,32,4,Train/4/00004_00051_00012.png
client_0,9002,30,30,5,5,25,25,5,Train/5/00005_00019_00002.png
client_0,26594,45,40,6,6,40,35,18,Train/18/00018_00034_00014.png
client_0,10178,30,30,5,6,25,25,5,Train/5/00005_00058_00008.png
client_0,8419,40,40,5,5,35,35,4,Train/4/00004_00065_00019.png
client_0,9376,36,37,5,5,31,32,5,Train/5/00005_00031_00016.png
client_0,32336,82,74,7,7,75,68,31,Train/31/00031_00008_00026.png
client_0,37446,32,30,6,6,27,25,38,Train/38/00038_00048_00007.png
client_0,7961,34,33,6,5,28,28,4,Train/4/00004_00050_00011.png
client_0,9051,37,36,5,5,32,31,5,Train/5/00005_00020_00021.png
client_0,9726,32,31,5,5,26,26,5,Train/5/00005_00043_00006.png
client_0,37513,34,37,5,6,29,32,38,Train/38/00038_00050_00014.png
client_0,7045,86,87,7,8,79,80,4,Train/4/00004_00019_00025.png
client_0,22836,39,38,6,5,34,33,14,Train/14/00014_00007_00006.png
client_0,32141,43,41,5,5,38,36,31,Train/31/00031_00002_00011.png
client_0,33412,47,47,6,5,42,41,33,Train/33/00033_00010_00022.png
client_0,7921,29,28,6,5,23,23,4,Train/4/00004_00049_00001.png
client_0,8968,107,106,10,9,98,97,5,Train/5/00005_00017_00028.png
client_0,32283,34,32,6,6,29,26,31,Train/31/00031_00007_00003.png
client_0,5088,39,40,6,6,34,34,3,Train/3/00003_00001_00018.png
client_0,10562,27,29,6,6,22,24,6,Train/6/00006_00009_00002.png
client_0,9018,46,45,5,5,40,40,5,Train/5/00005_00019_00018.png
client_0,23369,61,60,6,5,56,55,14,Train/14/00014_00024_00029.png
client_0,32532,50,48,5,6,45,42,31,Train/31/00031_00015_00012.png
client_0,23685,52,52,6,6,47,47,15,Train/15/00015_00009_00015.png
client_0,518,32,32,5,5,27,26,0,Train/0/00000_00005_00008.png
client_0,2580,32,33,5,6,27,28,1,Train/1/00001_00067_00000.png
client_0,26679,47,47,6,6,42,42,18,Train/18/00018_00037_00009.png
client_0,7030,39,39,5,5,34,34,4,Train/4/00004_00019_00010.png
client_0,9182,28,29,5,6,23,24,5,Train/5/00005_00025_00002.png
client_0,33205,71,76,6,6,65,70,33,Train/33/00033_00003_00025.png
client_0,5226,47,49,5,6,41,44,3,Train/3/00003_00006_00006.png
client_0,7910,51,50,6,5,46,45,4,Train/4/00004_00048_00020.png
client_0,9567,51,46,6,5,46,41,5,Train/5/00005_00037_00027.png
client_0,7933,35,35,6,5,30,30,4,Train/4/00004_00049_00013.png
client_0,30821,41,40,6,6,36,35,28,Train/28/00028_00000_00011.png
client_0,22349,154,139,13,12,141,127,13,Train/13/00013_00062_00029.png
client_0,10658,30,31,6,6,24,25,6,Train/6/00006_00012_00008.png
client_0,25616,87,78,8,7,80,71,18,Train/18/00018_00001_00026.png
client_0,28548,56,51,6,6,51,46,25,Train/25/00025_00002_00018.png
client_0,9937,34,33,6,5,29,28,5,Train/5/00005_00050_00007.png
client_0,1454,46,47,5,6,40,41,1,Train/1/00001_00029_00014.png
client_0,34781,33,32,6,5,28,27,35,Train/35/00035_00019_00012.png
client_0,2725,76,75,7,6,70,69,1,Train/1/00001_00071_00025.png
client_0,30761,48,42,5,5,43,37,27,Train/27/00027_00006_00011.png
client_0,36601,29,29,6,5,24,24,38,Train/38/00038_00020_00002.png
client_0,761,50,59,5,5,44,53,1,Train/1/00001_00006_00011.png
client_0,7343,62,61,6,5,57,56,4,Train/4/00004_00029_00023.png
client_0,5122,50,52,6,6,45,47,3,Train/3/00003_00002_00022.png
client_0,30889,71,65,6,6,65,60,28,Train/28/00028_00002_00019.png
client_0,9900,30,31,5,6,25,26,5,Train/5/00005_00049_00000.png
client_0,24735,39,43,5,5,34,38,17,Train/17/00017_00009_00015.png
client_0,8342,28,28,6,6,23,23,4,Train/4/00004_00063_00002.png
client_0,12105,33,33,5,5,28,28,7,Train/7/00007_00046_00015.png
client_0,9377,37,39,5,6,32,34,5,Train/5/00005_00031_00017.png
client_0,11715,42,42,6,6,37,36,7,Train/7/00007_00033_00015.png
client_0,7036,49,49,5,5,44,44,4,Train/4/00004_00019_00016.png
client_0,38704,44,45,6,5,38,39,40,Train/40/00040_00011_00005.png
client_0,738,49,47,5,5,43,42,1,Train/1/00001_00005_00018.png
client_0,7261,30,30,6,6,25,25,4,Train/4/00004_00027_00001.png
client_0,36652,50,51,6,5,45,46,38,Train/38/00038_00021_00023.png
client_0,30152,32,30,5,6,26,25,26,Train/26/00026_00006_00002.png
client_0,1042,56,56,6,6,51,51,1,Train/1/00001_00015_00022.png
client_0,29844,55,54,5,6,50,49,25,Train/25/00025_00045_00024.png
client_0,28109,98,89,9,8,90,82,23,Train/23/00023_00013_00029.png
client_0,2003,61,60,6,5,56,55,1,Train/1/00001_00047_00023.png
client_0,35394,81,83,7,8,74,76,35,Train/35/00035_00039_00025.png
client_0,20546,64,69,5,7,59,62,13,Train/13/00013_00002_00026.png
client_0,26451,69,61,6,5,63,56,18,Train/18/00018_00029_00021.png
client_0,29968,116,111,10,9,106,101,25,Train/25/00025_00049_00028.png
client_0,37093,59,59,5,5,54,54,38,Train/38/00038_00036_00014.png
client_0,33650,41,57,6,5,35,52,33,Train/33/00033_00018_00020.png
client_0,9102,38,38,5,5,33,33,5,Train/5/00005_00022_00012.png
client_0,9295,53,50,5,5,48,45,5,Train/5/00005_00028_00025.png
client_0,34484,42,41,6,5,36,36,35,Train/35/00035_00009_00015.png
client_0,11328,42,42,6,5,37,37,7,Train/7/00007_00020_00018.png
client_0,37899,32,33,5,6,27,28,38,Train/38/00038_00063_00010.png
client_0,73,44,42,6,5,39,37,20,Train/20/00020_00002_00013.png
client_0,17081,67,63,6,5,61,58,11,Train/11/00011_00001_00011.png
client_0,11237,40,40,5,5,35,35,7,Train/7/00007_00017_00017.png
client_0,1632,33,35,5,6,28,30,1,Train/1/00001_00035_00012.png
client_0,33669,32,34,5,6,26,28,33,Train/33/00033_00019_00009.png
client_0,853,38,37,5,5,33,32,1,Train/1/00001_00009_00013.png
client_0,9123,33,32,6,5,28,27,5,Train/5/00005_00023_00003.png
client_0,28393,46,43,6,6,41,38,24,Train/24/00024_00006_00013.png
client_0,10,36,33,5,6,31,28,20,Train/20/00020_00000_00010.png
client_0,10008,42,43,5,6,37,38,5,Train/5/00005_00052_00018.png
client_0,22801,31,33,6,5,26,27,14,Train/14/00014_00006_00001.png
client_0,10688,32,31,5,5,26,26,6,Train/6/00006_00013_00008.png
client_0,1031,34,36,6,6,29,30,1,Train/1/00001_00015_00011.png
client_0,8258,33,34,5,6,28,29,4,Train/4/00004_00060_00008.png
client_0,35664,69,70,6,7,63,64,36,Train/36/00036_00008_00025.png
client_0,37405,58,57,6,6,53,52,38,Train/38/00038_00046_00026.png
client_0,6873,28,30,5,6,23,25,4,Train/4/00004_00014_00003.png
client_0,12074,36,37,5,6,30,31,7,Train/7/00007_00045_00014.png
client_0,22754,52,53,5,6,47,48,14,Train/14/00014_00004_00014.png
client_0,208,84,71,8,6,76,64,20,Train/20/00020_00006_00028.png
client_0,11047,39,38,6,5,34,33,7,Train/7/00007_00011_00007.png
client_0,36453,32,35,5,6,26,29,38,Train/38/00038_00015_00004.png
client_0,8678,36,36,6,6,31,31,5,Train/5/00005_00008_00008.png
client_0,29015,33,30,5,5,28,25,25,Train/25/00025_00018_00005.png
client_0,30631,33,31,6,6,28,25,27,Train/27/00027_00002_00001.png
client_0,24988,83,86,8,8,76,79,17,Train/17/00017_00017_00028.png
client_0,35402,31,31,5,6,25,26,36,Train/36/00036_00000_00003.png
client_0,35288,30,31,5,5,25,26,35,Train/35/00035_00036_00009.png
client_0,38234,46,46,6,6,41,41,39,Train/39/00039_00005_00015.png
client_0,13045,80,80,7,7,73,73,8,Train/8/00008_00029_00025.png
client_0,19768,64,62,6,6,59,57,12,Train/12/00012_00046_00028.png
client_0,10713,28,28,6,6,23,23,7,Train/7/00007_00000_00003.png
client_0,8836,41,39,6,5,35,34,5,Train/5/00005_00013_00016.png
client_0,10381,29,31,5,6,24,26,6,Train/6/00006_00003_00001.png
client_0,8924,42,41,6,5,37,36,5,Train/5/00005_00016_00014.png
client_0,8710,38,37,6,5,33,32,5,Train/5/00005_00009_00010.png
client_0,22726,63,68,5,6,58,61,14,Train/14/00014_00003_00016.png
client_0,19354,37,41,5,5,32,36,12,Train/12/00012_00033_00004.png
client_0,10598,32,34,5,6,27,29,6,Train/6/00006_00010_00008.png
client_0,6778,95,95,9,9,87,86,4,Train/4/00004_00010_00028.png
client_0,30320,79,72,7,6,72,66,26,Train/26/00026_00011_00020.png
client_0,36625,93,99,8,8,85,91,38,Train/38/00038_00020_00026.png
client_0,8977,30,30,6,6,25,25,5,Train/5/00005_00018_00007.png
client_0,1085,35,35,5,5,30,30,1,Train/1/00001_00017_00005.png
client_0,30743,58,56,5,6,53,51,27,Train/27/00027_00005_00023.png
client_0,9450,27,28,6,6,22,23,5,Train/5/00005_00034_00000.png
client_0,10962,36,37,5,5,31,32,7,Train/7/00007_00008_00012.png
client_0,8535,34,34,5,6,29,29,5,Train/5/00005_00003_00015.png
client_0,11053,42,42,5,5,37,37,7,Train/7/00007_00011_00013.png
client_0,10999,38,39,6,6,33,34,7,Train/7/00007_00009_00019.png
client_0,5366,85,87,8,8,78,80,3,Train/3/00003_00010_00026.png
client_0,21733,48,42,6,5,43,37,13,Train/13/00013_00042_00013.png
client_0,18955,84,85,7,8,77,78,12,Train/12/00012_00019_00025.png
client_0,9049,37,35,6,5,31,29,5,Train/5/00005_00020_00019.png
client_0,22175,80,71,7,6,73,64,13,Train/13/00013_00057_00005.png
client_0,26509,47,43,5,5,41,38,18,Train/18/00018_00031_00019.png
client_0,9219,31,29,5,5,26,24,5,Train/5/00005_00026_00009.png
client_0,10057,31,31,5,6,26,26,5,Train/5/00005_00054_00007.png
client_0,22278,63,55,6,5,58,50,13,Train/13/00013_00060_00018.png
client_0,23335,81,82,7,8,74,75,14,Train/14/00014_00023_00025.png
client_0,28385,35,33,6,6,30,28,24,Train/24/00024_00006_00005.png
client_0,10010,42,42,5,5,37,37,5,Train/5/00005_00052_00020.png
client_0,909,35,36,5,5,30,31,1,Train/1/00001_00011_00009.png
client_0,30267,88,82,7,8,81,75,26,Train/26/00026_00009_00027.png
client_0,33602,30,37,6,6,25,31,33,Train/33/00033_00017_00002.png
client_0,8542,42,41,6,5,37,36,5,Train/5/00005_00003_00022.png
client_0,7590,30,30,6,6,25,25,4,Train/4/00004_00038_00000.png
client_0,34981,29,28,6,5,24,23,35,Train/35/00035_00026_00002.png
client_0,25501,27,26,6,5,22,21,17,Train/17/00017_00035_00001.png
client_0,9397,29,29,5,5,23,24,5,Train/5/00005_00032_00007.png
client_0,8728,116,120,10,10,106,110,5,Train/5/00005_00009_00028.png
client_0,33173,71,69,7,6,65,63,33,Train/33/00033_00002_00023.png
client_0,10259,48,57,6,5,43,51,5,Train/5/00005_00060_00029.png
client_0,30071,39,38,5,6,34,33,26,Train/26/00026_00003_00011.png
client_0,36993,27,32,6,6,22,27,38,Train/38/00038_00033_00004.png
client_0,8303,51,51,6,6,46,46,4,Train/4/00004_00061_00023.png
client_0,9947,41,41,5,5,36,36,5,Train/5/00005_00050_00017.png
client_0,37622,29,30,5,6,24,25,38,Train/38/00038_00054_00003.png
client_0,33655,46,73,6,6,41,67,33,Train/33/00033_00018_00025.png
client_0,19981,33,33,6,6,28,28,12,Train/12/00012_00054_00001.png
client_0,11631,38,39,5,6,32,33,7,Train/7/00007_00030_00021.png
client_0,8162,29,30,5,6,24,25,4,Train/4/00004_00057_00002.png
client_0,11633,38,39,5,5,33,34,7,Train/7/00007_00030_00023.png
client_0,2166,57,58,6,5,52,53,1,Train/1/00001_00053_00006.png
client_0,8734,31,32,5,5,26,27,5,Train/5/00005_00010_00004.png
client_0,29128,140,127,13,11,128,116,25,Train/25/00025_00021_00028.png
client_0,554,50,53,5,6,45,48,0,Train/0/00000_00006_00014.png
client_0,9645,34,36,5,6,29,31,5,Train/5/00005_00040_00015.png
client_0,29112,43,41,6,6,38,36,25,Train/25/00025_00021_00012.png
client_0,22955,42,44,5,6,37,39,14,Train/14/00014_00011_00005.png
client_0,33614,37,45,5,5,32,40,33,Train/33/00033_00017_00014.png
client_0,9044,33,32,6,6,28,27,5,Train/5/00005_00020_00014.png
client_0,17281,45,42,6,5,40,37,11,Train/11/00011_00008_00001.png
client_0,23005,56,57,5,6,51,52,14,Train/14/00014_00012_00025.png
client_0,33197,47,50,6,6,42,45,33,Train/33/00033_00003_00017.png
client_0,8270,45,44,6,5,40,39,4,Train/4/00004_00060_00020.png
client_0,30,29,31,5,6,24,26,20,Train/20/00020_00001_00000.png
client_0,25269,32,33,6,6,27,28,17,Train/17/00017_00027_00009.png
client_0,29825,37,33,6,5,32,28,25,Train/25/00025_00045_00005.png
client_0,18678,57,49,5,6,52,43,12,Train/12/00012_00010_00018.png
client_0,30444,158,143,13,12,145,131,26,Train/26/00026_00015_00024.png
client_0,11327,39,40,5,5,34,35,7,Train/7/00007_00020_00017.png
client_0,29552,40,37,5,5,35,32,25,Train/25/00025_00036_00002.png
client_0,239,124,119,11,10,114,109,20,Train/20/00020_00007_00029.png
client_0,38332,55,58,5,6,50,53,39,Train/39/00039_00008_00023.png
client_0,38871,47,46,6,5,42,41,41,Train/41/00041_00004_00022.png
client_0,33770,50,50,5,6,45,45,33,Train/33/00033_00022_00021.png
client_0,38155,93,97,9,9,85,89,39,Train/39/00039_00002_00026.png
client_0,11542,46,47,5,5,40,42,7,Train/7/00007_00027_00022.png
client_0,28233,54,61,5,6,48,56,24,Train/24/00024_00001_00003.png
client_0,6748,62,62,6,6,57,57,4,Train/4/00004_00009_00028.png
client_0,28399,62,57,6,6,57,52,24,Train/24/00024_00006_00019.png
client_0,11115,41,39,5,5,36,34,7,Train/7/00007_00013_00015.png
client_0,33530,41,45,5,6,36,39,33,Train/33/00033_00014_00020.png
client_0,38266,36,36,6,6,31,31,39,Train/39/00039_00006_00017.png
client_0,7610,47,46,6,5,42,41,4,Train/4/00004_00038_00020.png
client_0,1155,37,37,5,5,32,32,1,Train/1/00001_00019_00015.png
client_0,37911,54,52,6,5,49,47,38,Train/38/00038_00063_00022.png
client_0,35171,37,37,6,6,32,32,35,Train/35/00035_00032_00012.png
client_0,9068,34,35,5,6,29,30,5,Train/5/00005_00021_00008.png
client_0,11675,34,34,6,6,29,29,7,Train/7/00007_00032_00005.png
client_0,28464,49,50,5,5,44,45,24,Train/24/00024_00008_00024.png
client_0,20115,54,50,5,5,49,45,12,Train/12/00012_00058_00015.png
client_0,36692,30,30,5,5,25,25,38,Train/38/00038_00023_00003.png
client_0,5107,32,34,5,6,27,28,3,Train/3/00003_00002_00007.png
client_0,33662,30,30,5,5,24,25,33,Train/33/00033_00019_00002.png
client_0,6992,38,40,6,6,33,35,4,Train/4/00004_00018_00002.png
client_0,29262,46,45,5,6,41,40,25,Train/25/00025_00026_00012.png
client_0,9737,40,40,6,6,35,35,5,Train/5/00005_00043_00017.png
client_0,34961,38,40,5,6,32,35,35,Train/35/00035_00025_00012.png
client_0,8970,26,26,5,5,21,21,5,Train/5/00005_00018_00000.png
client_0,28248,64,68,5,6,59,62,24,Train/24/00024_00001_00018.png
client_0,28299,61,55,6,6,56,50,24,Train/24/00024_00003_00009.png
client_0,27711,53,52,6,6,48,46,23,Train/23/00023_00000_00021.png
client_0,1329,34,32,6,6,29,27,1,Train/1/00001_00025_00009.png
client_0,24902,27,31,5,5,22,26,17,Train/17/00017_00015_00002.png
client_0,6832,58,56,6,6,53,51,4,Train/4/00004_00012_00022.png
client_0,32609,164,148,14,13,150,136,31,Train/31/00031_00017_00029.png
client_0,11824,30,29,6,5,24,24,7,Train/7/00007_00037_00004.png
client_0,6466,56,56,6,6,51,51,4,Train/4/00004_00000_00016.png
client_0,19479,50,51,5,6,45,46,12,Train/12/00012_00037_00009.png
client_0,7302,36,36,6,6,31,31,4,Train/4/00004_00028_00012.png
client_0,10056,31,31,5,6,26,26,5,Train/5/00005_00054_00006.png
client_0,9884,39,40,5,6,34,35,5,Train/5/00005_00048_00014.png
client_0,11521,28,28,6,5,23,23,7,Train/7/00007_00027_00001.png
client_0,28384,35,32,6,6,30,27,24,Train/24/00024_00006_00004.png
client_0,7324,31,32,5,6,26,27,4,Train/4/00004_00029_00004.png
client_0,11963,51,50,6,5,46,45,7,Train/7/00007_00041_00023.png
client_0,32720,49,48,6,5,44,43,31,Train/31/00031_00021_00020.png
client_0,38148,61,71,5,7,56,65,39,Train/39/00039_00002_00019.png
client_0,32718,44,44,5,5,39,39,31,Train/31/00031_00021_00018.png
client_0,9300,27,28,5,5,22,23,5,Train/5/00005_00029_00000.png
client_0,11072,29,29,5,5,23,23,7,Train/7/00007_00012_00002.png
client_0,10540,30,32,6,6,25,27,6,Train/6/00006_00008_00010.png
client_0,29841,52,49,5,6,47,44,25,Train/25/00025_00045_00021.png
client_0,27944,59,55,6,6,54,50,23,Train/23/00023_00008_00014.png
client_0,10416,34,34,6,5,29,29,6,Train/6/00006_00004_00006.png
client_0,35135,29,29,6,6,24,24,35,Train/35/00035_00031_00006.png
client_0,8894,44,43,6,5,39,38,5,Train/5/00005_00015_00014.png
client_0,33136,40,41,5,6,35,36,33,Train/33/00033_00001_00016.png
client_0,33749,26,27,5,6,21,22,33,Train/33/00033_00022_00000.png
client_0,23242,104,105,10,10,95,96,14,Train/14/00014_00020_00022.png
client_0,7594,34,33,6,5,29,28,4,Train/4/00004_00038_00004.png
client_0,32380,34,32,5,6,29,27,31,Train/31/00031_00010_00010.png
client_0,17617,33,29,6,6,28,24,11,Train/11/00011_00019_00007.png
client_0,8421,43,45,5,6,38,40,4,Train/4/00004_00065_00021.png
client_0,37620,29,28,6,5,24,23,38,Train/38/00038_00054_00001.png
client_0,36364,27,26,6,5,21,20,38,Train/38/00038_00012_00005.png
client_0,11525,29,29,6,5,24,24,7,Train/7/00007_00027_00005.png
client_0,38687,52,54,6,5,47,48,40,Train/40/00040_00010_00018.png
client_0,33705,47,46,6,5,42,41,33,Train/33/00033_00020_00016.png
client_0,34469,25,25,5,5,20,20,35,Train/35/00035_00009_00000.png
client_0,11201,40,41,5,6,35,36,7,Train/7/00007_00016_00011.png
client_0,34323,29,29,6,6,24,24,35,Train/35/00035_00004_00004.png
client_0,9239,55,46,5,5,49,41,5,Train/5/00005_00026_00029.png
client_0,28504,69,65,7,6,63,60,25,Train/25/00025_00001_00004.png
client_0,8375,30,29,6,6,25,24,4,Train/4/00004_00064_00005.png
client_0,28397,54,51,5,6,49,46,24,Train/24/00024_00006_00017.png
client_0,8775,45,48,6,6,40,42,5,Train/5/00005_00011_00015.png
client_0,32401,32,33,5,6,26,27,31,Train/31/00031_00011_00001.png
client_0,9570,27,27,6,6,21,22,5,Train/5/00005_00038_00000.png
client_0,5953,36,37,5,6,30,32,3,Train/3/00003_00030_00013.png
client_0,11696,88,88,8,7,81,80,7,Train/7/00007_00032_00026.png
client_0,8344,28,27,6,5,23,22,4,Train/4/00004_00063_00004.png
client_0,27028,106,84,9,7,97,77,21,Train/21/00021_00001_00028.png
client_0,7676,55,55,5,5,50,50,4,Train/4/00004_00040_00026.png
client_0,6771,50,51,5,6,44,45,4,Train/4/00004_00010_00021.png
client_0,36868,34,34,6,5,29,29,38,Train/38/00038_00028_00029.png
client_0,8671,30,30,6,6,25,25,5,Train/5/00005_00008_00001.png
client_0,37453,38,37,5,5,33,32,38,Train/38/00038_00048_00014.png
client_0,8444,39,41,5,6,34,36,5,Train/5/00005_00000_00014.png
client_0,11770,34,35,5,5,29,30,7,Train/7/00007_00035_00010.png
client_0,10970,46,48,5,5,41,43,7,Train/7/00007_00008_00020.png
client_0,10408,76,81,7,7,70,74,6,Train/6/00006_00003_00028.png
client_0,1763,73,79,7,7,67,72,1,Train/1/00001_00039_00023.png
client_0,32813,53,50,5,5,48,45,31,Train/31/00031_00024_00023.png
client_0,17262,54,52,5,6,49,46,11,Train/11/00011_00007_00012.png
client_0,36982,62,63,6,6,57,58,38,Train/38/00038_00032_00023.png
client_0,5668,58,59,5,6,53,54,3,Train/3/00003_00020_00028.png
client_0,341,35,32,5,5,29,27,20,Train/20/00020_00011_00011.png
client_0,25901,38,35,5,5,33,30,18,Train/18/00018_00011_00011.png
client_0,507,95,100,9,9,87,92,0,Train/0/00000_00004_00027.png
client_0,33487,44,44,5,5,38,38,33,Train/33/00033_00013_00007.png
client_0,6774,57,58,5,5,52,53,4,Train/4/00004_00010_00024.png
client_0,38386,51,49,6,6,46,43,40,Train/40/00040_00000_00017.png
client_0,10963,36,38,5,6,31,33,7,Train/7/00007_00008_00013.png
client_0,12124,27,28,6,6,22,23,7,Train/7/00007_00047_00004.png
client_0,9874,32,32,6,5,27,27,5,Train/5/00005_00048_00004.png
client_0,8619,38,38,5,5,33,33,5,Train/5/00005_00006_00009.png
client_0,6217,28,29,5,5,23,24,3,Train/3/00003_00039_00007.png
client_0,31435,71,63,6,5,65,58,29,Train/29/00029_00002_00025.png
client_0,23015,43,43,6,5,38,38,14,Train/14/00014_00013_00005.png
client_0,29980,37,36,6,5,32,31,26,Train/26/00026_00000_00010.png
client_0,10148,35,33,6,5,30,28,5,Train/5/00005_00057_00008.png
client_0,26857,35,36,5,6,30,30,19,Train/19/00019_00003_00007.png
client_0,30686,56,56,5,5,51,51,27,Train/27/00027_00003_00026.png
client_0,35795,38,38,5,5,33,33,37,Train/37/00037_00000_00006.png
client_0,23046,44,56,5,6,38,50,14,Train/14/00014_00014_00006.png
client_0,9758,37,37,6,5,32,32,5,Train/5/00005_00044_00008.png
client_0,7008,51,54,5,5,46,49,4,Train/4/00004_00018_00018.png
client_0,6852,34,35,6,6,28,29,4,Train/4/00004_00013_00012.png
client_0,8454,58,59,6,5,53,54,5,Train/5/00005_00000_00024.png
client_0,6770,48,49,6,6,43,44,4,Train/4/00004_00010_00020.png
client_0,38432,34,34,5,5,29,29,40,Train/40/00040_00002_00003.png
client_0,28780,47,45,5,5,42,40,25,Train/25/00025_00010_00010.png
client_0,29558,44,41,5,6,38,36,25,Train/25/00025_00036_00008.png
client_0,10044,53,51,6,5,48,46,5,Train/5/00005_00053_00024.png
client_0,31397,62,57,6,6,57,52,29,Train/29/00029_00001_00017.png
client_0,11620,31,31,6,6,26,26,7,Train/7/00007_00030_00010.png
client_0,37878,44,43,6,5,39,38,38,Train/38/00038_00062_00019.png
client_0,11721,55,55,6,6,50,50,7,Train/7/00007_00033_00021.png
client_0,30596,134,122,12,11,123,111,27,Train/27/00027_00000_00026.png
client_0,6735,40,38,6,5,34,33,4,Train/4/00004_00009_00015.png
client_0,11846,58,58,5,6,53,53,7,Train/7/00007_00037_00026.png
client_0,8551,26,28,5,6,21,23,5,Train/5/00005_00004_00001.png
client_0,9829,52,52,6,6,47,47,5,Train/5/00005_00046_00019.png
client_0,9763,40,41,5,5,35,36,5,Train/5/00005_00044_00013.png
client_0,21598,143,143,12,12,131,131,13,Train/13/00013_00037_00028.png
client_0,10076,48,46,6,5,43,41,5,Train/5/00005_00054_00026.png
client_0,26556,52,48,5,5,47,43,18,Train/18/00018_00033_00006.png
client_0,10596,33,33,6,6,28,28,6,Train/6/00006_00010_00006.png
client_0,7492,48,48,6,6,43,43,4,Train/4/00004_00034_00022.png
client_0,4240,35,32,6,5,30,27,2,Train/2/00002_00048_00010.png
client_0,23659,51,51,6,6,46,46,15,Train/15/00015_00008_00019.png
client_0,34957,36,36,6,6,31,31,35,Train/35/00035_00025_00008.png
client_0,26058,43,40,6,6,38,35,18,Train/18/00018_00016_00018.png
client_0,10995,36,37,6,6,31,32,7,Train/7/00007_00009_00015.png
client_0,9278,37,37,5,5,32,32,5,Train/5/00005_00028_00008.png
client_0,34803,31,32,5,6,26,27,35,Train/35/00035_00020_00004.png
client_0,8276,54,56,5,6,49,51,4,Train/4/00004_00060_00026.png
client_0,32408,36,36,5,5,31,31,31,Train/31/00031_00011_00008.png
client_0,29498,56,56,5,6,51,51,25,Train/25/00025_00034_00008.png
client_0,147,52,53,5,6,47,48,20,Train/20/00020_00004_00027.png
client_0,9498,49,50,6,6,44,44,5,Train/5/00005_00035_00018.png
client_0,32550,31,30,6,6,26,25,31,Train/31/00031_00016_00000.png
client_0,22768,168,167,15,14,154,153,14,Train/14/00014_00004_00028.png
client_0,30637,38,34,6,5,33,29,27,Train/27/00027_00002_00007.png
client_0,8377,31,29,5,5,25,24,4,Train/4/00004_00064_00007.png
client_0,15147,47,49,5,6,42,44,10,Train/10/00010_00003_00027.png
client_0,26223,59,62,5,6,54,56,18,Train/18/00018_00022_00003.png
client_0,1959,46,45,6,5,41,40,1,Train/1/00001_00046_00009.png
client_0,10625,29,32,5,6,24,27,6,Train/6/00006_00011_00005.png
client_0,8117,41,39,6,5,36,34,4,Train/4/00004_00055_00017.png
client_0,8275,52,55,6,6,47,50,4,Train/4/00004_00060_00025.png
client_0,37145,29,29,6,6,24,24,38,Train/38/00038_00038_00006.png
client_0,32684,41,39,6,5,36,34,31,Train/31/00031_00020_00014.png
client_0,1421,32,40,5,6,27,34,1,Train/1/00001_00028_00011.png
client_0,6620,79,78,7,7,72,71,4,Train/4/00004_00005_00020.png
client_0,1573,37,37,6,6,32,32,1,Train/1/00001_00033_00013.png
client_0,8066,94,88,9,8,86,81,4,Train/4/00004_00053_00026.png
client_0,37850,41,41,5,5,36,36,38,Train/38/00038_00061_00021.png
client_0,27243,35,34,5,5,30,29,21,Train/21/00021_00009_00003.png
client_0,7768,108,108,9,10,99,99,4,Train/4/00004_00043_00028.png
client_0,11996,71,68,7,6,65,62,7,Train/7/00007_00042_00026.png
client_0,8780,55,55,6,5,50,50,5,Train/5/00005_00011_00020.png
client_0,11168,38,39,6,5,33,34,7,Train/7/00007_00015_00008.png
client_0,36462,39,40,6,5,34,35,38,Train/38/00038_00015_00013.png
client_0,1606,42,44,5,6,37,38,1,Train/1/00001_00034_00016.png
client_0,32560,40,38,6,5,34,32,31,Train/31/00031_00016_00010.png
client_0,18742,70,70,6,6,64,64,12,Train/12/00012_00012_00022.png
client_0,26143,54,53,6,5,49,48,18,Train/18/00018_00019_00013.png
client_0,10497,76,82,7,7,70,75,6,Train/6/00006_00006_00027.png
client_0,18373,35,38,6,5,30,33,12,Train/12/00012_00000_00013.png
client_0,23269,61,60,6,5,55,55,14,Train/14/00014_00021_00019.png
client_0,15197,38,38,5,5,33,33,10,Train/10/00010_00005_00017.png
client_0,834,57,62,5,5,52,57,1,Train/1/00001_00008_00024.png
client_0,10672,41,42,6,5,36,37,6,Train/6/00006_00012_00022.png
client_0,35021,38,38,6,6,32,33,35,Train/35/00035_00027_00012.png
client_0,8141,33,37,5,6,28,32,4,Train/4/00004_00056_00011.png
client_0,10274,35,34,6,6,29,29,5,Train/5/00005_00061_00014.png
client_0,37026,30,29,6,5,25,24,38,Train/38/00038_00034_00007.png
client_0,233,53,50,6,6,47,45,20,Train/20/00020_00007_00023.png
client_0,10052,27,26,5,5,22,21,5,Train/5/00005_00054_00002.png
client_0,35199,34,33,6,5,29,28,35,Train/35/00035_00033_00010.png
client_0,26281,32,31,5,6,27,26,18,Train/18/00018_00024_00001.png
client_0,11481,48,47,6,6,43,42,7,Train/7/00007_00025_00021.png
client_0,11563,35,36,6,6,30,31,7,Train/7/00007_00028_00013.png
client_0,10119,33,34,5,6,28,29,5,Train/5/00005_00056_00009.png
client_0,30783,34,32,5,6,29,27,27,Train/27/00027_00007_00003.png
client_0,34531,32,32,6,5,27,27,35,Train/35/00035_00011_00002.png
client_0,35145,35,37,5,6,30,32,35,Train/35/00035_00031_00016.png
client_0,32359,58,55,5,6,53,49,31,Train/31/00031_00009_00019.png
client_0,32572,63,58,6,5,58,53,31,Train/31/00031_00016_00022.png
client_0,6896,61,65,5,6,56,60,4,Train/4/00004_00014_00026.png
client_0,11713,38,39,5,6,33,34,7,Train/7/00007_00033_00013.png
client_0,6643,38,39,6,5,33,34,4,Train/4/00004_00006_00013.png
client_0,11274,54,53,6,5,49,48,7,Train/7/00007_00018_00024.png
client_0,8411,31,31,5,5,26,26,4,Train/4/00004_00065_00011.png
client_0,37984,33,35,5,5,28,30,38,Train/38/00038_00066_00005.png
client_0,36882,39,40,5,6,34,35,38,Train/38/00038_00029_00013.png
client_0,10572,33,35,6,6,28,29,6,Train/6/00006_00009_00012.png
client_0,32179,53,52,5,6,48,47,31,Train/31/00031_00003_00019.png
client_0,32362,71,64,7,6,65,58,31,Train/31/00031_00009_00022.png
client_0,38897,39,38,5,5,33,33,41,Train/41/00041_00005_00018.png
client_0,15657,52,52,5,5,47,47,10,Train/10/00010_00020_00027.png
client_0,308,37,34,5,5,32,29,20,Train/20/00020_00010_00008.png
client_0,11857,33,34,5,6,28,29,7,Train/7/00007_00038_00007.png
client_0,29291,49,45,5,6,44,40,25,Train/25/00025_00027_00011.png
client_0,8850,29,29,5,5,24,24,5,Train/5/00005_00014_00000.png
client_0,29998,166,151,15,13,151,138,26,Train/26/00026_00000_00028.png
client_0,36852,30,31,6,5,25,25,38,Train/38/00038_00028_00013.png
client_0,1858,103,104,9,10,94,95,1,Train/1/00001_00042_00028.png
client_0,25261,27,27,6,6,21,22,17,Train/17/00017_00027_00001.png
client_0,9622,40,41,6,6,35,36,5,Train/5/00005_00039_00022.png
client_0,37599,32,33,5,5,27,28,38,Train/38/00038_00053_00010.png
client_0,32509,67,61,6,6,61,56,31,Train/31/00031_00014_00019.png
client_0,21394,30,29,6,6,25,24,13,Train/13/00013_00031_00004.png
client_0,9347,40,39,6,5,35,34,5,Train/5/00005_00030_00017.png
client_0,11289,32,33,5,5,27,28,7,Train/7/00007_00019_00009.png
client_0,5484,41,41,5,5,36,36,3,Train/3/00003_00014_00024.png
client_0,67,38,37,6,6,33,32,20,Train/20/00020_00002_00007.png
client_0,22423,44,39,5,5,39,34,13,Train/13/00013_00065_00013.png
client_0,37071,52,53,6,6,47,48,38,Train/38/00038_00035_00022.png
client_0,7423,38,39,6,6,33,34,4,Train/4/00004_00032_00013.png
client_0,27560,55,51,6,5,50,46,22,Train/22/00022_00008_00020.png
client_0,7308,42,43,5,6,37,38,4,Train/4/00004_00028_00018.png
client_0,34,34,32,5,6,29,27,20,Train/20/00020_00001_00004.png
client_0,21177,69,108,7,9,63,99,13,Train/13/00013_00023_00027.png
client_0,37931,37,37,6,5,32,32,38,Train/38/00038_00064_00012.png
client_0,7143,30,30,6,6,25,25,4,Train/4/00004_00023_00003.png
client_0,9114,63,63,6,6,58,58,5,Train/5/00005_00022_00024.png
client_0,6881,34,33,6,5,29,28,4,Train/4/00004_00014_00011.png
client_0,10733,61,59,6,6,56,54,7,Train/7/00007_00000_00023.png
client_0,20632,62,57,6,6,57,52,13,Train/13/00013_00005_00022.png
client_0,6610,53,54,5,6,48,49,4,Train/4/00004_00005_00010.png
client_0,37712,30,31,5,5,24,26,38,Train/38/00038_00057_00003.png
client_0,32344,38,37,5,5,32,32,31,Train/31/00031_00009_00004.png
client_0,26599,53,48,5,5,47,43,18,Train/18/00018_00034_00019.png
client_0,25452,29,31,5,6,24,26,17,Train/17/00017_00033_00012.png
client_0,7132,39,42,5,5,34,37,4,Train/4/00004_00022_00022.png
client_0,6964,30,31,5,5,25,26,4,Train/4/00004_00017_00004.png
client_0,18567,80,81,7,8,73,74,12,Train/12/00012_00006_00027.png
client_0,8698,108,112,9,10,99,103,5,Train/5/00005_00008_00028.png
client_0,37806,30,32,5,5,25,27,38,Train/38/00038_00060_00007.png
client_0,34868,40,40,6,6,35,35,35,Train/35/00035_00022_00009.png
client_0,29507,75,64,7,5,69,59,25,Train/25/00025_00034_00017.png
client_0,37683,42,46,6,6,37,40,38,Train/38/00038_00056_00004.png
client_0,32697,91,83,8,8,83,76,31,Train/31/00031_00020_00027.png
client_0,18487,31,27,5,5,26,21,12,Train/12/00012_00004_00007.png
client_0,9857,44,45,6,5,39,39,5,Train/5/00005_00047_00017.png
client_0,30286,40,39,5,6,34,33,26,Train/26/00026_00010_00016.png
client_0,11437,36,36,6,6,30,30,7,Train/7/00007_00024_00007.png
client_0,33562,41,52,5,6,36,47,33,Train/33/00033_00015_00022.png
client_0,33470,42,40,6,6,37,35,33,Train/33/00033_00012_00020.png
client_0,34977,98,97,9,8,90,89,35,Train/35/00035_00025_00028.png
client_0,7895,31,31,5,5,26,26,4,Train/4/00004_00048_00005.png
client_0,22439,122,106,11,10,112,97,13,Train/13/00013_00065_00029.png
client_0,7709,71,72,6,7,65,66,4,Train/4/00004_00041_00029.png
client_0,34757,42,41,6,5,36,35,35,Train/35/00035_00018_00018.png
client_0,10118,32,32,5,5,27,27,5,Train/5/00005_00056_00008.png
client_0,8089,61,63,6,5,56,58,4,Train/4/00004_00054_00019.png
client_0,8765,38,38,6,6,32,33,5,Train/5/00005_00011_00005.png
client_0,320,54,48,6,6,49,43,20,Train/20/00020_00010_00020.png
client_0,32799,36,34,6,6,31,29,31,Train/31/00031_00024_00009.png
client_0,38822,39,40,5,5,34,35,41,Train/41/00041_00003_00003.png
client_0,8626,48,48,5,5,43,43,5,Train/5/00005_00006_00016.png
client_0,28706,110,97,9,8,101,88,25,Train/25/00025_00007_00026.png
client_0,6496,49,50,5,6,44,45,4,Train/4/00004_00001_00016.png
client_0,10242,30,32,6,5,25,27,5,Train/5/00005_00060_00012.png
client_0,30626,109,98,9,8,100,89,27,Train/27/00027_00001_00026.png
client_0,11446,40,40,6,6,35,35,7,Train/7/00007_00024_00016.png
client_0,35437,36,34,5,6,30,29,36,Train/36/00036_00001_00008.png
client_0,36165,40,42,6,6,35,36,38,Train/38/00038_00005_00016.png
client_0,30503,60,52,5,5,55,47,26,Train/26/00026_00017_00023.png
client_0,12145,43,47,5,6,38,42,7,Train/7/00007_00047_00025.png
client_0,8168,31,30,6,5,26,25,4,Train/4/00004_00057_00008.png
client_0,2579,140,137,13,12,128,126,1,Train/1/00001_00066_00029.png
client_0,6190,31,32,5,6,26,27,3,Train/3/00003_00038_00010.png
client_0,184,30,28,6,5,25,22,20,Train/20/00020_00006_00004.png
client_0,21346,40,39,5,6,35,33,13,Train/13/00013_00029_00016.png
client_0,19892,33,33,6,6,28,28,12,Train/12/00012_00051_00002.png
client_0,32140,42,40,6,6,37,35,31,Train/31/00031_00002_00010.png
client_0,32127,77,71,7,6,71,65,31,Train/31/00031_00001_00027.png
client_0,9735,38,38,6,6,33,33,5,Train/5/00005_00043_00015.png
client_0,6520,38,38,6,5,33,33,4,Train/4/00004_00002_00010.png
client_0,30360,28,26,6,5,23,21,26,Train/26/00026_00013_00000.png
client_0,2307,61,60,6,5,56,55,1,Train/1/00001_00057_00027.png
client_0,22482,38,36,5,5,33,31,13,Train/13/00013_00067_00012.png
client_0,28362,31,30,6,6,26,25,24,Train/24/00024_00005_00012.png
client_0,35276,67,64,6,5,61,58,35,Train/35/00035_00035_00027.png
client_0,9178,54,55,5,6,49,50,5,Train/5/00005_00024_00028.png
client_0,25965,41,41,5,5,36,36,18,Train/18/00018_00013_00015.png
client_0,37746,42,43,5,6,37,38,38,Train/38/00038_00058_00007.png
client_0,34281,44,45,5,5,39,40,35,Train/35/00035_00002_00022.png
client_0,30575,52,48,6,6,46,42,27,Train/27/00027_00000_00005.png
client_0,5429,80,85,8,8,73,78,3,Train/3/00003_00012_00029.png
client_0,10659,30,31,6,5,25,25,6,Train/6/00006_00012_00009.png
client_0,7822,46,47,5,6,41,42,4,Train/4/00004_00045_00022.png
client_0,12069,31,33,5,6,25,27,7,Train/7/00007_00045_00009.png
client_0,32626,54,51,5,6,49,46,31,Train/31/00031_00018_00016.png
client_0,24929,52,56,5,5,47,51,17,Train/17/00017_00015_00029.png
client_0,22953,42,42,5,5,37,37,14,Train/14/00014_00011_00003.png
client_0,32575,84,80,7,8,77,73,31,Train/31/00031_00016_00025.png
client_0,30121,37,35,5,6,32,30,26,Train/26/00026_00005_00001.png
client_0,9747,54,54,6,6,49,49,5,Train/5/00005_00043_00027.png
client_0,6923,42,42,5,6,36,36,4,Train/4/00004_00015_00023.png
client_0,37181,34,35,5,5,29,30,38,Train/38/00038_00039_00012.png
client_0,33610,35,43,5,5,30,38,33,Train/33/00033_00017_00010.png
client_0,9256,40,40,5,5,35,35,5,Train/5/00005_00027_00016.png
client_0,9860,49,51,5,6,44,46,5,Train/5/00005_00047_00020.png
client_0,11731,30,32,5,6,25,27,7,Train/7/00007_00034_00001.png
client_0,38152,77,83,7,7,71,76,39,Train/39/00039_00002_00023.png
client_0,10335,39,41,5,6,34,36,6,Train/6/00006_00001_00015.png
client_0,9901,30,30,5,5,25,25,5,Train/5/00005_00049_00001.png
client_0,38059,49,51,5,6,44,46,38,Train/38/00038_00068_00020.png
client_0,166,40,38,5,5,35,32,20,Train/20/00020_00005_00016.png
client_0,7683,30,30,5,5,25,25,4,Train/4/00004_00041_00003.png
client_0,35221,33,35,6,5,27,29,35,Train/35/00035_00034_00002.png
client_0,30958,80,73,7,7,73,67,28,Train/28/00028_00004_00028.png
client_0,30684,55,56,6,6,50,51,27,Train/27/00027_00003_00024.png
client_0,32403,33,33,5,5,28,28,31,Train/31/00031_00011_00003.png
client_0,9687,62,68,5,6,57,62,5,Train/5/00005_00041_00027.png
client_0,6692,28,27,6,5,23,22,4,Train/4/00004_00008_00002.png
client_0,7571,37,36,6,5,32,31,4,Train/4/00004_00037_00011.png
client_0,9081,47,47,5,5,42,42,5,Train/5/00005_00021_00021.png
client_0,24581,52,53,6,5,47,48,17,Train/17/00017_00004_00011.png
client_0,19737,72,75,6,7,66,69,12,Train/12/00012_00045_00027.png
client_0,28455,47,50,6,6,42,45,24,Train/24/00024_00008_00015.png
client_0,458,33,33,5,5,28,28,0,Train/0/00000_00003_00008.png
client_0,30298,63,57,6,6,58,52,26,Train/26/00026_00010_00028.png
client_0,9721,29,30,5,5,24,24,5,Train/5/00005_00043_00001.png
client_0,31029,63,55,6,5,58,49,28,Train/28/00028_00007_00009.png
client_0,37638,44,47,6,6,39,42,38,Train/38/00038_00054_00019.png
client_0,6683,44,47,5,6,39,41,4,Train/4/00004_00007_00023.png
client_0,9368,31,31,6,6,26,26,5,Train/5/00005_00031_00008.png
client_0,23012,36,39,5,5,31,34,14,Train/14/00014_00013_00002.png
client_0,33691,28,28,5,5,23,23,33,Train/33/00033_00020_00002.png
client_0,6827,45,45,5,6,39,39,4,Train/4/00004_00012_00017.png
client_0,10908,48,48,6,6,43,43,7,Train/7/00007_00006_00018.png
client_0,25491,43,46,5,5,38,41,17,Train/17/00017_00034_00021.png
client_0,6969,33,35,6,6,28,29,4,Train/4/00004_00017_00009.png
client_0,1419,33,38,6,6,27,33,1,Train/1/00001_00028_00009.png
client_0,35182,51,52,6,6,46,47,35,Train/35/00035_00032_00023.png
client_0,27798,80,75,7,6,73,68,23,Train/23/00023_00003_00018.png
client_0,6946,39,41,6,5,34,36,4,Train/4/00004_00016_00016.png
client_0,33347,67,68,6,7,61,62,33,Train/33/00033_00008_00017.png
client_0,11331,44,45,5,5,39,40,7,Train/7/00007_00020_00021.png
client_0,33213,29,29,5,5,24,24,33,Train/33/00033_00004_00003.png
client_0,8433,32,32,6,5,27,27,5,Train/5/00005_00000_00003.png
client_0,20822,38,34,6,5,33,29,13,Train/13/00013_00012_00002.png
client_0,12079,46,46,5,5,40,40,7,Train/7/00007_00045_00019.png
client_0,7579,44,44,5,5,39,39,4,Train/4/00004_00037_00019.png
client_0,36059,37,36,6,5,32,31,38,Train/38/00038_00002_00000.png
client_0,8202,33,34,5,6,28,29,4,Train/4/00004_00058_00012.png
client_0,9479,55,59,5,5,50,54,5,Train/5/00005_00034_00029.png
client_0,21619,65,61,6,6,60,56,13,Train/13/00013_00038_00019.png
client_0,32000,52,53,5,6,47,48,30,Train/30/00030_00012_00020.png
client_0,9086,57,58,5,5,52,53,5,Train/5/00005_00021_00026.png
client_0,23099,161,159,14,14,148,146,14,Train/14/00014_00015_00029.png
client_0,11382,43,43,6,6,38,38,7,Train/7/00007_00022_00012.png
client_0,18787,36,36,6,6,31,31,12,Train/12/00012_00014_00007.png
client_0,9196,34,34,5,5,29,29,5,Train/5/00005_00025_00016.png
client_0,11203,44,44,5,5,39,39,7,Train/7/00007_00016_00013.png
client_0,8554,27,27,6,5,22,21,5,Train/5/00005_00004_00004.png
client_0,9389,64,69,5,6,59,63,5,Train/5/00005_00031_00029.png
client_0,177,59,55,5,6,54,50,20,Train/20/00020_00005_00027.png
client_0,9443,46,49,6,6,40,43,5,Train/5/00005_00033_00023.png
client_0,5064,55,57,5,6,50,52,3,Train/3/00003_00000_00024.png
client_0,25758,64,60,5,6,59,55,18,Train/18/00018_00006_00018.png
client_0,36482,40,49,5,6,35,44,38,Train/38/00038_00016_00003.png
client_0,22252,96,89,8,8,87,81,13,Train/13/00013_00059_00022.png
client_0,10234,28,28,6,5,23,23,5,Train/5/00005_00060_00004.png
client_0,25232,29,28,6,5,24,23,17,Train/17/00017_00026_00002.png
client_0,31411,38,35,6,6,33,30,29,Train/29/00029_00002_00001.png
client_0,38771,32,33,6,6,27,28,41,Train/41/00041_00001_00012.png
client_0,2177,71,76,7,7,65,70,1,Train/1/00001_00053_00017.png
client_0,2469,33,33,6,6,28,28,1,Train/1/00001_00063_00009.png
client_0,32709,36,36,5,5,31,31,31,Train/31/00031_00021_00009.png
client_0,12929,59,57,6,6,54,51,8,Train/8/00008_00025_00029.png
client_0,10855,68,68,6,6,62,62,7,Train/7/00007_00004_00025.png
client_0,30333,30,28,5,5,25,22,26,Train/26/00026_00012_00003.png
client_0,22542,38,39,5,6,33,34,13,Train/13/00013_00069_00012.png
client_0,5848,63,65,6,6,58,60,3,Train/3/00003_00026_00028.png
client_0,11019,38,37,6,6,33,32,7,Train/7/00007_00010_00009.png
client_0,290,47,47,6,6,42,42,20,Train/20/00020_00009_00020.png
client_0,23877,81,88,8,8,74,80,15,Train/15/00015_00015_00027.png
client_0,33759,28,29,5,6,22,24,33,Train/33/00033_00022_00010.png
client_0,26413,46,48,5,5,40,43,18,Train/18/00018_00028_00013.png
client_0,6592,88,87,7,8,81,80,4,Train/4/00004_00004_00022.png
client_0,7469,100,105,8,10,92,96,4,Train/4/00004_00033_00029.png
client_0,10856,74,75,6,7,68,69,7,Train/7/00007_00004_00026.png
client_0,30664,42,44,5,6,36,39,27,Train/27/00027_00003_00004.png
client_0,6460,48,49,5,6,43,44,4,Train/4/00004_00000_00010.png
client_0,30036,34,31,6,5,29,26,26,Train/26/00026_00002_00006.png
client_0,21742,62,54,5,6,57,49,13,Train/13/00013_00042_00022.png
client_0,10873,47,46,6,5,42,41,7,Train/7/00007_00005_00013.png
client_0,7494,52,51,6,5,47,46,4,Train/4/00004_00034_00024.png
client_0,10959,35,35,6,5,30,30,7,Train/7/00007_00008_00009.png
client_0,9730,34,35,5,6,28,29,5,Train/5/00005_00043_00010.png
client_0,26614,31,28,6,5,26,22,18,Train/18/00018_00035_00004.png
client_0,32491,39,37,6,6,34,32,31,Train/31/00031_00014_00001.png
client_0,22774,54,53,6,6,48,48,14,Train/14/00014_00005_00004.png
client_0,30572,46,44,5,5,41,39,27,Train/27/00027_00000_00002.png
client_0,11935,40,40,5,5,35,35,7,Train/7/00007_00040_00025.png
client_0,34402,60,59,5,5,54,54,35,Train/35/00035_00006_00023.png
client_0,25976,91,92,8,9,83,84,18,Train/18/00018_00013_00026.png
client_0,2599,53,54,5,6,48,49,1,Train/1/00001_00067_00019.png
client_0,8606,45,48,5,5,39,42,5,Train/5/00005_00005_00026.png
client_0,23166,47,47,6,5,42,42,14,Train/14/00014_00018_00006.png
client_0,6504,57,59,5,5,52,54,4,Train/4/00004_00001_00024.png
client_0,23019,53,53,6,5,48,48,14,Train/14/00014_00013_00009.png
client_0,7727,41,40,5,5,35,34,4,Train/4/00004_00042_00017.png
client_0,9266,83,74,8,7,76,67,5,Train/5/00005_00027_00026.png
client_0,32770,35,36,5,6,30,31,31,Train/31/00031_00023_00010.png
client_0,32811,50,46,5,5,45,41,31,Train/31/00031_00024_00021.png
client_0,8227,34,35,6,6,29,30,4,Train/4/00004_00059_00007.png
client_0,10878,57,56,6,5,52,51,7,Train/7/00007_00005_00018.png
client_0,10972,50,53,5,6,45,48,7,Train/7/00007_00008_00022.png
client_0,6757,31,31,5,5,25,26,4,Train/4/00004_00010_00007.png
client_0,10876,52,53,5,6,47,48,7,Train/7/00007_00005_00016.png
client_0,37499,31,32,5,5,26,27,38,Train/38/00038_00050_00000.png
client_0,465,41,40,6,5,36,35,0,Train/0/00000_00003_00015.png
client_0,768,62,76,5,7,57,69,1,Train/1/00001_00006_00018.png
client_0,32600,97,88,8,8,89,81,31,Train/31/00031_00017_00020.png
client_0,11371,33,31,6,5,27,26,7,Train/7/00007_00022_00001.png
client_0,877,32,32,6,6,27,27,1,Train/1/00001_00010_00007.png
client_0,11600,43,44,5,6,38,39,7,Train/7/00007_00029_00020.png
client_0,33589,45,49,5,6,40,44,33,Train/33/00033_00016_00019.png
client_0,23641,36,36,6,6,31,31,15,Train/15/00015_00008_00001.png
client_0,30632,34,32,6,6,29,26,27,Train/27/00027_00002_00002.png
client_0,2451,47,48,5,6,41,42,1,Train/1/00001_00062_00021.png
client_0,28170,41,37,6,6,36,32,23,Train/23/00023_00016_00000.png
client_0,2040,32,32,5,6,27,27,1,Train/1/00001_00049_00000.png
client_0,33654,45,72,6,7,40,66,33,Train/33/00033_00018_00024.png
client_0,28097,57,54,5,6,52,49,23,Train/23/00023_00013_00017.png
client_0,10336,40,41,5,5,35,36,6,Train/6/00006_00001_00016.png
client_0,9746,51,52,5,6,46,47,5,Train/5/00005_00043_00026.png
client_0,8597,36,37,5,5,31,32,5,Train/5/00005_00005_00017.png
client_0,112,67,64,6,6,61,59,20,Train/20/00020_00003_00022.png
client_0,9991,29,28,6,5,24,23,5,Train/5/00005_00052_00001.png
client_0,37431,31,31,5,6,25,26,38,Train/38/00038_00047_00022.png
client_0,32316,38,36,5,5,33,31,31,Train/31/00031_00008_00006.png
client_0,10097,39,39,6,5,34,34,5,Train/5/00005_00055_00017.png
client_0,9580,31,32,5,5,26,27,5,Train/5/00005_00038_00010.png
client_0,7626,33,33,5,5,28,28,4,Train/4/00004_00039_00006.png
client_0,29988,55,52,6,5,50,46,26,Train/26/00026_00000_00018.png
client_0,32273,60,56,5,5,55,51,31,Train/31/00031_00006_00023.png
client_0,7661,33,34,5,6,28,29,4,Train/4/00004_00040_00011.png
client_0,33453,35,33,5,6,30,28,33,Train/33/00033_00012_00003.png
client_0,9497,47,46,6,6,41,41,5,Train/5/00005_00035_00017.png
client_0,9296,56,52,6,5,51,47,5,Train/5/00005_00028_00026.png
client_0,9801,49,47,5,5,43,42,5,Train/5/00005_00045_00021.png
client_0,211,27,27,6,6,22,22,20,Train/20/00020_00007_00001.png
client_0,16056,32,30,6,6,27,25,10,Train/10/00010_00034_00006.png
client_0,19794,104,105,10,9,95,96,12,Train/12/00012_00047_00024.png
client_0,9325,52,49,5,6,47,44,5,Train/5/00005_00029_00025.png
client_0,37371,38,38,5,5,33,33,38,Train/38/00038_00045_00022.png
client_0,5253,29,28,6,5,24,23,3,Train/3/00003_00007_00003.png
client_0,5570,59,62,5,6,54,57,3,Train/3/00003_00017_00020.png
client_0,8263,37,36,6,5,32,31,4,Train/4/00004_00060_00013.png
client_0,1986,37,37,6,6,32,32,1,Train/1/00001_00047_00006.png
client_0,11971,29,29,5,5,23,23,7,Train/7/00007_00042_00001.png
client_0,6956,53,57,6,6,48,52,4,Train/4/00004_00016_00026.png
client_0,164,40,37,6,6,34,31,20,Train/20/00020_00005_00014.png
client_0,9209,49,49,6,6,44,44,5,Train/5/00005_00025_00029.png
client_0,7704,53,53,5,5,48,48,4,Train/4/00004_00041_00024.png
client_0,34394,41,41,5,5,35,36,35,Train/35/00035_00006_00015.png
client_0,36823,30,32,5,6,25,27,38,Train/38/00038_00027_00014.png
client_0,20341,35,41,5,6,30,36,12,Train/12/00012_00066_00001.png
client_0,11728,122,123,11,11,112,113,7,Train/7/00007_00033_00028.png
client_0,11995,65,64,6,6,60,59,7,Train/7/00007_00042_00025.png
client_0,30763,48,44,5,5,43,39,27,Train/27/00027_00006_00013.png
client_0,7455,40,40,5,5,35,35,4,Train/4/00004_00033_00015.png
client_0,7814,37,37,5,5,32,31,4,Train/4/00004_00045_00014.png
client_0,34523,68,70,7,7,62,64,35,Train/35/00035_00010_00024.png
client_0,8070,36,36,6,6,31,31,4,Train/4/00004_00054_00000.png
client_0,10815,44,44,5,5,39,39,7,Train/7/00007_00003_00015.png
client_0,347,42,41,5,6,37,36,20,Train/20/00020_00011_00017.png
client_0,6551,35,34,6,5,30,28,4,Train/4/00004_00003_00011.png
client_0,32449,58,53,6,6,53,48,31,Train/31/00031_00012_00019.png
client_0,9274,34,31,6,5,29,26,5,Train/5/00005_00028_00004.png
client_0,9473,42,46,5,6,36,41,5,Train/5/00005_00034_00023.png
client_0,32363,74,68,6,7,68,62,31,Train/31/00031_00009_00023.png
client_0,7479,35,34,6,5,30,29,4,Train/4/00004_00034_00009.png
client_0,9058,47,43,5,5,42,38,5,Train/5/00005_00020_00028.png
client_0,32648,44,44,5,5,39,39,31,Train/31/00031_00019_00008.png
client_0,8878,72,72,6,6,66,66,5,Train/5/00005_00014_00028.png
client_0,34615,83,83,7,7,76,76,35,Train/35/00035_00013_00026.png
client_0,28358,29,28,6,6,24,23,24,Train/24/00024_00005_00008.png
client_0,8558,32,33,6,6,27,28,5,Train/5/00005_00004_00008.png
client_0,2520,29,28,6,5,24,23,1,Train/1/00001_00065_00000.png
client_0,11791,28,28,5,5,23,23,7,Train/7/00007_00036_00001.png
client_0,19006,52,53,6,6,47,48,12,Train/12/00012_00021_00016.png
client_0,33210,27,28,5,5,22,23,33,Train/33/00033_00004_00000.png
client_0,22684,34,35,5,5,29,29,14,Train/14/00014_00002_00004.png
client_0,7382,28,30,6,6,23,25,4,Train/4/00004_00031_00002.png
client_0,7491,45,46,5,6,40,41,4,Train/4/00004_00034_00021.png
client_0,20638,111,116,9,11,102,106,13,Train/13/00013_00005_00028.png
client_0,7222,64,63,5,6,59,58,4,Train/4/00004_00025_00022.png
client_0,7854,68,68,7,7,62,62,4,Train/4/00004_00046_00024.png
client_0,7293,31,31,6,6,26,26,4,Train/4/00004_00028_00003.png
client_0,26496,39,36,5,6,34,31,18,Train/18/00018_00031_00006.png
client_0,5747,43,43,5,5,38,38,3,Train/3/00003_00023_00017.png
client_0,5127,64,70,6,7,59,64,3,Train/3/00003_00002_00027.png
client_0,23837,40,45,6,6,35,40,15,Train/15/00015_00014_00017.png
client_0,5186,59,60,6,6,54,55,3,Train/3/00003_00004_00026.png
client_0,8289,33,34,5,6,28,29,4,Train/4/00004_00061_00009.png
client_0,37611,42,43,6,5,37,37,38,Train/38/00038_00053_00022.png
client_0,2996,60,61,6,5,55,56,2,Train/2/00002_00006_00026.png
client_0,10542,32,33,6,5,27,28,6,Train/6/00006_00008_00012.png
client_0,10769,47,43,6,5,42,38,7,Train/7/00007_00001_00029.png
client_0,10514,30,32,5,6,25,27,6,Train/6/00006_00007_00014.png
client_0,23026,86,87,7,7,79,80,14,Train/14/00014_00013_00016.png
client_0,8196,30,32,5,6,25,27,4,Train/4/00004_00058_00006.png
client_0,34455,61,58,6,5,56,53,35,Train/35/00035_00008_00016.png
client_0,118,106,99,10,9,97,91,20,Train/20/00020_00003_00028.png
client_0,10311,52,52,6,5,47,47,6,Train/6/00006_00000_00021.png
client_0,36664,31,31,5,6,25,26,38,Train/38/00038_00022_00005.png
client_0,30622,75,68,6,6,69,62,27,Train/27/00027_00001_00022.png
client_0,26018,46,46,6,6,41,41,18,Train/18/00018_00015_00008.png
client_0,1315,32,32,6,5,27,27,1,Train/1/00001_00024_00025.png
client_0,7970,43,46,5,6,37,40,4,Train/4/00004_00050_00020.png
client_0,6806,64,69,6,6,59,63,4,Train/4/00004_00011_00026.png
client_0,32762,29,29,5,6,24,24,31,Train/31/00031_00023_00002.png
client_0,19899,36,36,5,5,31,31,12,Train/12/00012_00051_00009.png
client_0,8011,26,27,5,5,20,22,4,Train/4/00004_00052_00001.png
client_0,8092,74,79,7,7,68,72,4,Train/4/00004_00054_00022.png
client_0,25021,32,34,5,5,27,29,17,Train/17/00017_00019_00001.png
client_0,8896,48,48,6,6,43,43,5,Train/5/00005_00015_00016.png
client_0,12047,33,35,5,6,28,30,7,Train/7/00007_00044_00017.png
client_0,1324,30,28,6,5,24,23,1,Train/1/00001_00025_00004.png
client_0,33322,100,107,8,10,92,98,33,Train/33/00033_00007_00022.png
client_0,210,27,27,6,6,22,22,20,Train/20/00020_00007_00000.png
client_0,249,35,34,6,5,30,29,20,Train/20/00020_00008_00009.png
client_0,32855,28,29,5,6,23,24,32,Train/32/00032_00000_00005.png
client_0,5675,31,32,5,5,26,27,3,Train/3/00003_00021_00005.png
client_0,34210,46,48,5,6,41,43,35,Train/35/00035_00000_00011.png
client_0,195,41,38,6,6,35,32,20,Train/20/00020_00006_00015.png
client_0,8793,28,28,5,5,23,23,5,Train/5/00005_00012_00003.png
client_0,7925,29,30,5,5,24,25,4,Train/4/00004_00049_00005.png
client_0,22859,144,141,12,13,131,128,14,Train/14/00014_00007_00029.png
client_0,38918,33,32,6,5,27,26,41,Train/41/00041_00006_00009.png
client_0,28289,75,69,7,6,69,63,24,Train/24/00024_00002_00029.png
client_0,33727,37,40,5,5,31,34,33,Train/33/00033_00021_00008.png
client_0,8866,43,40,6,5,38,35,5,Train/5/00005_00014_00016.png
client_0,6431,33,34,5,6,28,28,3,Train/3/00003_00046_00011.png
client_0,10411,31,30,6,5,26,25,6,Train/6/00006_00004_00001.png
client_0,10277,36,37,5,6,31,32,5,Train/5/00005_00061_00017.png
client_0,7665,36,36,5,5,31,31,4,Train/4/00004_00040_00015.png
client_0,37095,64,63,6,5,59,58,38,Train/38/00038_00036_00016.png
client_0,35868,69,68,6,7,63,62,37,Train/37/00037_00002_00019.png
client_0,11214,85,86,7,8,78,79,7,Train/7/00007_00016_00024.png
client_0,6552,36,35,6,5,31,29,4,Train/4/00004_00003_00012.png
client_0,9471,41,43,6,6,35,38,5,Train/5/00005_00034_00021.png
client_0,8190,28,29,5,6,23,24,4,Train/4/00004_00058_00000.png
client_0,10135,75,74,7,7,69,68,5,Train/5/00005_00056_00025.png
client_0,35105,28,29,6,6,23,24,35,Train/35/00035_00030_00006.png
client_0,34603,39,39,6,6,33,33,35,Train/35/00035_00013_00014.png
client_0,8625,44,45,5,6,39,40,5,Train/5/00005_00006_00015.png
client_0,29420,53,51,5,6,48,46,25,Train/25/00025_00031_00020.png
client_0,28347,129,119,11,10,118,109,24,Train/24/00024_00004_00027.png
client_0,10069,40,38,6,5,35,33,5,Train/5/00005_00054_00019.png
client_0,33283,41,42,6,6,35,36,33,Train/33/00033_00006_00013.png
client_0,30712,63,59,6,6,58,54,27,Train/27/00027_00004_00022.png
client_0,7684,32,31,6,5,27,26,4,Train/4/00004_00041_00004.png
client_0,37636,41,45,5,6,35,39,38,Train/38/00038_00054_00017.png
client_0,8756,55,57,5,6,50,51,5,Train/5/00005_00010_00026.png
client_0,66,38,37,6,6,33,32,20,Train/20/00020_00002_00006.png
client_0,10485,39,40,6,6,34,35,6,Train/6/00006_00006_00015.png
client_0,10667,35,35,6,5,29,30,6,Train/6/00006_00012_00017.png
client_0,32080,51,44,6,5,46,39,31,Train/31/00031_00000_00010.png
client_0,12104,33,34,6,6,28,29,7,Train/7/00007_00046_00014.png
client_0,25123,46,45,6,5,41,40,17,Train/17/00017_00022_00013.png
client_0,23446,39,85,6,7,33,78,15,Train/15/00015_00001_00016.png
client_0,7314,50,50,5,5,45,45,4,Train/4/00004_00028_00024.png
client_0,5093,46,45,6,6,40,40,3,Train/3/00003_00001_00023.png
client_0,32419,44,44,6,5,39,39,31,Train/31/00031_00011_00019.png
client_0,28038,83,73,8,6,76,66,23,Train/23/00023_00011_00018.png
client_0,22343,84,76,8,7,77,70,13,Train/13/00013_00062_00023.png
client_0,11947,32,33,5,5,27,28,7,Train/7/00007_00041_00007.png
client_0,25853,47,44,5,6,41,38,18,Train/18/00018_00009_00023.png
client_0,11155,94,93,8,9,86,85,7,Train/7/00007_00014_00025.png
client_0,10206,31,29,6,5,25,24,5,Train/5/00005_00059_00006.png
client_0,32840,64,58,5,6,59,53,31,Train/31/00031_00025_00020.png
client_0,37433,32,33,6,6,27,27,38,Train/38/00038_00047_00024.png
client_0,7025,35,35,5,5,30,30,4,Train/4/00004_00019_00005.png
client_0,11050,40,40,5,5,35,35,7,Train/7/00007_00011_00010.png
client_0,10794,84,92,8,9,77,84,7,Train/7/00007_00002_00024.png
client_0,11255,29,31,5,6,24,26,7,Train/7/00007_00018_00005.png
client_0,36583,37,37,6,6,32,32,38,Train/38/00038_00019_00014.png
client_0,9948,43,42,6,5,38,37,5,Train/5/00005_00050_00018.png
client_0,28376,71,64,6,5,64,59,24,Train/24/00024_00005_00026.png
client_0,10454,34,36,6,5,28,30,6,Train/6/00006_00005_00014.png
client_0,5999,94,107,8,9,86,98,3,Train/3/00003_00031_00029.png
client_0,23191,38,41,6,5,32,35,14,Train/14/00014_00019_00001.png
client_0,32330,58,53,5,5,53,48,31,Train/31/00031_00008_00020.png
client_0,1798,121,117,11,11,111,107,1,Train/1/00001_00040_00028.png
client_0,18874,33,33,5,5,28,28,12,Train/12/00012_00017_00004.png
client_0,7695,38,39,5,6,33,34,4,Train/4/00004_00041_00015.png
client_0,30140,51,45,5,5,46,40,26,Train/26/00026_00005_00020.png
client_0,10271,32,31,6,5,26,25,5,Train/5/00005_00061_00011.png
client_0,19451,48,48,6,6,43,43,12,Train/12/00012_00036_00011.png
client_0,8919,37,38,5,6,32,33,5,Train/5/00005_00016_00009.png
client_0,12072,34,34,6,5,29,28,7,Train/7/00007_00045_00012.png
client_0,28349,176,164,15,14,161,150,24,Train/24/00024_00004_00029.png
client_0,36274,35,35,5,6,30,30,38,Train/38/00038_00009_00005.png
client_0,566,92,95,8,8,83,87,0,Train/0/00000_00006_00026.png
client_0,9956,58,58,6,6,53,53,5,Train/5/00005_00050_00026.png
client_0,30706,52,50,6,6,47,45,27,Train/27/00027_00004_00016.png
client_0,18750,26,27,5,6,20,21,12,Train/12/00012_00013_00000.png
client_0,7863,39,39,6,5,34,33,4,Train/4/00004_00047_00003.png
client_0,11628,36,34,6,5,30,29,7,Train/7/00007_00030_00018.png
client_0,20043,41,41,6,6,36,36,12,Train/12/00012_00056_00003.png
client_0,20675,39,38,5,5,34,32,13,Train/13/00013_00007_00005.png
client_0,30052,43,39,5,5,38,34,26,Train/26/00026_00002_00022.png
client_0,27079,55,52,5,6,50,47,21,Train/21/00021_00003_00019.png
client_0,19836,33,32,6,5,28,27,12,Train/12/00012_00049_00006.png
client_0,6026,98,110,9,9,90,101,3,Train/3/00003_00032_00026.png
client_0,10926,35,36,5,6,30,31,7,Train/7/00007_00007_00006.png
client_0,12103,33,34,6,6,28,29,7,Train/7/00007_00046_00013.png
client_0,29544,71,68,7,7,65,62,25,Train/25/00025_00035_00024.png
client_0,384,76,76,7,7,70,70,0,Train/0/00000_00000_00024.png
client_0,7588,64,63,6,5,59,58,4,Train/4/00004_00037_00028.png
client_0,9653,46,47,6,6,41,42,5,Train/5/00005_00040_00023.png
client_0,32756,62,62,5,5,57,57,31,Train/31/00031_00022_00026.png
client_0,9053,39,39,5,6,33,33,5,Train/5/00005_00020_00023.png
client_0,9661,27,27,6,5,21,21,5,Train/5/00005_00041_00001.png
client_0,523,37,37,5,6,32,31,0,Train/0/00000_00005_00013.png
client_0,11439,36,35,6,5,31,30,7,Train/7/00007_00024_00009.png
client_0,21851,42,43,6,6,37,38,13,Train/13/00013_00046_00011.png
client_0,8628,53,52,6,5,48,47,5,Train/5/00005_00006_00018.png
client_0,33558,39,43,6,5,33,38,33,Train/33/00033_00015_00018.png
client_0,11743,35,39,5,5,30,34,7,Train/7/00007_00034_00013.png
client_0,30679,50,51,5,6,45,46,27,Train/27/00027_00003_00019.png
client_0,2234,61,71,5,6,56,65,1,Train/1/00001_00055_00014.png
client_0,92,37,35,6,5,32,29,20,Train/20/00020_00003_00002.png
client_0,7405,44,45,6,5,39,40,4,Train/4/00004_00031_00025.png
client_0,6123,29,31,5,6,24,26,3,Train/3/00003_00036_00003.png
client_0,32446,53,48,6,6,48,43,31,Train/31/00031_00012_00016.png
client_0,9487,34,34,6,6,28,28,5,Train/5/00005_00035_00007.png
client_0,228,38,36,6,5,33,31,20,Train/20/00020_00007_00018.png
client_0,7698,42,42,5,5,37,37,4,Train/4/00004_00041_00018.png
client_0,7510,37,37,6,6,32,32,4,Train/4/00004_00035_00010.png
client_0,5495,30,32,5,6,25,27,3,Train/3/00003_00015_00005.png
client_0,11862,38,38,5,6,32,33,7,Train/7/00007_00038_00012.png
client_0,36003,28,29,6,6,23,24,38,Train/38/00038_00000_00004.png
client_0,30461,39,35,6,6,34,30,26,Train/26/00026_00016_00011.png
client_0,32676,34,34,5,6,29,29,31,Train/31/00031_00020_00006.png
client_0,11082,33,34,5,6,28,29,7,Train/7/00007_00012_00012.png
client_0,22864,35,38,6,6,29,33,14,Train/14/00014_00008_00004.png
client_0,4217,31,32,5,6,26,27,2,Train/2/00002_00047_00017.png
client_0,6477,85,84,8,8,78,77,4,Train/4/00004_00000_00027.png
client_0,21969,31,33,5,6,26,28,13,Train/13/00013_00050_00009.png
client_0,21818,81,81,8,8,74,74,13,Train/13/00013_00045_00008.png
client_0,32852,28,27,6,5,23,22,32,Train/32/00032_00000_00002.png
client_0,32618,42,38,6,5,37,33,31,Train/31/00031_00018_00008.png
client_0,32239,46,44,5,5,41,39,31,Train/31/00031_00005_00019.png
client_0,11014,34,33,6,5,29,28,7,Train/7/00007_00010_00004.png
client_0,11091,41,43,5,6,36,38,7,Train/7/00007_00012_00021.png
client_0,32683,42,38,6,6,37,33,31,Train/31/00031_00020_00013.png
client_0,26655,62,61,5,6,57,56,18,Train/18/00018_00036_00015.png
client_0,1970,64,62,5,5,59,57,1,Train/1/00001_00046_00020.png
client_0,7622,34,33,6,5,29,28,4,Train/4/00004_00039_00002.png
client_0,11672,32,33,6,5,27,28,7,Train/7/00007_00032_00002.png
client_0,5223,44,47,5,5,39,42,3,Train/3/00003_00006_00003.png
client_0,22860,29,33,5,5,24,28,14,Train/14/00014_00008_00000.png
client_0,11271,46,46,6,6,41,41,7,Train/7/00007_00018_00021.png
client_0,11272,46,47,5,6,41,42,7,Train/7/00007_00018_00022.png
client_0,85,72,71,7,7,66,64,20,Train/20/00020_00002_00025.png
client_0,12031,26,27,5,5,21,22,7,Train/7/00007_00044_00001.png
client_0,34997,49,49,6,6,44,44,35,Train/35/00035_00026_00018.png
client_0,33178,122,120,10,11,111,109,33,Train/33/00033_00002_00028.png
client_0,6259,36,37,5,5,31,32,3,Train/3/00003_00040_00019.png
client_0,28413,39,36,5,5,34,31,24,Train/24/00024_00007_00003.png
client_0,34421,36,36,6,6,31,31,35,Train/35/00035_00007_00012.png
client_0,28364,35,33,6,6,30,28,24,Train/24/00024_00005_00014.png
client_0,2753,80,81,7,8,73,74,1,Train/1/00001_00072_00023.png
client_0,10035,37,35,5,5,32,30,5,Train/5/00005_00053_00015.png
client_0,37993,42,41,6,5,37,36,38,Train/38/00038_00066_00014.png
client_0,26193,30,29,6,5,25,23,18,Train/18/00018_00021_00003.png
client_0,26229,62,63,5,6,57,58,18,Train/18/00018_00022_00009.png
client_0,12032,27,28,6,6,22,23,7,Train/7/00007_00044_00002.png
client_0,7742,28,28,6,6,23,23,4,Train/4/00004_00043_00002.png
client_0,10879,59,58,6,5,54,53,7,Train/7/00007_00005_00019.png
client_0,9912,36,37,6,6,31,32,5,Train/5/00005_00049_00012.png
client_0,22723,58,59,5,5,52,54,14,Train/14/00014_00003_00013.png
client_0,5541,45,48,5,6,40,42,3,Train/3/00003_00016_00021.png
client_0,10885,92,92,8,8,84,84,7,Train/7/00007_00005_00025.png
client_0,22862,31,34,6,5,26,29,14,Train/14/00014_00008_00002.png
client_0,10892,38,37,6,5,33,32,7,Train/7/00007_00006_00002.png
client_0,30548,33,31,5,6,28,26,26,Train/26/00026_00019_00008.png
client_0,9757,35,37,5,6,30,32,5,Train/5/00005_00044_00007.png
client_0,22907,46,48,6,5,41,43,14,Train/14/00014_00009_00017.png
client_0,22376,79,71,7,6,72,65,13,Train/13/00013_00063_00026.png
client_0,9761,38,40,6,5,33,35,5,Train/5/00005_00044_00011.png
client_0,30450,31,28,5,6,26,23,26,Train/26/00026_00016_00000.png
client_0,28261,54,52,6,5,49,46,24,Train/24/00024_00002_00001.png
client_0,9071,37,37,6,6,32,32,5,Train/5/00005_00021_00011.png
client_0,23977,28,28,5,5,23,23,15,Train/15/00015_00019_00007.png
client_0,35071,41,40,6,6,35,34,35,Train/35/00035_00029_00002.png
client_0,7087,31,32,5,5,26,27,4,Train/4/00004_00021_00007.png
client_0,591,82,82,7,7,75,75,1,Train/1/00001_00000_00021.png
client_0,19189,51,51,6,6,46,46,12,Train/12/00012_00027_00019.png
client_0,28757,42,40,5,6,36,34,25,Train/25/00025_00009_00017.png
client_0,7865,41,41,6,6,36,36,4,Train/4/00004_00047_00005.png
client_0,7620,29,29,5,5,24,24,4,Train/4/00004_00039_00000.png
client_0,37137,79,84,7,8,72,77,38,Train/38/00038_00037_00028.png
client_0,12147,46,50,5,6,40,45,7,Train/7/00007_00047_00027.png
client_0,11493,28,27,6,6,22,22,7,Train/7/00007_00026_00003.png
client_0,30779,69,67,7,6,63,61,27,Train/27/00027_00006_00029.png
client_0,11625,33,33,5,6,27,28,7,Train/7/00007_00030_00015.png
client_0,7890,29,30,5,6,24,25,4,Train/4/00004_00048_00000.png
client_0,22164,64,60,5,6,58,55,13,Train/13/00013_00056_00024.png
client_0,6927,45,44,5,5,40,39,4,Train/4/00004_00015_00027.png
client_0,22492,56,54,5,6,51,49,13,Train/13/00013_00067_00022.png
client_0,7554,75,74,7,7,69,68,4,Train/4/00004_00036_00024.png
client_0,32687,47,44,6,6,42,39,31,Train/31/00031_00020_00017.png
client_0,5814,54,53,6,6,49,48,3,Train/3/00003_00025_00024.png
client_0,23043,41,52,6,6,36,46,14,Train/14/00014_00014_00003.png
client_0,11355,39,39,6,6,34,34,7,Train/7/00007_00021_00015.png
client_0,8383,36,35,6,6,31,30,4,Train/4/00004_00064_00013.png
client_0,10843,42,41,6,5,37,36,7,Train/7/00007_00004_00013.png
client_0,27498,48,43,6,5,43,37,22,Train/22/00022_00006_00018.png
client_0,6674,36,35,6,5,31,30,4,Train/4/00004_00007_00014.png
client_0,8487,43,43,6,6,38,38,5,Train/5/00005_00001_00027.png
client_0,36669,32,36,5,6,27,31,38,Train/38/00038_00022_00010.png
client_0,21896,116,101,10,9,106,93,13,Train/13/00013_00047_00026.png
client_0,32428,69,61,7,6,63,56,31,Train/31/00031_00011_00028.png
client_0,6055,56,52,6,6,51,47,3,Train/3/00003_00033_00025.png
client_0,30489,36,32,5,5,31,27,26,Train/26/00026_00017_00009.png
client_0,37146,30,30,6,6,25,25,38,Train/38/00038_00038_00007.png
client_0,6961,29,30,5,5,24,25,4,Train/4/00004_00017_00001.png
client_0,7089,34,34,6,5,29,29,4,Train/4/00004_00021_00009.png
client_0,8423,47,48,5,5,41,42,4,Train/4/00004_00065_00023.png
client_0,7714,28,30,5,6,23,25,4,Train/4/00004_00042_00004.png
client_0,9101,38,38,5,5,33,33,5,Train/5/00005_00022_00011.png
client_0,32732,28,28,5,5,23,23,31,Train/31/00031_00022_00002.png
client_0,7876,55,52,6,5,50,47,4,Train/4/00004_00047_00016.png
client_0,38784,58,59,6,5,53,54,41,Train/41/00041_00001_00025.png
client_0,20717,55,60,6,5,50,55,13,Train/13/00013_00008_00017.png
client_0,31696,57,53,5,6,52,48,30,Train/30/00030_00002_00016.png
client_0,20713,49,59,5,6,43,54,13,Train/13/00013_00008_00013.png
client_0,8912,32,32,6,6,27,27,5,Train/5/00005_00016_00002.png
client_0,1539,39,38,6,5,33,32,1,Train/1/00001_00032_00009.png
client_0,32281,32,31,6,6,27,26,31,Train/31/00031_00007_00001.png
client_0,7194,62,61,6,5,57,56,4,Train/4/00004_00024_00024.png
client_0,32113,49,45,6,5,44,39,31,Train/31/00031_00001_00013.png
client_0,38602,57,58,6,6,52,53,40,Train/40/00040_00007_00023.png
client_0,33241,64,65,5,6,59,60,33,Train/33/00033_00005_00001.png
client_0,38341,27,29,5,5,21,23,39,Train/39/00039_00009_00002.png
client_0,26395,96,89,8,8,88,81,18,Train/18/00018_00027_00025.png
client_0,36729,37,39,5,6,32,33,38,Train/38/00038_00024_00010.png
client_0,30079,59,56,6,5,54,51,26,Train/26/00026_00003_00019.png
client_0,8174,38,37,6,5,33,32,4,Train/4/00004_00057_00014.png
client_0,8834,38,38,5,5,33,33,5,Train/5/00005_00013_00014.png
client_0,6196,42,41,6,6,37,36,3,Train/3/00003_00038_00016.png
client_0,8025,34,34,5,5,29,29,4,Train/4/00004_00052_00015.png
client_0,7271,35,35,5,5,30,30,4,Train/4/00004_00027_00011.png
client_0,36711,61,60,6,5,55,55,38,Train/38/00038_00023_00022.png
client_0,9246,30,30,5,5,25,25,5,Train/5/00005_00027_00006.png
client_0,9171,40,41,5,6,35,36,5,Train/5/00005_00024_00021.png
client_0,29307,112,105,10,10,103,96,25,Train/25/00025_00027_00027.png
client_0,38315,34,35,5,6,29,30,39,Train/39/00039_00008_00006.png
client_0,38089,127,128,11,12,116,117,39,Train/39/00039_00000_00020.png
client_0,22639,85,84,8,7,78,77,14,Train/14/00014_00000_00019.png
client_0,10029,31,29,5,5,26,24,5,Train/5/00005_00053_00009.png
client_0,6516,35,35,6,6,30,30,4,Train/4/00004_00002_00006.png
client_0,7980,30,30,6,6,25,25,4,Train/4/00004_00051_00000.png
client_0,22999,52,52,6,6,47,47,14,Train/14/00014_00012_00019.png
client_0,37250,44,46,5,5,39,41,38,Train/38/00038_00041_00021.png
client_0,21700,65,59,6,6,60,54,13,Train/13/00013_00041_00010.png
client_0,9665,29,28,6,5,23,23,5,Train/5/00005_00041_00005.png
client_0,26736,44,40,6,6,39,35,18,Train/18/00018_00039_00006.png
client_0,7323,31,31,5,5,26,26,4,Train/4/00004_00029_00003.png
client_0,10313,53,54,5,5,48,49,6,Train/6/00006_00000_00023.png
client_0,10585,46,47,5,5,40,42,6,Train/6/00006_00009_00025.png
client_0,11700,26,25,5,5,20,20,7,Train/7/00007_00033_00000.png
client_0,8926,43,43,6,6,38,38,5,Train/5/00005_00016_00016.png
client_0,20171,49,48,6,5,44,43,12,Train/12/00012_00060_00011.png
client_0,11917,30,30,6,6,25,25,7,Train/7/00007_00040_00007.png
client_0,34991,41,41,6,6,36,36,35,Train/35/00035_00026_00012.png
client_0,38216,105,106,9,9,96,97,39,Train/39/00039_00004_00027.png
client_0,7472,30,29,6,5,25,24,4,Train/4/00004_00034_00002.png
client_0,29347,52,52,5,6,47,47,25,Train/25/00025_00029_00007.png
client_0,20125,89,80,8,8,82,73,12,Train/12/00012_00058_00025.png
client_0,32501,50,46,6,5,45,41,31,Train/31/00031_00014_00011.png
client_0,227,34,35,5,6,29,30,20,Train/20/00020_00007_00017.png
client_0,5141,37,37,5,5,31,32,3,Train/3/00003_00003_00011.png
client_0,33059,76,75,6,6,70,69,32,Train/32/00032_00006_00029.png
client_0,10285,52,52,6,5,46,46,5,Train/5/00005_00061_00025.png
client_0,32748,40,41,5,6,35,36,31,Train/31/00031_00022_00018.png
client_0,7287,57,56,6,5,52,51,4,Train/4/00004_00027_00027.png
client_0,34797,57,60,5,6,52,55,35,Train/35/00035_00019_00028.png
client_0,9796,40,38,6,6,35,33,5,Train/5/00005_00045_00016.png
client_0,23334,77,76,7,6,71,70,14,Train/14/00014_00023_00024.png
client_0,26389,59,53,5,5,53,48,18,Train/18/00018_00027_00019.png
client_0,8833,36,36,5,5,31,31,5,Train/5/00005_00013_00013.png
client_0,32106,42,38,6,5,37,33,31,Train/31/00031_00001_00006.png
client_0,7277,40,40,6,6,35,35,4,Train/4/00004_00027_00017.png
client_0,8633,69,68,7,6,63,62,5,Train/5/00005_00006_00023.png
client_0,350,48,46,6,6,43,41,20,Train/20/00020_00011_00020.png
client_0,7072,39,39,6,6,34,34,4,Train/4/00004_00020_00022.png
client_0,8077,43,43,6,6,38,38,4,Train/4/00004_00054_00007.png
client_0,27223,57,48,5,5,52,43,21,Train/21/00021_00008_00013.png
client_0,8572,50,51,6,5,45,46,5,Train/5/00005_00004_00022.png
client_0,38861,35,33,6,5,29,28,41,Train/41/00041_00004_00012.png
client_0,33534,44,45,6,6,38,40,33,Train/33/00033_00014_00024.png
client_0,96,39,38,5,6,34,33,20,Train/20/00020_00003_00006.png
client_0,375,44,44,6,6,39,39,0,Train/0/00000_00000_00015.png
client_0,25598,50,48,5,6,45,42,18,Train/18/00018_00001_00008.png
client_0,32385,40,35,6,6,35,30,31,Train/31/00031_00010_00015.png
client_0,9660,25,26,5,5,20,21,5,Train/5/00005_00041_00000.png
client_0,11342,30,31,5,6,24,25,7,Train/7/00007_00021_00002.png
client_0,32824,40,37,6,6,35,32,31,Train/31/00031_00025_00004.png
client_0,9009,35,35,5,6,29,30,5,Train/5/00005_00019_00009.png
client_0,11473,37,37,5,5,32,32,7,Train/7/00007_00025_00013.png
client_0,33754,27,28,5,6,22,23,33,Train/33/00033_00022_00005.png
client_0,6599,145,141,13,13,133,129,4,Train/4/00004_00004_00029.png
client_0,10791,69,73,6,6,63,67,7,Train/7/00007_00002_00021.png
client_0,6324,52,52,5,6,47,47,3,Train/3/00003_00042_00024.png
client_0,34720,41,43,5,5,36,38,35,Train/35/00035_00017_00011.png
client_0,10397,42,44,6,6,37,39,6,Train/6/00006_00003_00017.png
client_0,8129,60,59,5,6,55,54,4,Train/4/00004_00055_00029.png
client_0,12096,30,29,5,5,25,24,7,Train/7/00007_00046_00006.png
client_0,23348,31,32,5,6,25,26,14,Train/14/00014_00024_00008.png
client_0,29853,39,39,5,5,34,34,25,Train/25/00025_00046_00003.png
client_0,8981,30,31,5,5,25,25,5,Train/5/00005_00018_00011.png
client_0,8538,37,36,6,6,32,31,5,Train/5/00005_00003_00018.png
client_0,28367,36,35,6,6,31,29,24,Train/24/00024_00005_00017.png
client_0,9782,27,26,5,5,22,21,5,Train/5/00005_00045_00002.png
client_0,37675,91,92,8,9,83,84,38,Train/38/00038_00055_00026.png
client_0,7109,125,121,11,10,115,111,4,Train/4/00004_00021_00029.png
client_0,32466,31,30,6,5,26,25,31,Train/31/00031_00013_00006.png
client_0,23978,29,30,5,6,24,25,15,Train/15/00015_00019_00008.png
client_0,10199,106,117,10,10,97,107,5,Train/5/00005_00058_00029.png
client_0,9767,46,48,6,5,41,43,5,Train/5/00005_00044_00017.png
client_0,8973,28,29,5,6,23,24,5,Train/5/00005_00018_00003.png
client_0,12035,27,28,5,5,22,23,7,Train/7/00007_00044_00005.png
client_0,10818,50,50,5,5,45,45,7,Train/7/00007_00003_00018.png
client_0,25735,141,131,12,12,129,120,18,Train/18/00018_00005_00025.png
client_0,10975,58,60,5,5,53,55,7,Train/7/00007_00008_00025.png
client_0,11120,47,46,5,6,42,41,7,Train/7/00007_00013_00020.png
client_0,655,63,64,5,6,58,59,1,Train/1/00001_00002_00025.png
client_0,9678,40,42,5,6,35,37,5,Train/5/00005_00041_00018.png
client_0,9798,43,42,6,5,38,36,5,Train/5/00005_00045_00018.png
client_0,1247,49,50,6,6,44,44,1,Train/1/00001_00022_00017.png
client_0,6877,31,31,6,5,26,26,4,Train/4/00004_00014_00007.png
client_0,29863,51,48,5,5,46,43,25,Train/25/00025_00046_00013.png
client_0,18845,29,30,5,6,23,24,12,Train/12/00012_00016_00005.png
client_0,22453,40,37,6,6,35,32,13,Train/13/00013_00066_00013.png
client_0,36596,52,52,6,6,47,47,38,Train/38/00038_00019_00027.png
client_0,28392,45,41,6,5,39,35,24,Train/24/00024_00006_00012.png
client_0,7587,68,68,7,7,62,62,4,Train/4/00004_00037_00027.png
client_0,10296,32,34,5,6,27,29,6,Train/6/00006_00000_00006.png
client_0,28468,57,57,6,5,52,52,24,Train/24/00024_00008_00028.png
client_0,206,72,60,6,5,65,55,20,Train/20/00020_00006_00026.png
client_0,8754,52,51,6,5,47,46,5,Train/5/00005_00010_00024.png
client_0,9312,32,33,5,5,27,28,5,Train/5/00005_00029_00012.png
client_0,10793,78,84,7,8,71,77,7,Train/7/00007_00002_00023.png
client_0,11887,32,32,6,6,27,27,7,Train/7/00007_00039_00007.png
client_0,32436,40,37,6,6,35,32,31,Train/31/00031_00012_00006.png
client_0,32567,52,49,6,6,47,44,31,Train/31/00031_00016_00017.png
client_0,357,73,73,6,7,67,67,20,Train/20/00020_00011_00027.png
client_0,11796,31,32,5,6,26,27,7,Train/7/00007_00036_00006.png
client_0,9213,31,27,6,5,25,22,5,Train/5/00005_00026_00003.png
client_0,37267,38,40,5,5,33,35,38,Train/38/00038_00042_00008.png
client_0,7589,71,70,7,6,65,64,4,Train/4/00004_00037_00029.png
client_0,216,27,28,5,6,22,23,20,Train/20/00020_00007_00006.png
client_0,22806,34,36,5,6,29,31,14,Train/14/00014_00006_00006.png
client_0,8732,31,32,5,5,26,27,5,Train/5/00005_00010_00002.png
client_0,33350,73,72,7,7,66,66,33,Train/33/00033_00008_00020.png
client_0,27058,80,69,7,6,73,63,21,Train/21/00021_00002_00028.png
client_0,20883,46,43,6,6,41,38,13,Train/13/00013_00014_00003.png
client_0,11589,30,31,5,6,25,26,7,Train/7/00007_00029_00009.png
client_0,6976,38,39,6,5,33,34,4,Train/4/00004_00017_00016.png
client_0,20958,59,55,5,5,54,50,13,Train/13/00013_00016_00018.png
client_0,12107,34,36,5,6,29,31,7,Train/7/00007_00046_00017.png
client_0,11485,57,55,6,5,52,50,7,Train/7/00007_00025_00025.png
client_0,11740,33,36,6,6,28,31,7,Train/7/00007_00034_00010.png
client_0,33238,93,96,9,9,85,88,33,Train/33/00033_00004_00028.png
client_0,30153,33,30,6,6,28,25,26,Train/26/00026_00006_00003.png
client_0,10333,38,39,5,5,33,34,6,Train/6/00006_00001_00013.png
client_0,9336,30,32,5,6,25,27,5,Train/5/00005_00030_00006.png
client_0,22845,56,55,5,5,51,50,14,Train/14/00014_00007_00015.png
client_0,6903,30,31,5,6,25,26,4,Train/4/00004_00015_00003.png
client_0,32311,37,37,6,6,32,32,31,Train/31/00031_00008_00001.png
client_0,8044,38,38,6,6,33,33,4,Train/4/00004_00053_00004.png
client_0,23870,49,56,6,5,44,51,15,Train/15/00015_00015_00020.png
client_0,10536,28,29,6,5,23,24,6,Train/6/00006_00008_00006.png
client_0,10917,87,88,7,8,80,81,7,Train/7/00007_00006_00027.png
client_0,23902,49,47,6,5,43,42,15,Train/15/00015_00016_00022.png
client_0,26453,79,71,7,7,72,65,18,Train/18/00018_00029_00023.png
client_0,33097,28,29,6,6,23,24,33,Train/33/00033_00000_00007.png
client_0,2247,84,99,7,8,77,91,1,Train/1/00001_00055_00027.png
client_0,9783,28,27,5,5,23,22,5,Train/5/00005_00045_00003.png
client_0,214,27,28,5,6,22,23,20,Train/20/00020_00007_00004.png
client_0,10592,29,29,6,5,24,24,6,Train/6/00006_00010_00002.png
client_0,11585,28,28,5,5,23,23,7,Train/7/00007_00029_00005.png
client_0,34589,25,26,5,5,20,21,35,Train/35/00035_00013_00000.png
client_0,5896,36,37,6,6,31,32,3,Train/3/00003_00028_00016.png
client_0,10784,49,53,5,5,44,48,7,Train/7/00007_00002_00014.png
client_0,32267,48,45,5,5,43,40,31,Train/31/00031_00006_00017.png
client_0,11819,83,82,7,7,76,75,7,Train/7/00007_00036_00029.png
client_0,11492,26,27,5,6,21,22,7,Train/7/00007_00026_00002.png
client_0,10835,33,33,5,5,28,28,7,Train/7/00007_00004_00005.png
client_0,36861,31,33,5,6,25,28,38,Train/38/00038_00028_00022.png
client_0,9666,29,29,5,5,24,24,5,Train/5/00005_00041_00006.png
client_0,35090,52,53,6,5,47,48,35,Train/35/00035_00029_00021.png
client_0,7773,28,29,5,5,23,24,4,Train/4/00004_00044_00003.png
client_0,38931,54,55,5,6,48,49,41,Train/41/00041_00006_00022.png
client_0,10897,39,40,5,6,34,35,7,Train/7/00007_00006_00007.png
client_0,116,92,86,8,7,84,79,20,Train/20/00020_00003_00026.png
client_0,9932,31,30,6,5,26,25,5,Train/5/00005_00050_00002.png
client_0,973,50,52,6,6,45,47,1,Train/1/00001_00013_00013.png
client_0,5813,52,51,6,5,47,46,3,Train/3/00003_00025_00023.png
client_0,32375,32,30,5,6,26,25,31,Train/31/00031_00010_00005.png
client_0,5144,40,39,6,6,34,34,3,Train/3/00003_00003_00014.png
client_0,32339,96,93,8,9,88,85,31,Train/31/00031_00008_00029.png
client_0,10859,104,103,10,9,95,94,7,Train/7/00007_00004_00029.png
client_0,21592,72,72,7,7,66,66,13,Train/13/00013_00037_00022.png
client_0,26255,36,34,5,6,31,29,18,Train/18/00018_00023_00005.png
client_0,22567,79,75,7,7,72,69,13,Train/13/00013_00070_00007.png
client_0,32751,47,46,6,5,42,41,31,Train/31/00031_00022_00021.png
client_0,23248,197,193,17,17,180,177,14,Train/14/00014_00020_00028.png
client_0,34656,33,35,5,6,28,30,35,Train/35/00035_00015_00007.png
client_0,21542,37,35,6,5,32,30,13,Train/13/00013_00036_00002.png
client_0,36552,32,31,6,5,27,26,38,Train/38/00038_00018_00013.png
client_0,23057,73,86,7,7,67,79,14,Train/14/00014_00014_00017.png
client_0,10176,29,29,5,5,24,23,5,Train/5/00005_00058_00006.png
