client_id,source_row_index,Width,Height,Roi.X1,Roi.Y1,Roi.X2,Roi.Y2,ClassId,Path
client_2,16575,50,50,6,6,45,45,10,Train/10/00010_00051_00015.png
client_2,20415,36,35,6,5,31,30,12,Train/12/00012_00068_00015.png
client_2,20191,37,41,6,6,32,36,12,Train/12/00012_00061_00001.png
client_2,16131,44,38,6,5,39,33,10,Train/10/00010_00036_00021.png
client_2,4918,55,51,5,5,50,46,2,Train/2/00002_00070_00028.png
client_2,22653,33,34,5,5,28,29,14,Train/14/00014_00001_00003.png
client_2,23592,36,37,6,5,31,32,15,Train/15/00015_00006_00012.png
client_2,17911,50,46,6,6,45,41,11,Train/11/00011_00029_00001.png
client_2,18309,39,39,6,6,34,34,11,Train/11/00011_00042_00009.png
client_2,20435,53,52,6,6,48,47,12,Train/12/00012_00069_00005.png
client_2,26104,47,44,6,5,42,39,18,Train/18/00018_00018_00004.png
client_2,23905,55,54,5,5,50,49,15,Train/15/00015_00016_00025.png
client_2,13497,62,65,5,6,57,60,8,Train/8/00008_00044_00027.png
client_2,4180,37,38,6,6,31,32,2,Train/2/00002_00046_00010.png
client_2,1208,30,33,5,6,25,28,1,Train/1/00001_00021_00008.png
client_2,35739,37,37,6,5,32,31,36,Train/36/00036_00011_00010.png
client_2,17784,80,71,8,7,73,65,11,Train/11/00011_00024_00024.png
client_2,16167,62,57,6,5,57,51,10,Train/10/00010_00037_00027.png
client_2,9629,51,54,5,6,46,49,5,Train/5/00005_00039_00029.png
client_2,39027,105,99,10,9,96,91,42,Train/42/00042_00001_00028.png
client_2,21587,50,49,6,5,45,44,13,Train/13/00013_00037_00017.png
client_2,16408,67,71,6,7,61,65,10,Train/10/00010_00045_00028.png
client_2,6842,28,29,6,6,23,24,4,Train/4/00004_00013_00002.png
client_2,18036,39,37,6,5,34,31,11,Train/11/00011_00033_00006.png
client_2,34022,29,30,5,5,24,25,34,Train/34/00034_00008_00003.png
client_2,16216,38,39,5,6,33,34,10,Train/10/00010_00039_00016.png
client_2,88,92,85,8,7,84,78,20,Train/20/00020_00002_00028.png
client_2,16645,94,96,8,8,86,88,10,Train/10/00010_00053_00025.png
client_2,13433,48,48,5,5,43,43,8,Train/8/00008_00042_00023.png
client_2,20218,91,92,8,9,83,84,12,Train/12/00012_00061_00028.png
client_2,28328,36,32,5,5,31,26,24,Train/24/00024_00004_00008.png
client_2,22455,43,40,6,6,38,35,13,Train/13/00013_00066_00015.png
client_2,17734,32,28,6,5,27,23,11,Train/11/00011_00023_00004.png
client_2,15759,32,34,5,6,27,29,10,Train/10/00010_00024_00009.png
client_2,4538,28,29,5,6,23,24,2,Train/2/00002_00058_00008.png
client_2,18320,62,60,5,5,57,55,11,Train/11/00011_00042_00020.png
client_2,26359,60,57,5,5,55,52,18,Train/18/00018_00026_00019.png
client_2,24011,33,35,5,6,28,30,15,Train/15/00015_00020_00011.png
client_2,3074,56,54,6,6,50,49,2,Train/2/00002_00009_00014.png
client_2,27335,32,30,5,5,27,25,22,Train/22/00022_00001_00005.png
client_2,16083,31,29,6,6,26,24,10,Train/10/00010_00035_00003.png
client_2,7896,33,33,6,6,28,28,4,Train/4/00004_00048_00006.png
client_2,23762,37,42,6,6,32,37,15,Train/15/00015_00012_00002.png
client_2,17833,86,74,7,7,79,68,11,Train/11/00011_00026_00013.png
client_2,61,33,33,5,6,28,28,20,Train/20/00020_00002_00001.png
client_2,5795,29,30,5,5,24,25,3,Train/3/00003_00025_00005.png
client_2,17551,28,26,6,5,23,21,11,Train/11/00011_00017_00001.png
client_2,22650,30,30,5,5,25,25,14,Train/14/00014_00001_00000.png
client_2,26061,47,45,5,6,41,39,18,Train/18/00018_00016_00021.png
client_2,3135,38,34,5,6,32,29,2,Train/2/00002_00011_00015.png
client_2,12537,74,75,6,7,68,69,8,Train/8/00008_00012_00027.png
client_2,15157,30,29,6,5,25,24,10,Train/10/00010_00004_00007.png
client_2,15391,31,31,5,5,26,26,10,Train/10/00010_00012_00001.png
client_2,19781,49,50,6,5,43,45,12,Train/12/00012_00047_00011.png
client_2,15976,40,40,6,6,35,35,10,Train/10/00010_00031_00016.png
client_2,4671,57,58,6,6,52,53,2,Train/2/00002_00062_00021.png
client_2,26433,33,33,5,6,28,27,18,Train/18/00018_00029_00003.png
client_2,16612,56,56,6,6,51,51,10,Train/10/00010_00052_00022.png
client_2,18139,70,73,6,7,64,67,11,Train/11/00011_00036_00019.png
client_2,25969,52,51,6,5,47,46,18,Train/18/00018_00013_00019.png
client_2,19572,47,47,6,6,42,42,12,Train/12/00012_00040_00012.png
client_2,12368,35,35,6,6,30,30,8,Train/8/00008_00007_00008.png
client_2,17096,119,112,11,10,108,102,11,Train/11/00011_00001_00026.png
client_2,16615,64,64,6,6,59,59,10,Train/10/00010_00052_00025.png
client_2,18807,95,97,8,8,87,88,12,Train/12/00012_00014_00027.png
client_2,26261,42,39,5,6,37,34,18,Train/18/00018_00023_00011.png
client_2,25645,71,67,6,6,65,61,18,Train/18/00018_00002_00025.png
client_2,17686,44,41,6,6,39,36,11,Train/11/00011_00021_00016.png
client_2,16393,44,45,5,6,39,40,10,Train/10/00010_00045_00013.png
client_2,23698,77,77,7,7,71,71,15,Train/15/00015_00009_00028.png
client_2,16214,36,36,5,5,31,31,10,Train/10/00010_00039_00014.png
client_2,17983,58,53,6,6,52,48,11,Train/11/00011_00031_00013.png
client_2,12227,39,40,5,6,34,34,8,Train/8/00008_00002_00017.png
client_2,2904,64,68,5,7,59,62,2,Train/2/00002_00003_00024.png
client_2,17329,67,58,6,5,61,53,11,Train/11/00011_00009_00019.png
client_2,26074,32,29,6,6,27,24,18,Train/18/00018_00017_00004.png
client_2,38118,41,42,5,5,36,37,39,Train/39/00039_00001_00019.png
client_2,1512,40,39,6,5,35,34,1,Train/1/00001_00031_00012.png
client_2,26189,179,162,16,14,164,148,18,Train/18/00018_00020_00029.png
client_2,16687,33,34,5,6,28,29,10,Train/10/00010_00055_00007.png
client_2,16123,34,30,6,5,29,25,10,Train/10/00010_00036_00013.png
client_2,18245,35,32,5,5,30,27,11,Train/11/00011_00040_00005.png
client_2,17207,72,64,7,6,65,58,11,Train/11/00011_00005_00017.png
client_2,34195,63,64,5,6,58,59,34,Train/34/00034_00013_00026.png
client_2,23468,33,41,5,5,27,36,15,Train/15/00015_00002_00008.png
client_2,17507,39,39,5,6,33,34,11,Train/11/00011_00015_00017.png
client_2,4717,30,30,5,5,25,25,2,Train/2/00002_00064_00007.png
client_2,7466,73,74,7,7,67,68,4,Train/4/00004_00033_00026.png
client_2,16247,42,41,6,6,37,36,10,Train/10/00010_00040_00017.png
client_2,34062,40,41,5,6,35,36,34,Train/34/00034_00009_00013.png
client_2,32951,31,32,6,6,26,26,32,Train/32/00032_00003_00011.png
client_2,17204,60,54,5,5,55,49,11,Train/11/00011_00005_00014.png
client_2,16638,58,58,6,5,53,53,10,Train/10/00010_00053_00018.png
client_2,16893,31,30,6,5,26,25,10,Train/10/00010_00062_00003.png
client_2,33076,36,37,5,6,30,31,32,Train/32/00032_00007_00016.png
client_2,4229,48,51,5,6,43,46,2,Train/2/00002_00047_00029.png
client_2,26711,49,49,5,5,44,44,18,Train/18/00018_00038_00011.png
client_2,16806,35,35,6,6,30,30,10,Train/10/00010_00059_00006.png
client_2,16558,61,58,6,5,56,53,10,Train/10/00010_00050_00028.png
client_2,26010,40,39,6,5,35,34,18,Train/18/00018_00015_00000.png
client_2,38698,99,100,8,9,91,92,40,Train/40/00040_00010_00029.png
client_2,28071,47,46,6,6,41,41,23,Train/23/00023_00012_00021.png
client_2,23271,70,73,6,6,64,67,14,Train/14/00014_00021_00021.png
client_2,3066,43,43,5,6,38,38,2,Train/2/00002_00009_00006.png
client_2,8845,57,56,6,5,52,51,5,Train/5/00005_00013_00025.png
client_2,15983,52,48,6,5,46,42,10,Train/10/00010_00031_00023.png
client_2,15535,50,50,6,6,45,45,10,Train/10/00010_00016_00025.png
client_2,16935,36,37,6,6,31,32,10,Train/10/00010_00063_00015.png
client_2,17256,51,46,6,6,45,41,11,Train/11/00011_00007_00006.png
client_2,25815,71,62,7,5,64,56,18,Train/18/00018_00008_00015.png
client_2,20767,38,34,5,5,33,29,13,Train/13/00013_00010_00007.png
client_2,3934,48,50,6,6,43,45,2,Train/2/00002_00038_00004.png
client_2,20286,28,30,5,6,23,25,12,Train/12/00012_00064_00006.png
client_2,13289,56,56,5,6,51,51,8,Train/8/00008_00037_00029.png
client_2,12747,77,76,7,6,71,70,8,Train/8/00008_00019_00027.png
client_2,26153,85,84,8,7,78,77,18,Train/18/00018_00019_00023.png
client_2,2143,38,39,6,5,33,34,1,Train/1/00001_00052_00013.png
client_2,20261,34,36,6,6,29,31,12,Train/12/00012_00063_00011.png
client_2,15574,35,35,6,6,30,30,10,Train/10/00010_00018_00004.png
client_2,15821,34,34,6,6,29,29,10,Train/10/00010_00026_00011.png
client_2,16136,51,43,6,5,46,38,10,Train/10/00010_00036_00026.png
client_2,16447,30,30,5,6,24,25,10,Train/10/00010_00047_00007.png
client_2,205,67,57,6,6,61,52,20,Train/20/00020_00006_00025.png
client_2,19773,39,42,6,6,34,37,12,Train/12/00012_00047_00003.png
client_2,28332,41,37,5,5,36,32,24,Train/24/00024_00004_00012.png
client_2,16012,54,45,5,5,48,40,10,Train/10/00010_00032_00022.png
client_2,35959,73,75,6,6,67,69,37,Train/37/00037_00005_00020.png
client_2,6787,32,31,6,5,27,26,4,Train/4/00004_00011_00007.png
client_2,15454,32,32,5,5,27,27,10,Train/10/00010_00014_00004.png
client_2,19115,34,39,6,6,29,34,12,Train/12/00012_00025_00005.png
client_2,15717,59,59,6,6,54,54,10,Train/10/00010_00022_00027.png
client_2,20267,40,43,5,6,35,38,12,Train/12/00012_00063_00017.png
client_2,1319,34,35,5,6,28,30,1,Train/1/00001_00024_00029.png
client_2,27589,59,52,6,6,54,47,22,Train/22/00022_00009_00019.png
client_2,26029,68,67,7,6,62,61,18,Train/18/00018_00015_00019.png
client_2,22220,41,42,6,5,36,37,13,Train/13/00013_00058_00020.png
client_2,16217,41,41,6,6,35,35,10,Train/10/00010_00039_00017.png
client_2,4125,41,41,5,5,36,36,2,Train/2/00002_00044_00015.png
client_2,956,74,75,6,7,68,69,1,Train/1/00001_00012_00026.png
client_2,16500,29,29,6,6,24,24,10,Train/10/00010_00049_00000.png
client_2,15643,32,31,5,5,26,25,10,Train/10/00010_00020_00013.png
client_2,15340,35,34,6,5,30,29,10,Train/10/00010_00010_00010.png
client_2,22114,45,40,6,6,40,35,13,Train/13/00013_00055_00004.png
client_2,6681,41,43,5,6,36,37,4,Train/4/00004_00007_00021.png
client_2,17798,36,34,6,6,31,29,11,Train/11/00011_00025_00008.png
client_2,17564,40,38,5,5,35,33,11,Train/11/00011_00017_00014.png
client_2,32441,45,40,6,6,39,35,31,Train/31/00031_00012_00011.png
client_2,17769,37,33,5,5,32,28,11,Train/11/00011_00024_00009.png
client_2,18411,55,54,5,6,50,49,12,Train/12/00012_00001_00021.png
client_2,709,36,37,6,6,31,32,1,Train/1/00001_00004_00019.png
client_2,16260,27,26,6,5,21,20,10,Train/10/00010_00041_00000.png
client_2,4405,54,51,6,5,49,46,2,Train/2/00002_00053_00025.png
client_2,2290,36,35,6,5,31,30,1,Train/1/00001_00057_00010.png
client_2,15246,34,34,6,5,29,29,10,Train/10/00010_00007_00006.png
client_2,17809,51,47,5,6,46,42,11,Train/11/00011_00025_00019.png
client_2,23596,40,39,6,6,35,34,15,Train/15/00015_00006_00016.png
client_2,3157,48,48,5,6,43,43,2,Train/2/00002_00012_00007.png
client_2,16808,37,37,6,6,32,32,10,Train/10/00010_00059_00008.png
client_2,21831,118,118,11,11,108,108,13,Train/13/00013_00045_00021.png
client_2,19366,49,54,6,6,44,49,12,Train/12/00012_00033_00016.png
client_2,349,47,45,6,6,42,40,20,Train/20/00020_00011_00019.png
client_2,32881,28,27,6,5,23,22,32,Train/32/00032_00001_00001.png
client_2,3562,49,51,5,6,44,46,2,Train/2/00002_00025_00022.png
client_2,7415,31,32,5,5,26,27,4,Train/4/00004_00032_00005.png
client_2,33036,32,32,6,6,26,26,32,Train/32/00032_00006_00006.png
client_2,33846,31,31,5,6,26,26,34,Train/34/00034_00002_00007.png
client_2,39173,50,50,5,5,45,45,42,Train/42/00042_00006_00024.png
client_2,17291,59,54,6,6,54,49,11,Train/11/00011_00008_00011.png
client_2,8651,36,36,5,5,31,31,5,Train/5/00005_00007_00011.png
client_2,26335,106,99,10,9,97,91,18,Train/18/00018_00025_00025.png
client_2,17014,29,27,6,6,24,22,10,Train/10/00010_00066_00004.png
client_2,16031,34,33,6,6,28,28,10,Train/10/00010_00033_00011.png
client_2,22735,120,117,11,11,110,107,14,Train/14/00014_00003_00025.png
client_2,1519,50,50,5,5,45,45,1,Train/1/00001_00031_00019.png
client_2,26067,63,58,6,5,57,52,18,Train/18/00018_00016_00027.png
client_2,26483,70,64,7,6,64,59,18,Train/18/00018_00030_00023.png
client_2,31266,35,28,6,5,29,23,28,Train/28/00028_00015_00006.png
client_2,4177,35,36,6,6,30,31,2,Train/2/00002_00046_00007.png
client_2,15572,32,32,5,5,27,27,10,Train/10/00010_00018_00002.png
client_2,3388,67,68,6,6,61,62,2,Train/2/00002_00019_00028.png
client_2,38579,26,26,6,5,21,20,40,Train/40/00040_00007_00000.png
client_2,13156,34,34,6,6,29,29,8,Train/8/00008_00033_00016.png
client_2,23782,44,50,5,6,38,44,15,Train/15/00015_00012_00022.png
client_2,17561,37,37,6,6,32,32,11,Train/11/00011_00017_00011.png
client_2,26650,52,52,5,5,47,47,18,Train/18/00018_00036_00010.png
client_2,18467,49,49,5,6,44,44,12,Train/12/00012_00003_00017.png
client_2,15804,52,53,5,5,47,48,10,Train/10/00010_00025_00024.png
client_2,15327,58,59,5,6,53,54,10,Train/10/00010_00009_00027.png
client_2,19203,28,28,5,5,23,23,12,Train/12/00012_00028_00003.png
client_2,19782,51,53,6,6,45,48,12,Train/12/00012_00047_00012.png
client_2,15611,40,40,6,6,35,35,10,Train/10/00010_00019_00011.png
client_2,4709,44,44,6,6,39,39,2,Train/2/00002_00063_00029.png
client_2,18035,37,38,5,6,31,32,11,Train/11/00011_00033_00005.png
client_2,3953,82,80,8,8,75,73,2,Train/2/00002_00038_00023.png
client_2,34066,43,43,6,6,38,38,34,Train/34/00034_00009_00017.png
client_2,27403,50,46,6,6,45,41,22,Train/22/00022_00003_00013.png
client_2,28437,119,99,11,9,109,91,24,Train/24/00024_00007_00027.png
client_2,32898,38,36,6,5,33,31,32,Train/32/00032_00001_00018.png
client_2,18087,138,120,12,10,126,110,11,Train/11/00011_00034_00027.png
client_2,3570,30,31,5,5,25,26,2,Train/2/00002_00026_00000.png
client_2,22451,38,36,5,6,33,31,13,Train/13/00013_00066_00011.png
client_2,13300,33,34,5,5,28,29,8,Train/8/00008_00038_00010.png
client_2,20504,44,45,5,6,39,40,13,Train/13/00013_00001_00014.png
client_2,26459,154,137,13,12,141,126,18,Train/18/00018_00029_00029.png
client_2,38214,81,83,8,8,74,76,39,Train/39/00039_00004_00025.png
client_2,17174,51,51,5,6,46,45,11,Train/11/00011_00004_00014.png
client_2,35979,48,53,6,6,43,47,37,Train/37/00037_00006_00010.png
client_2,27507,85,77,8,7,78,71,22,Train/22/00022_00006_00027.png
client_2,35976,44,47,6,6,38,42,37,Train/37/00037_00006_00007.png
client_2,22678,178,171,16,14,163,157,14,Train/14/00014_00001_00028.png
client_2,16428,40,39,6,5,35,34,10,Train/10/00010_00046_00018.png
client_2,16285,60,60,6,6,55,55,10,Train/10/00010_00041_00025.png
client_2,12920,41,41,6,6,36,36,8,Train/8/00008_00025_00020.png
client_2,26461,28,27,5,6,23,22,18,Train/18/00018_00030_00001.png
client_2,22763,94,97,8,9,86,89,14,Train/14/00014_00004_00023.png
client_2,32613,37,35,5,6,32,30,31,Train/31/00031_00018_00003.png
client_2,20000,53,52,6,5,48,47,12,Train/12/00012_00054_00020.png
client_2,17298,75,69,7,6,69,63,11,Train/11/00011_00008_00018.png
client_2,19785,56,58,6,5,51,53,12,Train/12/00012_00047_00015.png
client_2,30132,44,40,6,6,39,35,26,Train/26/00026_00005_00012.png
client_2,17038,56,58,5,6,51,53,10,Train/10/00010_00066_00028.png
client_2,15596,75,76,6,7,69,70,10,Train/10/00010_00018_00026.png
client_2,26554,51,47,6,6,46,42,18,Train/18/00018_00033_00004.png
client_2,9983,56,56,6,6,51,51,5,Train/5/00005_00051_00023.png
client_2,2468,32,31,6,5,27,26,1,Train/1/00001_00063_00008.png
client_2,930,28,30,5,6,23,25,1,Train/1/00001_00012_00000.png
client_2,17025,32,32,5,6,27,26,10,Train/10/00010_00066_00015.png
client_2,25646,75,71,6,6,69,65,18,Train/18/00018_00002_00026.png
client_2,19559,144,144,12,12,132,132,12,Train/12/00012_00039_00029.png
client_2,18157,34,38,5,6,29,33,11,Train/11/00011_00037_00007.png
client_2,8041,35,35,5,5,30,30,4,Train/4/00004_00053_00001.png
client_2,9873,31,32,6,6,26,27,5,Train/5/00005_00048_00003.png
client_2,38567,62,61,6,5,56,56,40,Train/40/00040_00006_00018.png
client_2,16147,31,30,6,6,25,24,10,Train/10/00010_00037_00007.png
client_2,18804,73,73,7,7,67,67,12,Train/12/00012_00014_00024.png
client_2,25789,86,77,7,6,79,70,18,Train/18/00018_00007_00019.png
client_2,12776,84,84,7,7,77,77,8,Train/8/00008_00020_00026.png
client_2,3034,28,30,5,6,23,25,2,Train/2/00002_00008_00004.png
client_2,25738,158,144,14,12,145,132,18,Train/18/00018_00005_00028.png
client_2,793,64,64,5,6,59,59,1,Train/1/00001_00007_00013.png
client_2,16048,70,60,7,6,64,55,10,Train/10/00010_00033_00028.png
client_2,18199,76,69,6,6,69,63,11,Train/11/00011_00038_00019.png
client_2,18357,55,55,6,6,50,50,11,Train/11/00011_00043_00027.png
client_2,2812,58,58,5,6,53,53,2,Train/2/00002_00000_00022.png
client_2,31647,152,129,14,12,139,118,30,Train/30/00030_00000_00027.png
client_2,246,32,31,6,5,27,26,20,Train/20/00020_00008_00006.png
client_2,17019,31,29,6,6,26,24,10,Train/10/00010_00066_00009.png
client_2,35827,36,34,6,5,30,29,37,Train/37/00037_00001_00008.png
client_2,19432,49,50,5,5,44,45,12,Train/12/00012_00035_00022.png
client_2,2826,28,30,5,6,23,25,2,Train/2/00002_00001_00006.png
client_2,12878,35,35,5,5,30,30,8,Train/8/00008_00024_00008.png
client_2,26715,54,55,5,6,49,50,18,Train/18/00018_00038_00015.png
client_2,21857,54,55,5,6,49,50,13,Train/13/00013_00046_00017.png
client_2,15513,31,30,6,5,26,25,10,Train/10/00010_00016_00003.png
client_2,18084,98,94,8,9,90,86,11,Train/11/00011_00034_00024.png
client_2,26652,56,56,6,6,51,51,18,Train/18/00018_00036_00012.png
client_2,3301,27,27,6,6,22,22,2,Train/2/00002_00017_00001.png
client_2,33025,37,40,6,5,32,34,32,Train/32/00032_00005_00025.png
client_2,16221,46,46,6,5,41,40,10,Train/10/00010_00039_00021.png
client_2,13130,42,44,6,6,37,38,8,Train/8/00008_00032_00020.png
client_2,16534,31,32,5,6,26,27,10,Train/10/00010_00050_00004.png
client_2,18288,53,47,6,5,48,42,11,Train/11/00011_00041_00018.png
client_2,46,47,41,6,6,42,36,20,Train/20/00020_00001_00016.png
client_2,22879,50,60,5,5,45,55,14,Train/14/00014_00008_00019.png
client_2,4013,44,46,6,6,39,40,2,Train/2/00002_00040_00023.png
client_2,17557,31,30,5,6,25,25,11,Train/11/00011_00017_00007.png
client_2,17350,61,56,6,6,56,51,11,Train/11/00011_00010_00010.png
client_2,12788,31,30,5,6,25,25,8,Train/8/00008_00021_00008.png
client_2,38411,42,41,6,5,36,35,40,Train/40/00040_00001_00012.png
client_2,17197,51,47,5,6,46,42,11,Train/11/00011_00005_00007.png
client_2,26100,44,42,6,6,39,37,18,Train/18/00018_00018_00000.png
client_2,13102,53,55,6,5,48,50,8,Train/8/00008_00031_00022.png
client_2,15540,29,29,6,6,24,24,10,Train/10/00010_00017_00000.png
client_2,28104,73,68,6,7,67,62,23,Train/23/00023_00013_00024.png
client_2,22789,62,61,6,5,57,56,14,Train/14/00014_00005_00019.png
client_2,27426,32,29,6,6,27,24,22,Train/22/00022_00004_00006.png
client_2,16478,33,32,6,5,28,27,10,Train/10/00010_00048_00008.png
client_2,38978,34,35,5,6,29,30,42,Train/42/00042_00000_00009.png
client_2,18847,30,31,5,6,25,26,12,Train/12/00012_00016_00007.png
client_2,16451,34,33,6,5,29,28,10,Train/10/00010_00047_00011.png
client_2,26663,84,87,7,8,77,80,18,Train/18/00018_00036_00023.png
client_2,15771,51,53,5,6,46,48,10,Train/10/00010_00024_00021.png
client_2,24407,38,39,5,6,33,34,16,Train/16/00016_00012_00017.png
client_2,26410,44,45,5,6,39,40,18,Train/18/00018_00028_00010.png
client_2,16980,25,27,5,6,20,21,10,Train/10/00010_00065_00000.png
client_2,23331,65,68,6,7,60,62,14,Train/14/00014_00023_00021.png
client_2,16587,97,96,9,8,89,88,10,Train/10/00010_00051_00027.png
client_2,3718,62,56,5,6,56,50,2,Train/2/00002_00030_00028.png
client_2,17029,35,34,5,5,30,29,10,Train/10/00010_00066_00019.png
client_2,133,36,37,5,6,31,32,20,Train/20/00020_00004_00013.png
client_2,16462,49,45,6,5,44,40,10,Train/10/00010_00047_00022.png
client_2,13383,34,34,5,5,29,29,8,Train/8/00008_00041_00003.png
client_2,19636,82,81,8,7,75,74,12,Train/12/00012_00042_00016.png
client_2,35649,33,34,5,6,28,29,36,Train/36/00036_00008_00010.png
client_2,21963,26,28,5,5,21,23,13,Train/13/00013_00050_00003.png
client_2,15776,85,86,8,8,78,79,10,Train/10/00010_00024_00026.png
client_2,3692,35,32,6,6,29,26,2,Train/2/00002_00030_00002.png
client_2,23172,59,60,6,6,53,54,14,Train/14/00014_00018_00012.png
client_2,18109,73,73,6,6,67,67,11,Train/11/00011_00035_00019.png
client_2,18648,47,47,5,6,42,42,12,Train/12/00012_00009_00018.png
client_2,19142,32,31,6,5,27,26,12,Train/12/00012_00026_00002.png
client_2,25962,40,40,5,5,35,35,18,Train/18/00018_00013_00012.png
client_2,16468,70,63,7,5,64,58,10,Train/10/00010_00047_00028.png
client_2,17585,48,44,5,5,43,39,11,Train/11/00011_00018_00005.png
client_2,10172,28,28,6,6,23,23,5,Train/5/00005_00058_00002.png
client_2,17906,31,46,6,5,26,41,11,Train/11/00011_00028_00026.png
client_2,3517,33,33,5,6,28,28,2,Train/2/00002_00024_00007.png
client_2,12870,33,32,6,5,28,27,8,Train/8/00008_00024_00000.png
client_2,15131,34,35,5,5,29,30,10,Train/10/00010_00003_00011.png
client_2,26164,68,61,6,5,61,55,18,Train/18/00018_00020_00004.png
client_2,3772,50,46,6,5,45,41,2,Train/2/00002_00032_00022.png
client_2,25943,46,47,6,5,41,42,18,Train/18/00018_00012_00023.png
client_2,9265,71,63,7,5,64,58,5,Train/5/00005_00027_00025.png
client_2,12391,32,31,6,5,27,26,8,Train/8/00008_00008_00001.png
client_2,27359,85,81,8,8,78,74,22,Train/22/00022_00001_00029.png
client_2,15243,34,35,6,6,29,30,10,Train/10/00010_00007_00003.png
client_2,22772,52,53,5,6,47,48,14,Train/14/00014_00005_00002.png
client_2,16526,57,58,5,6,52,53,10,Train/10/00010_00049_00026.png
client_2,22828,107,117,9,11,97,107,14,Train/14/00014_00006_00028.png
client_2,21025,80,73,8,6,73,67,13,Train/13/00013_00018_00025.png
client_2,8607,47,50,6,6,42,45,5,Train/5/00005_00005_00027.png
client_2,15752,30,30,5,5,25,25,10,Train/10/00010_00024_00002.png
client_2,18294,71,61,6,5,65,56,11,Train/11/00011_00041_00024.png
client_2,32036,57,51,6,6,52,46,30,Train/30/00030_00013_00026.png
client_2,15820,33,32,6,5,28,27,10,Train/10/00010_00026_00010.png
client_2,2740,48,47,6,5,43,42,1,Train/1/00001_00072_00010.png
client_2,17832,84,72,8,7,77,66,11,Train/11/00011_00026_00012.png
client_2,17915,56,49,6,5,50,44,11,Train/11/00011_00029_00005.png
client_2,9945,38,39,5,5,33,33,5,Train/5/00005_00050_00015.png
client_2,22662,48,48,5,6,42,43,14,Train/14/00014_00001_00012.png
client_2,31938,50,46,6,6,45,41,30,Train/30/00030_00010_00018.png
client_2,4642,72,71,7,6,66,65,2,Train/2/00002_00061_00022.png
client_2,16071,50,47,5,5,45,42,10,Train/10/00010_00034_00021.png
client_2,18871,30,32,5,6,25,27,12,Train/12/00012_00017_00001.png
client_2,12442,45,46,5,6,40,41,8,Train/8/00008_00009_00022.png
client_2,15087,85,70,8,7,78,64,10,Train/10/00010_00001_00027.png
client_2,23319,44,44,6,5,39,39,14,Train/14/00014_00023_00009.png
client_2,16706,56,55,6,5,51,50,10,Train/10/00010_00055_00026.png
client_2,12795,35,34,5,5,30,28,8,Train/8/00008_00021_00015.png
client_2,21545,40,39,6,6,35,34,13,Train/13/00013_00036_00005.png
client_2,16195,54,55,6,5,49,50,10,Train/10/00010_00038_00025.png
client_2,12360,31,30,6,5,26,25,8,Train/8/00008_00007_00000.png
client_2,16368,35,36,6,5,30,31,10,Train/10/00010_00044_00018.png
client_2,30017,56,53,6,5,51,48,26,Train/26/00026_00001_00017.png
client_2,9886,43,42,6,5,38,37,5,Train/5/00005_00048_00016.png
client_2,3442,45,46,6,6,40,41,2,Train/2/00002_00021_00022.png
client_2,17146,54,50,5,5,49,45,11,Train/11/00011_00003_00016.png
client_2,23384,38,38,5,5,33,33,14,Train/14/00014_00025_00014.png
client_2,16224,54,56,6,5,49,51,10,Train/10/00010_00039_00024.png
client_2,23052,59,70,6,7,54,64,14,Train/14/00014_00014_00012.png
client_2,8302,50,51,5,6,45,46,4,Train/4/00004_00061_00022.png
client_2,17100,68,63,6,6,62,58,11,Train/11/00011_00002_00000.png
client_2,4401,46,47,5,6,41,42,2,Train/2/00002_00053_00021.png
client_2,31114,45,41,5,6,40,36,28,Train/28/00028_00010_00004.png
client_2,33855,40,40,5,6,35,35,34,Train/34/00034_00002_00016.png
client_2,12246,32,32,6,6,27,27,8,Train/8/00008_00003_00006.png
client_2,4569,47,47,6,5,42,41,2,Train/2/00002_00059_00009.png
client_2,17826,52,48,6,5,47,43,11,Train/11/00011_00026_00006.png
client_2,15427,38,38,5,5,33,33,10,Train/10/00010_00013_00007.png
client_2,23513,42,46,5,6,37,41,15,Train/15/00015_00003_00023.png
client_2,19595,30,30,5,5,25,25,12,Train/12/00012_00041_00005.png
client_2,15580,37,36,6,5,32,31,10,Train/10/00010_00018_00010.png
client_2,21171,50,69,6,6,45,63,13,Train/13/00013_00023_00021.png
client_2,17221,30,27,6,5,25,22,11,Train/11/00011_00006_00001.png
client_2,19204,28,29,5,6,23,24,12,Train/12/00012_00028_00004.png
client_2,8811,55,56,5,5,50,50,5,Train/5/00005_00012_00021.png
client_2,21122,47,44,6,5,42,39,13,Train/13/00013_00022_00002.png
client_2,38521,53,53,6,6,48,48,40,Train/40/00040_00005_00002.png
client_2,17268,64,58,6,5,58,52,11,Train/11/00011_00007_00018.png
client_2,19299,43,45,5,6,38,40,12,Train/12/00012_00031_00009.png
client_2,35899,46,46,6,5,41,40,37,Train/37/00037_00003_00020.png
client_2,15993,30,27,5,6,25,21,10,Train/10/00010_00032_00003.png
client_2,15841,28,30,6,5,23,25,10,Train/10/00010_00027_00001.png
client_2,12804,53,51,6,6,48,46,8,Train/8/00008_00021_00024.png
client_2,4732,47,46,6,5,42,41,2,Train/2/00002_00064_00022.png
client_2,4288,68,65,6,6,61,59,2,Train/2/00002_00049_00028.png
client_2,6036,28,30,5,5,23,25,3,Train/3/00003_00033_00006.png
client_2,5699,110,113,9,10,101,104,3,Train/3/00003_00021_00029.png
client_2,22747,41,43,5,6,36,37,14,Train/14/00014_00004_00007.png
client_2,32992,52,54,5,6,47,49,32,Train/32/00032_00004_00022.png
client_2,26013,43,43,5,5,38,38,18,Train/18/00018_00015_00003.png
client_2,1633,34,34,5,5,29,29,1,Train/1/00001_00035_00013.png
client_2,26034,88,88,7,7,81,81,18,Train/18/00018_00015_00024.png
client_2,19108,85,85,8,8,78,78,12,Train/12/00012_00024_00028.png
client_2,15457,35,35,6,6,30,30,10,Train/10/00010_00014_00007.png
client_2,6030,26,27,5,6,20,22,3,Train/3/00003_00033_00000.png
client_2,4782,38,40,5,5,32,35,2,Train/2/00002_00066_00012.png
client_2,18990,38,41,5,5,33,36,12,Train/12/00012_00021_00000.png
client_2,33986,44,44,5,5,39,39,34,Train/34/00034_00006_00027.png
client_2,27707,41,40,5,5,36,35,23,Train/23/00023_00000_00017.png
client_2,27628,60,59,6,6,55,54,22,Train/22/00022_00010_00028.png
client_2,15354,52,52,6,6,47,47,10,Train/10/00010_00010_00024.png
client_2,33784,29,36,6,5,24,31,34,Train/34/00034_00000_00005.png
client_2,4565,43,44,6,6,38,39,2,Train/2/00002_00059_00005.png
client_2,15060,29,27,5,6,23,21,10,Train/10/00010_00001_00000.png
client_2,15297,75,75,7,7,69,69,10,Train/10/00010_00008_00027.png
client_2,17874,107,94,10,9,98,86,11,Train/11/00011_00027_00024.png
client_2,19386,58,57,6,5,53,52,12,Train/12/00012_00034_00006.png
client_2,4243,35,34,5,6,29,28,2,Train/2/00002_00048_00013.png
client_2,19510,40,41,5,6,35,36,12,Train/12/00012_00038_00010.png
client_2,16256,60,58,6,5,55,53,10,Train/10/00010_00040_00026.png
client_2,22672,96,99,9,9,88,91,14,Train/14/00014_00001_00022.png
client_2,3353,57,55,6,5,51,50,2,Train/2/00002_00018_00023.png
client_2,23564,35,34,6,5,30,29,15,Train/15/00015_00005_00014.png
client_2,15844,29,33,5,6,24,28,10,Train/10/00010_00027_00004.png
client_2,16514,38,37,6,5,33,32,10,Train/10/00010_00049_00014.png
client_2,18049,60,61,5,5,55,55,11,Train/11/00011_00033_00019.png
client_2,19378,69,73,6,6,63,67,12,Train/12/00012_00033_00028.png
client_2,18730,40,39,5,5,34,34,12,Train/12/00012_00012_00010.png
client_2,15969,33,33,5,5,28,28,10,Train/10/00010_00031_00009.png
client_2,19667,36,35,6,5,31,30,12,Train/12/00012_00043_00017.png
client_2,12393,33,32,6,5,27,26,8,Train/8/00008_00008_00003.png
client_2,16921,28,28,6,5,23,23,10,Train/10/00010_00063_00001.png
client_2,5876,51,55,6,6,46,50,3,Train/3/00003_00027_00026.png
client_2,19712,32,34,5,6,27,29,12,Train/12/00012_00045_00002.png
client_2,18230,48,44,5,5,43,39,11,Train/11/00011_00039_00020.png
client_2,4112,31,30,6,5,26,25,2,Train/2/00002_00044_00002.png
client_2,13322,31,30,5,5,26,25,8,Train/8/00008_00039_00002.png
client_2,16332,32,33,5,6,27,28,10,Train/10/00010_00043_00012.png
client_2,34147,33,33,6,6,28,28,34,Train/34/00034_00012_00008.png
client_2,16661,37,37,5,5,32,32,10,Train/10/00010_00054_00011.png
client_2,26553,46,42,5,5,41,37,18,Train/18/00018_00033_00003.png
client_2,115,83,80,8,8,76,73,20,Train/20/00020_00003_00025.png
client_2,15773,59,62,6,6,54,57,10,Train/10/00010_00024_00023.png
client_2,19927,98,97,8,8,90,89,12,Train/12/00012_00052_00007.png
client_2,21069,48,43,6,5,42,38,13,Train/13/00013_00020_00009.png
client_2,18670,41,38,5,6,36,33,12,Train/12/00012_00010_00010.png
client_2,4580,74,71,7,6,67,65,2,Train/2/00002_00059_00020.png
client_2,4484,41,41,6,6,36,36,2,Train/2/00002_00056_00014.png
client_2,26625,44,40,6,6,39,35,18,Train/18/00018_00035_00015.png
client_2,26334,94,86,8,7,86,79,18,Train/18/00018_00025_00024.png
client_2,1548,52,53,5,6,47,48,1,Train/1/00001_00032_00018.png
client_2,19296,42,42,6,5,37,37,12,Train/12/00012_00031_00006.png
client_2,23121,75,75,6,7,69,69,14,Train/14/00014_00016_00021.png
client_2,13039,52,53,5,6,47,48,8,Train/8/00008_00029_00019.png
client_2,19615,58,58,5,5,53,53,12,Train/12/00012_00041_00025.png
client_2,15933,28,29,5,6,23,24,10,Train/10/00010_00030_00003.png
client_2,16367,34,37,5,6,29,32,10,Train/10/00010_00044_00017.png
client_2,5099,53,55,5,5,48,49,3,Train/3/00003_00001_00029.png
client_2,26241,94,94,9,9,86,85,18,Train/18/00018_00022_00021.png
client_2,27735,100,95,9,9,92,87,23,Train/23/00023_00001_00015.png
client_2,23256,36,38,5,6,30,33,14,Train/14/00014_00021_00006.png
client_2,4216,33,33,6,6,28,28,2,Train/2/00002_00047_00016.png
client_2,18665,37,33,5,5,32,28,12,Train/12/00012_00010_00005.png
client_2,15281,39,38,6,5,34,33,10,Train/10/00010_00008_00011.png
client_2,3754,30,29,6,6,25,24,2,Train/2/00002_00032_00004.png
client_2,17284,49,45,5,5,44,40,11,Train/11/00011_00008_00004.png
client_2,17937,128,113,12,10,117,104,11,Train/11/00011_00029_00027.png
client_2,23645,39,39,6,6,34,34,15,Train/15/00015_00008_00005.png
client_2,1064,46,45,6,5,40,39,1,Train/1/00001_00016_00014.png
client_2,15914,34,35,5,5,29,30,10,Train/10/00010_00029_00014.png
client_2,10657,28,29,5,5,23,24,6,Train/6/00006_00012_00007.png
client_2,16122,32,30,5,5,27,24,10,Train/10/00010_00036_00012.png
client_2,23934,57,55,6,5,52,50,15,Train/15/00015_00017_00024.png
client_2,16072,53,50,5,6,48,45,10,Train/10/00010_00034_00022.png
client_2,22850,82,80,7,8,75,73,14,Train/14/00014_00007_00020.png
client_2,15875,30,31,5,6,25,26,10,Train/10/00010_00028_00005.png
client_2,16150,32,30,6,5,27,25,10,Train/10/00010_00037_00010.png
client_2,9302,29,30,5,5,24,25,5,Train/5/00005_00029_00002.png
client_2,26533,57,57,5,5,52,52,18,Train/18/00018_00032_00013.png
client_2,12687,68,64,7,6,62,59,8,Train/8/00008_00017_00027.png
client_2,17043,31,28,6,6,26,23,11,Train/11/00011_00000_00003.png
client_2,16062,35,32,6,5,30,27,10,Train/10/00010_00034_00012.png
client_2,20340,34,40,5,6,29,35,12,Train/12/00012_00066_00000.png
client_2,29701,40,38,6,6,35,33,25,Train/25/00025_00041_00001.png
client_2,26175,84,75,8,6,76,69,18,Train/18/00018_00020_00015.png
client_2,19045,64,61,6,5,59,56,12,Train/12/00012_00022_00025.png
client_2,1283,45,42,5,5,40,37,1,Train/1/00001_00023_00023.png
client_2,4136,81,79,8,7,74,72,2,Train/2/00002_00044_00026.png
client_2,20065,69,70,7,6,62,63,12,Train/12/00012_00056_00025.png
client_2,17301,85,76,7,6,78,70,11,Train/11/00011_00008_00021.png
client_2,22504,55,49,5,6,50,44,13,Train/13/00013_00068_00004.png
client_2,23101,58,58,6,6,53,53,14,Train/14/00014_00016_00001.png
client_2,6165,36,38,5,6,31,33,3,Train/3/00003_00037_00015.png
client_2,17276,83,74,7,7,75,67,11,Train/11/00011_00007_00026.png
client_2,16965,36,36,6,5,31,31,10,Train/10/00010_00064_00015.png
client_2,18740,62,61,6,6,56,56,12,Train/12/00012_00012_00020.png
client_2,3137,41,37,6,5,36,31,2,Train/2/00002_00011_00017.png
client_2,9902,30,30,5,5,25,25,5,Train/5/00005_00049_00002.png
client_2,27314,51,47,6,6,46,42,22,Train/22/00022_00000_00014.png
client_2,22215,39,38,6,5,34,33,13,Train/13/00013_00058_00015.png
client_2,19900,38,37,6,6,32,32,12,Train/12/00012_00051_00010.png
client_2,27855,48,43,6,5,43,38,23,Train/23/00023_00005_00015.png
client_2,26678,47,46,6,5,42,41,18,Train/18/00018_00037_00008.png
client_2,23311,36,37,5,6,31,32,14,Train/14/00014_00023_00001.png
client_2,48,45,42,5,6,40,37,20,Train/20/00020_00001_00018.png
client_2,27758,43,40,6,6,38,35,23,Train/23/00023_00002_00008.png
client_2,31118,53,46,6,5,48,41,28,Train/28/00028_00010_00008.png
client_2,15256,47,47,6,6,42,42,10,Train/10/00010_00007_00016.png
client_2,25900,36,35,5,6,31,30,18,Train/18/00018_00011_00010.png
client_2,810,44,47,5,5,39,42,1,Train/1/00001_00008_00000.png
client_2,19657,31,30,6,5,26,25,12,Train/12/00012_00043_00007.png
client_2,27526,56,55,6,6,51,49,22,Train/22/00022_00007_00016.png
client_2,16160,42,39,6,5,37,33,10,Train/10/00010_00037_00020.png
client_2,27922,59,53,6,5,54,48,23,Train/23/00023_00007_00022.png
client_2,16671,51,50,6,5,46,45,10,Train/10/00010_00054_00021.png
client_2,22776,53,54,5,6,48,49,14,Train/14/00014_00005_00006.png
client_2,16297,37,37,6,5,32,32,10,Train/10/00010_00042_00007.png
client_2,25639,54,49,6,5,49,44,18,Train/18/00018_00002_00019.png
client_2,23045,42,54,5,6,37,49,14,Train/14/00014_00014_00005.png
client_2,13129,41,42,5,5,35,36,8,Train/8/00008_00032_00019.png
client_2,12501,52,51,6,5,47,46,8,Train/8/00008_00011_00021.png
client_2,2120,52,55,5,6,47,50,1,Train/1/00001_00051_00020.png
client_2,16175,31,30,6,6,25,24,10,Train/10/00010_00038_00005.png
client_2,23467,32,39,6,5,26,33,15,Train/15/00015_00002_00007.png
client_2,20177,55,55,6,6,50,50,12,Train/12/00012_00060_00017.png
client_2,16854,48,45,5,6,43,40,10,Train/10/00010_00060_00024.png
client_2,3073,53,52,5,5,48,47,2,Train/2/00002_00009_00013.png
client_2,5950,32,34,5,6,26,28,3,Train/3/00003_00030_00010.png
client_2,3596,68,68,7,7,62,62,2,Train/2/00002_00026_00026.png
client_2,26116,64,61,5,6,59,56,18,Train/18/00018_00018_00016.png
client_2,3181,31,32,6,6,26,27,2,Train/2/00002_00013_00001.png
client_2,15234,54,53,6,5,49,48,10,Train/10/00010_00006_00024.png
client_2,27486,33,32,6,6,28,27,22,Train/22/00022_00006_00006.png
client_2,15263,69,68,7,6,63,62,10,Train/10/00010_00007_00023.png
client_2,12921,41,41,5,5,36,36,8,Train/8/00008_00025_00021.png
client_2,19270,36,36,6,6,31,31,12,Train/12/00012_00030_00010.png
client_2,8992,38,37,6,5,33,32,5,Train/5/00005_00018_00022.png
client_2,15722,34,35,6,6,29,30,10,Train/10/00010_00023_00002.png
client_2,4043,42,45,5,5,37,40,2,Train/2/00002_00041_00023.png
client_2,25827,105,91,10,8,96,83,18,Train/18/00018_00008_00027.png
client_2,18969,32,34,5,5,27,29,12,Train/12/00012_00020_00009.png
client_2,16686,33,32,6,5,28,27,10,Train/10/00010_00055_00006.png
client_2,10121,37,38,5,6,32,33,5,Train/5/00005_00056_00011.png
client_2,35834,46,45,6,5,41,40,37,Train/37/00037_00001_00015.png
client_2,13254,72,72,6,6,66,66,8,Train/8/00008_00036_00024.png
client_2,5575,80,85,7,7,73,78,3,Train/3/00003_00017_00025.png
client_2,23457,73,140,6,13,67,128,15,Train/15/00015_00001_00027.png
client_2,16121,33,30,6,5,28,24,10,Train/10/00010_00036_00011.png
client_2,18052,73,73,6,6,67,67,11,Train/11/00011_00033_00022.png
client_2,17215,108,96,9,8,98,87,11,Train/11/00011_00005_00025.png
client_2,25742,43,39,6,6,38,34,18,Train/18/00018_00006_00002.png
client_2,21499,43,40,6,5,38,35,13,Train/13/00013_00034_00019.png
client_2,16013,56,46,6,5,51,41,10,Train/10/00010_00032_00023.png
client_2,33964,28,30,5,5,23,25,34,Train/34/00034_00006_00005.png
client_2,15210,29,29,5,5,24,24,10,Train/10/00010_00006_00000.png
client_2,13319,47,48,6,6,42,43,8,Train/8/00008_00038_00029.png
client_2,33852,37,37,5,6,31,31,34,Train/34/00034_00002_00013.png
client_2,3969,31,31,6,6,26,26,2,Train/2/00002_00039_00009.png
client_2,16562,34,34,5,6,29,29,10,Train/10/00010_00051_00002.png
client_2,34089,33,39,5,5,28,34,34,Train/34/00034_00010_00010.png
client_2,26160,59,57,6,6,54,52,18,Train/18/00018_00020_00000.png
client_2,16493,48,49,5,6,43,44,10,Train/10/00010_00048_00023.png
client_2,28465,51,56,6,6,46,51,24,Train/24/00024_00008_00025.png
client_2,19351,37,42,6,5,32,37,12,Train/12/00012_00033_00001.png
client_2,27616,40,39,6,6,34,34,22,Train/22/00022_00010_00016.png
client_2,18126,53,52,6,6,47,47,11,Train/11/00011_00036_00006.png
client_2,33844,31,30,6,6,26,25,34,Train/34/00034_00002_00005.png
client_2,16194,50,52,6,6,44,46,10,Train/10/00010_00038_00024.png
client_2,15324,53,52,6,5,48,47,10,Train/10/00010_00009_00024.png
client_2,16659,37,37,6,6,32,32,10,Train/10/00010_00054_00009.png
client_2,17443,53,51,5,5,48,46,11,Train/11/00011_00013_00013.png
client_2,4713,28,28,5,5,23,23,2,Train/2/00002_00064_00003.png
client_2,27394,42,39,6,6,37,34,22,Train/22/00022_00003_00004.png
client_2,1732,41,42,6,5,36,37,1,Train/1/00001_00038_00022.png
client_2,13041,60,59,6,5,55,54,8,Train/8/00008_00029_00021.png
client_2,30887,64,60,5,5,59,55,28,Train/28/00028_00002_00017.png
client_2,38235,46,46,5,5,41,41,39,Train/39/00039_00005_00016.png
client_2,22696,46,46,5,5,41,41,14,Train/14/00014_00002_00016.png
client_2,2001,58,59,5,6,53,54,1,Train/1/00001_00047_00021.png
client_2,16840,30,30,5,5,25,24,10,Train/10/00010_00060_00010.png
client_2,18636,35,35,6,6,30,30,12,Train/12/00012_00009_00006.png
client_2,16077,76,70,7,6,70,63,10,Train/10/00010_00034_00027.png
client_2,26458,131,116,11,10,120,106,18,Train/18/00018_00029_00028.png
client_2,19394,73,73,7,7,67,67,12,Train/12/00012_00034_00014.png
client_2,38337,86,92,7,9,79,84,39,Train/39/00039_00008_00028.png
client_2,16958,31,32,6,6,26,27,10,Train/10/00010_00064_00008.png
client_2,26598,52,46,6,5,47,41,18,Train/18/00018_00034_00018.png
client_2,15889,40,40,6,6,35,35,10,Train/10/00010_00028_00019.png
client_2,15898,63,65,6,6,58,60,10,Train/10/00010_00028_00028.png
client_2,23585,28,30,5,6,23,25,15,Train/15/00015_00006_00005.png
client_2,22746,41,42,6,5,36,37,14,Train/14/00014_00004_00006.png
client_2,25726,109,100,9,9,100,92,18,Train/18/00018_00005_00016.png
client_2,19428,47,48,6,6,42,43,12,Train/12/00012_00035_00018.png
client_2,16548,42,41,6,5,37,36,10,Train/10/00010_00050_00018.png
client_2,16325,29,28,6,6,24,23,10,Train/10/00010_00043_00005.png
client_2,12267,63,65,5,6,58,60,8,Train/8/00008_00003_00027.png
client_2,35972,42,43,6,6,37,38,37,Train/37/00037_00006_00003.png
client_2,26133,40,40,6,6,35,35,18,Train/18/00018_00019_00003.png
client_2,20988,68,60,7,5,62,55,13,Train/13/00013_00017_00018.png
client_2,18123,47,50,6,5,42,44,11,Train/11/00011_00036_00003.png
client_2,19514,42,43,5,6,37,38,12,Train/12/00012_00038_00014.png
client_2,22983,43,43,5,5,38,38,14,Train/14/00014_00012_00003.png
client_2,3783,29,29,6,5,24,24,2,Train/2/00002_00033_00003.png
client_2,23956,104,123,9,11,95,113,15,Train/15/00015_00018_00016.png
client_2,1764,76,80,6,8,70,73,1,Train/1/00001_00039_00024.png
client_2,17292,59,56,5,6,54,50,11,Train/11/00011_00008_00012.png
client_2,23084,48,47,6,5,43,42,14,Train/14/00014_00015_00014.png
client_2,15467,41,42,5,6,36,37,10,Train/10/00010_00014_00017.png
client_2,4119,35,35,5,5,30,30,2,Train/2/00002_00044_00009.png
client_2,20268,43,45,6,6,38,40,12,Train/12/00012_00063_00018.png
client_2,18566,75,76,7,7,69,70,12,Train/12/00012_00006_00026.png
client_2,3028,74,71,7,6,68,65,2,Train/2/00002_00007_00028.png
client_2,17236,40,35,6,6,34,30,11,Train/11/00011_00006_00016.png
client_2,22813,41,43,5,5,35,37,14,Train/14/00014_00006_00013.png
client_2,34104,54,65,6,6,48,59,34,Train/34/00034_00010_00025.png
client_2,4481,37,37,5,6,32,32,2,Train/2/00002_00056_00011.png
client_2,20017,35,36,5,6,30,31,12,Train/12/00012_00055_00007.png
client_2,16717,33,33,5,5,28,28,10,Train/10/00010_00056_00007.png
client_2,23170,56,56,6,5,50,50,14,Train/14/00014_00018_00010.png
client_2,32885,30,30,6,6,25,25,32,Train/32/00032_00001_00005.png
client_2,15477,64,65,5,6,59,60,10,Train/10/00010_00014_00027.png
client_2,26738,45,41,6,6,40,36,18,Train/18/00018_00039_00008.png
client_2,26337,137,130,12,11,126,119,18,Train/18/00018_00025_00027.png
client_2,24387,53,53,6,6,48,48,16,Train/16/00016_00011_00027.png
client_2,32925,40,40,6,6,35,35,32,Train/32/00032_00002_00015.png
client_2,12686,65,59,6,6,60,54,8,Train/8/00008_00017_00026.png
client_2,23339,99,100,9,8,91,92,14,Train/14/00014_00023_00029.png
client_2,17378,50,46,5,5,44,40,11,Train/11/00011_00011_00008.png
client_2,22970,62,62,5,5,57,57,14,Train/14/00014_00011_00020.png
client_2,1295,26,29,5,6,21,24,1,Train/1/00001_00024_00005.png
client_2,12896,55,54,6,5,50,49,8,Train/8/00008_00024_00026.png
client_2,157,32,31,5,6,27,26,20,Train/20/00020_00005_00007.png
client_2,18177,66,72,6,7,60,65,11,Train/11/00011_00037_00027.png
client_2,16009,48,42,5,6,43,37,10,Train/10/00010_00032_00019.png
client_2,26437,39,37,6,5,34,32,18,Train/18/00018_00029_00007.png
client_2,15232,50,50,6,6,45,45,10,Train/10/00010_00006_00022.png
client_2,16649,143,154,12,14,131,141,10,Train/10/00010_00053_00029.png
client_2,12336,33,32,6,5,27,26,8,Train/8/00008_00006_00006.png
client_2,39183,30,32,5,6,25,27,42,Train/42/00042_00007_00004.png
client_2,15393,31,31,5,5,26,26,10,Train/10/00010_00012_00003.png
client_2,34139,27,28,5,5,22,23,34,Train/34/00034_00012_00000.png
client_2,35860,40,39,5,5,35,34,37,Train/37/00037_00002_00011.png
client_2,16426,38,36,6,5,32,31,10,Train/10/00010_00046_00016.png
client_2,15503,61,60,6,5,56,55,10,Train/10/00010_00015_00023.png
client_2,15084,70,57,6,5,64,52,10,Train/10/00010_00001_00024.png
client_2,321,57,50,6,5,52,45,20,Train/20/00020_00010_00021.png
client_2,23171,56,57,5,5,51,52,14,Train/14/00014_00018_00011.png
client_2,31143,37,35,5,5,32,30,28,Train/28/00028_00011_00003.png
client_2,16755,44,42,6,6,39,37,10,Train/10/00010_00057_00015.png
client_2,18889,58,57,6,5,53,52,12,Train/12/00012_00017_00019.png
client_2,19060,36,36,5,5,31,31,12,Train/12/00012_00023_00010.png
client_2,26590,41,36,5,5,35,31,18,Train/18/00018_00034_00010.png
client_2,16560,34,33,6,6,29,28,10,Train/10/00010_00051_00000.png
client_2,26812,70,61,7,6,64,55,19,Train/19/00019_00001_00022.png
client_2,18688,127,106,11,9,116,97,12,Train/12/00012_00010_00028.png
client_2,12840,33,32,6,5,28,27,8,Train/8/00008_00023_00000.png
client_2,18550,46,47,5,6,41,42,12,Train/12/00012_00006_00010.png
client_2,16900,33,34,5,5,28,29,10,Train/10/00010_00062_00010.png
client_2,17022,32,30,6,6,27,25,10,Train/10/00010_00066_00012.png
client_2,16320,27,27,6,6,22,22,10,Train/10/00010_00043_00000.png
client_2,27660,32,30,6,6,27,25,22,Train/22/00022_00012_00000.png
client_2,15587,48,47,6,5,43,42,10,Train/10/00010_00018_00017.png
client_2,16298,36,38,5,5,31,32,10,Train/10/00010_00042_00008.png
client_2,12841,32,33,5,6,27,28,8,Train/8/00008_00023_00001.png
client_2,12201,49,49,6,6,44,43,8,Train/8/00008_00001_00021.png
client_2,26430,34,31,6,6,29,26,18,Train/18/00018_00029_00000.png
client_2,4278,42,42,5,5,36,36,2,Train/2/00002_00049_00018.png
client_2,8994,39,40,5,6,34,35,5,Train/5/00005_00018_00024.png
client_2,4213,29,29,5,5,24,24,2,Train/2/00002_00047_00013.png
client_2,16002,37,32,6,6,32,27,10,Train/10/00010_00032_00012.png
client_2,3127,30,30,5,6,25,25,2,Train/2/00002_00011_00007.png
client_2,18946,46,43,6,5,41,38,12,Train/12/00012_00019_00016.png
client_2,16946,53,55,5,6,48,49,10,Train/10/00010_00063_00026.png
client_2,19450,45,44,6,5,40,39,12,Train/12/00012_00036_00010.png
client_2,15882,33,33,5,5,28,28,10,Train/10/00010_00028_00012.png
client_2,15538,56,55,6,5,51,50,10,Train/10/00010_00016_00028.png
client_2,23283,35,37,5,6,30,32,14,Train/14/00014_00022_00003.png
client_2,35905,62,61,6,6,57,56,37,Train/37/00037_00003_00026.png
client_2,19321,30,36,5,5,25,31,12,Train/12/00012_00032_00001.png
client_2,16607,46,46,6,6,41,41,10,Train/10/00010_00052_00017.png
client_2,19282,42,42,5,5,37,37,12,Train/12/00012_00030_00022.png
client_2,22893,28,31,5,5,23,26,14,Train/14/00014_00009_00003.png
client_2,13100,45,48,5,5,40,43,8,Train/8/00008_00031_00020.png
client_2,18243,33,31,5,6,28,26,11,Train/11/00011_00040_00003.png
client_2,13142,28,28,6,5,23,23,8,Train/8/00008_00033_00002.png
client_2,16341,44,44,6,5,39,39,10,Train/10/00010_00043_00021.png
client_2,7396,36,37,6,5,31,32,4,Train/4/00004_00031_00016.png
client_2,18729,38,38,5,5,33,33,12,Train/12/00012_00012_00009.png
client_2,22741,37,39,5,6,32,34,14,Train/14/00014_00004_00001.png
client_2,16802,33,33,6,6,28,28,10,Train/10/00010_00059_00002.png
client_2,3413,47,51,5,6,42,46,2,Train/2/00002_00020_00023.png
client_2,28303,70,63,7,5,64,58,24,Train/24/00024_00003_00013.png
client_2,18841,28,28,6,5,23,22,12,Train/12/00012_00016_00001.png
client_2,15161,32,31,6,5,27,26,10,Train/10/00010_00004_00011.png
client_2,12169,45,48,5,6,40,43,8,Train/8/00008_00000_00019.png
client_2,16522,46,47,5,6,41,42,10,Train/10/00010_00049_00022.png
client_2,23403,38,42,5,6,33,37,15,Train/15/00015_00000_00003.png
client_2,15529,41,40,6,5,36,35,10,Train/10/00010_00016_00019.png
client_2,25664,60,56,6,6,54,51,18,Train/18/00018_00003_00014.png
client_2,23288,42,43,6,5,37,38,14,Train/14/00014_00022_00008.png
client_2,5335,59,61,6,5,54,56,3,Train/3/00003_00009_00025.png
client_2,15428,39,39,6,6,34,34,10,Train/10/00010_00013_00008.png
client_2,35432,33,32,5,5,28,27,36,Train/36/00036_00001_00003.png
client_2,15777,94,95,8,8,86,87,10,Train/10/00010_00024_00027.png
client_2,9285,43,40,6,5,38,35,5,Train/5/00005_00028_00015.png
client_2,15299,87,86,8,7,80,79,10,Train/10/00010_00008_00029.png
client_2,9772,55,59,5,5,50,53,5,Train/5/00005_00044_00022.png
client_2,18159,36,39,5,6,31,33,11,Train/11/00011_00037_00009.png
client_2,22375,75,68,7,6,69,62,13,Train/13/00013_00063_00025.png
client_2,3393,28,29,5,6,23,24,2,Train/2/00002_00020_00003.png
client_2,20708,46,52,6,5,41,47,13,Train/13/00013_00008_00008.png
client_2,17094,108,100,9,8,99,92,11,Train/11/00011_00001_00024.png
client_2,3465,38,41,5,6,32,35,2,Train/2/00002_00022_00015.png
client_2,20157,84,82,8,7,77,75,12,Train/12/00012_00059_00027.png
client_2,15432,44,43,6,5,39,38,10,Train/10/00010_00013_00012.png
client_2,4637,57,58,6,6,52,53,2,Train/2/00002_00061_00017.png
client_2,16202,29,30,5,6,24,25,10,Train/10/00010_00039_00002.png
client_2,26687,54,54,5,5,49,49,18,Train/18/00018_00037_00017.png
client_2,17427,152,138,13,12,138,126,11,Train/11/00011_00012_00027.png
client_2,5577,94,100,8,9,86,92,3,Train/3/00003_00017_00027.png
client_2,17903,31,47,6,6,26,42,11,Train/11/00011_00028_00023.png
client_2,17333,80,70,7,7,72,64,11,Train/11/00011_00009_00023.png
client_2,16213,35,35,5,5,30,30,10,Train/10/00010_00039_00013.png
client_2,16081,29,28,5,6,24,23,10,Train/10/00010_00035_00001.png
client_2,4277,40,40,5,5,35,35,2,Train/2/00002_00049_00017.png
client_2,34116,30,29,6,5,25,24,34,Train/34/00034_00011_00007.png
client_2,25626,40,37,6,5,35,32,18,Train/18/00018_00002_00006.png
client_2,15963,30,30,5,5,24,25,10,Train/10/00010_00031_00003.png
client_2,31036,74,62,7,5,68,56,28,Train/28/00028_00007_00016.png
client_2,16746,35,34,5,5,30,29,10,Train/10/00010_00057_00006.png
client_2,9833,64,68,5,7,59,62,5,Train/5/00005_00046_00023.png
client_2,19796,127,128,11,11,116,117,12,Train/12/00012_00047_00026.png
client_2,20456,85,87,8,7,78,80,12,Train/12/00012_00069_00026.png
client_2,25667,64,59,5,6,59,54,18,Train/18/00018_00003_00017.png
client_2,3695,36,32,6,5,30,26,2,Train/2/00002_00030_00005.png
client_2,15451,29,30,5,6,24,25,10,Train/10/00010_00014_00001.png
client_2,25828,111,98,10,9,102,89,18,Train/18/00018_00008_00028.png
client_2,18367,31,33,5,5,26,28,12,Train/12/00012_00000_00007.png
client_2,15741,44,46,5,5,39,41,10,Train/10/00010_00023_00021.png
client_2,25767,105,94,10,8,96,86,18,Train/18/00018_00006_00027.png
client_2,16561,35,33,6,5,30,28,10,Train/10/00010_00051_00001.png
client_2,11597,38,39,5,5,33,34,7,Train/7/00007_00029_00017.png
client_2,3126,30,27,5,5,25,22,2,Train/2/00002_00011_00006.png
client_2,4133,62,63,6,6,57,57,2,Train/2/00002_00044_00023.png
client_2,25785,81,71,8,7,74,65,18,Train/18/00018_00007_00015.png
client_2,21929,106,100,9,8,97,92,13,Train/13/00013_00048_00029.png
client_2,4556,53,53,6,5,48,47,2,Train/2/00002_00058_00026.png
client_2,20306,98,105,8,10,90,96,12,Train/12/00012_00064_00026.png
client_2,23788,49,55,5,6,44,49,15,Train/15/00015_00012_00028.png
client_2,15689,121,120,10,10,111,110,10,Train/10/00010_00021_00029.png
client_2,15879,36,37,5,6,31,32,10,Train/10/00010_00028_00009.png
client_2,18564,72,71,7,6,66,65,12,Train/12/00012_00006_00024.png
client_2,34171,36,37,5,6,31,32,34,Train/34/00034_00013_00002.png
client_2,13194,72,71,7,6,65,64,8,Train/8/00008_00034_00024.png
client_2,2165,54,57,5,6,49,52,1,Train/1/00001_00053_00005.png
client_2,27556,42,40,6,5,37,35,22,Train/22/00022_00008_00016.png
client_2,27410,63,57,6,6,58,52,22,Train/22/00022_00003_00020.png
client_2,19087,49,48,6,5,44,43,12,Train/12/00012_00024_00007.png
client_2,15539,57,60,5,6,52,55,10,Train/10/00010_00016_00029.png
client_2,26714,54,54,5,5,49,49,18,Train/18/00018_00038_00014.png
client_2,346,42,38,6,5,36,33,20,Train/20/00020_00011_00016.png
client_2,26653,58,57,6,5,53,52,18,Train/18/00018_00036_00013.png
client_2,19539,44,44,5,5,39,39,12,Train/12/00012_00039_00009.png
client_2,23407,43,44,6,5,38,39,15,Train/15/00015_00000_00007.png
client_2,23381,34,33,6,5,29,28,14,Train/14/00014_00025_00011.png
client_2,17691,58,50,5,6,53,45,11,Train/11/00011_00021_00021.png
client_2,17524,41,40,5,5,36,35,11,Train/11/00011_00016_00004.png
client_2,15092,33,30,6,5,27,25,10,Train/10/00010_00002_00002.png
client_2,31041,85,73,8,7,78,67,28,Train/28/00028_00007_00021.png
client_2,22046,73,64,7,6,67,59,13,Train/13/00013_00052_00026.png
client_2,32892,33,33,5,5,28,27,32,Train/32/00032_00001_00012.png
client_2,3759,34,32,5,5,29,27,2,Train/2/00002_00032_00009.png
client_2,2567,57,55,5,5,51,50,1,Train/1/00001_00066_00017.png
client_2,20589,34,32,5,6,29,27,13,Train/13/00013_00004_00009.png
client_2,21591,68,67,7,6,62,61,13,Train/13/00013_00037_00021.png
client_2,3753,29,28,6,6,24,23,2,Train/2/00002_00032_00003.png
client_2,20013,34,32,6,5,28,27,12,Train/12/00012_00055_00003.png
client_2,16770,29,30,5,6,24,25,10,Train/10/00010_00058_00000.png
client_2,18235,67,60,6,6,61,55,11,Train/11/00011_00039_00025.png
client_2,26288,37,34,6,5,31,28,18,Train/18/00018_00024_00008.png
client_2,17638,59,57,5,5,54,52,11,Train/11/00011_00019_00028.png
client_2,25991,45,44,6,5,40,39,18,Train/18/00018_00014_00011.png
client_2,16377,48,47,6,5,43,42,10,Train/10/00010_00044_00027.png
client_2,17222,29,26,6,6,24,21,11,Train/11/00011_00006_00002.png
client_2,15697,41,41,5,5,36,36,10,Train/10/00010_00022_00007.png
client_2,13486,40,40,6,5,35,35,8,Train/8/00008_00044_00016.png
client_2,4603,65,64,6,6,60,59,2,Train/2/00002_00060_00013.png
client_2,16101,51,47,6,5,45,42,10,Train/10/00010_00035_00021.png
client_2,3049,40,41,5,5,35,36,2,Train/2/00002_00008_00019.png
client_2,23131,27,28,6,6,22,23,14,Train/14/00014_00017_00001.png
client_2,19613,48,49,5,6,43,44,12,Train/12/00012_00041_00023.png
client_2,39035,30,29,6,5,25,24,42,Train/42/00042_00002_00006.png
client_2,223,30,30,5,5,25,25,20,Train/20/00020_00007_00013.png
client_2,16173,30,28,6,5,24,23,10,Train/10/00010_00038_00003.png
client_2,16342,46,47,6,6,41,42,10,Train/10/00010_00043_00022.png
client_2,22043,62,57,5,6,57,52,13,Train/13/00013_00052_00023.png
client_2,16089,34,33,5,6,28,27,10,Train/10/00010_00035_00009.png
client_2,7046,97,96,9,8,89,88,4,Train/4/00004_00019_00026.png
client_2,19650,27,27,6,6,22,22,12,Train/12/00012_00043_00000.png
client_2,4623,42,41,6,5,37,36,2,Train/2/00002_00061_00003.png
client_2,6724,32,33,5,6,27,28,4,Train/4/00004_00009_00004.png
client_2,16616,69,68,7,6,63,62,10,Train/10/00010_00052_00026.png
client_2,13393,40,41,5,6,35,36,8,Train/8/00008_00041_00013.png
client_2,13280,43,43,5,5,38,38,8,Train/8/00008_00037_00020.png
client_2,4966,36,37,6,5,31,32,2,Train/2/00002_00072_00016.png
client_2,4859,130,131,12,11,119,120,2,Train/2/00002_00068_00029.png
client_2,27613,37,36,6,5,32,31,22,Train/22/00022_00010_00013.png
client_2,26452,73,64,6,6,67,59,18,Train/18/00018_00029_00022.png
client_2,4853,59,59,6,6,54,54,2,Train/2/00002_00068_00023.png
client_2,33949,42,45,6,5,36,40,34,Train/34/00034_00005_00020.png
client_2,35837,53,52,5,5,48,47,37,Train/37/00037_00001_00018.png
client_2,23769,38,43,5,6,32,37,15,Train/15/00015_00012_00009.png
client_2,7985,32,32,5,6,27,27,4,Train/4/00004_00051_00005.png
client_2,2012,35,35,5,5,30,30,1,Train/1/00001_00048_00002.png
client_2,34011,53,53,6,6,48,48,34,Train/34/00034_00007_00022.png
client_2,15809,82,82,8,7,75,75,10,Train/10/00010_00025_00029.png
client_2,17005,40,41,5,5,35,36,10,Train/10/00010_00065_00025.png
client_2,3379,48,49,6,5,43,44,2,Train/2/00002_00019_00019.png
client_2,19797,141,141,13,13,129,129,12,Train/12/00012_00047_00027.png
client_2,16591,32,33,5,6,27,28,10,Train/10/00010_00052_00001.png
client_2,15329,64,64,6,6,59,59,10,Train/10/00010_00009_00029.png
client_2,35653,38,38,6,6,32,33,36,Train/36/00036_00008_00014.png
client_2,12518,37,37,5,5,32,32,8,Train/8/00008_00012_00008.png
client_2,26250,33,32,6,6,28,27,18,Train/18/00018_00023_00000.png
client_2,16480,34,35,5,6,28,29,10,Train/10/00010_00048_00010.png
client_2,16860,28,25,6,5,23,20,10,Train/10/00010_00061_00000.png
client_2,23039,216,211,18,18,198,193,14,Train/14/00014_00013_00029.png
client_2,35894,41,40,6,6,36,35,37,Train/37/00037_00003_00015.png
client_2,21558,44,43,5,5,39,38,13,Train/13/00013_00036_00018.png
client_2,1716,30,31,5,5,25,26,1,Train/1/00001_00038_00006.png
client_2,30133,43,40,5,5,38,35,26,Train/26/00026_00005_00013.png
client_2,15912,33,35,5,6,28,30,10,Train/10/00010_00029_00012.png
client_2,38114,37,38,6,5,32,33,39,Train/39/00039_00001_00015.png
client_2,23053,63,72,6,6,57,66,14,Train/14/00014_00014_00013.png
client_2,6981,41,44,5,6,35,38,4,Train/4/00004_00017_00021.png
client_2,31272,37,34,5,5,31,29,28,Train/28/00028_00015_00012.png
client_2,15064,29,27,6,5,24,21,10,Train/10/00010_00001_00004.png
client_2,1860,39,38,6,5,34,33,1,Train/1/00001_00043_00000.png
client_2,15847,31,33,6,6,26,28,10,Train/10/00010_00027_00007.png
client_2,21103,39,36,6,6,34,30,13,Train/13/00013_00021_00013.png
client_2,16749,38,36,6,6,33,31,10,Train/10/00010_00057_00009.png
client_2,18258,60,54,6,5,55,49,11,Train/11/00011_00040_00018.png
client_2,17608,128,112,12,10,117,103,11,Train/11/00011_00018_00028.png
client_2,23647,38,39,5,6,33,34,15,Train/15/00015_00008_00007.png
client_2,17289,55,49,6,5,50,44,11,Train/11/00011_00008_00009.png
client_2,34185,45,44,6,5,40,39,34,Train/34/00034_00013_00016.png
client_2,19719,48,48,5,5,43,43,12,Train/12/00012_00045_00009.png
client_2,22646,131,131,11,12,120,120,14,Train/14/00014_00000_00026.png
client_2,26079,33,34,5,6,27,28,18,Train/18/00018_00017_00009.png
client_2,2049,37,36,6,5,32,31,1,Train/1/00001_00049_00009.png
client_2,3249,58,60,5,5,53,55,2,Train/2/00002_00015_00009.png
client_2,21045,64,57,5,6,59,52,13,Train/13/00013_00019_00015.png
client_2,12479,75,75,7,7,69,69,8,Train/8/00008_00010_00029.png
client_2,846,33,34,6,6,28,29,1,Train/1/00001_00009_00006.png
client_2,28176,44,43,6,6,39,38,23,Train/23/00023_00016_00006.png
client_2,34036,42,44,5,6,37,39,34,Train/34/00034_00008_00017.png
client_2,15780,28,29,6,5,23,24,10,Train/10/00010_00025_00000.png
client_2,16769,135,120,12,10,124,110,10,Train/10/00010_00057_00029.png
client_2,12307,33,34,5,5,28,29,8,Train/8/00008_00005_00007.png
client_2,4777,37,39,6,5,31,34,2,Train/2/00002_00066_00007.png
client_2,19601,32,32,6,6,27,27,12,Train/12/00012_00041_00011.png
client_2,9728,33,33,5,5,27,27,5,Train/5/00005_00043_00008.png
client_2,4990,33,34,5,5,28,28,2,Train/2/00002_00073_00010.png
client_2,17933,98,89,8,8,90,82,11,Train/11/00011_00029_00023.png
client_2,19487,64,64,5,5,59,59,12,Train/12/00012_00037_00017.png
client_2,90,34,34,5,6,29,29,20,Train/20/00020_00003_00000.png
client_2,33915,67,68,6,7,61,62,34,Train/34/00034_00004_00016.png
client_2,3700,38,34,6,5,33,28,2,Train/2/00002_00030_00010.png
client_2,9729,35,34,6,5,29,28,5,Train/5/00005_00043_00009.png
client_2,31172,30,26,6,5,25,21,28,Train/28/00028_00012_00002.png
client_2,5737,32,34,5,6,27,29,3,Train/3/00003_00023_00007.png
client_2,13511,39,40,5,6,34,35,8,Train/8/00008_00045_00011.png
client_2,22979,141,134,12,12,129,123,14,Train/14/00014_00011_00029.png
client_2,18428,37,38,5,5,32,33,12,Train/12/00012_00002_00008.png
client_2,18015,54,54,5,6,49,48,11,Train/11/00011_00032_00015.png
client_2,20032,60,61,6,6,55,56,12,Train/12/00012_00055_00022.png
client_2,4103,50,47,6,5,44,42,2,Train/2/00002_00043_00023.png
client_2,21461,45,39,5,5,40,34,13,Train/13/00013_00033_00011.png
client_2,12397,34,34,6,6,29,29,8,Train/8/00008_00008_00007.png
client_2,17667,129,113,11,10,118,104,11,Train/11/00011_00020_00027.png
client_2,19619,129,129,12,12,118,118,12,Train/12/00012_00041_00029.png
client_2,4150,31,31,6,6,26,26,2,Train/2/00002_00045_00010.png
client_2,19436,57,57,6,5,52,52,12,Train/12/00012_00035_00026.png
client_2,3799,35,38,5,6,30,33,2,Train/2/00002_00033_00019.png
client_2,38608,100,112,8,10,92,103,40,Train/40/00040_00007_00029.png
client_2,15663,36,34,6,5,31,29,10,Train/10/00010_00021_00003.png
client_2,34179,41,41,5,5,36,36,34,Train/34/00034_00013_00010.png
client_2,19220,44,44,5,5,39,39,12,Train/12/00012_00028_00020.png
client_2,5043,28,29,6,6,23,24,3,Train/3/00003_00000_00003.png
client_2,706,32,32,6,5,27,27,1,Train/1/00001_00004_00016.png
client_2,1422,36,42,6,6,31,37,1,Train/1/00001_00028_00012.png
client_2,19345,62,76,5,7,57,70,12,Train/12/00012_00032_00025.png
client_2,23144,40,40,6,6,35,35,14,Train/14/00014_00017_00014.png
client_2,22443,34,34,5,6,29,29,13,Train/13/00013_00066_00003.png
client_2,39031,29,29,6,6,24,24,42,Train/42/00042_00002_00002.png
client_2,15277,33,34,5,6,28,29,10,Train/10/00010_00008_00007.png
client_2,4192,46,52,6,6,41,47,2,Train/2/00002_00046_00022.png
client_2,22714,47,46,6,5,41,40,14,Train/14/00014_00003_00004.png
client_2,16959,31,31,5,5,25,26,10,Train/10/00010_00064_00009.png
client_2,33825,36,36,6,5,31,31,34,Train/34/00034_00001_00016.png
client_2,26544,91,92,8,9,83,84,18,Train/18/00018_00032_00024.png
client_2,34197,72,68,6,7,66,62,34,Train/34/00034_00013_00028.png
client_2,25572,29,27,6,5,24,22,18,Train/18/00018_00000_00012.png
client_2,15041,42,43,5,6,37,38,10,Train/10/00010_00000_00011.png
client_2,22658,39,40,5,5,34,34,14,Train/14/00014_00001_00008.png
client_2,34088,32,39,5,5,27,33,34,Train/34/00034_00010_00009.png
client_2,16572,43,44,5,6,38,39,10,Train/10/00010_00051_00012.png
client_2,3979,41,42,6,6,36,37,2,Train/2/00002_00039_00019.png
client_2,26105,48,45,6,5,43,40,18,Train/18/00018_00018_00005.png
client_2,10107,52,55,5,5,47,50,5,Train/5/00005_00055_00027.png
client_2,16466,61,57,6,5,56,52,10,Train/10/00010_00047_00026.png
client_2,16987,30,28,6,5,25,23,10,Train/10/00010_00065_00007.png
client_2,16263,26,26,5,5,21,21,10,Train/10/00010_00041_00003.png
client_2,15336,33,33,5,5,28,28,10,Train/10/00010_00010_00006.png
client_2,34034,40,41,6,6,35,36,34,Train/34/00034_00008_00015.png
client_2,35839,57,58,5,6,52,53,37,Train/37/00037_00001_00020.png
client_2,35412,47,48,5,6,42,43,36,Train/36/00036_00000_00013.png
client_2,18045,51,52,5,6,45,46,11,Train/11/00011_00033_00015.png
client_2,15086,80,65,7,6,73,60,10,Train/10/00010_00001_00026.png
client_2,8021,32,33,6,6,27,27,4,Train/4/00004_00052_00011.png
client_2,18168,42,45,5,5,37,40,11,Train/11/00011_00037_00018.png
client_2,31866,36,34,5,6,31,29,30,Train/30/00030_00008_00006.png
client_2,19996,45,46,6,5,40,40,12,Train/12/00012_00054_00016.png
client_2,10111,29,31,6,6,24,26,5,Train/5/00005_00056_00001.png
client_2,18486,31,26,5,5,25,20,12,Train/12/00012_00004_00006.png
client_2,5424,56,56,6,6,51,51,3,Train/3/00003_00012_00024.png
client_2,31201,41,43,5,5,36,38,28,Train/28/00028_00013_00001.png
client_2,16586,89,88,8,7,82,81,10,Train/10/00010_00051_00026.png
client_2,17853,48,45,5,5,43,40,11,Train/11/00011_00027_00003.png
client_2,15191,34,35,5,6,29,30,10,Train/10/00010_00005_00011.png
client_2,15961,27,28,5,5,21,23,10,Train/10/00010_00031_00001.png
client_2,16966,36,37,5,5,30,31,10,Train/10/00010_00064_00016.png
client_2,15997,32,27,6,5,27,22,10,Train/10/00010_00032_00007.png
client_2,23344,28,27,6,6,23,22,14,Train/14/00014_00024_00004.png
client_2,19153,39,39,6,6,34,34,12,Train/12/00012_00026_00013.png
client_2,15349,42,42,6,6,37,37,10,Train/10/00010_00010_00019.png
client_2,26693,60,61,5,6,55,56,18,Train/18/00018_00037_00023.png
client_2,15475,59,58,6,5,54,53,10,Train/10/00010_00014_00025.png
client_2,12937,30,32,6,6,25,26,8,Train/8/00008_00026_00007.png
client_2,26284,34,31,6,5,29,26,18,Train/18/00018_00024_00004.png
client_2,15951,41,41,6,6,36,36,10,Train/10/00010_00030_00021.png
client_2,26478,48,47,5,5,43,41,18,Train/18/00018_00030_00018.png
client_2,12977,32,31,5,5,27,26,8,Train/8/00008_00027_00017.png
client_2,26135,41,40,6,5,36,35,18,Train/18/00018_00019_00005.png
client_2,16356,28,31,5,6,23,25,10,Train/10/00010_00044_00006.png
client_2,4205,29,28,6,5,24,23,2,Train/2/00002_00047_00005.png
client_2,16504,31,32,6,6,26,26,10,Train/10/00010_00049_00004.png
client_2,28138,115,100,10,8,105,92,23,Train/23/00023_00014_00028.png
client_2,23257,37,40,5,6,32,35,14,Train/14/00014_00021_00007.png
client_2,33870,42,45,5,5,36,40,34,Train/34/00034_00003_00001.png
client_2,34093,39,42,6,5,34,37,34,Train/34/00034_00010_00014.png
client_2,3213,27,28,5,5,22,22,2,Train/2/00002_00014_00003.png
client_2,30347,44,41,5,5,39,36,26,Train/26/00026_00012_00017.png
client_2,13231,32,32,6,6,27,27,8,Train/8/00008_00036_00001.png
client_2,15167,37,37,6,6,32,32,10,Train/10/00010_00004_00017.png
client_2,26603,63,58,5,5,57,53,18,Train/18/00018_00034_00023.png
client_2,12217,29,30,5,6,23,24,8,Train/8/00008_00002_00007.png
client_2,10355,32,33,6,6,27,28,6,Train/6/00006_00002_00005.png
client_2,32896,37,35,6,5,32,30,32,Train/32/00032_00001_00016.png
client_2,15588,50,49,6,5,45,44,10,Train/10/00010_00018_00018.png
client_2,16281,47,47,6,6,42,42,10,Train/10/00010_00041_00021.png
client_2,26419,57,58,6,5,52,53,18,Train/18/00018_00028_00019.png
client_2,19206,31,30,6,5,26,25,12,Train/12/00012_00028_00006.png
client_2,18903,31,32,5,6,26,27,12,Train/12/00012_00018_00003.png
client_2,33977,35,38,6,6,30,33,34,Train/34/00034_00006_00018.png
client_2,15803,51,53,6,6,46,48,10,Train/10/00010_00025_00023.png
client_2,906,30,32,5,5,25,27,1,Train/1/00001_00011_00006.png
client_2,13047,104,105,10,10,95,96,8,Train/8/00008_00029_00027.png
client_2,26226,61,60,6,5,56,55,18,Train/18/00018_00022_00006.png
client_2,15170,40,41,6,6,35,36,10,Train/10/00010_00004_00020.png
client_2,16388,40,40,6,5,35,35,10,Train/10/00010_00045_00008.png
client_2,20373,33,34,5,6,28,29,12,Train/12/00012_00067_00003.png
client_2,12294,53,51,6,5,48,46,8,Train/8/00008_00004_00024.png
client_2,16541,36,35,6,5,31,30,10,Train/10/00010_00050_00011.png
client_2,27607,34,33,6,5,29,28,22,Train/22/00022_00010_00007.png
client_2,26198,32,31,5,5,27,26,18,Train/18/00018_00021_00008.png
client_2,15666,38,37,5,6,33,32,10,Train/10/00010_00021_00006.png
client_2,15323,51,51,6,6,46,46,10,Train/10/00010_00009_00023.png
client_2,35821,30,29,6,5,25,24,37,Train/37/00037_00001_00002.png
client_2,19196,64,64,5,5,59,59,12,Train/12/00012_00027_00026.png
client_2,13182,40,43,5,6,35,38,8,Train/8/00008_00034_00012.png
client_2,26259,41,38,6,6,35,32,18,Train/18/00018_00023_00009.png
client_2,25670,74,70,6,6,68,64,18,Train/18/00018_00003_00020.png
client_2,39124,29,28,6,5,23,22,42,Train/42/00042_00005_00005.png
client_2,16990,31,30,6,6,26,25,10,Train/10/00010_00065_00010.png
client_2,18346,43,42,5,5,38,37,11,Train/11/00011_00043_00016.png
client_2,19470,40,40,5,5,35,35,12,Train/12/00012_00037_00000.png
client_2,26562,62,56,6,6,57,51,18,Train/18/00018_00033_00012.png
client_2,12221,32,32,5,5,26,26,8,Train/8/00008_00002_00011.png
client_2,38231,40,40,5,5,35,35,39,Train/39/00039_00005_00012.png
client_2,16387,38,42,5,6,33,37,10,Train/10/00010_00045_00007.png
client_2,20175,52,52,5,5,47,47,12,Train/12/00012_00060_00015.png
client_2,16284,55,55,5,5,50,50,10,Train/10/00010_00041_00024.png
client_2,2854,29,28,6,5,24,22,2,Train/2/00002_00002_00004.png
client_2,19832,30,31,5,6,25,26,12,Train/12/00012_00049_00002.png
client_2,34096,39,46,5,6,34,41,34,Train/34/00034_00010_00017.png
client_2,26888,45,42,6,5,40,37,19,Train/19/00019_00004_00008.png
client_2,9439,38,41,5,6,33,36,5,Train/5/00005_00033_00019.png
client_2,4128,47,47,6,6,42,42,2,Train/2/00002_00044_00018.png
client_2,19226,70,70,6,6,64,64,12,Train/12/00012_00028_00026.png
client_2,18227,42,40,5,5,37,35,11,Train/11/00011_00039_00017.png
client_2,12785,30,29,6,6,25,23,8,Train/8/00008_00021_00005.png
client_2,4370,82,81,7,7,75,74,2,Train/2/00002_00052_00020.png
client_2,1436,84,99,8,9,76,91,1,Train/1/00001_00028_00026.png
client_2,23110,60,59,6,6,54,54,14,Train/14/00014_00016_00010.png
client_2,15288,46,46,5,5,41,41,10,Train/10/00010_00008_00018.png
client_2,1917,80,80,7,7,73,73,1,Train/1/00001_00044_00027.png
client_2,3996,26,27,5,6,21,22,2,Train/2/00002_00040_00006.png
client_2,22522,119,92,11,8,109,84,13,Train/13/00013_00068_00022.png
client_2,13236,36,35,6,5,31,30,8,Train/8/00008_00036_00006.png
client_2,35997,80,85,7,7,73,77,37,Train/37/00037_00006_00028.png
client_2,15629,124,121,10,11,114,111,10,Train/10/00010_00019_00029.png
client_2,15083,64,55,5,5,58,49,10,Train/10/00010_00001_00023.png
client_2,30951,55,50,6,5,50,45,28,Train/28/00028_00004_00021.png
client_2,17712,71,63,7,6,65,58,11,Train/11/00011_00022_00012.png
client_2,17662,81,72,8,7,73,65,11,Train/11/00011_00020_00022.png
client_2,15862,55,55,6,5,50,50,10,Train/10/00010_00027_00022.png
client_2,23145,40,41,5,6,34,35,14,Train/14/00014_00017_00015.png
client_2,38288,62,64,6,6,56,58,39,Train/39/00039_00007_00009.png
client_2,16443,29,29,6,6,24,24,10,Train/10/00010_00047_00003.png
client_2,31305,49,51,6,6,44,46,28,Train/28/00028_00016_00015.png
client_2,15774,61,62,5,5,56,57,10,Train/10/00010_00024_00024.png
client_2,24104,36,36,6,6,31,31,16,Train/16/00016_00002_00014.png
client_2,16663,39,40,5,6,34,35,10,Train/10/00010_00054_00013.png
client_2,20230,39,40,5,6,34,35,12,Train/12/00012_00062_00010.png
client_2,16030,33,32,6,5,28,27,10,Train/10/00010_00033_00010.png
client_2,17563,39,36,5,5,34,31,11,Train/11/00011_00017_00013.png
client_2,15251,41,40,6,5,36,35,10,Train/10/00010_00007_00011.png
client_2,3159,52,50,6,6,46,45,2,Train/2/00002_00012_00009.png
client_2,16826,74,77,6,7,68,71,10,Train/10/00010_00059_00026.png
client_2,4393,37,35,5,5,32,30,2,Train/2/00002_00053_00013.png
client_2,15631,30,27,6,5,24,22,10,Train/10/00010_00020_00001.png
client_2,28294,54,51,6,5,49,46,24,Train/24/00024_00003_00004.png
client_2,2833,37,37,6,5,32,32,2,Train/2/00002_00001_00013.png
client_2,4508,33,32,6,5,28,27,2,Train/2/00002_00057_00008.png
client_2,22709,77,76,7,6,71,70,14,Train/14/00014_00002_00029.png
client_2,12750,36,36,6,6,31,31,8,Train/8/00008_00020_00000.png
client_2,15694,38,39,6,5,33,34,10,Train/10/00010_00022_00004.png
client_2,16242,35,34,5,5,30,29,10,Train/10/00010_00040_00012.png
client_2,13352,30,30,5,5,25,25,8,Train/8/00008_00040_00002.png
client_2,23539,44,47,5,6,39,42,15,Train/15/00015_00004_00019.png
client_2,25843,37,35,5,6,31,29,18,Train/18/00018_00009_00013.png
client_2,16358,30,31,5,5,24,25,10,Train/10/00010_00044_00008.png
client_2,8158,54,61,6,6,49,56,4,Train/4/00004_00056_00028.png
client_2,16874,40,34,5,5,35,28,10,Train/10/00010_00061_00014.png
client_2,16852,46,42,5,5,40,37,10,Train/10/00010_00060_00022.png
client_2,15669,40,38,6,5,35,33,10,Train/10/00010_00021_00009.png
client_2,15166,35,35,6,6,30,30,10,Train/10/00010_00004_00016.png
client_2,10202,28,28,6,5,23,22,5,Train/5/00005_00059_00002.png
client_2,35824,31,32,5,6,26,27,37,Train/37/00037_00001_00005.png
client_2,22764,105,106,10,10,96,97,14,Train/14/00014_00004_00024.png
client_2,31977,105,107,9,9,96,98,30,Train/30/00030_00011_00027.png
client_2,15877,35,35,6,6,30,30,10,Train/10/00010_00028_00007.png
client_2,16423,33,34,5,5,28,29,10,Train/10/00010_00046_00013.png
client_2,16909,42,41,6,5,36,36,10,Train/10/00010_00062_00019.png
client_2,15859,48,50,6,5,43,45,10,Train/10/00010_00027_00019.png
client_2,23463,31,35,6,5,26,30,15,Train/15/00015_00002_00003.png
client_2,23294,50,53,6,6,45,48,14,Train/14/00014_00022_00014.png
client_2,16348,63,72,5,7,58,66,10,Train/10/00010_00043_00028.png
client_2,15213,30,32,5,6,25,26,10,Train/10/00010_00006_00003.png
client_2,16985,28,28,5,5,23,22,10,Train/10/00010_00065_00005.png
client_2,26618,34,31,5,5,29,26,18,Train/18/00018_00035_00008.png
client_2,20105,43,40,6,5,38,35,12,Train/12/00012_00058_00005.png
client_2,16637,56,58,5,6,51,53,10,Train/10/00010_00053_00017.png
client_2,26167,71,65,7,6,65,59,18,Train/18/00018_00020_00007.png
client_2,16873,40,34,6,6,35,29,10,Train/10/00010_00061_00013.png
client_2,3410,43,44,6,6,38,39,2,Train/2/00002_00020_00020.png
client_2,16527,59,59,5,5,54,54,10,Train/10/00010_00049_00027.png
client_2,25824,93,81,8,7,84,73,18,Train/18/00018_00008_00024.png
client_2,26002,67,68,6,7,61,62,18,Train/18/00018_00014_00022.png
client_2,3261,86,85,7,7,78,77,2,Train/2/00002_00015_00021.png
client_2,15746,49,51,5,6,44,46,10,Train/10/00010_00023_00026.png
client_2,21911,59,56,6,6,54,51,13,Train/13/00013_00048_00011.png
client_2,15215,33,33,5,5,27,27,10,Train/10/00010_00006_00005.png
client_2,32923,38,37,6,5,32,31,32,Train/32/00032_00002_00013.png
client_2,16540,34,35,5,6,29,30,10,Train/10/00010_00050_00010.png
client_2,35885,32,32,6,6,27,27,37,Train/37/00037_00003_00006.png
client_2,15577,35,35,6,6,30,30,10,Train/10/00010_00018_00007.png
client_2,18445,98,101,9,9,90,93,12,Train/12/00012_00002_00025.png
client_2,23318,43,43,6,5,38,38,14,Train/14/00014_00023_00008.png
client_2,22876,47,55,6,6,42,50,14,Train/14/00014_00008_00016.png
client_2,15372,42,43,6,6,37,38,10,Train/10/00010_00011_00012.png
client_2,38430,34,32,6,5,28,27,40,Train/40/00040_00002_00001.png
client_2,16741,33,32,5,5,28,27,10,Train/10/00010_00057_00001.png
client_2,17075,59,55,6,6,54,49,11,Train/11/00011_00001_00005.png
client_2,22916,95,95,8,9,86,87,14,Train/14/00014_00009_00026.png
client_2,19,55,49,6,5,49,43,20,Train/20/00020_00000_00019.png
client_2,8013,26,27,5,5,21,22,4,Train/4/00004_00052_00003.png
client_2,15420,35,35,6,6,30,30,10,Train/10/00010_00013_00000.png
client_2,18114,75,80,7,8,69,73,11,Train/11/00011_00035_00024.png
client_2,26274,76,72,6,6,70,66,18,Train/18/00018_00023_00024.png
client_2,4825,72,71,6,7,66,65,2,Train/2/00002_00067_00025.png
client_2,35970,39,41,5,5,34,36,37,Train/37/00037_00006_00001.png
client_2,15863,57,58,6,6,52,53,10,Train/10/00010_00027_00023.png
client_2,23346,31,30,6,6,26,25,14,Train/14/00014_00024_00006.png
client_2,8676,33,34,5,6,28,29,5,Train/5/00005_00008_00006.png
client_2,16922,28,29,6,6,23,24,10,Train/10/00010_00063_00002.png
client_2,34055,33,33,5,5,28,28,34,Train/34/00034_00009_00006.png
client_2,26329,64,60,6,6,59,55,18,Train/18/00018_00025_00019.png
client_2,28225,87,80,7,8,80,73,24,Train/24/00024_00000_00025.png
client_2,25677,121,111,10,10,110,102,18,Train/18/00018_00003_00027.png
client_2,18817,40,41,6,5,35,36,12,Train/12/00012_00015_00007.png
client_2,35940,36,37,6,6,31,32,37,Train/37/00037_00005_00001.png
client_2,13445,30,29,6,6,25,24,8,Train/8/00008_00043_00005.png
client_2,16632,47,48,5,5,42,43,10,Train/10/00010_00053_00012.png
client_2,16903,34,36,5,6,28,30,10,Train/10/00010_00062_00013.png
client_2,19960,48,43,5,5,42,37,12,Train/12/00012_00053_00010.png
client_2,23889,31,30,6,5,26,25,15,Train/15/00015_00016_00009.png
client_2,16733,47,47,5,5,42,42,10,Train/10/00010_00056_00023.png
client_2,23546,64,64,5,5,58,58,15,Train/15/00015_00004_00026.png
client_2,26482,63,60,6,5,58,55,18,Train/18/00018_00030_00022.png
client_2,16157,38,37,6,6,33,32,10,Train/10/00010_00037_00017.png
client_2,26677,43,44,5,6,38,39,18,Train/18/00018_00037_00007.png
client_2,22671,87,87,8,7,80,80,14,Train/14/00014_00001_00021.png
client_2,15482,29,28,6,5,24,23,10,Train/10/00010_00015_00002.png
client_2,17715,76,70,7,7,70,64,11,Train/11/00011_00022_00015.png
client_2,17073,55,54,5,6,50,48,11,Train/11/00011_00001_00003.png
client_2,19329,33,38,6,6,28,33,12,Train/12/00012_00032_00009.png
client_2,15271,31,30,5,5,25,25,10,Train/10/00010_00008_00001.png
client_2,19472,40,41,5,6,35,36,12,Train/12/00012_00037_00002.png
client_2,26045,32,28,6,5,27,23,18,Train/18/00018_00016_00005.png
client_2,30872,42,37,6,6,37,32,28,Train/28/00028_00002_00002.png
client_2,18266,99,84,9,7,91,77,11,Train/11/00011_00040_00026.png
client_2,20139,35,35,6,6,30,30,12,Train/12/00012_00059_00009.png
client_2,19564,40,40,6,6,35,35,12,Train/12/00012_00040_00004.png
client_2,25884,119,107,11,9,108,98,18,Train/18/00018_00010_00024.png
client_2,15798,42,43,6,5,37,38,10,Train/10/00010_00025_00018.png
client_2,9176,50,51,5,6,45,46,5,Train/5/00005_00024_00026.png
client_2,15035,38,39,5,6,33,34,10,Train/10/00010_00000_00005.png
client_2,1676,70,69,6,7,64,63,1,Train/1/00001_00036_00026.png
client_2,22591,36,34,5,5,31,29,13,Train/13/00013_00071_00001.png
client_2,4831,30,30,6,6,25,25,2,Train/2/00002_00068_00001.png
client_2,17796,33,31,6,6,28,26,11,Train/11/00011_00025_00006.png
client_2,39171,44,44,5,5,39,39,42,Train/42/00042_00006_00022.png
client_2,35817,55,54,5,5,50,49,37,Train/37/00037_00000_00028.png
client_2,4334,45,43,6,5,39,37,2,Train/2/00002_00051_00014.png
client_2,27614,37,37,5,5,32,32,22,Train/22/00022_00010_00014.png
client_2,16240,33,32,5,5,28,27,10,Train/10/00010_00040_00010.png
client_2,4267,31,31,5,5,26,26,2,Train/2/00002_00049_00007.png
client_2,15096,33,32,5,5,28,26,10,Train/10/00010_00002_00006.png
client_2,18642,39,39,6,5,34,33,12,Train/12/00012_00009_00012.png
client_2,23748,53,59,6,6,48,54,15,Train/15/00015_00011_00018.png
client_2,16258,67,67,6,6,61,61,10,Train/10/00010_00040_00028.png
client_2,18246,37,34,6,5,32,29,11,Train/11/00011_00040_00006.png
client_2,9616,35,36,6,6,29,30,5,Train/5/00005_00039_00016.png
client_2,25577,30,29,5,6,25,23,18,Train/18/00018_00000_00017.png
client_2,27345,41,38,5,6,35,33,22,Train/22/00022_00001_00015.png
client_2,19997,46,47,6,6,41,42,12,Train/12/00012_00054_00017.png
client_2,16828,92,94,9,8,84,86,10,Train/10/00010_00059_00028.png
client_2,28275,62,59,5,6,56,54,24,Train/24/00024_00002_00015.png
client_2,12533,60,61,5,6,55,56,8,Train/8/00008_00012_00023.png
client_2,31286,84,74,7,6,77,67,28,Train/28/00028_00015_00026.png
client_2,23688,55,54,6,5,50,49,15,Train/15/00015_00009_00018.png
client_2,251,35,35,6,6,30,30,20,Train/20/00020_00008_00011.png
client_2,19078,76,71,7,6,70,65,12,Train/12/00012_00023_00028.png
client_2,23873,58,64,6,5,53,59,15,Train/15/00015_00015_00023.png
client_2,34154,36,35,6,5,31,30,34,Train/34/00034_00012_00015.png
client_2,3703,41,36,6,6,36,31,2,Train/2/00002_00030_00013.png
client_2,33837,49,46,6,6,44,41,34,Train/34/00034_00001_00028.png
client_2,15042,43,43,6,6,38,38,10,Train/10/00010_00000_00012.png
client_2,4539,30,29,6,6,25,24,2,Train/2/00002_00058_00009.png
client_2,5843,48,48,6,6,43,43,3,Train/3/00003_00026_00023.png
client_2,19020,34,34,6,6,29,29,12,Train/12/00012_00022_00000.png
client_2,25611,72,63,6,5,66,58,18,Train/18/00018_00001_00021.png
client_2,31321,35,34,6,6,30,29,28,Train/28/00028_00017_00001.png
client_2,16125,38,35,6,6,33,29,10,Train/10/00010_00036_00015.png
client_2,16237,32,31,6,6,27,26,10,Train/10/00010_00040_00007.png
client_2,4183,39,40,6,5,34,34,2,Train/2/00002_00046_00013.png
client_2,17861,55,49,5,6,50,44,11,Train/11/00011_00027_00011.png
client_2,13284,46,47,5,6,41,42,8,Train/8/00008_00037_00024.png
client_2,242,30,30,5,5,25,25,20,Train/20/00020_00008_00002.png
client_2,1216,38,38,6,6,32,33,1,Train/1/00001_00021_00016.png
client_2,15832,42,42,6,6,37,37,10,Train/10/00010_00026_00022.png
client_2,27687,97,89,9,8,89,82,22,Train/22/00022_00012_00027.png
client_2,15843,29,33,5,6,24,28,10,Train/10/00010_00027_00003.png
client_2,16590,31,32,5,6,26,27,10,Train/10/00010_00052_00000.png
client_2,26237,81,81,8,8,74,74,18,Train/18/00018_00022_00017.png
client_2,25750,52,46,6,5,47,41,18,Train/18/00018_00006_00010.png
client_2,20985,62,58,5,6,57,53,13,Train/13/00013_00017_00015.png
client_2,19516,46,47,5,6,41,42,12,Train/12/00012_00038_00016.png
client_2,18194,64,57,6,5,59,52,11,Train/11/00011_00038_00014.png
client_2,18388,72,81,6,8,65,73,12,Train/12/00012_00000_00028.png
client_2,19915,53,53,6,5,48,48,12,Train/12/00012_00051_00025.png
client_2,23307,97,124,8,11,89,114,14,Train/14/00014_00022_00027.png
client_2,17159,189,168,16,15,173,154,11,Train/11/00011_00003_00029.png
client_2,17592,56,50,6,6,51,45,11,Train/11/00011_00018_00012.png
client_2,33062,28,29,6,6,23,23,32,Train/32/00032_00007_00002.png
client_2,19908,42,42,6,5,37,37,12,Train/12/00012_00051_00018.png
client_2,15805,58,58,6,5,53,53,10,Train/10/00010_00025_00025.png
client_2,17064,72,67,7,6,66,61,11,Train/11/00011_00000_00024.png
client_2,25655,46,45,6,6,41,40,18,Train/18/00018_00003_00005.png
client_2,15566,54,54,6,6,49,49,10,Train/10/00010_00017_00026.png
client_2,33045,38,37,6,5,33,32,32,Train/32/00032_00006_00015.png
client_2,19493,91,91,8,8,83,83,12,Train/12/00012_00037_00023.png
client_2,21303,47,46,5,6,42,41,13,Train/13/00013_00028_00003.png
client_2,17708,56,54,6,5,51,49,11,Train/11/00011_00022_00008.png
client_2,4404,50,50,5,6,45,45,2,Train/2/00002_00053_00024.png
client_2,15090,31,30,6,6,26,25,10,Train/10/00010_00002_00000.png
client_2,3885,43,43,6,6,38,38,2,Train/2/00002_00036_00015.png
client_2,19212,33,34,5,6,28,29,12,Train/12/00012_00028_00012.png
client_2,23038,177,177,16,15,162,162,14,Train/14/00014_00013_00028.png
client_2,15687,96,97,8,9,88,89,10,Train/10/00010_00021_00027.png
client_2,4633,50,51,5,6,45,46,2,Train/2/00002_00061_00013.png
client_2,22228,53,59,6,6,47,54,13,Train/13/00013_00058_00028.png
client_2,34182,42,42,5,5,37,37,34,Train/34/00034_00013_00013.png
client_2,34020,28,29,5,5,23,24,34,Train/34/00034_00008_00001.png
client_2,12591,53,56,5,6,48,51,8,Train/8/00008_00014_00021.png
client_2,22147,52,49,6,5,47,43,13,Train/13/00013_00056_00007.png
client_2,3831,52,53,5,5,47,48,2,Train/2/00002_00034_00021.png
client_2,4457,43,43,6,6,37,37,2,Train/2/00002_00055_00017.png
client_2,18003,36,39,5,6,31,33,11,Train/11/00011_00032_00003.png
client_2,26659,71,73,6,7,65,67,18,Train/18/00018_00036_00019.png
client_2,15276,34,32,6,5,28,27,10,Train/10/00010_00008_00006.png
client_2,13158,37,37,6,5,32,32,8,Train/8/00008_00033_00018.png
client_2,17269,67,60,6,6,61,55,11,Train/11/00011_00007_00019.png
client_2,26157,113,113,10,10,104,104,18,Train/18/00018_00019_00027.png
client_2,6618,70,69,6,6,64,63,4,Train/4/00004_00005_00018.png
client_2,23392,53,53,6,5,47,48,14,Train/14/00014_00025_00022.png
client_2,38135,50,54,6,5,45,49,39,Train/39/00039_00002_00006.png
client_2,23427,59,61,5,6,54,56,15,Train/15/00015_00000_00027.png
client_2,34129,68,69,6,7,62,63,34,Train/34/00034_00011_00020.png
client_2,23887,31,29,6,5,26,24,15,Train/15/00015_00016_00007.png
client_2,4794,43,46,6,6,38,40,2,Train/2/00002_00066_00024.png
client_2,16881,52,43,6,6,47,38,10,Train/10/00010_00061_00021.png
client_2,3207,47,50,5,5,42,45,2,Train/2/00002_00013_00027.png
client_2,22224,43,48,5,5,38,42,13,Train/13/00013_00058_00024.png
client_2,12918,38,38,6,6,33,33,8,Train/8/00008_00025_00018.png
client_2,2929,42,44,5,6,37,39,2,Train/2/00002_00004_00019.png
client_2,4730,42,43,5,6,37,38,2,Train/2/00002_00064_00020.png
client_2,20008,94,94,8,8,86,85,12,Train/12/00012_00054_00028.png
client_2,19056,34,35,5,6,29,30,12,Train/12/00012_00023_00006.png
client_2,19770,36,37,6,5,31,32,12,Train/12/00012_00047_00000.png
client_2,19105,71,70,7,6,65,64,12,Train/12/00012_00024_00025.png
client_2,16936,37,37,6,5,32,32,10,Train/10/00010_00063_00016.png
client_2,16938,40,39,6,5,34,34,10,Train/10/00010_00063_00018.png
client_2,19029,39,37,5,5,34,32,12,Train/12/00012_00022_00009.png
client_2,4747,48,50,6,6,43,44,2,Train/2/00002_00065_00007.png
client_2,23723,55,54,5,6,50,49,15,Train/15/00015_00010_00023.png
client_2,215,28,28,6,6,23,23,20,Train/20/00020_00007_00005.png
client_2,15362,32,30,6,5,27,25,10,Train/10/00010_00011_00002.png
client_2,12631,31,30,6,6,25,24,8,Train/8/00008_00016_00001.png
client_2,15930,28,28,5,5,23,23,10,Train/10/00010_00030_00000.png
client_2,16814,44,43,6,5,39,38,10,Train/10/00010_00059_00014.png
client_2,15473,54,54,5,5,49,49,10,Train/10/00010_00014_00023.png
client_2,33088,70,67,7,6,64,61,32,Train/32/00032_00007_00028.png
client_2,15936,31,30,6,5,26,25,10,Train/10/00010_00030_00006.png
client_2,26723,75,75,7,7,69,69,18,Train/18/00018_00038_00023.png
client_2,15148,49,49,6,5,44,44,10,Train/10/00010_00003_00028.png
client_2,15333,33,33,6,5,28,27,10,Train/10/00010_00010_00003.png
client_2,15661,33,34,5,6,28,29,10,Train/10/00010_00021_00001.png
client_2,17607,117,104,10,9,107,95,11,Train/11/00011_00018_00027.png
client_2,16090,34,32,5,5,28,26,10,Train/10/00010_00035_00010.png
client_2,26503,44,39,6,5,39,34,18,Train/18/00018_00031_00013.png
client_2,22425,51,46,6,6,46,41,13,Train/13/00013_00065_00015.png
client_2,23148,48,47,6,5,42,41,14,Train/14/00014_00017_00018.png
client_2,18491,29,25,5,5,24,20,12,Train/12/00012_00004_00011.png
client_2,15437,50,49,6,5,45,44,10,Train/10/00010_00013_00017.png
client_2,33919,75,74,6,6,68,68,34,Train/34/00034_00004_00020.png
client_2,19334,44,44,6,5,39,39,12,Train/12/00012_00032_00014.png
client_2,15222,37,37,6,5,32,31,10,Train/10/00010_00006_00012.png
client_2,18321,70,65,6,6,64,60,11,Train/11/00011_00042_00021.png
client_2,4956,29,30,6,6,24,25,2,Train/2/00002_00072_00006.png
client_2,22731,87,87,8,7,80,80,14,Train/14/00014_00003_00021.png
client_2,15129,35,34,6,5,29,29,10,Train/10/00010_00003_00009.png
client_2,25833,32,27,6,5,26,22,18,Train/18/00018_00009_00003.png
client_2,22769,194,193,16,17,178,177,14,Train/14/00014_00004_00029.png
client_2,18896,86,86,7,7,79,79,12,Train/12/00012_00017_00026.png
client_2,19808,42,46,5,5,37,41,12,Train/12/00012_00048_00008.png
client_2,17061,57,53,6,5,52,48,11,Train/11/00011_00000_00021.png
client_2,16494,55,54,6,5,50,49,10,Train/10/00010_00048_00024.png
client_2,9583,34,36,5,6,29,31,5,Train/5/00005_00038_00013.png
client_2,15578,35,35,6,6,30,30,10,Train/10/00010_00018_00008.png
client_2,26200,33,32,6,6,28,27,18,Train/18/00018_00021_00010.png
client_2,18456,37,39,5,6,32,34,12,Train/12/00012_00003_00006.png
client_2,3044,36,38,6,6,31,32,2,Train/2/00002_00008_00014.png
client_2,17719,92,81,9,7,84,74,11,Train/11/00011_00022_00019.png
client_2,18975,37,40,5,5,32,35,12,Train/12/00012_00020_00015.png
client_2,16477,33,32,6,5,27,26,10,Train/10/00010_00048_00007.png
client_2,34059,36,37,6,6,31,32,34,Train/34/00034_00009_00010.png
client_2,20486,73,70,7,6,66,64,13,Train/13/00013_00000_00026.png
client_2,19621,57,58,5,6,52,53,12,Train/12/00012_00042_00001.png
client_2,15031,35,37,5,6,30,32,10,Train/10/00010_00000_00001.png
client_2,50,50,43,5,5,45,38,20,Train/20/00020_00001_00020.png
client_2,20729,71,111,6,10,65,102,13,Train/13/00013_00008_00029.png
client_2,16520,44,44,5,5,39,39,10,Train/10/00010_00049_00020.png
client_2,16491,48,48,6,6,43,43,10,Train/10/00010_00048_00021.png
client_2,12485,33,34,5,6,28,29,8,Train/8/00008_00011_00005.png
client_2,15108,39,38,5,5,34,32,10,Train/10/00010_00002_00018.png
client_2,4294,28,27,6,5,23,22,2,Train/2/00002_00050_00004.png
client_2,2401,33,34,6,5,28,29,1,Train/1/00001_00061_00001.png
client_2,25941,42,43,6,5,37,38,18,Train/18/00018_00012_00021.png
client_2,22144,49,47,5,6,44,42,13,Train/13/00013_00056_00004.png
client_2,25680,60,54,5,5,55,49,18,Train/18/00018_00004_00000.png
client_2,15175,51,51,6,6,46,46,10,Train/10/00010_00004_00025.png
client_2,21513,43,47,6,5,38,42,13,Train/13/00013_00035_00003.png
client_2,23102,58,58,6,6,53,53,14,Train/14/00014_00016_00002.png
client_2,17367,116,104,10,9,106,95,11,Train/11/00011_00010_00027.png
client_2,27362,35,32,5,5,30,27,22,Train/22/00022_00002_00002.png
client_2,31087,40,40,5,6,35,35,28,Train/28/00028_00009_00007.png
client_2,33080,42,42,5,6,36,37,32,Train/32/00032_00007_00020.png
client_2,31126,68,57,7,6,62,52,28,Train/28/00028_00010_00016.png
client_2,12902,27,27,6,5,22,21,8,Train/8/00008_00025_00002.png
client_2,15201,44,45,5,6,39,40,10,Train/10/00010_00005_00021.png
client_2,2860,30,31,5,5,25,26,2,Train/2/00002_00002_00010.png
client_2,25631,43,41,5,6,38,35,18,Train/18/00018_00002_00011.png
client_2,15727,38,39,6,6,33,34,10,Train/10/00010_00023_00007.png
client_2,15547,32,33,5,6,27,28,10,Train/10/00010_00017_00007.png
client_2,4684,29,30,5,5,24,25,2,Train/2/00002_00063_00004.png
client_2,16707,57,56,6,5,52,51,10,Train/10/00010_00055_00027.png
client_2,18307,37,36,6,5,32,31,11,Train/11/00011_00042_00007.png
client_2,16001,35,31,5,6,30,26,10,Train/10/00010_00032_00011.png
client_2,3478,96,97,8,8,88,89,2,Train/2/00002_00022_00028.png
client_2,20124,86,75,7,6,79,69,12,Train/12/00012_00058_00024.png
client_2,9897,70,69,7,6,64,63,5,Train/5/00005_00048_00027.png
client_2,16651,31,31,5,5,26,26,10,Train/10/00010_00054_00001.png
client_2,1540,39,40,5,6,33,34,1,Train/1/00001_00032_00010.png
client_2,16583,70,70,6,6,64,64,10,Train/10/00010_00051_00023.png
client_2,19980,32,31,6,5,27,26,12,Train/12/00012_00054_00000.png
client_2,35883,31,31,6,6,26,26,37,Train/37/00037_00003_00004.png
client_2,30976,54,56,5,5,48,50,28,Train/28/00028_00005_00016.png
client_2,15592,58,58,5,5,53,53,10,Train/10/00010_00018_00022.png
client_2,5081,34,34,6,6,29,29,3,Train/3/00003_00001_00011.png
client_2,16728,39,40,5,6,34,35,10,Train/10/00010_00056_00018.png
client_2,26375,32,31,6,5,26,25,18,Train/18/00018_00027_00005.png
client_2,12962,26,27,5,5,21,22,8,Train/8/00008_00027_00002.png
client_2,31339,61,57,5,5,56,51,28,Train/28/00028_00017_00019.png
client_2,35857,35,34,5,5,30,29,37,Train/37/00037_00002_00008.png
client_2,22181,89,82,7,8,81,75,13,Train/13/00013_00057_00011.png
client_2,17800,38,35,5,6,33,30,11,Train/11/00011_00025_00010.png
client_2,16279,42,42,6,6,37,37,10,Train/10/00010_00041_00019.png
client_2,26351,45,42,6,6,40,37,18,Train/18/00018_00026_00011.png
client_2,4803,36,35,6,6,30,30,2,Train/2/00002_00067_00003.png
client_2,22644,117,117,10,10,107,107,14,Train/14/00014_00000_00024.png
client_2,18548,41,42,5,5,36,37,12,Train/12/00012_00006_00008.png
client_2,15996,32,27,6,6,26,22,10,Train/10/00010_00032_00006.png
client_2,17112,95,86,8,8,87,79,11,Train/11/00011_00002_00012.png
client_2,22357,33,31,5,5,28,26,13,Train/13/00013_00063_00007.png
client_2,17793,31,30,6,5,26,25,11,Train/11/00011_00025_00003.png
client_2,23313,39,38,6,5,34,33,14,Train/14/00014_00023_00003.png
client_2,3968,30,30,5,5,24,24,2,Train/2/00002_00039_00008.png
client_2,229,40,39,5,6,35,34,20,Train/20/00020_00007_00019.png
client_2,15686,87,87,8,8,80,80,10,Train/10/00010_00021_00026.png
client_2,15649,39,39,5,5,34,34,10,Train/10/00010_00020_00019.png
client_2,26287,35,33,6,5,29,27,18,Train/18/00018_00024_00007.png
client_2,17640,34,33,5,6,29,28,11,Train/11/00011_00020_00000.png
client_2,16271,32,32,5,5,27,27,10,Train/10/00010_00041_00011.png
client_2,33002,27,26,6,5,22,21,32,Train/32/00032_00005_00002.png
client_2,19557,111,111,9,9,102,102,12,Train/12/00012_00039_00027.png
client_2,33804,64,77,5,7,59,71,34,Train/34/00034_00000_00025.png
client_2,26065,56,52,6,5,51,46,18,Train/18/00018_00016_00025.png
client_2,23208,78,82,7,7,71,75,14,Train/14/00014_00019_00018.png
client_2,4258,50,47,6,6,45,42,2,Train/2/00002_00048_00028.png
client_2,13173,33,33,6,5,28,28,8,Train/8/00008_00034_00003.png
client_2,34069,49,49,6,5,44,44,34,Train/34/00034_00009_00020.png
client_2,12546,36,37,5,6,31,32,8,Train/8/00008_00013_00006.png
client_2,18219,34,31,6,5,29,26,11,Train/11/00011_00039_00009.png
client_2,22625,52,51,6,6,47,46,14,Train/14/00014_00000_00005.png
client_2,4518,44,44,6,6,38,39,2,Train/2/00002_00057_00018.png
client_2,18455,36,37,5,5,31,32,12,Train/12/00012_00003_00005.png
client_2,5039,61,61,6,5,56,55,2,Train/2/00002_00074_00029.png
client_2,34144,32,31,6,5,27,26,34,Train/34/00034_00012_00005.png
client_2,34019,28,28,6,5,23,23,34,Train/34/00034_00008_00000.png
client_2,23578,64,65,5,6,59,60,15,Train/15/00015_00005_00028.png
client_2,15032,36,36,6,5,31,31,10,Train/10/00010_00000_00002.png
client_2,25570,28,26,5,5,23,21,18,Train/18/00018_00000_00010.png
client_2,3497,39,38,5,5,33,33,2,Train/2/00002_00023_00017.png
client_2,26247,128,129,11,12,116,117,18,Train/18/00018_00022_00027.png
client_2,26146,58,59,5,6,53,54,18,Train/18/00018_00019_00016.png
client_2,33867,80,85,7,8,72,78,34,Train/34/00034_00002_00028.png
client_2,12903,28,28,6,6,22,22,8,Train/8/00008_00025_00003.png
client_2,18540,25,25,5,5,20,20,12,Train/12/00012_00006_00000.png
client_2,17166,41,39,6,5,36,34,11,Train/11/00011_00004_00006.png
client_2,12851,38,38,5,5,33,33,8,Train/8/00008_00023_00011.png
client_2,189,35,31,6,5,29,25,20,Train/20/00020_00006_00009.png
client_2,4774,35,39,5,5,29,33,2,Train/2/00002_00066_00004.png
client_2,31785,48,46,6,6,43,41,30,Train/30/00030_00005_00015.png
client_2,33056,56,58,6,6,51,53,32,Train/32/00032_00006_00026.png
client_2,27307,40,38,6,5,35,33,22,Train/22/00022_00000_00007.png
client_2,16672,52,52,5,5,47,47,10,Train/10/00010_00054_00022.png
client_2,13293,30,34,5,6,25,29,8,Train/8/00008_00038_00003.png
client_2,28345,95,89,9,8,87,82,24,Train/24/00024_00004_00025.png
client_2,16333,34,33,6,5,29,28,10,Train/10/00010_00043_00013.png
client_2,6169,48,48,6,6,43,43,3,Train/3/00003_00037_00019.png
client_2,13012,47,41,6,6,42,36,8,Train/8/00008_00028_00022.png
client_2,26527,51,51,5,5,46,46,18,Train/18/00018_00032_00007.png
client_2,13336,43,44,6,5,38,39,8,Train/8/00008_00039_00016.png
client_2,15416,51,50,6,5,46,45,10,Train/10/00010_00012_00026.png
client_2,16679,72,73,6,7,66,67,10,Train/10/00010_00054_00029.png
client_2,26285,34,31,6,5,29,26,18,Train/18/00018_00024_00005.png
client_2,21244,34,40,6,5,29,35,13,Train/13/00013_00026_00004.png
client_2,16765,75,72,6,6,69,66,10,Train/10/00010_00057_00025.png
client_2,16775,34,34,6,6,29,29,10,Train/10/00010_00058_00005.png
client_2,32985,38,39,6,6,33,34,32,Train/32/00032_00004_00015.png
client_2,23281,34,36,5,6,29,31,14,Train/14/00014_00022_00001.png
client_2,15828,38,37,6,5,33,32,10,Train/10/00010_00026_00018.png
client_2,31091,45,43,5,5,40,38,28,Train/28/00028_00009_00011.png
client_2,16983,29,27,6,5,23,22,10,Train/10/00010_00065_00003.png
client_2,18318,55,55,6,6,50,50,11,Train/11/00011_00042_00018.png
client_2,23140,33,33,5,6,27,28,14,Train/14/00014_00017_00010.png
client_2,23683,48,49,5,6,43,44,15,Train/15/00015_00009_00013.png
client_2,16927,29,30,5,5,23,24,10,Train/10/00010_00063_00007.png
client_2,19863,30,29,6,5,25,24,12,Train/12/00012_00050_00003.png
client_2,2824,27,29,5,6,21,24,2,Train/2/00002_00001_00004.png
client_2,7097,44,44,6,6,39,39,4,Train/4/00004_00021_00017.png
client_2,15124,32,33,5,6,26,27,10,Train/10/00010_00003_00004.png
client_2,8946,35,36,5,6,30,31,5,Train/5/00005_00017_00006.png
client_2,3276,30,32,5,5,25,27,2,Train/2/00002_00016_00006.png
client_2,35872,95,94,8,9,87,86,37,Train/37/00037_00002_00023.png
client_2,16912,47,47,6,6,42,42,10,Train/10/00010_00062_00022.png
client_2,18723,34,34,5,6,28,29,12,Train/12/00012_00012_00003.png
client_2,345,40,38,5,6,34,33,20,Train/20/00020_00011_00015.png
client_2,17657,56,51,6,5,51,46,11,Train/11/00011_00020_00017.png
client_2,4812,39,40,5,6,34,35,2,Train/2/00002_00067_00012.png
client_2,20146,40,41,5,6,35,36,12,Train/12/00012_00059_00016.png
client_2,15216,34,33,6,5,29,28,10,Train/10/00010_00006_00006.png
client_2,26258,39,36,5,5,34,31,18,Train/18/00018_00023_00008.png
client_2,17486,96,83,8,8,88,76,11,Train/11/00011_00014_00026.png
client_2,16369,36,37,5,5,31,32,10,Train/10/00010_00044_00019.png
client_2,4984,31,30,6,5,26,25,2,Train/2/00002_00073_00004.png
client_2,23566,35,36,5,5,30,30,15,Train/15/00015_00005_00016.png
client_2,17636,55,52,6,5,50,47,11,Train/11/00011_00019_00026.png
client_2,32949,31,30,6,6,26,25,32,Train/32/00032_00003_00009.png
client_2,27679,56,51,6,6,50,46,22,Train/22/00022_00012_00019.png
client_2,19948,167,169,15,15,153,155,12,Train/12/00012_00052_00028.png
client_2,26404,38,39,6,6,33,34,18,Train/18/00018_00028_00004.png
client_2,34167,37,40,5,6,32,35,34,Train/34/00034_00012_00028.png
client_2,38560,47,46,5,5,41,41,40,Train/40/00040_00006_00011.png
client_2,16389,43,43,6,6,38,38,10,Train/10/00010_00045_00009.png
client_2,2562,47,47,6,6,42,42,1,Train/1/00001_00066_00012.png
client_2,15255,45,45,6,6,40,40,10,Train/10/00010_00007_00015.png
client_2,17190,36,35,5,6,31,30,11,Train/11/00011_00005_00000.png
client_2,18117,141,133,13,12,129,122,11,Train/11/00011_00035_00027.png
client_2,5265,36,37,5,5,31,32,3,Train/3/00003_00007_00015.png
client_2,18640,35,37,5,6,30,31,12,Train/12/00012_00009_00010.png
client_2,15278,34,33,5,5,28,28,10,Train/10/00010_00008_00008.png
client_2,22023,30,30,5,6,24,24,13,Train/13/00013_00052_00003.png
client_2,16735,52,52,5,5,47,47,10,Train/10/00010_00056_00025.png
client_2,18918,57,57,6,6,52,52,12,Train/12/00012_00018_00018.png
client_2,19415,35,37,5,6,30,32,12,Train/12/00012_00035_00005.png
client_2,12441,44,44,5,5,39,39,8,Train/8/00008_00009_00021.png
client_2,25714,82,75,7,6,75,69,18,Train/18/00018_00005_00004.png
client_2,32998,94,94,9,9,86,86,32,Train/32/00032_00004_00028.png
client_2,1018,94,84,8,7,86,77,1,Train/1/00001_00014_00028.png
client_2,16664,41,41,6,6,36,36,10,Train/10/00010_00054_00014.png
client_2,17909,31,47,5,5,25,42,11,Train/11/00011_00028_00029.png
client_2,38444,46,45,6,5,41,40,40,Train/40/00040_00002_00015.png
client_2,23103,57,57,5,5,52,52,14,Train/14/00014_00016_00003.png
client_2,16438,68,71,6,7,62,65,10,Train/10/00010_00046_00028.png
client_2,15302,32,33,5,6,27,28,10,Train/10/00010_00009_00002.png
client_2,12344,35,36,5,6,30,31,8,Train/8/00008_00006_00014.png
client_2,22795,73,73,7,7,67,67,14,Train/14/00014_00005_00025.png
client_2,39142,45,42,5,5,40,37,42,Train/42/00042_00005_00023.png
client_2,17231,35,32,6,6,30,27,11,Train/11/00011_00006_00011.png
client_2,1809,48,49,5,6,43,44,1,Train/1/00001_00041_00009.png
client_2,32478,45,45,5,6,39,40,31,Train/31/00031_00013_00018.png
client_2,26804,45,41,6,6,40,36,19,Train/19/00019_00001_00014.png
client_2,17452,76,73,6,6,69,67,11,Train/11/00011_00013_00022.png
client_2,16992,31,31,6,6,26,25,10,Train/10/00010_00065_00012.png
client_2,16563,36,34,5,6,31,29,10,Train/10/00010_00051_00003.png
client_2,19424,44,44,5,5,39,39,12,Train/12/00012_00035_00014.png
client_2,35826,35,35,6,6,30,30,37,Train/37/00037_00001_00007.png
client_2,31219,74,71,6,6,68,65,28,Train/28/00028_00013_00019.png
client_2,18044,49,49,6,5,44,43,11,Train/11/00011_00033_00014.png
client_2,31134,97,84,9,8,89,77,28,Train/28/00028_00010_00024.png
client_2,35444,40,41,6,6,35,36,36,Train/36/00036_00001_00015.png
client_2,16689,35,35,6,6,30,30,10,Train/10/00010_00055_00009.png
client_2,20189,93,92,9,8,85,84,12,Train/12/00012_00060_00029.png
client_2,21825,95,95,9,9,87,87,13,Train/13/00013_00045_00015.png
client_2,2557,42,43,6,6,37,38,1,Train/1/00001_00066_00007.png
client_2,27576,36,33,6,6,31,28,22,Train/22/00022_00009_00006.png
client_2,35929,43,45,6,6,38,39,37,Train/37/00037_00004_00020.png
client_2,16310,48,50,6,6,43,45,10,Train/10/00010_00042_00020.png
client_2,16008,46,38,6,5,40,33,10,Train/10/00010_00032_00018.png
client_2,359,99,88,9,8,91,81,20,Train/20/00020_00011_00029.png
client_2,16098,45,43,5,6,40,38,10,Train/10/00010_00035_00018.png
client_2,17016,30,28,6,6,25,23,10,Train/10/00010_00066_00006.png
client_2,23399,83,85,8,7,75,78,14,Train/14/00014_00025_00029.png
client_2,35986,61,62,6,5,55,57,37,Train/37/00037_00006_00017.png
client_2,17460,31,31,5,5,26,26,11,Train/11/00011_00014_00000.png
client_2,33891,88,96,7,8,80,87,34,Train/34/00034_00003_00022.png
client_2,34040,50,50,6,5,45,45,34,Train/34/00034_00008_00021.png
client_2,19313,68,67,7,6,62,61,12,Train/12/00012_00031_00023.png
client_2,15154,28,28,5,5,23,23,10,Train/10/00010_00004_00004.png
client_2,13085,28,29,5,6,23,24,8,Train/8/00008_00031_00005.png
client_2,15313,39,39,5,5,34,34,10,Train/10/00010_00009_00013.png
client_2,1211,32,33,6,5,27,27,1,Train/1/00001_00021_00011.png
client_2,27478,68,70,6,6,62,64,22,Train/22/00022_00005_00028.png
client_2,13547,39,40,6,6,34,35,8,Train/8/00008_00046_00017.png
client_2,26758,107,100,10,9,98,92,18,Train/18/00018_00039_00028.png
client_2,31778,41,37,6,6,36,32,30,Train/30/00030_00005_00008.png
client_2,35962,86,85,8,7,78,77,37,Train/37/00037_00005_00023.png
client_2,25573,29,28,5,6,24,23,18,Train/18/00018_00000_00013.png
client_2,16330,31,30,6,5,26,25,10,Train/10/00010_00043_00010.png
client_2,28394,49,45,6,6,44,40,24,Train/24/00024_00006_00014.png
client_2,38995,59,60,6,6,54,55,42,Train/42/00042_00000_00026.png
client_2,26187,151,137,13,12,138,125,18,Train/18/00018_00020_00027.png
client_2,34187,46,47,5,6,41,42,34,Train/34/00034_00013_00018.png
client_2,17998,146,132,12,11,133,121,11,Train/11/00011_00031_00028.png
client_2,32193,34,32,5,6,29,27,31,Train/31/00031_00004_00003.png
client_2,28015,100,92,8,8,92,84,23,Train/23/00023_00010_00025.png
client_2,33900,51,51,6,6,46,46,34,Train/34/00034_00004_00001.png
client_2,16151,32,32,5,6,27,27,10,Train/10/00010_00037_00011.png
client_2,15929,57,52,5,5,52,47,10,Train/10/00010_00029_00029.png
client_2,21687,105,92,10,8,96,84,13,Train/13/00013_00040_00027.png
client_2,22261,36,33,6,5,31,28,13,Train/13/00013_00060_00001.png
client_2,16660,37,37,5,5,32,32,10,Train/10/00010_00054_00010.png
client_2,26645,47,44,6,5,42,39,18,Train/18/00018_00036_00005.png
client_2,6344,31,34,5,6,26,29,3,Train/3/00003_00043_00014.png
client_2,25829,116,100,11,8,106,91,18,Train/18/00018_00008_00029.png
client_2,31395,54,51,5,5,49,45,29,Train/29/00029_00001_00015.png
client_2,12891,47,47,6,6,42,42,8,Train/8/00008_00024_00021.png
client_2,15248,36,38,5,6,31,33,10,Train/10/00010_00007_00008.png
client_2,16460,41,41,5,6,36,36,10,Train/10/00010_00047_00020.png
client_2,19870,38,38,6,6,33,33,12,Train/12/00012_00050_00010.png
client_2,20130,29,30,5,6,24,25,12,Train/12/00012_00059_00000.png
client_2,19704,71,71,6,6,65,65,12,Train/12/00012_00044_00024.png
client_2,3167,72,68,7,7,65,62,2,Train/2/00002_00012_00017.png
client_2,16995,32,32,5,6,27,27,10,Train/10/00010_00065_00015.png
client_2,22621,48,46,6,6,43,41,14,Train/14/00014_00000_00001.png
client_2,25780,69,60,6,5,62,55,18,Train/18/00018_00007_00010.png
client_2,17648,40,38,5,6,34,33,11,Train/11/00011_00020_00008.png
client_2,5579,113,119,10,11,104,109,3,Train/3/00003_00017_00029.png
client_2,22536,33,33,5,5,28,28,13,Train/13/00013_00069_00006.png
client_2,28100,64,60,6,6,59,54,23,Train/23/00023_00013_00020.png
client_2,19307,55,54,6,5,50,49,12,Train/12/00012_00031_00017.png
client_2,15307,34,34,5,5,29,29,10,Train/10/00010_00009_00007.png
client_2,33004,28,30,5,6,23,25,32,Train/32/00032_00005_00004.png
client_2,16047,62,56,5,5,57,51,10,Train/10/00010_00033_00027.png
client_2,16169,75,63,6,5,69,58,10,Train/10/00010_00037_00029.png
client_2,26088,46,42,5,6,40,36,18,Train/18/00018_00017_00018.png
client_2,16716,32,33,5,6,27,28,10,Train/10/00010_00056_00006.png
client_2,5331,47,48,5,5,42,43,3,Train/3/00003_00009_00021.png
client_2,12763,48,48,5,5,43,43,8,Train/8/00008_00020_00013.png
client_2,16146,29,28,5,5,24,23,10,Train/10/00010_00037_00006.png
client_2,3892,53,54,5,6,48,49,2,Train/2/00002_00036_00022.png
client_2,18855,38,37,5,5,33,32,12,Train/12/00012_00016_00015.png
client_2,33790,39,45,6,5,34,40,34,Train/34/00034_00000_00011.png
client_2,18322,73,69,7,7,67,63,11,Train/11/00011_00042_00022.png
client_2,4716,30,30,5,5,24,24,2,Train/2/00002_00064_00006.png
client_2,22666,60,59,6,6,54,54,14,Train/14/00014_00001_00016.png
client_2,33973,31,35,5,6,26,30,34,Train/34/00034_00006_00014.png
client_2,22583,131,117,11,10,120,107,13,Train/13/00013_00070_00023.png
client_2,16124,35,31,6,5,30,26,10,Train/10/00010_00036_00014.png
client_2,15937,31,31,6,6,26,26,10,Train/10/00010_00030_00007.png
client_2,38692,64,68,5,6,59,62,40,Train/40/00040_00010_00023.png
client_2,26534,62,61,6,5,57,56,18,Train/18/00018_00032_00014.png
client_2,1712,27,28,5,5,22,23,1,Train/1/00001_00038_00002.png
client_2,15249,38,38,5,5,33,33,10,Train/10/00010_00007_00009.png
client_2,26732,38,36,5,5,33,31,18,Train/18/00018_00039_00002.png
client_2,21258,48,62,5,6,42,57,13,Train/13/00013_00026_00018.png
client_2,23071,33,32,6,5,28,27,14,Train/14/00014_00015_00001.png
client_2,15261,58,57,6,5,53,52,10,Train/10/00010_00007_00021.png
client_2,15315,40,40,5,5,35,35,10,Train/10/00010_00009_00015.png
client_2,13290,29,34,6,6,24,29,8,Train/8/00008_00038_00000.png
client_2,23599,45,45,5,6,40,40,15,Train/15/00015_00006_00019.png
client_2,15994,30,27,5,6,25,22,10,Train/10/00010_00032_00004.png
client_2,9855,40,42,5,6,34,36,5,Train/5/00005_00047_00015.png
client_2,22825,85,87,8,7,77,79,14,Train/14/00014_00006_00025.png
client_2,15965,31,31,6,5,25,25,10,Train/10/00010_00031_00005.png
client_2,4221,34,35,6,6,29,30,2,Train/2/00002_00047_00021.png
client_2,3358,98,95,9,8,90,87,2,Train/2/00002_00018_00028.png
client_2,25945,40,48,5,6,34,42,18,Train/18/00018_00012_00025.png
client_2,17248,74,69,7,7,68,63,11,Train/11/00011_00006_00028.png
client_2,25834,32,28,6,5,27,23,18,Train/18/00018_00009_00004.png
client_2,15563,46,46,5,5,41,41,10,Train/10/00010_00017_00023.png
client_2,18238,95,86,8,7,87,79,11,Train/11/00011_00039_00028.png
client_2,17970,37,38,5,6,32,33,11,Train/11/00011_00031_00000.png
client_2,15395,32,32,5,5,27,27,10,Train/10/00010_00012_00005.png
client_2,3837,82,82,7,7,75,75,2,Train/2/00002_00034_00027.png
client_2,23815,62,64,5,6,56,59,15,Train/15/00015_00013_00025.png
client_2,16680,29,30,5,6,24,25,10,Train/10/00010_00055_00000.png
client_2,5460,29,30,5,6,24,25,3,Train/3/00003_00014_00000.png
client_2,16495,57,58,5,6,52,53,10,Train/10/00010_00048_00025.png
client_2,22901,39,40,6,6,34,35,14,Train/14/00014_00009_00011.png
client_2,3252,63,68,5,6,57,61,2,Train/2/00002_00015_00012.png
client_2,8435,33,33,5,5,28,28,5,Train/5/00005_00000_00005.png
client_2,15632,30,27,5,5,24,22,10,Train/10/00010_00020_00002.png
client_2,4946,43,43,5,6,37,38,2,Train/2/00002_00071_00026.png
client_2,28218,52,48,6,6,47,43,24,Train/24/00024_00000_00018.png
client_2,80,56,53,6,5,51,48,20,Train/20/00020_00002_00020.png
client_2,17771,40,36,5,5,35,31,11,Train/11/00011_00024_00011.png
client_2,17180,73,70,7,7,66,63,11,Train/11/00011_00004_00020.png
client_2,3856,42,41,6,5,37,36,2,Train/2/00002_00035_00016.png
client_2,13118,32,33,6,5,26,27,8,Train/8/00008_00032_00008.png
client_2,18110,73,74,6,7,67,68,11,Train/11/00011_00035_00020.png
client_2,39159,33,33,5,5,28,28,42,Train/42/00042_00006_00010.png
client_2,17849,172,153,15,13,158,140,11,Train/11/00011_00026_00029.png
client_2,35765,55,55,5,6,50,50,36,Train/36/00036_00012_00006.png
client_2,15827,37,37,5,5,32,32,10,Train/10/00010_00026_00017.png
client_2,13362,35,35,5,5,30,30,8,Train/8/00008_00040_00012.png
client_2,751,43,49,5,5,38,44,1,Train/1/00001_00006_00001.png
client_2,35895,41,42,5,6,36,36,37,Train/37/00037_00003_00016.png
client_2,18155,35,36,6,5,30,30,11,Train/11/00011_00037_00005.png
client_2,39150,30,31,5,6,25,26,42,Train/42/00042_00006_00001.png
client_2,22442,34,33,5,5,29,28,13,Train/13/00013_00066_00002.png
client_2,20696,64,60,6,6,59,55,13,Train/13/00013_00007_00026.png
client_2,18997,42,44,5,5,37,39,12,Train/12/00012_00021_00007.png
client_2,16678,70,69,7,6,64,63,10,Train/10/00010_00054_00028.png
client_2,16066,40,37,6,6,35,32,10,Train/10/00010_00034_00016.png
client_2,29630,55,51,6,6,49,46,25,Train/25/00025_00038_00020.png
client_2,10233,28,28,6,6,22,23,5,Train/5/00005_00060_00003.png
client_2,16857,55,49,6,5,49,44,10,Train/10/00010_00060_00027.png
client_2,34085,32,36,5,6,26,31,34,Train/34/00034_00010_00006.png
client_2,16176,30,30,5,6,25,25,10,Train/10/00010_00038_00006.png
client_2,16496,58,59,5,6,53,54,10,Train/10/00010_00048_00026.png
client_2,18247,41,39,6,6,36,34,11,Train/11/00011_00040_00007.png
client_2,34189,50,50,6,6,45,45,34,Train/34/00034_00013_00020.png
client_2,17135,38,37,5,6,33,32,11,Train/11/00011_00003_00005.png
client_2,22921,57,65,6,6,52,60,14,Train/14/00014_00010_00001.png
client_2,26704,44,44,6,6,39,39,18,Train/18/00018_00038_00004.png
client_2,16479,34,34,6,6,29,29,10,Train/10/00010_00048_00009.png
client_2,33041,33,33,5,5,28,28,32,Train/32/00032_00006_00011.png
client_2,12380,47,46,6,5,42,41,8,Train/8/00008_00007_00020.png
client_2,38095,157,161,13,14,143,148,39,Train/39/00039_00000_00026.png
client_2,13066,34,32,6,5,29,27,8,Train/8/00008_00030_00016.png
client_2,27529,65,62,6,6,60,57,22,Train/22/00022_00007_00019.png
client_2,15345,37,37,5,5,32,32,10,Train/10/00010_00010_00015.png
client_2,4686,31,31,6,5,26,26,2,Train/2/00002_00063_00006.png
client_2,19122,40,44,6,5,35,39,12,Train/12/00012_00025_00012.png
client_2,18328,134,132,11,11,123,121,11,Train/11/00011_00042_00028.png
client_2,8201,33,34,6,6,28,29,4,Train/4/00004_00058_00011.png
client_2,17280,45,42,6,6,40,37,11,Train/11/00011_00008_00000.png
client_2,21468,61,57,5,6,56,52,13,Train/13/00013_00033_00018.png
client_2,10037,39,37,5,5,34,32,5,Train/5/00005_00053_00017.png
client_2,15259,54,53,6,5,49,48,10,Train/10/00010_00007_00019.png
client_2,18394,32,29,6,5,27,24,12,Train/12/00012_00001_00004.png
client_2,23338,97,96,9,8,89,88,14,Train/14/00014_00023_00028.png
client_2,23812,54,56,6,5,49,51,15,Train/15/00015_00013_00022.png
client_2,16750,39,37,6,6,34,32,10,Train/10/00010_00057_00010.png
client_2,12220,32,32,6,6,26,26,8,Train/8/00008_00002_00010.png
client_2,8442,37,40,6,6,32,35,5,Train/5/00005_00000_00012.png
client_2,16381,38,38,6,6,33,33,10,Train/10/00010_00045_00001.png
client_2,16022,26,25,5,5,20,20,10,Train/10/00010_00033_00002.png
client_2,17975,43,41,6,6,37,36,11,Train/11/00011_00031_00005.png
client_2,28411,40,36,6,5,35,31,24,Train/24/00024_00007_00001.png
client_2,25995,49,49,5,5,44,44,18,Train/18/00018_00014_00015.png
client_2,23025,80,80,7,8,73,73,14,Train/14/00014_00013_00015.png
client_2,26095,69,62,6,5,63,57,18,Train/18/00018_00017_00025.png
client_2,15071,38,35,6,5,32,29,10,Train/10/00010_00001_00011.png
client_2,20433,53,51,6,5,48,46,12,Train/12/00012_00069_00003.png
client_2,39036,29,30,5,6,24,25,42,Train/42/00042_00002_00007.png
client_2,12765,54,54,5,5,49,49,8,Train/8/00008_00020_00015.png
client_2,19232,40,40,5,6,35,34,12,Train/12/00012_00029_00002.png
client_2,28684,57,52,5,6,52,47,25,Train/25/00025_00007_00004.png
client_2,51,51,44,5,5,46,39,20,Train/20/00020_00001_00021.png
client_2,15964,30,32,5,6,24,26,10,Train/10/00010_00031_00004.png
client_2,25685,72,63,6,5,66,58,18,Train/18/00018_00004_00005.png
client_2,17926,73,69,6,7,67,63,11,Train/11/00011_00029_00016.png
client_2,12875,36,36,6,6,31,31,8,Train/8/00008_00024_00005.png
client_2,23534,39,38,6,5,34,33,15,Train/15/00015_00004_00014.png
client_2,15233,52,51,6,5,47,46,10,Train/10/00010_00006_00023.png
client_2,4968,37,37,6,5,32,32,2,Train/2/00002_00072_00018.png
client_2,23969,122,146,11,12,112,134,15,Train/15/00015_00018_00029.png
client_2,26407,41,41,6,5,35,35,18,Train/18/00018_00028_00007.png
client_2,16290,33,34,6,6,28,29,10,Train/10/00010_00042_00000.png
client_2,16658,36,36,6,6,31,31,10,Train/10/00010_00054_00008.png
client_2,15564,49,48,6,5,44,43,10,Train/10/00010_00017_00024.png
client_2,99,42,39,5,5,37,34,20,Train/20/00020_00003_00009.png
client_2,18211,30,29,5,5,24,23,11,Train/11/00011_00039_00001.png
client_2,2784,72,75,7,7,66,69,1,Train/1/00001_00073_00024.png
client_2,23073,35,34,6,5,30,29,14,Train/14/00014_00015_00003.png
client_2,4123,38,38,5,5,33,33,2,Train/2/00002_00044_00013.png
client_2,17538,70,62,7,5,64,56,11,Train/11/00011_00016_00018.png
client_2,16166,62,55,6,5,57,50,10,Train/10/00010_00037_00026.png
client_2,4015,50,51,6,6,45,46,2,Train/2/00002_00040_00025.png
client_2,24225,95,96,8,9,87,88,16,Train/16/00016_00006_00015.png
client_2,15120,31,31,6,6,26,26,10,Train/10/00010_00003_00000.png
client_2,27388,119,122,10,10,109,112,22,Train/22/00022_00002_00028.png
client_2,2539,48,51,5,6,43,46,1,Train/1/00001_00065_00019.png
client_2,12183,28,30,6,6,23,24,8,Train/8/00008_00001_00003.png
client_2,20424,48,48,5,5,43,43,12,Train/12/00012_00068_00024.png
client_2,26665,98,101,8,9,90,93,18,Train/18/00018_00036_00025.png
client_2,1455,49,49,6,5,44,44,1,Train/1/00001_00029_00015.png
client_2,8648,34,34,6,6,28,28,5,Train/5/00005_00007_00008.png
client_2,4844,38,38,6,6,33,33,2,Train/2/00002_00068_00014.png
client_2,26269,56,53,6,5,51,48,18,Train/18/00018_00023_00019.png
client_2,15756,31,33,5,6,26,28,10,Train/10/00010_00024_00006.png
client_2,19352,37,42,5,5,32,37,12,Train/12/00012_00033_00002.png
client_2,12167,44,46,6,6,39,41,8,Train/8/00008_00000_00017.png
client_2,35987,63,67,6,6,58,61,37,Train/37/00037_00006_00018.png
client_2,4897,31,31,5,5,26,26,2,Train/2/00002_00070_00007.png
client_2,34114,30,30,6,6,25,25,34,Train/34/00034_00011_00005.png
client_2,8246,83,82,8,7,76,75,4,Train/4/00004_00059_00026.png
client_2,15476,60,60,5,5,55,55,10,Train/10/00010_00014_00026.png
client_2,19543,47,46,6,5,42,41,12,Train/12/00012_00039_00013.png
client_2,16255,55,54,5,5,50,49,10,Train/10/00010_00040_00025.png
client_2,2713,47,47,5,5,42,42,1,Train/1/00001_00071_00013.png
client_2,22760,75,76,7,7,69,70,14,Train/14/00014_00004_00020.png
client_2,17979,49,46,6,5,44,41,11,Train/11/00011_00031_00009.png
client_2,1493,60,75,5,6,55,69,1,Train/1/00001_00030_00023.png
client_2,19072,54,52,5,6,49,47,12,Train/12/00012_00023_00022.png
client_2,26315,39,36,6,5,34,31,18,Train/18/00018_00025_00005.png
client_2,15341,36,36,6,6,31,31,10,Train/10/00010_00010_00011.png
client_2,38591,36,36,6,5,31,30,40,Train/40/00040_00007_00012.png
client_2,28194,65,63,6,6,60,58,23,Train/23/00023_00016_00024.png
client_2,18865,52,51,6,6,46,45,12,Train/12/00012_00016_00025.png
client_2,15370,40,42,5,6,35,37,10,Train/10/00010_00011_00010.png
client_2,26743,53,48,6,6,47,43,18,Train/18/00018_00039_00013.png
client_2,34013,57,57,6,6,52,52,34,Train/34/00034_00007_00024.png
client_2,16940,41,42,5,6,36,37,10,Train/10/00010_00063_00020.png
client_2,58,65,56,6,6,59,51,20,Train/20/00020_00001_00028.png
client_2,26668,120,123,10,11,110,113,18,Train/18/00018_00036_00028.png
client_2,16832,27,26,5,5,22,21,10,Train/10/00010_00060_00002.png
client_2,4584,92,89,8,8,84,82,2,Train/2/00002_00059_00024.png
client_2,28203,27,27,5,5,21,22,24,Train/24/00024_00000_00003.png
client_2,4203,28,28,6,6,23,23,2,Train/2/00002_00047_00003.png
client_2,15376,46,46,6,6,41,41,10,Train/10/00010_00011_00016.png
client_2,19128,49,54,5,5,44,49,12,Train/12/00012_00025_00018.png
client_2,12645,38,41,6,6,33,36,8,Train/8/00008_00016_00015.png
client_2,22219,39,41,6,6,34,36,13,Train/13/00013_00058_00019.png
client_2,17246,63,55,6,5,58,50,11,Train/11/00011_00006_00026.png
client_2,17679,37,31,6,5,32,26,11,Train/11/00011_00021_00009.png
client_2,16907,39,40,6,6,34,35,10,Train/10/00010_00062_00017.png
client_2,15407,41,41,6,6,36,36,10,Train/10/00010_00012_00017.png
client_2,13325,34,34,6,6,29,29,8,Train/8/00008_00039_00005.png
client_2,19257,81,80,8,8,74,73,12,Train/12/00012_00029_00027.png
client_2,15594,68,67,7,6,62,61,10,Train/10/00010_00018_00024.png
client_2,17430,39,38,5,5,34,33,11,Train/11/00011_00013_00000.png
client_2,23310,34,34,5,5,29,29,14,Train/14/00014_00023_00000.png
client_2,8517,45,47,6,6,40,42,5,Train/5/00005_00002_00027.png
client_2,32314,38,37,6,6,33,32,31,Train/31/00031_00008_00004.png
client_2,18490,31,27,5,6,26,22,12,Train/12/00012_00004_00010.png
client_2,23648,39,39,5,5,34,34,15,Train/15/00015_00008_00008.png
client_2,26592,43,38,6,6,38,33,18,Train/18/00018_00034_00012.png
client_2,17240,45,41,6,5,40,36,11,Train/11/00011_00006_00020.png
client_2,16278,39,40,5,6,34,35,10,Train/10/00010_00041_00018.png
client_2,16758,50,47,6,5,45,42,10,Train/10/00010_00057_00018.png
client_2,15819,30,31,5,6,25,26,10,Train/10/00010_00026_00009.png
client_2,15436,47,48,5,5,42,43,10,Train/10/00010_00013_00016.png
client_2,15711,50,51,5,5,45,46,10,Train/10/00010_00022_00021.png
client_2,15706,46,47,5,5,41,42,10,Train/10/00010_00022_00016.png
client_2,25619,99,92,8,8,91,83,18,Train/18/00018_00001_00029.png
client_2,25651,44,42,6,5,39,36,18,Train/18/00018_00003_00001.png
client_2,35942,40,41,5,6,34,35,37,Train/37/00037_00005_00003.png
client_2,16093,36,34,5,6,31,29,10,Train/10/00010_00035_00013.png
client_2,17018,31,29,6,6,26,24,10,Train/10/00010_00066_00008.png
client_2,20731,29,28,5,5,24,22,13,Train/13/00013_00009_00001.png
client_2,25935,39,41,5,5,33,35,18,Train/18/00018_00012_00015.png
client_2,26162,63,61,6,6,58,55,18,Train/18/00018_00020_00002.png
client_2,12367,35,35,6,6,29,29,8,Train/8/00008_00007_00007.png
client_2,33037,32,31,6,5,27,26,32,Train/32/00032_00006_00007.png
client_2,15138,39,40,6,6,34,35,10,Train/10/00010_00003_00018.png
client_2,38469,47,46,6,6,41,40,40,Train/40/00040_00003_00010.png
client_2,13341,53,54,6,5,48,49,8,Train/8/00008_00039_00021.png
client_2,30186,34,29,6,5,28,24,26,Train/26/00026_00007_00006.png
client_2,17934,107,94,10,8,97,86,11,Train/11/00011_00029_00024.png
client_2,31779,42,36,6,5,37,31,30,Train/30/00030_00005_00009.png
client_2,3147,69,63,6,5,63,58,2,Train/2/00002_00011_00027.png
client_2,17996,122,109,10,9,112,100,11,Train/11/00011_00031_00026.png
client_2,13423,37,38,5,6,32,33,8,Train/8/00008_00042_00013.png
client_2,18727,36,35,6,6,31,30,12,Train/12/00012_00012_00007.png
client_2,138,41,40,6,5,36,35,20,Train/20/00020_00004_00018.png
client_2,25862,71,64,7,6,64,58,18,Train/18/00018_00010_00002.png
client_2,23755,68,72,6,6,62,66,15,Train/15/00015_00011_00025.png
client_2,19982,35,34,6,5,29,28,12,Train/12/00012_00054_00002.png
client_2,15536,51,52,5,6,46,47,10,Train/10/00010_00016_00026.png
client_2,22891,28,30,5,5,23,25,14,Train/14/00014_00009_00001.png
client_2,15675,47,47,5,5,42,42,10,Train/10/00010_00021_00015.png
client_2,16105,65,61,6,5,60,55,10,Train/10/00010_00035_00025.png
client_2,35861,43,42,6,6,38,37,37,Train/37/00037_00002_00012.png
client_2,26393,82,72,8,7,74,66,18,Train/18/00018_00027_00023.png
client_2,23845,49,54,5,6,43,49,15,Train/15/00015_00014_00025.png
client_2,8739,33,34,5,5,28,29,5,Train/5/00005_00010_00009.png
client_2,28348,147,139,13,12,135,127,24,Train/24/00024_00004_00028.png
client_2,17322,53,49,5,5,48,44,11,Train/11/00011_00009_00012.png
client_2,16037,37,37,6,6,32,32,10,Train/10/00010_00033_00017.png
client_2,35913,28,27,6,6,22,22,37,Train/37/00037_00004_00004.png
client_2,22708,71,72,6,7,65,66,14,Train/14/00014_00002_00028.png
client_2,19490,75,74,7,6,69,68,12,Train/12/00012_00037_00020.png
client_2,28307,81,74,8,7,74,68,24,Train/24/00024_00003_00017.png
client_2,17069,175,159,15,14,160,146,11,Train/11/00011_00000_00029.png
client_2,16794,54,55,5,6,49,50,10,Train/10/00010_00058_00024.png
client_2,17761,31,31,6,6,26,26,11,Train/11/00011_00024_00001.png
client_2,3610,32,33,5,6,27,28,2,Train/2/00002_00027_00010.png
client_2,874,30,29,6,5,25,24,1,Train/1/00001_00010_00004.png
client_2,2507,41,41,5,5,36,36,1,Train/1/00001_00064_00017.png
client_2,4694,33,33,5,5,28,28,2,Train/2/00002_00063_00014.png
client_2,16944,49,51,5,6,44,46,10,Train/10/00010_00063_00024.png
client_2,31157,48,46,6,6,43,41,28,Train/28/00028_00011_00017.png
client_2,34092,38,41,6,5,32,36,34,Train/34/00034_00010_00013.png
client_2,3750,28,27,6,6,23,22,2,Train/2/00002_00032_00000.png
client_2,32967,65,73,6,6,59,67,32,Train/32/00032_00003_00027.png
client_2,17781,62,55,5,6,57,50,11,Train/11/00011_00024_00021.png
client_2,4675,75,81,7,8,69,74,2,Train/2/00002_00062_00025.png
client_2,19219,42,42,5,5,37,37,12,Train/12/00012_00028_00019.png
client_2,9477,50,55,6,6,45,50,5,Train/5/00005_00034_00027.png
client_2,23142,38,37,6,5,33,32,14,Train/14/00014_00017_00012.png
client_2,16163,48,46,5,5,43,41,10,Train/10/00010_00037_00023.png
client_2,15581,38,37,6,5,33,32,10,Train/10/00010_00018_00011.png
client_2,38454,83,83,7,7,76,76,40,Train/40/00040_00002_00025.png
client_2,15332,33,33,6,6,28,28,10,Train/10/00010_00010_00002.png
client_2,25652,44,42,6,6,39,37,18,Train/18/00018_00003_00002.png
client_2,21387,97,88,9,7,89,81,13,Train/13/00013_00030_00027.png
client_2,8933,61,60,6,5,56,55,5,Train/5/00005_00016_00023.png
client_2,9200,39,39,6,6,34,34,5,Train/5/00005_00025_00020.png
client_2,16694,37,36,6,5,32,31,10,Train/10/00010_00055_00014.png
client_2,16624,37,38,5,6,32,33,10,Train/10/00010_00053_00004.png
client_2,18023,93,88,9,8,85,81,11,Train/11/00011_00032_00023.png
client_2,19764,52,53,5,5,47,48,12,Train/12/00012_00046_00024.png
client_2,18900,30,31,5,6,25,26,12,Train/12/00012_00018_00000.png
client_2,7982,31,31,6,6,25,25,4,Train/4/00004_00051_00002.png
client_2,23768,38,43,5,6,32,37,15,Train/15/00015_00012_00008.png
client_2,13188,49,52,6,6,44,47,8,Train/8/00008_00034_00018.png
client_2,16238,32,31,5,5,27,26,10,Train/10/00010_00040_00008.png
client_2,13516,46,45,6,5,41,40,8,Train/8/00008_00045_00016.png
client_2,16961,33,32,6,5,28,27,10,Train/10/00010_00064_00011.png
client_2,15283,37,37,5,5,32,32,10,Train/10/00010_00008_00013.png
client_2,25579,32,28,5,5,26,23,18,Train/18/00018_00000_00019.png
client_2,3634,32,33,5,5,27,28,2,Train/2/00002_00028_00004.png
client_2,2932,48,49,5,6,43,44,2,Train/2/00002_00004_00022.png
client_2,20117,58,53,5,6,53,48,12,Train/12/00012_00058_00017.png
client_2,39046,37,36,6,5,32,31,42,Train/42/00042_00002_00017.png
client_2,18173,52,56,5,6,47,51,11,Train/11/00011_00037_00023.png
client_2,25612,72,65,6,5,66,59,18,Train/18/00018_00001_00022.png
client_2,22730,83,83,8,7,75,75,14,Train/14/00014_00003_00020.png
client_2,19065,43,44,5,6,38,39,12,Train/12/00012_00023_00015.png
client_2,5023,36,35,6,5,31,30,2,Train/2/00002_00074_00013.png
client_2,19673,50,51,5,6,45,46,12,Train/12/00012_00043_00023.png
client_2,8485,40,41,5,5,35,35,5,Train/5/00005_00001_00025.png
client_2,15401,36,36,5,5,31,31,10,Train/10/00010_00012_00011.png
client_2,8636,92,94,9,9,84,86,5,Train/5/00005_00006_00026.png
client_2,12434,39,38,6,5,34,33,8,Train/8/00008_00009_00014.png
client_2,17705,55,51,6,5,50,46,11,Train/11/00011_00022_00005.png
client_2,6412,60,60,5,5,55,55,3,Train/3/00003_00045_00022.png
client_2,20361,53,60,6,6,48,55,12,Train/12/00012_00066_00021.png
client_2,16264,26,26,5,5,21,21,10,Train/10/00010_00041_00004.png
client_2,26295,45,43,5,5,40,37,18,Train/18/00018_00024_00015.png
client_2,4329,36,35,5,5,31,30,2,Train/2/00002_00051_00009.png
client_2,13081,27,26,6,5,22,21,8,Train/8/00008_00031_00001.png
client_2,33932,30,32,6,6,24,26,34,Train/34/00034_00005_00003.png
client_2,16231,28,29,5,6,23,24,10,Train/10/00010_00040_00001.png
client_2,15734,40,39,6,5,35,34,10,Train/10/00010_00023_00014.png
client_2,38192,29,29,6,6,24,24,39,Train/39/00039_00004_00003.png
client_2,18744,81,84,7,8,73,76,12,Train/12/00012_00012_00024.png
client_2,3402,34,37,6,6,29,32,2,Train/2/00002_00020_00012.png
client_2,17200,56,51,5,6,51,46,11,Train/11/00011_00005_00010.png
client_2,15520,34,35,5,6,29,30,10,Train/10/00010_00016_00010.png
client_2,15718,62,60,6,5,57,55,10,Train/10/00010_00022_00028.png
client_2,4683,29,30,6,6,24,25,2,Train/2/00002_00063_00003.png
client_2,33894,107,115,10,10,97,105,34,Train/34/00034_00003_00025.png
client_2,16847,38,35,5,5,33,30,10,Train/10/00010_00060_00017.png
client_2,27469,49,45,6,5,44,40,22,Train/22/00022_00005_00019.png
client_2,7776,30,31,5,5,25,26,4,Train/4/00004_00044_00006.png
client_2,17768,36,33,5,5,31,28,11,Train/11/00011_00024_00008.png
client_2,16968,37,39,5,6,32,34,10,Train/10/00010_00064_00018.png
client_2,30949,52,46,5,5,46,41,28,Train/28/00028_00004_00019.png
client_2,16855,50,47,5,6,44,41,10,Train/10/00010_00060_00025.png
client_2,15934,30,31,5,6,25,26,10,Train/10/00010_00030_00004.png
client_2,23621,32,36,5,6,27,31,15,Train/15/00015_00007_00011.png
client_2,24004,28,29,5,6,22,24,15,Train/15/00015_00020_00004.png
client_2,3064,41,41,5,6,36,36,2,Train/2/00002_00009_00004.png
client_2,31089,44,43,6,6,39,38,28,Train/28/00028_00009_00009.png
client_2,18399,35,33,5,6,30,28,12,Train/12/00012_00001_00009.png
client_2,15151,27,28,5,6,22,23,10,Train/10/00010_00004_00001.png
client_2,3546,29,30,6,6,24,25,2,Train/2/00002_00025_00006.png
client_2,19715,38,41,5,6,33,36,12,Train/12/00012_00045_00005.png
client_2,22635,72,71,7,6,66,65,14,Train/14/00014_00000_00015.png
client_2,23917,35,38,6,6,30,32,15,Train/15/00015_00017_00007.png
client_2,15159,30,30,5,5,25,25,10,Train/10/00010_00004_00009.png
client_2,15765,39,41,5,6,34,36,10,Train/10/00010_00024_00015.png
client_2,38448,53,53,6,6,48,48,40,Train/40/00040_00002_00019.png
client_2,27643,44,43,5,6,38,38,22,Train/22/00022_00011_00013.png
client_2,30864,76,69,6,7,69,63,28,Train/28/00028_00001_00024.png
client_2,16931,32,34,5,6,27,29,10,Train/10/00010_00063_00011.png
client_2,31702,77,70,7,7,71,64,30,Train/30/00030_00002_00022.png
client_2,15127,33,34,6,6,28,29,10,Train/10/00010_00003_00007.png
client_2,27559,50,48,5,6,45,42,22,Train/22/00022_00008_00019.png
client_2,23297,56,61,6,6,51,56,14,Train/14/00014_00022_00017.png
client_2,18359,59,55,6,5,54,50,11,Train/11/00011_00043_00029.png
client_2,15169,40,41,6,6,35,36,10,Train/10/00010_00004_00019.png
client_2,13481,34,36,5,5,29,31,8,Train/8/00008_00044_00011.png
client_2,4147,29,29,5,6,24,24,2,Train/2/00002_00045_00007.png
client_2,16910,43,44,6,6,38,39,10,Train/10/00010_00062_00020.png
client_2,13029,35,35,6,6,30,30,8,Train/8/00008_00029_00009.png
client_2,16654,34,34,6,6,29,29,10,Train/10/00010_00054_00004.png
client_2,28285,72,65,7,6,66,60,24,Train/24/00024_00002_00025.png
client_2,4199,58,70,5,7,53,64,2,Train/2/00002_00046_00029.png
client_2,16516,39,40,5,6,34,35,10,Train/10/00010_00049_00016.png
client_2,18600,30,30,5,5,25,25,12,Train/12/00012_00008_00000.png
client_2,13349,97,104,8,10,89,95,8,Train/8/00008_00039_00029.png
client_2,23816,68,70,7,7,62,64,15,Train/15/00015_00013_00026.png
client_2,23531,36,37,6,6,31,32,15,Train/15/00015_00004_00011.png
client_2,20627,46,44,5,5,41,39,13,Train/13/00013_00005_00017.png
client_2,15443,68,67,7,6,62,61,10,Train/10/00010_00013_00023.png
client_2,17326,59,56,5,6,54,50,11,Train/11/00011_00009_00016.png
client_2,23127,97,96,8,8,89,87,14,Train/14/00014_00016_00027.png
client_2,38981,36,37,5,5,31,32,42,Train/42/00042_00000_00012.png
client_2,17440,48,45,6,5,43,40,11,Train/11/00011_00013_00010.png
client_2,19050,31,32,5,6,26,27,12,Train/12/00012_00023_00000.png
client_2,3383,54,55,6,6,49,50,2,Train/2/00002_00019_00023.png
client_2,32933,55,53,5,5,50,48,32,Train/32/00032_00002_00023.png
client_2,16028,28,27,5,5,23,22,10,Train/10/00010_00033_00008.png
client_2,15182,32,33,6,6,27,27,10,Train/10/00010_00005_00002.png
client_2,27448,89,83,7,8,81,76,22,Train/22/00022_00004_00028.png
client_2,15698,41,42,6,5,36,37,10,Train/10/00010_00022_00008.png
client_2,22858,141,134,13,12,129,123,14,Train/14/00014_00007_00028.png
client_2,17732,35,29,6,5,30,24,11,Train/11/00011_00023_00002.png
client_2,23512,40,44,5,6,35,39,15,Train/15/00015_00003_00022.png
client_2,30883,56,53,5,6,51,48,28,Train/28/00028_00002_00013.png
client_2,31311,61,61,6,5,56,56,28,Train/28/00028_00016_00021.png
client_2,38982,38,39,5,5,32,33,42,Train/42/00042_00000_00013.png
client_2,3536,60,60,6,5,55,55,2,Train/2/00002_00024_00026.png
client_2,16727,39,39,6,6,34,34,10,Train/10/00010_00056_00017.png
client_2,22736,129,125,11,11,118,114,14,Train/14/00014_00003_00026.png
client_2,22607,49,46,6,6,44,41,13,Train/13/00013_00071_00017.png
client_2,35794,39,39,6,6,34,34,37,Train/37/00037_00000_00005.png
client_2,9537,69,68,7,7,63,62,5,Train/5/00005_00036_00027.png
client_2,15230,45,46,5,6,40,41,10,Train/10/00010_00006_00020.png
client_2,4895,30,30,5,5,25,25,2,Train/2/00002_00070_00005.png
client_2,27340,39,36,5,6,33,30,22,Train/22/00022_00001_00010.png
client_2,25904,41,39,5,6,36,34,18,Train/18/00018_00011_00014.png
client_2,17395,98,86,9,7,90,79,11,Train/11/00011_00011_00025.png
client_2,32873,58,56,6,6,53,51,32,Train/32/00032_00000_00023.png
client_2,15445,75,80,7,8,69,73,10,Train/10/00010_00013_00025.png
client_2,17902,31,47,6,6,26,42,11,Train/11/00011_00028_00022.png
client_2,19310,61,62,5,6,56,57,12,Train/12/00012_00031_00020.png
client_2,306,37,34,6,6,32,29,20,Train/20/00020_00010_00006.png
client_2,16182,32,34,5,6,27,29,10,Train/10/00010_00038_00012.png
client_2,35958,71,72,7,6,65,65,37,Train/37/00037_00005_00019.png
client_2,27424,32,28,6,5,26,23,22,Train/22/00022_00004_00004.png
client_2,20227,38,38,5,5,33,33,12,Train/12/00012_00062_00007.png
client_2,22299,57,53,5,5,52,48,13,Train/13/00013_00061_00009.png
client_2,3900,29,31,5,6,24,26,2,Train/2/00002_00037_00000.png
client_2,38718,51,53,5,5,45,47,40,Train/40/00040_00011_00019.png
client_2,17293,63,56,6,6,58,51,11,Train/11/00011_00008_00013.png
client_2,35989,64,69,6,6,59,63,37,Train/37/00037_00006_00020.png
client_2,35832,42,43,5,6,37,38,37,Train/37/00037_00001_00013.png
client_2,15602,31,30,6,5,26,25,10,Train/10/00010_00019_00002.png
client_2,15990,29,26,5,6,24,21,10,Train/10/00010_00032_00000.png
client_2,20326,61,62,6,5,56,57,12,Train/12/00012_00065_00016.png
client_2,22134,82,73,8,7,75,67,13,Train/13/00013_00055_00024.png
client_2,38230,40,40,6,5,35,34,39,Train/39/00039_00005_00011.png
client_2,19864,30,31,5,6,25,26,12,Train/12/00012_00050_00004.png
client_2,16647,107,116,9,11,98,106,10,Train/10/00010_00053_00027.png
client_2,9681,47,48,6,6,41,43,5,Train/5/00005_00041_00021.png
client_2,20103,39,38,5,5,34,33,12,Train/12/00012_00058_00003.png
client_2,32947,29,29,6,6,24,23,32,Train/32/00032_00003_00007.png
client_2,29455,56,52,5,5,51,47,25,Train/25/00025_00032_00025.png
client_2,26720,69,68,7,6,63,62,18,Train/18/00018_00038_00020.png
client_2,4760,83,84,8,8,76,77,2,Train/2/00002_00065_00020.png
client_2,20377,37,36,5,5,32,31,12,Train/12/00012_00067_00007.png
client_2,4070,45,45,6,6,39,39,2,Train/2/00002_00042_00020.png
client_2,19129,51,57,5,6,46,52,12,Train/12/00012_00025_00019.png
client_2,20076,44,45,6,6,39,40,12,Train/12/00012_00057_00006.png
client_2,17736,36,33,5,5,31,28,11,Train/11/00011_00023_00006.png
client_2,70,41,40,5,6,36,35,20,Train/20/00020_00002_00010.png
client_2,21254,43,54,5,5,38,49,13,Train/13/00013_00026_00014.png
client_2,20344,39,43,6,5,34,38,12,Train/12/00012_00066_00004.png
client_2,16073,57,53,6,5,52,47,10,Train/10/00010_00034_00023.png
client_2,64,36,34,6,5,31,29,20,Train/20/00020_00002_00004.png
client_2,20324,57,58,6,5,52,53,12,Train/12/00012_00065_00014.png
client_2,11137,40,40,6,6,35,35,7,Train/7/00007_00014_00007.png
client_2,3119,119,112,10,9,109,102,2,Train/2/00002_00010_00029.png
client_2,21457,38,36,5,5,33,31,13,Train/13/00013_00033_00007.png
client_2,16640,67,70,6,7,61,64,10,Train/10/00010_00053_00020.png
client_2,15067,33,30,6,6,27,25,10,Train/10/00010_00001_00007.png
client_2,20842,73,68,7,7,67,62,13,Train/13/00013_00012_00022.png
client_2,3904,31,31,6,6,26,26,2,Train/2/00002_00037_00004.png
client_2,27491,39,36,6,6,34,31,22,Train/22/00022_00006_00011.png
client_2,26536,70,69,7,6,64,63,18,Train/18/00018_00032_00016.png
client_2,976,53,56,5,5,48,50,1,Train/1/00001_00013_00016.png
client_2,8474,32,34,5,5,27,28,5,Train/5/00005_00001_00014.png
client_2,18778,76,77,7,6,69,70,12,Train/12/00012_00013_00028.png
client_2,33857,46,44,6,6,41,38,34,Train/34/00034_00002_00018.png
client_2,15250,40,40,6,6,35,35,10,Train/10/00010_00007_00010.png
client_2,33907,57,57,6,6,52,52,34,Train/34/00034_00004_00008.png
client_2,20277,80,83,7,7,73,76,12,Train/12/00012_00063_00027.png
client_2,35610,30,31,5,6,25,26,36,Train/36/00036_00007_00001.png
client_2,15845,29,32,5,6,24,27,10,Train/10/00010_00027_00005.png
client_2,15725,37,38,6,6,32,33,10,Train/10/00010_00023_00005.png
client_2,13330,36,38,5,6,31,33,8,Train/8/00008_00039_00010.png
client_2,16573,46,46,6,6,41,41,10,Train/10/00010_00051_00013.png
client_2,3340,32,33,5,5,27,27,2,Train/2/00002_00018_00010.png
client_2,35840,61,60,6,5,56,55,37,Train/37/00037_00001_00021.png
client_2,18916,49,48,6,5,44,43,12,Train/12/00012_00018_00016.png
client_2,18185,51,46,5,5,46,40,11,Train/11/00011_00038_00005.png
client_2,17431,40,38,6,5,35,33,11,Train/11/00011_00013_00001.png
client_2,2896,57,57,5,5,51,51,2,Train/2/00002_00003_00016.png
client_2,12171,47,50,5,5,42,45,8,Train/8/00008_00000_00021.png
client_2,16379,49,50,5,6,44,45,10,Train/10/00010_00044_00029.png
client_2,15887,38,39,5,6,33,34,10,Train/10/00010_00028_00017.png
client_2,12777,87,86,8,7,80,79,8,Train/8/00008_00020_00027.png
client_2,4441,29,29,6,6,23,23,2,Train/2/00002_00055_00001.png
client_2,7268,34,34,6,6,29,29,4,Train/4/00004_00027_00008.png
client_2,26664,92,94,8,8,84,85,18,Train/18/00018_00036_00024.png
client_2,3418,68,72,7,6,62,66,2,Train/2/00002_00020_00028.png
client_2,5002,52,51,5,5,46,46,2,Train/2/00002_00073_00022.png
client_2,20412,36,37,6,6,31,32,12,Train/12/00012_00068_00012.png
client_2,17010,28,25,6,5,23,20,10,Train/10/00010_00066_00000.png
client_2,4073,50,50,6,5,45,45,2,Train/2/00002_00042_00023.png
client_2,26031,75,76,6,7,69,70,18,Train/18/00018_00015_00021.png
client_2,23643,37,37,6,6,32,32,15,Train/15/00015_00008_00003.png
client_2,23676,39,38,6,5,34,33,15,Train/15/00015_00009_00006.png
client_2,12716,58,60,6,5,53,55,8,Train/8/00008_00018_00026.png
client_2,23568,38,38,6,5,33,32,15,Train/15/00015_00005_00018.png
client_2,21414,50,44,6,6,45,39,13,Train/13/00013_00031_00024.png
client_2,16974,44,46,6,6,39,41,10,Train/10/00010_00064_00024.png
client_2,19934,113,111,10,10,104,102,12,Train/12/00012_00052_00014.png
client_2,15156,28,29,5,5,23,23,10,Train/10/00010_00004_00006.png
client_2,16839,29,29,5,5,24,24,10,Train/10/00010_00060_00009.png
client_2,30096,39,35,5,5,34,30,26,Train/26/00026_00004_00006.png
client_2,4116,33,33,6,6,28,28,2,Train/2/00002_00044_00006.png
client_2,182,28,28,5,6,22,22,20,Train/20/00020_00006_00002.png
client_2,17435,42,41,6,6,37,36,11,Train/11/00011_00013_00005.png
client_2,32878,112,109,9,10,103,100,32,Train/32/00032_00000_00028.png
client_2,4343,68,67,6,6,62,61,2,Train/2/00002_00051_00023.png
client_2,25698,117,101,11,9,107,93,18,Train/18/00018_00004_00018.png
client_2,25610,70,62,6,6,64,57,18,Train/18/00018_00001_00020.png
client_2,15267,97,98,8,9,89,90,10,Train/10/00010_00007_00027.png
client_2,5783,46,48,6,5,41,43,3,Train/3/00003_00024_00023.png
client_2,25712,76,71,6,7,70,65,18,Train/18/00018_00005_00002.png
client_2,9744,50,49,6,5,45,44,5,Train/5/00005_00043_00024.png
client_2,17003,38,40,6,6,33,35,10,Train/10/00010_00065_00023.png
client_2,25971,53,53,5,5,48,48,18,Train/18/00018_00013_00021.png
client_2,12459,35,36,5,6,30,31,8,Train/8/00008_00010_00009.png
client_2,25837,33,32,5,6,28,26,18,Train/18/00018_00009_00007.png
client_2,18911,43,42,6,5,38,37,12,Train/12/00012_00018_00011.png
client_2,8306,57,57,5,5,52,52,4,Train/4/00004_00061_00026.png
client_2,23619,31,33,6,5,26,28,15,Train/15/00015_00007_00009.png
client_2,25801,51,45,6,6,46,40,18,Train/18/00018_00008_00001.png
client_2,18852,34,34,5,5,29,29,12,Train/12/00012_00016_00012.png
client_2,31269,37,31,6,5,32,26,28,Train/28/00028_00015_00009.png
client_2,28330,41,37,5,6,35,31,24,Train/24/00024_00004_00010.png
client_2,22296,52,48,5,5,47,42,13,Train/13/00013_00061_00006.png
client_2,25719,92,82,8,7,84,75,18,Train/18/00018_00005_00009.png
client_2,33978,35,38,6,6,30,33,34,Train/34/00034_00006_00019.png
client_2,20011,32,31,6,5,27,26,12,Train/12/00012_00055_00001.png
client_2,19670,41,41,5,5,36,36,12,Train/12/00012_00043_00020.png
client_2,18924,81,81,7,7,74,74,12,Train/12/00012_00018_00024.png
client_2,20185,70,70,6,6,64,64,12,Train/12/00012_00060_00025.png
client_2,13198,97,97,8,8,89,88,8,Train/8/00008_00034_00028.png
client_2,113,73,71,6,6,67,65,20,Train/20/00020_00003_00023.png
client_2,33922,82,81,7,7,74,74,34,Train/34/00034_00004_00023.png
client_2,16197,59,61,6,6,54,56,10,Train/10/00010_00038_00027.png
client_2,15860,48,50,5,6,43,45,10,Train/10/00010_00027_00020.png
client_2,21266,61,100,6,8,56,92,13,Train/13/00013_00026_00026.png
client_2,26514,52,49,6,6,47,44,18,Train/18/00018_00031_00024.png
client_2,26644,45,43,5,5,40,38,18,Train/18/00018_00036_00004.png
client_2,23074,35,35,5,5,30,30,14,Train/14/00014_00015_00004.png
client_2,16904,36,36,6,5,30,30,10,Train/10/00010_00062_00014.png
client_2,15748,56,56,6,5,51,51,10,Train/10/00010_00023_00028.png
client_2,3842,35,35,6,6,30,30,2,Train/2/00002_00035_00002.png
client_2,6357,45,49,6,6,40,44,3,Train/3/00003_00043_00027.png
client_2,23002,55,54,6,5,49,48,14,Train/14/00014_00012_00022.png
client_2,23747,52,59,5,6,47,54,15,Train/15/00015_00011_00017.png
client_2,2607,83,84,7,8,76,77,1,Train/1/00001_00067_00027.png
client_2,23223,43,47,6,6,38,42,14,Train/14/00014_00020_00003.png
client_2,33916,69,68,6,6,62,62,34,Train/34/00034_00004_00017.png
client_2,8714,42,41,6,5,37,36,5,Train/5/00005_00009_00014.png
client_2,18153,34,34,6,5,29,29,11,Train/11/00011_00037_00003.png
client_2,16017,68,55,6,6,62,50,10,Train/10/00010_00032_00027.png
client_2,26759,116,109,10,9,106,100,18,Train/18/00018_00039_00029.png
client_2,23060,92,99,9,9,84,91,14,Train/14/00014_00014_00020.png
client_2,35943,41,43,5,6,35,38,37,Train/37/00037_00005_00004.png
client_2,26700,38,39,5,6,33,34,18,Train/18/00018_00038_00000.png
client_2,38499,50,50,6,5,45,45,40,Train/40/00040_00004_00010.png
client_2,20093,48,49,5,5,42,44,12,Train/12/00012_00057_00023.png
client_2,26059,45,42,6,6,39,36,18,Train/18/00018_00016_00019.png
client_2,18151,33,35,6,6,28,30,11,Train/11/00011_00037_00001.png
client_2,5125,58,62,6,6,53,56,3,Train/3/00003_00002_00025.png
client_2,20746,46,43,6,5,40,37,13,Train/13/00013_00009_00016.png
client_2,22775,54,54,6,6,49,49,14,Train/14/00014_00005_00005.png
client_2,13206,33,32,5,5,27,27,8,Train/8/00008_00035_00006.png
client_2,26044,31,29,5,6,25,23,18,Train/18/00018_00016_00004.png
client_2,34028,34,36,5,5,29,31,34,Train/34/00034_00008_00009.png
client_2,38181,54,55,5,5,49,50,39,Train/39/00039_00003_00022.png
client_2,16816,45,46,5,6,40,41,10,Train/10/00010_00059_00016.png
client_2,31346,105,95,9,9,96,87,28,Train/28/00028_00017_00026.png
client_2,15835,47,47,6,6,42,42,10,Train/10/00010_00026_00025.png
client_2,12609,36,32,6,5,31,27,8,Train/8/00008_00015_00009.png
client_2,4190,46,48,6,5,41,43,2,Train/2/00002_00046_00020.png
client_2,3069,49,47,6,5,43,41,2,Train/2/00002_00009_00009.png
client_2,17931,89,82,7,7,81,75,11,Train/11/00011_00029_00021.png
client_2,16737,53,54,6,5,48,49,10,Train/10/00010_00056_00027.png
client_2,12582,40,43,5,6,35,38,8,Train/8/00008_00014_00012.png
client_2,16399,49,52,5,6,44,47,10,Train/10/00010_00045_00019.png
client_2,19728,67,72,6,7,61,66,12,Train/12/00012_00045_00018.png
client_2,26096,75,69,7,6,69,63,18,Train/18/00018_00017_00026.png
client_2,16104,61,59,5,6,56,54,10,Train/10/00010_00035_00024.png
client_2,25563,27,27,5,6,22,22,18,Train/18/00018_00000_00003.png
client_2,16805,34,34,5,5,29,29,10,Train/10/00010_00059_00005.png
client_2,22214,37,38,5,6,32,33,13,Train/13/00013_00058_00014.png
client_2,15452,30,30,5,5,25,25,10,Train/10/00010_00014_00002.png
client_2,25790,96,83,9,8,88,75,18,Train/18/00018_00007_00020.png
client_2,16890,29,30,5,6,24,25,10,Train/10/00010_00062_00000.png
client_2,26492,36,34,5,6,31,29,18,Train/18/00018_00031_00002.png
client_2,1361,64,64,5,5,59,59,1,Train/1/00001_00026_00011.png
client_2,4711,27,27,6,6,22,22,2,Train/2/00002_00064_00001.png
client_2,28380,33,30,6,6,28,25,24,Train/24/00024_00006_00000.png
client_2,15408,42,42,6,6,37,37,10,Train/10/00010_00012_00018.png
client_2,5020,35,35,6,6,30,30,2,Train/2/00002_00074_00010.png
client_2,25584,30,29,5,6,25,24,18,Train/18/00018_00000_00024.png
client_2,26469,34,32,5,6,29,27,18,Train/18/00018_00030_00009.png
client_2,16529,68,67,7,6,62,61,10,Train/10/00010_00049_00029.png
client_2,8127,57,55,5,5,52,50,4,Train/4/00004_00055_00027.png
client_2,19744,30,33,5,6,25,28,12,Train/12/00012_00046_00004.png
client_2,26816,102,90,9,8,93,82,19,Train/19/00019_00001_00026.png
client_2,19904,39,40,5,5,34,34,12,Train/12/00012_00051_00014.png
client_2,26740,47,43,6,5,41,37,18,Train/18/00018_00039_00010.png
client_2,35623,34,35,6,6,29,30,36,Train/36/00036_00007_00014.png
client_2,26705,43,43,5,5,38,38,18,Train/18/00018_00038_00005.png
client_2,34153,36,36,6,6,31,31,34,Train/34/00034_00012_00014.png
client_2,16282,50,49,6,5,45,44,10,Train/10/00010_00041_00022.png
client_2,20270,45,47,5,5,40,42,12,Train/12/00012_00063_00020.png
client_2,16149,30,31,5,6,25,25,10,Train/10/00010_00037_00009.png
client_2,16884,61,47,6,5,55,42,10,Train/10/00010_00061_00024.png
client_2,33040,34,33,6,5,28,27,32,Train/32/00032_00006_00010.png
client_2,23453,58,117,6,10,52,106,15,Train/15/00015_00001_00023.png
client_2,15764,37,38,5,6,32,33,10,Train/10/00010_00024_00014.png
client_2,16455,35,36,6,6,30,31,10,Train/10/00010_00047_00015.png
client_2,21609,44,41,6,6,39,36,13,Train/13/00013_00038_00009.png
client_2,26369,113,104,10,9,104,95,18,Train/18/00018_00026_00029.png
client_2,16007,42,36,6,6,37,31,10,Train/10/00010_00032_00017.png
client_2,19173,35,34,6,5,30,29,12,Train/12/00012_00027_00003.png
client_2,17976,42,42,5,6,37,36,11,Train/11/00011_00031_00006.png
client_2,19095,53,52,6,5,48,47,12,Train/12/00012_00024_00015.png
client_2,31081,37,35,5,6,32,30,28,Train/28/00028_00009_00001.png
client_2,19191,57,56,6,5,52,51,12,Train/12/00012_00027_00021.png
client_2,4008,38,38,6,6,33,33,2,Train/2/00002_00040_00018.png
client_2,20166,44,45,5,6,39,40,12,Train/12/00012_00060_00006.png
client_2,38344,28,31,5,6,23,26,39,Train/39/00039_00009_00005.png
client_2,15136,37,39,6,6,32,33,10,Train/10/00010_00003_00016.png
client_2,16302,40,41,6,6,35,36,10,Train/10/00010_00042_00012.png
client_2,19171,34,35,5,6,29,30,12,Train/12/00012_00027_00001.png
client_2,1017,82,76,7,7,75,70,1,Train/1/00001_00014_00027.png
client_2,14247,70,73,7,7,64,67,9,Train/9/00009_00022_00027.png
client_2,15115,46,43,6,6,41,38,10,Train/10/00010_00002_00025.png
client_2,31103,70,61,6,5,64,56,28,Train/28/00028_00009_00023.png
client_2,21220,40,38,5,6,35,33,13,Train/13/00013_00025_00010.png
client_2,17847,154,136,13,11,141,125,11,Train/11/00011_00026_00027.png
client_2,35896,42,42,5,5,36,36,37,Train/37/00037_00003_00017.png
client_2,17534,59,55,6,5,54,50,11,Train/11/00011_00016_00014.png
client_2,16999,35,36,6,5,30,31,10,Train/10/00010_00065_00019.png
client_2,20799,43,46,6,6,38,41,13,Train/13/00013_00011_00009.png
client_2,15895,55,55,6,6,50,50,10,Train/10/00010_00028_00025.png
client_2,16110,30,25,5,5,24,20,10,Train/10/00010_00036_00000.png
client_2,3807,41,44,5,6,36,39,2,Train/2/00002_00033_00027.png
client_2,38322,39,38,6,6,34,33,39,Train/39/00039_00008_00013.png
client_2,26365,85,77,8,7,78,71,18,Train/18/00018_00026_00025.png
client_2,23806,42,46,6,5,37,40,15,Train/15/00015_00013_00016.png
client_2,15646,33,34,5,6,28,29,10,Train/10/00010_00020_00016.png
client_2,15754,30,30,5,5,25,25,10,Train/10/00010_00024_00004.png
client_2,34102,48,56,6,6,42,50,34,Train/34/00034_00010_00023.png
client_2,2169,60,61,6,5,55,56,1,Train/1/00001_00053_00009.png
client_2,38880,28,26,6,5,22,20,41,Train/41/00041_00005_00001.png
client_2,26735,42,39,5,5,36,33,18,Train/18/00018_00039_00005.png
client_2,26385,47,42,5,5,41,37,18,Train/18/00018_00027_00015.png
client_2,34138,115,118,10,10,105,108,34,Train/34/00034_00011_00029.png
client_2,16858,56,51,5,5,50,46,10,Train/10/00010_00060_00028.png
client_2,2807,53,46,6,5,48,41,2,Train/2/00002_00000_00017.png
client_2,3469,44,47,6,6,39,41,2,Train/2/00002_00022_00019.png
client_2,27322,75,65,7,5,69,59,22,Train/22/00022_00000_00022.png
client_2,20322,55,55,6,5,50,50,12,Train/12/00012_00065_00012.png
client_2,23266,52,52,5,5,47,47,14,Train/14/00014_00021_00016.png
client_2,23502,34,38,5,6,28,32,15,Train/15/00015_00003_00012.png
client_2,23489,125,136,10,12,114,125,15,Train/15/00015_00002_00029.png
client_2,15458,34,34,5,5,29,29,10,Train/10/00010_00014_00008.png
client_2,3488,32,33,5,6,27,28,2,Train/2/00002_00023_00008.png
client_2,34039,46,48,5,6,41,43,34,Train/34/00034_00008_00020.png
client_2,16265,27,27,6,5,22,21,10,Train/10/00010_00041_00005.png
client_2,31221,83,80,7,7,75,72,28,Train/28/00028_00013_00021.png
client_2,15868,108,110,9,10,99,101,10,Train/10/00010_00027_00028.png
client_2,27364,34,34,5,6,29,29,22,Train/22/00022_00002_00004.png
client_2,35828,37,37,6,6,31,31,37,Train/37/00037_00001_00009.png
client_2,35900,45,46,5,5,40,41,37,Train/37/00037_00003_00021.png
client_2,38562,50,50,5,5,45,45,40,Train/40/00040_00006_00013.png
client_2,9273,34,31,6,5,29,26,5,Train/5/00005_00028_00003.png
client_2,38282,56,57,6,5,51,52,39,Train/39/00039_00007_00003.png
client_2,20012,31,31,5,5,26,26,12,Train/12/00012_00055_00002.png
client_2,15106,39,37,6,6,34,32,10,Train/10/00010_00002_00016.png
client_2,15229,45,46,5,6,40,41,10,Train/10/00010_00006_00019.png
client_2,7793,48,50,5,6,43,45,4,Train/4/00004_00044_00023.png
client_2,16943,47,48,6,6,42,43,10,Train/10/00010_00063_00023.png
client_2,31100,64,55,6,5,59,50,28,Train/28/00028_00009_00020.png
client_2,38456,100,104,8,9,91,94,40,Train/40/00040_00002_00027.png
client_2,4309,39,40,6,6,34,35,2,Train/2/00002_00050_00019.png
client_2,15247,35,36,6,6,30,31,10,Train/10/00010_00007_00007.png
client_2,15253,41,41,5,5,36,36,10,Train/10/00010_00007_00013.png
client_2,5638,47,45,5,5,42,40,3,Train/3/00003_00019_00028.png
client_2,8425,52,54,5,6,47,49,4,Train/4/00004_00065_00025.png
client_2,12814,33,28,6,5,27,23,8,Train/8/00008_00022_00004.png
client_2,9885,40,40,5,5,35,35,5,Train/5/00005_00048_00015.png
client_2,15508,104,107,9,9,95,98,10,Train/10/00010_00015_00028.png
client_2,35973,42,43,5,5,37,38,37,Train/37/00037_00006_00004.png
client_2,15612,41,40,6,5,36,35,10,Train/10/00010_00019_00012.png
client_2,35675,29,29,6,5,24,24,36,Train/36/00036_00009_00006.png
client_2,16601,41,41,5,5,36,36,10,Train/10/00010_00052_00011.png
client_2,3377,45,48,6,6,40,43,2,Train/2/00002_00019_00017.png
client_2,15367,37,37,6,6,32,32,10,Train/10/00010_00011_00007.png
client_2,27566,86,85,7,8,79,78,22,Train/22/00022_00008_00026.png
client_2,15656,50,50,5,5,45,45,10,Train/10/00010_00020_00026.png
client_2,31897,48,44,6,5,43,39,30,Train/30/00030_00009_00007.png
client_2,23199,43,46,6,6,38,41,14,Train/14/00014_00019_00009.png
client_2,25665,60,59,5,6,55,53,18,Train/18/00018_00003_00015.png
client_2,6586,64,65,5,6,59,60,4,Train/4/00004_00004_00016.png
client_2,16799,72,73,7,7,66,67,10,Train/10/00010_00058_00029.png
client_2,26926,46,43,5,6,41,38,19,Train/19/00019_00005_00016.png
client_2,30961,40,40,6,5,35,35,28,Train/28/00028_00005_00001.png
client_2,26558,54,51,5,6,49,46,18,Train/18/00018_00033_00008.png
client_2,12702,39,41,6,5,34,36,8,Train/8/00008_00018_00012.png
client_2,18414,63,64,6,6,58,59,12,Train/12/00012_00001_00024.png
client_2,16696,39,40,5,6,34,35,10,Train/10/00010_00055_00016.png
client_2,18254,51,45,6,5,46,40,11,Train/11/00011_00040_00014.png
client_2,17034,42,41,6,5,37,36,10,Train/10/00010_00066_00024.png
client_2,23720,45,44,5,5,40,39,15,Train/15/00015_00010_00020.png
client_2,15487,32,33,6,6,27,28,10,Train/10/00010_00015_00007.png
client_2,25868,80,71,7,6,73,65,18,Train/18/00018_00010_00008.png
client_2,19632,72,72,6,6,66,66,12,Train/12/00012_00042_00012.png
client_2,15534,48,49,5,6,43,44,10,Train/10/00010_00016_00024.png
client_2,17633,49,44,6,5,44,39,11,Train/11/00011_00019_00023.png
client_2,23378,32,34,6,6,26,29,14,Train/14/00014_00025_00008.png
client_2,16576,50,51,6,6,45,46,10,Train/10/00010_00051_00016.png
client_2,23224,44,47,5,5,38,41,14,Train/14/00014_00020_00004.png
client_2,26570,88,82,8,8,81,75,18,Train/18/00018_00033_00020.png
client_2,902,29,31,5,6,24,26,1,Train/1/00001_00011_00002.png
client_2,35865,54,51,5,5,49,46,37,Train/37/00037_00002_00016.png
client_2,19520,52,53,5,6,47,48,12,Train/12/00012_00038_00020.png
client_2,54,57,49,6,6,51,44,20,Train/20/00020_00001_00024.png
client_2,24316,36,38,5,6,30,33,16,Train/16/00016_00009_00016.png
client_2,1620,26,26,6,5,21,21,1,Train/1/00001_00035_00000.png
client_2,30867,94,81,9,7,86,74,28,Train/28/00028_00001_00027.png
client_2,6764,37,36,6,5,31,31,4,Train/4/00004_00010_00014.png
client_2,21284,34,34,6,6,29,29,13,Train/13/00013_00027_00014.png
client_2,4542,30,31,5,5,25,25,2,Train/2/00002_00058_00012.png
client_2,12562,63,64,5,6,58,59,8,Train/8/00008_00013_00022.png
client_2,25617,90,82,8,8,82,74,18,Train/18/00018_00001_00027.png
client_2,15750,28,29,5,6,23,24,10,Train/10/00010_00024_00000.png
client_2,3405,37,39,5,5,31,33,2,Train/2/00002_00020_00015.png
client_2,34128,64,65,5,6,59,60,34,Train/34/00034_00011_00019.png
client_2,4036,35,36,6,6,29,30,2,Train/2/00002_00041_00016.png
client_2,316,45,41,5,5,40,35,20,Train/20/00020_00010_00016.png
client_2,26101,43,41,5,5,38,36,18,Train/18/00018_00018_00001.png
client_2,24439,62,61,6,6,56,56,16,Train/16/00016_00013_00019.png
client_2,17574,76,71,7,7,70,65,11,Train/11/00011_00017_00024.png
client_2,3611,34,34,6,6,28,28,2,Train/2/00002_00027_00011.png
client_2,17030,35,36,5,6,30,31,10,Train/10/00010_00066_00020.png
client_2,16412,27,28,5,6,22,23,10,Train/10/00010_00046_00002.png
client_2,16690,34,34,5,5,29,29,10,Train/10/00010_00055_00010.png
client_2,32973,27,29,5,6,22,24,32,Train/32/00032_00004_00003.png
client_2,23819,80,83,7,7,72,75,15,Train/15/00015_00013_00029.png
client_2,15915,36,36,6,5,31,31,10,Train/10/00010_00029_00015.png
client_2,2809,56,52,5,6,51,47,2,Train/2/00002_00000_00019.png
client_2,17218,162,143,14,12,148,131,11,Train/11/00011_00005_00028.png
client_2,16375,44,45,6,6,39,40,10,Train/10/00010_00044_00025.png
client_2,18252,46,43,5,5,41,38,11,Train/11/00011_00040_00012.png
client_2,16957,30,30,6,5,25,25,10,Train/10/00010_00064_00007.png
client_2,16392,44,44,5,5,39,39,10,Train/10/00010_00045_00012.png
client_2,19317,80,79,8,7,73,72,12,Train/12/00012_00031_00027.png
client_2,9547,30,28,5,5,25,23,5,Train/5/00005_00037_00007.png
client_2,25925,37,38,5,5,32,33,18,Train/18/00018_00012_00005.png
client_2,39107,46,46,5,6,41,41,42,Train/42/00042_00004_00018.png
client_2,20891,58,53,6,6,52,47,13,Train/13/00013_00014_00011.png
client_2,16257,64,63,6,6,59,58,10,Train/10/00010_00040_00027.png
client_2,15471,50,50,5,5,45,45,10,Train/10/00010_00014_00021.png
client_2,19749,34,35,6,5,29,30,12,Train/12/00012_00046_00009.png
client_2,35923,37,36,6,5,32,30,37,Train/37/00037_00004_00014.png
client_2,15639,33,31,6,6,28,26,10,Train/10/00010_00020_00009.png
client_2,34177,41,40,6,5,36,35,34,Train/34/00034_00013_00008.png
client_2,9136,41,40,6,5,36,35,5,Train/5/00005_00023_00016.png
client_2,26406,39,40,5,6,34,35,18,Train/18/00018_00028_00006.png
client_2,20312,42,44,6,5,37,38,12,Train/12/00012_00065_00002.png
client_2,298,59,58,6,5,54,53,20,Train/20/00020_00009_00028.png
client_2,26666,103,105,9,9,94,96,18,Train/18/00018_00036_00026.png
client_2,16913,49,48,6,5,44,43,10,Train/10/00010_00062_00023.png
client_2,9106,43,43,6,6,38,38,5,Train/5/00005_00022_00016.png
client_2,2933,50,52,5,6,45,47,2,Train/2/00002_00004_00023.png
client_2,16299,37,39,6,6,32,33,10,Train/10/00010_00042_00009.png
client_2,13900,39,40,5,6,34,35,9,Train/9/00009_00011_00010.png
client_2,23523,31,32,6,6,25,26,15,Train/15/00015_00004_00003.png
client_2,15998,31,28,5,6,26,23,10,Train/10/00010_00032_00008.png
client_2,19903,37,37,6,6,32,32,12,Train/12/00012_00051_00013.png
client_2,3392,27,27,5,5,22,22,2,Train/2/00002_00020_00002.png
client_2,16232,28,28,5,5,23,23,10,Train/10/00010_00040_00002.png
client_2,38468,45,45,6,6,40,39,40,Train/40/00040_00003_00009.png
client_2,16724,37,37,6,6,32,32,10,Train/10/00010_00056_00014.png
client_2,22974,81,82,7,8,74,74,14,Train/14/00014_00011_00024.png
client_2,21773,69,57,7,5,63,52,13,Train/13/00013_00043_00023.png
client_2,23129,115,112,10,10,105,103,14,Train/14/00014_00016_00029.png
client_2,16665,41,42,5,6,36,37,10,Train/10/00010_00054_00015.png
client_2,12203,53,52,6,6,48,47,8,Train/8/00008_00001_00023.png
client_2,2105,34,35,6,5,29,30,1,Train/1/00001_00051_00005.png
client_2,21660,32,30,6,6,27,25,13,Train/13/00013_00040_00000.png
client_2,1865,42,42,5,5,37,37,1,Train/1/00001_00043_00005.png
client_2,21426,40,37,5,6,34,32,13,Train/13/00013_00032_00006.png
client_2,16606,44,44,5,5,39,39,10,Train/10/00010_00052_00016.png
client_2,39193,34,35,5,5,29,30,42,Train/42/00042_00007_00014.png
client_2,25649,97,91,8,8,89,83,18,Train/18/00018_00002_00029.png
client_2,15795,39,41,6,6,34,36,10,Train/10/00010_00025_00015.png
client_2,35967,111,107,10,9,102,98,37,Train/37/00037_00005_00028.png
client_2,2095,62,60,6,5,57,55,1,Train/1/00001_00050_00025.png
client_2,1151,34,35,5,6,29,30,1,Train/1/00001_00019_00011.png
client_2,17042,30,28,5,6,25,23,11,Train/11/00011_00000_00002.png
client_2,15219,35,36,5,6,29,30,10,Train/10/00010_00006_00009.png
client_2,26421,61,64,6,6,56,59,18,Train/18/00018_00028_00021.png
client_2,15463,40,40,6,6,35,35,10,Train/10/00010_00014_00013.png
client_2,12816,33,31,6,6,28,25,8,Train/8/00008_00022_00006.png
client_2,18200,83,72,8,6,75,66,11,Train/11/00011_00038_00020.png
client_2,8074,38,39,5,6,33,34,4,Train/4/00004_00054_00004.png
client_2,22548,43,43,6,6,38,38,13,Train/13/00013_00069_00018.png
client_2,19759,44,45,5,6,39,40,12,Train/12/00012_00046_00019.png
client_2,22368,46,45,5,6,41,40,13,Train/13/00013_00063_00018.png
client_2,21052,76,70,7,7,70,64,13,Train/13/00013_00019_00022.png
client_2,35969,39,40,6,5,34,35,37,Train/37/00037_00006_00000.png
client_2,16700,45,45,6,6,40,40,10,Train/10/00010_00055_00020.png
client_2,19857,61,63,6,5,56,57,12,Train/12/00012_00049_00027.png
client_2,23151,58,58,6,6,52,53,14,Train/14/00014_00017_00021.png
client_2,19494,97,96,9,8,89,88,12,Train/12/00012_00037_00024.png
client_2,19208,32,32,6,6,27,27,12,Train/12/00012_00028_00008.png
client_2,2621,34,33,6,6,29,28,1,Train/1/00001_00068_00011.png
client_2,27470,51,48,6,6,46,43,22,Train/22/00022_00005_00020.png
client_2,18302,32,31,6,5,27,26,11,Train/11/00011_00042_00002.png
client_2,19956,46,42,5,6,41,36,12,Train/12/00012_00053_00006.png
client_2,18016,58,56,6,5,52,50,11,Train/11/00011_00032_00016.png
client_2,25986,38,37,6,5,33,32,18,Train/18/00018_00014_00006.png
client_2,16164,51,49,6,6,46,44,10,Train/10/00010_00037_00024.png
client_2,20248,152,152,13,13,139,139,12,Train/12/00012_00062_00028.png
client_2,2816,83,82,7,8,76,75,2,Train/2/00002_00000_00026.png
client_2,13067,35,34,6,6,30,29,8,Train/8/00008_00030_00017.png
client_2,15506,80,80,7,7,73,73,10,Train/10/00010_00015_00026.png
client_2,38542,98,93,9,9,90,85,40,Train/40/00040_00005_00023.png
client_2,19829,109,107,9,9,100,97,12,Train/12/00012_00048_00029.png
client_2,3930,45,47,5,6,40,42,2,Train/2/00002_00038_00000.png
client_2,25660,54,51,6,6,48,45,18,Train/18/00018_00003_00010.png
client_2,12309,35,36,6,6,30,31,8,Train/8/00008_00005_00009.png
client_2,17436,43,41,6,5,38,36,11,Train/11/00011_00013_00006.png
client_2,17536,62,60,6,6,57,55,11,Train/11/00011_00016_00016.png
client_2,3444,47,49,5,6,42,44,2,Train/2/00002_00021_00024.png
client_2,15560,42,42,5,5,37,37,10,Train/10/00010_00017_00020.png
client_2,26624,41,39,5,6,36,34,18,Train/18/00018_00035_00014.png
client_2,22782,56,57,5,6,50,52,14,Train/14/00014_00005_00012.png
client_2,15511,30,30,6,5,25,24,10,Train/10/00010_00016_00001.png
client_2,31174,31,29,5,5,25,23,28,Train/28/00028_00012_00004.png
client_2,27675,47,45,5,5,42,39,22,Train/22/00022_00012_00015.png
client_2,15995,32,26,6,5,26,21,10,Train/10/00010_00032_00005.png
client_2,5271,44,45,5,5,39,40,3,Train/3/00003_00007_00021.png
client_2,22954,43,42,6,5,38,37,14,Train/14/00014_00011_00004.png
client_2,22926,62,71,5,6,57,65,14,Train/14/00014_00010_00006.png
client_2,12315,38,41,5,6,33,36,8,Train/8/00008_00005_00015.png
client_2,7482,36,36,6,6,31,31,4,Train/4/00004_00034_00012.png
client_2,25870,84,74,8,7,77,68,18,Train/18/00018_00010_00010.png
client_2,17791,30,29,5,6,25,24,11,Train/11/00011_00025_00001.png
client_2,6044,36,38,5,6,31,33,3,Train/3/00003_00033_00014.png
client_2,4578,62,62,5,5,57,57,2,Train/2/00002_00059_00018.png
client_2,30004,42,39,6,5,37,34,26,Train/26/00026_00001_00004.png
client_2,29035,84,74,8,7,77,68,25,Train/25/00025_00018_00025.png
client_2,26238,85,83,8,7,77,76,18,Train/18/00018_00022_00018.png
client_2,13496,61,63,6,6,56,58,8,Train/8/00008_00044_00026.png
client_2,32914,32,31,6,6,26,26,32,Train/32/00032_00002_00004.png
client_2,17804,42,39,6,5,37,34,11,Train/11/00011_00025_00014.png
client_2,26020,45,46,5,6,40,41,18,Train/18/00018_00015_00010.png
client_2,31117,50,44,5,5,45,39,28,Train/28/00028_00010_00007.png
client_2,22676,144,144,12,13,132,132,14,Train/14/00014_00001_00026.png
client_2,22753,52,52,6,6,46,47,14,Train/14/00014_00004_00013.png
client_2,307,37,33,6,5,32,28,20,Train/20/00020_00010_00007.png
client_2,15132,36,36,6,5,30,30,10,Train/10/00010_00003_00012.png
client_2,18592,60,58,5,6,54,53,12,Train/12/00012_00007_00022.png
client_2,33917,73,71,7,6,66,65,34,Train/34/00034_00004_00018.png
client_2,26501,43,39,6,5,38,33,18,Train/18/00018_00031_00011.png
client_2,4171,33,31,6,5,27,26,2,Train/2/00002_00046_00001.png
client_2,17869,81,70,7,6,74,64,11,Train/11/00011_00027_00019.png
client_2,25938,40,42,6,6,35,37,18,Train/18/00018_00012_00018.png
client_2,26470,33,32,5,5,28,27,18,Train/18/00018_00030_00010.png
client_2,16225,58,61,5,6,53,56,10,Train/10/00010_00039_00025.png
client_2,19922,88,87,8,7,81,80,12,Train/12/00012_00052_00002.png
client_2,23582,27,29,5,5,22,24,15,Train/15/00015_00006_00002.png
client_2,4917,55,50,6,5,50,45,2,Train/2/00002_00070_00027.png
client_2,243,30,31,5,6,25,26,20,Train/20/00020_00008_00003.png
client_2,3511,30,30,5,5,25,25,2,Train/2/00002_00024_00001.png
client_2,3949,71,69,7,7,64,63,2,Train/2/00002_00038_00019.png
client_2,15495,42,41,6,5,37,36,10,Train/10/00010_00015_00015.png
client_2,16991,31,30,6,6,26,25,10,Train/10/00010_00065_00011.png
client_2,25737,152,141,13,13,139,129,18,Train/18/00018_00005_00027.png
client_2,22405,37,37,6,6,32,32,13,Train/13/00013_00064_00025.png
client_2,16981,27,27,6,6,22,22,10,Train/10/00010_00065_00001.png
client_2,17631,44,41,5,6,39,36,11,Train/11/00011_00019_00021.png
client_2,16196,55,58,6,6,50,52,10,Train/10/00010_00038_00026.png
client_2,13120,34,34,6,5,29,29,8,Train/8/00008_00032_00010.png
client_2,3705,44,38,6,6,38,33,2,Train/2/00002_00030_00015.png
client_2,25803,53,47,5,5,47,41,18,Train/18/00018_00008_00003.png
client_2,23485,74,87,7,8,67,80,15,Train/15/00015_00002_00025.png
client_2,33789,37,43,5,5,31,38,34,Train/34/00034_00000_00010.png
client_2,33861,56,51,6,5,51,46,34,Train/34/00034_00002_00022.png
client_2,15499,48,49,5,6,43,44,10,Train/10/00010_00015_00019.png
client_2,1091,41,42,5,6,35,36,1,Train/1/00001_00017_00011.png
client_2,16474,31,31,5,5,26,26,10,Train/10/00010_00048_00004.png
client_2,3683,74,72,7,6,68,66,2,Train/2/00002_00029_00023.png
client_2,16103,57,54,6,6,51,49,10,Train/10/00010_00035_00023.png
client_2,25872,86,76,7,6,79,70,18,Train/18/00018_00010_00012.png
client_2,23415,49,50,6,5,44,44,15,Train/15/00015_00000_00015.png
client_2,28217,49,43,6,5,43,38,24,Train/24/00024_00000_00017.png
client_2,18519,50,52,5,5,45,47,12,Train/12/00012_00005_00009.png
client_2,25591,45,41,5,5,39,35,18,Train/18/00018_00001_00001.png
client_2,17372,42,40,5,6,36,34,11,Train/11/00011_00011_00002.png
client_2,851,36,36,5,6,30,30,1,Train/1/00001_00009_00011.png
client_2,16277,38,38,5,6,33,33,10,Train/10/00010_00041_00017.png
client_2,16487,40,40,6,6,35,35,10,Train/10/00010_00048_00017.png
client_2,16924,29,30,6,6,24,25,10,Train/10/00010_00063_00004.png
client_2,24211,74,73,7,6,68,67,16,Train/16/00016_00006_00001.png
client_2,19894,35,34,6,5,30,29,12,Train/12/00012_00051_00004.png
client_2,16119,32,28,6,6,26,23,10,Train/10/00010_00036_00009.png
client_2,16593,35,34,6,5,30,29,10,Train/10/00010_00052_00003.png
client_2,547,41,42,6,6,35,37,0,Train/0/00000_00006_00007.png
client_2,17751,59,53,6,6,54,48,11,Train/11/00011_00023_00021.png
client_2,3529,45,45,6,6,40,40,2,Train/2/00002_00024_00019.png
client_2,19169,124,125,10,11,114,115,12,Train/12/00012_00026_00029.png
client_2,15533,47,46,6,5,42,41,10,Train/10/00010_00016_00023.png
client_2,18515,48,46,6,5,43,41,12,Train/12/00012_00005_00005.png
client_2,23450,47,99,6,8,42,91,15,Train/15/00015_00001_00020.png
client_2,13447,31,29,6,5,26,24,8,Train/8/00008_00043_00007.png
client_2,1400,51,51,6,5,46,46,1,Train/1/00001_00027_00020.png
client_2,4906,38,37,5,5,33,32,2,Train/2/00002_00070_00016.png
client_2,21886,81,70,7,6,74,64,13,Train/13/00013_00047_00016.png
client_2,16670,49,49,6,6,44,44,10,Train/10/00010_00054_00020.png
client_2,6571,45,43,6,5,39,38,4,Train/4/00004_00004_00001.png
client_2,18214,30,31,5,6,25,26,11,Train/11/00011_00039_00004.png
client_2,31300,41,42,5,5,36,37,28,Train/28/00028_00016_00010.png
client_2,22341,72,65,6,6,66,60,13,Train/13/00013_00062_00021.png
client_2,20260,34,36,5,6,29,31,12,Train/12/00012_00063_00010.png
client_2,4037,35,36,6,6,30,31,2,Train/2/00002_00041_00017.png
client_2,33780,26,31,5,5,21,26,34,Train/34/00034_00000_00001.png
client_2,15873,29,30,5,6,24,25,10,Train/10/00010_00028_00003.png
client_2,16948,63,64,5,6,58,59,10,Train/10/00010_00063_00028.png
client_2,20135,31,31,6,6,26,26,12,Train/12/00012_00059_00005.png
client_2,26688,55,54,6,5,50,49,18,Train/18/00018_00037_00018.png
client_2,25656,50,46,5,5,45,41,18,Train/18/00018_00003_00006.png
client_2,34240,32,31,5,5,27,26,35,Train/35/00035_00001_00011.png
client_2,25794,117,100,11,8,106,92,18,Train/18/00018_00007_00024.png
client_2,19987,35,36,5,5,30,31,12,Train/12/00012_00054_00007.png
client_2,13240,39,39,5,5,34,34,8,Train/8/00008_00036_00010.png
client_2,23135,29,30,5,5,24,24,14,Train/14/00014_00017_00005.png
client_2,26791,31,29,6,5,26,24,19,Train/19/00019_00001_00001.png
client_2,12966,30,28,6,5,25,23,8,Train/8/00008_00027_00006.png
client_2,15939,30,30,5,5,25,25,10,Train/10/00010_00030_00009.png
client_2,17498,32,31,6,5,26,25,11,Train/11/00011_00015_00008.png
client_2,22897,33,34,6,6,28,29,14,Train/14/00014_00009_00007.png
client_2,15591,54,54,5,5,49,49,10,Train/10/00010_00018_00021.png
client_2,16091,35,32,6,5,30,27,10,Train/10/00010_00035_00011.png
client_2,18125,52,51,6,5,46,45,11,Train/11/00011_00036_00005.png
client_2,15326,56,57,5,6,51,52,10,Train/10/00010_00009_00026.png
client_2,23542,51,52,5,5,46,47,15,Train/15/00015_00004_00022.png
client_2,16588,110,109,10,9,101,100,10,Train/10/00010_00051_00028.png
client_2,15944,34,34,5,5,29,29,10,Train/10/00010_00030_00014.png
client_2,26728,110,104,10,10,101,95,18,Train/18/00018_00038_00028.png
client_2,2957,43,42,6,5,38,37,2,Train/2/00002_00005_00017.png
client_2,18561,72,70,6,6,65,63,12,Train/12/00012_00006_00021.png
client_2,26424,71,76,7,6,65,70,18,Train/18/00018_00028_00024.png
client_2,23520,29,31,5,6,24,26,15,Train/15/00015_00004_00000.png
client_2,25602,54,51,5,5,49,46,18,Train/18/00018_00001_00012.png
client_2,15464,40,39,6,5,35,34,10,Train/10/00010_00014_00014.png
client_2,3445,49,50,5,5,44,45,2,Train/2/00002_00021_00025.png
client_2,19414,35,37,5,6,30,32,12,Train/12/00012_00035_00004.png
client_2,32946,27,28,5,5,22,22,32,Train/32/00032_00003_00006.png
client_2,4861,26,27,5,5,21,22,2,Train/2/00002_00069_00001.png
client_2,27321,70,62,6,5,64,56,22,Train/22/00022_00000_00021.png
client_2,16269,32,31,6,5,27,26,10,Train/10/00010_00041_00009.png
client_2,20148,44,43,6,5,39,38,12,Train/12/00012_00059_00018.png
client_2,22855,121,118,10,11,111,108,14,Train/14/00014_00007_00025.png
client_2,15275,33,33,6,6,28,28,10,Train/10/00010_00008_00005.png
client_2,20761,30,32,5,6,25,27,13,Train/13/00013_00010_00001.png
client_2,15038,39,39,5,5,34,34,10,Train/10/00010_00000_00008.png
client_2,5616,34,36,5,6,29,31,3,Train/3/00003_00019_00006.png
client_2,17548,140,131,12,12,128,120,11,Train/11/00011_00016_00028.png
client_2,17817,105,86,10,8,96,79,11,Train/11/00011_00025_00027.png
client_2,20259,34,35,6,6,29,30,12,Train/12/00012_00063_00009.png
client_2,15681,58,59,5,6,53,54,10,Train/10/00010_00021_00021.png
client_2,26201,35,33,6,6,30,28,18,Train/18/00018_00021_00011.png
client_2,12543,33,33,5,5,28,28,8,Train/8/00008_00013_00003.png
client_2,12888,46,46,5,5,41,41,8,Train/8/00008_00024_00018.png
client_2,4453,37,37,5,5,31,31,2,Train/2/00002_00055_00013.png
client_2,33048,40,41,5,6,35,36,32,Train/32/00032_00006_00018.png
client_2,717,55,55,6,6,50,50,1,Train/1/00001_00004_00027.png
client_2,3000,35,33,6,5,30,28,2,Train/2/00002_00007_00000.png
client_2,3708,45,40,5,5,39,34,2,Train/2/00002_00030_00018.png
client_2,27677,52,48,6,5,47,43,22,Train/22/00022_00012_00017.png
client_2,16804,34,34,5,5,29,29,10,Train/10/00010_00059_00004.png
client_2,2415,41,42,5,5,36,37,1,Train/1/00001_00061_00015.png
client_2,20732,32,29,5,5,27,24,13,Train/13/00013_00009_00002.png
client_2,24426,52,51,6,6,46,46,16,Train/16/00016_00013_00006.png
client_2,17249,83,80,7,8,76,73,11,Train/11/00011_00006_00029.png
client_2,20221,39,38,6,5,34,33,12,Train/12/00012_00062_00001.png
client_2,13288,54,54,6,6,49,49,8,Train/8/00008_00037_00028.png
client_2,18012,50,49,6,6,45,44,11,Train/11/00011_00032_00012.png
client_2,19319,91,91,8,8,83,83,12,Train/12/00012_00031_00029.png
client_2,3513,31,31,6,5,26,26,2,Train/2/00002_00024_00003.png
client_2,16792,49,50,5,6,44,45,10,Train/10/00010_00058_00022.png
client_2,7090,34,35,5,5,29,30,4,Train/4/00004_00021_00010.png
client_2,15902,30,30,6,6,25,25,10,Train/10/00010_00029_00002.png
client_2,15893,48,47,6,5,43,42,10,Train/10/00010_00028_00023.png
client_2,12417,56,56,5,5,51,51,8,Train/8/00008_00008_00027.png
client_2,15922,42,42,5,5,37,37,10,Train/10/00010_00029_00022.png
client_2,25778,65,58,6,5,59,52,18,Train/18/00018_00007_00008.png
client_2,25774,59,53,5,6,53,48,18,Train/18/00018_00007_00004.png
client_2,16594,35,36,5,6,30,31,10,Train/10/00010_00052_00004.png
client_2,38281,54,57,5,6,49,52,39,Train/39/00039_00007_00002.png
client_2,39110,52,52,5,6,47,47,42,Train/42/00042_00004_00021.png
client_2,15461,37,37,5,5,32,32,10,Train/10/00010_00014_00011.png
client_2,19000,43,45,5,5,38,40,12,Train/12/00012_00021_00010.png
client_2,16385,39,38,6,5,34,33,10,Train/10/00010_00045_00005.png
client_2,12809,73,71,6,7,67,65,8,Train/8/00008_00021_00029.png
client_2,26053,38,34,6,5,33,29,18,Train/18/00018_00016_00013.png
client_2,22410,37,32,6,5,32,27,13,Train/13/00013_00065_00000.png
client_2,12662,31,29,5,6,26,24,8,Train/8/00008_00017_00002.png
client_2,10467,52,55,6,6,47,50,6,Train/6/00006_00005_00027.png
client_2,16335,35,36,6,5,30,31,10,Train/10/00010_00043_00015.png
client_2,15856,42,46,5,5,37,41,10,Train/10/00010_00027_00016.png
client_2,19184,48,47,6,5,43,42,12,Train/12/00012_00027_00014.png
client_2,16288,81,83,7,8,74,76,10,Train/10/00010_00041_00028.png
client_2,19550,61,61,6,6,56,56,12,Train/12/00012_00039_00020.png
client_2,17895,29,44,6,6,24,39,11,Train/11/00011_00028_00015.png
client_2,15627,93,92,8,9,85,84,10,Train/10/00010_00019_00027.png
client_2,2763,48,47,6,6,43,42,1,Train/1/00001_00073_00003.png
client_2,16878,45,39,5,6,40,34,10,Train/10/00010_00061_00018.png
client_2,16329,31,30,6,5,26,25,10,Train/10/00010_00043_00009.png
client_2,21971,32,35,5,6,27,30,13,Train/13/00013_00050_00011.png
client_2,33072,32,33,5,5,27,28,32,Train/32/00032_00007_00012.png
client_2,25882,111,100,9,8,102,91,18,Train/18/00018_00010_00022.png
client_2,15444,72,75,7,7,66,69,10,Train/10/00010_00013_00024.png
client_2,16633,48,49,5,5,43,44,10,Train/10/00010_00053_00013.png
client_2,15160,31,31,5,5,26,26,10,Train/10/00010_00004_00010.png
client_2,23037,157,157,14,13,144,144,14,Train/14/00014_00013_00027.png
client_2,12758,40,41,5,6,35,36,8,Train/8/00008_00020_00008.png
client_2,3158,50,48,6,5,45,43,2,Train/2/00002_00012_00008.png
client_2,17912,50,46,5,6,45,41,11,Train/11/00011_00029_00002.png
client_2,6284,71,72,6,7,65,66,3,Train/3/00003_00041_00014.png
client_2,15421,35,35,5,5,30,30,10,Train/10/00010_00013_00001.png
client_2,83,63,59,6,5,58,54,20,Train/20/00020_00002_00023.png
client_2,20348,41,46,5,5,36,41,12,Train/12/00012_00066_00008.png
client_2,17119,129,117,12,11,118,107,11,Train/11/00011_00002_00019.png
client_2,22093,89,85,8,8,81,77,13,Train/13/00013_00054_00013.png
client_2,3782,27,28,5,5,22,23,2,Train/2/00002_00033_00002.png
client_2,8939,120,119,11,10,110,109,5,Train/5/00005_00016_00029.png
client_2,17483,74,69,7,7,68,63,11,Train/11/00011_00014_00023.png
client_2,16340,43,42,6,5,38,37,10,Train/10/00010_00043_00020.png
client_2,17570,54,51,5,6,49,46,11,Train/11/00011_00017_00020.png
client_2,3083,92,87,8,8,84,79,2,Train/2/00002_00009_00023.png
client_2,20918,71,68,6,6,65,62,13,Train/13/00013_00015_00008.png
client_2,13154,33,33,6,6,28,28,8,Train/8/00008_00033_00014.png
client_2,15932,28,29,5,6,23,24,10,Train/10/00010_00030_00002.png
client_2,2808,54,48,6,6,49,43,2,Train/2/00002_00000_00018.png
client_2,17883,28,43,6,5,23,38,11,Train/11/00011_00028_00003.png
client_2,16629,44,43,6,5,39,38,10,Train/10/00010_00053_00009.png
client_2,28346,109,105,9,10,100,95,24,Train/24/00024_00004_00026.png
client_2,23272,76,81,6,7,70,74,14,Train/14/00014_00021_00022.png
client_2,16026,27,27,6,6,21,22,10,Train/10/00010_00033_00006.png
client_2,37526,47,51,5,6,42,46,38,Train/38/00038_00050_00027.png
client_2,3399,32,32,6,5,27,27,2,Train/2/00002_00020_00009.png
client_2,8932,56,57,5,6,51,52,5,Train/5/00005_00016_00022.png
client_2,12511,33,34,6,6,28,29,8,Train/8/00008_00012_00001.png
client_2,17616,33,28,5,5,28,23,11,Train/11/00011_00019_00006.png
client_2,16228,72,75,7,7,66,69,10,Train/10/00010_00039_00028.png
client_2,25705,152,135,13,11,139,124,18,Train/18/00018_00004_00025.png
client_2,33899,50,49,6,5,45,44,34,Train/34/00034_00004_00000.png
client_2,12265,54,56,5,6,49,51,8,Train/8/00008_00003_00025.png
client_2,19475,45,45,5,5,40,40,12,Train/12/00012_00037_00005.png
client_2,2422,50,52,6,6,45,47,1,Train/1/00001_00061_00022.png
client_2,3709,47,41,6,6,41,35,2,Train/2/00002_00030_00019.png
client_2,15207,58,57,6,5,53,52,10,Train/10/00010_00005_00027.png
client_2,33860,52,49,5,5,47,44,34,Train/34/00034_00002_00021.png
client_2,30112,74,68,6,7,68,62,26,Train/26/00026_00004_00022.png
client_2,8061,70,64,6,6,64,59,4,Train/4/00004_00053_00021.png
client_2,23130,25,26,5,5,20,21,14,Train/14/00014_00017_00000.png
client_2,185,30,28,6,6,25,23,20,Train/20/00020_00006_00005.png
client_2,16436,59,58,6,6,54,53,10,Train/10/00010_00046_00026.png
client_2,26141,48,49,5,6,43,44,18,Train/18/00018_00019_00011.png
client_2,17656,53,51,5,6,48,45,11,Train/11/00011_00020_00016.png
client_2,16618,82,80,8,7,75,73,10,Train/10/00010_00052_00028.png
client_2,34080,30,34,5,6,24,29,34,Train/34/00034_00010_00001.png
client_2,21600,39,36,6,5,34,31,13,Train/13/00013_00038_00000.png
client_2,32931,52,49,6,5,47,44,32,Train/32/00032_00002_00021.png
client_2,35448,47,47,5,6,41,42,36,Train/36/00036_00001_00019.png
client_2,9756,36,38,6,5,31,33,5,Train/5/00005_00044_00006.png
client_2,15284,39,39,6,6,34,34,10,Train/10/00010_00008_00014.png
client_2,39162,36,37,5,6,31,32,42,Train/42/00042_00006_00013.png
client_2,7009,54,56,6,5,48,51,4,Train/4/00004_00018_00019.png
client_2,23746,51,58,6,5,46,53,15,Train/15/00015_00011_00016.png
client_2,15272,31,32,5,6,25,26,10,Train/10/00010_00008_00002.png
client_2,22960,47,46,6,5,42,41,14,Train/14/00014_00011_00010.png
client_2,17033,40,39,6,6,34,34,10,Train/10/00010_00066_00023.png
client_2,2355,50,50,6,6,45,45,1,Train/1/00001_00059_00015.png
client_2,22630,59,58,6,5,54,53,14,Train/14/00014_00000_00010.png
client_2,31905,64,57,6,5,59,52,30,Train/30/00030_00009_00015.png
client_2,18395,33,31,6,6,28,26,12,Train/12/00012_00001_00005.png
client_2,15374,44,44,6,6,39,39,10,Train/10/00010_00011_00014.png
client_2,4140,27,26,6,6,22,21,2,Train/2/00002_00045_00000.png
client_2,17275,80,70,7,6,72,64,11,Train/11/00011_00007_00025.png
client_2,10643,51,51,5,5,46,46,6,Train/6/00006_00011_00023.png
client_2,15285,40,41,5,6,35,36,10,Train/10/00010_00008_00015.png
client_2,17359,81,72,7,6,74,66,11,Train/11/00011_00010_00019.png
client_2,26217,105,93,10,8,95,84,18,Train/18/00018_00021_00027.png
client_2,3637,34,37,5,6,29,32,2,Train/2/00002_00028_00007.png
client_2,26323,49,46,6,6,44,41,18,Train/18/00018_00025_00013.png
client_2,25973,72,72,7,7,66,66,18,Train/18/00018_00013_00023.png
client_2,33887,72,79,6,7,66,72,34,Train/34/00034_00003_00018.png
client_2,3046,38,39,5,6,32,34,2,Train/2/00002_00008_00016.png
client_2,23379,30,34,5,6,25,29,14,Train/14/00014_00025_00009.png
client_2,26542,85,85,7,7,78,78,18,Train/18/00018_00032_00022.png
client_2,16459,41,40,6,5,36,35,10,Train/10/00010_00047_00019.png
client_2,15386,81,82,7,8,74,75,10,Train/10/00010_00011_00026.png
client_2,18331,34,36,5,5,29,31,11,Train/11/00011_00043_00001.png
client_2,5302,57,58,5,5,52,53,3,Train/3/00003_00008_00022.png
client_2,19135,74,76,7,7,68,70,12,Train/12/00012_00025_00025.png
client_2,5457,74,80,7,8,68,73,3,Train/3/00003_00013_00027.png
client_2,18029,176,163,15,14,160,149,11,Train/11/00011_00032_00029.png
client_2,16186,38,38,6,5,33,33,10,Train/10/00010_00038_00016.png
client_2,27646,48,45,6,5,43,40,22,Train/22/00022_00011_00016.png
client_2,15618,51,53,5,6,46,48,10,Train/10/00010_00019_00018.png
client_2,32976,28,32,5,6,23,26,32,Train/32/00032_00004_00006.png
client_2,30952,57,53,6,6,52,48,28,Train/28/00028_00004_00022.png
client_2,26037,110,104,9,9,101,95,18,Train/18/00018_00015_00027.png
client_2,16786,42,41,6,5,37,36,10,Train/10/00010_00058_00016.png
client_2,33998,32,32,6,6,27,27,34,Train/34/00034_00007_00009.png
client_2,19200,28,27,6,5,23,22,12,Train/12/00012_00028_00000.png
client_2,26218,120,107,10,10,109,98,18,Train/18/00018_00021_00028.png
client_2,136,41,41,6,6,36,36,20,Train/20/00020_00004_00016.png
client_2,27343,40,37,6,6,35,32,22,Train/22/00022_00001_00013.png
client_2,38079,92,95,8,9,84,87,39,Train/39/00039_00000_00010.png
client_2,6841,28,28,6,5,23,23,4,Train/4/00004_00013_00001.png
client_2,23366,57,57,6,6,52,52,14,Train/14/00014_00024_00026.png
client_2,16914,50,52,5,6,45,47,10,Train/10/00010_00062_00024.png
client_2,18461,44,43,5,5,39,38,12,Train/12/00012_00003_00011.png
client_2,18652,55,57,5,5,50,52,12,Train/12/00012_00009_00022.png
client_2,22517,88,70,8,6,81,64,13,Train/13/00013_00068_00017.png
client_2,15212,30,31,6,6,25,25,10,Train/10/00010_00006_00002.png
client_2,5254,28,29,5,6,23,24,3,Train/3/00003_00007_00004.png
client_2,3774,54,52,5,6,49,47,2,Train/2/00002_00032_00024.png
client_2,16683,31,31,6,6,26,26,10,Train/10/00010_00055_00003.png
client_2,38300,81,86,7,8,73,78,39,Train/39/00039_00007_00021.png
client_2,17814,72,65,7,6,66,60,11,Train/11/00011_00025_00024.png
client_2,27351,53,45,6,5,48,40,22,Train/22/00022_00001_00021.png
client_2,35928,41,42,6,6,36,37,37,Train/37/00037_00004_00019.png
client_2,25957,44,43,6,5,39,38,18,Train/18/00018_00013_00007.png
client_2,22810,40,40,6,6,35,34,14,Train/14/00014_00006_00010.png
client_2,32862,33,34,5,6,28,29,32,Train/32/00032_00000_00012.png
client_2,25885,122,111,11,9,112,102,18,Train/18/00018_00010_00025.png
client_2,26431,32,31,5,5,27,26,18,Train/18/00018_00029_00001.png
client_2,27541,28,26,6,5,23,21,22,Train/22/00022_00008_00001.png
client_2,1578,44,43,6,6,38,38,1,Train/1/00001_00033_00018.png
client_2,33958,62,69,6,6,56,63,34,Train/34/00034_00005_00029.png
client_2,9822,40,39,6,5,35,34,5,Train/5/00005_00046_00012.png
client_2,3060,37,38,5,6,32,32,2,Train/2/00002_00009_00000.png
client_2,12389,65,64,6,5,60,59,8,Train/8/00008_00007_00029.png
client_2,32854,27,27,5,5,22,22,32,Train/32/00032_00000_00004.png
client_2,31915,120,105,10,10,110,96,30,Train/30/00030_00009_00025.png
client_2,38664,71,71,6,6,65,64,40,Train/40/00040_00009_00025.png
client_2,31739,168,148,15,13,154,136,30,Train/30/00030_00003_00029.png
client_2,15094,33,32,5,5,27,26,10,Train/10/00010_00002_00004.png
client_2,19134,71,71,7,6,65,65,12,Train/12/00012_00025_00024.png
client_2,17740,39,37,5,6,34,32,11,Train/11/00011_00023_00010.png
client_2,26577,157,144,14,13,144,132,18,Train/18/00018_00033_00027.png
client_2,27455,36,32,6,5,31,27,22,Train/22/00022_00005_00005.png
client_2,26597,50,46,6,6,45,40,18,Train/18/00018_00034_00017.png
client_2,12762,47,46,6,5,42,41,8,Train/8/00008_00020_00012.png
client_2,4127,45,45,6,5,40,39,2,Train/2/00002_00044_00017.png
client_2,17219,201,175,18,15,184,160,11,Train/11/00011_00005_00029.png
client_2,12426,34,33,6,5,29,28,8,Train/8/00008_00009_00006.png
client_2,16691,35,35,5,5,30,30,10,Train/10/00010_00055_00011.png
client_2,19860,30,31,5,6,25,26,12,Train/12/00012_00050_00000.png
client_2,23100,58,58,6,6,53,53,14,Train/14/00014_00016_00000.png
client_2,16972,42,42,6,5,37,37,10,Train/10/00010_00064_00022.png
client_2,17882,28,44,6,6,23,39,11,Train/11/00011_00028_00002.png
client_2,31755,58,52,6,5,53,47,30,Train/30/00030_00004_00015.png
client_2,15834,44,45,5,6,39,40,10,Train/10/00010_00026_00024.png
client_2,23804,39,43,5,5,34,37,15,Train/15/00015_00013_00014.png
client_2,4541,29,30,5,6,24,25,2,Train/2/00002_00058_00011.png
client_2,3962,27,27,5,5,22,22,2,Train/2/00002_00039_00002.png
client_2,17707,54,53,5,6,49,48,11,Train/11/00011_00022_00007.png
client_2,3865,64,64,6,6,59,59,2,Train/2/00002_00035_00025.png
client_2,2336,94,87,9,8,85,80,1,Train/1/00001_00058_00026.png
client_2,2707,41,40,6,5,36,35,1,Train/1/00001_00071_00007.png
client_2,20471,38,37,6,6,32,31,13,Train/13/00013_00000_00011.png
client_2,5062,49,51,5,5,44,46,3,Train/3/00003_00000_00022.png
client_2,15761,35,36,6,6,30,31,10,Train/10/00010_00024_00011.png
client_2,21926,94,88,8,7,86,80,13,Train/13/00013_00048_00026.png
client_2,2728,95,95,8,8,87,87,1,Train/1/00001_00071_00028.png
client_2,25560,26,26,6,6,21,21,18,Train/18/00018_00000_00000.png
client_2,79,55,52,6,5,50,47,20,Train/20/00020_00002_00019.png
client_2,12345,36,37,5,6,31,32,8,Train/8/00008_00006_00015.png
client_2,34016,64,64,5,5,59,59,34,Train/34/00034_00007_00027.png
client_2,19532,36,36,6,6,31,31,12,Train/12/00012_00039_00002.png
client_2,23009,65,63,6,5,60,58,14,Train/14/00014_00012_00029.png
client_2,31070,99,90,8,8,91,82,28,Train/28/00028_00008_00020.png
client_2,20195,38,43,5,6,33,38,12,Train/12/00012_00061_00005.png
client_2,3580,37,39,6,6,32,34,2,Train/2/00002_00026_00010.png
client_2,4590,48,49,4,5,43,44,2,Train/2/00002_00060_00000.png
client_2,22686,36,36,5,5,31,31,14,Train/14/00014_00002_00006.png
client_2,23385,41,40,6,5,35,34,14,Train/14/00014_00025_00015.png
client_2,16431,44,45,5,6,39,39,10,Train/10/00010_00046_00021.png
client_2,21656,74,63,7,6,68,58,13,Train/13/00013_00039_00026.png
client_2,20421,44,42,5,5,39,37,12,Train/12/00012_00068_00021.png
client_2,26019,45,45,5,5,40,40,18,Train/18/00018_00015_00009.png
client_2,2525,29,32,5,5,24,27,1,Train/1/00001_00065_00005.png
client_2,19709,152,152,14,14,139,139,12,Train/12/00012_00044_00029.png
client_2,17351,62,55,6,5,57,50,11,Train/11/00011_00010_00011.png
client_2,22008,51,47,6,6,45,42,13,Train/13/00013_00051_00018.png
client_2,18192,60,56,5,6,55,51,11,Train/11/00011_00038_00012.png
client_2,15085,75,61,6,5,69,56,10,Train/10/00010_00001_00025.png
client_2,18145,93,89,8,7,85,81,11,Train/11/00011_00036_00025.png
client_2,21750,37,35,5,5,32,30,13,Train/13/00013_00043_00000.png
client_2,232,48,45,6,5,43,40,20,Train/20/00020_00007_00022.png
client_2,12526,47,46,6,5,42,41,8,Train/8/00008_00012_00016.png
client_2,39132,32,33,5,5,27,27,42,Train/42/00042_00005_00013.png
client_2,22394,31,31,6,6,26,26,13,Train/13/00013_00064_00014.png
client_2,18064,38,37,5,5,33,32,11,Train/11/00011_00034_00004.png
client_2,15059,59,63,6,6,54,58,10,Train/10/00010_00000_00029.png
client_2,12862,48,49,5,6,43,44,8,Train/8/00008_00023_00022.png
client_2,15093,32,32,5,6,27,27,10,Train/10/00010_00002_00003.png
client_2,16068,43,41,5,6,37,35,10,Train/10/00010_00034_00018.png
client_2,17424,110,99,10,8,100,91,11,Train/11/00011_00012_00024.png
client_2,16050,27,25,6,5,22,20,10,Train/10/00010_00034_00000.png
client_2,153,30,29,5,6,25,24,20,Train/20/00020_00005_00003.png
client_2,9811,30,30,6,6,25,25,5,Train/5/00005_00046_00001.png
client_2,23967,119,142,11,13,109,130,15,Train/15/00015_00018_00027.png
client_2,26484,80,74,8,7,73,68,18,Train/18/00018_00030_00024.png
client_2,16199,63,68,5,6,58,62,10,Train/10/00010_00038_00029.png
client_2,21615,56,51,5,5,51,46,13,Train/13/00013_00038_00015.png
client_2,3421,29,29,6,6,24,24,2,Train/2/00002_00021_00001.png
client_2,16427,38,37,6,5,33,32,10,Train/10/00010_00046_00017.png
client_2,15954,44,45,5,6,39,40,10,Train/10/00010_00030_00024.png
client_2,15304,32,33,5,6,27,28,10,Train/10/00010_00009_00004.png
client_2,15069,34,33,5,6,29,28,10,Train/10/00010_00001_00009.png
client_2,12516,36,36,5,5,31,31,8,Train/8/00008_00012_00006.png
client_2,28938,68,63,7,6,62,57,25,Train/25/00025_00015_00018.png
client_2,19218,42,42,6,6,37,37,12,Train/12/00012_00028_00018.png
client_2,20079,45,47,6,5,40,41,12,Train/12/00012_00057_00009.png
client_2,19053,32,32,5,5,27,27,12,Train/12/00012_00023_00003.png
client_2,26401,37,36,6,5,32,31,18,Train/18/00018_00028_00001.png
client_2,12883,40,40,5,5,35,35,8,Train/8/00008_00024_00013.png
client_2,8466,29,29,6,5,23,23,5,Train/5/00005_00001_00006.png
client_2,18915,48,49,5,6,43,44,12,Train/12/00012_00018_00015.png
client_2,26004,82,79,8,7,75,72,18,Train/18/00018_00014_00024.png
client_2,18442,73,77,6,7,67,70,12,Train/12/00012_00002_00022.png
client_2,25980,35,35,6,6,30,30,18,Train/18/00018_00014_00000.png
client_2,30959,85,76,7,6,78,70,28,Train/28/00028_00004_00029.png
client_2,16036,35,36,5,6,30,30,10,Train/10/00010_00033_00016.png
client_2,17387,64,59,6,6,59,54,11,Train/11/00011_00011_00017.png
client_2,22820,60,59,6,5,54,54,14,Train/14/00014_00006_00020.png
client_2,178,68,60,7,5,62,55,20,Train/20/00020_00005_00028.png
client_2,16343,46,48,6,6,41,43,10,Train/10/00010_00043_00023.png
client_2,33054,52,54,6,6,47,49,32,Train/32/00032_00006_00024.png
client_2,25695,104,92,10,8,95,83,18,Train/18/00018_00004_00015.png
client_2,23220,38,41,5,6,33,36,14,Train/14/00014_00020_00000.png
client_2,23517,49,50,6,5,44,45,15,Train/15/00015_00003_00027.png
client_2,16872,39,33,5,5,33,27,10,Train/10/00010_00061_00012.png
client_2,9914,37,39,6,6,32,34,5,Train/5/00005_00049_00014.png
client_2,18907,36,37,5,6,31,32,12,Train/12/00012_00018_00007.png
client_2,15145,45,47,5,6,40,42,10,Train/10/00010_00003_00025.png
client_2,18752,27,27,5,6,21,22,12,Train/12/00012_00013_00002.png
client_2,26366,90,82,8,8,82,75,18,Train/18/00018_00026_00026.png
client_2,15319,44,43,6,5,39,38,10,Train/10/00010_00009_00019.png
client_2,16449,31,33,5,6,26,27,10,Train/10/00010_00047_00009.png
client_2,20206,47,49,5,5,42,44,12,Train/12/00012_00061_00016.png
client_2,31887,83,75,7,7,76,69,30,Train/30/00030_00008_00027.png
client_2,25929,37,38,5,5,32,33,18,Train/18/00018_00012_00009.png
client_2,22899,35,37,5,5,30,32,14,Train/14/00014_00009_00009.png
client_2,2893,55,54,6,5,50,49,2,Train/2/00002_00003_00013.png
client_2,17747,49,46,5,6,44,41,11,Train/11/00011_00023_00017.png
client_2,32026,42,37,6,5,37,32,30,Train/30/00030_00013_00016.png
client_2,23028,93,91,9,8,85,83,14,Train/14/00014_00013_00018.png
client_2,31608,68,61,6,6,62,56,29,Train/29/00029_00008_00018.png
client_2,27377,54,52,5,5,49,47,22,Train/22/00022_00002_00017.png
client_2,33847,32,30,5,5,26,25,34,Train/34/00034_00002_00008.png
client_2,4810,39,38,6,5,33,32,2,Train/2/00002_00067_00010.png
client_2,16418,31,31,6,6,25,25,10,Train/10/00010_00046_00008.png
client_2,12237,81,72,8,7,74,66,8,Train/8/00008_00002_00027.png
client_2,4299,30,30,6,6,25,25,2,Train/2/00002_00050_00009.png
client_2,5734,29,30,5,6,24,25,3,Train/3/00003_00023_00004.png
client_2,155,32,29,6,5,27,24,20,Train/20/00020_00005_00005.png
client_2,13078,48,47,5,5,43,42,8,Train/8/00008_00030_00028.png
client_2,15952,43,43,6,6,38,38,10,Train/10/00010_00030_00022.png
client_2,23237,74,81,7,8,68,73,14,Train/14/00014_00020_00017.png
client_2,20623,38,37,5,6,33,32,13,Train/13/00013_00005_00013.png
client_2,18721,33,34,5,6,28,29,12,Train/12/00012_00012_00001.png
client_2,20926,92,85,9,7,84,78,13,Train/13/00013_00015_00016.png
client_2,25967,49,49,6,6,44,44,18,Train/18/00018_00013_00017.png
client_2,3512,30,30,5,5,25,25,2,Train/2/00002_00024_00002.png
client_2,18106,69,70,7,7,63,64,11,Train/11/00011_00035_00016.png
client_2,19706,93,93,9,9,85,85,12,Train/12/00012_00044_00026.png
client_2,17567,45,43,5,5,40,38,11,Train/11/00011_00017_00017.png
client_2,15673,45,44,6,5,40,39,10,Train/10/00010_00021_00013.png
client_2,16551,44,44,6,6,39,39,10,Train/10/00010_00050_00021.png
client_2,3869,88,87,8,7,81,80,2,Train/2/00002_00035_00029.png
client_2,18301,32,32,6,6,27,27,11,Train/11/00011_00042_00001.png
client_2,38316,35,34,6,5,30,29,39,Train/39/00039_00008_00007.png
client_2,34115,29,28,6,5,24,23,34,Train/34/00034_00011_00006.png
client_2,12156,40,39,6,6,35,34,8,Train/8/00008_00000_00006.png
client_2,16641,71,73,7,7,65,67,10,Train/10/00010_00053_00021.png
client_2,4390,36,34,5,5,31,29,2,Train/2/00002_00053_00010.png
client_2,31770,30,32,5,6,25,27,30,Train/30/00030_00005_00000.png
client_2,26205,39,38,5,5,34,33,18,Train/18/00018_00021_00015.png
client_2,7440,29,30,5,6,24,25,4,Train/4/00004_00033_00000.png
client_2,15073,40,36,5,5,35,31,10,Train/10/00010_00001_00013.png
client_2,3730,34,37,5,6,29,32,2,Train/2/00002_00031_00010.png
client_2,107,54,51,6,5,49,46,20,Train/20/00020_00003_00017.png
client_2,23690,56,56,5,5,51,51,15,Train/15/00015_00009_00020.png
client_2,26392,74,69,6,7,68,63,18,Train/18/00018_00027_00022.png
client_2,26154,93,92,9,8,85,84,18,Train/18/00018_00019_00024.png
client_2,25732,129,116,12,10,118,106,18,Train/18/00018_00005_00022.png
client_2,15398,35,34,6,5,30,29,10,Train/10/00010_00012_00008.png
client_2,6206,86,86,8,7,79,79,3,Train/3/00003_00038_00026.png
client_2,15559,41,41,6,6,36,36,10,Train/10/00010_00017_00019.png
client_2,27471,49,48,5,6,44,43,22,Train/22/00022_00005_00021.png
client_2,21480,30,29,5,5,25,24,13,Train/13/00013_00034_00000.png
client_2,15610,38,38,5,5,33,33,10,Train/10/00010_00019_00010.png
client_2,12283,35,34,6,5,30,29,8,Train/8/00008_00004_00013.png
client_2,4506,30,30,6,6,25,25,2,Train/2/00002_00057_00006.png
client_2,6240,29,31,5,6,24,26,3,Train/3/00003_00040_00000.png
client_2,17015,28,27,5,6,23,22,10,Train/10/00010_00066_00005.png
client_2,34078,94,93,9,8,86,85,34,Train/34/00034_00009_00029.png
client_2,3719,65,57,6,6,60,52,2,Train/2/00002_00030_00029.png
client_2,20890,55,51,5,6,49,46,13,Train/13/00013_00014_00010.png
client_2,25855,50,47,5,6,45,42,18,Train/18/00018_00009_00025.png
client_2,17855,50,46,5,6,45,41,11,Train/11/00011_00027_00005.png
client_2,2030,52,53,5,6,47,48,1,Train/1/00001_00048_00020.png
client_2,19284,46,47,5,6,41,42,12,Train/12/00012_00030_00024.png
client_2,38311,34,33,6,5,28,28,39,Train/39/00039_00008_00002.png
client_2,27378,57,54,5,5,52,49,22,Train/22/00022_00002_00018.png
client_2,4780,37,41,5,6,31,36,2,Train/2/00002_00066_00010.png
client_2,22981,43,44,5,6,38,39,14,Train/14/00014_00012_00001.png
client_2,16545,40,40,6,6,35,35,10,Train/10/00010_00050_00015.png
client_2,26580,33,29,6,5,28,24,18,Train/18/00018_00034_00000.png
client_2,17448,63,61,6,6,58,56,11,Train/11/00011_00013_00018.png
client_2,16272,34,33,6,6,29,28,10,Train/10/00010_00041_00012.png
client_2,13326,33,34,5,5,28,29,8,Train/8/00008_00039_00006.png
client_2,20201,46,48,5,5,41,43,12,Train/12/00012_00061_00011.png
client_2,6895,56,59,5,6,50,54,4,Train/4/00004_00014_00025.png
client_2,24026,68,70,6,7,62,64,15,Train/15/00015_00020_00026.png
client_2,15700,42,44,5,6,37,39,10,Train/10/00010_00022_00010.png
client_2,31996,45,47,5,5,40,42,30,Train/30/00030_00012_00016.png
client_2,15609,38,38,6,6,33,33,10,Train/10/00010_00019_00009.png
client_2,16390,44,43,6,5,39,38,10,Train/10/00010_00045_00010.png
client_2,17680,39,33,6,6,33,28,11,Train/11/00011_00021_00010.png
client_2,31233,37,36,5,5,32,31,28,Train/28/00028_00014_00003.png
client_2,12633,31,30,6,6,26,25,8,Train/8/00008_00016_00003.png
client_2,16331,31,32,5,5,26,27,10,Train/10/00010_00043_00011.png
client_2,9812,30,31,5,6,25,26,5,Train/5/00005_00046_00002.png
client_2,25562,27,27,5,6,22,22,18,Train/18/00018_00000_00002.png
client_2,4949,49,50,5,6,43,45,2,Train/2/00002_00071_00029.png
client_2,22188,111,98,10,8,102,90,13,Train/13/00013_00057_00018.png
client_2,15434,44,45,6,6,39,40,10,Train/10/00010_00013_00014.png
client_2,16420,31,33,5,6,26,28,10,Train/10/00010_00046_00010.png
client_2,4874,28,29,5,5,23,24,2,Train/2/00002_00069_00014.png
client_2,16801,31,32,5,6,26,27,10,Train/10/00010_00059_00001.png
client_2,19937,116,119,10,11,106,109,12,Train/12/00012_00052_00017.png
client_2,38354,38,39,6,5,33,34,39,Train/39/00039_00009_00015.png
client_2,3680,60,61,5,6,55,55,2,Train/2/00002_00029_00020.png
client_2,25923,38,38,6,6,32,33,18,Train/18/00018_00012_00003.png
client_2,19459,64,64,5,5,59,59,12,Train/12/00012_00036_00019.png
client_2,16571,44,42,6,5,39,37,10,Train/10/00010_00051_00011.png
client_2,19376,65,72,6,7,60,66,12,Train/12/00012_00033_00026.png
client_2,19136,81,82,8,7,74,75,12,Train/12/00012_00025_00026.png
client_2,3553,35,35,6,6,30,30,2,Train/2/00002_00025_00013.png
client_2,26844,96,75,9,7,88,69,19,Train/19/00019_00002_00024.png
client_2,26373,28,28,5,5,23,23,18,Train/18/00018_00027_00003.png
client_2,17990,82,75,7,7,75,69,11,Train/11/00011_00031_00020.png
client_2,23115,63,64,5,6,58,58,14,Train/14/00014_00016_00015.png
client_2,38175,42,42,6,6,37,37,39,Train/39/00039_00003_00016.png
client_2,17054,37,36,5,6,32,31,11,Train/11/00011_00000_00014.png
client_2,10457,35,39,5,6,30,34,6,Train/6/00006_00005_00017.png
client_2,34170,37,38,5,5,32,33,34,Train/34/00034_00013_00001.png
client_2,3436,37,39,6,6,32,34,2,Train/2/00002_00021_00016.png
client_2,31099,62,54,6,5,57,49,28,Train/28/00028_00009_00019.png
client_2,26102,43,43,5,6,38,38,18,Train/18/00018_00018_00002.png
client_2,25599,51,47,5,5,46,42,18,Train/18/00018_00001_00009.png
client_2,34002,37,37,5,5,32,32,34,Train/34/00034_00007_00013.png
client_2,16239,33,31,6,5,28,26,10,Train/10/00010_00040_00009.png
client_2,15065,31,28,6,5,26,23,10,Train/10/00010_00001_00005.png
client_2,20163,43,43,6,6,38,38,12,Train/12/00012_00060_00003.png
client_2,24358,62,65,5,6,57,60,16,Train/16/00016_00010_00028.png
client_2,15758,33,33,6,5,28,28,10,Train/10/00010_00024_00008.png
client_2,38325,42,41,6,6,36,36,39,Train/39/00039_00008_00016.png
client_2,2188,94,111,8,9,86,102,1,Train/1/00001_00053_00028.png
client_2,15429,40,40,6,6,35,35,10,Train/10/00010_00013_00009.png
client_2,16463,50,49,5,6,45,44,10,Train/10/00010_00047_00023.png
client_2,16803,32,33,5,6,27,28,10,Train/10/00010_00059_00003.png
client_2,38080,95,98,8,9,87,90,39,Train/39/00039_00000_00011.png
client_2,25666,64,60,5,6,59,55,18,Train/18/00018_00003_00016.png
client_2,15244,33,35,5,6,28,30,10,Train/10/00010_00007_00004.png
client_2,19055,34,35,5,6,29,30,12,Train/12/00012_00023_00005.png
client_2,26097,82,74,8,6,74,67,18,Train/18/00018_00017_00027.png
client_2,33920,77,77,7,7,71,71,34,Train/34/00034_00004_00021.png
client_2,2265,51,52,6,5,46,47,1,Train/1/00001_00056_00015.png
client_2,15126,32,33,5,5,26,27,10,Train/10/00010_00003_00006.png
client_2,18202,83,75,7,7,76,69,11,Train/11/00011_00038_00022.png
client_2,20242,69,69,7,7,63,63,12,Train/12/00012_00062_00022.png
client_2,15478,72,71,7,6,66,65,10,Train/10/00010_00014_00028.png
client_2,12261,47,49,5,6,42,44,8,Train/8/00008_00003_00021.png
client_2,16713,30,30,6,6,25,25,10,Train/10/00010_00056_00003.png
client_2,19786,59,62,5,6,54,57,12,Train/12/00012_00047_00016.png
client_2,22622,49,46,5,6,44,41,14,Train/14/00014_00000_00002.png
client_2,15575,34,34,5,5,29,29,10,Train/10/00010_00018_00005.png
client_2,13387,38,38,6,6,33,33,8,Train/8/00008_00041_00007.png
client_2,124,32,33,5,6,27,28,20,Train/20/00020_00004_00004.png
client_2,16546,40,40,6,6,35,35,10,Train/10/00010_00050_00016.png
client_2,3306,31,32,5,5,25,26,2,Train/2/00002_00017_00006.png
client_2,17844,124,111,10,10,114,102,11,Train/11/00011_00026_00024.png
client_2,2146,41,43,6,6,36,38,1,Train/1/00001_00052_00016.png
client_2,12922,43,43,6,6,38,38,8,Train/8/00008_00025_00022.png
client_2,18446,109,112,10,10,100,103,12,Train/12/00012_00002_00026.png
client_2,19705,83,84,7,8,76,77,12,Train/12/00012_00044_00025.png
client_2,16793,53,53,6,6,48,48,10,Train/10/00010_00058_00023.png
client_2,11470,33,34,5,6,28,29,7,Train/7/00007_00025_00010.png
client_2,18468,50,50,6,6,45,45,12,Train/12/00012_00003_00018.png
client_2,35965,98,100,8,9,90,92,37,Train/37/00037_00005_00026.png
client_2,38331,54,53,6,5,48,48,39,Train/39/00039_00008_00022.png
client_2,16296,37,36,6,5,31,31,10,Train/10/00010_00042_00006.png
client_2,16444,30,29,6,6,24,24,10,Train/10/00010_00047_00004.png
client_2,28215,42,39,5,6,37,34,24,Train/24/00024_00000_00015.png
client_2,15705,45,46,5,5,40,41,10,Train/10/00010_00022_00015.png
client_2,13216,41,41,5,5,36,36,8,Train/8/00008_00035_00016.png
client_2,35850,28,28,5,5,23,23,37,Train/37/00037_00002_00001.png
client_2,26933,65,60,5,6,59,54,19,Train/19/00019_00005_00023.png
client_2,26656,63,63,5,6,58,58,18,Train/18/00018_00036_00016.png
client_2,18753,27,28,5,6,22,23,12,Train/12/00012_00013_00003.png
client_2,23267,55,56,5,5,50,51,14,Train/14/00014_00021_00017.png
client_2,12498,44,44,5,5,39,39,8,Train/8/00008_00011_00018.png
client_2,26174,81,74,7,6,74,68,18,Train/18/00018_00020_00014.png
client_2,31284,72,63,7,5,66,57,28,Train/28/00028_00015_00024.png
client_2,24419,65,69,6,7,60,63,16,Train/16/00016_00012_00029.png
client_2,2758,109,109,9,9,100,100,1,Train/1/00001_00072_00028.png
client_2,25771,57,52,5,6,51,46,18,Train/18/00018_00007_00001.png
client_2,4239,34,33,6,6,29,27,2,Train/2/00002_00048_00009.png
client_2,15823,33,33,5,5,28,28,10,Train/10/00010_00026_00013.png
client_2,15205,53,52,6,5,48,47,10,Train/10/00010_00005_00025.png
client_2,12525,45,45,5,5,40,40,8,Train/8/00008_00012_00015.png
client_2,26464,33,30,6,5,28,25,18,Train/18/00018_00030_00004.png
client_2,34161,38,39,6,6,33,34,34,Train/34/00034_00012_00022.png
client_2,18893,70,70,6,6,64,64,12,Train/12/00012_00017_00023.png
client_2,15422,36,37,5,6,31,32,10,Train/10/00010_00013_00002.png
client_2,16596,37,38,5,6,32,33,10,Train/10/00010_00052_00006.png
client_2,33822,35,35,6,5,30,30,34,Train/34/00034_00001_00013.png
client_2,12666,33,37,5,6,28,32,8,Train/8/00008_00017_00006.png
client_2,22873,43,50,6,6,38,44,14,Train/14/00014_00008_00013.png
client_2,16448,30,31,5,6,25,26,10,Train/10/00010_00047_00008.png
client_2,17892,29,43,6,6,24,38,11,Train/11/00011_00028_00012.png
client_2,4759,76,80,6,8,70,73,2,Train/2/00002_00065_00019.png
client_2,25659,52,49,5,5,47,44,18,Train/18/00018_00003_00009.png
client_2,15553,38,38,6,6,33,33,10,Train/10/00010_00017_00013.png
client_2,19780,47,50,6,6,41,44,12,Train/12/00012_00047_00010.png
client_2,13053,28,26,6,5,22,21,8,Train/8/00008_00030_00003.png
client_2,1081,34,34,6,6,29,29,1,Train/1/00001_00017_00001.png
client_2,280,39,40,5,6,34,35,20,Train/20/00020_00009_00010.png
client_2,22988,44,45,5,6,39,40,14,Train/14/00014_00012_00008.png
client_2,22838,42,41,6,6,37,36,14,Train/14/00014_00007_00008.png
client_2,19384,55,54,6,5,50,49,12,Train/12/00012_00034_00004.png
client_2,15789,34,34,6,5,29,29,10,Train/10/00010_00025_00009.png
client_2,4297,29,29,6,6,24,24,2,Train/2/00002_00050_00007.png
client_2,15935,30,30,5,5,25,25,10,Train/10/00010_00030_00005.png
client_2,12990,27,25,5,5,22,20,8,Train/8/00008_00028_00000.png
client_2,15363,33,31,6,5,28,26,10,Train/10/00010_00011_00003.png
client_2,16928,31,30,6,5,25,25,10,Train/10/00010_00063_00008.png
client_2,3503,45,45,5,5,40,40,2,Train/2/00002_00023_00023.png
client_2,2811,56,55,5,5,51,50,2,Train/2/00002_00000_00021.png
client_2,15615,45,45,5,5,40,40,10,Train/10/00010_00019_00015.png
client_2,871,31,29,6,6,25,24,1,Train/1/00001_00010_00001.png
client_2,35852,27,27,5,5,22,22,37,Train/37/00037_00002_00003.png
client_2,6335,29,31,5,6,24,26,3,Train/3/00003_00043_00005.png
client_2,16135,49,42,5,5,43,37,10,Train/10/00010_00036_00025.png
client_2,16584,75,76,6,7,69,70,10,Train/10/00010_00051_00024.png
client_2,15360,31,30,6,5,26,25,10,Train/10/00010_00011_00000.png
client_2,15051,50,51,6,6,45,46,10,Train/10/00010_00000_00021.png
client_2,13226,57,58,5,6,52,53,8,Train/8/00008_00035_00026.png
client_2,38675,35,38,6,6,30,33,40,Train/40/00040_00010_00006.png
client_2,23105,58,57,6,5,53,52,14,Train/14/00014_00016_00005.png
client_2,16823,61,61,6,5,56,56,10,Train/10/00010_00059_00023.png
client_2,16530,29,30,5,6,24,25,10,Train/10/00010_00050_00000.png
client_2,18616,47,46,6,5,41,41,12,Train/12/00012_00008_00016.png
client_2,16347,59,62,6,6,54,57,10,Train/10/00010_00043_00027.png
client_2,31995,40,42,5,5,35,37,30,Train/30/00030_00012_00015.png
client_2,19967,58,51,5,6,53,46,12,Train/12/00012_00053_00017.png
client_2,6792,35,36,6,6,30,31,4,Train/4/00004_00011_00012.png
client_2,5687,43,46,5,6,38,41,3,Train/3/00003_00021_00017.png
client_2,18213,30,30,5,6,25,25,11,Train/11/00011_00039_00003.png
client_2,19481,54,53,6,5,49,48,12,Train/12/00012_00037_00011.png
client_2,19474,43,42,6,5,38,37,12,Train/12/00012_00037_00004.png
client_2,33838,50,46,6,5,45,41,34,Train/34/00034_00001_00029.png
client_2,23428,61,63,6,6,55,57,15,Train/15/00015_00000_00028.png
client_2,6512,33,34,5,6,28,29,4,Train/4/00004_00002_00002.png
client_2,16710,30,30,6,6,25,25,10,Train/10/00010_00056_00000.png
client_2,15369,38,38,5,5,33,33,10,Train/10/00010_00011_00009.png
client_2,22794,71,72,6,7,65,66,14,Train/14/00014_00005_00024.png
client_2,20296,42,46,6,5,37,41,12,Train/12/00012_00064_00016.png
client_2,12987,47,41,5,6,42,36,8,Train/8/00008_00027_00027.png
client_2,10673,42,43,6,5,37,38,6,Train/6/00006_00012_00023.png
client_2,15692,37,38,6,5,32,33,10,Train/10/00010_00022_00002.png
client_2,26887,43,41,5,5,38,36,19,Train/19/00019_00004_00007.png
client_2,12491,40,39,6,5,35,34,8,Train/8/00008_00011_00011.png
client_2,20856,42,39,6,6,37,34,13,Train/13/00013_00013_00006.png
client_2,16193,46,47,5,5,41,42,10,Train/10/00010_00038_00023.png
client_2,5904,47,48,6,5,42,43,3,Train/3/00003_00028_00024.png
client_2,24031,53,55,5,5,48,50,16,Train/16/00016_00000_00001.png
client_2,22111,42,40,5,5,37,35,13,Train/13/00013_00055_00001.png
client_2,18298,105,92,10,8,96,84,11,Train/11/00011_00041_00028.png
client_2,13334,40,41,6,6,35,36,8,Train/8/00008_00039_00014.png
client_2,20262,33,35,5,5,28,30,12,Train/12/00012_00063_00012.png
client_2,21417,56,50,6,5,51,45,13,Train/13/00013_00031_00027.png
client_2,15943,33,32,6,5,28,27,10,Train/10/00010_00030_00013.png
client_2,15785,31,31,6,5,26,26,10,Train/10/00010_00025_00005.png
client_2,16391,43,43,5,5,38,38,10,Train/10/00010_00045_00011.png
client_2,15055,52,55,5,6,47,50,10,Train/10/00010_00000_00025.png
client_2,17624,38,35,5,6,33,30,11,Train/11/00011_00019_00014.png
client_2,24382,43,44,5,5,37,38,16,Train/16/00016_00011_00022.png
client_2,39056,46,47,5,5,41,42,42,Train/42/00042_00002_00027.png
client_2,12949,39,41,5,5,34,36,8,Train/8/00008_00026_00019.png
client_2,23011,38,38,6,6,33,33,14,Train/14/00014_00013_00001.png
client_2,39074,36,36,5,5,30,31,42,Train/42/00042_00003_00015.png
client_2,20279,97,104,8,9,89,95,12,Train/12/00012_00063_00029.png
client_2,17924,69,62,6,5,62,56,11,Train/11/00011_00029_00014.png
client_2,16067,41,39,5,6,36,34,10,Train/10/00010_00034_00017.png
client_2,17606,106,95,9,9,97,87,11,Train/11/00011_00018_00026.png
client_2,27500,52,46,6,5,47,41,22,Train/22/00022_00006_00020.png
client_2,18054,86,83,8,8,79,76,11,Train/11/00011_00033_00024.png
client_2,16397,47,50,6,6,42,45,10,Train/10/00010_00045_00017.png
client_2,15826,36,36,6,6,31,31,10,Train/10/00010_00026_00016.png
client_2,17397,112,98,10,8,102,90,11,Train/11/00011_00011_00027.png
client_2,26573,108,97,9,8,99,89,18,Train/18/00018_00033_00023.png
client_2,35867,63,60,5,5,58,55,37,Train/37/00037_00002_00018.png
client_2,20674,40,38,6,6,35,33,13,Train/13/00013_00007_00004.png
client_2,15788,33,34,6,6,28,29,10,Train/10/00010_00025_00008.png
client_2,18224,40,37,6,5,34,31,11,Train/11/00011_00039_00014.png
client_2,35906,64,63,5,5,59,58,37,Train/37/00037_00003_00027.png
client_2,12519,38,38,5,5,33,33,8,Train/8/00008_00012_00009.png
client_2,26504,44,40,6,5,39,35,18,Train/18/00018_00031_00014.png
client_2,33952,47,53,6,6,42,47,34,Train/34/00034_00005_00023.png
client_2,20007,85,84,8,8,78,77,12,Train/12/00012_00054_00027.png
client_2,15854,39,41,6,6,34,36,10,Train/10/00010_00027_00014.png
client_2,15510,29,29,5,5,24,24,10,Train/10/00010_00016_00000.png
client_2,16168,71,61,6,6,65,56,10,Train/10/00010_00037_00028.png
client_2,16871,40,32,6,5,34,27,10,Train/10/00010_00061_00011.png
client_2,16831,27,25,5,5,21,20,10,Train/10/00010_00060_00001.png
client_2,28459,50,52,6,5,45,47,24,Train/24/00024_00008_00019.png
client_2,26708,47,46,6,5,42,41,18,Train/18/00018_00038_00008.png
client_2,19069,49,47,5,5,44,42,12,Train/12/00012_00023_00019.png
client_2,23421,53,54,6,6,48,48,15,Train/15/00015_00000_00021.png
client_2,4938,33,34,5,5,28,28,2,Train/2/00002_00071_00018.png
client_2,18634,33,33,6,6,28,28,12,Train/12/00012_00009_00004.png
client_2,7363,39,40,5,6,34,35,4,Train/4/00004_00030_00013.png
client_2,26356,55,53,5,6,50,48,18,Train/18/00018_00026_00016.png
client_2,39078,43,43,5,5,38,38,42,Train/42/00042_00003_00019.png
client_2,31258,89,83,8,8,82,75,28,Train/28/00028_00014_00028.png
client_2,20581,30,27,5,6,25,22,13,Train/13/00013_00004_00001.png
client_2,16719,35,35,6,6,30,30,10,Train/10/00010_00056_00009.png
client_2,34168,37,38,5,5,32,33,34,Train/34/00034_00012_00029.png
client_2,38167,33,32,6,5,28,27,39,Train/39/00039_00003_00008.png
client_2,18622,65,69,6,7,59,63,12,Train/12/00012_00008_00022.png
client_2,34058,36,36,6,6,31,31,34,Train/34/00034_00009_00009.png
client_2,27632,36,34,6,6,30,29,22,Train/22/00022_00011_00002.png
client_2,12399,36,36,6,6,31,31,8,Train/8/00008_00008_00009.png
client_2,21179,72,135,6,12,66,124,13,Train/13/00013_00023_00029.png
client_2,23946,95,109,9,10,86,100,15,Train/15/00015_00018_00006.png
client_2,16736,53,54,6,5,48,49,10,Train/10/00010_00056_00026.png
client_2,18085,110,104,9,10,101,95,11,Train/11/00011_00034_00025.png
client_2,3740,39,44,5,6,34,38,2,Train/2/00002_00031_00020.png
client_2,23447,40,88,6,8,35,81,15,Train/15/00015_00001_00017.png
client_2,15516,32,32,5,5,27,27,10,Train/10/00010_00016_00006.png
client_2,22663,51,51,6,6,46,46,14,Train/14/00014_00001_00013.png
client_2,32987,40,41,5,6,34,36,32,Train/32/00032_00004_00017.png
client_2,4879,31,31,6,5,26,26,2,Train/2/00002_00069_00019.png
client_2,21852,43,43,5,5,38,38,13,Train/13/00013_00046_00012.png
client_2,17678,35,30,5,5,29,25,11,Train/11/00011_00021_00008.png
client_2,34079,30,33,6,5,25,28,34,Train/34/00034_00010_00000.png
client_2,19274,37,37,6,6,32,32,12,Train/12/00012_00030_00014.png
client_2,16434,53,51,6,6,47,46,10,Train/10/00010_00046_00024.png
client_2,20959,62,58,5,5,57,53,13,Train/13/00013_00016_00019.png
client_2,8187,92,92,8,8,84,84,4,Train/4/00004_00057_00027.png
client_2,20123,82,71,8,7,75,65,12,Train/12/00012_00058_00023.png
client_2,16752,40,40,5,6,35,35,10,Train/10/00010_00057_00012.png
client_2,3254,66,71,6,7,60,64,2,Train/2/00002_00015_00014.png
client_2,4308,37,39,5,6,32,34,2,Train/2/00002_00050_00018.png
client_2,20196,41,46,5,6,36,41,12,Train/12/00012_00061_00006.png
client_2,26902,71,67,7,6,65,61,19,Train/19/00019_00004_00022.png
client_2,2861,31,33,6,6,26,28,2,Train/2/00002_00002_00011.png
client_2,3814,32,31,6,5,27,26,2,Train/2/00002_00034_00004.png
client_2,4305,34,33,5,5,28,28,2,Train/2/00002_00050_00015.png
client_2,13051,27,26,6,5,21,20,8,Train/8/00008_00030_00001.png
client_2,33845,31,30,6,5,26,24,34,Train/34/00034_00002_00006.png
client_2,17412,50,49,5,6,45,44,11,Train/11/00011_00012_00012.png
client_2,15979,43,41,6,5,38,36,10,Train/10/00010_00031_00019.png
client_2,17972,38,39,5,6,33,34,11,Train/11/00011_00031_00002.png
client_2,10217,42,40,6,5,37,35,5,Train/5/00005_00059_00017.png
client_2,15813,30,31,5,6,25,26,10,Train/10/00010_00026_00003.png
client_2,15667,40,36,6,5,35,31,10,Train/10/00010_00021_00007.png
client_2,25708,179,160,15,14,164,147,18,Train/18/00018_00004_00028.png
client_2,17621,36,30,6,5,31,25,11,Train/11/00011_00019_00011.png
client_2,16517,41,40,6,5,36,35,10,Train/10/00010_00049_00017.png
client_2,26194,30,29,6,5,25,24,18,Train/18/00018_00021_00004.png
client_2,20346,40,45,6,6,35,40,12,Train/12/00012_00066_00006.png
client_2,13453,36,34,5,6,31,29,8,Train/8/00008_00043_00013.png
client_2,15729,36,37,5,6,31,32,10,Train/10/00010_00023_00009.png
client_2,19979,99,85,9,8,91,78,12,Train/12/00012_00053_00029.png
client_2,16930,30,32,5,5,25,26,10,Train/10/00010_00063_00010.png
client_2,2694,111,111,9,10,102,102,1,Train/1/00001_00070_00024.png
client_2,38514,106,98,9,8,97,90,40,Train/40/00040_00004_00025.png
client_2,3769,44,41,5,5,39,36,2,Train/2/00002_00032_00019.png
client_2,34108,77,89,7,8,70,82,34,Train/34/00034_00010_00029.png
client_2,16919,74,80,6,8,68,73,10,Train/10/00010_00062_00029.png
client_2,23461,29,34,5,6,24,29,15,Train/15/00015_00002_00001.png
client_2,1756,50,54,5,5,45,49,1,Train/1/00001_00039_00016.png
client_2,17928,81,74,8,7,74,67,11,Train/11/00011_00029_00018.png
client_2,31908,73,65,7,6,67,60,30,Train/30/00030_00009_00018.png
client_2,18898,108,107,10,9,99,98,12,Train/12/00012_00017_00028.png
client_2,4764,109,108,10,9,100,99,2,Train/2/00002_00065_00024.png
client_2,38253,30,29,6,5,25,24,39,Train/39/00039_00006_00004.png
client_2,25741,42,39,6,6,37,34,18,Train/18/00018_00006_00001.png
client_2,20027,49,48,6,5,44,43,12,Train/12/00012_00055_00017.png
client_2,20200,45,47,6,6,40,42,12,Train/12/00012_00061_00010.png
client_2,15217,33,35,5,6,28,29,10,Train/10/00010_00006_00007.png
client_2,34165,37,40,5,6,32,35,34,Train/34/00034_00012_00026.png
client_2,23251,31,31,6,6,26,26,14,Train/14/00014_00021_00001.png
client_2,26309,124,127,10,11,114,116,18,Train/18/00018_00024_00029.png
client_2,22757,61,61,5,6,56,56,14,Train/14/00014_00004_00017.png
client_2,16344,50,51,6,5,45,46,10,Train/10/00010_00043_00024.png
client_2,808,107,104,10,9,98,95,1,Train/1/00001_00007_00028.png
client_2,15342,37,36,6,5,32,31,10,Train/10/00010_00010_00012.png
client_2,17752,62,55,6,6,57,50,11,Train/11/00011_00023_00022.png
client_2,16714,30,29,6,5,25,24,10,Train/10/00010_00056_00004.png
client_2,15418,52,53,5,6,47,48,10,Train/10/00010_00012_00028.png
client_2,27368,38,37,5,5,33,32,22,Train/22/00022_00002_00008.png
client_2,17144,51,45,6,6,45,40,11,Train/11/00011_00003_00014.png
client_2,16503,29,30,5,5,24,24,10,Train/10/00010_00049_00003.png
client_2,22587,154,135,13,11,141,124,13,Train/13/00013_00070_00027.png
client_2,7093,39,37,6,5,34,32,4,Train/4/00004_00021_00013.png
client_2,25728,113,105,10,10,104,96,18,Train/18/00018_00005_00018.png
client_2,21354,48,43,6,5,42,38,13,Train/13/00013_00029_00024.png
client_2,12078,43,44,6,6,38,38,7,Train/7/00007_00045_00018.png
client_2,21473,86,76,7,7,79,70,13,Train/13/00013_00033_00023.png
client_2,1537,36,37,5,6,31,32,1,Train/1/00001_00032_00007.png
client_2,1440,33,34,6,5,28,29,1,Train/1/00001_00029_00000.png
client_2,34118,30,30,6,6,25,25,34,Train/34/00034_00011_00009.png
client_2,16800,30,30,5,5,25,25,10,Train/10/00010_00059_00000.png
client_2,26506,44,42,5,6,39,37,18,Train/18/00018_00031_00016.png
client_2,23233,59,63,6,5,54,57,14,Train/14/00014_00020_00013.png
client_2,23181,89,90,8,8,81,82,14,Train/14/00014_00018_00021.png
client_2,4632,50,51,5,6,44,45,2,Train/2/00002_00061_00012.png
client_2,9960,29,30,5,6,24,25,5,Train/5/00005_00051_00000.png
client_2,23586,31,31,5,5,25,26,15,Train/15/00015_00006_00006.png
client_2,26106,50,47,6,6,45,42,18,Train/18/00018_00018_00006.png
client_2,20243,76,76,6,6,70,70,12,Train/12/00012_00062_00023.png
client_2,12279,32,32,5,5,27,27,8,Train/8/00008_00004_00009.png
client_2,18501,33,28,6,6,28,23,12,Train/12/00012_00004_00021.png
client_2,35864,51,49,6,5,46,44,37,Train/37/00037_00002_00015.png
client_2,23702,28,28,6,6,23,23,15,Train/15/00015_00010_00002.png
client_2,23087,56,55,6,5,51,50,14,Train/14/00014_00015_00017.png
client_2,17386,63,57,6,6,57,52,11,Train/11/00011_00011_00016.png
client_2,17956,34,36,5,6,29,31,11,Train/11/00011_00030_00016.png
client_2,31059,71,63,7,6,65,57,28,Train/28/00028_00008_00009.png
client_2,15068,34,31,6,5,28,25,10,Train/10/00010_00001_00008.png
client_2,17525,41,40,5,5,36,35,11,Train/11/00011_00016_00005.png
client_2,17128,201,178,17,15,184,163,11,Train/11/00011_00002_00028.png
client_2,20387,48,47,6,6,43,42,12,Train/12/00012_00067_00017.png
client_2,29441,31,31,5,5,26,25,25,Train/25/00025_00032_00011.png
client_2,7400,39,39,6,5,34,34,4,Train/4/00004_00031_00020.png
client_2,20739,36,34,6,6,30,29,13,Train/13/00013_00009_00009.png
client_2,15150,27,27,5,5,22,22,10,Train/10/00010_00004_00000.png
client_2,22409,41,40,6,5,36,35,13,Train/13/00013_00064_00029.png
client_2,17308,136,119,12,10,125,109,11,Train/11/00011_00008_00028.png
client_2,18704,52,55,5,6,46,49,12,Train/12/00012_00011_00014.png
client_2,4784,38,42,5,6,33,37,2,Train/2/00002_00066_00014.png
client_2,16580,58,59,5,6,53,54,10,Train/10/00010_00051_00020.png
client_2,15048,47,47,6,5,42,42,10,Train/10/00010_00000_00018.png
client_2,15481,29,28,6,5,23,22,10,Train/10/00010_00015_00001.png
client_2,16470,28,29,5,6,23,24,10,Train/10/00010_00048_00000.png
client_2,25990,43,44,5,6,38,39,18,Train/18/00018_00014_00010.png
client_2,284,43,42,6,5,38,37,20,Train/20/00020_00009_00014.png
client_2,18081,74,70,6,6,68,64,11,Train/11/00011_00034_00021.png
client_2,26498,43,38,6,5,38,33,18,Train/18/00018_00031_00008.png
client_2,3133,36,32,5,5,31,27,2,Train/2/00002_00011_00013.png
client_2,16152,33,31,5,5,28,26,10,Train/10/00010_00037_00012.png
client_2,18773,51,51,5,5,46,46,12,Train/12/00012_00013_00023.png
client_2,34964,43,43,6,6,38,38,35,Train/35/00035_00025_00015.png
client_2,19034,42,42,5,6,37,37,12,Train/12/00012_00022_00014.png
client_2,18267,108,92,10,9,99,84,11,Train/11/00011_00040_00027.png
client_2,5162,31,31,5,5,26,26,3,Train/3/00003_00004_00002.png
client_2,2315,32,32,6,5,27,27,1,Train/1/00001_00058_00005.png
client_2,35858,37,37,5,6,32,32,37,Train/37/00037_00002_00009.png
client_2,15189,35,34,6,5,29,28,10,Train/10/00010_00005_00009.png
client_2,10124,40,39,6,5,35,34,5,Train/5/00005_00056_00014.png
client_2,18306,35,36,5,6,30,31,11,Train/11/00011_00042_00006.png
client_2,16751,38,38,5,6,33,33,10,Train/10/00010_00057_00011.png
client_2,10533,26,29,5,6,21,24,6,Train/6/00006_00008_00003.png
client_2,15719,64,62,6,6,59,57,10,Train/10/00010_00022_00029.png
client_2,12284,36,36,6,6,31,31,8,Train/8/00008_00004_00014.png
client_2,16055,31,28,6,5,26,23,10,Train/10/00010_00034_00005.png
client_2,26460,27,26,5,6,22,21,18,Train/18/00018_00030_00000.png
client_2,12892,46,47,5,6,41,42,8,Train/8/00008_00024_00022.png
client_2,15576,35,35,6,6,30,30,10,Train/10/00010_00018_00006.png
client_2,15678,52,52,5,5,47,47,10,Train/10/00010_00021_00018.png
client_2,8346,28,27,6,5,23,22,4,Train/4/00004_00063_00006.png
client_2,38678,38,42,5,6,33,36,40,Train/40/00040_00010_00009.png
client_2,30790,40,36,6,5,35,31,27,Train/27/00027_00007_00010.png
client_2,21611,46,44,5,6,41,39,13,Train/13/00013_00038_00011.png
client_2,16812,41,40,6,5,36,35,10,Train/10/00010_00059_00012.png
client_2,33869,40,45,5,6,35,40,34,Train/34/00034_00003_00000.png
client_2,39113,60,59,5,5,55,54,42,Train/42/00042_00004_00024.png
client_2,4882,32,33,6,6,27,28,2,Train/2/00002_00069_00022.png
client_2,23884,28,28,6,6,23,23,15,Train/15/00015_00016_00004.png
client_2,18229,45,42,5,5,39,37,11,Train/11/00011_00039_00019.png
client_2,27337,35,32,6,6,30,27,22,Train/22/00022_00001_00007.png
client_2,16723,36,36,5,5,31,31,10,Train/10/00010_00056_00013.png
client_2,17723,112,104,9,9,103,95,11,Train/11/00011_00022_00023.png
client_2,12983,42,37,6,5,37,32,8,Train/8/00008_00027_00023.png
client_2,20041,41,41,6,6,35,36,12,Train/12/00012_00056_00001.png
client_2,26380,39,37,6,5,34,32,18,Train/18/00018_00027_00010.png
client_2,26055,39,37,5,6,34,32,18,Train/18/00018_00016_00015.png
client_2,12658,61,58,6,5,56,53,8,Train/8/00008_00016_00028.png
client_2,15318,42,43,5,6,37,38,10,Train/10/00010_00009_00018.png
client_2,4039,36,37,6,5,31,32,2,Train/2/00002_00041_00019.png
client_2,35681,32,33,6,6,26,27,36,Train/36/00036_00009_00012.png
client_2,9553,34,30,6,5,28,25,5,Train/5/00005_00037_00013.png
client_2,234,57,55,5,6,52,50,20,Train/20/00020_00007_00024.png
client_2,39187,30,32,5,6,25,27,42,Train/42/00042_00007_00008.png
client_2,3563,53,52,6,5,48,47,2,Train/2/00002_00025_00023.png
client_2,34155,35,36,5,5,30,31,34,Train/34/00034_00012_00016.png
client_2,16923,28,28,6,5,23,23,10,Train/10/00010_00063_00003.png
client_2,27912,43,39,5,5,38,34,23,Train/23/00023_00007_00012.png
client_2,34043,54,56,5,5,49,51,34,Train/34/00034_00008_00024.png
client_2,17540,72,65,6,6,66,60,11,Train/11/00011_00016_00020.png
client_2,28372,47,44,6,5,42,39,24,Train/24/00024_00005_00022.png
client_2,23682,48,47,6,5,43,42,15,Train/15/00015_00009_00012.png
client_2,20862,46,45,5,6,41,40,13,Train/13/00013_00013_00012.png
client_2,3375,42,44,5,6,37,39,2,Train/2/00002_00019_00015.png
client_2,33884,69,71,7,6,63,65,34,Train/34/00034_00003_00015.png
client_2,3212,27,27,5,5,22,22,2,Train/2/00002_00014_00002.png
client_2,4890,29,30,5,6,24,25,2,Train/2/00002_00070_00000.png
client_2,9025,62,60,6,6,57,55,5,Train/5/00005_00019_00025.png
client_2,15842,27,31,5,6,22,26,10,Train/10/00010_00027_00002.png
client_2,17227,32,29,6,5,27,23,11,Train/11/00011_00006_00007.png
client_2,26611,30,26,5,5,24,21,18,Train/18/00018_00035_00001.png
client_2,12308,34,35,6,6,29,30,8,Train/8/00008_00005_00008.png
client_2,21302,47,46,5,6,42,41,13,Train/13/00013_00028_00002.png
client_2,23686,52,51,6,5,47,46,15,Train/15/00015_00009_00016.png
client_2,272,36,36,5,5,31,31,20,Train/20/00020_00009_00002.png
client_2,2394,63,65,5,6,58,60,1,Train/1/00001_00060_00024.png
client_2,10152,36,36,5,6,31,31,5,Train/5/00005_00057_00012.png
client_2,15291,55,54,6,5,50,49,10,Train/10/00010_00008_00021.png
client_2,35936,57,59,5,5,51,54,37,Train/37/00037_00004_00027.png
client_2,689,164,170,15,14,150,156,1,Train/1/00001_00003_00029.png
client_2,8877,67,67,6,6,61,61,5,Train/5/00005_00014_00027.png
client_2,15202,47,47,6,6,42,42,10,Train/10/00010_00005_00022.png
client_2,12266,58,58,6,5,53,53,8,Train/8/00008_00003_00026.png
client_2,22884,64,77,6,7,59,71,14,Train/14/00014_00008_00024.png
client_2,1396,45,45,6,5,40,40,1,Train/1/00001_00027_00016.png
client_2,16365,33,35,5,6,28,30,10,Train/10/00010_00044_00015.png
client_2,15590,52,51,6,5,47,46,10,Train/10/00010_00018_00020.png
client_2,23047,47,57,6,5,42,52,14,Train/14/00014_00014_00007.png
client_2,15400,36,36,5,5,31,31,10,Train/10/00010_00012_00010.png
client_2,38159,27,25,6,5,22,20,39,Train/39/00039_00003_00000.png
client_2,9500,54,54,6,6,48,48,5,Train/5/00005_00035_00020.png
client_2,34193,55,55,5,5,50,50,34,Train/34/00034_00013_00024.png
client_2,15962,29,31,6,6,24,26,10,Train/10/00010_00031_00002.png
client_2,17398,123,110,11,10,112,101,11,Train/11/00011_00011_00028.png
client_2,17106,80,72,7,7,73,66,11,Train/11/00011_00002_00006.png
client_2,15838,51,50,6,5,46,45,10,Train/10/00010_00026_00028.png
client_2,7384,27,29,6,6,22,24,4,Train/4/00004_00031_00004.png
client_2,2298,43,42,5,5,37,37,1,Train/1/00001_00057_00018.png
client_2,16993,33,30,6,5,27,25,10,Train/10/00010_00065_00013.png
client_2,16598,38,39,5,6,33,34,10,Train/10/00010_00052_00008.png
client_2,25958,40,40,6,6,35,35,18,Train/18/00018_00013_00008.png
client_2,16069,44,42,5,6,39,37,10,Train/10/00010_00034_00019.png
client_2,22956,44,44,6,5,38,39,14,Train/14/00014_00011_00006.png
client_2,26322,48,45,5,5,43,40,18,Train/18/00018_00025_00012.png
client_2,12346,36,37,5,6,31,32,8,Train/8/00008_00006_00016.png
client_2,15867,86,88,8,8,79,81,10,Train/10/00010_00027_00027.png
client_2,20068,83,84,8,7,76,77,12,Train/12/00012_00056_00028.png
client_2,18615,43,46,5,6,38,40,12,Train/12/00012_00008_00015.png
client_2,17012,27,27,5,6,22,21,10,Train/10/00010_00066_00002.png
client_2,35956,62,63,5,5,57,58,37,Train/37/00037_00005_00017.png
client_2,20338,107,104,10,10,98,95,12,Train/12/00012_00065_00028.png
client_2,20476,42,40,5,5,37,35,13,Train/13/00013_00000_00016.png
client_2,35670,26,28,6,5,21,22,36,Train/36/00036_00009_00001.png
client_2,18556,62,62,6,6,56,57,12,Train/12/00012_00006_00016.png
client_2,1060,40,42,6,6,35,37,1,Train/1/00001_00016_00010.png
client_2,18537,91,88,8,7,83,81,12,Train/12/00012_00005_00027.png
client_2,3764,37,36,5,6,32,31,2,Train/2/00002_00032_00014.png
client_2,28159,75,69,6,7,69,63,23,Train/23/00023_00015_00019.png
client_2,10410,29,29,5,5,24,24,6,Train/6/00006_00004_00000.png
client_2,8526,30,30,6,6,25,24,5,Train/5/00005_00003_00006.png
client_2,26296,46,44,5,5,41,39,18,Train/18/00018_00024_00016.png
client_2,18998,44,45,6,5,39,40,12,Train/12/00012_00021_00008.png
client_2,16646,101,106,9,10,93,97,10,Train/10/00010_00053_00026.png
client_2,25722,97,89,9,8,89,82,18,Train/18/00018_00005_00012.png
client_2,15413,46,47,5,6,41,42,10,Train/10/00010_00012_00023.png
client_2,15472,52,53,5,6,47,48,10,Train/10/00010_00014_00022.png
client_2,17846,143,123,12,10,131,113,11,Train/11/00011_00026_00026.png
client_2,21078,63,59,6,6,57,53,13,Train/13/00013_00020_00018.png
client_2,26574,119,109,11,10,109,100,18,Train/18/00018_00033_00024.png
client_2,16364,34,36,5,6,29,31,10,Train/10/00010_00044_00014.png
client_2,2029,50,50,6,6,45,45,1,Train/1/00001_00048_00019.png
client_2,16145,30,29,6,6,25,24,10,Train/10/00010_00037_00005.png
client_2,22267,42,39,5,5,37,33,13,Train/13/00013_00060_00007.png
client_2,3893,55,56,5,6,50,51,2,Train/2/00002_00036_00023.png
client_2,16383,38,39,5,6,33,34,10,Train/10/00010_00045_00003.png
client_2,1343,49,49,5,6,43,44,1,Train/1/00001_00025_00023.png
client_2,16813,41,42,5,6,36,37,10,Train/10/00010_00059_00013.png
client_2,18281,44,41,6,6,39,36,11,Train/11/00011_00041_00011.png
client_2,20882,45,42,5,6,39,37,13,Train/13/00013_00014_00002.png
client_2,15365,35,32,6,5,30,27,10,Train/10/00010_00011_00005.png
client_2,22715,47,46,6,5,42,41,14,Train/14/00014_00003_00005.png
client_2,22155,56,54,5,5,51,48,13,Train/13/00013_00056_00015.png
client_2,33802,59,70,5,6,54,64,34,Train/34/00034_00000_00023.png
client_2,21223,45,40,5,5,39,35,13,Train/13/00013_00025_00013.png
client_2,23757,74,81,6,8,68,74,15,Train/15/00015_00011_00027.png
client_2,15625,74,76,6,7,68,70,10,Train/10/00010_00019_00025.png
client_2,32904,47,44,6,5,42,39,32,Train/32/00032_00001_00024.png
client_2,19942,134,136,12,12,123,125,12,Train/12/00012_00052_00022.png
client_2,23498,31,34,6,5,26,29,15,Train/15/00015_00003_00008.png
client_2,7802,31,31,5,5,26,26,4,Train/4/00004_00045_00002.png
client_2,18824,44,46,6,5,39,41,12,Train/12/00012_00015_00014.png
client_2,12728,39,39,6,6,34,34,8,Train/8/00008_00019_00008.png
client_2,18256,57,51,5,5,52,46,11,Train/11/00011_00040_00016.png
client_2,17963,93,84,9,7,85,77,11,Train/11/00011_00030_00023.png
client_2,15796,39,41,6,6,34,36,10,Train/10/00010_00025_00016.png
client_2,18585,45,46,6,5,40,41,12,Train/12/00012_00007_00015.png
client_2,26405,38,39,5,6,33,34,18,Train/18/00018_00028_00005.png
client_2,35876,124,122,11,11,114,112,37,Train/37/00037_00002_00027.png
client_2,35892,37,36,6,5,32,31,37,Train/37/00037_00003_00013.png
client_2,12481,32,32,6,6,27,27,8,Train/8/00008_00011_00001.png
client_2,22669,73,73,7,6,67,67,14,Train/14/00014_00001_00019.png
client_2,23626,37,39,5,5,32,34,15,Train/15/00015_00007_00016.png
client_2,17468,38,37,6,6,33,32,11,Train/11/00011_00014_00008.png
client_2,15942,32,32,5,5,27,27,10,Train/10/00010_00030_00012.png
client_2,22541,37,36,6,5,32,31,13,Train/13/00013_00069_00011.png
client_2,3942,54,56,5,6,49,51,2,Train/2/00002_00038_00012.png
client_2,13491,47,48,5,5,41,43,8,Train/8/00008_00044_00021.png
client_2,17613,34,29,6,5,29,24,11,Train/11/00011_00019_00003.png
client_2,10006,39,38,6,5,34,33,5,Train/5/00005_00052_00016.png
client_2,16642,74,75,7,6,68,69,10,Train/10/00010_00053_00022.png
client_2,16613,61,61,6,6,56,56,10,Train/10/00010_00052_00023.png
client_2,17004,40,41,5,6,35,36,10,Train/10/00010_00065_00024.png
client_2,9557,37,33,6,5,32,28,5,Train/5/00005_00037_00017.png
client_2,17408,44,40,6,5,38,35,11,Train/11/00011_00012_00008.png
client_2,23356,40,40,5,5,35,35,14,Train/14/00014_00024_00016.png
client_2,15531,45,44,6,5,40,39,10,Train/10/00010_00016_00021.png
client_2,13080,26,26,6,6,21,21,8,Train/8/00008_00031_00000.png
client_2,25989,42,41,6,5,37,36,18,Train/18/00018_00014_00009.png
client_2,15861,50,51,5,5,45,46,10,Train/10/00010_00027_00021.png
client_2,15721,34,35,6,6,29,30,10,Train/10/00010_00023_00001.png
client_2,89,105,99,10,8,96,91,20,Train/20/00020_00002_00029.png
client_2,26586,37,35,5,5,32,29,18,Train/18/00018_00034_00006.png
client_2,15620,55,55,5,5,50,50,10,Train/10/00010_00019_00020.png
client_2,4843,37,37,6,6,32,31,2,Train/2/00002_00068_00013.png
client_2,9199,38,39,5,6,33,34,5,Train/5/00005_00025_00019.png
client_2,16078,83,74,7,6,76,68,10,Train/10/00010_00034_00028.png
client_2,7173,36,35,6,5,31,30,4,Train/4/00004_00024_00003.png
client_2,20308,137,146,12,12,126,134,12,Train/12/00012_00064_00028.png
client_2,31093,47,44,5,6,42,39,28,Train/28/00028_00009_00013.png
client_2,632,46,48,6,6,41,43,1,Train/1/00001_00002_00002.png
client_2,33793,46,51,5,5,41,46,34,Train/34/00034_00000_00014.png
client_2,18353,50,49,6,5,44,43,11,Train/11/00011_00043_00023.png
client_2,12642,37,38,5,5,32,33,8,Train/8/00008_00016_00012.png
client_2,9039,29,28,6,5,24,23,5,Train/5/00005_00020_00009.png
client_2,39166,37,38,5,6,32,33,42,Train/42/00042_00006_00017.png
client_2,21003,34,33,6,5,29,28,13,Train/13/00013_00018_00003.png
client_2,8767,38,39,6,6,33,34,5,Train/5/00005_00011_00007.png
client_2,4143,27,27,5,6,22,22,2,Train/2/00002_00045_00003.png
client_2,35807,44,43,5,6,39,38,37,Train/37/00037_00000_00018.png
client_2,304,35,33,5,6,29,27,20,Train/20/00020_00010_00004.png
client_2,15379,51,51,6,6,46,46,10,Train/10/00010_00011_00019.png
client_2,26089,48,42,6,5,43,37,18,Train/18/00018_00017_00019.png
client_2,19684,34,33,6,5,29,28,12,Train/12/00012_00044_00004.png
client_2,15982,50,47,6,6,45,42,10,Train/10/00010_00031_00022.png
client_2,26342,39,34,5,6,34,29,18,Train/18/00018_00026_00002.png
client_2,4669,53,55,5,5,48,50,2,Train/2/00002_00062_00019.png
client_2,22372,56,52,5,5,51,47,13,Train/13/00013_00063_00022.png
client_2,23577,60,60,6,6,55,55,15,Train/15/00015_00005_00027.png
client_2,10058,32,31,5,5,27,26,5,Train/5/00005_00054_00008.png
client_2,131,36,35,6,5,31,30,20,Train/20/00020_00004_00011.png
client_2,4705,40,40,6,6,35,35,2,Train/2/00002_00063_00025.png
client_2,32982,34,33,6,6,28,28,32,Train/32/00032_00004_00012.png
client_2,31850,69,65,6,6,63,60,30,Train/30/00030_00007_00020.png
client_2,5212,46,46,6,5,41,40,3,Train/3/00003_00005_00022.png
client_2,15713,54,52,6,5,49,47,10,Train/10/00010_00022_00023.png
client_2,34027,32,35,5,6,27,30,34,Train/34/00034_00008_00008.png
client_2,17328,62,56,5,5,57,51,11,Train/11/00011_00009_00018.png
client_2,15830,39,39,5,5,34,34,10,Train/10/00010_00026_00020.png
client_2,26114,58,56,5,5,53,51,18,Train/18/00018_00018_00014.png
client_2,22034,43,39,5,5,37,33,13,Train/13/00013_00052_00014.png
client_2,18138,71,70,7,7,64,64,11,Train/11/00011_00036_00018.png
client_2,25770,56,50,5,5,51,45,18,Train/18/00018_00007_00000.png
client_2,19953,42,38,6,5,37,32,12,Train/12/00012_00053_00003.png
client_2,27535,117,100,11,9,107,92,22,Train/22/00022_00007_00025.png
client_2,22272,49,45,5,6,44,40,13,Train/13/00013_00060_00012.png
client_2,33876,52,54,6,6,46,48,34,Train/34/00034_00003_00007.png
client_2,3435,36,36,6,6,31,31,2,Train/2/00002_00021_00015.png
client_2,35961,83,84,8,8,76,77,37,Train/37/00037_00005_00022.png
client_2,9263,57,54,6,6,51,49,5,Train/5/00005_00027_00023.png
client_2,1308,30,28,6,5,25,23,1,Train/1/00001_00024_00018.png
client_2,22792,68,68,7,7,62,62,14,Train/14/00014_00005_00022.png
client_2,15528,41,41,6,6,36,36,10,Train/10/00010_00016_00018.png
client_2,20289,31,33,5,6,26,28,12,Train/12/00012_00064_00009.png
client_2,16032,33,33,5,5,27,27,10,Train/10/00010_00033_00012.png
client_2,23040,38,46,5,5,33,41,14,Train/14/00014_00014_00000.png
client_2,2973,27,28,5,6,22,23,2,Train/2/00002_00006_00003.png
client_2,23161,44,44,6,6,38,39,14,Train/14/00014_00018_00001.png
client_2,20131,29,30,6,6,24,25,12,Train/12/00012_00059_00001.png
client_2,16843,33,32,5,5,28,26,10,Train/10/00010_00060_00013.png
client_2,16650,31,31,6,6,26,26,10,Train/10/00010_00054_00000.png
client_2,31283,65,58,6,6,60,52,28,Train/28/00028_00015_00023.png
client_2,23355,38,39,5,6,32,33,14,Train/14/00014_00024_00015.png
client_2,16041,44,42,6,5,39,37,10,Train/10/00010_00033_00021.png
client_2,221,28,29,5,6,23,24,20,Train/20/00020_00007_00011.png
client_2,7720,34,34,6,6,29,29,4,Train/4/00004_00042_00010.png
client_2,22449,36,34,5,6,31,29,13,Train/13/00013_00066_00009.png
client_2,13490,44,45,5,5,39,40,8,Train/8/00008_00044_00020.png
client_2,25997,50,53,6,6,45,48,18,Train/18/00018_00014_00017.png
client_2,26298,51,49,6,5,46,43,18,Train/18/00018_00024_00018.png
client_2,12578,36,38,5,6,31,33,8,Train/8/00008_00014_00008.png
client_2,16473,30,30,5,5,25,25,10,Train/10/00010_00048_00003.png
client_2,26350,44,40,6,5,39,35,18,Train/18/00018_00026_00010.png
client_2,21176,63,99,6,9,58,91,13,Train/13/00013_00023_00026.png
client_2,27425,31,28,5,5,26,23,22,Train/22/00022_00004_00005.png
client_2,33880,57,59,5,5,52,54,34,Train/34/00034_00003_00011.png
client_2,15958,64,65,5,6,59,60,10,Train/10/00010_00030_00028.png
client_2,15885,38,38,6,6,33,33,10,Train/10/00010_00028_00015.png
client_2,25903,40,39,6,6,35,34,18,Train/18/00018_00011_00013.png
client_2,15607,36,36,5,5,31,31,10,Train/10/00010_00019_00007.png
client_2,146,48,49,5,6,43,44,20,Train/20/00020_00004_00026.png
client_2,18163,38,41,6,6,32,36,11,Train/11/00011_00037_00013.png
client_2,25609,68,60,6,5,61,54,18,Train/18/00018_00001_00019.png
client_2,25960,46,46,6,6,41,41,18,Train/18/00018_00013_00010.png
client_2,31211,54,54,5,5,48,49,28,Train/28/00028_00013_00011.png
client_2,17699,111,94,9,9,102,86,11,Train/11/00011_00021_00029.png
client_2,4246,35,34,5,6,30,29,2,Train/2/00002_00048_00016.png
client_2,1746,38,38,6,6,33,33,1,Train/1/00001_00039_00006.png
client_2,4827,92,88,8,7,84,81,2,Train/2/00002_00067_00027.png
client_2,20445,61,64,6,6,56,59,12,Train/12/00012_00069_00015.png
client_2,22912,63,64,5,5,58,59,14,Train/14/00014_00009_00022.png
client_2,31278,48,44,6,5,43,38,28,Train/28/00028_00015_00018.png
client_2,16211,34,34,6,6,29,29,10,Train/10/00010_00039_00011.png
client_2,16174,29,29,5,6,24,24,10,Train/10/00010_00038_00004.png
client_2,12722,33,34,5,6,28,29,8,Train/8/00008_00019_00002.png
client_2,16244,39,37,6,5,34,32,10,Train/10/00010_00040_00014.png
client_2,4755,63,63,6,5,58,58,2,Train/2/00002_00065_00015.png
client_2,15044,43,43,5,5,38,38,10,Train/10/00010_00000_00014.png
client_2,845,33,33,6,6,27,28,1,Train/1/00001_00009_00005.png
client_2,16879,48,40,6,6,42,35,10,Train/10/00010_00061_00019.png
client_2,30946,49,43,6,5,43,38,28,Train/28/00028_00004_00016.png
client_2,34041,51,51,5,5,46,46,34,Train/34/00034_00008_00022.png
client_2,15665,36,36,5,6,31,31,10,Train/10/00010_00021_00005.png
client_2,25691,87,76,8,7,80,70,18,Train/18/00018_00004_00011.png
client_2,12365,34,33,6,6,28,28,8,Train/8/00008_00007_00005.png
client_2,17742,41,38,6,5,36,33,11,Train/11/00011_00023_00012.png
client_2,15190,35,34,6,5,30,29,10,Train/10/00010_00005_00010.png
client_2,30010,47,47,5,6,42,41,26,Train/26/00026_00001_00010.png
client_2,18632,34,33,6,6,29,28,12,Train/12/00012_00009_00002.png
client_2,15039,40,41,5,6,35,36,10,Train/10/00010_00000_00009.png
client_2,31629,38,36,6,5,33,31,30,Train/30/00030_00000_00009.png
client_2,6135,40,40,6,6,35,35,3,Train/3/00003_00036_00015.png
client_2,19183,48,47,6,5,43,42,12,Train/12/00012_00027_00013.png
client_2,18295,81,71,8,7,74,65,11,Train/11/00011_00041_00025.png
client_2,38205,44,47,5,6,39,42,39,Train/39/00039_00004_00016.png
client_2,18040,43,39,6,6,38,34,11,Train/11/00011_00033_00010.png
client_2,6680,41,41,6,5,36,35,4,Train/4/00004_00007_00020.png
client_2,12627,59,56,6,6,54,50,8,Train/8/00008_00015_00027.png
client_2,12946,37,38,6,5,32,33,8,Train/8/00008_00026_00016.png
client_2,3779,75,70,6,6,69,64,2,Train/2/00002_00032_00029.png
client_2,32229,36,36,6,5,31,31,31,Train/31/00031_00005_00009.png
client_2,16614,60,60,5,5,55,55,10,Train/10/00010_00052_00024.png
client_2,3025,63,62,6,6,57,56,2,Train/2/00002_00007_00025.png
client_2,23478,47,57,5,6,41,52,15,Train/15/00015_00002_00018.png
client_2,26062,50,46,6,6,44,41,18,Train/18/00018_00016_00022.png
client_2,20278,87,94,7,9,80,86,12,Train/12/00012_00063_00028.png
client_2,16015,60,50,6,6,55,45,10,Train/10/00010_00032_00025.png
client_2,15351,45,46,5,6,40,41,10,Train/10/00010_00010_00021.png
client_2,18584,42,45,5,6,37,40,12,Train/12/00012_00007_00014.png
client_2,12880,36,36,5,5,31,31,8,Train/8/00008_00024_00010.png
client_2,26731,39,37,6,6,34,32,18,Train/18/00018_00039_00001.png
client_2,22962,49,47,6,5,43,42,14,Train/14/00014_00011_00012.png
client_2,15770,48,48,6,5,43,43,10,Train/10/00010_00024_00020.png
client_2,15786,29,30,5,5,24,25,10,Train/10/00010_00025_00006.png
client_2,16040,42,40,6,5,37,35,10,Train/10/00010_00033_00020.png
client_2,12464,39,38,6,5,34,33,8,Train/8/00008_00010_00014.png
client_2,4330,39,38,5,5,34,33,2,Train/2/00002_00051_00010.png
client_2,15514,31,31,5,5,25,25,10,Train/10/00010_00016_00004.png
client_2,26125,99,87,9,8,91,80,18,Train/18/00018_00018_00025.png
client_2,25782,73,63,6,5,66,58,18,Train/18/00018_00007_00012.png
client_2,16450,34,33,6,5,29,28,10,Train/10/00010_00047_00010.png
client_2,12174,51,54,6,6,46,49,8,Train/8/00008_00000_00024.png
client_2,25768,111,100,10,9,102,92,18,Train/18/00018_00006_00028.png
client_2,15057,55,56,6,5,50,51,10,Train/10/00010_00000_00027.png
client_2,2993,49,51,5,6,44,46,2,Train/2/00002_00006_00023.png
client_2,15112,43,41,6,6,38,36,10,Train/10/00010_00002_00022.png
client_2,15266,88,87,8,7,81,80,10,Train/10/00010_00007_00026.png
client_2,15715,54,55,5,5,49,50,10,Train/10/00010_00022_00025.png
client_2,16674,56,57,5,6,51,52,10,Train/10/00010_00054_00024.png
client_2,34038,45,47,5,6,40,42,34,Train/34/00034_00008_00019.png
client_2,3820,36,37,6,6,31,32,2,Train/2/00002_00034_00010.png
client_2,20663,60,53,6,5,55,48,13,Train/13/00013_00006_00023.png
client_2,18805,81,80,8,7,73,72,12,Train/12/00012_00014_00025.png
client_2,38626,69,69,7,6,63,62,40,Train/40/00040_00008_00017.png
client_2,28388,38,34,5,5,33,29,24,Train/24/00024_00006_00008.png
client_2,18208,113,101,10,9,104,93,11,Train/11/00011_00038_00028.png
client_2,18767,39,39,6,5,34,33,12,Train/12/00012_00013_00017.png
client_2,23451,48,105,5,10,43,96,15,Train/15/00015_00001_00021.png
client_2,18895,81,82,7,8,74,75,12,Train/12/00012_00017_00025.png
client_2,19117,35,40,6,6,30,35,12,Train/12/00012_00025_00007.png
client_2,33787,34,40,6,6,29,35,34,Train/34/00034_00000_00008.png
client_2,35919,31,33,6,6,26,27,37,Train/37/00037_00004_00010.png
client_2,15760,32,34,5,6,27,29,10,Train/10/00010_00024_00010.png
client_2,15910,34,33,6,5,29,28,10,Train/10/00010_00029_00010.png
client_2,9406,35,37,5,6,30,32,5,Train/5/00005_00032_00016.png
client_2,8735,31,33,5,5,26,27,5,Train/5/00005_00010_00005.png
client_2,12522,41,41,5,5,36,36,8,Train/8/00008_00012_00012.png
client_2,16547,42,41,6,5,37,36,10,Train/10/00010_00050_00017.png
client_2,23141,35,36,6,6,30,30,14,Train/14/00014_00017_00011.png
client_2,15211,29,29,5,5,24,24,10,Train/10/00010_00006_00001.png
client_2,18092,51,55,5,6,46,50,11,Train/11/00011_00035_00002.png
client_2,16033,34,34,6,6,29,29,10,Train/10/00010_00033_00013.png
client_2,17879,141,119,12,11,129,109,11,Train/11/00011_00027_00029.png
client_2,12856,40,40,5,5,35,35,8,Train/8/00008_00023_00016.png
client_2,16797,62,60,6,5,57,55,10,Train/10/00010_00058_00027.png
client_2,17277,84,75,7,7,76,69,11,Train/11/00011_00007_00027.png
client_2,7340,52,52,6,6,47,47,4,Train/4/00004_00029_00020.png
client_2,12742,59,59,6,6,54,54,8,Train/8/00008_00019_00022.png
client_2,25798,148,132,12,12,136,121,18,Train/18/00018_00007_00028.png
client_2,26605,72,68,6,7,66,62,18,Train/18/00018_00034_00025.png
client_2,15388,95,94,9,8,87,86,10,Train/10/00010_00011_00028.png
client_2,4167,67,68,6,7,61,62,2,Train/2/00002_00045_00027.png
client_2,15061,29,27,5,6,24,22,10,Train/10/00010_00001_00001.png
client_2,12353,47,47,5,5,42,42,8,Train/8/00008_00006_00023.png
client_2,16515,38,38,5,5,33,33,10,Train/10/00010_00049_00015.png
client_2,26050,36,33,6,6,31,28,18,Train/18/00018_00016_00010.png
client_2,25975,88,87,8,7,81,80,18,Train/18/00018_00013_00025.png
client_2,2482,57,56,6,5,52,51,1,Train/1/00001_00063_00022.png
client_2,3454,30,30,6,5,25,25,2,Train/2/00002_00022_00004.png
client_2,3489,32,33,5,6,27,28,2,Train/2/00002_00023_00009.png
client_2,23207,77,81,7,7,70,73,14,Train/14/00014_00019_00017.png
client_2,1443,35,36,6,6,29,31,1,Train/1/00001_00029_00003.png
client_2,17357,73,64,7,5,67,59,11,Train/11/00011_00010_00017.png
client_2,22980,43,43,5,5,38,38,14,Train/14/00014_00012_00000.png
client_2,33841,30,28,5,5,24,23,34,Train/34/00034_00002_00002.png
client_2,17529,49,47,6,5,44,42,11,Train/11/00011_00016_00009.png
client_2,23064,117,127,10,11,106,116,14,Train/14/00014_00014_00024.png
client_2,20351,42,47,5,5,37,42,12,Train/12/00012_00066_00011.png
client_2,17582,44,42,5,5,39,37,11,Train/11/00011_00018_00002.png
client_2,21487,36,35,6,6,31,29,13,Train/13/00013_00034_00007.png
client_2,23610,26,28,5,6,21,23,15,Train/15/00015_00007_00000.png
client_2,26528,53,53,5,5,48,48,18,Train/18/00018_00032_00008.png
client_2,15196,38,37,6,5,33,32,10,Train/10/00010_00005_00016.png
client_2,12394,33,33,6,6,28,28,8,Train/8/00008_00008_00004.png
client_2,35830,39,38,6,5,34,33,37,Train/37/00037_00001_00011.png
client_2,19766,56,56,6,6,51,51,12,Train/12/00012_00046_00026.png
client_2,15331,32,31,6,5,26,25,10,Train/10/00010_00010_00001.png
client_2,23373,29,31,5,6,23,25,14,Train/14/00014_00025_00003.png
client_2,4306,35,35,5,5,30,30,2,Train/2/00002_00050_00016.png
client_2,26487,123,112,10,9,112,103,18,Train/18/00018_00030_00027.png
client_2,18075,57,54,5,6,52,49,11,Train/11/00011_00034_00015.png
client_2,20721,60,77,6,7,54,71,13,Train/13/00013_00008_00021.png
client_2,16155,36,35,6,6,31,29,10,Train/10/00010_00037_00015.png
client_2,4806,36,37,5,6,30,31,2,Train/2/00002_00067_00006.png
client_2,15767,43,43,6,6,38,38,10,Train/10/00010_00024_00017.png
client_2,25992,46,46,6,6,41,41,18,Train/18/00018_00014_00012.png
client_2,38106,30,31,6,6,25,26,39,Train/39/00039_00001_00007.png
client_2,22438,104,92,9,9,95,84,13,Train/13/00013_00065_00028.png
client_2,8513,38,41,5,6,33,35,5,Train/5/00005_00002_00023.png
client_2,16725,37,38,5,6,32,33,10,Train/10/00010_00056_00015.png
client_2,17264,58,54,5,6,52,49,11,Train/11/00011_00007_00014.png
client_2,13483,36,38,5,5,31,33,8,Train/8/00008_00044_00013.png
client_2,15102,37,35,6,6,32,30,10,Train/10/00010_00002_00012.png
client_2,26488,152,141,14,13,139,129,18,Train/18/00018_00030_00028.png
client_2,33812,29,29,5,5,24,24,34,Train/34/00034_00001_00003.png
client_2,22038,48,43,5,5,43,38,13,Train/13/00013_00052_00018.png
client_2,13026,31,32,5,6,26,27,8,Train/8/00008_00029_00006.png
client_2,17084,75,72,7,7,69,66,11,Train/11/00011_00001_00014.png
client_2,33055,53,56,5,6,48,51,32,Train/32/00032_00006_00025.png
client_2,15063,29,27,5,6,23,22,10,Train/10/00010_00001_00003.png
client_2,22924,61,69,6,6,56,63,14,Train/14/00014_00010_00004.png
client_2,16229,74,80,6,8,68,73,10,Train/10/00010_00039_00029.png
client_2,20249,196,196,16,16,180,180,12,Train/12/00012_00062_00029.png
client_2,22360,37,35,5,5,32,30,13,Train/13/00013_00063_00010.png
client_2,38450,58,58,5,5,53,53,40,Train/40/00040_00002_00021.png
client_2,20060,55,54,6,6,49,49,12,Train/12/00012_00056_00020.png
client_2,20367,60,69,5,6,55,63,12,Train/12/00012_00066_00027.png
client_2,4703,37,38,5,6,32,33,2,Train/2/00002_00063_00023.png
client_2,15144,45,46,6,6,40,41,10,Train/10/00010_00003_00024.png
client_2,18609,38,38,6,6,33,33,12,Train/12/00012_00008_00009.png
client_2,22972,70,70,6,6,64,64,14,Train/14/00014_00011_00022.png
client_2,23044,41,52,6,6,36,47,14,Train/14/00014_00014_00004.png
client_2,12428,35,35,5,5,30,30,8,Train/8/00008_00009_00008.png
client_2,18223,38,37,5,6,32,31,11,Train/11/00011_00039_00013.png
client_2,15152,27,29,5,6,22,23,10,Train/10/00010_00004_00002.png
client_2,12594,61,61,6,5,56,56,8,Train/8/00008_00014_00024.png
client_2,17635,53,48,6,5,48,43,11,Train/11/00011_00019_00025.png
client_2,28451,43,45,6,5,38,40,24,Train/24/00024_00008_00011.png
client_2,25869,82,74,8,7,75,67,18,Train/18/00018_00010_00009.png
client_2,16117,30,28,5,6,25,22,10,Train/10/00010_00036_00007.png
client_2,20213,65,67,6,6,60,61,12,Train/12/00012_00061_00023.png
client_2,18231,51,46,6,6,46,41,11,Train/11/00011_00039_00021.png
client_2,16316,56,60,5,6,51,55,10,Train/10/00010_00042_00026.png
client_2,13049,147,148,13,12,135,136,8,Train/8/00008_00029_00029.png
client_2,26286,35,33,6,6,29,27,18,Train/18/00018_00024_00006.png
client_2,28716,77,75,7,7,71,68,25,Train/25/00025_00008_00006.png
client_2,22898,34,35,6,5,29,30,14,Train/14/00014_00009_00008.png
client_2,18695,41,42,6,6,35,37,12,Train/12/00012_00011_00005.png
client_2,22018,108,99,10,8,99,91,13,Train/13/00013_00051_00028.png
client_2,17987,69,62,7,6,63,57,11,Train/11/00011_00031_00017.png
client_2,20343,38,44,5,6,33,39,12,Train/12/00012_00066_00003.png
client_2,23604,58,58,6,6,53,53,15,Train/15/00015_00006_00024.png
client_2,33996,31,31,6,6,26,26,34,Train/34/00034_00007_00007.png
client_2,18433,45,50,6,6,40,45,12,Train/12/00012_00002_00013.png
client_2,3793,33,34,6,5,28,29,2,Train/2/00002_00033_00013.png
client_2,15940,30,31,5,6,25,26,10,Train/10/00010_00030_00010.png
client_2,19907,42,41,5,6,37,36,12,Train/12/00012_00051_00017.png
client_2,23184,106,110,9,10,97,101,14,Train/14/00014_00018_00024.png
client_2,12321,45,47,5,5,40,42,8,Train/8/00008_00005_00021.png
client_2,18797,48,47,6,6,43,42,12,Train/12/00012_00014_00017.png
client_2,12936,30,31,6,6,25,26,8,Train/8/00008_00026_00006.png
client_2,15586,46,46,5,5,41,41,10,Train/10/00010_00018_00016.png
client_2,25575,30,27,5,5,25,22,18,Train/18/00018_00000_00015.png
client_2,18988,70,67,7,6,64,61,12,Train/12/00012_00020_00028.png
client_2,13147,29,30,5,5,24,25,8,Train/8/00008_00033_00007.png
client_2,15507,86,87,7,8,79,80,10,Train/10/00010_00015_00027.png
client_2,6332,29,30,6,6,24,25,3,Train/3/00003_00043_00002.png
client_2,35984,56,58,6,5,51,53,37,Train/37/00037_00006_00015.png
client_2,35533,38,42,5,6,33,36,36,Train/36/00036_00004_00014.png
client_2,20033,63,64,5,5,58,59,12,Train/12/00012_00055_00023.png
client_2,38144,57,62,6,5,52,57,39,Train/39/00039_00002_00015.png
client_2,26196,30,31,6,6,25,26,18,Train/18/00018_00021_00006.png
client_2,25928,34,34,5,5,29,29,18,Train/18/00018_00012_00008.png
client_2,16756,46,44,6,6,41,39,10,Train/10/00010_00057_00016.png
client_2,16666,42,43,5,6,37,38,10,Train/10/00010_00054_00016.png
client_2,22816,46,48,5,5,41,43,14,Train/14/00014_00006_00016.png
client_2,15630,28,28,5,6,23,23,10,Train/10/00010_00020_00000.png
client_2,15355,54,53,6,5,49,48,10,Train/10/00010_00010_00025.png
client_2,1939,65,64,6,5,60,59,1,Train/1/00001_00045_00019.png
client_2,15231,48,47,6,5,43,42,10,Train/10/00010_00006_00021.png
client_2,21845,34,40,6,5,29,35,13,Train/13/00013_00046_00005.png
client_2,7807,34,35,5,5,29,30,4,Train/4/00004_00045_00007.png
client_2,34609,49,49,6,6,44,44,35,Train/35/00035_00013_00020.png
client_2,15579,35,34,6,5,30,29,10,Train/10/00010_00018_00009.png
client_2,15459,36,36,6,6,31,31,10,Train/10/00010_00014_00009.png
client_2,2909,76,75,7,6,70,69,2,Train/2/00002_00003_00029.png
client_2,9834,71,71,7,6,65,65,5,Train/5/00005_00046_00024.png
client_2,26717,57,56,6,5,52,51,18,Train/18/00018_00038_00017.png
client_2,18938,35,34,6,5,30,29,12,Train/12/00012_00019_00008.png
client_2,23580,27,27,6,6,21,22,15,Train/15/00015_00006_00000.png
client_2,25621,36,33,6,5,31,27,18,Train/18/00018_00002_00001.png
client_2,15658,54,55,5,6,49,50,10,Train/10/00010_00020_00028.png
client_2,17757,84,75,7,6,77,69,11,Train/11/00011_00023_00027.png
client_2,15270,31,31,6,6,26,26,10,Train/10/00010_00008_00000.png
client_2,4501,27,27,6,5,22,22,2,Train/2/00002_00057_00001.png
client_2,19361,42,47,6,6,37,42,12,Train/12/00012_00033_00011.png
client_2,26726,99,97,9,9,91,89,18,Train/18/00018_00038_00026.png
client_2,26462,30,27,6,5,24,21,18,Train/18/00018_00030_00002.png
client_2,12993,29,27,6,6,23,22,8,Train/8/00008_00028_00003.png
client_2,34086,31,38,5,6,26,32,34,Train/34/00034_00010_00007.png
client_2,15325,55,54,6,5,50,49,10,Train/10/00010_00009_00025.png
client_2,16589,118,119,10,11,108,109,10,Train/10/00010_00051_00029.png
client_2,23656,49,49,6,6,44,44,15,Train/15/00015_00008_00016.png
client_2,16141,28,27,6,6,22,21,10,Train/10/00010_00037_00001.png
client_2,39037,31,31,6,6,25,25,42,Train/42/00042_00002_00008.png
client_2,38614,31,35,5,5,25,29,40,Train/40/00040_00008_00005.png
client_2,26314,37,36,5,6,32,31,18,Train/18/00018_00025_00004.png
client_2,15530,42,43,5,6,37,38,10,Train/10/00010_00016_00020.png
client_2,15948,36,36,5,5,31,31,10,Train/10/00010_00030_00018.png
client_2,3633,32,33,5,5,27,28,2,Train/2/00002_00028_00003.png
client_2,15601,29,30,5,6,24,25,10,Train/10/00010_00019_00001.png
client_2,12474,55,54,6,5,50,49,8,Train/8/00008_00010_00024.png
client_2,15314,40,39,6,5,35,34,10,Train/10/00010_00009_00014.png
client_2,15294,61,61,6,6,56,56,10,Train/10/00010_00008_00024.png
client_2,28407,134,118,12,11,123,108,24,Train/24/00024_00006_00027.png
client_2,23086,53,53,6,6,48,48,14,Train/14/00014_00015_00016.png
client_2,24292,91,89,8,8,83,82,16,Train/16/00016_00008_00022.png
client_2,20385,46,45,5,5,41,40,12,Train/12/00012_00067_00015.png
client_2,23069,166,180,14,15,152,165,14,Train/14/00014_00014_00029.png
client_2,19897,35,36,6,6,30,31,12,Train/12/00012_00051_00007.png
client_2,8874,57,56,6,5,52,51,5,Train/5/00005_00014_00024.png
client_2,20062,56,59,5,6,51,54,12,Train/12/00012_00056_00022.png
client_2,38244,70,71,6,6,64,65,39,Train/39/00039_00005_00025.png
client_2,18408,44,45,5,6,39,40,12,Train/12/00012_00001_00018.png
client_2,31983,34,34,5,5,29,29,30,Train/30/00030_00012_00003.png
client_2,26552,46,42,5,5,41,37,18,Train/18/00018_00033_00002.png
client_2,2798,39,35,6,5,34,30,2,Train/2/00002_00000_00008.png
client_2,19157,46,47,5,6,41,42,12,Train/12/00012_00026_00017.png
client_2,32870,44,45,5,6,39,40,32,Train/32/00032_00000_00020.png
client_2,16498,61,60,6,5,56,55,10,Train/10/00010_00048_00028.png
client_2,16554,50,49,5,5,45,44,10,Train/10/00010_00050_00024.png
client_2,35955,61,62,5,6,56,57,37,Train/37/00037_00005_00016.png
client_2,13060,31,30,6,5,25,24,8,Train/8/00008_00030_00010.png
client_2,38201,38,38,6,6,32,33,39,Train/39/00039_00004_00012.png
client_2,20280,27,27,6,5,22,22,12,Train/12/00012_00064_00000.png
client_2,18336,38,39,6,5,32,33,11,Train/11/00011_00043_00006.png
client_2,27319,60,55,6,6,55,50,22,Train/22/00022_00000_00019.png
client_2,18934,30,31,5,5,25,26,12,Train/12/00012_00019_00004.png
client_2,26331,75,72,7,7,69,65,18,Train/18/00018_00025_00021.png
client_2,34056,35,34,6,5,30,29,34,Train/34/00034_00009_00007.png
client_2,4673,64,71,6,7,59,65,2,Train/2/00002_00062_00023.png
client_2,27636,37,37,6,6,32,32,22,Train/22/00022_00011_00006.png
client_2,19102,64,65,5,6,59,60,12,Train/12/00012_00024_00022.png
client_2,20414,35,36,5,6,30,31,12,Train/12/00012_00068_00014.png
client_2,15645,32,32,6,6,27,27,10,Train/10/00010_00020_00015.png
client_2,35882,32,31,6,5,26,25,37,Train/37/00037_00003_00003.png
client_2,17692,62,54,6,6,57,49,11,Train/11/00011_00021_00022.png
client_2,15203,49,48,6,5,44,43,10,Train/10/00010_00005_00023.png
client_2,12383,49,49,5,5,44,44,8,Train/8/00008_00007_00023.png
client_2,16703,48,48,5,5,43,43,10,Train/10/00010_00055_00023.png
client_2,2958,45,45,6,5,40,40,2,Train/2/00002_00005_00018.png
client_2,2990,42,44,5,6,37,39,2,Train/2/00002_00006_00020.png
client_2,19879,53,53,6,5,47,47,12,Train/12/00012_00050_00019.png
client_2,27655,67,63,6,6,61,58,22,Train/22/00022_00011_00025.png
client_2,26057,41,38,5,5,36,33,18,Train/18/00018_00016_00017.png
client_2,25821,82,73,7,7,75,67,18,Train/18/00018_00008_00021.png
client_2,22292,46,43,5,6,40,37,13,Train/13/00013_00061_00002.png
client_2,4951,27,27,5,5,21,22,2,Train/2/00002_00072_00001.png
client_2,4363,68,65,7,6,62,60,2,Train/2/00002_00052_00013.png
client_2,16555,52,52,5,6,47,47,10,Train/10/00010_00050_00025.png
client_2,23555,30,30,6,6,25,25,15,Train/15/00015_00005_00005.png
client_2,35814,50,51,5,6,45,45,37,Train/37/00037_00000_00025.png
client_2,30904,37,33,5,5,31,28,28,Train/28/00028_00003_00004.png
client_2,25693,94,82,9,7,86,75,18,Train/18/00018_00004_00013.png
client_2,22823,72,73,7,6,66,67,14,Train/14/00014_00006_00023.png
client_2,21062,38,36,5,6,33,31,13,Train/13/00013_00020_00002.png
client_2,16421,31,33,5,6,26,28,10,Train/10/00010_00046_00011.png
client_2,17588,52,48,6,6,47,43,11,Train/11/00011_00018_00008.png
client_2,22572,92,84,8,7,84,77,13,Train/13/00013_00070_00012.png
client_2,22946,131,142,11,12,120,130,14,Train/14/00014_00010_00026.png
client_2,26317,41,38,6,6,35,33,18,Train/18/00018_00025_00007.png
client_2,3429,32,31,5,5,27,26,2,Train/2/00002_00021_00009.png
client_2,168,44,42,6,6,39,36,20,Train/20/00020_00005_00018.png
client_2,7962,33,33,5,5,28,28,4,Train/4/00004_00050_00012.png
client_2,3829,46,49,5,6,41,44,2,Train/2/00002_00034_00019.png
client_2,38979,36,35,6,5,31,30,42,Train/42/00042_00000_00010.png
client_2,16956,29,29,5,5,23,24,10,Train/10/00010_00064_00006.png
client_2,26364,81,74,7,6,74,67,18,Train/18/00018_00026_00024.png
client_2,2218,97,97,8,9,89,89,1,Train/1/00001_00054_00028.png
client_2,1120,50,52,5,6,44,46,1,Train/1/00001_00018_00010.png
client_2,13329,36,36,6,5,31,31,8,Train/8/00008_00039_00009.png
client_2,15901,29,30,5,6,24,25,10,Train/10/00010_00029_00001.png
client_2,12310,35,36,6,6,30,31,8,Train/8/00008_00005_00010.png
client_2,16833,27,28,5,6,22,22,10,Train/10/00010_00060_00003.png
client_2,12231,49,46,6,5,44,41,8,Train/8/00008_00002_00021.png
client_2,26868,50,47,6,5,45,42,19,Train/19/00019_00003_00018.png
client_2,28066,39,38,6,6,33,33,23,Train/23/00023_00012_00016.png
client_2,22412,35,30,5,5,30,25,13,Train/13/00013_00065_00002.png
client_2,34172,38,39,6,5,33,34,34,Train/34/00034_00013_00003.png
client_2,25669,71,64,6,5,65,59,18,Train/18/00018_00003_00019.png
client_2,16853,47,44,5,6,42,39,10,Train/10/00010_00060_00023.png
client_2,15237,58,59,5,6,53,54,10,Train/10/00010_00006_00027.png
client_2,20073,43,44,5,5,38,39,12,Train/12/00012_00057_00003.png
client_2,17513,54,51,5,6,48,46,11,Train/11/00011_00015_00023.png
client_2,10671,40,41,6,5,34,35,6,Train/6/00006_00012_00021.png
client_2,3916,38,38,6,6,33,33,2,Train/2/00002_00037_00016.png
client_2,23187,133,135,11,11,122,124,14,Train/14/00014_00018_00027.png
client_2,26272,68,61,7,5,62,56,18,Train/18/00018_00023_00022.png
client_2,15605,33,34,5,6,28,29,10,Train/10/00010_00019_00005.png
client_2,23230,54,56,6,5,49,51,14,Train/14/00014_00020_00010.png
client_2,19963,51,46,6,6,46,41,12,Train/12/00012_00053_00013.png
client_2,12927,52,51,5,5,46,46,8,Train/8/00008_00025_00027.png
client_2,16226,60,63,5,6,54,58,10,Train/10/00010_00039_00026.png
client_2,26071,27,27,5,6,22,22,18,Train/18/00018_00017_00001.png
client_2,34024,31,32,5,5,26,27,34,Train/34/00034_00008_00005.png
client_2,34152,36,35,6,5,31,30,34,Train/34/00034_00012_00013.png
client_2,15519,34,33,6,5,29,28,10,Train/10/00010_00016_00009.png
client_2,25984,39,39,6,6,34,34,18,Train/18/00018_00014_00004.png
client_2,23155,83,86,7,8,76,78,14,Train/14/00014_00017_00025.png
client_2,17643,37,33,6,5,32,28,11,Train/11/00011_00020_00003.png
client_2,23821,29,32,6,5,24,26,15,Train/15/00015_00014_00001.png
client_2,9516,29,31,5,6,24,25,5,Train/5/00005_00036_00006.png
client_2,21269,69,123,6,11,63,113,13,Train/13/00013_00026_00029.png
client_2,10074,45,45,5,6,40,40,5,Train/5/00005_00054_00024.png
client_2,15381,57,58,5,6,52,53,10,Train/10/00010_00011_00021.png
client_2,18605,34,34,6,6,29,29,12,Train/12/00012_00008_00005.png
client_2,4870,29,31,5,6,24,26,2,Train/2/00002_00069_00010.png
client_2,4881,31,31,6,5,26,26,2,Train/2/00002_00069_00021.png
client_2,3568,84,84,7,7,77,77,2,Train/2/00002_00025_00028.png
client_2,33928,97,97,8,8,88,88,34,Train/34/00034_00004_00029.png
client_2,15036,40,41,6,6,35,36,10,Train/10/00010_00000_00006.png
client_2,23745,50,59,5,6,45,54,15,Train/15/00015_00011_00015.png
client_2,18437,52,57,5,6,47,52,12,Train/12/00012_00002_00017.png
client_2,16235,30,31,5,6,24,25,10,Train/10/00010_00040_00005.png
client_2,26702,40,39,6,5,35,34,18,Train/18/00018_00038_00002.png
client_2,12256,40,42,6,6,35,37,8,Train/8/00008_00003_00016.png
client_2,26699,116,116,11,11,106,106,18,Train/18/00018_00037_00029.png
client_2,22758,63,64,6,5,58,58,14,Train/14/00014_00004_00018.png
client_2,32912,30,31,6,6,25,25,32,Train/32/00032_00002_00002.png
client_2,25786,82,72,8,6,75,65,18,Train/18/00018_00007_00016.png
client_2,15163,31,32,5,6,26,27,10,Train/10/00010_00004_00013.png
client_2,16788,44,44,5,5,39,39,10,Train/10/00010_00058_00018.png
client_2,15955,49,49,6,6,44,44,10,Train/10/00010_00030_00025.png
client_2,16891,29,30,5,6,24,25,10,Train/10/00010_00062_00001.png
client_2,38382,47,42,6,5,42,37,40,Train/40/00040_00000_00013.png
client_2,3122,28,26,6,5,23,21,2,Train/2/00002_00011_00002.png
client_2,8285,32,31,6,5,27,26,4,Train/4/00004_00061_00005.png
client_2,12407,42,43,5,6,37,38,8,Train/8/00008_00008_00017.png
client_2,3531,46,47,5,5,41,42,2,Train/2/00002_00024_00021.png
client_2,19123,44,49,6,6,39,44,12,Train/12/00012_00025_00013.png
client_2,2817,88,86,7,7,81,79,2,Train/2/00002_00000_00027.png
client_2,5004,58,59,5,6,53,54,2,Train/2/00002_00073_00024.png
client_2,15030,37,37,6,5,32,32,10,Train/10/00010_00000_00000.png
client_2,35935,55,57,6,6,50,52,37,Train/37/00037_00004_00026.png
client_2,4287,60,59,5,5,55,54,2,Train/2/00002_00049_00027.png
client_2,15662,36,35,6,6,31,30,10,Train/10/00010_00021_00002.png
client_2,21086,118,106,11,10,108,97,13,Train/13/00013_00020_00026.png
client_2,13059,29,29,6,5,24,23,8,Train/8/00008_00030_00009.png
client_2,16210,32,33,6,6,27,27,10,Train/10/00010_00039_00010.png
client_2,23206,74,77,7,7,68,71,14,Train/14/00014_00019_00016.png
client_2,38407,36,36,6,6,31,31,40,Train/40/00040_00001_00008.png
client_2,18344,42,41,5,5,36,35,11,Train/11/00011_00043_00014.png
client_2,20490,26,29,5,6,20,24,13,Train/13/00013_00001_00000.png
client_2,39131,32,32,5,5,26,26,42,Train/42/00042_00005_00012.png
client_2,31054,61,53,6,5,56,48,28,Train/28/00028_00008_00004.png
client_2,18732,42,41,5,5,37,36,12,Train/12/00012_00012_00012.png
client_2,18093,51,55,5,5,46,50,11,Train/11/00011_00035_00003.png
client_2,15549,34,34,5,5,29,29,10,Train/10/00010_00017_00009.png
client_2,4710,26,26,5,5,21,21,2,Train/2/00002_00064_00000.png
client_2,23234,59,66,5,6,54,60,14,Train/14/00014_00020_00014.png
client_2,17795,34,33,6,5,29,28,11,Train/11/00011_00025_00005.png
client_2,16452,32,32,6,6,27,27,10,Train/10/00010_00047_00012.png
client_2,17065,82,77,7,7,75,71,11,Train/11/00011_00000_00025.png
client_2,28374,57,54,6,5,52,48,24,Train/24/00024_00005_00024.png
client_2,22606,47,46,5,6,42,41,13,Train/13/00013_00071_00016.png
client_2,35822,32,32,6,6,27,27,37,Train/37/00037_00001_00003.png
client_2,26771,83,70,8,7,76,63,19,Train/19/00019_00000_00011.png
client_2,24006,28,29,5,6,23,24,15,Train/15/00015_00020_00006.png
client_2,7004,48,50,6,5,43,45,4,Train/4/00004_00018_00014.png
client_2,15908,32,32,6,6,27,27,10,Train/10/00010_00029_00008.png
client_2,38620,47,47,5,5,42,42,40,Train/40/00040_00008_00011.png
client_2,4134,64,64,5,5,59,59,2,Train/2/00002_00044_00024.png
client_2,25613,76,69,7,7,70,63,18,Train/18/00018_00001_00023.png
client_2,20969,160,142,14,12,147,130,13,Train/13/00013_00016_00029.png
client_2,16355,29,29,6,5,24,24,10,Train/10/00010_00044_00005.png
client_2,25781,71,62,6,5,65,57,18,Train/18/00018_00007_00011.png
client_2,16747,36,34,6,6,31,29,10,Train/10/00010_00057_00007.png
client_2,16897,32,32,6,5,27,27,10,Train/10/00010_00062_00007.png
client_2,15743,48,48,6,5,43,43,10,Train/10/00010_00023_00023.png
client_2,18112,74,79,6,7,68,72,11,Train/11/00011_00035_00022.png
client_2,33909,58,59,5,6,53,54,34,Train/34/00034_00004_00010.png
client_2,38632,91,92,8,8,83,84,40,Train/40/00040_00008_00023.png
client_2,16403,55,57,5,5,50,52,10,Train/10/00010_00045_00023.png
client_2,18218,34,32,6,6,28,26,11,Train/11/00011_00039_00008.png
client_2,12741,59,58,6,5,54,53,8,Train/8/00008_00019_00021.png
client_2,15749,57,59,5,6,52,54,10,Train/10/00010_00023_00029.png
client_2,24325,46,50,6,6,40,44,16,Train/16/00016_00009_00025.png
client_2,13221,48,48,6,6,43,43,8,Train/8/00008_00035_00021.png
client_2,2709,43,43,6,6,38,38,1,Train/1/00001_00071_00009.png
client_2,19760,47,46,6,5,42,41,12,Train/12/00012_00046_00020.png
client_2,12810,30,26,6,5,25,21,8,Train/8/00008_00022_00000.png
client_2,15079,49,45,6,6,44,40,10,Train/10/00010_00001_00019.png
client_2,35838,55,55,6,5,50,50,37,Train/37/00037_00001_00019.png
client_2,4224,37,38,5,5,32,33,2,Train/2/00002_00047_00024.png
client_2,38594,36,39,5,5,31,33,40,Train/40/00040_00007_00015.png
client_2,17428,179,159,16,13,164,146,11,Train/11/00011_00012_00028.png
client_2,33834,43,43,5,6,38,38,34,Train/34/00034_00001_00025.png
client_2,16424,35,34,6,5,29,29,10,Train/10/00010_00046_00014.png
client_2,22255,97,89,9,8,89,82,13,Train/13/00013_00059_00025.png
client_2,15644,31,29,5,5,26,24,10,Train/10/00010_00020_00014.png
client_2,26239,86,86,7,8,79,79,18,Train/18/00018_00022_00019.png
client_2,4098,40,41,5,6,34,35,2,Train/2/00002_00043_00018.png
client_2,23831,33,39,5,6,28,34,15,Train/15/00015_00014_00011.png
client_2,26308,111,111,10,10,102,101,18,Train/18/00018_00024_00028.png
client_2,4719,31,31,5,5,26,26,2,Train/2/00002_00064_00009.png
client_2,16602,42,42,5,5,37,37,10,Train/10/00010_00052_00012.png
client_2,18248,41,39,5,5,36,34,11,Train/11/00011_00040_00008.png
client_2,15894,52,51,6,5,47,46,10,Train/10/00010_00028_00024.png
client_2,6937,31,35,5,6,25,29,4,Train/4/00004_00016_00007.png
client_2,16712,30,29,6,5,25,24,10,Train/10/00010_00056_00002.png
client_2,15709,49,50,6,6,44,45,10,Train/10/00010_00022_00019.png
client_2,15701,42,42,5,5,37,37,10,Train/10/00010_00022_00011.png
client_2,31023,58,51,5,5,53,46,28,Train/28/00028_00007_00003.png
client_2,26212,59,55,6,5,53,49,18,Train/18/00018_00021_00022.png
client_2,23236,68,73,6,7,62,67,14,Train/14/00014_00020_00016.png
client_2,16464,51,49,5,5,46,44,10,Train/10/00010_00047_00024.png
client_2,38373,38,35,6,6,33,30,40,Train/40/00040_00000_00004.png
client_2,19125,43,49,6,5,38,44,12,Train/12/00012_00025_00015.png
client_2,17919,59,54,5,5,54,49,11,Train/11/00011_00029_00009.png
client_2,15293,59,59,6,6,54,54,10,Train/10/00010_00008_00023.png
client_2,1414,30,36,5,5,25,30,1,Train/1/00001_00028_00004.png
client_2,17203,60,55,5,6,55,50,11,Train/11/00011_00005_00013.png
client_2,21895,110,96,10,8,101,88,13,Train/13/00013_00047_00025.png
client_2,22841,47,45,6,5,42,40,14,Train/14/00014_00007_00011.png
client_2,25622,36,35,5,6,30,29,18,Train/18/00018_00002_00002.png
client_2,19245,54,50,6,5,48,45,12,Train/12/00012_00029_00015.png
client_2,27461,38,35,5,5,33,30,22,Train/22/00022_00005_00011.png
client_2,20574,120,110,11,10,110,101,13,Train/13/00013_00003_00024.png
client_2,3950,71,71,6,7,64,64,2,Train/2/00002_00038_00020.png
client_2,39006,31,31,5,5,26,26,42,Train/42/00042_00001_00007.png
client_2,15103,37,36,5,6,31,30,10,Train/10/00010_00002_00013.png
client_2,9997,34,35,5,6,29,30,5,Train/5/00005_00052_00007.png
client_2,18620,58,59,6,6,53,54,12,Train/12/00012_00008_00020.png
client_2,26234,73,73,7,7,67,67,18,Train/18/00018_00022_00014.png
client_2,17341,49,47,5,6,44,42,11,Train/11/00011_00010_00001.png
client_2,15685,83,82,8,7,76,75,10,Train/10/00010_00021_00025.png
client_2,13405,51,50,6,5,46,45,8,Train/8/00008_00041_00025.png
client_2,15056,53,56,5,6,48,51,10,Train/10/00010_00000_00026.png
client_2,15343,37,38,5,6,32,33,10,Train/10/00010_00010_00013.png
client_2,17006,42,44,6,6,37,39,10,Train/10/00010_00065_00026.png
client_2,20005,69,70,6,7,63,64,12,Train/12/00012_00054_00025.png
client_2,12717,59,63,5,6,54,58,8,Train/8/00008_00018_00027.png
client_2,19752,37,38,6,5,32,33,12,Train/12/00012_00046_00012.png
client_2,12855,41,40,6,5,36,35,8,Train/8/00008_00023_00015.png
client_2,22035,43,41,5,6,38,36,13,Train/13/00013_00052_00015.png
client_2,27605,30,31,5,6,25,26,22,Train/22/00022_00010_00005.png
client_2,19909,43,45,5,6,38,40,12,Train/12/00012_00051_00019.png
client_2,25946,50,49,6,5,45,43,18,Train/18/00018_00012_00026.png
client_2,15433,44,45,5,6,39,40,10,Train/10/00010_00013_00013.png
client_2,22729,76,80,6,8,69,73,14,Train/14/00014_00003_00019.png
client_2,15171,40,41,5,5,35,36,10,Train/10/00010_00004_00021.png
client_2,30762,50,44,5,6,45,39,27,Train/27/00027_00006_00012.png
client_2,913,40,40,6,6,34,34,1,Train/1/00001_00011_00013.png
client_2,15141,41,43,5,6,35,37,10,Train/10/00010_00003_00021.png
client_2,17307,124,111,11,10,114,102,11,Train/11/00011_00008_00027.png
client_2,2980,31,33,5,6,26,28,2,Train/2/00002_00006_00010.png
client_2,18902,31,30,6,5,26,25,12,Train/12/00012_00018_00002.png
client_2,15710,49,50,5,5,44,45,10,Train/10/00010_00022_00020.png
client_2,23774,41,47,6,6,35,41,15,Train/15/00015_00012_00014.png
client_2,6267,43,45,5,6,38,40,3,Train/3/00003_00040_00027.png
client_2,26036,100,101,8,9,92,93,18,Train/18/00018_00015_00026.png
client_2,17255,49,45,6,5,44,39,11,Train/11/00011_00007_00005.png
client_2,17985,61,57,6,6,56,52,11,Train/11/00011_00031_00015.png
client_2,20108,44,43,5,6,39,37,12,Train/12/00012_00058_00008.png
client_2,23766,38,42,6,6,33,37,15,Train/15/00015_00012_00006.png
client_2,15892,48,48,6,6,43,43,10,Train/10/00010_00028_00022.png
client_2,20833,52,49,5,6,47,43,13,Train/13/00013_00012_00013.png
client_2,287,43,43,6,6,38,38,20,Train/20/00020_00009_00017.png
client_2,19726,64,69,5,7,59,63,12,Train/12/00012_00045_00016.png
client_2,26524,50,50,6,6,45,45,18,Train/18/00018_00032_00004.png
client_2,27653,61,59,6,6,56,54,22,Train/22/00022_00011_00023.png
client_2,4497,71,75,6,7,65,69,2,Train/2/00002_00056_00027.png
client_2,861,47,47,5,5,42,41,1,Train/1/00001_00009_00021.png
client_2,26541,81,82,7,8,74,75,18,Train/18/00018_00032_00021.png
client_2,16844,34,33,5,5,28,27,10,Train/10/00010_00060_00014.png
client_2,21261,54,75,6,7,49,69,13,Train/13/00013_00026_00021.png
client_2,15306,33,34,5,6,28,29,10,Train/10/00010_00009_00006.png
client_2,15389,106,107,9,10,97,98,10,Train/10/00010_00011_00029.png
client_2,12334,32,31,6,5,27,26,8,Train/8/00008_00006_00004.png
client_2,18152,33,34,6,5,28,29,11,Train/11/00011_00037_00002.png
client_2,38233,44,43,6,5,39,38,39,Train/39/00039_00005_00014.png
client_2,22263,38,34,6,5,32,29,13,Train/13/00013_00060_00003.png
client_2,15364,34,31,6,5,29,26,10,Train/10/00010_00011_00004.png
client_2,1260,32,30,6,5,27,25,1,Train/1/00001_00023_00000.png
client_2,22857,134,130,11,11,123,119,14,Train/14/00014_00007_00027.png
client_2,38541,93,88,9,7,85,81,40,Train/40/00040_00005_00022.png
client_2,21343,38,35,6,5,33,30,13,Train/13/00013_00029_00013.png
client_2,15335,34,33,6,5,29,28,10,Train/10/00010_00010_00005.png
client_2,24361,26,27,5,6,20,22,16,Train/16/00016_00011_00001.png
client_2,19563,39,38,6,5,34,33,12,Train/12/00012_00040_00003.png
client_2,38259,32,32,6,5,27,27,39,Train/39/00039_00006_00010.png
client_2,2815,75,74,6,7,69,68,2,Train/2/00002_00000_00025.png
client_2,4668,50,51,5,6,45,46,2,Train/2/00002_00062_00018.png
client_2,26565,69,63,6,5,63,58,18,Train/18/00018_00033_00015.png
client_2,23276,119,124,10,10,109,114,14,Train/14/00014_00021_00026.png
client_2,16822,57,57,5,5,52,52,10,Train/10/00010_00059_00022.png
client_2,26551,47,42,6,5,42,37,18,Train/18/00018_00033_00001.png
client_2,4735,56,55,5,5,51,50,2,Train/2/00002_00064_00025.png
client_2,7938,40,41,6,6,35,36,4,Train/4/00004_00049_00018.png
client_2,13183,44,46,6,6,39,41,8,Train/8/00008_00034_00013.png
client_2,16472,29,31,5,6,24,25,10,Train/10/00010_00048_00002.png
client_2,16565,37,36,5,5,32,31,10,Train/10/00010_00051_00005.png
client_2,18658,93,96,9,8,85,88,12,Train/12/00012_00009_00028.png
client_2,16203,29,29,5,5,24,24,10,Train/10/00010_00039_00003.png
client_2,22456,42,39,5,5,37,34,13,Train/13/00013_00066_00016.png
client_2,16785,41,40,6,5,36,35,10,Train/10/00010_00058_00015.png
client_2,19641,95,95,8,8,87,87,12,Train/12/00012_00042_00021.png
client_2,3431,34,34,5,5,29,29,2,Train/2/00002_00021_00011.png
client_2,15509,118,121,11,11,108,111,10,Train/10/00010_00015_00029.png
client_2,17850,42,45,5,6,37,40,11,Train/11/00011_00027_00000.png
client_2,16361,33,32,6,5,27,27,10,Train/10/00010_00044_00011.png
client_2,28974,63,63,5,6,57,57,25,Train/25/00025_00016_00024.png
client_2,17504,36,35,6,5,31,30,11,Train/11/00011_00015_00014.png
client_2,32889,32,32,6,6,27,27,32,Train/32/00032_00001_00009.png
client_2,17696,80,68,7,6,73,62,11,Train/11/00011_00021_00026.png
client_2,21511,39,42,6,6,34,37,13,Train/13/00013_00035_00001.png
client_2,17459,130,108,11,9,118,98,11,Train/11/00011_00013_00029.png
client_2,15128,33,34,5,5,27,28,10,Train/10/00010_00003_00008.png
client_2,1459,55,56,6,5,50,50,1,Train/1/00001_00029_00019.png
client_2,21026,84,81,7,8,77,74,13,Train/13/00013_00018_00026.png
client_2,16734,51,51,6,6,46,46,10,Train/10/00010_00056_00024.png
client_2,27974,49,46,5,6,44,41,23,Train/23/00023_00009_00014.png
client_2,23147,43,44,5,5,38,38,14,Train/14/00014_00017_00017.png
client_2,26535,63,64,5,6,58,59,18,Train/18/00018_00032_00015.png
client_2,13229,65,64,6,5,60,59,8,Train/8/00008_00035_00029.png
client_2,28340,60,58,5,6,54,53,24,Train/24/00024_00004_00020.png
client_2,31115,47,41,6,5,42,36,28,Train/28/00028_00010_00005.png
client_2,324,64,57,5,5,59,52,20,Train/20/00020_00010_00024.png
client_2,19739,80,80,7,8,73,73,12,Train/12/00012_00045_00029.png
client_2,13487,40,42,5,6,35,37,8,Train/8/00008_00044_00017.png
client_2,21201,76,64,7,6,70,59,13,Train/13/00013_00024_00021.png
client_2,15200,44,44,6,6,39,39,10,Train/10/00010_00005_00020.png
client_2,16856,52,47,6,5,47,42,10,Train/10/00010_00060_00026.png
client_2,26737,43,39,5,5,38,34,18,Train/18/00018_00039_00007.png
client_2,25681,62,55,6,5,57,50,18,Train/18/00018_00004_00001.png
client_2,17251,43,41,6,6,38,36,11,Train/11/00011_00007_00001.png
client_2,22351,30,28,6,5,25,23,13,Train/13/00013_00063_00001.png
client_2,25831,31,27,6,5,26,22,18,Train/18/00018_00009_00001.png
client_2,24278,64,63,6,5,58,57,16,Train/16/00016_00008_00008.png
client_2,26423,64,70,6,6,59,64,18,Train/18/00018_00028_00023.png
client_2,22773,53,53,6,6,48,48,14,Train/14/00014_00005_00003.png
client_2,18714,88,94,7,9,81,86,12,Train/12/00012_00011_00024.png
client_2,16469,76,72,6,6,70,66,10,Train/10/00010_00047_00029.png
client_2,26243,101,101,9,9,93,93,18,Train/18/00018_00022_00023.png
client_2,17530,52,50,6,6,47,45,11,Train/11/00011_00016_00010.png
client_2,9438,38,40,6,6,32,34,5,Train/5/00005_00033_00018.png
client_2,18191,58,54,5,6,53,48,11,Train/11/00011_00038_00011.png
client_2,15753,30,30,5,5,25,25,10,Train/10/00010_00024_00003.png
client_2,17890,29,43,6,6,24,38,11,Train/11/00011_00028_00010.png
client_2,18051,69,69,6,6,63,63,11,Train/11/00011_00033_00021.png
client_2,28280,67,61,6,5,61,55,24,Train/24/00024_00002_00020.png
client_2,17487,105,92,9,8,96,84,11,Train/11/00011_00014_00027.png
client_2,33808,71,85,7,7,65,78,34,Train/34/00034_00000_00029.png
client_2,15221,37,36,6,5,31,30,10,Train/10/00010_00006_00011.png
client_2,23800,37,39,6,5,32,34,15,Train/15/00015_00013_00010.png
client_2,22234,92,84,8,8,83,77,13,Train/13/00013_00059_00004.png
client_2,16307,44,46,6,6,39,41,10,Train/10/00010_00042_00017.png
client_2,19871,38,39,5,5,32,33,12,Train/12/00012_00050_00011.png
client_2,15966,31,32,5,5,25,26,10,Train/10/00010_00031_00006.png
client_2,35805,44,42,5,5,39,37,37,Train/37/00037_00000_00016.png
client_2,4973,44,47,6,5,38,41,2,Train/2/00002_00072_00023.png
client_2,39165,37,36,6,5,32,31,42,Train/42/00042_00006_00016.png
client_2,35939,35,36,6,5,30,31,37,Train/37/00037_00005_00000.png
client_2,685,86,86,8,7,79,79,1,Train/1/00001_00003_00025.png
client_2,23137,31,32,5,6,26,27,14,Train/14/00014_00017_00007.png
client_2,1526,81,79,7,7,74,72,1,Train/1/00001_00031_00026.png
client_2,15268,107,107,9,9,98,98,10,Train/10/00010_00007_00028.png
client_2,19309,59,59,5,5,54,54,12,Train/12/00012_00031_00019.png
client_2,2464,28,28,6,6,22,23,1,Train/1/00001_00063_00004.png
client_2,17257,51,48,5,6,45,42,11,Train/11/00011_00007_00007.png
client_2,20440,57,57,6,5,52,52,12,Train/12/00012_00069_00010.png
client_2,25566,28,26,5,5,23,21,18,Train/18/00018_00000_00006.png
client_2,34060,38,38,6,6,33,33,34,Train/34/00034_00009_00011.png
client_2,16763,69,64,6,5,63,59,10,Train/10/00010_00057_00023.png
client_2,26240,89,88,8,8,82,81,18,Train/18/00018_00022_00020.png
client_2,18440,61,64,5,6,56,59,12,Train/12/00012_00002_00020.png
client_2,23678,42,43,5,6,37,38,15,Train/15/00015_00009_00008.png
client_2,15716,55,57,5,5,50,52,10,Train/10/00010_00022_00026.png
client_2,15308,35,35,5,5,30,30,10,Train/10/00010_00009_00008.png
client_2,28369,40,37,6,6,34,32,24,Train/24/00024_00005_00019.png
client_2,16222,49,49,5,5,43,43,10,Train/10/00010_00039_00022.png
client_2,16609,49,49,5,5,44,44,10,Train/10/00010_00052_00019.png
client_2,15653,46,45,6,5,41,40,10,Train/10/00010_00020_00023.png
client_2,16482,36,37,5,6,31,32,10,Train/10/00010_00048_00012.png
client_2,3441,43,44,6,6,38,39,2,Train/2/00002_00021_00021.png
client_2,18046,54,54,6,6,49,49,11,Train/11/00011_00033_00016.png
client_2,25755,58,54,5,6,53,49,18,Train/18/00018_00006_00015.png
client_2,15273,33,32,6,5,27,26,10,Train/10/00010_00008_00003.png
client_2,17422,89,83,8,7,82,76,11,Train/11/00011_00012_00022.png
client_2,15105,39,36,6,5,33,30,10,Train/10/00010_00002_00015.png
client_2,16351,27,28,6,6,22,23,10,Train/10/00010_00044_00001.png
client_2,15720,33,33,6,5,28,28,10,Train/10/00010_00023_00000.png
client_2,10636,40,40,5,5,35,35,6,Train/6/00006_00011_00016.png
client_2,23332,69,71,6,7,63,65,14,Train/14/00014_00023_00022.png
client_2,23138,32,33,5,6,27,28,14,Train/14/00014_00017_00008.png
client_2,20485,67,62,6,6,61,57,13,Train/13/00013_00000_00025.png
client_2,4124,40,40,5,5,35,35,2,Train/2/00002_00044_00014.png
client_2,21604,38,36,5,5,33,31,13,Train/13/00013_00038_00004.png
client_2,16198,62,65,6,6,57,60,10,Train/10/00010_00038_00028.png
client_2,13406,54,54,5,5,49,49,8,Train/8/00008_00041_00026.png
client_2,16475,31,32,5,6,26,27,10,Train/10/00010_00048_00005.png
client_2,20447,63,68,6,7,58,62,12,Train/12/00012_00069_00017.png
client_2,16317,60,63,5,5,55,58,10,Train/10/00010_00042_00027.png
client_2,18512,48,44,6,5,42,38,12,Train/12/00012_00005_00002.png
client_2,16726,38,39,5,6,33,34,10,Train/10/00010_00056_00016.png
client_2,2907,71,70,7,6,65,64,2,Train/2/00002_00003_00027.png
client_2,19788,64,68,5,6,59,62,12,Train/12/00012_00047_00018.png
client_2,9138,45,44,6,5,40,39,5,Train/5/00005_00023_00018.png
client_2,25580,33,29,6,6,28,24,18,Train/18/00018_00000_00020.png
client_2,17263,56,53,5,6,50,47,11,Train/11/00011_00007_00013.png
client_2,27482,30,30,5,6,25,25,22,Train/22/00022_00006_00002.png
client_2,18505,33,29,6,5,28,23,12,Train/12/00012_00004_00025.png
client_2,15617,48,48,5,5,43,43,10,Train/10/00010_00019_00017.png
client_2,33,33,31,6,5,28,25,20,Train/20/00020_00001_00003.png
client_2,17037,55,56,6,6,50,51,10,Train/10/00010_00066_00027.png
client_2,9839,123,131,10,12,113,120,5,Train/5/00005_00046_00029.png
client_2,15058,58,62,6,6,53,57,10,Train/10/00010_00000_00028.png
client_2,16776,34,33,6,5,29,28,10,Train/10/00010_00058_00006.png
client_2,27101,39,34,5,5,34,29,21,Train/21/00021_00004_00011.png
client_2,39189,32,32,6,5,27,27,42,Train/42/00042_00007_00010.png
client_2,38116,39,40,6,6,34,35,39,Train/39/00039_00001_00017.png
client_2,13427,40,40,5,5,35,35,8,Train/8/00008_00042_00017.png
client_2,38290,63,64,5,5,57,59,39,Train/39/00039_00007_00011.png
client_2,34015,63,62,6,5,58,57,34,Train/34/00034_00007_00026.png
client_2,12438,42,42,6,6,37,37,8,Train/8/00008_00009_00018.png
client_2,23293,48,52,6,6,43,47,14,Train/14/00014_00022_00013.png
client_2,32934,58,57,6,6,53,51,32,Train/32/00032_00002_00024.png
client_2,26313,37,35,6,5,32,29,18,Train/18/00018_00025_00003.png
client_2,16254,53,51,6,5,48,46,10,Train/10/00010_00040_00024.png
client_2,16205,30,30,5,5,24,24,10,Train/10/00010_00039_00005.png
client_2,22938,84,93,8,8,77,85,14,Train/14/00014_00010_00018.png
client_2,2312,29,31,5,6,24,25,1,Train/1/00001_00058_00002.png
client_2,12612,36,34,5,5,31,29,8,Train/8/00008_00015_00012.png
client_2,26336,118,109,11,10,108,100,18,Train/18/00018_00025_00026.png
client_2,18835,61,62,6,5,56,57,12,Train/12/00012_00015_00025.png
client_2,22693,43,44,5,6,37,38,14,Train/14/00014_00002_00013.png
client_2,15337,34,33,6,5,29,28,10,Train/10/00010_00010_00007.png
client_2,17282,47,43,6,6,42,38,11,Train/11/00011_00008_00002.png
client_2,17729,189,168,16,15,173,154,11,Train/11/00011_00022_00029.png
client_2,3851,37,38,5,6,32,33,2,Train/2/00002_00035_00011.png
client_2,16484,38,38,6,6,33,33,10,Train/10/00010_00048_00014.png
client_2,19073,58,57,5,6,53,52,12,Train/12/00012_00023_00023.png
client_2,34082,31,36,6,6,26,30,34,Train/34/00034_00010_00003.png
client_2,17871,85,74,8,7,78,68,11,Train/11/00011_00027_00021.png
client_2,26387,53,49,5,6,48,44,18,Train/18/00018_00027_00017.png
client_2,18833,56,57,5,6,51,52,12,Train/12/00012_00015_00023.png
client_2,15526,40,39,6,5,35,34,10,Train/10/00010_00016_00016.png
client_2,16322,28,27,6,6,23,22,10,Train/10/00010_00043_00002.png
client_2,20650,35,32,5,5,30,26,13,Train/13/00013_00006_00010.png
client_2,34176,40,40,6,6,35,35,34,Train/34/00034_00013_00007.png
client_2,25760,71,63,7,5,65,58,18,Train/18/00018_00006_00020.png
client_2,23855,32,37,6,5,27,32,15,Train/15/00015_00015_00005.png
client_2,22094,92,87,8,7,84,79,13,Train/13/00013_00054_00014.png
client_2,35847,98,98,9,9,90,90,37,Train/37/00037_00001_00028.png
client_2,16248,42,41,5,5,37,36,10,Train/10/00010_00040_00018.png
client_2,18629,185,183,16,16,170,168,12,Train/12/00012_00008_00029.png
client_2,26436,38,36,6,6,33,31,18,Train/18/00018_00029_00006.png
client_2,16370,37,39,5,6,32,34,10,Train/10/00010_00044_00020.png
client_2,1533,33,34,5,6,27,28,1,Train/1/00001_00032_00003.png
client_2,17971,38,37,6,5,33,32,11,Train/11/00011_00031_00001.png
client_2,16292,33,34,5,5,28,29,10,Train/10/00010_00042_00002.png
client_2,31772,32,32,6,6,27,27,30,Train/30/00030_00005_00002.png
client_2,19989,36,37,5,5,31,32,12,Train/12/00012_00054_00009.png
client_2,19609,41,41,6,6,36,36,12,Train/12/00012_00041_00019.png
client_2,15252,41,41,6,6,36,36,10,Train/10/00010_00007_00012.png
client_2,15728,38,39,6,6,33,34,10,Train/10/00010_00023_00008.png
client_2,15836,48,48,6,6,43,43,10,Train/10/00010_00026_00026.png
client_2,26170,76,68,6,6,70,62,18,Train/18/00018_00020_00010.png
client_2,21691,63,57,5,5,58,52,13,Train/13/00013_00041_00001.png
client_2,34008,48,48,6,6,43,43,34,Train/34/00034_00007_00019.png
client_2,21048,71,61,7,6,65,56,13,Train/13/00013_00019_00018.png
client_2,12685,62,57,5,5,57,52,8,Train/8/00008_00017_00025.png
client_2,16557,58,56,5,5,53,51,10,Train/10/00010_00050_00027.png
client_2,15286,43,43,6,6,38,38,10,Train/10/00010_00008_00016.png
client_2,21794,51,46,5,6,46,41,13,Train/13/00013_00044_00014.png
client_2,17173,50,49,6,5,45,43,11,Train/11/00011_00004_00013.png
client_2,20078,44,46,5,5,39,41,12,Train/12/00012_00057_00008.png
client_2,18337,38,40,5,5,32,34,11,Train/11/00011_00043_00007.png
client_2,15410,43,43,5,5,38,38,10,Train/10/00010_00012_00020.png
client_2,34061,38,38,6,6,33,33,34,Train/34/00034_00009_00012.png
client_2,26636,95,82,9,7,86,74,18,Train/18/00018_00035_00026.png
client_2,13365,38,37,6,5,33,32,8,Train/8/00008_00040_00015.png
client_2,26674,40,40,6,6,35,35,18,Train/18/00018_00037_00004.png
client_2,23847,51,56,5,6,46,51,15,Train/15/00015_00014_00027.png
client_2,26630,55,51,5,5,49,45,18,Train/18/00018_00035_00020.png
client_2,12500,49,50,5,6,44,45,8,Train/8/00008_00011_00020.png
client_2,25898,33,31,5,5,28,26,18,Train/18/00018_00011_00008.png
client_2,4593,51,51,6,5,46,46,2,Train/2/00002_00060_00003.png
client_2,19165,74,74,6,6,68,68,12,Train/12/00012_00026_00025.png
client_2,1836,38,40,5,6,33,35,1,Train/1/00001_00042_00006.png
client_2,7855,70,71,6,7,64,65,4,Train/4/00004_00046_00025.png
client_2,12681,49,46,6,6,44,41,8,Train/8/00008_00017_00021.png
client_2,12457,33,33,5,5,28,28,8,Train/8/00008_00010_00007.png
client_2,22957,44,46,5,6,39,41,14,Train/14/00014_00011_00007.png
client_2,15356,55,56,5,6,50,51,10,Train/10/00010_00010_00026.png
client_2,19295,40,40,6,6,35,35,12,Train/12/00012_00031_00005.png
client_2,15799,43,45,6,6,38,40,10,Train/10/00010_00025_00019.png
client_2,26685,53,53,6,6,48,48,18,Train/18/00018_00037_00015.png
client_2,18579,35,38,5,5,30,32,12,Train/12/00012_00007_00009.png
client_2,26617,31,30,5,5,26,25,18,Train/18/00018_00035_00007.png
client_2,13025,32,32,6,6,27,27,8,Train/8/00008_00029_00005.png
client_2,20307,110,120,9,10,101,110,12,Train/12/00012_00064_00027.png
client_2,28416,44,39,6,5,39,34,24,Train/24/00024_00007_00006.png
client_2,12586,46,49,5,6,41,44,8,Train/8/00008_00014_00016.png
client_2,25934,38,40,5,5,33,35,18,Train/18/00018_00012_00014.png
client_2,23134,29,30,5,6,23,24,14,Train/14/00014_00017_00004.png
client_2,16373,40,43,5,6,34,37,10,Train/10/00010_00044_00023.png
client_2,16339,41,41,6,6,36,36,10,Train/10/00010_00043_00019.png
client_2,24287,75,74,6,6,69,68,16,Train/16/00016_00008_00017.png
client_2,19161,53,53,5,5,48,48,12,Train/12/00012_00026_00021.png
client_2,264,50,50,5,5,45,45,20,Train/20/00020_00008_00024.png
client_2,26080,35,33,5,5,29,28,18,Train/18/00018_00017_00010.png
client_2,18552,52,52,6,6,46,46,12,Train/12/00012_00006_00012.png
client_2,19961,48,43,5,5,43,38,12,Train/12/00012_00053_00011.png
client_2,21456,37,35,6,6,32,30,13,Train/13/00013_00033_00006.png
client_2,26571,97,85,9,7,89,78,18,Train/18/00018_00033_00021.png
client_2,577,57,59,5,5,52,53,1,Train/1/00001_00000_00007.png
client_2,16380,37,37,6,6,32,32,10,Train/10/00010_00045_00000.png
client_2,16485,38,38,6,6,33,33,10,Train/10/00010_00048_00015.png
client_2,19179,43,43,6,6,38,38,12,Train/12/00012_00027_00009.png
client_2,19578,57,56,6,5,52,51,12,Train/12/00012_00040_00018.png
client_2,2035,76,76,7,7,70,70,1,Train/1/00001_00048_00025.png
client_2,15206,56,55,6,5,51,50,10,Train/10/00010_00005_00026.png
client_2,12191,36,37,6,6,30,31,8,Train/8/00008_00001_00011.png
client_2,8743,37,38,6,6,32,33,5,Train/5/00005_00010_00013.png
client_2,15988,69,62,7,5,63,57,10,Train/10/00010_00031_00028.png
client_2,26249,143,144,12,12,131,132,18,Train/18/00018_00022_00029.png
client_2,19258,88,83,8,7,81,76,12,Train/12/00012_00029_00028.png
client_2,17213,95,84,9,8,87,76,11,Train/11/00011_00005_00023.png
client_2,8156,48,56,6,6,43,51,4,Train/4/00004_00056_00026.png
client_2,3053,51,51,5,5,45,46,2,Train/2/00002_00008_00023.png
client_2,23808,46,50,6,6,41,45,15,Train/15/00015_00013_00018.png
client_2,34074,63,65,5,6,58,60,34,Train/34/00034_00009_00025.png
client_2,15800,46,47,6,5,41,42,10,Train/10/00010_00025_00020.png
client_2,4063,35,34,6,5,30,29,2,Train/2/00002_00042_00013.png
client_2,15469,44,44,5,5,39,39,10,Train/10/00010_00014_00019.png
client_2,18183,49,44,5,5,44,39,11,Train/11/00011_00038_00003.png
client_2,9036,29,29,6,6,24,24,5,Train/5/00005_00020_00006.png
client_2,15137,37,40,5,6,32,34,10,Train/10/00010_00003_00017.png
client_2,19306,56,56,6,6,51,51,12,Train/12/00012_00031_00016.png
client_2,22765,117,117,11,11,107,107,14,Train/14/00014_00004_00025.png
client_2,3331,29,28,6,5,24,23,2,Train/2/00002_00018_00001.png
client_2,33803,64,74,6,6,59,67,34,Train/34/00034_00000_00024.png
client_2,17865,70,62,6,6,64,57,11,Train/11/00011_00027_00015.png
client_2,19748,33,36,6,6,28,31,12,Train/12/00012_00046_00008.png
client_2,25864,73,64,6,5,66,59,18,Train/18/00018_00010_00004.png
client_2,25724,101,95,9,9,93,87,18,Train/18/00018_00005_00014.png
client_2,942,37,38,5,5,32,33,1,Train/1/00001_00012_00012.png
client_2,919,48,46,6,5,43,40,1,Train/1/00001_00011_00019.png
client_2,4445,30,30,5,6,24,25,2,Train/2/00002_00055_00005.png
client_2,18165,39,42,6,5,34,37,11,Train/11/00011_00037_00015.png
client_2,25644,68,61,7,5,62,56,18,Train/18/00018_00002_00024.png
client_2,16655,34,34,5,5,29,29,10,Train/10/00010_00054_00005.png
client_2,6281,64,63,6,5,59,58,3,Train/3/00003_00041_00011.png
client_2,16179,31,31,5,5,26,26,10,Train/10/00010_00038_00009.png
client_2,33945,36,41,5,6,31,35,34,Train/34/00034_00005_00016.png
client_2,230,41,41,5,6,36,35,20,Train/20/00020_00007_00020.png
client_2,17194,43,39,6,5,38,34,11,Train/11/00011_00005_00004.png
client_2,17857,54,47,6,5,49,42,11,Train/11/00011_00027_00007.png
client_2,25734,133,123,11,10,122,113,18,Train/18/00018_00005_00024.png
client_2,19054,32,32,5,5,27,27,12,Train/12/00012_00023_00004.png
client_2,18693,38,40,5,5,32,34,12,Train/12/00012_00011_00003.png
client_2,32944,28,28,6,5,23,23,32,Train/32/00032_00003_00004.png
client_2,26879,141,128,13,11,129,117,19,Train/19/00019_00003_00029.png
client_2,33871,44,48,6,6,39,42,34,Train/34/00034_00003_00002.png
client_2,38364,56,61,5,6,51,56,39,Train/39/00039_00009_00025.png
client_2,9259,47,43,6,5,42,38,5,Train/5/00005_00027_00019.png
client_2,1180,54,56,6,6,49,51,1,Train/1/00001_00020_00010.png
client_2,15755,31,32,6,6,26,27,10,Train/10/00010_00024_00005.png
client_2,17317,49,44,5,5,43,39,11,Train/11/00011_00009_00007.png
client_2,13382,33,32,6,5,28,27,8,Train/8/00008_00041_00002.png
client_2,20611,29,29,6,5,24,24,13,Train/13/00013_00005_00001.png
client_2,20155,67,67,6,6,61,61,12,Train/12/00012_00059_00025.png
client_2,35916,31,30,6,6,26,25,37,Train/37/00037_00004_00007.png
client_2,16685,32,32,6,6,27,27,10,Train/10/00010_00055_00005.png
client_2,21371,43,42,5,6,38,37,13,Train/13/00013_00030_00011.png
client_2,34164,37,40,5,6,32,35,34,Train/34/00034_00012_00025.png
client_2,23929,48,48,5,6,42,42,15,Train/15/00015_00017_00019.png
client_2,17349,57,53,5,5,52,48,11,Train/11/00011_00010_00009.png
client_2,17002,38,39,6,6,32,33,10,Train/10/00010_00065_00022.png
client_2,15865,69,70,6,7,63,64,10,Train/10/00010_00027_00025.png
client_2,31348,135,123,11,11,124,113,28,Train/28/00028_00017_00028.png
client_2,18790,39,37,6,5,34,32,12,Train/12/00012_00014_00010.png
client_2,20141,35,35,5,5,30,30,12,Train/12/00012_00059_00011.png
client_2,33018,33,34,6,5,28,29,32,Train/32/00032_00005_00018.png
client_2,17370,40,39,5,6,35,34,11,Train/11/00011_00011_00000.png
client_2,9669,33,33,6,5,28,28,5,Train/5/00005_00041_00009.png
client_2,15164,33,34,5,6,28,29,10,Train/10/00010_00004_00014.png
client_2,19044,60,59,6,6,55,54,12,Train/12/00012_00022_00024.png
client_2,19285,50,49,6,5,45,44,12,Train/12/00012_00030_00025.png
client_2,17232,33,31,5,6,27,26,11,Train/11/00011_00006_00012.png
client_2,23922,40,41,6,6,35,35,15,Train/15/00015_00017_00012.png
client_2,16761,61,59,5,6,56,54,10,Train/10/00010_00057_00021.png
client_2,27888,51,46,6,6,46,41,23,Train/23/00023_00006_00018.png
client_2,39115,67,65,6,6,61,60,42,Train/42/00042_00004_00026.png
client_2,199,49,44,6,6,44,39,20,Train/20/00020_00006_00019.png
client_2,16834,28,28,5,6,22,22,10,Train/10/00010_00060_00004.png
client_2,19731,71,73,6,6,65,67,12,Train/12/00012_00045_00021.png
client_2,4269,32,32,5,5,27,27,2,Train/2/00002_00049_00009.png
client_2,17270,70,62,7,6,63,56,11,Train/11/00011_00007_00020.png
client_2,25859,58,50,6,5,52,45,18,Train/18/00018_00009_00029.png
client_2,16597,37,38,5,6,32,33,10,Train/10/00010_00052_00007.png
client_2,16395,47,48,6,5,42,43,10,Train/10/00010_00045_00015.png
client_2,16667,44,44,5,5,39,39,10,Train/10/00010_00054_00017.png
client_2,31889,106,93,10,9,97,85,30,Train/30/00030_00008_00029.png
client_2,20235,46,46,6,6,41,41,12,Train/12/00012_00062_00015.png
client_2,20028,50,51,5,6,45,46,12,Train/12/00012_00055_00018.png
client_2,23078,40,40,6,6,35,35,14,Train/14/00014_00015_00008.png
client_2,16827,83,86,8,8,76,79,10,Train/10/00010_00059_00027.png
client_2,8693,64,64,5,5,59,59,5,Train/5/00005_00008_00023.png
client_2,33814,31,30,5,5,26,25,34,Train/34/00034_00001_00005.png
client_2,16841,31,31,5,6,26,26,10,Train/10/00010_00060_00011.png
client_2,25924,38,39,6,6,32,33,18,Train/18/00018_00012_00004.png
client_2,25983,38,38,6,6,33,33,18,Train/18/00018_00014_00003.png
client_2,18078,68,61,7,6,62,56,11,Train/11/00011_00034_00018.png
client_2,22807,35,36,5,6,29,30,14,Train/14/00014_00006_00007.png
client_2,34173,38,40,6,6,33,35,34,Train/34/00034_00013_00004.png
client_2,12669,36,34,6,5,31,29,8,Train/8/00008_00017_00009.png
client_2,34196,69,65,7,6,63,60,34,Train/34/00034_00013_00027.png
client_2,21170,47,63,5,5,42,57,13,Train/13/00013_00023_00020.png
client_2,13492,49,50,6,6,44,45,8,Train/8/00008_00044_00022.png
client_2,15153,27,28,5,5,22,22,10,Train/10/00010_00004_00003.png
client_2,33970,28,32,5,6,23,27,34,Train/34/00034_00006_00011.png
client_2,26283,33,31,5,5,28,26,18,Train/18/00018_00024_00003.png
client_2,4156,38,36,5,5,33,31,2,Train/2/00002_00045_00016.png
client_2,5800,33,34,5,5,28,29,3,Train/3/00003_00025_00010.png
client_2,16964,35,35,5,5,29,30,10,Train/10/00010_00064_00014.png
client_2,3230,46,47,5,6,41,42,2,Train/2/00002_00014_00020.png
client_2,4089,30,30,6,6,25,25,2,Train/2/00002_00043_00009.png
client_2,31851,75,70,6,6,69,64,30,Train/30/00030_00007_00021.png
client_2,22167,68,60,6,5,61,55,13,Train/13/00013_00056_00027.png
client_2,18994,40,40,6,5,35,35,12,Train/12/00012_00021_00004.png
client_2,17969,179,154,16,13,164,140,11,Train/11/00011_00030_00029.png
client_2,1387,32,32,5,5,27,27,1,Train/1/00001_00027_00007.png
client_2,23188,148,147,12,13,136,135,14,Train/14/00014_00018_00028.png
client_2,33842,30,29,5,5,25,24,34,Train/34/00034_00002_00003.png
client_2,16648,130,136,12,11,119,125,10,Train/10/00010_00053_00028.png
client_2,25813,68,60,7,5,62,54,18,Train/18/00018_00008_00013.png
client_2,27663,33,32,5,6,28,27,22,Train/22/00022_00012_00003.png
client_2,38377,42,40,5,6,37,35,40,Train/40/00040_00000_00008.png
client_2,16898,32,33,6,6,27,28,10,Train/10/00010_00062_00008.png
client_2,26638,111,98,10,8,101,89,18,Train/18/00018_00035_00028.png
client_2,15279,35,35,6,6,30,30,10,Train/10/00010_00008_00009.png
client_2,268,73,72,7,6,67,66,20,Train/20/00020_00008_00028.png
client_2,3910,34,35,5,6,29,30,2,Train/2/00002_00037_00010.png
client_2,15714,53,55,5,6,48,50,10,Train/10/00010_00022_00024.png
client_2,12811,31,26,6,5,25,21,8,Train/8/00008_00022_00001.png
client_2,17373,43,41,5,6,38,36,11,Train/11/00011_00011_00003.png
client_2,3688,107,103,9,9,97,94,2,Train/2/00002_00029_00028.png
client_2,25679,148,137,12,12,136,126,18,Train/18/00018_00003_00029.png
client_2,33053,50,52,6,6,45,47,32,Train/32/00032_00006_00023.png
client_2,4826,82,80,7,7,74,72,2,Train/2/00002_00067_00026.png
client_2,15837,50,49,6,5,45,44,10,Train/10/00010_00026_00027.png
client_2,22670,80,81,7,7,72,73,14,Train/14/00014_00001_00020.png
client_2,22830,32,32,6,6,27,27,14,Train/14/00014_00007_00000.png
client_2,16875,42,34,6,5,37,29,10,Train/10/00010_00061_00015.png
client_2,26754,82,74,8,7,75,68,18,Train/18/00018_00039_00024.png
client_2,27476,59,57,6,5,54,52,22,Train/22/00022_00005_00026.png
client_2,22854,111,109,9,9,102,100,14,Train/14/00014_00007_00024.png
client_2,17953,32,34,5,6,27,29,11,Train/11/00011_00030_00013.png
client_2,12945,35,36,6,5,30,31,8,Train/8/00008_00026_00015.png
client_2,9404,34,36,5,6,29,31,5,Train/5/00005_00032_00014.png
client_2,16681,29,29,5,5,24,24,10,Train/10/00010_00055_00001.png
client_2,39140,40,38,5,6,35,33,42,Train/42/00042_00005_00021.png
client_2,22734,110,108,9,9,100,99,14,Train/14/00014_00003_00024.png
client_2,38477,61,59,6,6,56,54,40,Train/40/00040_00003_00018.png
client_2,15081,58,51,5,5,53,46,10,Train/10/00010_00001_00021.png
client_2,3564,57,56,6,5,52,51,2,Train/2/00002_00025_00024.png
client_2,4174,33,35,5,5,28,30,2,Train/2/00002_00046_00004.png
client_2,20151,53,52,6,6,47,47,12,Train/12/00012_00059_00021.png
client_2,17267,63,57,6,5,57,51,11,Train/11/00011_00007_00017.png
client_2,19198,80,80,7,7,73,73,12,Train/12/00012_00027_00028.png
client_2,31330,43,41,6,6,38,36,28,Train/28/00028_00017_00010.png
client_2,26489,205,191,18,17,188,175,18,Train/18/00018_00030_00029.png
client_2,17516,66,62,6,6,60,56,11,Train/11/00011_00015_00026.png
client_2,15846,30,32,6,6,25,27,10,Train/10/00010_00027_00006.png
client_2,19713,37,37,6,6,32,32,12,Train/12/00012_00045_00003.png
client_2,2495,29,28,5,5,23,23,1,Train/1/00001_00064_00005.png
client_2,20634,77,68,7,6,71,62,13,Train/13/00013_00005_00024.png
client_2,16846,37,35,5,6,32,30,10,Train/10/00010_00060_00016.png
client_2,17730,31,27,6,5,26,22,11,Train/11/00011_00023_00000.png
client_2,39208,68,69,7,6,62,63,42,Train/42/00042_00007_00029.png
client_2,23077,38,38,6,6,33,33,14,Train/14/00014_00015_00007.png
client_2,16901,33,35,5,6,28,30,10,Train/10/00010_00062_00011.png
client_2,59,69,58,6,5,63,53,20,Train/20/00020_00001_00029.png
client_2,33824,36,37,5,5,31,32,34,Train/34/00034_00001_00015.png
client_2,31646,122,106,10,9,112,97,30,Train/30/00030_00000_00026.png
client_2,26206,42,39,5,5,36,34,18,Train/18/00018_00021_00016.png
client_2,15816,30,30,6,6,25,25,10,Train/10/00010_00026_00006.png
client_2,34084,31,35,5,5,25,29,34,Train/34/00034_00010_00005.png
client_2,23097,125,122,11,10,115,112,14,Train/14/00014_00015_00027.png
client_2,26860,40,39,6,6,34,33,19,Train/19/00019_00003_00010.png
client_2,22759,69,70,6,6,63,64,14,Train/14/00014_00004_00019.png
client_2,16346,54,59,5,6,49,54,10,Train/10/00010_00043_00026.png
client_2,22918,120,118,11,11,110,108,14,Train/14/00014_00009_00028.png
client_2,31273,39,36,6,5,34,31,28,Train/28/00028_00015_00013.png
client_2,21063,39,38,5,6,33,32,13,Train/13/00013_00020_00003.png
client_2,33856,42,40,5,5,37,35,34,Train/34/00034_00002_00017.png
client_2,17376,46,44,5,6,41,39,11,Train/11/00011_00011_00006.png
client_2,18872,31,30,6,5,26,25,12,Train/12/00012_00017_00002.png
client_2,35798,40,40,5,5,35,34,37,Train/37/00037_00000_00009.png
client_2,19511,39,39,6,6,34,34,12,Train/12/00012_00038_00011.png
client_2,20559,39,39,6,6,34,34,13,Train/13/00013_00003_00009.png
client_2,16106,75,70,6,6,69,63,10,Train/10/00010_00035_00026.png
client_2,15546,31,32,5,6,26,27,10,Train/10/00010_00017_00006.png
client_2,26516,57,53,6,6,52,48,18,Train/18/00018_00031_00026.png
client_2,26138,44,44,5,5,39,39,18,Train/18/00018_00019_00008.png
client_2,5641,29,30,5,6,24,25,3,Train/3/00003_00020_00001.png
client_2,17368,120,108,10,10,110,99,11,Train/11/00011_00010_00028.png
client_2,20143,38,38,6,6,33,33,12,Train/12/00012_00059_00013.png
client_2,26077,32,29,5,5,27,24,18,Train/18/00018_00017_00007.png
client_2,23290,44,46,6,6,39,41,14,Train/14/00014_00022_00010.png
client_2,6527,47,47,6,5,42,41,4,Train/4/00004_00002_00017.png
client_2,19086,47,46,6,5,42,41,12,Train/12/00012_00024_00006.png
client_2,18107,71,71,6,7,65,65,11,Train/11/00011_00035_00017.png
client_2,16366,35,35,6,5,30,30,10,Train/10/00010_00044_00016.png
client_2,30839,55,52,6,6,50,47,28,Train/28/00028_00000_00029.png
client_2,19854,53,55,5,6,47,49,12,Train/12/00012_00049_00024.png
client_2,19793,93,96,8,9,84,87,12,Train/12/00012_00047_00023.png
client_2,16777,33,34,5,6,28,29,10,Train/10/00010_00058_00007.png
client_2,35911,26,27,5,5,21,22,37,Train/37/00037_00004_00002.png
client_2,3496,37,39,5,6,32,33,2,Train/2/00002_00023_00016.png
client_2,34003,38,39,5,6,33,34,34,Train/34/00034_00007_00014.png
client_2,15621,60,59,6,5,55,54,10,Train/10/00010_00019_00021.png
client_2,16287,73,74,7,7,67,68,10,Train/10/00010_00041_00027.png
client_2,18415,67,68,6,6,61,62,12,Train/12/00012_00001_00025.png
client_2,18212,31,30,5,6,25,24,11,Train/11/00011_00039_00002.png
client_2,16159,40,39,6,6,35,34,10,Train/10/00010_00037_00019.png
client_2,22740,37,38,6,6,32,33,14,Train/14/00014_00004_00000.png
client_2,26402,37,37,5,5,32,32,18,Train/18/00018_00028_00002.png
client_2,26486,101,95,8,9,92,87,18,Train/18/00018_00030_00026.png
client_2,23393,55,57,6,5,50,51,14,Train/14/00014_00025_00023.png
client_2,25692,89,80,8,8,81,73,18,Train/18/00018_00004_00012.png
client_2,15496,44,44,6,6,39,39,10,Train/10/00010_00015_00016.png
client_2,17178,64,61,6,5,59,56,11,Train/11/00011_00004_00018.png
client_2,18627,121,120,11,10,111,109,12,Train/12/00012_00008_00027.png
client_2,17011,28,25,5,5,22,20,10,Train/10/00010_00066_00001.png
client_2,17000,36,38,6,6,31,32,10,Train/10/00010_00065_00020.png
client_2,35842,69,65,7,6,63,60,37,Train/37/00037_00001_00023.png
client_2,13441,28,28,6,6,23,23,8,Train/8/00008_00043_00001.png
client_2,10072,42,41,5,5,37,36,5,Train/5/00005_00054_00022.png
client_2,33929,26,29,5,5,20,23,34,Train/34/00034_00005_00000.png
client_2,38184,74,73,7,6,68,67,39,Train/39/00039_00003_00025.png
client_2,35952,56,56,5,6,50,51,37,Train/37/00037_00005_00013.png
client_2,18654,65,64,6,6,60,59,12,Train/12/00012_00009_00024.png
client_2,19701,56,57,5,6,51,52,12,Train/12/00012_00044_00021.png
client_2,12401,38,37,6,5,33,32,8,Train/8/00008_00008_00011.png
client_2,6440,43,42,6,6,38,37,3,Train/3/00003_00046_00020.png
client_2,15334,34,33,6,5,29,28,10,Train/10/00010_00010_00004.png
client_2,3736,38,40,6,6,33,35,2,Train/2/00002_00031_00016.png
client_2,19335,45,46,5,5,40,41,12,Train/12/00012_00032_00015.png
client_2,10650,25,27,5,5,20,21,6,Train/6/00006_00012_00000.png
client_2,1837,38,40,5,6,33,35,1,Train/1/00001_00042_00007.png
client_2,12815,33,29,6,5,28,24,8,Train/8/00008_00022_00005.png
client_2,19635,76,77,6,7,70,71,12,Train/12/00012_00042_00015.png
client_2,15168,39,39,6,6,34,34,10,Train/10/00010_00004_00018.png
client_2,20960,70,62,7,5,64,57,13,Train/13/00013_00016_00020.png
client_2,18405,42,43,5,6,37,38,12,Train/12/00012_00001_00015.png
client_2,16435,56,54,6,6,51,49,10,Train/10/00010_00046_00025.png
client_2,25582,31,29,6,6,26,24,18,Train/18/00018_00000_00022.png
client_2,17602,83,74,7,7,76,68,11,Train/11/00011_00018_00022.png
client_2,3698,36,34,5,6,31,28,2,Train/2/00002_00030_00008.png
client_2,2863,31,34,5,6,25,28,2,Train/2/00002_00002_00013.png
client_2,30813,38,35,6,6,33,30,28,Train/28/00028_00000_00003.png
client_2,22638,81,82,7,8,74,75,14,Train/14/00014_00000_00018.png
client_2,17660,69,59,7,5,63,54,11,Train/11/00011_00020_00020.png
client_2,4981,28,28,6,6,23,23,2,Train/2/00002_00073_00001.png
client_2,20488,87,83,8,8,80,76,13,Train/13/00013_00000_00028.png
client_2,19896,34,36,5,6,29,30,12,Train/12/00012_00051_00006.png
client_2,26278,117,107,11,9,107,98,18,Train/18/00018_00023_00028.png
client_2,39164,37,37,5,5,32,32,42,Train/42/00042_00006_00015.png
client_2,16138,55,47,5,6,50,42,10,Train/10/00010_00036_00028.png
client_2,19404,108,108,9,9,99,99,12,Train/12/00012_00034_00024.png
client_2,16817,46,45,6,5,41,40,10,Train/10/00010_00059_00017.png
client_2,17198,55,49,6,5,50,44,11,Train/11/00011_00005_00008.png
client_2,32903,45,43,6,6,40,38,32,Train/32/00032_00001_00023.png
client_2,13467,62,61,5,5,57,56,8,Train/8/00008_00043_00027.png
client_2,15623,62,62,5,5,57,57,10,Train/10/00010_00019_00023.png
client_2,17385,60,55,5,5,55,50,11,Train/11/00011_00011_00015.png
client_2,19498,130,131,11,12,119,120,12,Train/12/00012_00037_00028.png
client_2,33903,54,54,6,6,48,48,34,Train/34/00034_00004_00004.png
client_2,18764,37,37,6,6,32,32,12,Train/12/00012_00013_00014.png
client_2,8641,31,31,6,5,26,25,5,Train/5/00005_00007_00001.png
client_2,23744,50,56,5,5,45,51,15,Train/15/00015_00011_00014.png
client_2,15522,36,37,5,6,31,32,10,Train/10/00010_00016_00012.png
client_2,19012,58,60,5,5,53,55,12,Train/12/00012_00021_00022.png
client_2,34064,40,40,5,5,35,35,34,Train/34/00034_00009_00015.png
client_2,27615,39,38,6,5,34,33,22,Train/22/00022_00010_00015.png
client_2,15450,28,28,5,5,23,23,10,Train/10/00010_00014_00000.png
client_2,20897,74,68,7,7,68,62,13,Train/13/00013_00014_00017.png
client_2,1153,36,36,5,5,31,31,1,Train/1/00001_00019_00013.png
client_2,17028,35,34,6,6,30,29,10,Train/10/00010_00066_00018.png
client_2,18234,62,56,6,6,57,51,11,Train/11/00011_00039_00024.png
client_2,16848,39,36,5,5,34,31,10,Train/10/00010_00060_00018.png
client_2,35855,32,31,5,5,27,26,37,Train/37/00037_00002_00006.png
client_2,31701,74,68,6,7,68,62,30,Train/30/00030_00002_00021.png
client_2,17122,145,130,13,11,133,119,11,Train/11/00011_00002_00022.png
client_2,12548,38,38,6,6,33,33,8,Train/8/00008_00013_00008.png
client_2,24171,48,48,5,5,43,43,16,Train/16/00016_00004_00021.png
client_2,17364,95,85,8,7,87,78,11,Train/11/00011_00010_00024.png
client_2,34174,39,39,5,5,34,34,34,Train/34/00034_00013_00005.png
client_2,1473,32,37,6,5,26,31,1,Train/1/00001_00030_00003.png
client_2,26763,69,59,6,6,63,54,19,Train/19/00019_00000_00003.png
client_2,17930,86,80,8,7,79,72,11,Train/11/00011_00029_00020.png
client_2,16005,40,35,6,6,35,30,10,Train/10/00010_00032_00015.png
client_2,7828,60,60,5,6,55,55,4,Train/4/00004_00045_00028.png
client_2,22867,36,41,5,6,31,36,14,Train/14/00014_00008_00007.png
client_2,17642,35,33,5,6,30,28,11,Train/11/00011_00020_00002.png
client_2,26361,68,63,7,6,62,57,18,Train/18/00018_00026_00021.png
client_2,12976,31,32,5,6,26,26,8,Train/8/00008_00027_00016.png
client_2,18286,51,43,6,5,46,38,11,Train/11/00011_00041_00016.png
client_2,19798,164,164,15,15,150,150,12,Train/12/00012_00047_00028.png
client_2,25966,47,46,6,5,42,41,18,Train/18/00018_00013_00016.png
client_2,23263,47,48,6,6,42,42,14,Train/14/00014_00021_00013.png
client_2,19423,43,43,6,5,38,38,12,Train/12/00012_00035_00013.png
client_2,33878,55,57,6,6,50,52,34,Train/34/00034_00003_00009.png
client_2,18470,54,55,5,6,49,50,12,Train/12/00012_00003_00020.png
client_2,31275,42,38,6,6,36,32,28,Train/28/00028_00015_00015.png
client_2,26363,76,71,6,6,69,64,18,Train/18/00018_00026_00023.png
client_2,26494,36,35,5,6,31,29,18,Train/18/00018_00031_00004.png
client_2,24328,49,54,5,6,43,49,16,Train/16/00016_00009_00028.png
client_2,38605,73,76,7,6,67,70,40,Train/40/00040_00007_00026.png
client_2,5915,31,30,6,6,26,25,3,Train/3/00003_00029_00005.png
client_2,12794,36,35,6,6,31,30,8,Train/8/00008_00021_00014.png
client_2,12984,44,38,6,6,39,33,8,Train/8/00008_00027_00024.png
client_2,16603,43,43,5,5,38,38,10,Train/10/00010_00052_00013.png
client_2,38572,84,84,7,8,76,76,40,Train/40/00040_00006_00023.png
client_2,5923,35,35,5,6,30,30,3,Train/3/00003_00029_00013.png
client_2,33993,29,30,5,6,24,25,34,Train/34/00034_00007_00004.png
client_2,21049,72,62,7,5,65,57,13,Train/13/00013_00019_00019.png
client_2,10268,29,30,6,6,24,25,5,Train/5/00005_00061_00008.png
client_2,4244,35,34,5,6,30,29,2,Train/2/00002_00048_00014.png
client_2,25854,49,45,6,6,44,40,18,Train/18/00018_00009_00024.png
client_2,16906,37,37,6,5,32,32,10,Train/10/00010_00062_00016.png
client_2,21070,48,45,5,5,42,40,13,Train/13/00013_00020_00010.png
client_2,16189,41,42,6,6,36,37,10,Train/10/00010_00038_00019.png
client_2,18198,73,66,6,6,67,60,11,Train/11/00011_00038_00018.png
client_2,7108,106,104,9,10,97,95,4,Train/4/00004_00021_00028.png
client_2,18534,85,82,8,8,78,75,12,Train/12/00012_00005_00024.png
client_2,26746,57,51,6,5,52,46,18,Train/18/00018_00039_00016.png
client_2,15490,35,36,6,6,30,31,10,Train/10/00010_00015_00010.png
client_2,16097,43,41,5,6,38,36,10,Train/10/00010_00035_00017.png
client_2,38609,25,30,5,5,20,24,40,Train/40/00040_00008_00000.png
client_2,19573,48,47,6,5,43,42,12,Train/12/00012_00040_00013.png
client_2,15923,44,43,6,6,39,38,10,Train/10/00010_00029_00023.png
client_2,18614,43,44,6,6,38,39,12,Train/12/00012_00008_00014.png
client_2,15815,31,31,6,6,26,26,10,Train/10/00010_00026_00005.png
client_2,26063,51,47,6,5,46,42,18,Train/18/00018_00016_00023.png
client_2,26214,70,64,6,5,64,59,18,Train/18/00018_00021_00024.png
client_2,12991,28,26,6,5,23,20,8,Train/8/00008_00028_00001.png
client_2,16876,43,36,6,6,38,31,10,Train/10/00010_00061_00016.png
client_2,22689,40,39,6,5,35,34,14,Train/14/00014_00002_00009.png
client_2,15043,42,43,5,6,37,38,10,Train/10/00010_00000_00013.png
client_2,4991,36,35,6,6,31,30,2,Train/2/00002_00073_00011.png
client_2,28363,32,30,6,5,26,24,24,Train/24/00024_00005_00013.png
client_2,15238,60,60,6,6,55,55,10,Train/10/00010_00006_00028.png
client_2,15047,45,46,5,5,40,41,10,Train/10/00010_00000_00017.png
client_2,17076,58,54,5,6,53,49,11,Train/11/00011_00001_00006.png
client_2,16249,45,43,6,5,40,38,10,Train/10/00010_00040_00019.png
client_2,39141,42,40,5,6,37,35,42,Train/42/00042_00005_00022.png
client_2,15053,51,53,5,5,46,48,10,Train/10/00010_00000_00023.png
client_2,26637,108,93,9,9,98,85,18,Train/18/00018_00035_00027.png
client_2,23227,46,50,5,6,41,45,14,Train/14/00014_00020_00007.png
client_2,18406,45,42,6,5,40,37,12,Train/12/00012_00001_00016.png
client_2,15377,46,46,5,5,41,41,10,Train/10/00010_00011_00017.png
client_2,736,46,44,6,5,41,39,1,Train/1/00001_00005_00016.png
client_2,33044,35,35,5,5,30,30,32,Train/32/00032_00006_00014.png
client_2,19891,33,34,5,6,28,29,12,Train/12/00012_00051_00001.png
client_2,35898,44,45,5,6,39,40,37,Train/37/00037_00003_00019.png
client_2,8031,43,42,6,5,38,37,4,Train/4/00004_00052_00021.png
client_2,19304,50,50,6,6,45,45,12,Train/12/00012_00031_00014.png
client_2,13489,44,44,6,5,39,38,8,Train/8/00008_00044_00019.png
client_2,22719,52,51,6,5,47,46,14,Train/14/00014_00003_00009.png
client_2,8852,30,29,6,5,25,24,5,Train/5/00005_00014_00002.png
client_2,22756,58,58,5,6,52,53,14,Train/14/00014_00004_00016.png
client_2,27593,80,67,8,6,73,61,22,Train/22/00022_00009_00023.png
client_2,19994,43,43,5,5,38,38,12,Train/12/00012_00054_00014.png
client_2,5576,89,94,8,8,82,86,3,Train/3/00003_00017_00026.png
client_2,22871,39,46,5,6,33,40,14,Train/14/00014_00008_00011.png
client_2,12953,43,44,5,5,37,39,8,Train/8/00008_00026_00023.png
client_2,16692,36,37,5,6,31,32,10,Train/10/00010_00055_00012.png
client_2,16781,37,36,6,5,32,31,10,Train/10/00010_00058_00011.png
client_2,26311,36,33,6,5,31,28,18,Train/18/00018_00025_00001.png
client_2,16409,71,76,6,7,65,70,10,Train/10/00010_00045_00029.png
client_2,27509,99,93,8,9,91,85,22,Train/22/00022_00006_00029.png
client_2,15348,41,40,6,5,36,35,10,Train/10/00010_00010_00018.png
client_2,15449,110,119,9,11,101,109,10,Train/10/00010_00013_00029.png
client_2,4598,56,57,6,6,51,52,2,Train/2/00002_00060_00008.png
client_2,30611,46,44,5,5,41,39,27,Train/27/00027_00001_00011.png
client_2,16406,62,64,5,5,57,59,10,Train/10/00010_00045_00026.png
client_2,19370,51,60,6,5,46,55,12,Train/12/00012_00033_00020.png
client_2,26195,29,30,5,5,24,24,18,Train/18/00018_00021_00005.png
client_2,19792,86,87,8,7,78,79,12,Train/12/00012_00047_00022.png
client_2,26384,44,41,5,5,39,36,18,Train/18/00018_00027_00014.png
client_2,26412,45,45,6,5,40,40,18,Train/18/00018_00028_00012.png
client_2,18676,53,45,5,6,48,39,12,Train/12/00012_00010_00016.png
client_2,18410,52,50,5,5,46,45,12,Train/12/00012_00001_00020.png
client_2,3668,41,41,6,6,36,36,2,Train/2/00002_00029_00008.png
client_2,19789,70,71,6,6,63,65,12,Train/12/00012_00047_00019.png
client_2,1311,29,28,6,5,24,23,1,Train/1/00001_00024_00021.png
client_2,18574,34,34,6,5,29,29,12,Train/12/00012_00007_00004.png
client_2,4490,49,48,6,5,44,43,2,Train/2/00002_00056_00020.png
client_2,15737,42,42,6,6,37,37,10,Train/10/00010_00023_00017.png
client_2,25921,36,38,5,6,31,33,18,Train/18/00018_00012_00001.png
client_2,18305,35,35,6,6,30,30,11,Train/11/00011_00042_00005.png
client_2,31295,37,39,5,6,32,34,28,Train/28/00028_00016_00005.png
client_2,17731,33,29,5,5,28,24,11,Train/11/00011_00023_00001.png
client_2,32990,48,47,6,5,43,42,32,Train/32/00032_00004_00020.png
client_2,18536,92,88,9,7,84,81,12,Train/12/00012_00005_00026.png
client_2,27304,37,38,5,6,32,33,22,Train/22/00022_00000_00004.png
client_2,12424,33,34,5,6,27,28,8,Train/8/00008_00009_00004.png
client_2,25888,144,125,13,11,131,115,18,Train/18/00018_00010_00028.png
client_2,28428,65,58,6,6,60,53,24,Train/24/00024_00007_00018.png
client_2,16684,31,31,6,6,26,26,10,Train/10/00010_00055_00004.png
client_2,20389,52,50,5,6,47,45,12,Train/12/00012_00067_00019.png
client_2,21228,57,51,6,5,52,46,13,Train/13/00013_00025_00018.png
client_2,8593,33,33,6,5,28,28,5,Train/5/00005_00005_00013.png
client_2,16971,41,41,6,5,36,36,10,Train/10/00010_00064_00021.png
client_2,21891,94,81,8,7,86,74,13,Train/13/00013_00047_00021.png
client_2,24173,55,54,6,5,50,49,16,Train/16/00016_00004_00023.png
client_2,7762,54,54,5,5,49,49,4,Train/4/00004_00043_00022.png
client_2,25931,38,38,5,5,32,33,18,Train/18/00018_00012_00011.png
client_2,16867,36,31,6,6,30,25,10,Train/10/00010_00061_00007.png
client_2,26152,79,79,7,7,72,72,18,Train/18/00018_00019_00022.png
client_2,297,57,57,6,6,52,52,20,Train/20/00020_00009_00027.png
client_2,15980,44,43,6,6,39,38,10,Train/10/00010_00031_00020.png
client_2,33982,37,39,6,5,32,34,34,Train/34/00034_00006_00023.png
client_2,25585,31,28,6,5,26,23,18,Train/18/00018_00000_00025.png
client_2,17802,39,37,5,6,34,32,11,Train/11/00011_00025_00012.png
client_2,21863,75,71,7,6,69,65,13,Train/13/00013_00046_00023.png
client_2,5012,30,31,5,6,25,26,2,Train/2/00002_00074_00002.png
client_2,15866,84,85,8,7,77,78,10,Train/10/00010_00027_00026.png
client_2,12736,50,50,6,6,45,45,8,Train/8/00008_00019_00016.png
client_2,19057,35,36,5,6,30,31,12,Train/12/00012_00023_00007.png
client_2,18912,43,43,6,6,38,38,12,Train/12/00012_00018_00012.png
client_2,27381,68,63,6,5,62,58,22,Train/22/00022_00002_00021.png
client_2,19221,48,48,5,5,43,43,12,Train/12/00012_00028_00021.png
client_2,20332,77,79,7,7,71,72,12,Train/12/00012_00065_00022.png
client_2,23443,34,77,5,6,29,70,15,Train/15/00015_00001_00013.png
client_2,19993,40,42,5,5,35,37,12,Train/12/00012_00054_00013.png
client_2,18724,35,35,6,6,30,30,12,Train/12/00012_00012_00004.png
client_2,34127,62,61,6,5,57,56,34,Train/34/00034_00011_00018.png
client_2,27635,37,35,6,5,32,30,22,Train/22/00022_00011_00005.png
client_2,26884,42,39,6,6,37,34,19,Train/19/00019_00004_00004.png
client_2,8770,40,42,5,6,35,37,5,Train/5/00005_00011_00010.png
client_2,2839,46,49,6,6,41,43,2,Train/2/00002_00001_00019.png
client_2,12746,73,73,7,7,67,67,8,Train/8/00008_00019_00026.png
client_2,15262,60,60,5,5,55,55,10,Train/10/00010_00007_00022.png
client_2,26233,71,71,7,7,65,65,18,Train/18/00018_00022_00013.png
client_2,16350,27,27,6,5,22,22,10,Train/10/00010_00044_00000.png
client_2,4347,101,98,9,8,92,90,2,Train/2/00002_00051_00027.png
client_2,25817,74,64,7,5,68,59,18,Train/18/00018_00008_00017.png
client_2,17390,73,64,7,6,67,59,11,Train/11/00011_00011_00020.png
client_2,15178,59,60,6,6,54,55,10,Train/10/00010_00004_00028.png
client_2,18692,37,40,6,6,32,34,12,Train/12/00012_00011_00002.png
client_2,38279,52,55,5,6,47,50,39,Train/39/00039_00007_00000.png
client_2,15941,33,33,6,6,28,28,10,Train/10/00010_00030_00011.png
client_2,38252,29,30,5,6,24,25,39,Train/39/00039_00006_00003.png
client_2,15080,53,49,5,6,47,43,10,Train/10/00010_00001_00020.png
client_2,30865,81,71,7,6,74,65,28,Train/28/00028_00001_00025.png
client_2,33064,30,30,6,6,25,25,32,Train/32/00032_00007_00004.png
client_2,17810,54,50,5,5,49,45,11,Train/11/00011_00025_00020.png
client_2,16622,35,35,6,6,30,30,10,Train/10/00010_00053_00002.png
client_2,24013,34,36,5,6,29,31,15,Train/15/00015_00020_00013.png
client_2,16501,28,28,5,5,23,23,10,Train/10/00010_00049_00001.png
client_2,3185,32,32,6,5,27,27,2,Train/2/00002_00013_00005.png
client_2,17392,79,71,7,7,72,65,11,Train/11/00011_00011_00022.png
client_2,13513,41,42,5,6,36,37,8,Train/8/00008_00045_00013.png
client_2,17348,56,52,5,5,51,47,11,Train/11/00011_00010_00008.png
client_2,31077,148,129,13,12,135,118,28,Train/28/00028_00008_00027.png
client_2,34052,32,31,6,5,27,26,34,Train/34/00034_00009_00003.png
client_2,12713,53,53,6,6,48,48,8,Train/8/00008_00018_00023.png
client_2,34099,42,49,6,5,37,44,34,Train/34/00034_00010_00020.png
client_2,22106,153,142,14,13,139,130,13,Train/13/00013_00054_00026.png
client_2,17273,73,69,6,7,67,63,11,Train/11/00011_00007_00023.png
client_2,7436,73,76,7,7,67,70,4,Train/4/00004_00032_00026.png
client_2,22126,50,46,6,5,45,41,13,Train/13/00013_00055_00016.png
client_2,16372,40,41,6,6,35,36,10,Train/10/00010_00044_00022.png
client_2,26861,40,39,5,5,35,34,19,Train/19/00019_00003_00011.png
client_2,16782,38,37,6,5,33,32,10,Train/10/00010_00058_00012.png
client_2,23195,39,45,5,5,33,39,14,Train/14/00014_00019_00005.png
client_2,16142,27,27,5,6,22,22,10,Train/10/00010_00037_00002.png
client_2,12423,34,33,6,5,28,27,8,Train/8/00008_00009_00003.png
client_2,16701,47,47,6,6,42,42,10,Train/10/00010_00055_00021.png
client_2,16102,54,52,6,6,49,47,10,Train/10/00010_00035_00022.png
client_2,16086,31,31,5,6,26,25,10,Train/10/00010_00035_00006.png
client_2,4386,32,32,5,5,27,27,2,Train/2/00002_00053_00006.png
client_2,12656,54,52,6,5,49,47,8,Train/8/00008_00016_00026.png
client_2,13454,37,35,5,6,32,30,8,Train/8/00008_00043_00014.png
client_2,15794,37,39,6,6,32,34,10,Train/10/00010_00025_00014.png
client_2,19298,43,44,6,5,38,39,12,Train/12/00012_00031_00008.png
client_2,15671,40,40,5,5,35,35,10,Train/10/00010_00021_00011.png
client_2,17362,92,80,9,7,84,73,11,Train/11/00011_00010_00022.png
client_2,33902,54,53,6,6,48,48,34,Train/34/00034_00004_00003.png
client_2,15280,38,37,6,6,32,32,10,Train/10/00010_00008_00010.png
client_2,26463,31,29,6,6,26,24,18,Train/18/00018_00030_00003.png
client_2,3227,38,38,5,5,33,33,2,Train/2/00002_00014_00017.png
client_2,1846,48,50,5,6,43,45,1,Train/1/00001_00042_00016.png
client_2,16994,33,31,6,5,28,26,10,Train/10/00010_00065_00014.png
client_2,1354,51,53,5,5,46,48,1,Train/1/00001_00026_00004.png
client_2,26156,107,106,10,9,98,97,18,Train/18/00018_00019_00026.png
client_2,25630,43,40,5,6,38,35,18,Train/18/00018_00002_00010.png
client_2,2742,52,52,5,5,47,47,1,Train/1/00001_00072_00012.png
client_2,26445,49,47,5,6,43,42,18,Train/18/00018_00029_00015.png
client_2,16807,35,35,6,6,30,30,10,Train/10/00010_00059_00007.png
client_2,17224,29,25,5,5,23,20,11,Train/11/00011_00006_00004.png
client_2,16088,33,30,6,5,28,25,10,Train/10/00010_00035_00008.png
client_2,3921,47,47,5,5,42,42,2,Train/2/00002_00037_00021.png
client_2,15637,31,30,6,6,26,24,10,Train/10/00010_00020_00007.png
client_2,19246,54,52,6,6,49,47,12,Train/12/00012_00029_00016.png
client_2,18282,46,41,6,5,41,36,11,Train/11/00011_00041_00012.png
client_2,24241,27,29,6,6,22,24,16,Train/16/00016_00007_00001.png
client_2,18429,40,42,6,6,35,37,12,Train/12/00012_00002_00009.png
client_2,27517,42,38,6,5,37,32,22,Train/22/00022_00007_00007.png
client_2,15782,30,29,6,5,25,24,10,Train/10/00010_00025_00002.png
client_2,20354,44,49,5,5,39,44,12,Train/12/00012_00066_00014.png
client_2,25684,68,60,6,6,62,55,18,Train/18/00018_00004_00004.png
client_2,9332,28,29,5,6,23,24,5,Train/5/00005_00030_00002.png
client_2,5901,40,44,5,6,35,39,3,Train/3/00003_00028_00021.png
client_2,4925,27,27,6,5,22,22,2,Train/2/00002_00071_00005.png
client_2,28396,52,49,5,6,47,44,24,Train/24/00024_00006_00016.png
client_2,17220,28,27,5,6,23,22,11,Train/11/00011_00006_00000.png
client_2,20928,96,93,9,9,88,84,13,Train/13/00013_00015_00018.png
client_2,27363,33,32,5,6,28,27,22,Train/22/00022_00002_00003.png
client_2,23249,224,219,19,19,205,201,14,Train/14/00014_00020_00029.png
client_2,16410,26,27,6,6,21,21,10,Train/10/00010_00046_00000.png
client_2,9529,45,45,5,6,39,39,5,Train/5/00005_00036_00019.png
client_2,20055,47,47,5,5,42,42,12,Train/12/00012_00056_00015.png
client_2,30586,74,70,7,7,68,64,27,Train/27/00027_00000_00016.png
client_2,15696,40,41,5,6,35,36,10,Train/10/00010_00022_00006.png
client_2,25985,38,39,5,6,33,34,18,Train/18/00018_00014_00005.png
client_2,16301,39,39,6,5,34,34,10,Train/10/00010_00042_00011.png
client_2,12568,119,122,11,10,109,112,8,Train/8/00008_00013_00028.png
client_2,16267,29,29,6,6,24,24,10,Train/10/00010_00041_00007.png
client_2,26231,66,65,6,6,60,60,18,Train/18/00018_00022_00011.png
client_2,15500,53,53,6,6,48,48,10,Train/10/00010_00015_00020.png
client_2,19138,92,93,8,8,84,85,12,Train/12/00012_00025_00028.png
client_2,18170,46,49,6,6,41,44,11,Train/11/00011_00037_00020.png
client_2,17904,31,47,6,6,26,42,11,Train/11/00011_00028_00024.png
client_2,18423,33,33,6,5,28,28,12,Train/12/00012_00002_00003.png
client_2,21467,59,53,6,5,53,48,13,Train/13/00013_00033_00017.png
client_2,23343,26,28,5,6,21,22,14,Train/14/00014_00024_00003.png
client_2,33911,61,60,6,5,56,55,34,Train/34/00034_00004_00012.png
client_2,2252,39,41,5,5,34,36,1,Train/1/00001_00056_00002.png
client_2,3972,33,35,6,6,28,29,2,Train/2/00002_00039_00012.png
client_2,12297,63,61,6,5,58,56,8,Train/8/00008_00004_00027.png
client_2,22771,52,53,5,6,47,48,14,Train/14/00014_00005_00001.png
client_2,13323,33,31,6,5,28,26,8,Train/8/00008_00039_00003.png
client_2,24401,34,34,6,6,29,29,16,Train/16/00016_00012_00011.png
client_2,16311,50,51,6,5,45,46,10,Train/10/00010_00042_00021.png
client_2,16525,53,53,5,5,48,48,10,Train/10/00010_00049_00025.png
client_2,3956,95,88,9,7,87,81,2,Train/2/00002_00038_00026.png
client_2,26517,59,55,6,6,53,49,18,Train/18/00018_00031_00027.png
client_2,3406,38,39,6,5,33,34,2,Train/2/00002_00020_00016.png
client_2,15390,30,31,5,6,25,26,10,Train/10/00010_00012_00000.png
client_2,16620,36,34,6,5,31,29,10,Train/10/00010_00053_00000.png
client_2,13108,107,112,9,9,98,103,8,Train/8/00008_00031_00028.png
client_2,16820,53,54,5,6,48,49,10,Train/10/00010_00059_00020.png
client_2,21470,70,62,6,5,63,56,13,Train/13/00013_00033_00020.png
client_2,13309,38,39,5,5,33,34,8,Train/8/00008_00038_00019.png
client_2,18802,63,63,6,6,58,58,12,Train/12/00012_00014_00022.png
client_2,33985,41,43,6,5,36,38,34,Train/34/00034_00006_00026.png
client_2,22861,30,35,5,6,25,30,14,Train/14/00014_00008_00001.png
client_2,22315,120,109,11,10,110,100,13,Train/13/00013_00061_00025.png
client_2,15448,99,107,8,10,91,98,10,Train/10/00010_00013_00028.png
client_2,15853,38,39,6,5,33,34,10,Train/10/00010_00027_00013.png
client_2,26563,63,57,5,5,58,52,18,Train/18/00018_00033_00013.png
client_2,24376,36,36,6,6,31,31,16,Train/16/00016_00011_00016.png
client_2,8436,32,33,5,5,27,28,5,Train/5/00005_00000_00006.png
client_2,25889,144,130,13,12,135,118,18,Train/18/00018_00010_00029.png
client_2,38299,81,84,8,8,73,77,39,Train/39/00039_00007_00020.png
client_2,19855,54,56,5,6,49,51,12,Train/12/00012_00049_00025.png
client_2,2578,123,121,11,11,112,111,1,Train/1/00001_00066_00028.png
client_2,20724,62,86,5,8,57,79,13,Train/13/00013_00008_00024.png
client_2,16471,28,30,5,6,23,24,10,Train/10/00010_00048_00001.png
client_2,23584,29,29,6,5,24,24,15,Train/15/00015_00006_00004.png
client_2,31156,48,46,6,6,43,41,28,Train/28/00028_00011_00016.png
client_2,15840,26,30,5,5,21,25,10,Train/10/00010_00027_00000.png
client_2,3267,112,122,10,11,103,111,2,Train/2/00002_00015_00027.png
client_2,12868,63,63,6,6,58,58,8,Train/8/00008_00023_00028.png
client_2,15474,57,57,6,6,52,52,10,Train/10/00010_00014_00024.png
client_2,13037,46,46,5,5,41,41,8,Train/8/00008_00029_00017.png
client_2,38203,39,43,5,6,34,38,39,Train/39/00039_00004_00014.png
client_2,3327,86,88,7,8,79,80,2,Train/2/00002_00017_00027.png
client_2,15387,85,85,8,8,78,78,10,Train/10/00010_00011_00027.png
client_2,16784,38,38,5,5,33,33,10,Train/10/00010_00058_00014.png
client_2,3078,67,68,6,7,61,62,2,Train/2/00002_00009_00018.png
client_2,16939,39,40,5,6,34,35,10,Train/10/00010_00063_00019.png
client_2,4643,75,76,7,7,69,70,2,Train/2/00002_00061_00023.png
client_2,19729,72,73,7,7,66,67,12,Train/12/00012_00045_00019.png
client_2,4649,117,124,10,11,107,114,2,Train/2/00002_00061_00029.png
client_2,22785,57,58,5,6,52,53,14,Train/14/00014_00005_00015.png
client_2,31192,60,56,5,5,54,51,28,Train/28/00028_00012_00022.png
client_2,2056,44,44,5,5,39,39,1,Train/1/00001_00049_00016.png
client_2,17595,63,56,6,5,58,51,11,Train/11/00011_00018_00015.png
client_2,20968,134,123,11,10,123,113,13,Train/13/00013_00016_00028.png
client_2,4400,43,43,5,5,38,38,2,Train/2/00002_00053_00020.png
client_2,19693,42,41,6,5,37,36,12,Train/12/00012_00044_00013.png
client_2,34156,37,39,6,6,32,34,34,Train/34/00034_00012_00017.png
client_2,13525,73,73,6,6,67,67,8,Train/8/00008_00045_00025.png
client_2,23326,54,55,5,6,49,50,14,Train/14/00014_00023_00016.png
client_2,19213,33,33,5,5,28,28,12,Train/12/00012_00028_00013.png
client_2,15745,50,51,5,6,45,46,10,Train/10/00010_00023_00025.png
client_2,16849,41,38,5,5,36,33,10,Train/10/00010_00060_00019.png
client_2,17210,77,70,7,6,71,64,11,Train/11/00011_00005_00020.png
client_2,3925,55,54,5,5,50,49,2,Train/2/00002_00037_00025.png
client_2,33968,28,33,5,6,23,28,34,Train/34/00034_00006_00009.png
client_2,26343,41,35,6,6,36,30,18,Train/18/00018_00026_00003.png
client_2,16492,49,49,6,6,44,44,10,Train/10/00010_00048_00022.png
client_2,10254,39,42,6,5,34,37,5,Train/5/00005_00060_00024.png
client_2,15541,28,29,5,6,23,24,10,Train/10/00010_00017_00001.png
client_2,15744,49,52,5,6,44,47,10,Train/10/00010_00023_00024.png
client_2,3257,74,75,7,6,68,69,2,Train/2/00002_00015_00017.png
client_2,24263,45,46,5,6,40,41,16,Train/16/00016_00007_00023.png
client_2,26425,74,83,7,8,68,76,18,Train/18/00018_00028_00025.png
client_2,24217,80,81,7,8,73,74,16,Train/16/00016_00006_00007.png
client_2,33821,35,35,6,6,30,30,34,Train/34/00034_00001_00012.png
client_2,9613,33,34,6,6,27,28,5,Train/5/00005_00039_00013.png
client_2,17600,76,69,6,7,70,63,11,Train/11/00011_00018_00020.png
client_2,32970,26,27,5,6,21,22,32,Train/32/00032_00004_00000.png
client_2,32868,40,40,5,5,35,35,32,Train/32/00032_00000_00018.png
client_2,9272,32,30,5,5,27,25,5,Train/5/00005_00028_00002.png
client_2,13008,39,35,6,6,34,30,8,Train/8/00008_00028_00018.png
client_2,15772,55,57,6,6,50,52,10,Train/10/00010_00024_00022.png
client_2,17187,136,135,12,12,125,124,11,Train/11/00011_00004_00027.png
client_2,15402,37,38,5,6,32,33,10,Train/10/00010_00012_00012.png
client_2,20112,49,47,5,6,44,42,12,Train/12/00012_00058_00012.png
client_2,15640,33,32,6,6,28,27,10,Train/10/00010_00020_00010.png
client_2,32920,35,36,6,6,30,30,32,Train/32/00032_00002_00010.png
client_2,15876,34,34,6,6,29,29,10,Train/10/00010_00028_00006.png
client_2,17682,40,34,6,6,35,29,11,Train/11/00011_00021_00012.png
client_2,31880,50,45,5,6,45,40,30,Train/30/00030_00008_00020.png
client_2,12335,31,31,5,5,26,26,8,Train/8/00008_00006_00005.png
client_2,16432,46,46,5,6,41,41,10,Train/10/00010_00046_00022.png
client_2,23857,33,38,6,5,28,33,15,Train/15/00015_00015_00007.png
client_2,26620,35,35,5,6,30,30,18,Train/18/00018_00035_00010.png
client_2,17950,29,28,6,5,24,23,11,Train/11/00011_00030_00010.png
client_2,25912,64,59,5,5,59,54,18,Train/18/00018_00011_00022.png
client_2,13285,47,48,5,6,42,43,8,Train/8/00008_00037_00025.png
client_2,31425,50,46,5,6,45,41,29,Train/29/00029_00002_00015.png
client_2,26028,68,67,7,6,62,61,18,Train/18/00018_00015_00018.png
client_2,31055,61,56,5,6,56,51,28,Train/28/00028_00008_00005.png
client_2,20210,54,57,5,6,49,52,12,Train/12/00012_00061_00020.png
client_2,25909,53,50,6,6,48,45,18,Train/18/00018_00011_00019.png
client_2,4210,30,31,5,6,25,26,2,Train/2/00002_00047_00010.png
client_2,4314,47,47,6,6,42,41,2,Train/2/00002_00050_00024.png
client_2,20357,48,52,6,5,43,47,12,Train/12/00012_00066_00017.png
client_2,20448,69,72,7,7,63,66,12,Train/12/00012_00069_00018.png
client_2,18190,58,52,6,6,53,46,11,Train/11/00011_00038_00010.png
client_2,23238,81,86,8,8,73,79,14,Train/14/00014_00020_00018.png
client_2,18909,38,38,5,5,33,33,12,Train/12/00012_00018_00009.png
client_2,26546,94,93,9,8,86,85,18,Train/18/00018_00032_00026.png
client_2,34142,30,30,6,5,25,25,34,Train/34/00034_00012_00003.png
client_2,21976,46,49,6,5,41,43,13,Train/13/00013_00050_00016.png
client_2,15775,73,73,7,6,67,67,10,Train/10/00010_00024_00025.png
client_2,2534,39,40,5,5,33,34,1,Train/1/00001_00065_00014.png
client_2,28213,37,35,5,6,32,29,24,Train/24/00024_00000_00013.png
client_2,21792,50,44,6,5,45,39,13,Train/13/00013_00044_00012.png
client_2,27439,45,45,5,5,40,39,22,Train/22/00022_00004_00019.png
client_2,15883,35,35,5,5,30,30,10,Train/10/00010_00028_00013.png
client_2,19556,99,100,8,9,91,92,12,Train/12/00012_00039_00026.png
client_2,16274,35,35,5,6,30,30,10,Train/10/00010_00041_00014.png
client_2,26005,84,76,8,6,77,70,18,Train/18/00018_00014_00025.png
client_2,18184,49,45,5,6,44,40,11,Train/11/00011_00038_00004.png
client_2,23532,37,37,6,6,31,32,15,Train/15/00015_00004_00012.png
client_2,22791,65,65,6,6,59,59,14,Train/14/00014_00005_00021.png
client_2,16060,33,31,5,5,27,25,10,Train/10/00010_00034_00010.png
client_2,27681,62,57,6,5,57,51,22,Train/22/00022_00012_00021.png
client_2,30857,55,50,6,6,49,45,28,Train/28/00028_00001_00017.png
client_2,17031,37,38,6,6,32,32,10,Train/10/00010_00066_00021.png
client_2,15543,29,29,5,5,24,24,10,Train/10/00010_00017_00003.png
client_2,17013,29,27,6,6,23,21,10,Train/10/00010_00066_00003.png
client_2,32935,64,60,6,5,59,55,32,Train/32/00032_00002_00025.png
client_2,23907,60,60,6,5,55,55,15,Train/15/00015_00016_00027.png
client_2,25688,81,71,8,7,74,65,18,Train/18/00018_00004_00008.png
client_2,12751,36,35,6,5,31,30,8,Train/8/00008_00020_00001.png
client_2,933,30,31,6,5,24,25,1,Train/1/00001_00012_00003.png
client_2,23627,37,40,6,6,32,35,15,Train/15/00015_00007_00017.png
client_2,7611,49,48,6,5,44,43,4,Train/4/00004_00038_00021.png
client_2,28210,34,32,5,6,29,27,24,Train/24/00024_00000_00010.png
client_2,4521,53,54,5,5,48,48,2,Train/2/00002_00057_00021.png
client_2,16045,55,49,6,5,50,44,10,Train/10/00010_00033_00025.png
client_2,16206,29,30,5,6,24,25,10,Train/10/00010_00039_00006.png
client_2,17477,51,47,5,6,45,42,11,Train/11/00011_00014_00017.png
client_2,12817,34,31,6,6,28,26,8,Train/8/00008_00022_00007.png
client_2,19873,42,42,6,6,37,37,12,Train/12/00012_00050_00013.png
client_2,25953,42,42,6,6,37,37,18,Train/18/00018_00013_00003.png
client_2,25723,100,94,9,8,92,86,18,Train/18/00018_00005_00013.png
client_2,2092,57,56,5,5,52,51,1,Train/1/00001_00050_00022.png
client_2,16600,41,40,6,5,36,35,10,Train/10/00010_00052_00010.png
client_2,1256,88,89,7,8,80,82,1,Train/1/00001_00022_00026.png
client_2,15303,32,33,5,6,27,28,10,Train/10/00010_00009_00003.png
client_2,602,31,33,5,6,25,28,1,Train/1/00001_00001_00002.png
client_2,38549,35,35,6,6,30,30,40,Train/40/00040_00006_00000.png
client_2,16035,33,33,5,5,28,28,10,Train/10/00010_00033_00015.png
client_2,17942,26,26,6,5,21,21,11,Train/11/00011_00030_00002.png
client_2,3460,34,35,6,6,29,30,2,Train/2/00002_00022_00010.png
client_2,33944,36,39,5,5,30,33,34,Train/34/00034_00005_00015.png
client_2,33955,52,60,5,6,47,54,34,Train/34/00034_00005_00026.png
client_2,78,52,51,5,6,47,46,20,Train/20/00020_00002_00018.png
client_2,12293,52,51,6,6,47,46,8,Train/8/00008_00004_00023.png
client_2,25845,39,36,6,6,34,31,18,Train/18/00018_00009_00015.png
client_2,17086,80,75,8,7,73,69,11,Train/11/00011_00001_00016.png
client_2,17149,63,58,5,5,58,53,11,Train/11/00011_00003_00019.png
client_2,2288,33,33,5,5,28,28,1,Train/1/00001_00057_00008.png
client_2,26561,58,54,5,5,53,49,18,Train/18/00018_00033_00011.png
client_2,18777,68,67,7,6,62,61,12,Train/12/00012_00013_00027.png
client_2,18547,38,37,6,6,33,32,12,Train/12/00012_00006_00007.png
client_2,16819,49,50,5,6,44,45,10,Train/10/00010_00059_00019.png
client_2,30911,44,40,6,6,38,34,28,Train/28/00028_00003_00011.png
client_2,17875,104,94,9,9,95,86,11,Train/11/00011_00027_00025.png
client_2,12665,33,31,5,5,28,26,8,Train/8/00008_00017_00005.png
client_2,27412,68,60,6,6,62,55,22,Train/22/00022_00003_00022.png
client_2,30868,99,86,8,8,91,79,28,Train/28/00028_00001_00028.png
client_2,8514,39,42,5,6,33,36,5,Train/5/00005_00002_00024.png
client_2,28445,39,43,5,5,34,38,24,Train/24/00024_00008_00005.png
client_2,4834,31,30,6,5,26,25,2,Train/2/00002_00068_00004.png
client_2,15903,29,30,5,6,24,25,10,Train/10/00010_00029_00003.png
client_2,16132,46,40,6,6,40,35,10,Train/10/00010_00036_00022.png
client_2,4111,30,29,6,5,25,24,2,Train/2/00002_00044_00001.png
client_2,3715,54,48,6,6,49,43,2,Train/2/00002_00030_00025.png
client_2,13400,45,45,6,6,40,40,8,Train/8/00008_00041_00020.png
client_2,17685,43,39,5,6,38,34,11,Train/11/00011_00021_00015.png
client_2,16738,54,57,5,6,49,52,10,Train/10/00010_00056_00028.png
client_2,19645,112,112,10,10,103,103,12,Train/12/00012_00042_00025.png
client_2,15693,38,40,5,6,33,35,10,Train/10/00010_00022_00003.png
client_2,19375,63,70,6,7,58,64,12,Train/12/00012_00033_00025.png
client_2,21996,35,30,6,5,30,25,13,Train/13/00013_00051_00006.png
client_2,26622,38,35,5,5,33,30,18,Train/18/00018_00035_00012.png
client_2,16453,32,33,5,6,27,28,10,Train/10/00010_00047_00013.png
client_2,8589,31,32,6,6,26,27,5,Train/5/00005_00005_00009.png
client_2,12719,70,74,7,7,64,68,8,Train/8/00008_00018_00029.png
client_2,15751,30,30,6,6,25,25,10,Train/10/00010_00024_00001.png
client_2,17352,62,58,5,6,57,53,11,Train/11/00011_00010_00012.png
client_2,21686,96,84,9,7,88,77,13,Train/13/00013_00040_00026.png
client_2,27868,136,122,11,11,124,112,23,Train/23/00023_00005_00028.png
client_2,4919,59,55,5,6,54,50,2,Train/2/00002_00070_00029.png
client_2,35890,35,36,5,6,29,30,37,Train/37/00037_00003_00011.png
client_2,18135,68,63,7,5,62,58,11,Train/11/00011_00036_00015.png
client_2,16107,83,74,7,6,75,68,10,Train/10/00010_00035_00027.png
client_2,19647,128,129,11,12,117,118,12,Train/12/00012_00042_00027.png
client_2,12850,36,37,5,6,31,32,8,Train/8/00008_00023_00010.png
client_2,16537,31,32,5,6,26,27,10,Train/10/00010_00050_00007.png
client_2,6747,58,57,6,5,53,52,4,Train/4/00004_00009_00027.png
client_2,26352,47,44,6,6,42,39,18,Train/18/00018_00026_00012.png
client_2,1427,42,50,5,5,37,45,1,Train/1/00001_00028_00017.png
client_2,26962,72,68,6,6,66,62,19,Train/19/00019_00006_00022.png
client_2,20045,41,40,6,5,36,35,12,Train/12/00012_00056_00005.png
client_2,4721,32,33,5,6,27,28,2,Train/2/00002_00064_00011.png
client_2,13,40,34,6,6,34,29,20,Train/20/00020_00000_00013.png
client_2,16955,28,28,6,5,23,23,10,Train/10/00010_00064_00005.png
client_2,17466,37,35,6,5,31,30,11,Train/11/00011_00014_00006.png
client_2,30935,32,31,5,5,27,26,28,Train/28/00028_00004_00005.png
client_2,9052,38,38,5,6,33,33,5,Train/5/00005_00020_00022.png
client_2,20072,44,45,6,6,39,40,12,Train/12/00012_00057_00002.png
client_2,26112,58,56,5,5,53,51,18,Train/18/00018_00018_00012.png
client_2,18668,39,35,5,5,34,30,12,Train/12/00012_00010_00008.png
client_2,31161,52,48,6,6,47,43,28,Train/28/00028_00011_00021.png
client_2,16657,34,34,5,5,29,29,10,Train/10/00010_00054_00007.png
client_2,4144,29,27,6,6,24,22,2,Train/2/00002_00045_00004.png
client_2,19688,36,37,5,6,31,32,12,Train/12/00012_00044_00008.png
client_2,16862,30,26,6,5,25,21,10,Train/10/00010_00061_00002.png
client_2,4631,50,49,6,5,44,43,2,Train/2/00002_00061_00011.png
client_2,3880,35,35,5,6,30,30,2,Train/2/00002_00036_00010.png
client_2,26144,55,54,6,5,50,49,18,Train/18/00018_00019_00014.png
client_2,15146,47,47,6,5,42,42,10,Train/10/00010_00003_00026.png
client_2,5733,29,29,5,5,24,24,3,Train/3/00003_00023_00003.png
client_2,15628,104,98,10,9,95,90,10,Train/10/00010_00019_00028.png
client_2,26667,107,111,9,10,98,102,18,Train/18/00018_00036_00027.png
client_2,4965,34,37,5,6,29,32,2,Train/2/00002_00072_00015.png
client_2,15239,64,64,5,5,59,59,10,Train/10/00010_00006_00029.png
client_2,17921,64,57,6,5,58,52,11,Train/11/00011_00029_00011.png
client_2,26531,56,55,6,5,51,50,18,Train/18/00018_00032_00011.png
client_2,32932,53,52,5,6,48,47,32,Train/32/00032_00002_00022.png
client_2,32955,35,37,5,5,30,32,32,Train/32/00032_00003_00015.png
client_2,12572,33,34,5,6,28,29,8,Train/8/00008_00014_00002.png
client_2,35776,59,59,6,5,54,54,36,Train/36/00036_00012_00017.png
client_2,16536,31,32,5,6,26,27,10,Train/10/00010_00050_00006.png
client_2,16532,31,30,6,5,26,25,10,Train/10/00010_00050_00002.png
client_2,16947,58,58,6,5,53,52,10,Train/10/00010_00063_00027.png
client_2,13112,30,32,6,6,25,27,8,Train/8/00008_00032_00002.png
client_2,22598,40,38,6,6,34,33,13,Train/13/00013_00071_00008.png
client_2,19035,44,43,6,6,39,38,12,Train/12/00012_00022_00015.png
client_2,18061,32,33,5,5,27,27,11,Train/11/00011_00034_00001.png
client_2,30878,50,44,6,6,45,39,28,Train/28/00028_00002_00008.png
client_2,35844,76,75,7,6,70,69,37,Train/37/00037_00001_00025.png
client_2,18937,33,32,6,5,28,27,12,Train/12/00012_00019_00007.png
client_2,16605,42,42,5,5,37,37,10,Train/10/00010_00052_00015.png
client_2,27625,53,52,5,6,47,47,22,Train/22/00022_00010_00025.png
client_2,22641,96,96,8,8,88,88,14,Train/14/00014_00000_00021.png
client_2,26293,42,39,6,5,37,34,18,Train/18/00018_00024_00013.png
client_2,13259,111,116,9,10,102,106,8,Train/8/00008_00036_00029.png
client_2,15183,32,33,6,6,27,27,10,Train/10/00010_00005_00003.png
client_2,5788,53,55,5,6,48,50,3,Train/3/00003_00024_00028.png
client_2,32071,40,36,6,5,34,31,31,Train/31/00031_00000_00001.png
client_2,26159,142,143,12,13,130,131,18,Train/18/00018_00019_00029.png
client_2,20102,40,37,6,5,35,32,12,Train/12/00012_00058_00002.png
client_2,16461,44,41,6,5,39,36,10,Train/10/00010_00047_00021.png
client_2,19156,43,43,5,5,38,38,12,Train/12/00012_00026_00016.png
client_2,33068,32,31,6,5,26,25,32,Train/32/00032_00007_00008.png
client_2,12322,47,49,6,6,42,44,8,Train/8/00008_00005_00022.png
client_2,22941,95,107,8,10,87,98,14,Train/14/00014_00010_00021.png
client_2,3767,41,38,5,5,36,33,2,Train/2/00002_00032_00017.png
client_2,33830,40,39,6,5,35,34,34,Train/34/00034_00001_00021.png
client_2,1988,39,39,6,6,34,34,1,Train/1/00001_00047_00008.png
client_2,23429,60,63,6,5,56,58,15,Train/15/00015_00000_00029.png
client_2,22434,75,68,6,6,69,62,13,Train/13/00013_00065_00024.png
client_2,23282,35,36,5,5,30,31,14,Train/14/00014_00022_00002.png
client_2,17735,33,30,5,5,28,25,11,Train/11/00011_00023_00005.png
client_2,2884,50,49,6,6,45,44,2,Train/2/00002_00003_00004.png
client_2,25802,51,46,5,6,46,41,18,Train/18/00018_00008_00002.png
client_2,23494,30,33,6,6,24,27,15,Train/15/00015_00003_00004.png
client_2,30812,37,35,5,6,32,30,28,Train/28/00028_00000_00002.png
client_2,34075,68,69,6,6,62,63,34,Train/34/00034_00009_00026.png
client_2,38659,49,48,5,5,44,43,40,Train/40/00040_00009_00020.png
client_2,23177,73,75,6,7,67,69,14,Train/14/00014_00018_00017.png
client_2,10645,56,56,5,5,51,51,6,Train/6/00006_00011_00025.png
client_2,26519,65,60,6,6,60,55,18,Train/18/00018_00031_00029.png
client_2,3324,63,62,6,5,58,57,2,Train/2/00002_00017_00024.png
client_2,25952,42,41,6,5,37,36,18,Train/18/00018_00013_00002.png
client_2,2319,37,38,5,6,31,33,1,Train/1/00001_00058_00009.png
client_2,19371,51,60,5,6,46,55,12,Train/12/00012_00033_00021.png
client_2,19776,42,44,5,5,36,39,12,Train/12/00012_00047_00006.png
client_2,285,43,43,6,6,38,38,20,Train/20/00020_00009_00015.png
client_2,15909,33,32,6,5,28,27,10,Train/10/00010_00029_00009.png
client_2,17021,31,30,6,6,26,24,10,Train/10/00010_00066_00011.png
client_2,8443,38,40,6,5,33,35,5,Train/5/00005_00000_00013.png
client_2,7038,52,53,6,6,47,48,4,Train/4/00004_00019_00018.png
client_2,21408,40,38,5,6,35,33,13,Train/13/00013_00031_00018.png
client_2,25643,64,60,5,6,59,55,18,Train/18/00018_00002_00023.png
client_2,16417,30,29,6,5,25,24,10,Train/10/00010_00046_00007.png
client_2,21889,87,75,7,6,80,69,13,Train/13/00013_00047_00019.png
client_2,19280,41,41,5,5,36,36,12,Train/12/00012_00030_00020.png
client_2,16446,31,29,6,5,25,24,10,Train/10/00010_00047_00006.png
client_2,16861,28,27,5,6,22,21,10,Train/10/00010_00061_00001.png
client_2,15880,37,36,6,5,32,31,10,Train/10/00010_00028_00010.png
client_2,97,40,38,6,5,35,32,20,Train/20/00020_00003_00007.png
client_2,15791,35,38,5,6,30,33,10,Train/10/00010_00025_00011.png
client_2,17764,34,32,5,5,29,27,11,Train/11/00011_00024_00004.png
client_2,25756,61,55,6,5,56,50,18,Train/18/00018_00006_00016.png
client_2,15091,32,31,6,6,26,25,10,Train/10/00010_00002_00001.png
client_2,12184,28,30,5,6,23,25,8,Train/8/00008_00001_00004.png
client_2,17071,50,51,6,5,45,45,11,Train/11/00011_00001_00001.png
client_2,38291,64,68,6,7,59,62,39,Train/39/00039_00007_00012.png
client_2,18910,40,40,6,6,35,35,12,Train/12/00012_00018_00010.png
client_2,31335,53,47,6,5,48,42,28,Train/28/00028_00017_00015.png
client_2,17490,28,28,6,6,23,23,11,Train/11/00011_00015_00000.png
client_2,25676,113,103,10,9,104,94,18,Train/18/00018_00003_00026.png
client_2,1550,59,59,6,6,53,54,1,Train/1/00001_00032_00020.png
client_2,19281,42,42,5,5,37,37,12,Train/12/00012_00030_00021.png
client_2,19372,57,61,6,5,52,56,12,Train/12/00012_00033_00022.png
client_2,15978,42,40,6,5,37,35,10,Train/10/00010_00031_00018.png
client_2,15946,37,36,6,5,32,31,10,Train/10/00010_00030_00016.png
client_2,6323,48,48,5,6,43,43,3,Train/3/00003_00042_00023.png
client_2,17463,32,33,5,6,27,28,11,Train/11/00011_00014_00003.png
client_2,33816,34,31,6,5,28,26,34,Train/34/00034_00001_00007.png
client_2,3407,38,40,6,5,33,34,2,Train/2/00002_00020_00017.png
client_2,3123,28,28,5,6,22,22,2,Train/2/00002_00011_00003.png
client_2,18886,47,47,6,5,42,42,12,Train/12/00012_00017_00016.png
client_2,2991,44,45,5,5,39,40,2,Train/2/00002_00006_00021.png
client_2,13521,55,55,5,5,50,50,8,Train/8/00008_00045_00021.png
client_2,8997,45,44,5,5,40,39,5,Train/5/00005_00018_00027.png
client_2,16227,63,68,5,6,58,62,10,Train/10/00010_00039_00027.png
client_2,22623,51,49,5,6,46,44,14,Train/14/00014_00000_00003.png
client_2,17651,45,41,6,6,39,36,11,Train/11/00011_00020_00011.png
client_2,26277,103,96,9,9,94,88,18,Train/18/00018_00023_00027.png
client_2,26692,58,59,5,6,53,54,18,Train/18/00018_00037_00022.png
client_2,21512,41,46,6,6,36,41,13,Train/13/00013_00035_00002.png
client_2,13394,40,41,5,6,35,36,8,Train/8/00008_00041_00014.png
client_2,3554,36,36,6,6,31,31,2,Train/2/00002_00025_00014.png
client_2,17661,74,65,7,6,68,60,11,Train/11/00011_00020_00021.png
client_2,22636,73,73,7,7,67,67,14,Train/14/00014_00000_00016.png
client_2,15045,44,46,5,6,39,41,10,Train/10/00010_00000_00015.png
client_2,10476,28,30,5,6,23,25,6,Train/6/00006_00006_00006.png
client_2,23786,48,53,6,6,43,48,15,Train/15/00015_00012_00026.png
client_2,26078,36,31,6,5,31,26,18,Train/18/00018_00017_00008.png
client_2,26014,43,43,6,6,38,38,18,Train/18/00018_00015_00004.png
client_2,16512,35,35,5,5,30,30,10,Train/10/00010_00049_00012.png
client_2,12300,29,30,6,5,24,25,8,Train/8/00008_00005_00000.png
client_2,26109,55,53,5,5,50,48,18,Train/18/00018_00018_00009.png
client_2,8274,51,52,6,6,46,47,4,Train/4/00004_00060_00024.png
client_2,16289,94,96,9,8,86,88,10,Train/10/00010_00041_00029.png
client_2,4107,61,61,5,5,56,56,2,Train/2/00002_00043_00027.png
client_2,18369,31,36,5,6,26,31,12,Train/12/00012_00000_00009.png
client_2,26493,36,34,5,5,31,28,18,Train/18/00018_00031_00003.png
client_2,16241,34,33,5,6,29,28,10,Train/10/00010_00040_00011.png
client_2,39154,30,31,5,6,25,26,42,Train/42/00042_00006_00005.png
client_2,19995,44,45,5,6,39,40,12,Train/12/00012_00054_00015.png
client_2,35886,33,33,6,6,28,28,37,Train/37/00037_00003_00007.png
client_2,3061,38,38,5,6,33,33,2,Train/2/00002_00009_00001.png
client_2,2044,33,33,5,5,28,28,1,Train/1/00001_00049_00004.png
client_2,15927,51,48,6,5,46,43,10,Train/10/00010_00029_00027.png
client_2,25697,111,98,9,8,101,89,18,Train/18/00018_00004_00017.png
client_2,17338,100,88,8,8,92,81,11,Train/11/00011_00009_00028.png
client_2,15900,28,28,5,5,23,23,10,Train/10/00010_00029_00000.png
client_2,35791,39,38,6,5,34,33,37,Train/37/00037_00000_00002.png
client_2,16188,40,41,6,6,35,36,10,Train/10/00010_00038_00018.png
client_2,16631,46,46,6,5,41,41,10,Train/10/00010_00053_00011.png
client_2,16767,101,95,9,8,93,87,10,Train/10/00010_00057_00027.png
client_2,15583,40,41,5,6,35,36,10,Train/10/00010_00018_00013.png
client_2,9131,37,36,6,5,32,31,5,Train/5/00005_00023_00011.png
client_2,20446,62,63,5,5,57,58,12,Train/12/00012_00069_00016.png
client_2,12234,60,56,6,5,55,51,8,Train/8/00008_00002_00024.png
client_2,2995,57,59,6,6,52,54,2,Train/2/00002_00006_00025.png
client_2,28406,117,104,10,10,107,95,24,Train/24/00024_00006_00026.png
client_2,16000,34,30,5,6,29,25,10,Train/10/00010_00032_00010.png
client_2,27428,32,28,6,5,27,23,22,Train/22/00022_00004_00008.png
client_2,30970,46,47,5,5,40,42,28,Train/28/00028_00005_00010.png
client_2,15726,36,37,6,6,31,32,10,Train/10/00010_00023_00006.png
client_2,24411,44,47,5,6,39,42,16,Train/16/00016_00012_00021.png
client_2,16326,28,28,5,6,23,23,10,Train/10/00010_00043_00006.png
client_2,13092,33,33,5,5,27,27,8,Train/8/00008_00031_00012.png
client_2,15188,35,34,6,6,29,29,10,Train/10/00010_00005_00008.png
client_2,31862,34,30,6,5,29,25,30,Train/30/00030_00008_00002.png
client_2,17335,85,75,7,6,78,69,11,Train/11/00011_00009_00025.png
client_2,25892,31,29,6,5,26,24,18,Train/18/00018_00011_00002.png
client_2,12514,34,35,5,6,29,30,8,Train/8/00008_00012_00004.png
client_2,28641,64,60,6,6,59,55,25,Train/25/00025_00005_00021.png
client_2,30775,62,60,6,6,57,55,27,Train/27/00027_00006_00025.png
client_2,15181,32,31,6,5,27,26,10,Train/10/00010_00005_00001.png
client_2,21229,59,53,6,5,53,48,13,Train/13/00013_00025_00019.png
client_2,19039,50,49,5,5,45,44,12,Train/12/00012_00022_00019.png
client_2,15712,51,53,5,6,46,48,10,Train/10/00010_00022_00022.png
client_2,30811,36,33,5,5,31,28,28,Train/28/00028_00000_00001.png
client_2,20107,43,41,5,5,38,36,12,Train/12/00012_00058_00007.png
client_2,31045,97,82,9,7,88,75,28,Train/28/00028_00007_00025.png
client_2,38280,53,55,5,5,48,50,39,Train/39/00039_00007_00001.png
client_2,26468,34,30,6,5,29,25,18,Train/18/00018_00030_00008.png
client_2,26316,39,37,5,5,33,31,18,Train/18/00018_00025_00006.png
client_2,3270,27,28,6,5,21,23,2,Train/2/00002_00016_00000.png
client_2,26944,40,38,6,6,35,33,19,Train/19/00019_00006_00004.png
client_2,26339,192,180,17,15,176,165,18,Train/18/00018_00025_00029.png
client_2,34933,37,40,5,6,32,35,35,Train/35/00035_00024_00014.png
client_2,15088,94,76,8,7,86,70,10,Train/10/00010_00001_00028.png
client_2,16305,42,44,5,6,36,39,10,Train/10/00010_00042_00015.png
client_2,27647,50,46,6,5,44,41,22,Train/22/00022_00011_00017.png
client_2,15967,32,33,6,6,27,28,10,Train/10/00010_00031_00007.png
client_2,27382,73,70,7,6,67,64,22,Train/22/00022_00002_00022.png
client_2,20503,40,42,5,5,35,36,13,Train/13/00013_00001_00013.png
client_2,15636,31,28,6,6,26,23,10,Train/10/00010_00020_00006.png
client_2,25673,91,85,8,7,83,78,18,Train/18/00018_00003_00023.png
client_2,16042,45,44,5,5,39,38,10,Train/10/00010_00033_00022.png
client_2,15415,49,48,6,5,44,43,10,Train/10/00010_00012_00025.png
client_2,12916,36,37,5,6,30,32,8,Train/8/00008_00025_00016.png
client_2,38420,58,57,6,5,53,52,40,Train/40/00040_00001_00021.png
client_2,4574,55,55,5,5,50,50,2,Train/2/00002_00059_00014.png
client_2,31718,47,40,6,5,42,35,30,Train/30/00030_00003_00008.png
client_2,35954,61,61,6,6,56,56,37,Train/37/00037_00005_00015.png
client_2,23493,28,31,5,5,23,26,15,Train/15/00015_00003_00003.png
client_2,22786,57,59,5,6,52,53,14,Train/14/00014_00005_00016.png
client_2,24196,34,34,5,5,29,29,16,Train/16/00016_00005_00016.png
client_2,23888,30,31,5,6,25,26,15,Train/15/00015_00016_00008.png
client_2,23372,30,31,6,6,25,26,14,Train/14/00014_00025_00002.png
client_2,4086,29,29,6,5,24,24,2,Train/2/00002_00043_00006.png
client_2,16401,51,55,5,6,46,50,10,Train/10/00010_00045_00021.png
client_2,20571,97,89,8,7,89,81,13,Train/13/00013_00003_00021.png
client_2,16745,36,35,6,6,31,30,10,Train/10/00010_00057_00005.png
client_2,18541,29,26,6,5,23,20,12,Train/12/00012_00006_00001.png
client_2,22832,35,35,5,5,30,30,14,Train/14/00014_00007_00002.png
client_2,4259,50,48,5,6,45,43,2,Train/2/00002_00048_00029.png
client_2,3129,34,31,6,6,28,26,2,Train/2/00002_00011_00009.png
client_2,38388,52,49,5,5,47,44,40,Train/40/00040_00000_00019.png
client_2,26211,55,52,5,6,50,47,18,Train/18/00018_00021_00021.png
client_2,19865,32,32,6,6,27,27,12,Train/12/00012_00050_00005.png
client_2,16128,41,37,6,6,36,32,10,Train/10/00010_00036_00018.png
client_2,9503,62,65,5,6,57,60,5,Train/5/00005_00035_00023.png
client_2,17211,85,75,7,7,78,69,11,Train/11/00011_00005_00021.png
client_2,16116,30,26,5,5,25,21,10,Train/10/00010_00036_00006.png
client_2,34048,79,81,7,7,72,74,34,Train/34/00034_00008_00029.png
client_2,15123,31,32,5,6,26,27,10,Train/10/00010_00003_00003.png
client_2,1926,45,45,6,6,40,40,1,Train/1/00001_00045_00006.png
client_2,21933,34,28,6,5,29,23,13,Train/13/00013_00049_00003.png
client_2,24128,36,37,6,5,31,32,16,Train/16/00016_00003_00008.png
client_2,13248,52,52,6,6,47,47,8,Train/8/00008_00036_00018.png
client_2,16294,35,36,6,6,30,31,10,Train/10/00010_00042_00004.png
client_2,23717,39,39,5,5,34,34,15,Train/15/00015_00010_00017.png
client_2,27839,92,84,8,7,84,76,23,Train/23/00023_00004_00029.png
client_2,19019,76,81,6,7,70,74,12,Train/12/00012_00021_00029.png
client_2,24156,29,30,5,6,24,25,16,Train/16/00016_00004_00006.png
client_2,26718,58,57,6,5,53,52,18,Train/18/00018_00038_00018.png
client_2,15730,38,37,6,5,33,32,10,Train/10/00010_00023_00010.png
client_2,4335,46,45,6,5,41,39,2,Train/2/00002_00051_00015.png
client_2,5292,36,37,5,5,31,32,3,Train/3/00003_00008_00012.png
client_2,34032,38,37,6,5,33,32,34,Train/34/00034_00008_00013.png
client_2,33826,36,38,6,6,31,33,34,Train/34/00034_00001_00017.png
client_2,3984,50,49,6,5,44,44,2,Train/2/00002_00039_00024.png
client_2,18504,32,29,5,6,27,24,12,Train/12/00012_00004_00024.png
client_2,76,49,46,6,5,44,41,20,Train/20/00020_00002_00016.png
client_2,20063,60,61,6,5,55,56,12,Train/12/00012_00056_00023.png
client_2,20921,76,74,6,6,69,67,13,Train/13/00013_00015_00011.png
client_2,25877,98,86,9,7,90,79,18,Train/18/00018_00010_00017.png
client_2,32981,32,32,5,5,27,27,32,Train/32/00032_00004_00011.png
client_2,9201,41,41,6,6,36,36,5,Train/5/00005_00025_00021.png
client_2,19092,51,51,6,6,46,46,12,Train/12/00012_00024_00012.png
client_2,1984,35,35,5,5,30,30,1,Train/1/00001_00047_00004.png
client_2,33832,41,40,5,5,36,35,34,Train/34/00034_00001_00023.png
client_2,2306,59,60,5,6,53,54,1,Train/1/00001_00057_00026.png
client_2,4536,28,27,6,5,23,22,2,Train/2/00002_00058_00006.png
client_2,16766,82,76,8,7,75,70,10,Train/10/00010_00057_00026.png
client_2,16789,44,45,5,6,39,40,10,Train/10/00010_00058_00019.png
client_2,35917,31,31,5,5,25,25,37,Train/37/00037_00004_00008.png
client_2,23883,27,28,5,5,22,23,15,Train/15/00015_00016_00003.png
client_2,9606,29,29,6,5,24,24,5,Train/5/00005_00039_00006.png
client_2,15187,33,33,5,5,28,28,10,Train/10/00010_00005_00007.png
client_2,13551,43,43,5,5,38,38,8,Train/8/00008_00046_00021.png
client_2,19465,100,99,9,8,92,91,12,Train/12/00012_00036_00025.png
client_2,1893,38,37,6,5,33,32,1,Train/1/00001_00044_00003.png
client_2,4802,34,35,5,6,29,30,2,Train/2/00002_00067_00002.png
client_2,15455,34,34,6,6,29,29,10,Train/10/00010_00014_00005.png
client_2,25674,97,92,8,8,88,84,18,Train/18/00018_00003_00024.png
client_2,15384,71,70,7,6,65,64,10,Train/10/00010_00011_00024.png
client_2,18499,33,27,6,5,27,22,12,Train/12/00012_00004_00019.png
client_2,33033,29,30,5,6,24,25,32,Train/32/00032_00006_00003.png
client_2,32905,50,48,5,5,45,43,32,Train/32/00032_00001_00025.png
client_2,22230,87,81,7,7,80,74,13,Train/13/00013_00059_00000.png
client_2,20181,58,58,5,5,53,53,12,Train/12/00012_00060_00021.png
client_2,32450,59,55,5,6,54,50,31,Train/31/00031_00012_00020.png
client_2,16245,38,38,5,5,33,32,10,Train/10/00010_00040_00015.png
client_2,21797,55,49,6,5,50,44,13,Train/13/00013_00044_00017.png
client_2,25620,36,33,6,6,31,28,18,Train/18/00018_00002_00000.png
client_2,16780,36,35,6,5,31,30,10,Train/10/00010_00058_00010.png
client_2,15498,47,47,6,6,42,42,10,Train/10/00010_00015_00018.png
client_2,16533,30,30,5,5,25,25,10,Train/10/00010_00050_00003.png
client_2,26354,51,48,5,5,46,43,18,Train/18/00018_00026_00014.png
client_2,19009,55,57,6,6,50,52,12,Train/12/00012_00021_00019.png
client_2,15619,53,53,5,5,48,48,10,Train/10/00010_00019_00019.png
client_2,26042,31,28,6,6,26,23,18,Train/18/00018_00016_00002.png
client_2,23583,28,28,5,5,23,23,15,Train/15/00015_00006_00003.png
client_2,12433,37,37,5,5,32,32,8,Train/8/00008_00009_00013.png
client_2,17225,30,27,5,5,25,22,11,Train/11/00011_00006_00005.png
client_2,18273,33,30,5,5,28,25,11,Train/11/00011_00041_00003.png
client_2,16973,43,45,5,6,38,40,10,Train/10/00010_00064_00023.png
client_2,4446,31,32,5,6,26,27,2,Train/2/00002_00055_00006.png
client_2,26202,36,35,6,6,31,29,18,Train/18/00018_00021_00012.png
client_2,12806,58,55,6,6,52,50,8,Train/8/00008_00021_00026.png
client_2,6053,51,47,6,6,45,42,3,Train/3/00003_00033_00023.png
client_2,31223,97,93,9,8,89,85,28,Train/28/00028_00013_00023.png
client_2,63,35,35,5,6,30,30,20,Train/20/00020_00002_00003.png
client_2,15897,61,60,6,5,56,55,10,Train/10/00010_00028_00027.png
client_2,20922,76,75,6,6,69,68,13,Train/13/00013_00015_00012.png
client_2,21698,64,57,6,5,59,52,13,Train/13/00013_00041_00008.png
client_2,15991,29,26,5,6,24,21,10,Train/10/00010_00032_00001.png
client_2,16953,26,28,5,6,21,23,10,Train/10/00010_00064_00003.png
client_2,5711,33,34,5,5,28,29,3,Train/3/00003_00022_00011.png
client_2,15116,46,44,5,6,41,39,10,Train/10/00010_00002_00026.png
client_2,39168,40,40,6,6,35,35,42,Train/42/00042_00006_00019.png
client_2,19324,32,36,6,5,27,31,12,Train/12/00012_00032_00004.png
client_2,16566,38,39,5,6,33,34,10,Train/10/00010_00051_00006.png
client_2,1368,80,77,7,6,72,70,1,Train/1/00001_00026_00018.png
client_2,23396,63,66,5,6,57,60,14,Train/14/00014_00025_00026.png
client_2,34070,51,52,6,6,46,47,34,Train/34/00034_00009_00021.png
client_2,10511,29,31,5,6,24,26,6,Train/6/00006_00007_00011.png
client_2,17622,36,31,6,5,31,26,11,Train/11/00011_00019_00012.png
client_2,1027,30,32,6,6,25,26,1,Train/1/00001_00015_00007.png
client_2,16021,25,26,5,5,20,20,10,Train/10/00010_00033_00001.png
client_2,22963,49,49,5,5,44,44,14,Train/14/00014_00011_00013.png
client_2,35874,109,107,9,9,100,98,37,Train/37/00037_00002_00025.png
client_2,15305,32,32,5,5,27,27,10,Train/10/00010_00009_00005.png
client_2,13222,50,49,6,5,45,44,8,Train/8/00008_00035_00022.png
client_2,21948,53,47,6,5,48,42,13,Train/13/00013_00049_00018.png
client_2,21853,47,48,5,6,42,43,13,Train/13/00013_00046_00013.png
client_2,24410,43,45,6,6,38,40,16,Train/16/00016_00012_00020.png
client_2,26076,32,30,6,5,26,24,18,Train/18/00018_00017_00006.png
client_2,15558,40,40,5,5,35,35,10,Train/10/00010_00017_00018.png
client_2,39039,31,32,6,6,26,26,42,Train/42/00042_00002_00010.png
client_2,16363,34,34,6,6,29,29,10,Train/10/00010_00044_00013.png
client_2,19898,37,37,6,6,32,32,12,Train/12/00012_00051_00008.png
client_2,8645,32,31,6,5,27,26,5,Train/5/00005_00007_00005.png
client_2,16134,47,41,5,5,42,36,10,Train/10/00010_00036_00024.png
client_2,24182,27,26,6,5,22,21,16,Train/16/00016_00005_00002.png
client_2,31180,35,32,6,5,30,27,28,Train/28/00028_00012_00010.png
client_2,31677,52,45,5,6,47,40,30,Train/30/00030_00001_00027.png
client_2,8055,49,47,5,5,44,42,4,Train/4/00004_00053_00015.png
client_2,35780,63,64,6,6,58,58,36,Train/36/00036_00012_00021.png
client_2,26675,40,39,6,5,35,34,18,Train/18/00018_00037_00005.png
client_2,15274,33,32,6,5,28,27,10,Train/10/00010_00008_00004.png
client_2,24218,82,81,8,7,75,74,16,Train/16/00016_00006_00008.png
client_2,17789,143,125,12,11,131,115,11,Train/11/00011_00024_00029.png
client_2,38589,35,34,6,5,30,29,40,Train/40/00040_00007_00010.png
client_2,18578,34,36,5,5,29,31,12,Train/12/00012_00007_00008.png
client_2,20021,40,40,6,6,35,35,12,Train/12/00012_00055_00011.png
client_2,3992,27,27,6,6,22,22,2,Train/2/00002_00040_00002.png
client_2,3138,44,39,6,5,38,33,2,Train/2/00002_00011_00018.png
client_2,26418,55,58,5,6,50,53,18,Train/18/00018_00028_00018.png
client_2,34191,52,52,6,6,47,47,34,Train/34/00034_00013_00022.png
client_2,13409,61,61,6,6,56,56,8,Train/8/00008_00041_00029.png
client_2,20403,33,34,5,5,28,29,12,Train/12/00012_00068_00003.png
client_2,17816,93,81,8,8,85,74,11,Train/11/00011_00025_00026.png
client_2,34067,45,47,5,6,40,42,34,Train/34/00034_00009_00018.png
client_2,20834,55,51,5,6,50,46,13,Train/13/00013_00012_00014.png
client_2,38492,41,41,6,6,36,36,40,Train/40/00040_00004_00003.png
client_2,15330,29,29,5,5,24,24,10,Train/10/00010_00010_00000.png
client_2,8152,44,49,6,5,39,44,4,Train/4/00004_00056_00022.png
client_2,26099,97,93,8,8,89,85,18,Train/18/00018_00017_00029.png
client_2,12857,40,40,5,5,35,35,8,Train/8/00008_00023_00017.png
client_2,3622,45,45,6,6,40,40,2,Train/2/00002_00027_00022.png
client_2,15974,37,38,5,5,32,32,10,Train/10/00010_00031_00014.png
client_2,25690,85,74,8,7,78,68,18,Train/18/00018_00004_00010.png
client_2,4062,33,34,5,6,28,29,2,Train/2/00002_00042_00012.png
client_2,3658,56,54,6,5,51,49,2,Train/2/00002_00028_00028.png
client_2,9608,30,32,5,6,25,27,5,Train/5/00005_00039_00008.png
client_2,27451,34,32,5,6,29,27,22,Train/22/00022_00005_00001.png
client_2,23268,57,58,5,5,52,52,14,Train/14/00014_00021_00018.png
client_2,15593,61,62,5,6,56,57,10,Train/10/00010_00018_00023.png
client_2,13274,39,38,6,5,34,33,8,Train/8/00008_00037_00014.png
client_2,26497,41,38,5,6,36,33,18,Train/18/00018_00031_00007.png
client_2,22288,131,116,12,10,120,106,13,Train/13/00013_00060_00028.png
client_2,16524,49,50,5,6,44,45,10,Train/10/00010_00049_00024.png
client_2,16018,72,58,6,6,66,52,10,Train/10/00010_00032_00028.png
client_2,8843,52,52,5,5,47,47,5,Train/5/00005_00013_00023.png
client_2,22664,51,51,5,5,46,46,14,Train/14/00014_00001_00014.png
client_2,38509,74,75,7,7,67,68,40,Train/40/00040_00004_00020.png
client_2,15784,31,32,6,6,26,27,10,Train/10/00010_00025_00004.png
client_2,26137,42,42,5,5,37,37,18,Train/18/00018_00019_00007.png
client_2,22950,43,43,6,6,38,38,14,Train/14/00014_00011_00000.png
client_2,19861,29,29,5,5,24,24,12,Train/12/00012_00050_00001.png
client_2,15438,52,51,6,5,47,46,10,Train/10/00010_00013_00018.png
client_2,31187,46,42,5,5,41,37,28,Train/28/00028_00012_00017.png
client_2,15394,33,33,6,6,28,28,10,Train/10/00010_00012_00004.png
client_2,32945,27,27,5,5,22,22,32,Train/32/00032_00003_00005.png
client_2,22911,60,62,5,6,55,57,14,Train/14/00014_00009_00021.png
client_2,23308,107,135,9,12,97,124,14,Train/14/00014_00022_00028.png
client_2,18104,58,59,6,6,53,54,11,Train/11/00011_00035_00014.png
client_2,33806,70,83,6,7,64,76,34,Train/34/00034_00000_00027.png
client_2,16079,105,93,10,8,96,85,10,Train/10/00010_00034_00029.png
client_2,34123,32,31,6,5,27,26,34,Train/34/00034_00011_00014.png
client_2,34017,67,68,6,7,61,62,34,Train/34/00034_00007_00028.png
client_2,38727,60,65,5,5,55,59,40,Train/40/00040_00011_00028.png
client_2,23122,79,76,7,6,72,70,14,Train/14/00014_00016_00022.png
client_2,16336,36,37,5,6,31,32,10,Train/10/00010_00043_00016.png
client_2,4677,94,99,8,8,86,91,2,Train/2/00002_00062_00027.png
client_2,12301,30,31,6,5,25,26,8,Train/8/00008_00005_00001.png
client_2,17297,71,64,6,5,65,59,11,Train/11/00011_00008_00017.png
client_2,27777,131,112,12,9,120,103,23,Train/23/00023_00002_00027.png
client_2,39088,74,80,7,7,68,73,42,Train/42/00042_00003_00029.png
client_2,12905,29,29,6,5,24,23,8,Train/8/00008_00025_00005.png
client_2,18901,31,32,5,6,26,27,12,Train/12/00012_00018_00001.png
client_2,19074,61,58,5,5,56,53,12,Train/12/00012_00023_00024.png
client_2,4223,37,38,6,6,32,33,2,Train/2/00002_00047_00023.png
client_2,8459,84,88,7,7,77,81,5,Train/5/00005_00000_00029.png
client_2,3038,30,31,6,5,25,25,2,Train/2/00002_00008_00008.png
client_2,19403,107,96,10,8,98,88,12,Train/12/00012_00034_00023.png
client_2,16304,40,43,5,6,35,37,10,Train/10/00010_00042_00014.png
client_2,1101,58,57,6,5,53,51,1,Train/1/00001_00017_00021.png
client_2,16916,59,61,5,6,54,56,10,Train/10/00010_00062_00026.png
client_2,26121,82,71,7,6,75,65,18,Train/18/00018_00018_00021.png
client_2,15110,41,40,5,6,35,34,10,Train/10/00010_00002_00020.png
client_2,5015,31,31,5,5,26,26,2,Train/2/00002_00074_00005.png
client_2,16153,34,33,5,6,29,28,10,Train/10/00010_00037_00013.png
client_2,23704,28,29,5,6,23,24,15,Train/15/00015_00010_00004.png
client_2,19820,63,64,6,5,58,59,12,Train/12/00012_00048_00020.png
client_2,19043,58,55,6,5,53,50,12,Train/12/00012_00022_00023.png
client_2,26600,54,50,5,5,49,45,18,Train/18/00018_00034_00020.png
client_2,12974,31,31,5,6,26,26,8,Train/8/00008_00027_00014.png
client_2,16027,28,27,6,5,23,21,10,Train/10/00010_00033_00007.png
client_2,18858,40,40,5,5,35,34,12,Train/12/00012_00016_00018.png
client_2,17724,118,107,11,9,108,98,11,Train/11/00011_00022_00024.png
client_2,23844,48,52,5,5,42,47,15,Train/15/00015_00014_00024.png
client_2,23990,33,34,5,6,28,29,15,Train/15/00015_00019_00020.png
client_2,19546,52,53,5,6,47,48,12,Train/12/00012_00039_00016.png
client_2,38225,35,36,5,6,30,31,39,Train/39/00039_00005_00006.png
client_2,26676,42,42,5,5,37,37,18,Train/18/00018_00037_00006.png
client_2,22727,70,72,7,7,64,66,14,Train/14/00014_00003_00017.png
client_2,34071,53,53,6,6,48,48,34,Train/34/00034_00009_00022.png
client_2,15695,38,39,5,5,33,34,10,Train/10/00010_00022_00005.png
client_2,12871,32,33,5,6,27,28,8,Train/8/00008_00024_00001.png
client_2,16744,34,34,5,6,29,29,10,Train/10/00010_00057_00004.png
client_2,17330,69,60,6,5,63,55,11,Train/11/00011_00009_00020.png
client_2,17458,118,101,10,9,108,92,11,Train/11/00011_00013_00028.png
client_2,34005,39,40,5,6,34,35,34,Train/34/00034_00007_00016.png
client_2,15652,43,42,6,5,38,37,10,Train/10/00010_00020_00022.png
client_2,17556,30,30,5,6,25,25,11,Train/11/00011_00017_00006.png
client_2,17693,62,56,6,6,57,51,11,Train/11/00011_00021_00023.png
client_2,16156,37,36,6,6,32,31,10,Train/10/00010_00037_00016.png
client_2,23024,74,75,6,6,68,69,14,Train/14/00014_00013_00014.png
client_2,3150,43,41,6,5,38,36,2,Train/2/00002_00012_00000.png
client_2,4741,41,42,6,6,36,37,2,Train/2/00002_00065_00001.png
client_2,16899,33,34,6,6,28,29,10,Train/10/00010_00062_00009.png
client_2,15186,33,34,6,6,28,28,10,Train/10/00010_00005_00006.png
client_2,31991,37,37,5,5,32,32,30,Train/30/00030_00012_00011.png
client_2,23972,29,29,6,6,24,24,15,Train/15/00015_00019_00002.png
client_2,26290,38,36,5,5,33,31,18,Train/18/00018_00024_00010.png
client_2,16795,57,56,6,5,52,51,10,Train/10/00010_00058_00025.png
client_2,33800,55,64,5,5,50,59,34,Train/34/00034_00000_00021.png
client_2,17020,31,28,6,5,26,23,10,Train/10/00010_00066_00010.png
client_2,16998,35,36,6,6,30,30,10,Train/10/00010_00065_00018.png
client_2,12192,36,38,5,6,30,32,8,Train/8/00008_00001_00012.png
client_2,16778,34,35,5,6,29,30,10,Train/10/00010_00058_00008.png
client_2,23439,32,65,6,6,27,60,15,Train/15/00015_00001_00009.png
client_2,32875,71,70,6,6,65,64,32,Train/32/00032_00000_00025.png
client_2,35901,49,50,6,6,44,45,37,Train/37/00037_00003_00022.png
client_2,12179,57,59,6,5,52,54,8,Train/8/00008_00000_00029.png
client_2,18798,52,51,6,5,47,46,12,Train/12/00012_00014_00018.png
client_2,16039,40,39,5,5,35,34,10,Train/10/00010_00033_00019.png
client_2,33872,46,47,6,5,40,42,34,Train/34/00034_00003_00003.png
client_2,15328,60,60,5,5,55,55,10,Train/10/00010_00009_00028.png
client_2,19167,103,103,9,9,94,94,12,Train/12/00012_00026_00027.png
client_2,16404,57,60,5,5,52,55,10,Train/10/00010_00045_00024.png
client_2,15199,41,42,5,6,36,37,10,Train/10/00010_00005_00019.png
client_2,12377,43,43,6,6,38,38,8,Train/8/00008_00007_00017.png
client_2,19141,31,31,5,5,26,26,12,Train/12/00012_00026_00001.png
client_2,21756,40,39,5,6,35,34,13,Train/13/00013_00043_00006.png
client_2,15223,38,38,6,6,33,33,10,Train/10/00010_00006_00013.png
client_2,33798,52,58,5,5,47,53,34,Train/34/00034_00000_00019.png
client_2,1672,56,54,6,5,51,49,1,Train/1/00001_00036_00022.png
client_2,10183,32,32,5,5,27,27,5,Train/5/00005_00058_00013.png
client_2,15430,40,39,6,5,35,34,10,Train/10/00010_00013_00010.png
client_2,16896,32,33,6,6,27,27,10,Train/10/00010_00062_00006.png
client_2,5797,32,33,6,6,27,28,3,Train/3/00003_00025_00007.png
client_2,4392,36,36,5,5,31,31,2,Train/2/00002_00053_00012.png
client_2,8802,39,39,6,6,34,34,5,Train/5/00005_00012_00012.png
client_2,203,60,52,6,5,54,46,20,Train/20/00020_00006_00023.png
client_2,22840,46,44,6,6,41,39,14,Train/14/00014_00007_00010.png
client_2,15688,112,112,10,10,103,103,10,Train/10/00010_00021_00028.png
client_2,27683,69,63,7,5,63,58,22,Train/22/00022_00012_00023.png
client_2,13860,36,36,5,5,31,31,9,Train/9/00009_00010_00000.png
client_2,16859,59,53,6,5,54,48,10,Train/10/00010_00060_00029.png
client_2,23891,32,33,5,5,27,28,15,Train/15/00015_00016_00011.png
client_2,15674,45,45,5,5,40,40,10,Train/10/00010_00021_00014.png
client_2,12351,43,43,5,5,38,38,8,Train/8/00008_00006_00021.png
client_2,15971,35,36,5,6,29,30,10,Train/10/00010_00031_00011.png
client_2,34037,45,45,6,5,40,40,34,Train/34/00034_00008_00018.png
client_2,12847,36,37,5,6,31,32,8,Train/8/00008_00023_00007.png
client_2,16885,69,51,7,5,63,46,10,Train/10/00010_00061_00025.png
client_2,16592,34,34,6,6,29,29,10,Train/10/00010_00052_00002.png
client_2,33941,34,37,5,5,28,31,34,Train/34/00034_00005_00012.png
client_2,16798,65,65,6,6,60,60,10,Train/10/00010_00058_00028.png
client_2,23081,43,44,5,6,38,39,14,Train/14/00014_00015_00011.png
client_2,28224,76,69,6,6,70,63,24,Train/24/00024_00000_00024.png
client_2,12954,45,46,6,6,40,41,8,Train/8/00008_00026_00024.png
client_2,16126,39,35,6,6,34,30,10,Train/10/00010_00036_00016.png
client_2,2960,48,49,5,5,43,44,2,Train/2/00002_00005_00020.png
client_2,16376,45,47,5,6,40,41,10,Train/10/00010_00044_00026.png
client_2,16528,62,63,5,6,57,58,10,Train/10/00010_00049_00028.png
client_2,23075,37,37,6,6,32,32,14,Train/14/00014_00015_00005.png
client_2,23035,121,122,11,11,111,112,14,Train/14/00014_00013_00025.png
client_2,784,54,54,5,5,49,49,1,Train/1/00001_00007_00004.png
client_2,1119,49,49,6,5,44,44,1,Train/1/00001_00018_00009.png
client_2,23441,33,70,6,6,28,64,15,Train/15/00015_00001_00011.png
client_2,12952,43,44,6,6,38,39,8,Train/8/00008_00026_00022.png
client_2,15851,36,37,6,5,31,32,10,Train/10/00010_00027_00011.png
client_2,32068,64,58,5,5,59,53,30,Train/30/00030_00014_00028.png
client_2,2890,55,54,6,6,49,48,2,Train/2/00002_00003_00010.png
client_2,9720,29,29,5,5,24,24,5,Train/5/00005_00043_00000.png
client_2,16982,27,27,5,6,21,22,10,Train/10/00010_00065_00002.png
client_2,3457,30,31,5,5,25,26,2,Train/2/00002_00022_00007.png
client_2,20236,48,48,6,6,43,43,12,Train/12/00012_00062_00016.png
client_2,15641,33,31,6,5,28,26,10,Train/10/00010_00020_00011.png
client_2,24374,34,34,6,5,29,29,16,Train/16/00016_00011_00014.png
client_2,26122,87,76,7,7,80,70,18,Train/18/00018_00018_00022.png
client_2,15968,33,34,6,6,28,28,10,Train/10/00010_00031_00008.png
client_2,1641,48,47,6,6,43,42,1,Train/1/00001_00035_00021.png
client_2,30913,47,43,6,6,42,38,28,Train/28/00028_00003_00013.png
client_2,3235,69,69,6,6,62,62,2,Train/2/00002_00014_00025.png
client_2,33924,84,85,7,8,76,77,34,Train/34/00034_00004_00025.png
client_2,3446,53,54,6,6,48,49,2,Train/2/00002_00021_00026.png
client_2,5182,51,51,5,6,45,46,3,Train/3/00003_00004_00022.png
client_2,3737,38,40,6,5,33,35,2,Train/2/00002_00031_00017.png
client_2,16544,37,37,5,5,32,32,10,Train/10/00010_00050_00014.png
client_2,23895,35,37,5,6,30,31,15,Train/15/00015_00016_00015.png
client_2,3325,71,71,7,7,65,65,2,Train/2/00002_00017_00025.png
client_2,19826,86,87,7,7,79,80,12,Train/12/00012_00048_00026.png
client_2,15483,29,29,6,6,24,24,10,Train/10/00010_00015_00003.png
client_2,18270,31,29,6,5,26,24,11,Train/11/00011_00041_00000.png
client_2,12904,28,28,6,5,23,22,8,Train/8/00008_00025_00004.png
client_2,38423,65,66,5,6,59,60,40,Train/40/00040_00001_00024.png
client_2,3396,29,29,5,5,24,24,2,Train/2/00002_00020_00006.png
client_2,12392,32,32,5,5,26,26,8,Train/8/00008_00008_00002.png
client_2,34033,40,41,6,6,35,36,34,Train/34/00034_00008_00014.png
client_2,145,47,46,6,5,42,41,20,Train/20/00020_00004_00025.png
client_2,3773,52,49,6,6,47,44,2,Train/2/00002_00032_00023.png
client_2,26540,74,74,7,7,68,68,18,Train/18/00018_00032_00020.png
client_2,25739,167,153,15,13,153,140,18,Train/18/00018_00005_00029.png
client_2,3422,28,28,5,5,23,23,2,Train/2/00002_00021_00002.png
client_2,30245,34,30,6,5,28,25,26,Train/26/00026_00009_00005.png
client_2,22193,124,110,11,9,114,101,13,Train/13/00013_00057_00023.png
client_2,23943,91,107,8,10,83,97,15,Train/15/00015_00018_00003.png
client_2,25902,40,36,6,5,34,31,18,Train/18/00018_00011_00012.png
client_2,35918,31,31,5,5,25,26,37,Train/37/00037_00004_00009.png
client_2,28368,36,36,5,6,31,31,24,Train/24/00024_00005_00018.png
client_2,15236,57,57,5,5,52,52,10,Train/10/00010_00006_00026.png
client_2,16880,49,41,6,6,43,36,10,Train/10/00010_00061_00020.png
client_2,17514,58,54,5,6,52,49,11,Train/11/00011_00015_00024.png
client_2,34150,34,34,6,6,29,29,34,Train/34/00034_00012_00011.png
client_2,26262,44,41,5,6,39,36,18,Train/18/00018_00023_00012.png
client_2,19312,64,63,6,5,59,58,12,Train/12/00012_00031_00022.png
client_2,18034,37,35,6,5,31,30,11,Train/11/00011_00033_00004.png
client_2,4602,63,61,6,5,58,56,2,Train/2/00002_00060_00012.png
client_2,28222,64,61,5,6,59,55,24,Train/24/00024_00000_00022.png
client_2,4953,28,28,6,6,22,23,2,Train/2/00002_00072_00003.png
client_2,16829,109,111,10,9,100,102,10,Train/10/00010_00059_00029.png
client_2,26362,71,67,6,6,65,61,18,Train/18/00018_00026_00022.png
client_2,26254,35,35,5,6,30,29,18,Train/18/00018_00023_00004.png
client_2,16505,31,32,5,5,26,26,10,Train/10/00010_00049_00005.png
client_2,20750,56,53,6,6,51,48,13,Train/13/00013_00009_00020.png
client_2,16268,29,29,5,5,24,24,10,Train/10/00010_00041_00008.png
client_2,4987,32,33,5,6,27,28,2,Train/2/00002_00073_00007.png
client_2,15209,62,63,5,5,57,58,10,Train/10/00010_00005_00029.png
client_2,33016,33,34,6,5,28,29,32,Train/32/00032_00005_00016.png
client_2,35851,28,27,6,5,23,22,37,Train/37/00037_00002_00002.png
client_2,15570,30,31,5,6,25,26,10,Train/10/00010_00018_00000.png
client_2,18894,74,75,7,7,68,69,12,Train/12/00012_00017_00024.png
client_2,20573,112,106,10,10,103,97,13,Train/13/00013_00003_00023.png
client_2,26394,88,80,8,7,81,73,18,Train/18/00018_00027_00024.png
client_2,17026,34,32,6,6,29,27,10,Train/10/00010_00066_00016.png
client_2,38317,35,34,6,5,30,29,39,Train/39/00039_00008_00008.png
client_2,16215,38,37,6,5,33,32,10,Train/10/00010_00039_00015.png
client_2,25583,30,29,5,6,25,24,18,Train/18/00018_00000_00023.png
client_2,22932,71,80,6,7,64,73,14,Train/14/00014_00010_00012.png
client_2,32895,35,35,5,6,30,30,32,Train/32/00032_00001_00015.png
client_2,30947,49,46,5,6,43,40,28,Train/28/00028_00004_00017.png
client_2,38383,47,45,5,6,42,39,40,Train/40/00040_00000_00014.png
client_2,19680,31,32,5,6,26,27,12,Train/12/00012_00044_00000.png
client_2,18521,53,54,5,6,48,49,12,Train/12/00012_00005_00011.png
client_2,18329,155,153,13,14,142,140,11,Train/11/00011_00042_00029.png
client_2,16952,27,27,6,5,21,22,10,Train/10/00010_00064_00002.png
client_2,16357,30,31,6,6,25,26,10,Train/10/00010_00044_00007.png
client_2,16374,42,44,6,6,37,39,10,Train/10/00010_00044_00024.png
client_2,16266,27,27,5,5,22,22,10,Train/10/00010_00041_00006.png
client_2,22989,45,45,5,5,40,40,14,Train/14/00014_00012_00009.png
client_2,18761,34,34,6,6,29,29,12,Train/12/00012_00013_00011.png
client_2,16730,43,43,5,5,38,38,10,Train/10/00010_00056_00020.png
client_2,12448,53,54,5,6,48,49,8,Train/8/00008_00009_00028.png
client_2,317,47,43,5,6,41,37,20,Train/20/00020_00010_00017.png
client_2,35608,110,110,10,9,101,101,36,Train/36/00036_00006_00029.png
client_2,15872,30,30,6,6,25,25,10,Train/10/00010_00028_00002.png
client_2,3792,33,35,6,6,28,30,2,Train/2/00002_00033_00012.png
client_2,15431,41,41,5,5,36,36,10,Train/10/00010_00013_00011.png
client_2,17838,99,86,9,7,91,79,11,Train/11/00011_00026_00018.png
client_2,15814,30,29,6,5,25,24,10,Train/10/00010_00026_00004.png
client_2,18313,45,44,6,5,40,39,11,Train/11/00011_00042_00013.png
client_2,17036,42,43,5,6,37,38,10,Train/10/00010_00066_00026.png
client_2,2997,64,69,5,7,59,63,2,Train/2/00002_00006_00027.png
client_2,21011,40,41,5,6,35,36,13,Train/13/00013_00018_00011.png
client_2,19504,35,35,6,6,30,30,12,Train/12/00012_00038_00004.png
client_2,16092,35,33,5,6,29,28,10,Train/10/00010_00035_00012.png
client_2,20168,44,45,5,6,39,40,12,Train/12/00012_00060_00008.png
client_2,26646,49,47,6,6,44,42,18,Train/18/00018_00036_00006.png
client_2,16815,44,44,5,5,39,39,10,Train/10/00010_00059_00015.png
client_2,15598,87,91,7,8,80,83,10,Train/10/00010_00018_00028.png
client_2,20038,106,106,10,10,97,97,12,Train/12/00012_00055_00028.png
client_2,21780,39,36,5,5,34,31,13,Train/13/00013_00044_00000.png
client_2,25979,111,112,9,10,102,103,18,Train/18/00018_00013_00029.png
client_2,16075,68,61,7,5,62,55,10,Train/10/00010_00034_00025.png
client_2,3330,29,29,6,6,24,24,2,Train/2/00002_00018_00000.png
client_2,32,31,31,5,6,26,26,20,Train/20/00020_00001_00002.png
client_2,28405,108,94,10,8,98,86,24,Train/24/00024_00006_00025.png
client_2,16095,40,38,5,6,34,32,10,Train/10/00010_00035_00015.png
client_2,13507,36,34,6,5,31,29,8,Train/8/00008_00045_00007.png
client_2,30819,41,38,6,5,35,33,28,Train/28/00028_00000_00009.png
client_2,23913,34,34,6,5,29,28,15,Train/15/00015_00017_00003.png
client_2,16753,41,39,6,5,36,34,10,Train/10/00010_00057_00013.png
client_2,16080,27,26,5,5,22,20,10,Train/10/00010_00035_00000.png
client_2,16044,51,47,5,5,46,42,10,Train/10/00010_00033_00024.png
client_2,27330,32,27,6,5,27,22,22,Train/22/00022_00001_00000.png
client_2,34050,32,32,6,6,27,27,34,Train/34/00034_00009_00001.png
client_2,4433,50,50,6,6,45,44,2,Train/2/00002_00054_00023.png
client_2,15409,41,42,5,6,36,37,10,Train/10/00010_00012_00019.png
client_2,35881,29,29,5,5,24,24,37,Train/37/00037_00003_00002.png
client_2,18917,53,53,6,6,48,48,12,Train/12/00012_00018_00017.png
client_2,17576,91,81,8,7,83,74,11,Train/11/00011_00017_00026.png
client_2,6095,31,33,6,5,26,27,3,Train/3/00003_00035_00005.png
client_2,17299,80,71,8,6,73,65,11,Train/11/00011_00008_00019.png
client_2,3638,34,35,5,5,29,30,2,Train/2/00002_00028_00008.png
client_2,16599,39,39,5,5,34,34,10,Train/10/00010_00052_00009.png
client_2,25839,35,33,5,6,29,27,18,Train/18/00018_00009_00009.png
client_2,1338,40,39,6,5,35,34,1,Train/1/00001_00025_00018.png
client_2,15824,33,34,5,6,28,29,10,Train/10/00010_00026_00014.png
client_2,26435,37,33,6,5,31,28,18,Train/18/00018_00029_00005.png
client_2,23123,81,81,7,8,74,74,14,Train/14/00014_00016_00023.png
client_2,28126,92,81,9,8,84,74,23,Train/23/00023_00014_00016.png
client_2,16732,46,47,5,6,41,42,10,Train/10/00010_00056_00022.png
client_2,19525,82,82,7,7,75,75,12,Train/12/00012_00038_00025.png
client_2,22883,60,73,6,7,55,66,14,Train/14/00014_00008_00023.png
client_2,12238,92,81,9,7,84,74,8,Train/8/00008_00002_00028.png
client_2,26207,43,41,6,5,38,36,18,Train/18/00018_00021_00017.png
client_2,22713,46,44,6,5,40,39,14,Train/14/00014_00003_00003.png
client_2,26686,53,52,6,5,48,47,18,Train/18/00018_00037_00016.png
client_2,19929,104,100,10,8,95,91,12,Train/12/00012_00052_00009.png
client_2,27346,45,41,6,6,40,35,22,Train/22/00022_00001_00016.png
client_2,17710,62,58,5,5,57,53,11,Train/11/00011_00022_00010.png
client_2,26064,53,50,5,6,47,45,18,Train/18/00018_00016_00024.png
client_2,25907,46,45,5,6,41,39,18,Train/18/00018_00011_00017.png
client_2,39112,58,56,6,6,52,51,42,Train/42/00042_00004_00023.png
client_2,38133,49,54,5,5,44,49,39,Train/39/00039_00002_00004.png
client_2,19521,57,57,6,6,52,52,12,Train/12/00012_00038_00021.png
client_2,26490,36,32,6,5,30,26,18,Train/18/00018_00031_00000.png
client_2,5910,27,25,5,5,21,20,3,Train/3/00003_00029_00000.png
client_2,26473,40,37,6,5,34,32,18,Train/18/00018_00030_00013.png
client_2,18095,54,56,6,5,49,51,11,Train/11/00011_00035_00005.png
client_2,38179,48,49,5,6,43,44,39,Train/39/00039_00003_00020.png
client_2,12780,26,26,5,6,21,21,8,Train/8/00008_00021_00000.png
client_2,4023,28,27,6,5,23,22,2,Train/2/00002_00041_00003.png
client_2,35980,49,55,5,6,44,49,37,Train/37/00037_00006_00011.png
client_2,29634,70,61,7,6,64,56,25,Train/25/00025_00038_00024.png
client_2,16845,37,33,6,5,31,28,10,Train/10/00010_00060_00015.png
client_2,16771,31,32,5,6,26,27,10,Train/10/00010_00058_00001.png
client_2,26025,60,59,6,5,55,54,18,Train/18/00018_00015_00015.png
client_2,19182,46,47,5,6,41,42,12,Train/12/00012_00027_00012.png
client_2,34125,58,58,6,6,53,53,34,Train/34/00034_00011_00016.png
client_2,3450,28,29,6,6,23,24,2,Train/2/00002_00022_00000.png
client_2,10290,29,30,5,5,24,25,6,Train/6/00006_00000_00000.png
client_2,25844,37,34,5,5,32,29,18,Train/18/00018_00009_00014.png
client_2,15311,38,39,5,6,33,34,10,Train/10/00010_00009_00011.png
client_2,31871,40,35,5,6,35,30,30,Train/30/00030_00008_00011.png
client_2,16456,33,33,5,5,28,28,10,Train/10/00010_00047_00016.png
client_2,26126,105,93,9,8,96,85,18,Train/18/00018_00018_00026.png
client_2,25899,35,34,5,6,30,29,18,Train/18/00018_00011_00009.png
client_2,26024,56,56,6,6,51,51,18,Train/18/00018_00015_00014.png
client_2,4934,31,31,6,6,26,26,2,Train/2/00002_00071_00014.png
client_2,23048,50,59,6,6,44,54,14,Train/14/00014_00014_00008.png
client_2,4311,40,40,6,5,35,35,2,Train/2/00002_00050_00021.png
client_2,15793,37,38,6,5,32,33,10,Train/10/00010_00025_00013.png
client_2,9204,42,42,5,5,37,37,5,Train/5/00005_00025_00024.png
client_2,19276,38,38,5,5,33,33,12,Train/12/00012_00030_00016.png
client_2,4702,38,37,6,5,33,32,2,Train/2/00002_00063_00022.png
client_2,15226,41,40,6,5,36,35,10,Train/10/00010_00006_00016.png
client_2,15078,48,42,6,5,42,37,10,Train/10/00010_00001_00018.png
client_2,19913,48,49,5,5,43,44,12,Train/12/00012_00051_00023.png
client_2,25623,37,35,5,6,31,30,18,Train/18/00018_00002_00003.png
client_2,12897,59,58,6,5,54,53,8,Train/8/00008_00024_00027.png
client_2,18216,31,30,5,5,26,25,11,Train/11/00011_00039_00006.png
client_2,16739,59,61,6,6,54,56,10,Train/10/00010_00056_00029.png
client_2,19778,45,47,6,6,39,42,12,Train/12/00012_00047_00008.png
client_2,15768,44,45,5,6,39,40,10,Train/10/00010_00024_00018.png
client_2,26132,39,39,5,5,34,34,18,Train/18/00018_00019_00002.png
client_2,26572,104,93,9,8,95,85,18,Train/18/00018_00033_00022.png
client_2,17023,32,30,6,5,27,24,10,Train/10/00010_00066_00013.png
client_2,31838,44,44,5,6,39,39,30,Train/30/00030_00007_00008.png
client_2,15960,26,28,5,6,20,23,10,Train/10/00010_00031_00000.png
client_2,22601,42,39,6,5,37,34,13,Train/13/00013_00071_00011.png
client_2,8791,29,28,6,5,24,23,5,Train/5/00005_00012_00001.png
client_2,20154,59,61,5,6,54,56,12,Train/12/00012_00059_00024.png
client_2,15668,39,38,5,6,34,33,10,Train/10/00010_00021_00008.png
client_2,33815,31,31,5,6,26,26,34,Train/34/00034_00001_00006.png
client_2,28633,43,39,6,5,38,34,25,Train/25/00025_00005_00013.png
client_2,17393,83,74,7,6,76,68,11,Train/11/00011_00011_00023.png
client_2,38559,46,46,6,6,40,40,40,Train/40/00040_00006_00010.png
client_2,17674,33,28,6,5,27,22,11,Train/11/00011_00021_00004.png
client_2,31018,106,94,10,8,97,86,28,Train/28/00028_00006_00028.png
client_2,15258,50,51,5,6,45,46,10,Train/10/00010_00007_00018.png
client_2,26325,53,48,5,5,48,43,18,Train/18/00018_00025_00015.png
client_2,6147,75,79,6,7,69,72,3,Train/3/00003_00036_00027.png
client_2,26252,35,33,6,6,30,28,18,Train/18/00018_00023_00002.png
client_2,16942,45,46,6,6,40,40,10,Train/10/00010_00063_00022.png
client_2,16934,35,36,5,5,29,30,10,Train/10/00010_00063_00014.png
client_2,3657,54,54,6,6,49,49,2,Train/2/00002_00028_00027.png
client_2,17321,53,48,6,5,47,42,11,Train/11/00011_00009_00011.png
client_2,15911,33,34,6,6,28,29,10,Train/10/00010_00029_00011.png
client_2,25761,74,68,6,6,68,62,18,Train/18/00018_00006_00021.png
client_2,16084,31,29,6,5,26,23,10,Train/10/00010_00035_00004.png
client_2,13044,74,74,7,7,68,68,8,Train/8/00008_00029_00024.png
client_2,34105,55,70,5,7,49,64,34,Train/34/00034_00010_00026.png
client_2,16978,55,56,6,5,49,50,10,Train/10/00010_00064_00028.png
client_2,35953,58,58,6,6,53,53,37,Train/37/00037_00005_00014.png
client_2,16108,99,87,9,8,90,80,10,Train/10/00010_00035_00028.png
client_2,17475,49,46,6,6,43,40,11,Train/11/00011_00014_00015.png
client_2,18171,48,51,6,6,43,46,11,Train/11/00011_00037_00021.png
client_2,16384,37,38,5,6,32,33,10,Train/10/00010_00045_00004.png
client_2,1942,73,73,7,7,67,67,1,Train/1/00001_00045_00022.png
client_2,20295,39,45,5,6,34,40,12,Train/12/00012_00064_00015.png
client_2,33890,86,92,8,8,78,83,34,Train/34/00034_00003_00021.png
client_2,4736,60,59,6,6,55,54,2,Train/2/00002_00064_00026.png
client_2,26324,52,48,6,6,47,43,18,Train/18/00018_00025_00014.png
client_2,24170,47,47,6,6,42,42,16,Train/16/00016_00004_00020.png
client_2,1568,34,35,6,6,29,30,1,Train/1/00001_00033_00008.png
client_2,13304,34,37,6,6,29,32,8,Train/8/00008_00038_00014.png
client_2,38497,46,47,5,6,41,41,40,Train/40/00040_00004_00008.png
client_2,18275,37,34,6,6,32,29,11,Train/11/00011_00041_00005.png
client_2,18960,29,27,6,5,24,22,12,Train/12/00012_00020_00000.png
client_2,15439,57,57,6,6,52,52,10,Train/10/00010_00013_00019.png
client_2,16908,39,40,5,5,34,35,10,Train/10/00010_00062_00018.png
client_2,2818,100,97,9,8,92,89,2,Train/2/00002_00000_00028.png
client_2,29415,47,45,6,6,42,40,25,Train/25/00025_00031_00015.png
client_2,22843,51,50,6,6,46,45,14,Train/14/00014_00007_00013.png
client_2,27527,57,57,5,6,52,51,22,Train/22/00022_00007_00017.png
client_2,15423,36,36,5,5,31,31,10,Train/10/00010_00013_00003.png
client_2,25671,77,74,7,6,71,68,18,Train/18/00018_00003_00021.png
client_2,28448,42,45,5,5,37,40,24,Train/24/00024_00008_00008.png
client_2,32857,30,30,6,5,25,25,32,Train/32/00032_00000_00007.png
client_2,22659,41,42,6,6,36,37,14,Train/14/00014_00001_00009.png
client_2,15492,37,37,6,6,32,32,10,Train/10/00010_00015_00012.png
client_2,15925,46,44,5,5,41,39,10,Train/10/00010_00029_00025.png
client_2,5420,47,47,6,6,42,42,3,Train/3/00003_00012_00020.png
client_2,15702,44,45,6,6,39,40,10,Train/10/00010_00022_00012.png
client_2,9769,48,51,5,5,43,46,5,Train/5/00005_00044_00019.png
client_2,38511,84,82,8,7,77,75,40,Train/40/00040_00004_00022.png
client_2,26299,53,52,5,6,48,47,18,Train/18/00018_00024_00019.png
client_2,25806,58,50,6,5,52,44,18,Train/18/00018_00008_00006.png
client_2,16824,65,69,6,7,60,63,10,Train/10/00010_00059_00024.png
client_2,31312,64,64,5,5,59,59,28,Train/28/00028_00016_00022.png
client_2,16354,27,29,5,5,22,23,10,Train/10/00010_00044_00004.png
client_2,35930,44,45,6,6,39,39,37,Train/37/00037_00004_00021.png
client_2,17559,35,32,6,5,30,27,11,Train/11/00011_00017_00009.png
client_2,28461,49,53,5,5,44,48,24,Train/24/00024_00008_00021.png
client_2,12775,80,81,7,8,73,74,8,Train/8/00008_00020_00025.png
client_2,18326,106,104,9,10,97,95,11,Train/11/00011_00042_00026.png
client_2,16950,26,27,6,6,21,22,10,Train/10/00010_00064_00000.png
client_2,16564,36,35,5,5,31,30,10,Train/10/00010_00051_00004.png
client_2,16838,30,30,5,6,25,25,10,Train/10/00010_00060_00008.png
client_2,21847,36,41,6,5,31,36,13,Train/13/00013_00046_00007.png
client_2,16230,27,28,5,6,22,23,10,Train/10/00010_00040_00000.png
client_2,23876,71,81,6,7,65,74,15,Train/15/00015_00015_00026.png
client_2,15792,35,38,5,6,30,33,10,Train/10/00010_00025_00012.png
client_2,2939,97,99,8,8,89,91,2,Train/2/00002_00004_00029.png
client_2,4670,56,57,5,5,51,52,2,Train/2/00002_00062_00020.png
client_2,22890,25,27,5,5,20,22,14,Train/14/00014_00009_00000.png
client_2,31902,58,52,6,5,53,47,30,Train/30/00030_00009_00012.png
client_2,23725,64,64,5,6,59,59,15,Train/15/00015_00010_00025.png
client_2,19692,40,40,6,6,35,35,12,Train/12/00012_00044_00012.png
client_2,15399,36,36,6,6,31,31,10,Train/10/00010_00012_00009.png
client_2,31989,33,37,5,6,28,32,30,Train/30/00030_00012_00009.png
client_2,13438,59,59,6,6,54,54,8,Train/8/00008_00042_00028.png
client_2,25753,54,49,5,6,49,44,18,Train/18/00018_00006_00013.png
client_2,25911,60,55,6,5,55,50,18,Train/18/00018_00011_00021.png
client_2,15074,41,38,6,6,36,32,10,Train/10/00010_00001_00014.png
client_2,22827,97,101,9,9,88,92,14,Train/14/00014_00006_00027.png
client_2,27939,47,44,5,5,42,39,23,Train/23/00023_00008_00009.png
client_2,12664,31,31,5,5,26,26,8,Train/8/00008_00017_00004.png
client_2,19048,73,70,6,6,67,64,12,Train/12/00012_00022_00028.png
client_2,26188,163,147,14,12,149,135,18,Train/18/00018_00020_00028.png
client_2,4054,28,29,5,6,23,24,2,Train/2/00002_00042_00004.png
client_2,16295,35,36,5,5,29,30,10,Train/10/00010_00042_00005.png
client_2,4022,27,27,5,6,21,22,2,Train/2/00002_00041_00002.png
client_2,5128,69,74,6,7,63,68,3,Train/3/00003_00002_00028.png
client_2,35846,93,93,9,9,85,85,37,Train/37/00037_00001_00027.png
client_2,4222,34,36,5,6,29,31,2,Train/2/00002_00047_00022.png
client_2,12460,37,36,6,5,32,31,8,Train/8/00008_00010_00010.png
client_2,4896,30,30,5,5,25,25,2,Train/2/00002_00070_00006.png
client_2,2875,48,49,6,6,43,44,2,Train/2/00002_00002_00025.png
client_2,33874,48,49,6,5,43,43,34,Train/34/00034_00003_00005.png
client_2,25939,40,41,6,5,35,36,18,Train/18/00018_00012_00019.png
client_2,13267,33,32,6,5,28,27,8,Train/8/00008_00037_00007.png
client_2,18375,35,39,5,5,30,34,12,Train/12/00012_00000_00015.png
client_2,15050,49,50,5,6,44,45,10,Train/10/00010_00000_00020.png
client_2,17684,44,38,6,6,39,33,11,Train/11/00011_00021_00014.png
client_2,34131,74,75,6,7,68,69,34,Train/34/00034_00011_00022.png
client_2,1281,44,41,6,6,39,36,1,Train/1/00001_00023_00021.png
client_2,18989,73,71,7,6,67,65,12,Train/12/00012_00020_00029.png
client_2,24238,144,145,13,13,132,133,16,Train/16/00016_00006_00028.png
client_2,16422,33,32,6,5,27,27,10,Train/10/00010_00046_00012.png
client_2,18888,53,52,6,5,48,47,12,Train/12/00012_00017_00018.png
client_2,22506,59,51,6,6,54,46,13,Train/13/00013_00068_00006.png
client_2,20059,52,53,5,6,46,47,12,Train/12/00012_00056_00019.png
client_2,3483,29,30,5,6,24,25,2,Train/2/00002_00023_00003.png
client_2,16519,42,43,5,6,37,38,10,Train/10/00010_00049_00019.png
client_2,13257,96,96,9,9,88,88,8,Train/8/00008_00036_00027.png
client_2,16488,41,41,5,5,36,36,10,Train/10/00010_00048_00018.png
client_2,33868,83,89,7,8,75,81,34,Train/34/00034_00002_00029.png
client_2,26585,38,33,6,5,33,28,18,Train/18/00018_00034_00005.png
client_2,15493,38,37,6,5,33,32,10,Train/10/00010_00015_00013.png
client_2,31704,97,85,9,7,89,78,30,Train/30/00030_00002_00024.png
client_2,26048,35,31,6,5,29,25,18,Train/18/00018_00016_00008.png
client_2,17337,96,86,8,8,88,79,11,Train/11/00011_00009_00027.png
client_2,18449,178,185,16,16,163,170,12,Train/12/00012_00002_00029.png
client_2,16006,40,35,5,5,35,30,10,Train/10/00010_00032_00016.png
client_2,27815,31,30,6,5,26,25,23,Train/23/00023_00004_00005.png
client_2,31060,72,63,6,5,65,58,28,Train/28/00028_00008_00010.png
client_2,12541,32,32,6,6,27,27,8,Train/8/00008_00013_00001.png
client_2,17087,82,80,7,8,74,73,11,Train/11/00011_00001_00017.png
client_2,9046,34,34,5,6,29,29,5,Train/5/00005_00020_00016.png
client_2,18416,73,74,7,7,67,68,12,Train/12/00012_00001_00026.png
client_2,12706,42,41,6,6,37,36,8,Train/8/00008_00018_00016.png
client_2,34023,32,33,6,6,27,28,34,Train/34/00034_00008_00004.png
client_2,33939,34,35,6,5,28,29,34,Train/34/00034_00005_00010.png
client_2,16757,47,45,5,5,42,40,10,Train/10/00010_00057_00017.png
client_2,31035,72,62,7,6,66,56,28,Train/28/00028_00007_00015.png
client_2,38990,50,50,6,5,44,44,42,Train/42/00042_00000_00021.png
client_2,18454,37,38,6,6,32,33,12,Train/12/00012_00003_00004.png
client_2,26633,63,60,5,5,58,54,18,Train/18/00018_00035_00023.png
client_2,16581,62,63,5,6,57,58,10,Train/10/00010_00051_00021.png
client_2,26228,61,61,5,5,56,56,18,Train/18/00018_00022_00008.png
client_2,16945,51,53,5,6,46,48,10,Train/10/00010_00063_00025.png
client_2,27503,59,57,6,6,54,52,22,Train/22/00022_00006_00023.png
client_2,33828,40,39,6,5,35,34,34,Train/34/00034_00001_00019.png
client_2,2344,37,37,6,5,32,32,1,Train/1/00001_00059_00004.png
client_2,23196,40,46,5,6,35,41,14,Train/14/00014_00019_00006.png
client_2,15738,41,43,5,6,36,38,10,Train/10/00010_00023_00018.png
client_2,35823,32,31,6,5,27,26,37,Train/37/00037_00001_00004.png
client_2,21018,53,53,5,6,48,48,13,Train/13/00013_00018_00018.png
client_2,15682,65,64,6,5,60,59,10,Train/10/00010_00021_00022.png
client_2,16977,51,54,5,6,46,49,10,Train/10/00010_00064_00027.png
client_2,3018,47,46,5,5,42,41,2,Train/2/00002_00007_00018.png
client_2,25628,39,38,5,5,34,33,18,Train/18/00018_00002_00008.png
client_2,21515,45,50,6,5,40,45,13,Train/13/00013_00035_00005.png
client_2,33905,55,54,6,5,50,49,34,Train/34/00034_00004_00006.png
client_2,13361,35,35,5,5,30,30,8,Train/8/00008_00040_00011.png
client_2,26374,31,31,6,6,26,26,18,Train/18/00018_00027_00004.png
client_2,10343,50,53,5,6,45,48,6,Train/6/00006_00001_00023.png
client_2,26213,63,60,5,6,57,55,18,Train/18/00018_00021_00023.png
client_2,19018,73,76,7,6,67,70,12,Train/12/00012_00021_00028.png
client_2,35687,40,40,6,5,35,35,36,Train/36/00036_00009_00018.png
client_2,13370,41,41,5,5,36,36,8,Train/8/00008_00040_00020.png
client_2,15984,54,49,6,5,48,44,10,Train/10/00010_00031_00024.png
client_2,9898,75,74,7,6,69,68,5,Train/5/00005_00048_00028.png
client_2,16851,45,42,6,6,40,37,10,Train/10/00010_00060_00021.png
client_2,22441,35,34,6,6,30,29,13,Train/13/00013_00066_00001.png
client_2,13474,31,32,6,5,26,27,8,Train/8/00008_00044_00004.png
client_2,33807,70,84,6,8,64,76,34,Train/34/00034_00000_00028.png
client_2,25964,44,44,5,5,38,39,18,Train/18/00018_00013_00014.png
client_2,23839,43,49,5,6,38,44,15,Train/15/00015_00014_00019.png
client_2,9920,41,44,5,6,36,39,5,Train/5/00005_00049_00020.png
client_2,10147,34,33,5,5,29,28,5,Train/5/00005_00057_00007.png
client_2,19940,128,128,12,11,117,117,12,Train/12/00012_00052_00020.png
client_2,15550,34,35,5,6,29,30,10,Train/10/00010_00017_00010.png
client_2,26190,27,27,5,6,22,22,18,Train/18/00018_00021_00000.png
client_2,34133,83,83,8,8,76,76,34,Train/34/00034_00011_00024.png
client_2,20024,44,44,6,6,39,39,12,Train/12/00012_00055_00014.png
client_2,16192,46,46,6,5,41,41,10,Train/10/00010_00038_00022.png
client_2,222,28,28,5,5,23,23,20,Train/20/00020_00007_00012.png
client_2,18480,30,25,6,5,25,20,12,Train/12/00012_00004_00000.png
client_2,13299,32,33,5,5,27,28,8,Train/8/00008_00038_00009.png
client_2,20392,63,58,6,6,58,53,12,Train/12/00012_00067_00022.png
client_2,13115,31,31,6,5,25,26,8,Train/8/00008_00032_00005.png
client_2,16483,37,38,6,6,32,32,10,Train/10/00010_00048_00013.png
client_2,16489,43,44,5,6,38,39,10,Train/10/00010_00048_00019.png
client_2,16715,31,31,6,6,26,26,10,Train/10/00010_00056_00005.png
client_2,26398,143,132,12,12,130,121,18,Train/18/00018_00027_00028.png
client_2,30912,44,41,5,6,39,36,28,Train/28/00028_00003_00012.png
client_2,39175,54,53,6,5,49,48,42,Train/42/00042_00006_00026.png
client_2,15888,40,40,6,6,35,35,10,Train/10/00010_00028_00018.png
client_2,26698,93,93,8,8,85,85,18,Train/18/00018_00037_00028.png
client_2,13265,32,32,5,5,27,27,8,Train/8/00008_00037_00005.png
client_2,15763,35,38,5,6,30,33,10,Train/10/00010_00024_00013.png
client_2,27532,83,73,8,6,76,67,22,Train/22/00022_00007_00022.png
client_2,19637,82,81,8,7,75,74,12,Train/12/00012_00042_00017.png
client_2,32887,30,31,5,6,25,26,32,Train/32/00032_00001_00007.png
client_2,33866,74,79,6,7,68,72,34,Train/34/00034_00002_00027.png
client_2,102,46,44,5,6,41,39,20,Train/20/00020_00003_00012.png
client_2,17562,39,36,5,5,34,31,11,Train/11/00011_00017_00012.png
client_2,12967,30,29,6,6,25,24,8,Train/8/00008_00027_00007.png
client_2,4615,104,100,9,8,95,92,2,Train/2/00002_00060_00025.png
client_2,3935,48,50,5,5,43,45,2,Train/2/00002_00038_00005.png
client_2,25608,64,60,5,6,58,54,18,Train/18/00018_00001_00018.png
client_2,22070,82,74,7,6,75,68,13,Train/13/00013_00053_00020.png
client_2,18591,58,56,6,6,53,51,12,Train/12/00012_00007_00021.png
client_2,16773,32,31,6,5,27,26,10,Train/10/00010_00058_00003.png
client_2,6687,52,52,6,5,46,46,4,Train/4/00004_00007_00027.png
client_2,35,36,33,6,6,30,27,20,Train/20/00020_00001_00005.png
client_2,790,60,59,5,5,55,54,1,Train/1/00001_00007_00010.png
client_2,18484,31,26,6,5,25,20,12,Train/12/00012_00004_00004.png
client_2,25999,52,52,5,5,47,47,18,Train/18/00018_00014_00019.png
client_2,15680,56,56,5,5,51,51,10,Train/10/00010_00021_00020.png
client_2,23973,29,29,6,6,24,24,15,Train/15/00015_00019_00003.png
client_2,33805,69,81,7,8,63,74,34,Train/34/00034_00000_00026.png
client_2,27570,32,29,5,6,27,24,22,Train/22/00022_00009_00000.png
client_2,3458,31,32,5,5,26,27,2,Train/2/00002_00022_00008.png
client_2,15986,58,55,5,5,53,50,10,Train/10/00010_00031_00026.png
client_2,10021,27,27,5,5,22,22,5,Train/5/00005_00053_00001.png
client_2,20075,44,44,6,5,39,39,12,Train/12/00012_00057_00005.png
client_2,31869,38,36,5,6,33,31,30,Train/30/00030_00008_00009.png
client_2,23695,68,69,6,7,62,63,15,Train/15/00015_00009_00025.png
client_2,23367,60,58,6,5,54,52,14,Train/14/00014_00024_00027.png
client_2,77,50,48,6,6,45,43,20,Train/20/00020_00002_00017.png
client_2,15648,38,39,5,6,33,34,10,Train/10/00010_00020_00018.png
client_2,13287,51,50,6,5,46,45,8,Train/8/00008_00037_00027.png
client_2,33942,36,39,6,6,30,33,34,Train/34/00034_00005_00013.png
client_2,15380,52,53,5,6,47,48,10,Train/10/00010_00011_00020.png
client_2,15265,80,80,7,7,73,73,10,Train/10/00010_00007_00025.png
client_2,17478,53,51,5,6,48,45,11,Train/11/00011_00014_00018.png
client_2,38226,36,37,5,6,31,32,39,Train/39/00039_00005_00007.png
client_2,15839,54,54,5,5,49,49,10,Train/10/00010_00026_00029.png
client_2,15346,39,38,6,5,34,33,10,Train/10/00010_00010_00016.png
client_2,26289,37,37,5,6,32,32,18,Train/18/00018_00024_00009.png
client_2,13185,45,47,5,5,40,42,8,Train/8/00008_00034_00015.png
client_2,28259,73,73,6,7,67,67,24,Train/24/00024_00001_00029.png
client_2,28438,133,110,12,9,122,101,24,Train/24/00024_00007_00028.png
client_2,30902,36,33,5,6,31,28,28,Train/28/00028_00003_00002.png
client_2,15664,37,34,6,5,32,29,10,Train/10/00010_00021_00004.png
client_2,2879,83,83,8,7,76,76,2,Train/2/00002_00002_00029.png
client_2,6661,29,30,6,6,24,25,4,Train/4/00004_00007_00001.png
client_2,16378,50,48,6,5,45,43,10,Train/10/00010_00044_00028.png
client_2,22900,38,39,6,6,33,34,14,Train/14/00014_00009_00010.png
client_2,20003,63,61,6,5,58,56,12,Train/12/00012_00054_00023.png
client_2,26270,58,56,5,6,53,51,18,Train/18/00018_00023_00020.png
client_2,2731,36,36,6,6,31,31,1,Train/1/00001_00072_00001.png
client_2,286,43,42,6,5,38,37,20,Train/20/00020_00009_00016.png
client_2,15919,39,39,6,5,34,34,10,Train/10/00010_00029_00019.png
client_2,28353,29,25,6,5,23,20,24,Train/24/00024_00005_00003.png
client_2,33895,112,121,10,10,103,111,34,Train/34/00034_00003_00026.png
client_2,15406,40,40,6,6,35,35,10,Train/10/00010_00012_00016.png
client_2,15812,27,28,5,6,22,23,10,Train/10/00010_00026_00002.png
client_2,22930,68,79,6,7,62,72,14,Train/14/00014_00010_00010.png
client_2,8489,45,45,6,6,40,40,5,Train/5/00005_00001_00029.png
client_2,18103,60,61,6,6,55,56,11,Train/11/00011_00035_00013.png
client_2,23056,70,84,6,8,64,77,14,Train/14/00014_00014_00016.png
client_2,12340,35,34,6,6,29,29,8,Train/8/00008_00006_00010.png
client_2,4088,30,30,6,6,25,25,2,Train/2/00002_00043_00008.png
client_2,26569,84,76,7,6,77,70,18,Train/18/00018_00033_00019.png
client_2,6644,39,40,5,5,34,35,4,Train/4/00004_00006_00014.png
client_2,18774,54,54,5,5,49,49,12,Train/12/00012_00013_00024.png
client_2,16506,32,32,5,5,27,27,10,Train/10/00010_00049_00006.png
client_2,21437,65,48,6,5,59,43,13,Train/13/00013_00032_00017.png
client_2,17797,35,33,5,5,30,28,11,Train/11/00011_00025_00007.png
client_2,9808,83,81,7,8,76,73,5,Train/5/00005_00045_00028.png
client_2,33885,68,71,7,6,62,65,34,Train/34/00034_00003_00016.png
client_2,10155,39,38,5,5,34,33,5,Train/5/00005_00057_00015.png
client_2,16402,54,57,6,6,49,52,10,Train/10/00010_00045_00022.png
client_2,20134,32,32,6,5,27,27,12,Train/12/00012_00059_00004.png
client_2,31078,164,142,14,12,150,130,28,Train/28/00028_00008_00028.png
client_2,16553,49,48,6,6,44,43,10,Train/10/00010_00050_00023.png
client_2,22418,39,36,6,6,34,31,13,Train/13/00013_00065_00008.png
client_2,17127,191,168,17,14,175,154,11,Train/11/00011_00002_00027.png
client_2,18904,34,34,6,6,29,29,12,Train/12/00012_00018_00004.png
client_2,16283,53,52,6,5,48,47,10,Train/10/00010_00041_00023.png
client_2,17163,38,37,6,6,32,32,11,Train/11/00011_00004_00003.png
client_2,16892,30,31,5,6,25,26,10,Train/10/00010_00062_00002.png
client_2,15650,40,40,5,5,35,35,10,Train/10/00010_00020_00020.png
client_2,26360,62,60,5,6,57,54,18,Train/18/00018_00026_00020.png
client_2,16611,56,55,6,5,51,50,10,Train/10/00010_00052_00021.png
client_2,4756,68,68,7,6,62,62,2,Train/2/00002_00065_00016.png
client_2,23430,26,55,6,6,21,50,15,Train/15/00015_00001_00000.png
client_2,34146,33,32,6,6,28,27,34,Train/34/00034_00012_00007.png
client_2,19267,34,35,5,6,29,30,12,Train/12/00012_00030_00007.png
client_2,15778,110,113,9,10,101,104,10,Train/10/00010_00024_00028.png
client_2,23466,30,37,6,5,25,31,15,Train/15/00015_00002_00006.png
client_2,30182,31,28,5,5,26,23,26,Train/26/00026_00007_00002.png
client_2,39176,57,58,5,6,52,53,42,Train/42/00042_00006_00027.png
client_2,603,32,33,6,6,26,28,1,Train/1/00001_00001_00003.png
client_2,2923,36,37,5,6,30,32,2,Train/2/00002_00004_00013.png
client_2,31752,53,48,5,5,48,43,30,Train/30/00030_00004_00012.png
client_2,18854,38,36,6,5,33,31,12,Train/12/00012_00016_00014.png
client_2,17196,50,44,6,6,44,39,11,Train/11/00011_00005_00006.png
client_2,23,70,61,6,5,64,56,20,Train/20/00020_00000_00023.png
client_2,21522,56,62,6,5,51,57,13,Train/13/00013_00035_00012.png
client_2,4033,32,32,6,6,26,27,2,Train/2/00002_00041_00013.png
client_2,19964,52,45,6,5,47,40,12,Train/12/00012_00053_00014.png
client_2,25596,49,46,6,6,44,40,18,Train/18/00018_00001_00006.png
client_2,22894,28,33,5,6,23,27,14,Train/14/00014_00009_00004.png
client_2,23959,108,129,10,11,98,117,15,Train/15/00015_00018_00019.png
client_2,5680,35,35,6,5,30,30,3,Train/3/00003_00021_00010.png
client_2,7753,36,37,5,6,31,32,4,Train/4/00004_00043_00013.png
client_2,20287,29,31,5,6,24,26,12,Train/12/00012_00064_00007.png
client_2,27419,104,89,10,8,95,82,22,Train/22/00022_00003_00029.png
client_2,13450,32,31,5,6,27,26,8,Train/8/00008_00043_00010.png
client_2,254,36,36,6,6,31,31,20,Train/20/00020_00008_00014.png
client_2,21714,75,64,7,5,69,59,13,Train/13/00013_00041_00024.png
client_2,17599,76,68,7,7,70,62,11,Train/11/00011_00018_00019.png
client_2,13090,31,32,5,6,26,27,8,Train/8/00008_00031_00010.png
client_2,16850,43,40,5,5,38,35,10,Train/10/00010_00060_00020.png
client_2,15037,39,40,6,5,34,35,10,Train/10/00010_00000_00007.png
client_2,23923,41,41,6,6,36,36,15,Train/15/00015_00017_00013.png
client_2,21349,42,40,5,5,37,35,13,Train/13/00013_00029_00019.png
client_2,27733,93,84,9,7,85,76,23,Train/23/00023_00001_00013.png
client_2,18883,43,43,5,6,38,38,12,Train/12/00012_00017_00013.png
client_2,26183,116,107,10,10,106,97,18,Train/18/00018_00020_00023.png
client_2,3944,57,59,5,5,52,53,2,Train/2/00002_00038_00014.png
client_2,16011,52,45,5,6,47,40,10,Train/10/00010_00032_00021.png
client_2,22654,36,36,6,6,30,30,14,Train/14/00014_00001_00004.png
client_2,12732,42,41,6,5,37,36,8,Train/8/00008_00019_00012.png
client_2,22049,97,86,8,8,89,79,13,Train/13/00013_00052_00029.png
client_2,13428,41,40,6,5,36,35,8,Train/8/00008_00042_00018.png
client_2,16721,34,33,5,5,28,28,10,Train/10/00010_00056_00011.png
client_2,12470,46,46,5,5,41,41,8,Train/8/00008_00010_00020.png
client_2,18409,48,49,5,6,43,44,12,Train/12/00012_00001_00019.png
client_2,18222,37,35,5,5,32,30,11,Train/11/00011_00039_00012.png
client_2,12652,45,45,5,5,40,40,8,Train/8/00008_00016_00022.png
client_2,18771,45,46,5,6,40,41,12,Train/12/00012_00013_00021.png
client_2,34006,42,43,5,6,37,38,34,Train/34/00034_00007_00017.png
client_2,1593,32,32,6,6,27,27,1,Train/1/00001_00034_00003.png
client_2,2720,60,60,6,6,55,55,1,Train/1/00001_00071_00020.png
client_2,17775,45,42,6,6,40,37,11,Train/11/00011_00024_00015.png
client_2,3588,48,47,6,5,43,42,2,Train/2/00002_00026_00018.png
client_2,18420,30,31,5,5,25,26,12,Train/12/00012_00002_00000.png
client_2,22648,164,159,15,14,150,146,14,Train/14/00014_00000_00028.png
client_2,28257,74,73,7,7,68,67,24,Train/24/00024_00001_00027.png
client_2,2935,58,60,5,6,53,55,2,Train/2/00002_00004_00025.png
client_2,25634,47,44,6,6,41,38,18,Train/18/00018_00002_00014.png
client_2,3037,30,30,6,6,24,25,2,Train/2/00002_00008_00007.png
client_2,26260,41,38,6,5,36,33,18,Train/18/00018_00023_00010.png
client_2,15970,35,35,5,5,29,29,10,Train/10/00010_00031_00010.png
client_2,15070,37,35,6,6,31,29,10,Train/10/00010_00001_00010.png
client_2,16130,42,38,6,6,37,32,10,Train/10/00010_00036_00020.png
client_2,25949,56,52,6,6,50,46,18,Train/18/00018_00012_00029.png
client_2,15537,54,53,6,5,49,48,10,Train/10/00010_00016_00027.png
client_2,33781,27,31,5,5,22,26,34,Train/34/00034_00000_00002.png
client_2,31227,133,129,11,12,121,118,28,Train/28/00028_00013_00027.png
client_2,15254,44,44,6,6,39,39,10,Train/10/00010_00007_00014.png
client_2,16718,34,35,5,6,29,30,10,Train/10/00010_00056_00008.png
client_2,12388,61,62,5,6,56,57,8,Train/8/00008_00007_00028.png
client_2,120,29,29,6,6,24,24,20,Train/20/00020_00004_00000.png
client_2,33930,28,29,6,5,22,24,34,Train/34/00034_00005_00001.png
client_2,9785,30,29,6,6,25,24,5,Train/5/00005_00045_00005.png
client_2,16276,38,37,6,6,33,32,10,Train/10/00010_00041_00016.png
client_2,16869,37,32,6,6,32,26,10,Train/10/00010_00061_00009.png
client_2,15926,48,46,5,5,43,41,10,Train/10/00010_00029_00026.png
client_2,26371,28,27,5,5,22,22,18,Train/18/00018_00027_00001.png
client_2,18961,30,29,6,5,25,24,12,Train/12/00012_00020_00001.png
client_2,20393,63,63,5,6,58,58,12,Train/12/00012_00067_00023.png
client_2,16109,108,93,9,8,98,85,10,Train/10/00010_00035_00029.png
client_2,4848,43,43,5,5,38,38,2,Train/2/00002_00068_00018.png
client_2,3463,35,36,6,6,29,31,2,Train/2/00002_00022_00013.png
client_2,16010,50,42,6,5,45,37,10,Train/10/00010_00032_00020.png
client_2,3199,37,38,5,5,32,33,2,Train/2/00002_00013_00019.png
client_2,17446,59,58,6,6,54,52,11,Train/11/00011_00013_00016.png
client_2,3579,36,38,6,6,31,33,2,Train/2/00002_00026_00009.png
client_2,26191,28,28,5,6,23,23,18,Train/18/00018_00021_00001.png
client_2,15292,56,57,5,6,51,52,10,Train/10/00010_00008_00022.png
client_2,7167,42,43,5,5,37,38,4,Train/4/00004_00023_00027.png
client_2,35829,38,38,6,6,33,33,37,Train/37/00037_00001_00010.png
client_2,20118,61,55,6,5,56,50,12,Train/12/00012_00058_00018.png
client_2,19068,46,44,5,5,41,39,12,Train/12/00012_00023_00018.png
client_2,18788,36,36,5,6,31,31,12,Train/12/00012_00014_00008.png
client_2,27468,46,44,5,6,41,39,22,Train/22/00022_00005_00018.png
client_2,6207,100,100,9,8,92,92,3,Train/3/00003_00038_00027.png
client_2,13426,40,41,5,6,35,36,8,Train/8/00008_00042_00016.png
client_2,6480,38,39,5,6,33,34,4,Train/4/00004_00001_00000.png
client_2,17822,52,47,6,5,47,42,11,Train/11/00011_00026_00002.png
client_2,26515,55,52,6,6,50,46,18,Train/18/00018_00031_00025.png
client_2,7200,35,33,6,6,30,28,4,Train/4/00004_00025_00000.png
client_2,32953,35,38,6,6,30,32,32,Train/32/00032_00003_00013.png
client_2,15100,35,35,5,6,30,29,10,Train/10/00010_00002_00010.png
client_2,17017,30,29,5,6,24,23,10,Train/10/00010_00066_00007.png
client_2,31277,45,42,6,5,40,37,28,Train/28/00028_00015_00017.png
client_2,9989,75,75,6,6,69,69,5,Train/5/00005_00051_00029.png
client_2,15479,74,74,6,6,68,68,10,Train/10/00010_00014_00029.png
client_2,16219,43,43,6,6,38,38,10,Train/10/00010_00039_00019.png
client_2,25913,70,63,6,5,63,58,18,Train/18/00018_00011_00023.png
client_2,16639,58,59,5,5,53,54,10,Train/10/00010_00053_00019.png
client_2,3598,79,79,7,7,72,72,2,Train/2/00002_00026_00028.png
client_2,17052,38,32,6,5,33,27,11,Train/11/00011_00000_00012.png
client_2,18507,34,31,5,6,28,25,12,Train/12/00012_00004_00027.png
client_2,22056,47,43,5,5,42,38,13,Train/13/00013_00053_00006.png
client_2,16024,26,26,5,6,20,21,10,Train/10/00010_00033_00004.png
client_2,6864,60,62,6,5,55,57,4,Train/4/00004_00013_00024.png
client_2,20016,35,36,6,6,30,30,12,Train/12/00012_00055_00006.png
client_2,9951,47,47,5,5,42,42,5,Train/5/00005_00050_00021.png
client_2,4648,107,111,10,9,98,102,2,Train/2/00002_00061_00028.png
client_2,16883,58,46,6,5,52,40,10,Train/10/00010_00061_00023.png
client_2,24293,93,93,9,9,85,85,16,Train/16/00016_00008_00023.png
client_2,4515,44,42,6,5,39,37,2,Train/2/00002_00057_00015.png
client_2,4024,28,28,6,6,23,23,2,Train/2/00002_00041_00004.png
client_2,23245,136,135,11,12,124,123,14,Train/14/00014_00020_00025.png
client_2,4338,51,51,6,6,46,46,2,Train/2/00002_00051_00018.png
client_2,3620,41,42,5,6,36,37,2,Train/2/00002_00027_00020.png
client_2,4163,50,50,5,6,45,45,2,Train/2/00002_00045_00023.png
client_2,15582,39,38,6,5,34,33,10,Train/10/00010_00018_00012.png
client_2,16653,32,33,5,6,27,28,10,Train/10/00010_00054_00003.png
client_2,15441,60,62,5,6,55,57,10,Train/10/00010_00013_00021.png
client_2,23262,44,46,6,6,38,41,14,Train/14/00014_00021_00012.png
client_2,10663,31,33,5,5,25,27,6,Train/6/00006_00012_00013.png
client_2,26086,44,39,6,6,39,34,18,Train/18/00018_00017_00016.png
client_2,15140,40,41,5,5,34,35,10,Train/10/00010_00003_00020.png
client_2,27998,47,44,6,5,42,38,23,Train/23/00023_00010_00008.png
client_2,23491,28,32,5,6,23,26,15,Train/15/00015_00003_00001.png
client_2,1251,59,59,5,5,53,53,1,Train/1/00001_00022_00021.png
client_2,15049,47,48,5,6,42,43,10,Train/10/00010_00000_00019.png
client_2,13121,35,37,5,6,29,31,8,Train/8/00008_00032_00011.png
client_2,34198,74,71,6,7,68,65,34,Train/34/00034_00013_00029.png
client_2,19925,95,96,9,9,87,87,12,Train/12/00012_00052_00005.png
client_2,13488,42,43,5,5,37,38,8,Train/8/00008_00044_00018.png
client_2,6657,98,100,8,8,90,92,4,Train/4/00004_00006_00027.png
client_2,23600,49,49,6,6,44,43,15,Train/15/00015_00006_00020.png
client_2,15208,60,59,6,5,55,54,10,Train/10/00010_00005_00028.png
client_2,16508,34,34,6,6,29,29,10,Train/10/00010_00049_00008.png
client_2,615,42,43,5,6,37,38,1,Train/1/00001_00001_00015.png
client_2,26539,71,71,6,6,65,65,18,Train/18/00018_00032_00019.png
client_2,26245,112,110,10,9,102,100,18,Train/18/00018_00022_00025.png
client_2,3201,40,43,6,6,35,37,2,Train/2/00002_00013_00021.png
client_2,25776,61,56,5,6,55,50,18,Train/18/00018_00007_00006.png
client_2,16949,68,68,6,6,62,62,10,Train/10/00010_00063_00029.png
client_2,9429,31,32,5,5,25,27,5,Train/5/00005_00033_00009.png
client_2,22781,55,56,5,6,50,51,14,Train/14/00014_00005_00011.png
client_2,39067,31,32,5,5,26,27,42,Train/42/00042_00003_00008.png
client_2,26716,55,55,6,6,50,50,18,Train/18/00018_00038_00016.png
client_2,15320,45,45,5,5,40,40,10,Train/10/00010_00009_00020.png
client_2,5001,49,49,5,5,44,44,2,Train/2/00002_00073_00021.png
client_2,16582,65,68,6,7,60,62,10,Train/10/00010_00051_00022.png
client_2,16148,31,30,6,6,26,25,10,Train/10/00010_00037_00008.png
client_2,16895,31,30,6,5,26,25,10,Train/10/00010_00062_00005.png
client_2,35792,37,36,6,5,32,31,37,Train/37/00037_00000_00003.png
client_2,20106,43,40,6,6,38,35,12,Train/12/00012_00058_00006.png
client_2,10284,48,50,5,6,43,45,5,Train/5/00005_00061_00024.png
client_2,16578,55,55,6,6,50,50,10,Train/10/00010_00051_00018.png
client_2,13220,45,46,5,6,40,41,8,Train/8/00008_00035_00020.png
client_2,15735,42,42,6,6,37,37,10,Train/10/00010_00023_00015.png
client_2,15193,35,35,5,6,29,30,10,Train/10/00010_00005_00013.png
client_2,25706,158,143,13,12,145,131,18,Train/18/00018_00004_00026.png
client_2,26328,61,56,6,5,56,51,18,Train/18/00018_00025_00018.png
client_2,16567,40,40,6,6,35,35,10,Train/10/00010_00051_00007.png
client_2,27651,53,52,5,5,48,47,22,Train/22/00022_00011_00021.png
client_2,13103,57,60,5,5,52,55,8,Train/8/00008_00031_00023.png
client_2,16144,30,27,6,5,24,22,10,Train/10/00010_00037_00004.png
client_2,26051,37,32,6,5,31,27,18,Train/18/00018_00016_00011.png
client_2,15975,39,40,6,6,34,34,10,Train/10/00010_00031_00015.png
client_2,16920,26,26,5,5,20,21,10,Train/10/00010_00063_00000.png
client_2,32850,27,27,6,6,22,22,32,Train/32/00032_00000_00000.png
client_2,19399,94,93,8,9,86,85,12,Train/12/00012_00034_00019.png
client_2,23456,70,133,7,11,64,121,15,Train/15/00015_00001_00026.png
client_2,22875,47,55,6,6,42,50,14,Train/14/00014_00008_00015.png
client_2,7658,31,30,6,5,26,25,4,Train/4/00004_00040_00008.png
client_2,4226,40,42,5,6,35,37,2,Train/2/00002_00047_00026.png
client_2,31108,100,86,9,8,92,79,28,Train/28/00028_00009_00028.png
client_2,26310,35,34,5,6,30,29,18,Train/18/00018_00025_00000.png
client_2,21728,39,35,5,5,34,30,13,Train/13/00013_00042_00008.png
client_2,17669,168,148,14,13,154,136,11,Train/11/00011_00020_00029.png
client_2,23529,34,36,6,6,29,31,15,Train/15/00015_00004_00009.png
client_2,19460,71,71,7,7,65,65,12,Train/12/00012_00036_00020.png
client_2,16675,59,58,6,5,54,53,10,Train/10/00010_00054_00025.png
client_2,31405,104,93,10,8,95,85,29,Train/29/00029_00001_00025.png
client_2,12422,33,34,5,6,27,28,8,Train/8/00008_00009_00002.png
client_2,17108,85,77,8,7,78,71,11,Train/11/00011_00002_00008.png
client_2,19582,72,71,7,6,66,65,12,Train/12/00012_00040_00022.png
client_2,17948,29,31,5,6,24,26,11,Train/11/00011_00030_00008.png
client_2,16507,33,34,5,6,27,28,10,Train/10/00010_00049_00007.png
client_2,26047,33,31,5,6,28,26,18,Train/18/00018_00016_00007.png
client_2,16915,55,56,5,5,50,51,10,Train/10/00010_00062_00025.png
client_2,3815,32,33,5,5,27,28,2,Train/2/00002_00034_00005.png
client_2,22099,113,108,10,10,104,99,13,Train/13/00013_00054_00019.png
client_2,31263,32,30,6,5,27,25,28,Train/28/00028_00015_00003.png
client_2,3452,27,29,5,6,22,24,2,Train/2/00002_00022_00002.png
client_2,19536,41,40,6,5,36,35,12,Train/12/00012_00039_00006.png
client_2,12466,42,41,6,5,37,36,8,Train/8/00008_00010_00016.png
client_2,296,56,57,5,6,51,52,20,Train/20/00020_00009_00026.png
client_2,16171,28,28,5,5,23,23,10,Train/10/00010_00038_00001.png
client_2,19417,39,40,5,6,34,35,12,Train/12/00012_00035_00007.png
client_2,15082,61,53,5,5,55,47,10,Train/10/00010_00001_00022.png
client_2,17785,85,75,8,7,78,69,11,Train/11/00011_00024_00025.png
client_2,25977,98,98,9,9,90,90,18,Train/18/00018_00013_00027.png
client_2,35869,76,72,7,6,70,66,37,Train/37/00037_00002_00020.png
client_2,1618,110,113,9,9,100,103,1,Train/1/00001_00034_00028.png
client_2,15352,48,48,6,6,43,43,10,Train/10/00010_00010_00022.png
client_2,28463,50,51,6,5,45,46,24,Train/24/00024_00008_00023.png
client_2,20359,49,54,6,5,44,49,12,Train/12/00012_00066_00019.png
client_2,12935,29,29,6,5,24,24,8,Train/8/00008_00026_00005.png
client_2,17663,84,75,8,7,77,69,11,Train/11/00011_00020_00023.png
client_2,19847,41,43,5,6,36,38,12,Train/12/00012_00049_00017.png
client_2,19107,82,82,7,7,75,75,12,Train/12/00012_00024_00027.png
client_2,241,30,31,5,6,25,26,20,Train/20/00020_00008_00001.png
client_2,26021,46,46,6,6,41,41,18,Train/18/00018_00015_00011.png
client_2,18981,48,48,5,5,43,43,12,Train/12/00012_00020_00021.png
client_2,2911,30,30,6,6,24,25,2,Train/2/00002_00004_00001.png
client_2,17966,126,109,11,9,115,100,11,Train/11/00011_00030_00026.png
client_2,17244,57,51,6,6,51,45,11,Train/11/00011_00006_00024.png
client_2,26171,76,71,6,7,69,64,18,Train/18/00018_00020_00011.png
client_2,2086,49,48,6,6,44,43,1,Train/1/00001_00050_00016.png
client_2,13146,29,30,5,5,24,25,8,Train/8/00008_00033_00006.png
client_2,15456,33,34,5,6,28,29,10,Train/10/00010_00014_00006.png
client_2,32999,109,111,9,10,100,102,32,Train/32/00032_00004_00029.png
client_2,16234,30,29,6,6,24,24,10,Train/10/00010_00040_00004.png
client_2,16038,39,39,5,5,34,34,10,Train/10/00010_00033_00018.png
client_2,1263,35,33,5,6,29,28,1,Train/1/00001_00023_00003.png
client_2,17681,39,33,6,6,34,28,11,Train/11/00011_00021_00011.png
client_2,18366,32,32,6,5,26,27,12,Train/12/00012_00000_00006.png
client_2,15571,32,31,6,5,27,26,10,Train/10/00010_00018_00001.png
client_2,19287,52,49,6,5,47,44,12,Train/12/00012_00030_00027.png
client_2,28227,109,104,9,10,100,95,24,Train/24/00024_00000_00027.png
client_2,4691,32,32,5,5,27,27,2,Train/2/00002_00063_00011.png
client_2,26520,47,48,5,6,42,43,18,Train/18/00018_00032_00000.png
client_2,5433,29,29,6,6,24,24,3,Train/3/00003_00013_00003.png
client_2,3096,29,29,5,6,24,24,2,Train/2/00002_00010_00006.png
client_2,33017,32,35,5,6,27,30,32,Train/32/00032_00005_00017.png
client_2,16115,30,26,5,5,25,21,10,Train/10/00010_00036_00005.png
client_2,26066,60,55,6,6,54,50,18,Train/18/00018_00016_00026.png
client_2,5349,33,35,6,6,28,30,3,Train/3/00003_00010_00009.png
client_2,6584,59,58,6,5,54,52,4,Train/4/00004_00004_00014.png
client_2,4169,75,75,6,6,69,69,2,Train/2/00002_00045_00029.png
client_2,17157,140,123,13,10,128,113,11,Train/11/00011_00003_00027.png
client_2,240,30,30,5,5,25,25,20,Train/20/00020_00008_00000.png
client_2,33788,35,42,5,6,29,36,34,Train/34/00034_00000_00009.png
client_2,17999,164,147,14,12,150,134,11,Train/11/00011_00031_00029.png
client_2,23328,58,60,5,5,53,55,14,Train/14/00014_00023_00018.png
client_2,3280,34,36,6,6,29,30,2,Train/2/00002_00016_00010.png
client_2,9688,68,72,6,6,61,66,5,Train/5/00005_00041_00028.png
client_2,20966,107,96,10,8,98,88,13,Train/13/00013_00016_00026.png
client_2,18863,48,46,6,5,43,41,12,Train/12/00012_00016_00023.png
client_2,35934,54,55,6,6,48,49,37,Train/37/00037_00004_00025.png
client_2,33865,72,71,7,6,66,65,34,Train/34/00034_00002_00026.png
client_2,30981,64,67,5,6,59,61,28,Train/28/00028_00005_00021.png
client_2,18174,56,59,6,6,50,54,11,Train/11/00011_00037_00024.png
client_2,19581,71,71,7,7,65,65,12,Train/12/00012_00040_00021.png
client_2,34101,46,55,6,6,41,49,34,Train/34/00034_00010_00022.png
client_2,26643,45,43,6,5,40,37,18,Train/18/00018_00036_00003.png
client_2,3777,62,58,5,6,57,53,2,Train/2/00002_00032_00027.png
client_2,12524,43,44,5,6,38,39,8,Train/8/00008_00012_00014.png
client_2,19318,86,86,8,8,79,79,12,Train/12/00012_00031_00028.png
client_2,4555,49,48,5,5,43,42,2,Train/2/00002_00058_00025.png
client_2,23117,67,64,6,5,61,59,14,Train/14/00014_00016_00017.png
client_2,19501,31,31,5,5,26,26,12,Train/12/00012_00038_00001.png
client_2,18674,50,41,6,6,45,36,12,Train/12/00012_00010_00014.png
client_2,26378,37,34,6,5,32,29,18,Train/18/00018_00027_00008.png
client_2,18253,50,42,6,5,45,37,11,Train/11/00011_00040_00013.png
client_2,3219,32,30,6,5,27,25,2,Train/2/00002_00014_00009.png
client_2,26648,50,50,5,6,45,45,18,Train/18/00018_00036_00008.png
client_2,26432,34,31,6,5,29,26,18,Train/18/00018_00029_00002.png
client_2,4543,31,32,6,6,26,27,2,Train/2/00002_00058_00013.png
client_2,15899,74,73,7,6,68,67,10,Train/10/00010_00028_00029.png
client_2,24251,32,32,6,6,27,27,16,Train/16/00016_00007_00011.png
client_2,26204,38,38,5,6,32,33,18,Train/18/00018_00021_00014.png
client_2,20459,97,104,9,10,89,95,12,Train/12/00012_00069_00029.png
client_2,12499,46,45,6,5,41,40,8,Train/8/00008_00011_00019.png
client_2,17070,47,48,5,5,42,43,11,Train/11/00011_00001_00000.png
client_2,15366,37,36,6,5,32,31,10,Train/10/00010_00011_00006.png
client_2,21901,48,45,6,5,43,40,13,Train/13/00013_00048_00001.png
client_2,4228,46,47,6,5,41,42,2,Train/2/00002_00047_00028.png
client_2,17441,50,47,6,5,45,42,11,Train/11/00011_00013_00011.png
client_2,21372,45,43,6,6,40,38,13,Train/13/00013_00030_00012.png
client_2,18492,31,25,6,5,25,20,12,Train/12/00012_00004_00012.png
client_2,27398,46,42,5,6,41,37,22,Train/22/00022_00003_00008.png
client_2,16708,60,60,5,5,55,55,10,Train/10/00010_00055_00028.png
client_2,23183,99,104,8,10,91,95,14,Train/14/00014_00018_00023.png
client_2,21352,45,42,5,6,40,37,13,Train/13/00013_00029_00022.png
client_2,15165,34,34,5,5,29,29,10,Train/10/00010_00004_00015.png
client_2,202,55,49,5,5,50,43,20,Train/20/00020_00006_00022.png
client_2,25625,38,38,5,6,33,32,18,Train/18/00018_00002_00005.png
client_2,16652,31,31,5,5,26,26,10,Train/10/00010_00054_00002.png
client_2,23054,65,75,6,6,60,69,14,Train/14/00014_00014_00014.png
client_2,4579,71,68,7,6,65,62,2,Train/2/00002_00059_00019.png
client_2,3664,38,39,6,6,33,34,2,Train/2/00002_00029_00004.png
client_2,20197,42,45,6,5,37,40,12,Train/12/00012_00061_00007.png
client_2,26683,52,53,5,6,47,48,18,Train/18/00018_00037_00013.png
client_2,2859,28,28,5,5,22,22,2,Train/2/00002_00002_00009.png
client_2,9863,57,61,6,6,52,55,5,Train/5/00005_00047_00023.png
client_2,20026,48,47,6,5,42,41,12,Train/12/00012_00055_00016.png
client_2,18349,45,44,5,5,40,39,11,Train/11/00011_00043_00019.png
client_2,28314,121,107,11,9,111,98,24,Train/24/00024_00003_00024.png
client_2,17519,93,85,9,7,85,78,11,Train/11/00011_00015_00029.png
client_2,8348,29,30,5,6,24,25,4,Train/4/00004_00063_00008.png
client_2,22339,63,57,6,6,58,52,13,Train/13/00013_00062_00019.png
client_2,16986,29,28,6,5,24,23,10,Train/10/00010_00065_00006.png
client_2,20426,61,59,5,5,56,54,12,Train/12/00012_00068_00026.png
client_2,10683,28,27,6,5,23,22,6,Train/6/00006_00013_00003.png
client_2,33883,63,69,5,7,57,62,34,Train/34/00034_00003_00014.png
client_2,3780,27,27,6,5,22,22,2,Train/2/00002_00033_00000.png
client_2,22561,65,60,6,6,60,55,13,Train/13/00013_00070_00001.png
client_2,16099,47,43,6,5,42,38,10,Train/10/00010_00035_00019.png
client_2,12414,51,51,6,6,46,46,8,Train/8/00008_00008_00024.png
client_2,17867,71,62,7,6,65,57,11,Train/11/00011_00027_00017.png
client_2,25879,105,93,10,9,95,85,18,Train/18/00018_00010_00019.png
client_2,15417,52,51,6,5,47,46,10,Train/10/00010_00012_00027.png
client_2,16926,29,29,5,5,23,24,10,Train/10/00010_00063_00006.png
client_2,21035,53,47,6,5,48,42,13,Train/13/00013_00019_00005.png
client_2,33926,88,87,7,7,80,80,34,Train/34/00034_00004_00027.png
client_2,4014,48,48,6,5,43,43,2,Train/2/00002_00040_00024.png
client_2,343,37,35,6,6,32,30,20,Train/20/00020_00011_00013.png
client_2,16359,32,33,6,6,26,27,10,Train/10/00010_00044_00009.png
client_2,13452,36,32,6,5,31,27,8,Train/8/00008_00043_00012.png
client_2,13137,57,57,6,5,52,52,8,Train/8/00008_00032_00027.png
client_2,12913,34,35,6,6,29,29,8,Train/8/00008_00025_00013.png
client_2,16918,69,71,7,7,63,65,10,Train/10/00010_00062_00028.png
client_2,34045,62,63,6,5,57,58,34,Train/34/00034_00008_00026.png
client_2,13373,46,45,6,5,41,40,8,Train/8/00008_00040_00023.png
client_2,20370,33,33,6,5,28,28,12,Train/12/00012_00067_00000.png
client_2,31238,42,40,6,6,37,35,28,Train/28/00028_00014_00008.png
client_2,18781,35,33,6,5,30,28,12,Train/12/00012_00014_00001.png
client_2,16191,43,45,5,6,38,40,10,Train/10/00010_00038_00021.png
client_2,1873,49,49,5,5,44,44,1,Train/1/00001_00043_00013.png
client_2,33938,33,35,6,6,28,30,34,Train/34/00034_00005_00009.png
client_2,16270,33,33,6,6,28,28,10,Train/10/00010_00041_00010.png
client_2,32432,33,32,5,6,28,27,31,Train/31/00031_00012_00002.png
client_2,38582,28,28,5,5,23,23,40,Train/40/00040_00007_00003.png
client_2,35816,54,51,6,5,48,46,37,Train/37/00037_00000_00027.png
client_2,38568,64,65,5,6,59,60,40,Train/40/00040_00006_00019.png
client_2,23689,56,56,5,5,51,51,15,Train/15/00015_00009_00019.png
client_2,28,131,119,12,11,120,109,20,Train/20/00020_00000_00028.png
client_2,10700,41,42,5,5,36,37,6,Train/6/00006_00013_00020.png
client_2,15938,30,31,5,6,25,26,10,Train/10/00010_00030_00008.png
client_2,4819,49,48,6,6,44,43,2,Train/2/00002_00067_00019.png
client_2,13122,36,36,6,5,30,30,8,Train/8/00008_00032_00012.png
client_2,12504,60,59,6,5,55,54,8,Train/8/00008_00011_00024.png
client_2,16960,33,32,6,6,27,27,10,Train/10/00010_00064_00010.png
client_2,15403,38,38,5,5,33,33,10,Train/10/00010_00012_00013.png
client_2,26495,37,35,5,6,32,30,18,Train/18/00018_00031_00005.png
client_2,38164,30,31,5,6,25,26,39,Train/39/00039_00003_00005.png
client_2,38642,28,27,6,5,23,22,40,Train/40/00040_00009_00003.png
client_2,22712,43,44,5,5,38,38,14,Train/14/00014_00003_00002.png
client_2,15670,39,39,5,5,34,34,10,Train/10/00010_00021_00010.png
client_2,5324,37,36,6,5,32,31,3,Train/3/00003_00009_00014.png
client_2,4479,36,36,5,6,31,31,2,Train/2/00002_00056_00009.png
client_2,22835,37,38,5,6,32,33,14,Train/14/00014_00007_00005.png
client_2,19383,53,54,5,6,48,49,12,Train/12/00012_00034_00003.png
client_2,16617,74,74,7,7,68,68,10,Train/10/00010_00052_00027.png
client_2,24284,70,70,6,6,64,64,16,Train/16/00016_00008_00014.png
client_2,13305,35,40,5,6,30,35,8,Train/8/00008_00038_00015.png
client_2,16476,31,31,5,5,26,26,10,Train/10/00010_00048_00006.png
client_2,15494,38,39,5,6,33,34,10,Train/10/00010_00015_00014.png
client_2,15655,47,48,5,6,42,43,10,Train/10/00010_00020_00025.png
client_2,15447,94,97,9,8,86,89,10,Train/10/00010_00013_00027.png
client_2,18811,35,37,5,5,30,32,12,Train/12/00012_00015_00001.png
client_2,18466,49,49,5,6,44,44,12,Train/12/00012_00003_00016.png
client_2,38518,135,128,11,12,124,117,40,Train/40/00040_00004_00029.png
client_2,8167,32,31,6,5,27,26,4,Train/4/00004_00057_00007.png
client_2,26370,28,28,6,6,23,23,18,Train/18/00018_00027_00000.png
client_2,18828,48,51,5,6,43,46,12,Train/12/00012_00015_00018.png
client_2,32095,101,92,9,8,93,84,31,Train/31/00031_00000_00025.png
client_2,26749,62,58,6,6,57,53,18,Train/18/00018_00039_00019.png
client_2,4689,32,31,6,5,27,26,2,Train/2/00002_00063_00009.png
client_2,35704,31,32,6,6,26,27,36,Train/36/00036_00010_00005.png
client_2,16627,42,42,5,5,37,37,10,Train/10/00010_00053_00007.png
client_2,33934,30,32,6,6,25,27,34,Train/34/00034_00005_00005.png
client_2,7424,40,41,6,6,35,36,4,Train/4/00004_00032_00014.png
client_2,15375,45,44,6,5,40,39,10,Train/10/00010_00011_00015.png
client_2,20637,97,98,8,8,89,90,13,Train/13/00013_00005_00027.png
client_2,23706,30,30,6,6,25,25,15,Train/15/00015_00010_00006.png
client_2,15562,46,45,6,5,41,40,10,Train/10/00010_00017_00022.png
client_2,33897,130,140,12,12,118,128,34,Train/34/00034_00003_00028.png
client_2,5098,53,53,6,5,48,47,3,Train/3/00003_00001_00028.png
client_2,15921,42,42,6,6,37,37,10,Train/10/00010_00029_00021.png
client_2,25974,73,74,6,7,67,68,18,Train/18/00018_00013_00024.png
client_2,12926,47,47,5,5,42,42,8,Train/8/00008_00025_00026.png
client_2,13534,28,30,5,5,23,25,8,Train/8/00008_00046_00004.png
client_2,26184,122,111,10,10,112,102,18,Train/18/00018_00020_00024.png
client_2,15466,42,43,5,6,37,38,10,Train/10/00010_00014_00016.png
client_2,39062,29,27,6,6,24,22,42,Train/42/00042_00003_00003.png
client_2,38212,64,68,6,7,59,62,39,Train/39/00039_00004_00023.png
client_2,25944,47,47,6,5,41,41,18,Train/18/00018_00012_00024.png
client_2,1834,34,36,5,6,29,31,1,Train/1/00001_00042_00004.png
client_2,23618,30,33,5,5,25,28,15,Train/15/00015_00007_00008.png
client_2,30925,84,75,7,7,77,69,28,Train/28/00028_00003_00025.png
client_2,16300,39,39,6,6,33,34,10,Train/10/00010_00042_00010.png
client_2,20378,39,35,6,5,34,30,12,Train/12/00012_00067_00008.png
client_2,33817,34,31,6,5,29,26,34,Train/34/00034_00001_00008.png
client_2,16413,29,28,6,5,23,22,10,Train/10/00010_00046_00003.png
client_2,16303,41,41,6,5,35,35,10,Train/10/00010_00042_00013.png
client_2,38262,33,33,6,5,28,27,39,Train/39/00039_00006_00013.png
client_2,12545,35,35,5,5,30,30,8,Train/8/00008_00013_00005.png
client_2,17711,65,58,6,6,60,53,11,Train/11/00011_00022_00011.png
client_2,4740,39,41,5,6,34,36,2,Train/2/00002_00065_00000.png
client_2,15626,85,84,8,7,78,77,10,Train/10/00010_00019_00026.png
client_2,16338,39,38,6,5,34,33,10,Train/10/00010_00043_00018.png
client_2,17560,36,36,5,6,31,31,11,Train/11/00011_00017_00010.png
client_2,21576,40,39,6,5,35,34,13,Train/13/00013_00037_00006.png
client_2,26087,46,41,6,6,41,36,18,Train/18/00018_00017_00017.png
client_2,15424,38,38,6,6,33,33,10,Train/10/00010_00013_00004.png
client_2,15810,26,27,6,6,21,21,10,Train/10/00010_00026_00000.png
client_2,26301,58,56,5,5,53,51,18,Train/18/00018_00024_00021.png
client_2,16181,32,33,5,6,27,28,10,Train/10/00010_00038_00011.png
client_2,16061,35,32,6,6,29,27,10,Train/10/00010_00034_00011.png
client_2,31285,76,68,6,6,70,62,28,Train/28/00028_00015_00025.png
client_2,22749,45,46,5,6,39,40,14,Train/14/00014_00004_00009.png
client_2,16334,34,33,6,5,29,28,10,Train/10/00010_00043_00014.png
client_2,16407,65,69,6,6,60,63,10,Train/10/00010_00045_00027.png
client_2,16172,28,28,5,5,23,23,10,Train/10/00010_00038_00002.png
client_2,18121,47,49,6,6,41,43,11,Train/11/00011_00036_00001.png
client_2,17917,56,51,5,5,51,46,11,Train/11/00011_00029_00007.png
client_2,26227,62,61,6,6,56,56,18,Train/18/00018_00022_00007.png
client_2,18993,39,41,5,5,34,36,12,Train/12/00012_00021_00003.png
client_2,19131,57,62,5,5,52,57,12,Train/12/00012_00025_00021.png
client_2,3176,110,104,10,10,101,95,2,Train/2/00002_00012_00026.png
client_2,16154,36,33,6,5,31,28,10,Train/10/00010_00037_00014.png
client_2,16096,42,40,5,6,37,35,10,Train/10/00010_00035_00016.png
client_2,3229,43,43,5,5,38,38,2,Train/2/00002_00014_00019.png
client_2,16810,38,38,6,6,33,33,10,Train/10/00010_00059_00010.png
client_2,26403,37,39,5,6,32,34,18,Train/18/00018_00028_00003.png
client_2,18509,36,32,6,6,30,26,12,Train/12/00012_00004_00029.png
client_2,21493,39,38,6,6,34,32,13,Train/13/00013_00034_00013.png
client_2,26408,40,42,5,6,35,37,18,Train/18/00018_00028_00008.png
client_2,13046,94,93,9,8,86,85,8,Train/8/00008_00029_00026.png
client_2,16796,59,59,6,5,54,54,10,Train/10/00010_00058_00026.png
client_2,26178,92,84,8,7,84,77,18,Train/18/00018_00020_00018.png
client_2,26275,88,81,8,7,81,73,18,Train/18/00018_00023_00025.png
client_2,16941,43,44,5,6,38,39,10,Train/10/00010_00063_00021.png
client_2,16621,36,35,6,6,31,30,10,Train/10/00010_00053_00001.png
client_2,16523,47,48,5,6,42,43,10,Train/10/00010_00049_00023.png
client_2,18365,31,31,6,5,25,26,12,Train/12/00012_00000_00005.png
client_2,32968,72,83,6,7,66,76,32,Train/32/00032_00003_00028.png
client_2,34090,35,41,5,6,30,36,34,Train/34/00034_00010_00011.png
client_2,25878,100,89,8,7,92,81,18,Train/18/00018_00010_00018.png
client_2,17543,93,83,9,8,84,76,11,Train/11/00011_00016_00023.png
client_2,16836,28,29,5,6,23,23,10,Train/10/00010_00060_00006.png
client_2,12505,63,62,6,5,58,57,8,Train/8/00008_00011_00025.png
client_2,26725,92,93,8,9,84,85,18,Train/18/00018_00038_00025.png
client_2,22139,165,144,14,13,151,132,13,Train/13/00013_00055_00029.png
client_2,15442,62,62,5,5,57,57,10,Train/10/00010_00013_00022.png
client_2,35803,41,42,5,6,36,37,37,Train/37/00037_00000_00014.png
client_2,26513,50,48,5,6,45,43,18,Train/18/00018_00031_00023.png
client_2,20786,79,74,7,6,72,68,13,Train/13/00013_00010_00026.png
client_2,17185,111,108,9,10,101,99,11,Train/11/00011_00004_00025.png
client_2,10120,35,36,5,6,30,31,5,Train/5/00005_00056_00010.png
client_2,19639,88,88,7,7,81,81,12,Train/12/00012_00042_00019.png
client_2,15282,37,37,6,6,32,32,10,Train/10/00010_00008_00012.png
client_2,19442,38,39,5,6,33,34,12,Train/12/00012_00036_00002.png
client_2,17143,49,43,6,5,43,38,11,Train/11/00011_00003_00013.png
client_2,38553,39,40,5,6,34,35,40,Train/40/00040_00006_00004.png
client_2,156,32,29,5,5,26,24,20,Train/20/00020_00005_00006.png
client_2,15489,34,35,5,5,29,30,10,Train/10/00010_00015_00009.png
client_2,15672,43,42,6,5,38,37,10,Train/10/00010_00021_00012.png
client_2,21227,53,50,5,6,48,45,13,Train/13/00013_00025_00017.png
client_2,12421,34,33,6,5,28,27,8,Train/8/00008_00009_00001.png
client_2,31242,48,46,6,6,42,40,28,Train/28/00028_00014_00012.png
client_2,13087,30,29,5,5,24,24,8,Train/8/00008_00031_00007.png
client_2,23080,42,41,6,5,37,36,14,Train/14/00014_00015_00010.png
client_2,15046,45,46,6,6,40,41,10,Train/10/00010_00000_00016.png
client_2,17474,47,44,6,5,42,38,11,Train/11/00011_00014_00014.png
client_2,22815,46,46,6,5,41,41,14,Train/14/00014_00006_00015.png
client_2,23742,48,55,5,6,43,50,15,Train/15/00015_00011_00012.png
client_2,38405,34,35,5,6,28,29,40,Train/40/00040_00001_00006.png
client_2,4775,36,40,6,6,31,35,2,Train/2/00002_00066_00005.png
client_2,16112,30,27,5,6,25,22,10,Train/10/00010_00036_00002.png
client_2,26508,47,43,6,6,42,38,18,Train/18/00018_00031_00018.png
client_2,15130,35,35,6,5,30,30,10,Train/10/00010_00003_00010.png
client_2,18277,39,37,6,6,34,32,11,Train/11/00011_00041_00007.png
client_2,4964,34,35,6,5,29,30,2,Train/2/00002_00072_00014.png
client_2,17501,32,31,5,5,27,26,11,Train/11/00011_00015_00011.png
client_2,33792,40,47,5,5,35,42,34,Train/34/00034_00000_00013.png
client_2,15613,42,42,5,5,37,37,10,Train/10/00010_00019_00013.png
client_2,19440,38,39,5,6,33,34,12,Train/12/00012_00036_00000.png
client_2,18143,83,82,8,7,75,74,11,Train/11/00011_00036_00023.png
client_2,15338,33,35,5,6,28,29,10,Train/10/00010_00010_00008.png
client_2,16253,50,50,5,6,45,45,10,Train/10/00010_00040_00023.png
client_2,17905,30,46,5,5,25,41,11,Train/11/00011_00028_00025.png
client_2,26148,63,63,6,6,58,58,18,Train/18/00018_00019_00018.png
client_2,16742,33,32,5,5,28,27,10,Train/10/00010_00057_00002.png
client_2,825,48,55,5,6,43,50,1,Train/1/00001_00008_00015.png
client_2,3085,115,108,10,10,105,99,2,Train/2/00002_00009_00025.png
client_2,31510,41,37,5,5,36,32,29,Train/29/00029_00005_00010.png
client_2,4279,43,43,5,6,37,38,2,Train/2/00002_00049_00019.png
client_2,30866,84,74,8,7,77,68,28,Train/28/00028_00001_00026.png
client_2,18392,31,28,5,5,26,23,12,Train/12/00012_00001_00002.png
client_2,19408,123,125,11,11,113,115,12,Train/12/00012_00034_00028.png
client_2,23633,41,45,5,6,36,40,15,Train/15/00015_00007_00023.png
client_2,21039,55,50,5,6,50,45,13,Train/13/00013_00019_00009.png
client_2,31204,44,46,5,6,39,40,28,Train/28/00028_00013_00004.png
client_2,20766,37,36,5,5,31,31,13,Train/13/00013_00010_00006.png
client_2,19721,54,54,6,6,49,49,12,Train/12/00012_00045_00011.png
client_2,20577,167,146,15,12,152,134,13,Train/13/00013_00003_00027.png
client_2,15139,40,41,6,6,35,36,10,Train/10/00010_00003_00019.png
